,Transacted Price ($),Dist to CBD in Km,Sale Months Since Sep 2025,Num MRT Within 1km,Num Hawker Within 1km,Num Malls Within 1km,Num Hospitals Within 5km,Num Schools Within 2km,Num Parks Within 1km,Floor_Level_Category,Type_of_Sale_Encoded,Property_Type_Encoded,Market_Segment_Encoded,Type_of_Area_Encoded
0,-0.03966792653366674,1.1679100318214901,-1.7641522674308354,-1.124287160857312,-0.5841212263087268,-1.0411415985818462,1.494138570142575,1.5062300827953725,0.10027031984283166,-0.4191677623606668,0.7159129334778092,-0.23204774044612855,1.5010989817577989,0.0
1,-0.1712390813430151,-0.6384933259182577,-1.7641522674308354,0.5279727549198818,0.18452495516262873,0.007655452930748742,-0.8130284392322452,-0.6718563426385925,0.10027031984283166,1.1099264713396355,0.7159129334778092,-0.23204774044612855,-0.6661785879229576,0.0
2,-0.15688586445472255,-0.7084312558394958,-1.707688770760131,-0.022780550339182755,0.18452495516262873,0.007655452930748742,-0.8130284392322452,-1.3978851511165808,0.10027031984283166,0.3453793544894844,0.7159129334778092,-0.23204774044612855,-0.6661785879229576,0.0
3,0.20194455775259113,0.039488187763736395,-1.707688770760131,-0.022780550339182755,0.18452495516262873,0.007655452930748742,1.494138570142575,0.7802012743173842,0.10027031984283166,-1.5659884376358935,0.7159129334778092,-0.23204774044612855,1.5010989817577989,0.0
4,-0.1903767038607385,-0.6384933259182577,-1.707688770760131,0.5279727549198818,0.18452495516262873,0.007655452930748742,-0.8130284392322452,-0.6718563426385925,0.10027031984283166,1.4922000297647111,0.7159129334778092,-0.23204774044612855,-0.6661785879229576,0.0
5,-0.2621427883022012,1.7830957914142482,-1.707688770760131,-1.124287160857312,-2.121413589251438,-1.0411415985818462,0.3405550654551648,1.5062300827953725,-2.247197484578898,-0.036894203935591174,0.7159129334778092,4.309458036856673,1.5010989817577989,0.0
6,-0.31955565585537143,-0.7084312558394958,-1.707688770760131,-0.022780550339182755,0.18452495516262873,0.007655452930748742,-0.8130284392322452,-1.3978851511165808,0.10027031984283166,0.3453793544894844,0.7159129334778092,-0.23204774044612855,-0.6661785879229576,0.0
7,-0.11382621378984491,-1.725662341073072,-1.707688770760131,2.7309859759561403,2.490463499576695,3.1540466074685334,0.3405550654551648,0.054172465839395875,2.447738124264561,1.1099264713396355,0.7159129334778092,-0.23204774044612855,-0.6661785879229576,0.0
8,-0.37792540453442774,-0.41986589121607065,-1.707688770760131,-1.124287160857312,-0.5841212263087268,0.007655452930748742,-0.8130284392322452,-0.6718563426385925,0.10027031984283166,-1.1837148792108179,0.7159129334778092,-0.23204774044612855,-0.6661785879229576,0.0
9,-0.4295969853322809,-0.6384933259182577,-1.707688770760131,0.5279727549198818,0.18452495516262873,0.007655452930748742,-0.8130284392322452,-0.6718563426385925,0.10027031984283166,1.4922000297647111,0.7159129334778092,-0.23204774044612855,-0.6661785879229576,0.0
10,-0.34347768400252565,-0.7084312558394958,-1.707688770760131,-0.022780550339182755,0.18452495516262873,0.007655452930748742,-0.8130284392322452,-1.3978851511165808,0.10027031984283166,0.3453793544894844,0.7159129334778092,-0.23204774044612855,-0.6661785879229576,0.0
11,-0.16645467571358424,1.4472523445360894,-1.707688770760131,-0.5735338555982474,-0.5841212263087268,-1.0411415985818462,0.3405550654551648,1.5062300827953725,-0.6822189482977449,-0.4191677623606668,0.7159129334778092,-0.23204774044612855,1.5010989817577989,0.0
12,-0.32434006148480227,-0.41986589121607065,-1.6512252740894264,-1.124287160857312,-0.5841212263087268,0.007655452930748742,-0.8130284392322452,-0.6718563426385925,0.10027031984283166,-1.1837148792108179,0.7159129334778092,-0.23204774044612855,-0.6661785879229576,0.0
13,-0.3817529290379724,-0.8375859574613138,-1.6512252740894264,1.629479365438011,1.7218173181053398,3.1540466074685334,2.647722074829985,1.5062300827953725,0.8827595879834081,-1.1837148792108179,0.7159129334778092,-0.23204774044612855,1.5010989817577989,0.0
14,0.02013714383421887,1.1679100318214901,-1.6512252740894264,-1.124287160857312,-0.5841212263087268,-1.0411415985818462,1.494138570142575,1.5062300827953725,0.10027031984283166,-1.1837148792108179,0.7159129334778092,-0.23204774044612855,1.5010989817577989,0.0
15,-0.0851197800132598,-1.356437982475979,-1.6512252740894264,2.180232670697076,0.9531711366339842,1.0564525044433437,0.3405550654551648,-0.6718563426385925,1.6652488561239847,1.8744735881897867,0.7159129334778092,-0.23204774044612855,-0.6661785879229576,0.0
16,-0.16167027008415338,-0.6384933259182577,-1.6512252740894264,0.5279727549198818,0.18452495516262873,0.007655452930748742,-0.8130284392322452,-0.6718563426385925,0.10027031984283166,1.8744735881897867,0.7159129334778092,-0.23204774044612855,-0.6661785879229576,0.0
17,-0.4056749571851267,1.382227644767766,-1.6512252740894264,-1.124287160857312,-0.5841212263087268,-1.0411415985818462,1.494138570142575,1.5062300827953725,-0.6822189482977449,-0.036894203935591174,0.7159129334778092,-0.23204774044612855,1.5010989817577989,0.0
18,-0.4104593628145575,-0.6384933259182577,-1.6512252740894264,0.5279727549198818,0.18452495516262873,0.007655452930748742,-0.8130284392322452,-0.6718563426385925,0.10027031984283166,2.2567471466148623,0.7159129334778092,-0.23204774044612855,-0.6661785879229576,0.0
19,-0.25831526379865655,2.0833860350465834,-1.6512252740894264,-1.6750404661163767,-2.121413589251438,-1.0411415985818462,0.3405550654551648,1.5062300827953725,-2.247197484578898,-0.036894203935591174,0.7159129334778092,-0.23204774044612855,1.5010989817577989,0.0
20,0.010568332575357171,1.7830957914142482,-1.6512252740894264,-1.124287160857312,-2.121413589251438,-1.0411415985818462,0.3405550654551648,1.5062300827953725,-2.247197484578898,-0.4191677623606668,0.7159129334778092,4.309458036856673,1.5010989817577989,0.0
21,-0.3291244671142331,-0.8041357400309,-1.6512252740894264,-0.022780550339182755,0.18452495516262873,0.007655452930748742,-0.8130284392322452,-0.6718563426385925,0.10027031984283166,0.72765291291456,0.7159129334778092,-0.23204774044612855,-0.6661785879229576,0.0
22,-0.40089055155569586,-0.7472533060317542,-1.594761777418722,0.5279727549198818,0.18452495516262873,0.007655452930748742,0.3405550654551648,-0.6718563426385925,0.10027031984283166,-0.036894203935591174,0.7159129334778092,-0.23204774044612855,-0.6661785879229576,0.0
23,-0.1903767038607385,-0.6384933259182577,-1.594761777418722,0.5279727549198818,0.18452495516262873,0.007655452930748742,-0.8130284392322452,-0.6718563426385925,0.10027031984283166,0.3453793544894844,0.7159129334778092,-0.23204774044612855,-0.6661785879229576,0.0
24,-0.1712390813430151,-0.6384933259182577,-1.594761777418722,0.5279727549198818,0.18452495516262873,0.007655452930748742,-0.8130284392322452,-0.6718563426385925,0.10027031984283166,0.3453793544894844,0.7159129334778092,-0.23204774044612855,-0.6661785879229576,0.0
25,-0.013353695571797074,1.7830957914142482,-1.594761777418722,-1.124287160857312,-2.121413589251438,-1.0411415985818462,0.3405550654551648,1.5062300827953725,-2.247197484578898,-0.4191677623606668,0.7159129334778092,4.309458036856673,1.5010989817577989,0.0
26,-0.03727572371895132,-1.356437982475979,-1.594761777418722,2.180232670697076,0.9531711366339842,1.0564525044433437,0.3405550654551648,-0.6718563426385925,1.6652488561239847,1.8744735881897867,0.7159129334778092,-0.23204774044612855,-0.6661785879229576,0.0
27,-0.34586988681724107,-0.7084312558394958,-1.594761777418722,-0.022780550339182755,0.18452495516262873,0.007655452930748742,-0.8130284392322452,-1.3978851511165808,0.10027031984283166,-0.036894203935591174,0.7159129334778092,-0.23204774044612855,-0.6661785879229576,0.0
28,-0.4367735937764272,2.0833860350465834,-1.594761777418722,-1.6750404661163767,-2.121413589251438,-1.0411415985818462,0.3405550654551648,1.5062300827953725,-2.247197484578898,-0.8014413207857424,0.7159129334778092,-0.23204774044612855,1.5010989817577989,0.0
29,0.17802252960543688,0.039488187763736395,-1.5382982807480174,-0.022780550339182755,0.18452495516262873,0.007655452930748742,1.494138570142575,0.7802012743173842,0.10027031984283166,-1.5659884376358935,0.7159129334778092,-0.23204774044612855,1.5010989817577989,0.0
30,0.02013714383421887,-0.7472533060317542,-1.5382982807480174,0.5279727549198818,0.18452495516262873,0.007655452930748742,0.3405550654551648,-0.6718563426385925,0.10027031984283166,1.1099264713396355,0.7159129334778092,-0.23204774044612855,-0.6661785879229576,0.0
31,-0.018138101201227923,1.7830957914142482,-1.5382982807480174,-1.124287160857312,-2.121413589251438,-1.0411415985818462,0.3405550654551648,1.5062300827953725,-2.247197484578898,-1.1837148792108179,0.7159129334778092,4.309458036856673,1.5010989817577989,0.0
32,-0.3554386980761028,-0.41986589121607065,-1.5382982807480174,-1.124287160857312,-0.5841212263087268,0.007655452930748742,-0.8130284392322452,-0.6718563426385925,0.10027031984283166,-1.1837148792108179,0.7159129334778092,-0.23204774044612855,-0.6661785879229576,0.0
33,1.986527857530298,-1.725662341073072,-1.5382982807480174,2.7309859759561403,2.490463499576695,3.1540466074685334,0.3405550654551648,0.054172465839395875,2.447738124264561,2.2567471466148623,0.7159129334778092,-0.23204774044612855,-0.6661785879229576,0.0
34,-0.379360726223257,1.382227644767766,-1.5382982807480174,-1.124287160857312,-0.5841212263087268,-1.0411415985818462,1.494138570142575,1.5062300827953725,-0.6822189482977449,-0.036894203935591174,0.7159129334778092,-0.23204774044612855,1.5010989817577989,0.0
35,-0.44873460785000435,2.0833860350465834,-1.5382982807480174,-1.6750404661163767,-2.121413589251438,-1.0411415985818462,0.3405550654551648,1.5062300827953725,-2.247197484578898,-1.5659884376358935,0.7159129334778092,-0.23204774044612855,1.5010989817577989,0.0
36,-0.4535190134794352,-0.6384933259182577,-1.5382982807480174,0.5279727549198818,0.18452495516262873,0.007655452930748742,-0.8130284392322452,-0.6718563426385925,0.10027031984283166,1.8744735881897867,0.7159129334778092,-0.23204774044612855,-0.6661785879229576,0.0
37,-0.458303419108866,-0.8041357400309,-1.5382982807480174,-0.022780550339182755,0.18452495516262873,0.007655452930748742,-0.8130284392322452,-0.6718563426385925,0.10027031984283166,1.1099264713396355,0.7159129334778092,-0.23204774044612855,-0.6661785879229576,0.0
38,1.0057247034969738,1.1679100318214901,-1.5382982807480174,-1.124287160857312,-0.5841212263087268,-1.0411415985818462,1.494138570142575,1.5062300827953725,0.10027031984283166,0.72765291291456,0.7159129334778092,-0.23204774044612855,1.5010989817577989,0.0
39,0.19237574649372943,1.7830957914142482,-1.481834784077313,-1.124287160857312,-2.121413589251438,-1.0411415985818462,0.3405550654551648,1.5062300827953725,-2.247197484578898,-0.4191677623606668,0.7159129334778092,4.309458036856673,1.5010989817577989,0.0
40,-0.38749421579328946,-0.7472533060317542,-1.481834784077313,0.5279727549198818,0.18452495516262873,0.007655452930748742,0.3405550654551648,-0.6718563426385925,0.10027031984283166,-0.4191677623606668,0.7159129334778092,-0.23204774044612855,-0.6661785879229576,0.0
41,-0.2812804108199246,1.1679100318214901,-1.481834784077313,-1.124287160857312,-0.5841212263087268,-1.0411415985818462,1.494138570142575,1.5062300827953725,0.10027031984283166,-1.1837148792108179,0.7159129334778092,-0.23204774044612855,1.5010989817577989,0.0
42,-0.1808078926018768,-0.7472533060317542,-1.481834784077313,0.5279727549198818,0.18452495516262873,0.007655452930748742,0.3405550654551648,-0.6718563426385925,0.10027031984283166,0.3453793544894844,0.7159129334778092,-0.23204774044612855,-0.6661785879229576,0.0
43,-0.3444345651284118,-0.7472533060317542,-1.481834784077313,0.5279727549198818,0.18452495516262873,0.007655452930748742,0.3405550654551648,-0.6718563426385925,0.10027031984283166,-1.1837148792108179,0.7159129334778092,-0.23204774044612855,-0.6661785879229576,0.0
44,-0.26692719393163206,-0.41986589121607065,-1.481834784077313,-1.124287160857312,-0.5841212263087268,0.007655452930748742,-0.8130284392322452,-0.6718563426385925,0.10027031984283166,0.3453793544894844,0.7159129334778092,-0.23204774044612855,-0.6661785879229576,0.0
45,-0.46404470586418306,1.4472523445360894,-1.481834784077313,-0.5735338555982474,-0.5841212263087268,-1.0411415985818462,0.3405550654551648,1.5062300827953725,-0.6822189482977449,-1.1837148792108179,0.7159129334778092,-0.23204774044612855,1.5010989817577989,0.0
46,-0.46601205345900504,1.4472523445360894,-1.481834784077313,-0.5735338555982474,-0.5841212263087268,-1.0411415985818462,0.3405550654551648,1.5062300827953725,-0.6822189482977449,-0.8014413207857424,0.7159129334778092,-0.23204774044612855,1.5010989817577989,0.0
47,0.15410050145828263,-0.41986589121607065,-1.481834784077313,-1.124287160857312,-0.5841212263087268,0.007655452930748742,-0.8130284392322452,-0.6718563426385925,0.10027031984283166,0.72765291291456,0.7159129334778092,-0.23204774044612855,-0.6661785879229576,0.0
48,-0.300418033337648,-0.8041357400309,-1.481834784077313,-0.022780550339182755,0.18452495516262873,0.007655452930748742,-0.8130284392322452,-0.6718563426385925,0.10027031984283166,1.4922000297647111,0.7159129334778092,-0.23204774044612855,-0.6661785879229576,0.0
49,-0.497535545270199,-0.6384933259182577,-1.481834784077313,0.5279727549198818,0.18452495516262873,0.007655452930748742,-0.8130284392322452,-0.6718563426385925,0.10027031984283166,-0.8014413207857424,0.7159129334778092,-0.23204774044612855,-0.6661785879229576,0.0
50,-0.4535190134794352,1.4472523445360894,-1.4253712874066085,-0.5735338555982474,-0.5841212263087268,-1.0411415985818462,0.3405550654551648,1.5062300827953725,-0.6822189482977449,-1.1837148792108179,0.7159129334778092,-0.23204774044612855,1.5010989817577989,0.0
51,-0.14731705319586086,0.3281208361498234,-1.4253712874066085,-0.022780550339182755,0.18452495516262873,0.007655452930748742,1.494138570142575,0.7802012743173842,0.10027031984283166,-0.8014413207857424,0.7159129334778092,-0.23204774044612855,1.5010989817577989,0.0
52,-0.3052024389670789,2.0833860350465834,-1.4253712874066085,-1.6750404661163767,-2.121413589251438,-1.0411415985818462,0.3405550654551648,1.5062300827953725,-2.247197484578898,-0.8014413207857424,0.7159129334778092,-0.23204774044612855,1.5010989817577989,0.0
53,-0.1808078926018768,1.382227644767766,-1.4253712874066085,-1.124287160857312,-0.5841212263087268,-1.0411415985818462,1.494138570142575,1.5062300827953725,-0.6822189482977449,-1.1837148792108179,0.7159129334778092,-0.23204774044612855,1.5010989817577989,0.0
54,-0.2406129629697624,1.1679100318214901,-1.4253712874066085,-1.124287160857312,-0.5841212263087268,-1.0411415985818462,1.494138570142575,1.5062300827953725,0.10027031984283166,-1.1837148792108179,0.7159129334778092,-0.23204774044612855,1.5010989817577989,0.0
55,-0.33922530427908754,-0.7472533060317542,-1.4253712874066085,0.5279727549198818,0.18452495516262873,0.007655452930748742,0.3405550654551648,-0.6718563426385925,0.10027031984283166,-0.036894203935591174,0.7159129334778092,-0.23204774044612855,-0.6661785879229576,0.0
56,-0.013353695571797074,-1.356437982475979,-1.4253712874066085,2.180232670697076,0.9531711366339842,1.0564525044433437,0.3405550654551648,-0.6718563426385925,1.6652488561239847,1.4922000297647111,0.7159129334778092,-0.23204774044612855,-0.6661785879229576,0.0
57,-0.03727572371895132,-0.7472533060317542,-1.4253712874066085,0.5279727549198818,0.18452495516262873,0.007655452930748742,0.3405550654551648,-0.6718563426385925,0.10027031984283166,1.4922000297647111,0.7159129334778092,-0.23204774044612855,-0.6661785879229576,0.0
58,-0.4248125797028501,-0.7472533060317542,-1.4253712874066085,0.5279727549198818,0.18452495516262873,0.007655452930748742,0.3405550654551648,-0.6718563426385925,0.10027031984283166,-1.1837148792108179,0.7159129334778092,-0.23204774044612855,-0.6661785879229576,0.0
59,-0.46787223036772774,-0.6384933259182577,-1.4253712874066085,0.5279727549198818,0.18452495516262873,0.007655452930748742,-0.8130284392322452,-0.6718563426385925,0.10027031984283166,-0.4191677623606668,0.7159129334778092,-0.23204774044612855,-0.6661785879229576,0.0
60,0.000999521316495474,1.1679100318214901,-1.4253712874066085,-1.124287160857312,-0.5841212263087268,-1.0411415985818462,1.494138570142575,1.5062300827953725,0.10027031984283166,0.3453793544894844,0.7159129334778092,-0.23204774044612855,1.5010989817577989,0.0
61,-0.300418033337648,2.0833860350465834,-1.4253712874066085,-1.6750404661163767,-2.121413589251438,-1.0411415985818462,0.3405550654551648,1.5062300827953725,-2.247197484578898,-0.8014413207857424,0.7159129334778092,-0.23204774044612855,1.5010989817577989,0.0
62,1.4363212101457503,-1.725662341073072,-1.4253712874066085,2.7309859759561403,2.490463499576695,3.1540466074685334,0.3405550654551648,0.054172465839395875,2.447738124264561,1.8744735881897867,0.7159129334778092,-0.23204774044612855,-0.6661785879229576,0.0
63,-0.4535190134794352,-0.6384933259182577,-1.4253712874066085,0.5279727549198818,0.18452495516262873,0.007655452930748742,-0.8130284392322452,-0.6718563426385925,0.10027031984283166,1.1099264713396355,0.7159129334778092,-0.23204774044612855,-0.6661785879229576,0.0
64,-0.4319891881469964,2.0833860350465834,-1.4253712874066085,-1.6750404661163767,-2.121413589251438,-1.0411415985818462,0.3405550654551648,1.5062300827953725,-2.247197484578898,-0.8014413207857424,0.7159129334778092,-0.23204774044612855,1.5010989817577989,0.0
65,-0.3099868445965097,1.7830957914142482,-1.4253712874066085,-1.124287160857312,-2.121413589251438,-1.0411415985818462,0.3405550654551648,1.5062300827953725,-2.247197484578898,-1.1837148792108179,0.7159129334778092,4.309458036856673,1.5010989817577989,0.0
66,-0.27601756462755067,-0.8041357400309,-1.4253712874066085,-0.022780550339182755,0.18452495516262873,0.007655452930748742,-0.8130284392322452,-0.6718563426385925,0.10027031984283166,1.4922000297647111,0.7159129334778092,-0.23204774044612855,-0.6661785879229576,0.0
67,-0.283194173071697,-0.8041357400309,-1.4253712874066085,-0.022780550339182755,0.18452495516262873,0.007655452930748742,-0.8130284392322452,-0.6718563426385925,0.10027031984283166,1.1099264713396355,0.7159129334778092,-0.23204774044612855,-0.6661785879229576,0.0
68,0.3072014816000698,-0.6384933259182577,-1.4253712874066085,0.5279727549198818,0.18452495516262873,0.007655452930748742,-0.8130284392322452,-0.6718563426385925,0.10027031984283166,3.0212942634650135,0.7159129334778092,-0.23204774044612855,-0.6661785879229576,0.0
69,-0.25831526379865655,-0.7084312558394958,-1.4253712874066085,-0.022780550339182755,0.18452495516262873,0.007655452930748742,-0.8130284392322452,-1.3978851511165808,0.10027031984283166,0.3453793544894844,0.7159129334778092,-0.23204774044612855,-0.6661785879229576,0.0
70,0.010568332575357171,-0.7472533060317542,-1.368907790735904,0.5279727549198818,0.18452495516262873,0.007655452930748742,0.3405550654551648,-0.6718563426385925,0.10027031984283166,0.72765291291456,0.7159129334778092,-0.23204774044612855,-0.6661785879229576,0.0
71,-0.32434006148480227,1.1679100318214901,-1.368907790735904,-1.124287160857312,-0.5841212263087268,-1.0411415985818462,1.494138570142575,1.5062300827953725,0.10027031984283166,-1.1837148792108179,0.7159129334778092,-0.23204774044612855,1.5010989817577989,0.0
72,0.5980933438694654,-1.725662341073072,-1.368907790735904,2.7309859759561403,2.490463499576695,3.1540466074685334,0.3405550654551648,0.054172465839395875,2.447738124264561,2.639020705039938,0.7159129334778092,-0.23204774044612855,-0.6661785879229576,0.0
73,-0.1808078926018768,-0.6384933259182577,-1.368907790735904,0.5279727549198818,0.18452495516262873,0.007655452930748742,-0.8130284392322452,-0.6718563426385925,0.10027031984283166,0.3453793544894844,0.7159129334778092,-0.23204774044612855,-0.6661785879229576,0.0
74,-0.4104593628145575,-1.356437982475979,-1.368907790735904,2.180232670697076,0.9531711366339842,1.0564525044433437,0.3405550654551648,-0.6718563426385925,1.6652488561239847,1.4922000297647111,0.7159129334778092,-0.23204774044612855,-0.6661785879229576,0.0
75,0.578955721351742,-1.725662341073072,-1.368907790735904,2.7309859759561403,2.490463499576695,3.1540466074685334,0.3405550654551648,0.054172465839395875,2.447738124264561,2.639020705039938,0.7159129334778092,-0.23204774044612855,-0.6661785879229576,0.0
76,-0.2764960051904938,2.0833860350465834,-1.368907790735904,-1.6750404661163767,-2.121413589251438,-1.0411415985818462,0.3405550654551648,1.5062300827953725,-2.247197484578898,-0.4191677623606668,0.7159129334778092,-0.23204774044612855,1.5010989817577989,0.0
77,-0.05641334623667471,1.1679100318214901,-1.368907790735904,-1.124287160857312,-0.5841212263087268,-1.0411415985818462,1.494138570142575,1.5062300827953725,0.10027031984283166,-1.1837148792108179,0.7159129334778092,-0.23204774044612855,1.5010989817577989,0.0
78,-0.28606481644935544,1.7830957914142482,-1.368907790735904,-1.124287160857312,-2.121413589251438,-1.0411415985818462,0.3405550654551648,1.5062300827953725,-2.247197484578898,-0.8014413207857424,0.7159129334778092,4.309458036856673,1.5010989817577989,0.0
79,0.1363982006293885,-0.10775504886584117,-1.368907790735904,-0.022780550339182755,0.18452495516262873,0.007655452930748742,-0.8130284392322452,-0.6718563426385925,0.10027031984283166,-0.036894203935591174,-1.3968178995483904,-0.23204774044612855,-0.6661785879229576,0.0
80,-0.02292250683065877,-0.7472533060317542,-1.368907790735904,0.5279727549198818,0.18452495516262873,0.007655452930748742,0.3405550654551648,-0.6718563426385925,0.10027031984283166,-0.4191677623606668,0.7159129334778092,-0.23204774044612855,-0.6661785879229576,0.0
81,4.842818018300515,-0.10775504886584117,-1.368907790735904,-0.022780550339182755,0.18452495516262873,0.007655452930748742,-0.8130284392322452,-0.6718563426385925,0.10027031984283166,0.72765291291456,-1.3968178995483904,-0.23204774044612855,-0.6661785879229576,0.0
82,1.254513796227378,-0.10775504886584117,-1.368907790735904,-0.022780550339182755,0.18452495516262873,0.007655452930748742,-0.8130284392322452,-0.6718563426385925,0.10027031984283166,0.72765291291456,-1.3968178995483904,-0.23204774044612855,-0.6661785879229576,0.0
83,1.637266246581846,-0.10775504886584117,-1.368907790735904,-0.022780550339182755,0.18452495516262873,0.007655452930748742,-0.8130284392322452,-0.6718563426385925,0.10027031984283166,0.72765291291456,-1.3968178995483904,-0.23204774044612855,-0.6661785879229576,0.0
84,-0.1903767038607385,-1.356437982475979,-1.368907790735904,2.180232670697076,0.9531711366339842,1.0564525044433437,0.3405550654551648,-0.6718563426385925,1.6652488561239847,1.8744735881897867,0.7159129334778092,-0.23204774044612855,-0.6661785879229576,0.0
85,-0.2693193967463475,1.7830957914142482,-1.368907790735904,-1.124287160857312,-2.121413589251438,-1.0411415985818462,0.3405550654551648,1.5062300827953725,-2.247197484578898,0.3453793544894844,0.7159129334778092,4.309458036856673,1.5010989817577989,0.0
86,-0.1903767038607385,1.4472523445360894,-1.3124442940651995,-0.5735338555982474,-0.5841212263087268,-1.0411415985818462,0.3405550654551648,1.5062300827953725,-0.6822189482977449,0.72765291291456,0.7159129334778092,-0.23204774044612855,1.5010989817577989,0.0
87,-0.05402114342195929,-0.10775504886584117,-1.3124442940651995,-0.022780550339182755,0.18452495516262873,0.007655452930748742,-0.8130284392322452,-0.6718563426385925,0.10027031984283166,0.3453793544894844,-1.3968178995483904,-0.23204774044612855,-0.6661785879229576,0.0
88,0.050278899299633216,-0.10775504886584117,-1.3124442940651995,-0.022780550339182755,0.18452495516262873,0.007655452930748742,-0.8130284392322452,-0.6718563426385925,0.10027031984283166,0.3453793544894844,-1.3968178995483904,-0.23204774044612855,-0.6661785879229576,0.0
89,-0.31477125022594055,-0.10775504886584117,-1.3124442940651995,-0.022780550339182755,0.18452495516262873,0.007655452930748742,-0.8130284392322452,-0.6718563426385925,0.10027031984283166,-1.1837148792108179,,-0.23204774044612855,-0.6661785879229576,0.0
90,-0.31716345304065596,-0.10775504886584117,-1.3124442940651995,-0.022780550339182755,0.18452495516262873,0.007655452930748742,-0.8130284392322452,-0.6718563426385925,0.10027031984283166,-1.1837148792108179,,-0.23204774044612855,-0.6661785879229576,0.0
91,-0.2525739770433395,-0.41986589121607065,-1.3124442940651995,-1.124287160857312,-0.5841212263087268,0.007655452930748742,-0.8130284392322452,-0.6718563426385925,0.10027031984283166,0.3453793544894844,0.7159129334778092,-0.23204774044612855,-0.6661785879229576,0.0
92,-0.4449070833464597,2.0833860350465834,-1.3124442940651995,-1.6750404661163767,-2.121413589251438,-1.0411415985818462,0.3405550654551648,1.5062300827953725,-2.247197484578898,-1.1837148792108179,0.7159129334778092,-0.23204774044612855,1.5010989817577989,0.0
93,-0.46744737514783424,1.4472523445360894,-1.3124442940651995,-0.5735338555982474,-0.5841212263087268,-1.0411415985818462,0.3405550654551648,1.5062300827953725,-0.6822189482977449,-0.8014413207857424,0.7159129334778092,-0.23204774044612855,1.5010989817577989,0.0
94,-0.3482620896319565,-0.8041357400309,-1.3124442940651995,-0.022780550339182755,0.18452495516262873,0.007655452930748742,-0.8130284392322452,-0.6718563426385925,0.10027031984283166,0.3453793544894844,0.7159129334778092,-0.23204774044612855,-0.6661785879229576,0.0
95,0.41724281107697936,1.1679100318214901,-1.3124442940651995,-1.124287160857312,-0.5841212263087268,-1.0411415985818462,1.494138570142575,1.5062300827953725,0.10027031984283166,0.3453793544894844,0.7159129334778092,-0.23204774044612855,1.5010989817577989,0.0
96,-0.03727572371895132,-0.10775504886584117,-1.3124442940651995,-0.022780550339182755,0.18452495516262873,0.007655452930748742,-0.8130284392322452,-0.6718563426385925,0.10027031984283166,-0.036894203935591174,-1.3968178995483904,-0.23204774044612855,-0.6661785879229576,0.0
97,-0.25831526379865655,-0.10775504886584117,-1.3124442940651995,-0.022780550339182755,0.18452495516262873,0.007655452930748742,-0.8130284392322452,-0.6718563426385925,0.10027031984283166,0.3453793544894844,-1.3968178995483904,-0.23204774044612855,-0.6661785879229576,0.0
98,0.1971601521231603,1.7830957914142482,-1.3124442940651995,-1.124287160857312,-2.121413589251438,-1.0411415985818462,0.3405550654551648,1.5062300827953725,-2.247197484578898,-0.036894203935591174,0.7159129334778092,4.309458036856673,1.5010989817577989,0.0
99,0.6770360367550744,-0.10775504886584117,-1.3124442940651995,-0.022780550339182755,0.18452495516262873,0.007655452930748742,-0.8130284392322452,-0.6718563426385925,0.10027031984283166,-0.4191677623606668,-1.3968178995483904,-0.23204774044612855,-0.6661785879229576,0.0
100,-0.00809084937942314,-0.10775504886584117,-1.3124442940651995,-0.022780550339182755,0.18452495516262873,0.007655452930748742,-0.8130284392322452,-0.6718563426385925,0.10027031984283166,-0.036894203935591174,-1.3968178995483904,-0.23204774044612855,-0.6661785879229576,0.0
101,0.1076917668528034,-0.10775504886584117,-1.3124442940651995,-0.022780550339182755,0.18452495516262873,0.007655452930748742,-0.8130284392322452,-0.6718563426385925,0.10027031984283166,0.3453793544894844,-1.3968178995483904,-0.23204774044612855,-0.6661785879229576,0.0
102,-0.42576946082873623,2.0833860350465834,-1.3124442940651995,-1.6750404661163767,-2.121413589251438,-1.0411415985818462,0.3405550654551648,1.5062300827953725,-2.247197484578898,-0.4191677623606668,0.7159129334778092,-0.23204774044612855,1.5010989817577989,0.0
103,0.781336079476667,-0.10775504886584117,-1.3124442940651995,-0.022780550339182755,0.18452495516262873,0.007655452930748742,-0.8130284392322452,-0.6718563426385925,0.10027031984283166,0.3453793544894844,-1.3968178995483904,-0.23204774044612855,-0.6661785879229576,0.0
104,-0.497535545270199,-0.6384933259182577,-1.3124442940651995,0.5279727549198818,0.18452495516262873,0.007655452930748742,-0.8130284392322452,-0.6718563426385925,0.10027031984283166,-0.8014413207857424,0.7159129334778092,-0.23204774044612855,-0.6661785879229576,0.0
105,0.11773901867460819,-0.10775504886584117,-1.3124442940651995,-0.022780550339182755,0.18452495516262873,0.007655452930748742,-0.8130284392322452,-0.6718563426385925,0.10027031984283166,0.3453793544894844,-1.3968178995483904,-0.23204774044612855,-0.6661785879229576,0.0
106,-0.041103248222495996,-0.10775504886584117,-1.3124442940651995,-0.022780550339182755,0.18452495516262873,0.007655452930748742,-0.8130284392322452,-0.6718563426385925,0.10027031984283166,0.72765291291456,-1.3968178995483904,-0.23204774044612855,-0.6661785879229576,0.0
107,0.10099359897160022,-0.10775504886584117,-1.3124442940651995,-0.022780550339182755,0.18452495516262873,0.007655452930748742,-0.8130284392322452,-0.6718563426385925,0.10027031984283166,-0.036894203935591174,-1.3968178995483904,-0.23204774044612855,-0.6661785879229576,0.0
108,0.13400599781467307,-0.10775504886584117,-1.3124442940651995,-0.022780550339182755,0.18452495516262873,0.007655452930748742,-0.8130284392322452,-0.6718563426385925,0.10027031984283166,-0.036894203935591174,-1.3968178995483904,-0.23204774044612855,-0.6661785879229576,0.0
109,0.10338580178631564,-0.10775504886584117,-1.3124442940651995,-0.022780550339182755,0.18452495516262873,0.007655452930748742,-0.8130284392322452,-0.6718563426385925,0.10027031984283166,-0.036894203935591174,-1.3968178995483904,-0.23204774044612855,-0.6661785879229576,0.0
110,0.10338580178631564,-0.10775504886584117,-1.3124442940651995,-0.022780550339182755,0.18452495516262873,0.007655452930748742,-0.8130284392322452,-0.6718563426385925,0.10027031984283166,-0.036894203935591174,-1.3968178995483904,-0.23204774044612855,-0.6661785879229576,0.0
111,0.7440177155671063,-0.10775504886584117,-1.3124442940651995,-0.022780550339182755,0.18452495516262873,0.007655452930748742,-0.8130284392322452,-0.6718563426385925,0.10027031984283166,-0.036894203935591174,-1.3968178995483904,-0.23204774044612855,-0.6661785879229576,0.0
112,-0.060240870740219395,-0.10775504886584117,-1.3124442940651995,-0.022780550339182755,0.18452495516262873,0.007655452930748742,-0.8130284392322452,-0.6718563426385925,0.10027031984283166,-0.036894203935591174,-1.3968178995483904,-0.23204774044612855,-0.6661785879229576,0.0
113,0.10577800460103107,-0.10775504886584117,-1.3124442940651995,-0.022780550339182755,0.18452495516262873,0.007655452930748742,-0.8130284392322452,-0.6718563426385925,0.10027031984283166,-0.036894203935591174,-1.3968178995483904,-0.23204774044612855,-0.6661785879229576,0.0
114,0.7717672682178053,-0.10775504886584117,-1.3124442940651995,-0.022780550339182755,0.18452495516262873,0.007655452930748742,-0.8130284392322452,-0.6718563426385925,0.10027031984283166,-0.036894203935591174,-1.3968178995483904,-0.23204774044612855,-0.6661785879229576,0.0
115,-0.06358995468082099,-0.10775504886584117,-1.3124442940651995,-0.022780550339182755,0.18452495516262873,0.007655452930748742,-0.8130284392322452,-0.6718563426385925,0.10027031984283166,0.3453793544894844,-1.3968178995483904,-0.23204774044612855,-0.6661785879229576,0.0
116,0.1081702074157465,-0.10775504886584117,-1.3124442940651995,-0.022780550339182755,0.18452495516262873,0.007655452930748742,-0.8130284392322452,-0.6718563426385925,0.10027031984283166,0.3453793544894844,-1.3968178995483904,-0.23204774044612855,-0.6661785879229576,0.0
117,0.7741594710325207,-0.10775504886584117,-1.3124442940651995,-0.022780550339182755,0.18452495516262873,0.007655452930748742,-0.8130284392322452,-0.6718563426385925,0.10027031984283166,0.3453793544894844,-1.3968178995483904,-0.23204774044612855,-0.6661785879229576,0.0
118,-0.05545646511078854,-0.10775504886584117,-1.3124442940651995,-0.022780550339182755,0.18452495516262873,0.007655452930748742,-0.8130284392322452,-0.6718563426385925,0.10027031984283166,0.3453793544894844,-1.3968178995483904,-0.23204774044612855,-0.6661785879229576,0.0
119,-0.019573422890057177,-0.10775504886584117,-1.3124442940651995,-0.022780550339182755,0.18452495516262873,0.007655452930748742,-0.8130284392322452,-0.6718563426385925,0.10027031984283166,0.3453793544894844,-1.3968178995483904,-0.23204774044612855,-0.6661785879229576,0.0
120,-0.061197751866105564,-0.10775504886584117,-1.3124442940651995,-0.022780550339182755,0.18452495516262873,0.007655452930748742,-0.8130284392322452,-0.6718563426385925,0.10027031984283166,0.3453793544894844,-1.3968178995483904,-0.23204774044612855,-0.6661785879229576,0.0
121,0.14118260625881934,-0.10775504886584117,-1.3124442940651995,-0.022780550339182755,0.18452495516262873,0.007655452930748742,-0.8130284392322452,-0.6718563426385925,0.10027031984283166,0.3453793544894844,-1.3968178995483904,-0.23204774044612855,-0.6661785879229576,0.0
122,0.058890829432608746,-0.10775504886584117,-1.3124442940651995,-0.022780550339182755,0.18452495516262873,0.007655452930748742,-0.8130284392322452,-0.6718563426385925,0.10027031984283166,0.3453793544894844,-1.3968178995483904,-0.23204774044612855,-0.6661785879229576,0.0
123,0.11056241023046191,-0.10775504886584117,-1.3124442940651995,-0.022780550339182755,0.18452495516262873,0.007655452930748742,-0.8130284392322452,-0.6718563426385925,0.10027031984283166,0.3453793544894844,-1.3968178995483904,-0.23204774044612855,-0.6661785879229576,0.0
124,0.7765516738472361,-0.10775504886584117,-1.3124442940651995,-0.022780550339182755,0.18452495516262873,0.007655452930748742,-0.8130284392322452,-0.6718563426385925,0.10027031984283166,0.3453793544894844,-1.3968178995483904,-0.23204774044612855,-0.6661785879229576,0.0
125,-0.01718122007534175,-0.10775504886584117,-1.3124442940651995,-0.022780550339182755,0.18452495516262873,0.007655452930748742,-0.8130284392322452,-0.6718563426385925,0.10027031984283166,0.3453793544894844,-1.3968178995483904,-0.23204774044612855,-0.6661785879229576,0.0
126,0.1435748090735348,-0.10775504886584117,-1.3124442940651995,-0.022780550339182755,0.18452495516262873,0.007655452930748742,-0.8130284392322452,-0.6718563426385925,0.10027031984283166,0.3453793544894844,-1.3968178995483904,-0.23204774044612855,-0.6661785879229576,0.0
127,0.06128303224732417,-0.10775504886584117,-1.3124442940651995,-0.022780550339182755,0.18452495516262873,0.007655452930748742,-0.8130284392322452,-0.6718563426385925,0.10027031984283166,0.3453793544894844,-1.3968178995483904,-0.23204774044612855,-0.6661785879229576,0.0
128,0.11295461304517734,-0.10775504886584117,-1.3124442940651995,-0.022780550339182755,0.18452495516262873,0.007655452930748742,-0.8130284392322452,-0.6718563426385925,0.10027031984283166,0.3453793544894844,-1.3968178995483904,-0.23204774044612855,-0.6661785879229576,0.0
129,0.7789438766619515,-0.10775504886584117,-1.3124442940651995,-0.022780550339182755,0.18452495516262873,0.007655452930748742,-0.8130284392322452,-0.6718563426385925,0.10027031984283166,0.3453793544894844,-1.3968178995483904,-0.23204774044612855,-0.6661785879229576,0.0
130,-0.050672059481357695,-0.10775504886584117,-1.3124442940651995,-0.022780550339182755,0.18452495516262873,0.007655452930748742,-0.8130284392322452,-0.6718563426385925,0.10027031984283166,0.3453793544894844,-1.3968178995483904,-0.23204774044612855,-0.6661785879229576,0.0
131,-0.014789017260626328,-0.10775504886584117,-1.3124442940651995,-0.022780550339182755,0.18452495516262873,0.007655452930748742,-0.8130284392322452,-0.6718563426385925,0.10027031984283166,0.3453793544894844,-1.3968178995483904,-0.23204774044612855,-0.6661785879229576,0.0
132,-0.05641334623667471,-0.10775504886584117,-1.3124442940651995,-0.022780550339182755,0.18452495516262873,0.007655452930748742,-0.8130284392322452,-0.6718563426385925,0.10027031984283166,0.3453793544894844,-1.3968178995483904,-0.23204774044612855,-0.6661785879229576,0.0
133,0.1459670118882502,-0.10775504886584117,-1.3124442940651995,-0.022780550339182755,0.18452495516262873,0.007655452930748742,-0.8130284392322452,-0.6718563426385925,0.10027031984283166,0.3453793544894844,-1.3968178995483904,-0.23204774044612855,-0.6661785879229576,0.0
134,0.11534681585989276,-0.10775504886584117,-1.3124442940651995,-0.022780550339182755,0.18452495516262873,0.007655452930748742,-0.8130284392322452,-0.6718563426385925,0.10027031984283166,0.3453793544894844,-1.3968178995483904,-0.23204774044612855,-0.6661785879229576,0.0
135,0.11534681585989276,-0.10775504886584117,-1.3124442940651995,-0.022780550339182755,0.18452495516262873,0.007655452930748742,-0.8130284392322452,-0.6718563426385925,0.10027031984283166,0.3453793544894844,-1.3968178995483904,-0.23204774044612855,-0.6661785879229576,0.0
136,-0.2702762778722337,-0.10775504886584117,-1.3124442940651995,-0.022780550339182755,0.18452495516262873,0.007655452930748742,-0.8130284392322452,-0.6718563426385925,0.10027031984283166,0.3453793544894844,-1.3968178995483904,-0.23204774044612855,-0.6661785879229576,0.0
137,-0.012396814445910903,-0.10775504886584117,-1.3124442940651995,-0.022780550339182755,0.18452495516262873,0.007655452930748742,-0.8130284392322452,-0.6718563426385925,0.10027031984283166,0.3453793544894844,-1.3968178995483904,-0.23204774044612855,-0.6661785879229576,0.0
138,0.14835921470296562,-0.10775504886584117,-1.3124442940651995,-0.022780550339182755,0.18452495516262873,0.007655452930748742,-0.8130284392322452,-0.6718563426385925,0.10027031984283166,0.3453793544894844,-1.3968178995483904,-0.23204774044612855,-0.6661785879229576,0.0
139,0.06367523506203959,-0.10775504886584117,-1.3124442940651995,-0.022780550339182755,0.18452495516262873,0.007655452930748742,-0.8130284392322452,-0.6718563426385925,0.10027031984283166,0.3453793544894844,-1.3968178995483904,-0.23204774044612855,-0.6661785879229576,0.0
140,-0.04588765385192685,-0.10775504886584117,-1.3124442940651995,-0.022780550339182755,0.18452495516262873,0.007655452930748742,-0.8130284392322452,-0.6718563426385925,0.10027031984283166,0.72765291291456,-1.3968178995483904,-0.23204774044612855,-0.6661785879229576,0.0
141,-0.023400947393601854,-0.10775504886584117,-1.3124442940651995,-0.022780550339182755,0.18452495516262873,0.007655452930748742,-0.8130284392322452,-0.6718563426385925,0.10027031984283166,0.72765291291456,-1.3968178995483904,-0.23204774044612855,-0.6661785879229576,0.0
142,-0.010004611631195478,-0.10775504886584117,-1.3124442940651995,-0.022780550339182755,0.18452495516262873,0.007655452930748742,-0.8130284392322452,-0.6718563426385925,0.10027031984283166,0.72765291291456,-1.3968178995483904,-0.23204774044612855,-0.6661785879229576,0.0
143,-0.051628940607243864,-0.10775504886584117,-1.3124442940651995,-0.022780550339182755,0.18452495516262873,0.007655452930748742,-0.8130284392322452,-0.6718563426385925,0.10027031984283166,0.72765291291456,-1.3968178995483904,-0.23204774044612855,-0.6661785879229576,0.0
144,0.15075141751768104,-0.10775504886584117,-1.3124442940651995,-0.022780550339182755,0.18452495516262873,0.007655452930748742,-0.8130284392322452,-0.6718563426385925,0.10027031984283166,0.72765291291456,-1.3968178995483904,-0.23204774044612855,-0.6661785879229576,0.0
145,0.12013122148932362,-0.10775504886584117,-1.3124442940651995,-0.022780550339182755,0.18452495516262873,0.007655452930748742,-0.8130284392322452,-0.6718563426385925,0.10027031984283166,0.72765291291456,-1.3968178995483904,-0.23204774044612855,-0.6661785879229576,0.0
146,0.12013122148932362,-0.10775504886584117,-1.3124442940651995,-0.022780550339182755,0.18452495516262873,0.007655452930748742,-0.8130284392322452,-0.6718563426385925,0.10027031984283166,0.72765291291456,-1.3968178995483904,-0.23204774044612855,-0.6661785879229576,0.0
147,0.7861204851060978,-0.10775504886584117,-1.3124442940651995,-0.022780550339182755,0.18452495516262873,0.007655452930748742,-0.8130284392322452,-0.6718563426385925,0.10027031984283166,0.72765291291456,-1.3968178995483904,-0.23204774044612855,-0.6661785879229576,0.0
148,-0.04349545103721142,-0.10775504886584117,-1.3124442940651995,-0.022780550339182755,0.18452495516262873,0.007655452930748742,-0.8130284392322452,-0.6718563426385925,0.10027031984283166,0.72765291291456,-1.3968178995483904,-0.23204774044612855,-0.6661785879229576,0.0
149,-0.02100874457888643,-0.10775504886584117,-1.3124442940651995,-0.022780550339182755,0.18452495516262873,0.007655452930748742,-0.8130284392322452,-0.6718563426385925,0.10027031984283166,0.72765291291456,-1.3968178995483904,-0.23204774044612855,-0.6661785879229576,0.0
150,-0.27410380237577836,-0.10775504886584117,-1.3124442940651995,-0.022780550339182755,0.18452495516262873,0.007655452930748742,-0.8130284392322452,-0.6718563426385925,0.10027031984283166,0.72765291291456,-1.3968178995483904,-0.23204774044612855,-0.6661785879229576,0.0
151,-0.255444620420998,-0.10775504886584117,-1.3124442940651995,-0.022780550339182755,0.18452495516262873,0.007655452930748742,-0.8130284392322452,-0.6718563426385925,0.10027031984283166,0.72765291291456,-1.3968178995483904,-0.23204774044612855,-0.6661785879229576,0.0
152,-0.2654918722428028,-0.10775504886584117,-1.3124442940651995,-0.022780550339182755,0.18452495516262873,0.007655452930748742,-0.8130284392322452,-0.6718563426385925,0.10027031984283166,0.72765291291456,-1.3968178995483904,-0.23204774044612855,-0.6661785879229576,0.0
153,-0.007612408816480054,-0.10775504886584117,-1.3124442940651995,-0.022780550339182755,0.18452495516262873,0.007655452930748742,-0.8130284392322452,-0.6718563426385925,0.10027031984283166,0.72765291291456,-1.3968178995483904,-0.23204774044612855,-0.6661785879229576,0.0
154,0.15314362033239648,-0.10775504886584117,-1.3124442940651995,-0.022780550339182755,0.18452495516262873,0.007655452930748742,-0.8130284392322452,-0.6718563426385925,0.10027031984283166,0.72765291291456,-1.3968178995483904,-0.23204774044612855,-0.6661785879229576,0.0
155,0.12252342430403904,-0.10775504886584117,-1.3124442940651995,-0.022780550339182755,0.18452495516262873,0.007655452930748742,-0.8130284392322452,-0.6718563426385925,0.10027031984283166,0.72765291291456,-1.3968178995483904,-0.23204774044612855,-0.6661785879229576,0.0
156,0.12252342430403904,-0.10775504886584117,-1.3124442940651995,-0.022780550339182755,0.18452495516262873,0.007655452930748742,-0.8130284392322452,-0.6718563426385925,0.10027031984283166,0.72765291291456,-1.3968178995483904,-0.23204774044612855,-0.6661785879229576,0.0
157,0.7885126879208132,-0.10775504886584117,-1.3124442940651995,-0.022780550339182755,0.18452495516262873,0.007655452930748742,-0.8130284392322452,-0.6718563426385925,0.10027031984283166,0.72765291291456,-1.3968178995483904,-0.23204774044612855,-0.6661785879229576,0.0
158,-0.018616541764171008,-0.10775504886584117,-1.3124442940651995,-0.022780550339182755,0.18452495516262873,0.007655452930748742,-0.8130284392322452,-0.6718563426385925,0.10027031984283166,0.72765291291456,-1.3968178995483904,-0.23204774044612855,-0.6661785879229576,0.0
159,-0.2530524176062826,-0.10775504886584117,-1.3124442940651995,-0.022780550339182755,0.18452495516262873,0.007655452930748742,-0.8130284392322452,-0.6718563426385925,0.10027031984283166,0.72765291291456,-1.3968178995483904,-0.23204774044612855,-0.6661785879229576,0.0
160,-0.00522020600176463,-0.10775504886584117,-1.3124442940651995,-0.022780550339182755,0.18452495516262873,0.007655452930748742,-0.8130284392322452,-0.6718563426385925,0.10027031984283166,0.72765291291456,-1.3968178995483904,-0.23204774044612855,-0.6661785879229576,0.0
161,-0.04684453497781302,-0.10775504886584117,-1.3124442940651995,-0.022780550339182755,0.18452495516262873,0.007655452930748742,-0.8130284392322452,-0.6718563426385925,0.10027031984283166,0.72765291291456,-1.3968178995483904,-0.23204774044612855,-0.6661785879229576,0.0
162,0.1555358231471119,-0.10775504886584117,-1.3124442940651995,-0.022780550339182755,0.18452495516262873,0.007655452930748742,-0.8130284392322452,-0.6718563426385925,0.10027031984283166,0.72765291291456,-1.3968178995483904,-0.23204774044612855,-0.6661785879229576,0.0
163,0.12491562711875447,-0.10775504886584117,-1.3124442940651995,-0.022780550339182755,0.18452495516262873,0.007655452930748742,-0.8130284392322452,-0.6718563426385925,0.10027031984283166,0.72765291291456,-1.3968178995483904,-0.23204774044612855,-0.6661785879229576,0.0
164,0.03927476635194227,-0.10775504886584117,-1.3124442940651995,-0.022780550339182755,0.18452495516262873,0.007655452930748742,-0.8130284392322452,-0.6718563426385925,0.10027031984283166,-0.4191677623606668,-1.3968178995483904,-0.23204774044612855,-0.6661785879229576,0.0
165,0.0890325848980231,-0.10775504886584117,-1.3124442940651995,-0.022780550339182755,0.18452495516262873,0.007655452930748742,-0.8130284392322452,-0.6718563426385925,0.10027031984283166,-0.036894203935591174,-1.3968178995483904,-0.23204774044612855,-0.6661785879229576,0.0
166,0.09620919334216937,-0.10775504886584117,-1.3124442940651995,-0.022780550339182755,0.18452495516262873,0.007655452930748742,-0.8130284392322452,-0.6718563426385925,0.10027031984283166,-0.036894203935591174,-1.3968178995483904,-0.23204774044612855,-0.6661785879229576,0.0
167,0.10099359897160022,-0.10775504886584117,-1.3124442940651995,-0.022780550339182755,0.18452495516262873,0.007655452930748742,-0.8130284392322452,-0.6718563426385925,0.10027031984283166,-0.036894203935591174,-1.3968178995483904,-0.23204774044612855,-0.6661785879229576,0.0
168,-0.06837436031025183,-0.10775504886584117,-1.3124442940651995,-0.022780550339182755,0.18452495516262873,0.007655452930748742,-0.8130284392322452,-0.6718563426385925,0.10027031984283166,-0.036894203935591174,-1.3968178995483904,-0.23204774044612855,-0.6661785879229576,0.0
169,0.03688256353722684,-0.10775504886584117,-1.3124442940651995,-0.022780550339182755,0.18452495516262873,0.007655452930748742,-0.8130284392322452,-0.6718563426385925,0.10027031984283166,-0.036894203935591174,-1.3968178995483904,-0.23204774044612855,-0.6661785879229576,0.0
170,-0.05784866792550397,-0.10775504886584117,-1.3124442940651995,-0.022780550339182755,0.18452495516262873,0.007655452930748742,-0.8130284392322452,-0.6718563426385925,0.10027031984283166,0.3453793544894844,-1.3968178995483904,-0.23204774044612855,-0.6661785879229576,0.0
171,0.05649862661789332,-0.10775504886584117,-1.3124442940651995,-0.022780550339182755,0.18452495516262873,0.007655452930748742,-0.8130284392322452,-0.6718563426385925,0.10027031984283166,0.3453793544894844,-1.3968178995483904,-0.23204774044612855,-0.6661785879229576,0.0
172,0.1081702074157465,-0.10775504886584117,-1.3124442940651995,-0.022780550339182755,0.18452495516262873,0.007655452930748742,-0.8130284392322452,-0.6718563426385925,0.10027031984283166,0.3453793544894844,-1.3968178995483904,-0.23204774044612855,-0.6661785879229576,0.0
173,-0.03296975865246356,-0.10775504886584117,-1.3124442940651995,-0.022780550339182755,0.18452495516262873,0.007655452930748742,-0.8130284392322452,-0.6718563426385925,0.10027031984283166,0.3453793544894844,-1.3968178995483904,-0.23204774044612855,-0.6661785879229576,0.0
174,-0.2750606835016645,-0.10775504886584117,-1.3124442940651995,-0.022780550339182755,0.18452495516262873,0.007655452930748742,-0.8130284392322452,-0.6718563426385925,0.10027031984283166,0.3453793544894844,-1.3968178995483904,-0.23204774044612855,-0.6661785879229576,0.0
175,-0.05306426229607312,-0.10775504886584117,-1.3124442940651995,-0.022780550339182755,0.18452495516262873,0.007655452930748742,-0.8130284392322452,-0.6718563426385925,0.10027031984283166,0.3453793544894844,-1.3968178995483904,-0.23204774044612855,-0.6661785879229576,0.0
176,-0.03057755583774813,-0.10775504886584117,-1.3124442940651995,-0.022780550339182755,0.18452495516262873,0.007655452930748742,-0.8130284392322452,-0.6718563426385925,0.10027031984283166,0.3453793544894844,-1.3968178995483904,-0.23204774044612855,-0.6661785879229576,0.0
177,-0.2726684806869491,-0.10775504886584117,-1.3124442940651995,-0.022780550339182755,0.18452495516262873,0.007655452930748742,-0.8130284392322452,-0.6718563426385925,0.10027031984283166,0.3453793544894844,-1.3968178995483904,-0.23204774044612855,-0.6661785879229576,0.0
178,-0.05880554905139014,-0.10775504886584117,-1.3124442940651995,-0.022780550339182755,0.18452495516262873,0.007655452930748742,-0.8130284392322452,-0.6718563426385925,0.10027031984283166,0.3453793544894844,-1.3968178995483904,-0.23204774044612855,-0.6661785879229576,0.0
179,0.11295461304517734,-0.10775504886584117,-1.3124442940651995,-0.022780550339182755,0.18452495516262873,0.007655452930748742,-0.8130284392322452,-0.6718563426385925,0.10027031984283166,0.3453793544894844,-1.3968178995483904,-0.23204774044612855,-0.6661785879229576,0.0
180,-0.028185353023032704,-0.10775504886584117,-1.3124442940651995,-0.022780550339182755,0.18452495516262873,0.007655452930748742,-0.8130284392322452,-0.6718563426385925,0.10027031984283166,0.3453793544894844,-1.3968178995483904,-0.23204774044612855,-0.6661785879229576,0.0
181,-0.04827985666664227,-0.10775504886584117,-1.3124442940651995,-0.022780550339182755,0.18452495516262873,0.007655452930748742,-0.8130284392322452,-0.6718563426385925,0.10027031984283166,0.3453793544894844,-1.3968178995483904,-0.23204774044612855,-0.6661785879229576,0.0
182,-0.02579315020831728,-0.10775504886584117,-1.3124442940651995,-0.022780550339182755,0.18452495516262873,0.007655452930748742,-0.8130284392322452,-0.6718563426385925,0.10027031984283166,0.3453793544894844,-1.3968178995483904,-0.23204774044612855,-0.6661785879229576,0.0
183,-0.2788882080052092,-0.10775504886584117,-1.3124442940651995,-0.022780550339182755,0.18452495516262873,0.007655452930748742,-0.8130284392322452,-0.6718563426385925,0.10027031984283166,0.3453793544894844,-1.3968178995483904,-0.23204774044612855,-0.6661785879229576,0.0
184,0.11773901867460819,-0.10775504886584117,-1.3124442940651995,-0.022780550339182755,0.18452495516262873,0.007655452930748742,-0.8130284392322452,-0.6718563426385925,0.10027031984283166,0.3453793544894844,-1.3968178995483904,-0.23204774044612855,-0.6661785879229576,0.0
185,0.7837282822913824,-0.10775504886584117,-1.3124442940651995,-0.022780550339182755,0.18452495516262873,0.007655452930748742,-0.8130284392322452,-0.6718563426385925,0.10027031984283166,0.3453793544894844,-1.3968178995483904,-0.23204774044612855,-0.6661785879229576,0.0
186,-0.2764960051904938,-0.10775504886584117,-1.3124442940651995,-0.022780550339182755,0.18452495516262873,0.007655452930748742,-0.8130284392322452,-0.6718563426385925,0.10027031984283166,0.72765291291456,-1.3968178995483904,-0.23204774044612855,-0.6661785879229576,0.0
187,-0.25783682323571344,-0.10775504886584117,-1.3124442940651995,-0.022780550339182755,0.18452495516262873,0.007655452930748742,-0.8130284392322452,-0.6718563426385925,0.10027031984283166,0.72765291291456,-1.3968178995483904,-0.23204774044612855,-0.6661785879229576,0.0
188,-0.26788407505751827,-0.10775504886584117,-1.3124442940651995,-0.022780550339182755,0.18452495516262873,0.007655452930748742,-0.8130284392322452,-0.6718563426385925,0.10027031984283166,0.72765291291456,-1.3968178995483904,-0.23204774044612855,-0.6661785879229576,0.0
189,0.06606743787675502,-0.10775504886584117,-1.3124442940651995,-0.022780550339182755,0.18452495516262873,0.007655452930748742,-0.8130284392322452,-0.6718563426385925,0.10027031984283166,0.72765291291456,-1.3968178995483904,-0.23204774044612855,-0.6661785879229576,0.0
190,-0.04923673779252844,-0.10775504886584117,-1.3124442940651995,-0.022780550339182755,0.18452495516262873,0.007655452930748742,-0.8130284392322452,-0.6718563426385925,0.10027031984283166,0.72765291291456,-1.3968178995483904,-0.23204774044612855,-0.6661785879229576,0.0
191,0.06845964069147044,-0.10775504886584117,-1.3124442940651995,-0.022780550339182755,0.18452495516262873,0.007655452930748742,-0.8130284392322452,-0.6718563426385925,0.10027031984283166,0.72765291291456,-1.3968178995483904,-0.23204774044612855,-0.6661785879229576,0.0
192,-0.2630996694280874,-0.10775504886584117,-1.3124442940651995,-0.022780550339182755,0.18452495516262873,0.007655452930748742,-0.8130284392322452,-0.6718563426385925,0.10027031984283166,0.72765291291456,-1.3968178995483904,-0.23204774044612855,-0.6661785879229576,0.0
193,0.07085184350618587,-0.10775504886584117,-1.3124442940651995,-0.022780550339182755,0.18452495516262873,0.007655452930748742,-0.8130284392322452,-0.6718563426385925,0.10027031984283166,0.72765291291456,-1.3968178995483904,-0.23204774044612855,-0.6661785879229576,0.0
194,0.12491562711875447,-0.10775504886584117,-1.3124442940651995,-0.022780550339182755,0.18452495516262873,0.007655452930748742,-0.8130284392322452,-0.6718563426385925,0.10027031984283166,0.72765291291456,-1.3968178995483904,-0.23204774044612855,-0.6661785879229576,0.0
195,-0.2286519488961853,1.1679100318214901,-1.3124442940651995,-1.124287160857312,-0.5841212263087268,-1.0411415985818462,1.494138570142575,1.5062300827953725,0.10027031984283166,-0.8014413207857424,0.7159129334778092,-0.23204774044612855,1.5010989817577989,0.0
196,-0.31477125022594055,-0.7472533060317542,-1.3124442940651995,0.5279727549198818,0.18452495516262873,0.007655452930748742,0.3405550654551648,-0.6718563426385925,0.10027031984283166,0.3453793544894844,0.7159129334778092,-0.23204774044612855,-0.6661785879229576,0.0
197,-0.1832000954165922,1.4472523445360894,-1.3124442940651995,-0.5735338555982474,-0.5841212263087268,-1.0411415985818462,0.3405550654551648,1.5062300827953725,-0.6822189482977449,-0.4191677623606668,0.7159129334778092,-0.23204774044612855,1.5010989817577989,0.0
198,0.17802252960543688,-0.5201103000848772,-1.3124442940651995,0.5279727549198818,0.18452495516262873,0.007655452930748742,-0.8130284392322452,-0.6718563426385925,0.10027031984283166,-0.036894203935591174,0.7159129334778092,-0.23204774044612855,-0.6661785879229576,0.0
199,-0.013353695571797074,1.1679100318214901,-1.3124442940651995,-1.124287160857312,-0.5841212263087268,-1.0411415985818462,1.494138570142575,1.5062300827953725,0.10027031984283166,0.72765291291456,0.7159129334778092,-0.23204774044612855,1.5010989817577989,0.0
200,-0.20042395568254326,-0.6384933259182577,-1.255980797394495,0.5279727549198818,0.18452495516262873,0.007655452930748742,-0.8130284392322452,-0.6718563426385925,0.10027031984283166,-0.8014413207857424,0.7159129334778092,-0.23204774044612855,-0.6661785879229576,0.0
201,-0.1521014588252917,-0.6384933259182577,-1.255980797394495,0.5279727549198818,0.18452495516262873,0.007655452930748742,-0.8130284392322452,-0.6718563426385925,0.10027031984283166,1.4922000297647111,0.7159129334778092,-0.23204774044612855,-0.6661785879229576,0.0
202,-0.31237904741122513,-0.7472533060317542,-1.255980797394495,0.5279727549198818,0.18452495516262873,0.007655452930748742,0.3405550654551648,-0.6718563426385925,0.10027031984283166,-0.8014413207857424,0.7159129334778092,-0.23204774044612855,-0.6661785879229576,0.0
203,0.22347438308502995,-0.10775504886584117,-1.255980797394495,-0.022780550339182755,0.18452495516262873,0.007655452930748742,-0.8130284392322452,-0.6718563426385925,0.10027031984283166,-0.036894203935591174,-1.3968178995483904,-0.23204774044612855,-0.6661785879229576,0.0
204,-0.3291244671142331,-0.41986589121607065,-1.255980797394495,-1.124287160857312,-0.5841212263087268,0.007655452930748742,-0.8130284392322452,-0.6718563426385925,0.10027031984283166,-0.036894203935591174,0.7159129334778092,-0.23204774044612855,-0.6661785879229576,0.0
205,0.18415613762236724,-0.10775504886584117,-1.255980797394495,-0.022780550339182755,0.18452495516262873,0.007655452930748742,-0.8130284392322452,-0.6718563426385925,0.10027031984283166,-0.036894203935591174,-1.3968178995483904,-0.23204774044612855,-0.6661785879229576,0.0
206,-0.27171159956106294,1.7830957914142482,-1.255980797394495,-1.124287160857312,-2.121413589251438,-1.0411415985818462,0.3405550654551648,1.5062300827953725,-2.247197484578898,0.3453793544894844,0.7159129334778092,4.309458036856673,1.5010989817577989,0.0
207,-0.42576946082873623,2.0833860350465834,-1.255980797394495,-1.6750404661163767,-2.121413589251438,-1.0411415985818462,0.3405550654551648,1.5062300827953725,-2.247197484578898,-0.8014413207857424,0.7159129334778092,-0.23204774044612855,1.5010989817577989,0.0
208,-0.20472992074903104,-0.8375859574613138,-1.255980797394495,1.629479365438011,1.7218173181053398,3.1540466074685334,2.647722074829985,1.5062300827953725,0.8827595879834081,-0.8014413207857424,0.7159129334778092,-0.23204774044612855,1.5010989817577989,0.0
209,-0.2190831376373236,0.3281208361498234,-1.255980797394495,-0.022780550339182755,0.18452495516262873,0.007655452930748742,1.494138570142575,0.7802012743173842,0.10027031984283166,-0.4191677623606668,0.7159129334778092,-0.23204774044612855,1.5010989817577989,0.0
210,-0.015745898386512497,-0.10775504886584117,-1.1995173007237905,-0.022780550339182755,0.18452495516262873,0.007655452930748742,-0.8130284392322452,-0.6718563426385925,0.10027031984283166,-0.8014413207857424,-1.3968178995483904,-0.23204774044612855,-0.6661785879229576,0.0
211,0.04214540972960078,-0.10775504886584117,-1.1995173007237905,-0.022780550339182755,0.18452495516262873,0.007655452930748742,-0.8130284392322452,-0.6718563426385925,0.10027031984283166,-0.036894203935591174,-1.3968178995483904,-0.23204774044612855,-0.6661785879229576,0.0
212,0.8478393177257557,-0.10775504886584117,-1.1995173007237905,-0.022780550339182755,0.18452495516262873,0.007655452930748742,-0.8130284392322452,-0.6718563426385925,0.10027031984283166,-0.036894203935591174,-1.3968178995483904,-0.23204774044612855,-0.6661785879229576,0.0
213,-0.4401226777170288,2.0833860350465834,-1.1995173007237905,-1.6750404661163767,-2.121413589251438,-1.0411415985818462,0.3405550654551648,1.5062300827953725,-2.247197484578898,-0.4191677623606668,0.7159129334778092,-0.23204774044612855,1.5010989817577989,0.0
214,-0.300418033337648,-0.8041357400309,-1.1995173007237905,-0.022780550339182755,0.18452495516262873,0.007655452930748742,-0.8130284392322452,-0.6718563426385925,0.10027031984283166,1.4922000297647111,0.7159129334778092,-0.23204774044612855,-0.6661785879229576,0.0
215,-0.2286519488961853,-0.6384933259182577,-1.1995173007237905,0.5279727549198818,0.18452495516262873,0.007655452930748742,-0.8130284392322452,-0.6718563426385925,0.10027031984283166,-0.4191677623606668,0.7159129334778092,-0.23204774044612855,-0.6661785879229576,0.0
216,0.0561541494125743,-0.10775504886584117,-1.1995173007237905,-0.022780550339182755,0.18452495516262873,0.007655452930748742,-0.8130284392322452,-0.6718563426385925,0.10027031984283166,0.3453793544894844,-1.3968178995483904,-0.23204774044612855,-0.6661785879229576,0.0
217,-0.4664904940219481,-0.6384933259182577,-1.1995173007237905,0.5279727549198818,0.18452495516262873,0.007655452930748742,-0.8130284392322452,-0.6718563426385925,0.10027031984283166,0.3453793544894844,0.7159129334778092,-0.23204774044612855,-0.6661785879229576,0.0
218,0.044059171981373116,-0.10775504886584117,-1.1995173007237905,-0.022780550339182755,0.18452495516262873,0.007655452930748742,-0.8130284392322452,-0.6718563426385925,0.10027031984283166,-0.036894203935591174,-1.3968178995483904,-0.23204774044612855,-0.6661785879229576,0.0
219,-0.014310576697683243,1.1679100318214901,-1.1995173007237905,-1.124287160857312,-0.5841212263087268,-1.0411415985818462,1.494138570142575,1.5062300827953725,0.10027031984283166,-0.4191677623606668,0.7159129334778092,-0.23204774044612855,1.5010989817577989,0.0
220,0.03688256353722684,-0.10775504886584117,-1.1995173007237905,-0.022780550339182755,0.18452495516262873,0.007655452930748742,-0.8130284392322452,-0.6718563426385925,0.10027031984283166,-0.036894203935591174,-1.3968178995483904,-0.23204774044612855,-0.6661785879229576,0.0
221,0.8908989683906334,-0.10775504886584117,-1.1995173007237905,-0.022780550339182755,0.18452495516262873,0.007655452930748742,-0.8130284392322452,-0.6718563426385925,0.10027031984283166,-0.036894203935591174,-1.3968178995483904,-0.23204774044612855,-0.6661785879229576,0.0
222,-0.3482620896319565,-0.7472533060317542,-1.1995173007237905,0.5279727549198818,0.18452495516262873,0.007655452930748742,0.3405550654551648,-0.6718563426385925,0.10027031984283166,0.3453793544894844,0.7159129334778092,-0.23204774044612855,-0.6661785879229576,0.0
223,-0.18846294160896615,-0.10775504886584117,-1.1995173007237905,-0.022780550339182755,0.18452495516262873,0.007655452930748742,-0.8130284392322452,-0.6718563426385925,0.10027031984283166,0.3453793544894844,-1.3968178995483904,-0.23204774044612855,-0.6661785879229576,0.0
224,0.04310229085548695,-0.10775504886584117,-1.1995173007237905,-0.022780550339182755,0.18452495516262873,0.007655452930748742,-0.8130284392322452,-0.6718563426385925,0.10027031984283166,-0.036894203935591174,-1.3968178995483904,-0.23204774044612855,-0.6661785879229576,0.0
225,0.05358013918394051,-0.10775504886584117,-1.1995173007237905,-0.022780550339182755,0.18452495516262873,0.007655452930748742,-0.8130284392322452,-0.6718563426385925,0.10027031984283166,-0.036894203935591174,-1.3968178995483904,-0.23204774044612855,-0.6661785879229576,0.0
226,-0.339650159498981,-0.36661052386553206,-1.1995173007237905,0.5279727549198818,2.490463499576695,2.1052495559559388,3.8013055795173947,2.2322588912733607,0.8827595879834081,-1.5659884376358935,0.7159129334778092,-0.23204774044612855,1.5010989817577989,0.0
227,-0.183908187449748,-0.10775504886584117,-1.1995173007237905,-0.022780550339182755,0.18452495516262873,0.007655452930748742,-0.8130284392322452,-0.6718563426385925,0.10027031984283166,0.3453793544894844,-1.3968178995483904,-0.23204774044612855,-0.6661785879229576,0.0
228,0.059847710558494915,-0.10775504886584117,-1.1995173007237905,-0.022780550339182755,0.18452495516262873,0.007655452930748742,-0.8130284392322452,-0.6718563426385925,0.10027031984283166,-0.036894203935591174,-1.3968178995483904,-0.23204774044612855,-0.6661785879229576,0.0
229,-0.32434006148480227,-0.7472533060317542,-1.1995173007237905,0.5279727549198818,0.18452495516262873,0.007655452930748742,0.3405550654551648,-0.6718563426385925,0.10027031984283166,-0.4191677623606668,0.7159129334778092,-0.23204774044612855,-0.6661785879229576,0.0
230,-0.032491318089520466,-0.41986589121607065,-1.1995173007237905,-1.124287160857312,-0.5841212263087268,0.007655452930748742,-0.8130284392322452,-0.6718563426385925,0.10027031984283166,-0.8014413207857424,0.7159129334778092,-0.23204774044612855,-0.6661785879229576,0.0
231,-0.3540033763872735,-0.10775504886584117,-1.143053804053086,-0.022780550339182755,0.18452495516262873,0.007655452930748742,-0.8130284392322452,-0.6718563426385925,0.10027031984283166,-0.036894203935591174,,-0.23204774044612855,-0.6661785879229576,0.0
232,-0.39012563888947643,-0.8041357400309,-1.143053804053086,-0.022780550339182755,0.18452495516262873,0.007655452930748742,-0.8130284392322452,-0.6718563426385925,0.10027031984283166,-0.4191677623606668,0.7159129334778092,-0.23204774044612855,-0.6661785879229576,0.0
233,-0.37218411777911076,-0.7472533060317542,-1.143053804053086,0.5279727549198818,0.18452495516262873,0.007655452930748742,0.3405550654551648,-0.6718563426385925,0.10027031984283166,-0.8014413207857424,0.7159129334778092,-0.23204774044612855,-0.6661785879229576,0.0
234,-0.24300516578447784,1.1679100318214901,-1.143053804053086,-1.124287160857312,-0.5841212263087268,-1.0411415985818462,1.494138570142575,1.5062300827953725,0.10027031984283166,-1.1837148792108179,0.7159129334778092,-0.23204774044612855,1.5010989817577989,0.0
235,-0.27793132687932304,-0.8041357400309,-1.143053804053086,-0.022780550339182755,0.18452495516262873,0.007655452930748742,-0.8130284392322452,-0.6718563426385925,0.10027031984283166,1.4922000297647111,0.7159129334778092,-0.23204774044612855,-0.6661785879229576,0.0
236,-0.16645467571358424,-0.5201103000848772,-1.143053804053086,0.5279727549198818,0.18452495516262873,0.007655452930748742,-0.8130284392322452,-0.6718563426385925,0.10027031984283166,0.72765291291456,0.7159129334778092,-0.23204774044612855,-0.6661785879229576,0.0
237,0.005783926945926323,-0.7472533060317542,-1.143053804053086,0.5279727549198818,0.18452495516262873,0.007655452930748742,0.3405550654551648,-0.6718563426385925,0.10027031984283166,1.1099264713396355,0.7159129334778092,-0.23204774044612855,-0.6661785879229576,0.0
238,0.7425823938782771,-0.10775504886584117,-1.143053804053086,-0.022780550339182755,0.18452495516262873,0.007655452930748742,-0.8130284392322452,-0.6718563426385925,0.10027031984283166,-0.8014413207857424,-1.3968178995483904,-0.23204774044612855,-0.6661785879229576,0.0
239,-0.1808078926018768,1.382227644767766,-1.143053804053086,-1.124287160857312,-0.5841212263087268,-1.0411415985818462,1.494138570142575,1.5062300827953725,-0.6822189482977449,-0.4191677623606668,0.7159129334778092,-0.23204774044612855,1.5010989817577989,0.0
240,0.06415367562498268,-0.10775504886584117,-1.143053804053086,-0.022780550339182755,0.18452495516262873,0.007655452930748742,-0.8130284392322452,-0.6718563426385925,0.10027031984283166,-0.036894203935591174,-1.3968178995483904,-0.23204774044612855,-0.6661785879229576,0.0
241,0.02426608589241769,-0.10775504886584117,-1.143053804053086,-0.022780550339182755,0.18452495516262873,0.007655452930748742,-0.8130284392322452,-0.6718563426385925,0.10027031984283166,-0.036894203935591174,-1.3968178995483904,-0.23204774044612855,-0.6661785879229576,0.0
242,0.17323812397600605,1.7830957914142482,-1.143053804053086,-1.124287160857312,-2.121413589251438,-1.0411415985818462,0.3405550654551648,1.5062300827953725,-2.247197484578898,-0.4191677623606668,0.7159129334778092,4.309458036856673,1.5010989817577989,0.0
243,-0.4319891881469964,1.4472523445360894,-1.143053804053086,-0.5735338555982474,-0.5841212263087268,-1.0411415985818462,0.3405550654551648,1.5062300827953725,-0.6822189482977449,0.3453793544894844,0.7159129334778092,-0.23204774044612855,1.5010989817577989,0.0
244,0.24978861404689962,-0.10775504886584117,-1.143053804053086,-0.022780550339182755,0.18452495516262873,0.007655452930748742,-0.8130284392322452,-0.6718563426385925,0.10027031984283166,0.3453793544894844,-1.3968178995483904,-0.23204774044612855,-0.6661785879229576,0.0
245,-0.32434006148480227,-0.41986589121607065,-1.143053804053086,-1.124287160857312,-0.5841212263087268,0.007655452930748742,-0.8130284392322452,-0.6718563426385925,0.10027031984283166,-1.1837148792108179,0.7159129334778092,-0.23204774044612855,-0.6661785879229576,0.0
246,-0.3602231037055336,-0.7472533060317542,-1.143053804053086,0.5279727549198818,0.18452495516262873,0.007655452930748742,0.3405550654551648,-0.6718563426385925,0.10027031984283166,-1.1837148792108179,0.7159129334778092,-0.23204774044612855,-0.6661785879229576,0.0
247,-0.10904180816041405,-0.7084312558394958,-1.143053804053086,-0.022780550339182755,0.18452495516262873,0.007655452930748742,-0.8130284392322452,-1.3978851511165808,0.10027031984283166,0.72765291291456,0.7159129334778092,-0.23204774044612855,-0.6661785879229576,0.0
248,-0.19085514442368157,-0.10775504886584117,-1.143053804053086,-0.022780550339182755,0.18452495516262873,0.007655452930748742,-0.8130284392322452,-0.6718563426385925,0.10027031984283166,0.72765291291456,-1.3968178995483904,-0.23204774044612855,-0.6661785879229576,0.0
249,0.015352738204788021,-0.7472533060317542,-1.143053804053086,0.5279727549198818,0.18452495516262873,0.007655452930748742,0.3405550654551648,-0.6718563426385925,0.10027031984283166,1.1099264713396355,0.7159129334778092,-0.23204774044612855,-0.6661785879229576,0.0
250,0.16071255003815607,-0.10775504886584117,-1.143053804053086,-0.022780550339182755,0.18452495516262873,0.007655452930748742,-0.8130284392322452,-0.6718563426385925,0.10027031984283166,-0.8014413207857424,-1.3968178995483904,-0.23204774044612855,-0.6661785879229576,0.0
251,1.063137571050144,-0.10775504886584117,-1.143053804053086,-0.022780550339182755,0.18452495516262873,0.007655452930748742,-0.8130284392322452,-0.6718563426385925,0.10027031984283166,0.72765291291456,-1.3968178995483904,-0.23204774044612855,-0.6661785879229576,0.0
252,0.08845845622249139,1.1679100318214901,-1.143053804053086,-1.124287160857312,-0.5841212263087268,-1.0411415985818462,1.494138570142575,1.5062300827953725,0.10027031984283166,-0.036894203935591174,0.7159129334778092,-0.23204774044612855,1.5010989817577989,0.0
253,-0.2525739770433395,-1.356437982475979,-1.0865903073823815,2.180232670697076,0.9531711366339842,1.0564525044433437,0.3405550654551648,-0.6718563426385925,1.6652488561239847,1.8744735881897867,0.7159129334778092,-0.23204774044612855,-0.6661785879229576,0.0
254,0.045972934233145454,-0.10775504886584117,-1.0865903073823815,-0.022780550339182755,0.18452495516262873,0.007655452930748742,-0.8130284392322452,-0.6718563426385925,0.10027031984283166,-0.036894203935591174,-1.3968178995483904,-0.23204774044612855,-0.6661785879229576,0.0
255,-0.18798450104602307,-0.5201103000848772,-1.0865903073823815,0.5279727549198818,0.18452495516262873,0.007655452930748742,-0.8130284392322452,-0.6718563426385925,0.10027031984283166,0.72765291291456,0.7159129334778092,-0.23204774044612855,-0.6661785879229576,0.0
256,-0.006177087127650799,-0.41986589121607065,-1.0865903073823815,-1.124287160857312,-0.5841212263087268,0.007655452930748742,-0.8130284392322452,-0.6718563426385925,0.10027031984283166,0.3453793544894844,0.7159129334778092,-0.23204774044612855,-0.6661785879229576,0.0
257,0.005783926945926323,-0.41986589121607065,-1.0865903073823815,-1.124287160857312,-0.5841212263087268,0.007655452930748742,-0.8130284392322452,-0.6718563426385925,0.10027031984283166,0.3453793544894844,0.7159129334778092,-0.23204774044612855,-0.6661785879229576,0.0
258,-0.013353695571797074,1.7830957914142482,-1.0865903073823815,-1.124287160857312,-2.121413589251438,-1.0411415985818462,0.3405550654551648,1.5062300827953725,-2.247197484578898,-0.4191677623606668,0.7159129334778092,4.309458036856673,1.5010989817577989,0.0
259,-0.365246729616436,-0.7472533060317542,-1.0865903073823815,0.5279727549198818,0.18452495516262873,0.007655452930748742,0.3405550654551648,-0.6718563426385925,0.10027031984283166,0.3453793544894844,0.7159129334778092,-0.23204774044612855,-0.6661785879229576,0.0
260,-0.4879667340113373,2.0833860350465834,-1.0865903073823815,-1.6750404661163767,-2.121413589251438,-1.0411415985818462,0.3405550654551648,1.5062300827953725,-2.247197484578898,-1.5659884376358935,0.7159129334778092,-0.23204774044612855,1.5010989817577989,0.0
261,0.15410050145828263,-0.5201103000848772,-1.0865903073823815,0.5279727549198818,0.18452495516262873,0.007655452930748742,-0.8130284392322452,-0.6718563426385925,0.10027031984283166,1.8744735881897867,0.7159129334778092,-0.23204774044612855,-0.6661785879229576,0.0
262,-0.06598215749553642,-0.7472533060317542,-1.0865903073823815,0.5279727549198818,0.18452495516262873,0.007655452930748742,0.3405550654551648,-0.6718563426385925,0.10027031984283166,0.72765291291456,0.7159129334778092,-0.23204774044612855,-0.6661785879229576,0.0
263,-0.36261530652024904,-0.7472533060317542,-1.0865903073823815,0.5279727549198818,0.18452495516262873,0.007655452930748742,0.3405550654551648,-0.6718563426385925,0.10027031984283166,-0.4191677623606668,0.7159129334778092,-0.23204774044612855,-0.6661785879229576,0.0
264,-0.3745763205938262,-0.7472533060317542,-1.0865903073823815,0.5279727549198818,0.18452495516262873,0.007655452930748742,0.3405550654551648,-0.6718563426385925,0.10027031984283166,-0.4191677623606668,0.7159129334778092,-0.23204774044612855,-0.6661785879229576,0.0
265,-0.32434006148480227,2.0833860350465834,-1.0865903073823815,-1.6750404661163767,-2.121413589251438,-1.0411415985818462,0.3405550654551648,1.5062300827953725,-2.247197484578898,-0.036894203935591174,0.7159129334778092,-0.23204774044612855,1.5010989817577989,0.0
266,1.0765339068125503,-1.725662341073072,-1.0865903073823815,2.7309859759561403,2.490463499576695,3.1540466074685334,0.3405550654551648,0.054172465839395875,2.447738124264561,1.4922000297647111,0.7159129334778092,-0.23204774044612855,-0.6661785879229576,0.0
267,-0.40089055155569586,1.382227644767766,-1.0865903073823815,-1.124287160857312,-0.5841212263087268,-1.0411415985818462,1.494138570142575,1.5062300827953725,-0.6822189482977449,-0.8014413207857424,0.7159129334778092,-0.23204774044612855,1.5010989817577989,0.0
268,-0.07076656312496726,-0.41986589121607065,-1.0865903073823815,-1.124287160857312,-0.5841212263087268,0.007655452930748742,-0.8130284392322452,-0.6718563426385925,0.10027031984283166,-1.1837148792108179,0.7159129334778092,-0.23204774044612855,-0.6661785879229576,0.0
269,1.4640707627964493,-1.725662341073072,-1.0865903073823815,2.7309859759561403,2.490463499576695,3.1540466074685334,0.3405550654551648,0.054172465839395875,2.447738124264561,1.8744735881897867,0.7159129334778092,-0.23204774044612855,-0.6661785879229576,0.0
270,-0.46787223036772774,1.4472523445360894,-1.030126810711677,-0.5735338555982474,-0.5841212263087268,-1.0411415985818462,0.3405550654551648,1.5062300827953725,-0.6822189482977449,-1.1837148792108179,0.7159129334778092,-0.23204774044612855,1.5010989817577989,0.0
271,-0.3578309008908182,-0.7472533060317542,-1.030126810711677,0.5279727549198818,0.18452495516262873,0.007655452930748742,0.3405550654551648,-0.6718563426385925,0.10027031984283166,-0.4191677623606668,0.7159129334778092,-0.23204774044612855,-0.6661785879229576,0.0
272,0.12443718655581137,-0.7472533060317542,-1.030126810711677,0.5279727549198818,0.18452495516262873,0.007655452930748742,0.3405550654551648,-0.6718563426385925,0.10027031984283166,0.72765291291456,0.7159129334778092,-0.23204774044612855,-0.6661785879229576,0.0
273,-0.26692719393163206,1.382227644767766,-1.030126810711677,-1.124287160857312,-0.5841212263087268,-1.0411415985818462,1.494138570142575,1.5062300827953725,-0.6822189482977449,-0.8014413207857424,0.7159129334778092,-0.23204774044612855,1.5010989817577989,0.0
274,-0.32434006148480227,-0.5201103000848772,-1.030126810711677,0.5279727549198818,0.18452495516262873,0.007655452930748742,-0.8130284392322452,-0.6718563426385925,0.10027031984283166,-0.8014413207857424,0.7159129334778092,-0.23204774044612855,-0.6661785879229576,0.0
275,0.03123696489449844,-0.10775504886584117,-1.030126810711677,-0.022780550339182755,0.18452495516262873,0.007655452930748742,-0.8130284392322452,-0.6718563426385925,0.10027031984283166,-0.4191677623606668,-1.3968178995483904,-0.23204774044612855,-0.6661785879229576,0.0
276,-0.33390887274366393,2.0833860350465834,-1.030126810711677,-1.6750404661163767,-2.121413589251438,-1.0411415985818462,0.3405550654551648,1.5062300827953725,-2.247197484578898,-0.8014413207857424,0.7159129334778092,-0.23204774044612855,1.5010989817577989,0.0
277,-0.3673997121496799,-0.8041357400309,-1.030126810711677,-0.022780550339182755,0.18452495516262873,0.007655452930748742,-0.8130284392322452,-0.6718563426385925,0.10027031984283166,0.72765291291456,0.7159129334778092,-0.23204774044612855,-0.6661785879229576,0.0
278,-0.5004061886478575,-0.6384933259182577,-1.030126810711677,0.5279727549198818,0.18452495516262873,0.007655452930748742,-0.8130284392322452,-0.6718563426385925,0.10027031984283166,-0.8014413207857424,0.7159129334778092,-0.23204774044612855,-0.6661785879229576,0.0
279,0.010568332575357171,-0.41986589121607065,-1.030126810711677,-1.124287160857312,-0.5841212263087268,0.007655452930748742,-0.8130284392322452,-0.6718563426385925,0.10027031984283166,0.3453793544894844,0.7159129334778092,-0.23204774044612855,-0.6661785879229576,0.0
280,-0.26405655055397353,-1.356437982475979,-1.030126810711677,2.180232670697076,0.9531711366339842,1.0564525044433437,0.3405550654551648,-0.6718563426385925,1.6652488561239847,1.1099264713396355,0.7159129334778092,-0.23204774044612855,-0.6661785879229576,0.0
281,0.6325410644013676,-1.725662341073072,-1.030126810711677,2.7309859759561403,2.490463499576695,3.1540466074685334,0.3405550654551648,0.054172465839395875,2.447738124264561,1.8744735881897867,0.7159129334778092,-0.23204774044612855,-0.6661785879229576,0.0
282,0.22012529914442835,-0.10775504886584117,-1.030126810711677,-0.022780550339182755,0.18452495516262873,0.007655452930748742,-0.8130284392322452,-0.6718563426385925,0.10027031984283166,-0.4191677623606668,-1.3968178995483904,-0.23204774044612855,-0.6661785879229576,0.0
283,-0.3951492648003788,1.382227644767766,-1.030126810711677,-1.124287160857312,-0.5841212263087268,-1.0411415985818462,1.494138570142575,1.5062300827953725,-0.6822189482977449,-0.8014413207857424,0.7159129334778092,-0.23204774044612855,1.5010989817577989,0.0
284,0.87176134587291,-0.10775504886584117,-1.030126810711677,-0.022780550339182755,0.18452495516262873,0.007655452930748742,-0.8130284392322452,-0.6718563426385925,0.10027031984283166,-0.036894203935591174,-1.3968178995483904,-0.23204774044612855,-0.6661785879229576,0.0
285,0.08233441701681991,-0.5201103000848772,-1.030126810711677,0.5279727549198818,0.18452495516262873,0.007655452930748742,-0.8130284392322452,-0.6718563426385925,0.10027031984283166,-0.036894203935591174,0.7159129334778092,-0.23204774044612855,-0.6661785879229576,0.0
286,-0.4104593628145575,-1.356437982475979,-1.030126810711677,2.180232670697076,0.9531711366339842,1.0564525044433437,0.3405550654551648,-0.6718563426385925,1.6652488561239847,1.1099264713396355,0.7159129334778092,-0.23204774044612855,-0.6661785879229576,0.0
287,0.1708459211612906,1.7830957914142482,-1.030126810711677,-1.124287160857312,-2.121413589251438,-1.0411415985818462,0.3405550654551648,1.5062300827953725,-2.247197484578898,0.3453793544894844,0.7159129334778092,4.309458036856673,1.5010989817577989,0.0
288,-0.1712390813430151,-0.6384933259182577,-1.030126810711677,0.5279727549198818,0.18452495516262873,0.007655452930748742,-0.8130284392322452,-0.6718563426385925,0.10027031984283166,1.4922000297647111,0.7159129334778092,-0.23204774044612855,-0.6661785879229576,0.0
289,-0.02770691246008962,-0.41986589121607065,-1.030126810711677,-1.124287160857312,-0.5841212263087268,0.007655452930748742,-0.8130284392322452,-0.6718563426385925,0.10027031984283166,-0.036894203935591174,0.7159129334778092,-0.23204774044612855,-0.6661785879229576,0.0
290,-0.31477125022594055,-0.41986589121607065,-1.030126810711677,-1.124287160857312,-0.5841212263087268,0.007655452930748742,-0.8130284392322452,-0.6718563426385925,0.10027031984283166,-0.8014413207857424,0.7159129334778092,-0.23204774044612855,-0.6661785879229576,0.0
291,0.2378275999733225,0.039488187763736395,-0.9736633140409724,-0.022780550339182755,0.18452495516262873,0.007655452930748742,1.494138570142575,0.7802012743173842,0.10027031984283166,-1.5659884376358935,0.7159129334778092,-0.23204774044612855,1.5010989817577989,0.0
292,-0.2726684806869491,1.1679100318214901,-0.9736633140409724,-1.124287160857312,-0.5841212263087268,-1.0411415985818462,1.494138570142575,1.5062300827953725,0.10027031984283166,-0.4191677623606668,0.7159129334778092,-0.23204774044612855,1.5010989817577989,0.0
293,-0.4535190134794352,2.0833860350465834,-0.9736633140409724,-1.6750404661163767,-2.121413589251438,-1.0411415985818462,0.3405550654551648,1.5062300827953725,-2.247197484578898,-0.8014413207857424,0.7159129334778092,-0.23204774044612855,1.5010989817577989,0.0
294,-0.34108548118781024,2.0833860350465834,-0.9736633140409724,-1.6750404661163767,-2.121413589251438,-1.0411415985818462,0.3405550654551648,1.5062300827953725,-2.247197484578898,-0.4191677623606668,0.7159129334778092,-0.23204774044612855,1.5010989817577989,0.0
295,1.5320093227343672,-1.725662341073072,-0.9736633140409724,2.7309859759561403,2.490463499576695,3.1540466074685334,0.3405550654551648,0.054172465839395875,2.447738124264561,2.2567471466148623,0.7159129334778092,-0.23204774044612855,-0.6661785879229576,0.0
296,0.22490970477385921,-0.10775504886584117,-0.9736633140409724,-0.022780550339182755,0.18452495516262873,0.007655452930748742,-0.8130284392322452,-0.6718563426385925,0.10027031984283166,-0.4191677623606668,-1.3968178995483904,-0.23204774044612855,-0.6661785879229576,0.0
297,-0.3865373346674033,1.382227644767766,-0.9736633140409724,-1.124287160857312,-0.5841212263087268,-1.0411415985818462,1.494138570142575,1.5062300827953725,-0.6822189482977449,-0.4191677623606668,0.7159129334778092,-0.23204774044612855,1.5010989817577989,0.0
298,0.21390557182616826,-0.10775504886584117,-0.9736633140409724,-0.022780550339182755,0.18452495516262873,0.007655452930748742,-0.8130284392322452,-0.6718563426385925,0.10027031984283166,-0.036894203935591174,-1.3968178995483904,-0.23204774044612855,-0.6661785879229576,0.0
299,-0.03727572371895132,-1.725662341073072,-0.9736633140409724,2.7309859759561403,2.490463499576695,3.1540466074685334,0.3405550654551648,0.054172465839395875,2.447738124264561,2.2567471466148623,0.7159129334778092,-0.23204774044612855,-0.6661785879229576,0.0
300,-0.2621427883022012,1.382227644767766,-0.9736633140409724,-1.124287160857312,-0.5841212263087268,-1.0411415985818462,1.494138570142575,1.5062300827953725,-0.6822189482977449,-0.4191677623606668,0.7159129334778092,-0.23204774044612855,1.5010989817577989,0.0
301,-0.12817943067813745,-0.6384933259182577,-0.9736633140409724,0.5279727549198818,0.18452495516262873,0.007655452930748742,-0.8130284392322452,-0.6718563426385925,0.10027031984283166,2.2567471466148623,0.7159129334778092,-0.23204774044612855,-0.6661785879229576,0.0
302,0.15410050145828263,-0.7472533060317542,-0.9736633140409724,0.5279727549198818,0.18452495516262873,0.007655452930748742,0.3405550654551648,-0.6718563426385925,0.10027031984283166,1.8744735881897867,0.7159129334778092,-0.23204774044612855,-0.6661785879229576,0.0
303,-0.45926030023475223,1.4472523445360894,-0.9736633140409724,-0.5735338555982474,-0.5841212263087268,-1.0411415985818462,0.3405550654551648,1.5062300827953725,-0.6822189482977449,-0.4191677623606668,0.7159129334778092,-0.23204774044612855,1.5010989817577989,0.0
304,0.1962032709972741,-0.10775504886584117,-0.9736633140409724,-0.022780550339182755,0.18452495516262873,0.007655452930748742,-0.8130284392322452,-0.6718563426385925,0.10027031984283166,-0.036894203935591174,-1.3968178995483904,-0.23204774044612855,-0.6661785879229576,0.0
305,-0.4032827543704113,-0.7472533060317542,-0.9171998173702679,0.5279727549198818,0.18452495516262873,0.007655452930748742,0.3405550654551648,-0.6718563426385925,0.10027031984283166,-1.1837148792108179,0.7159129334778092,-0.23204774044612855,-0.6661785879229576,0.0
306,-0.03727572371895132,-1.356437982475979,-0.9171998173702679,2.180232670697076,0.9531711366339842,1.0564525044433437,0.3405550654551648,-0.6718563426385925,1.6652488561239847,1.8744735881897867,0.7159129334778092,-0.23204774044612855,-0.6661785879229576,0.0
307,-0.11478309491573108,-0.7472533060317542,-0.9171998173702679,0.5279727549198818,0.18452495516262873,0.007655452930748742,0.3405550654551648,-0.6718563426385925,0.10027031984283166,-0.8014413207857424,0.7159129334778092,-0.23204774044612855,-0.6661785879229576,0.0
308,-0.03727572371895132,-0.41986589121607065,-0.9171998173702679,-1.124287160857312,-0.5841212263087268,0.007655452930748742,-0.8130284392322452,-0.6718563426385925,0.10027031984283166,-0.036894203935591174,0.7159129334778092,-0.23204774044612855,-0.6661785879229576,0.0
309,-0.396106145926265,-0.7472533060317542,-0.9171998173702679,0.5279727549198818,0.18452495516262873,0.007655452930748742,0.3405550654551648,-0.6718563426385925,0.10027031984283166,-1.1837148792108179,0.7159129334778092,-0.23204774044612855,-0.6661785879229576,0.0
310,-0.3602231037055336,1.4472523445360894,-0.9171998173702679,-0.5735338555982474,-0.5841212263087268,-1.0411415985818462,0.3405550654551648,1.5062300827953725,-0.6822189482977449,-1.1837148792108179,0.7159129334778092,-0.23204774044612855,1.5010989817577989,0.0
311,-0.19994551511960018,1.4472523445360894,-0.9171998173702679,-0.5735338555982474,-0.5841212263087268,-1.0411415985818462,0.3405550654551648,1.5062300827953725,-0.6822189482977449,-1.5659884376358935,0.7159129334778092,-0.23204774044612855,1.5010989817577989,0.0
312,-0.03727572371895132,-1.356437982475979,-0.9171998173702679,2.180232670697076,0.9531711366339842,1.0564525044433437,0.3405550654551648,-0.6718563426385925,1.6652488561239847,1.4922000297647111,0.7159129334778092,-0.23204774044612855,-0.6661785879229576,0.0
313,-0.02292250683065877,-0.41986589121607065,-0.9171998173702679,-1.124287160857312,-0.5841212263087268,0.007655452930748742,-0.8130284392322452,-0.6718563426385925,0.10027031984283166,-0.036894203935591174,0.7159129334778092,-0.23204774044612855,-0.6661785879229576,0.0
314,-0.24539736859919326,-0.10775504886584117,-0.9171998173702679,-0.022780550339182755,0.18452495516262873,0.007655452930748742,-0.8130284392322452,-0.6718563426385925,0.10027031984283166,-0.8014413207857424,,-0.23204774044612855,-0.6661785879229576,0.0
315,-0.3817529290379724,-0.5201103000848772,-0.9171998173702679,0.5279727549198818,0.18452495516262873,0.007655452930748742,-0.8130284392322452,-0.6718563426385925,0.10027031984283166,-1.1837148792108179,0.7159129334778092,-0.23204774044612855,-0.6661785879229576,0.0
316,0.111040850793405,0.039488187763736395,-0.9171998173702679,-0.022780550339182755,0.18452495516262873,0.007655452930748742,1.494138570142575,0.7802012743173842,0.10027031984283166,-1.5659884376358935,0.7159129334778092,-0.23204774044612855,1.5010989817577989,0.0
317,-0.3482620896319565,1.4472523445360894,-0.9171998173702679,-0.5735338555982474,-0.5841212263087268,-1.0411415985818462,0.3405550654551648,1.5062300827953725,-0.6822189482977449,0.3453793544894844,0.7159129334778092,-0.23204774044612855,1.5010989817577989,0.0
318,0.49618550396258837,1.1679100318214901,-0.9171998173702679,-1.124287160857312,-0.5841212263087268,-1.0411415985818462,1.494138570142575,1.5062300827953725,0.10027031984283166,-0.8014413207857424,,-0.23204774044612855,1.5010989817577989,0.0
319,-0.16262715121003957,-0.5201103000848772,-0.8607363206995634,0.5279727549198818,0.18452495516262873,0.007655452930748742,-0.8130284392322452,-0.6718563426385925,0.10027031984283166,0.3453793544894844,0.7159129334778092,-0.23204774044612855,-0.6661785879229576,0.0
320,-0.10904180816041405,1.382227644767766,-0.8607363206995634,-1.124287160857312,-0.5841212263087268,-1.0411415985818462,1.494138570142575,1.5062300827953725,-0.6822189482977449,-0.036894203935591174,0.7159129334778092,-0.23204774044612855,1.5010989817577989,0.0
321,-0.4104593628145575,-1.356437982475979,-0.8607363206995634,2.180232670697076,0.9531711366339842,1.0564525044433437,0.3405550654551648,-0.6718563426385925,1.6652488561239847,1.8744735881897867,0.7159129334778092,-0.23204774044612855,-0.6661785879229576,0.0
322,0.35743774070909373,1.1679100318214901,-0.8607363206995634,-1.124287160857312,-0.5841212263087268,-1.0411415985818462,1.494138570142575,1.5062300827953725,0.10027031984283166,-0.4191677623606668,,-0.23204774044612855,1.5010989817577989,0.0
323,-0.28606481644935544,-0.7084312558394958,-0.8607363206995634,-0.022780550339182755,0.18452495516262873,0.007655452930748742,-0.8130284392322452,-1.3978851511165808,0.10027031984283166,-0.036894203935591174,0.7159129334778092,-0.23204774044612855,-0.6661785879229576,0.0
324,0.22490970477385921,-0.10775504886584117,-0.8607363206995634,-0.022780550339182755,0.18452495516262873,0.007655452930748742,-0.8130284392322452,-0.6718563426385925,0.10027031984283166,-0.4191677623606668,-1.3968178995483904,-0.23204774044612855,-0.6661785879229576,0.0
325,-0.13774824193699914,-0.5201103000848772,-0.8607363206995634,0.5279727549198818,0.18452495516262873,0.007655452930748742,-0.8130284392322452,-0.6718563426385925,0.10027031984283166,1.1099264713396355,0.7159129334778092,-0.23204774044612855,-0.6661785879229576,0.0
326,-0.32434006148480227,1.4472523445360894,-0.8607363206995634,-0.5735338555982474,-0.5841212263087268,-1.0411415985818462,0.3405550654551648,1.5062300827953725,-0.6822189482977449,-1.5659884376358935,0.7159129334778092,-0.23204774044612855,1.5010989817577989,0.0
327,-0.49179425851488195,-0.6384933259182577,-0.8607363206995634,0.5279727549198818,0.18452495516262873,0.007655452930748742,-0.8130284392322452,-0.6718563426385925,0.10027031984283166,-0.8014413207857424,0.7159129334778092,-0.23204774044612855,-0.6661785879229576,0.0
328,-0.3817529290379724,-0.8375859574613138,-0.8607363206995634,1.629479365438011,1.7218173181053398,3.1540466074685334,2.647722074829985,1.5062300827953725,0.8827595879834081,-1.1837148792108179,0.7159129334778092,-0.23204774044612855,1.5010989817577989,0.0
329,-0.1808078926018768,-0.36661052386553206,-0.8607363206995634,0.5279727549198818,2.490463499576695,2.1052495559559388,3.8013055795173947,2.2322588912733607,0.8827595879834081,-1.1837148792108179,0.7159129334778092,-0.23204774044612855,1.5010989817577989,0.0
330,0.1708459211612906,1.7830957914142482,-0.8607363206995634,-1.124287160857312,-2.121413589251438,-1.0411415985818462,0.3405550654551648,1.5062300827953725,-2.247197484578898,-0.4191677623606668,0.7159129334778092,4.309458036856673,1.5010989817577989,0.0
331,-0.34347768400252565,1.4472523445360894,-0.8607363206995634,-0.5735338555982474,-0.5841212263087268,-1.0411415985818462,0.3405550654551648,1.5062300827953725,-0.6822189482977449,-0.4191677623606668,0.7159129334778092,-0.23204774044612855,1.5010989817577989,0.0
332,0.2976326703412081,1.382227644767766,-0.8607363206995634,-1.124287160857312,-0.5841212263087268,-1.0411415985818462,1.494138570142575,1.5062300827953725,-0.6822189482977449,0.3453793544894844,0.7159129334778092,-0.23204774044612855,1.5010989817577989,0.0
333,0.11529323051684313,1.7830957914142482,-0.8607363206995634,-1.124287160857312,-2.121413589251438,-1.0411415985818462,0.3405550654551648,1.5062300827953725,-2.247197484578898,-1.1837148792108179,0.7159129334778092,4.309458036856673,1.5010989817577989,0.0
334,-0.2286519488961853,1.7830957914142482,-0.8607363206995634,-1.124287160857312,-2.121413589251438,-1.0411415985818462,0.3405550654551648,1.5062300827953725,-2.247197484578898,-0.8014413207857424,0.7159129334778092,4.309458036856673,1.5010989817577989,0.0
335,-0.3578309008908182,2.0833860350465834,-0.8607363206995634,-1.6750404661163767,-2.121413589251438,-1.0411415985818462,0.3405550654551648,1.5062300827953725,-2.247197484578898,-0.036894203935591174,0.7159129334778092,-0.23204774044612855,1.5010989817577989,0.0
336,-0.45112681066471977,1.4472523445360894,-0.8607363206995634,-0.5735338555982474,-0.5841212263087268,-1.0411415985818462,0.3405550654551648,1.5062300827953725,-0.6822189482977449,-0.036894203935591174,0.7159129334778092,-0.23204774044612855,1.5010989817577989,0.0
337,-0.396106145926265,-0.8041357400309,-0.8042728240288589,-0.022780550339182755,0.18452495516262873,0.007655452930748742,-0.8130284392322452,-0.6718563426385925,0.10027031984283166,-0.8014413207857424,0.7159129334778092,-0.23204774044612855,-0.6661785879229576,0.0
338,-0.42002817407341925,1.382227644767766,-0.8042728240288589,-1.124287160857312,-0.5841212263087268,-1.0411415985818462,1.494138570142575,1.5062300827953725,-0.6822189482977449,-0.4191677623606668,0.7159129334778092,-0.23204774044612855,1.5010989817577989,0.0
339,0.8616375435610343,-0.10775504886584117,-0.8042728240288589,-0.022780550339182755,0.18452495516262873,0.007655452930748742,-0.8130284392322452,-0.6718563426385925,0.10027031984283166,-0.4191677623606668,-1.3968178995483904,-0.23204774044612855,-0.6661785879229576,0.0
340,-0.3932355025486065,-0.8375859574613138,-0.8042728240288589,1.629479365438011,1.7218173181053398,3.1540466074685334,2.647722074829985,1.5062300827953725,0.8827595879834081,-1.1837148792108179,0.7159129334778092,-0.23204774044612855,1.5010989817577989,0.0
341,0.5607749799599048,1.1679100318214901,-0.8042728240288589,-1.124287160857312,-0.5841212263087268,-1.0411415985818462,1.494138570142575,1.5062300827953725,0.10027031984283166,-0.036894203935591174,,-0.23204774044612855,1.5010989817577989,0.0
342,-0.19994551511960018,-0.6384933259182577,-0.8042728240288589,0.5279727549198818,0.18452495516262873,0.007655452930748742,-0.8130284392322452,-0.6718563426385925,0.10027031984283166,-0.4191677623606668,0.7159129334778092,-0.23204774044612855,-0.6661785879229576,0.0
343,-0.2764960051904938,-1.356437982475979,-0.8042728240288589,2.180232670697076,0.9531711366339842,1.0564525044433437,0.3405550654551648,-0.6718563426385925,1.6652488561239847,1.8744735881897867,0.7159129334778092,-0.23204774044612855,-0.6661785879229576,0.0
344,-0.4559112162941506,1.4472523445360894,-0.8042728240288589,-0.5735338555982474,-0.5841212263087268,-1.0411415985818462,0.3405550654551648,1.5062300827953725,-0.6822189482977449,-0.4191677623606668,0.7159129334778092,-0.23204774044612855,1.5010989817577989,0.0
345,-0.09468859127212151,-0.5201103000848772,-0.8042728240288589,0.5279727549198818,0.18452495516262873,0.007655452930748742,-0.8130284392322452,-0.6718563426385925,0.10027031984283166,1.8744735881897867,0.7159129334778092,-0.23204774044612855,-0.6661785879229576,0.0
346,-0.3482620896319565,1.4472523445360894,-0.8042728240288589,-0.5735338555982474,-0.5841212263087268,-1.0411415985818462,0.3405550654551648,1.5062300827953725,-0.6822189482977449,-0.4191677623606668,0.7159129334778092,-0.23204774044612855,1.5010989817577989,0.0
347,-0.3482620896319565,-0.7472533060317542,-0.8042728240288589,0.5279727549198818,0.18452495516262873,0.007655452930748742,0.3405550654551648,-0.6718563426385925,0.10027031984283166,0.3453793544894844,0.7159129334778092,-0.23204774044612855,-0.6661785879229576,0.0
348,0.22012529914442835,-0.10775504886584117,-0.8042728240288589,-0.022780550339182755,0.18452495516262873,0.007655452930748742,-0.8130284392322452,-0.6718563426385925,0.10027031984283166,-0.4191677623606668,-1.3968178995483904,-0.23204774044612855,-0.6661785879229576,0.0
349,-0.44873460785000435,1.4472523445360894,-0.8042728240288589,-0.5735338555982474,-0.5841212263087268,-1.0411415985818462,0.3405550654551648,1.5062300827953725,-0.6822189482977449,-0.4191677623606668,0.7159129334778092,-0.23204774044612855,1.5010989817577989,0.0
350,-0.03727572371895132,-0.8041357400309,-0.8042728240288589,-0.022780550339182755,0.18452495516262873,0.007655452930748742,-0.8130284392322452,-0.6718563426385925,0.10027031984283166,0.72765291291456,0.7159129334778092,-0.23204774044612855,-0.6661785879229576,0.0
351,-0.475048838811874,-0.6384933259182577,-0.8042728240288589,0.5279727549198818,0.18452495516262873,0.007655452930748742,-0.8130284392322452,-0.6718563426385925,0.10027031984283166,1.4922000297647111,0.7159129334778092,-0.23204774044612855,-0.6661785879229576,0.0
352,-0.04684453497781302,-0.41986589121607065,-0.8042728240288589,-1.124287160857312,-0.5841212263087268,0.007655452930748742,-0.8130284392322452,-0.6718563426385925,0.10027031984283166,-0.8014413207857424,0.7159129334778092,-0.23204774044612855,-0.6661785879229576,0.0
353,0.17802252960543688,-0.5201103000848772,-0.8042728240288589,0.5279727549198818,0.18452495516262873,0.007655452930748742,-0.8130284392322452,-0.6718563426385925,0.10027031984283166,1.4922000297647111,0.7159129334778092,-0.23204774044612855,-0.6661785879229576,0.0
354,-0.21429873200789273,-0.7472533060317542,-0.8042728240288589,0.5279727549198818,0.18452495516262873,0.007655452930748742,0.3405550654551648,-0.6718563426385925,0.10027031984283166,0.3453793544894844,0.7159129334778092,-0.23204774044612855,-0.6661785879229576,0.0
355,0.034490360722511416,-0.10775504886584117,-0.8042728240288589,-0.022780550339182755,0.18452495516262873,0.007655452930748742,-0.8130284392322452,-0.6718563426385925,0.10027031984283166,-0.036894203935591174,-1.3968178995483904,-0.23204774044612855,-0.6661785879229576,0.0
356,-0.02292250683065877,-0.7084312558394958,-0.8042728240288589,-0.022780550339182755,0.18452495516262873,0.007655452930748742,-0.8130284392322452,-1.3978851511165808,0.10027031984283166,0.72765291291456,0.7159129334778092,-0.23204774044612855,-0.6661785879229576,0.0
357,0.05745550774377949,-0.10775504886584117,-0.7478093273581544,-0.022780550339182755,0.18452495516262873,0.007655452930748742,-0.8130284392322452,-0.6718563426385925,0.10027031984283166,-0.036894203935591174,-1.3968178995483904,-0.23204774044612855,-0.6661785879229576,0.0
358,0.7177034846052367,-0.10775504886584117,-0.7478093273581544,-0.022780550339182755,0.18452495516262873,0.007655452930748742,-0.8130284392322452,-0.6718563426385925,0.10027031984283166,-1.1837148792108179,-1.3968178995483904,-0.23204774044612855,-0.6661785879229576,0.0
359,-0.28606481644935544,1.7830957914142482,-0.7478093273581544,-1.124287160857312,-2.121413589251438,-1.0411415985818462,0.3405550654551648,1.5062300827953725,-2.247197484578898,-0.8014413207857424,0.7159129334778092,4.309458036856673,1.5010989817577989,0.0
360,-0.02770691246008962,-0.41986589121607065,-0.7478093273581544,-1.124287160857312,-0.5841212263087268,0.007655452930748742,-0.8130284392322452,-0.6718563426385925,0.10027031984283166,0.3453793544894844,0.7159129334778092,-0.23204774044612855,-0.6661785879229576,0.0
361,-0.019094982327114093,-0.7084312558394958,-0.7478093273581544,-0.022780550339182755,0.18452495516262873,0.007655452930748742,-0.8130284392322452,-1.3978851511165808,0.10027031984283166,-0.036894203935591174,0.7159129334778092,-0.23204774044612855,-0.6661785879229576,0.0
362,-0.20143442215147905,-0.7472533060317542,-0.7478093273581544,0.5279727549198818,0.18452495516262873,0.007655452930748742,0.3405550654551648,-0.6718563426385925,0.10027031984283166,-0.036894203935591174,0.7159129334778092,-0.23204774044612855,-0.6661785879229576,0.0
363,-0.3769685234085416,-0.7472533060317542,-0.7478093273581544,0.5279727549198818,0.18452495516262873,0.007655452930748742,0.3405550654551648,-0.6718563426385925,0.10027031984283166,-0.8014413207857424,0.7159129334778092,-0.23204774044612855,-0.6661785879229576,0.0
364,-0.458303419108866,-0.6384933259182577,-0.7478093273581544,0.5279727549198818,0.18452495516262873,0.007655452930748742,-0.8130284392322452,-0.6718563426385925,0.10027031984283166,0.3453793544894844,0.7159129334778092,-0.23204774044612855,-0.6661785879229576,0.0
365,0.8645847374287637,-0.10775504886584117,-0.7478093273581544,-0.022780550339182755,0.18452495516262873,0.007655452930748742,-0.8130284392322452,-0.6718563426385925,0.10027031984283166,-0.4191677623606668,-1.3968178995483904,-0.23204774044612855,-0.6661785879229576,0.0
366,0.7808576389137238,-0.10775504886584117,-0.7478093273581544,-0.022780550339182755,0.18452495516262873,0.007655452930748742,-0.8130284392322452,-0.6718563426385925,0.10027031984283166,-0.8014413207857424,-1.3968178995483904,-0.23204774044612855,-0.6661785879229576,0.0
367,-0.4104593628145575,-0.8375859574613138,-0.7478093273581544,1.629479365438011,1.7218173181053398,3.1540466074685334,2.647722074829985,1.5062300827953725,0.8827595879834081,-0.8014413207857424,0.7159129334778092,-0.23204774044612855,1.5010989817577989,0.0
368,-0.34108548118781024,2.0833860350465834,-0.7478093273581544,-1.6750404661163767,-2.121413589251438,-1.0411415985818462,0.3405550654551648,1.5062300827953725,-2.247197484578898,-1.1837148792108179,0.7159129334778092,-0.23204774044612855,1.5010989817577989,0.0
369,-0.07650784988028428,-0.7472533060317542,-0.7478093273581544,0.5279727549198818,0.18452495516262873,0.007655452930748742,0.3405550654551648,-0.6718563426385925,0.10027031984283166,-0.8014413207857424,0.7159129334778092,-0.23204774044612855,-0.6661785879229576,0.0
370,-0.1578427455806087,-0.10775504886584117,-0.7478093273581544,-0.022780550339182755,0.18452495516262873,0.007655452930748742,-0.8130284392322452,-0.6718563426385925,0.10027031984283166,0.3453793544894844,-1.3968178995483904,-0.23204774044612855,-0.6661785879229576,0.0
371,-0.36261530652024904,-0.7472533060317542,-0.7478093273581544,0.5279727549198818,0.18452495516262873,0.007655452930748742,0.3405550654551648,-0.6718563426385925,0.10027031984283166,-0.4191677623606668,0.7159129334778092,-0.23204774044612855,-0.6661785879229576,0.0
372,0.22490970477385921,-0.10775504886584117,-0.7478093273581544,-0.022780550339182755,0.18452495516262873,0.007655452930748742,-0.8130284392322452,-0.6718563426385925,0.10027031984283166,-0.4191677623606668,-1.3968178995483904,-0.23204774044612855,-0.6661785879229576,0.0
373,-0.40663183831101285,1.382227644767766,-0.7478093273581544,-1.124287160857312,-0.5841212263087268,-1.0411415985818462,1.494138570142575,1.5062300827953725,-0.6822189482977449,-0.8014413207857424,0.7159129334778092,-0.23204774044612855,1.5010989817577989,0.0
374,-0.3482620896319565,-0.8041357400309,-0.7478093273581544,-0.022780550339182755,0.18452495516262873,0.007655452930748742,-0.8130284392322452,-0.6718563426385925,0.10027031984283166,0.72765291291456,0.7159129334778092,-0.23204774044612855,-0.6661785879229576,0.0
375,-0.06358995468082099,-0.41986589121607065,-0.7478093273581544,-1.124287160857312,-0.5841212263087268,0.007655452930748742,-0.8130284392322452,-0.6718563426385925,0.10027031984283166,-1.1837148792108179,0.7159129334778092,-0.23204774044612855,-0.6661785879229576,0.0
376,-0.2784097674422661,1.1679100318214901,-0.7478093273581544,-1.124287160857312,-0.5841212263087268,-1.0411415985818462,1.494138570142575,1.5062300827953725,0.10027031984283166,-1.1837148792108179,,-0.23204774044612855,1.5010989817577989,0.0
377,-0.3817529290379724,-0.7472533060317542,-0.6913458306874499,0.5279727549198818,0.18452495516262873,0.007655452930748742,0.3405550654551648,-0.6718563426385925,0.10027031984283166,-0.4191677623606668,0.7159129334778092,-0.23204774044612855,-0.6661785879229576,0.0
378,0.05745550774377949,-0.10775504886584117,-0.6913458306874499,-0.022780550339182755,0.18452495516262873,0.007655452930748742,-0.8130284392322452,-0.6718563426385925,0.10027031984283166,-0.036894203935591174,-1.3968178995483904,-0.23204774044612855,-0.6661785879229576,0.0
379,-0.45926030023475223,1.4472523445360894,-0.6913458306874499,-0.5735338555982474,-0.5841212263087268,-1.0411415985818462,0.3405550654551648,1.5062300827953725,-0.6822189482977449,-0.4191677623606668,0.7159129334778092,-0.23204774044612855,1.5010989817577989,0.0
380,-0.03727572371895132,0.3281208361498234,-0.6913458306874499,-0.022780550339182755,0.18452495516262873,0.007655452930748742,1.494138570142575,0.7802012743173842,0.10027031984283166,-1.5659884376358935,0.7159129334778092,-0.23204774044612855,1.5010989817577989,0.0
381,0.0919032282756816,1.382227644767766,-0.6913458306874499,-1.124287160857312,-0.5841212263087268,-1.0411415985818462,1.494138570142575,1.5062300827953725,-0.6822189482977449,0.72765291291456,0.7159129334778092,-0.23204774044612855,1.5010989817577989,0.0
382,0.17228124285011986,-0.10775504886584117,-0.6913458306874499,-0.022780550339182755,0.18452495516262873,0.007655452930748742,-0.8130284392322452,-0.6718563426385925,0.10027031984283166,-0.4191677623606668,-1.3968178995483904,-0.23204774044612855,-0.6661785879229576,0.0
383,-0.33390887274366393,1.4472523445360894,-0.6913458306874499,-0.5735338555982474,-0.5841212263087268,-1.0411415985818462,0.3405550654551648,1.5062300827953725,-0.6822189482977449,-0.036894203935591174,0.7159129334778092,-0.23204774044612855,1.5010989817577989,0.0
384,0.21055648788556666,-0.10775504886584117,-0.6913458306874499,-0.022780550339182755,0.18452495516262873,0.007655452930748742,-0.8130284392322452,-0.6718563426385925,0.10027031984283166,-0.4191677623606668,-1.3968178995483904,-0.23204774044612855,-0.6661785879229576,0.0
385,-0.2531060029493322,-0.7472533060317542,-0.6913458306874499,0.5279727549198818,0.18452495516262873,0.007655452930748742,0.3405550654551648,-0.6718563426385925,0.10027031984283166,-0.8014413207857424,0.7159129334778092,-0.23204774044612855,-0.6661785879229576,0.0
386,-0.2764960051904938,-1.356437982475979,-0.6913458306874499,2.180232670697076,0.9531711366339842,1.0564525044433437,0.3405550654551648,-0.6718563426385925,1.6652488561239847,1.8744735881897867,0.7159129334778092,-0.23204774044612855,-0.6661785879229576,0.0
387,0.034490360722511416,1.7830957914142482,-0.6913458306874499,-1.124287160857312,-2.121413589251438,-1.0411415985818462,0.3405550654551648,1.5062300827953725,-2.247197484578898,-1.5659884376358935,0.7159129334778092,4.309458036856673,1.5010989817577989,0.0
388,0.17228124285011986,-0.10775504886584117,-0.6913458306874499,-0.022780550339182755,0.18452495516262873,0.007655452930748742,-0.8130284392322452,-0.6718563426385925,0.10027031984283166,-0.036894203935591174,-1.3968178995483904,-0.23204774044612855,-0.6661785879229576,0.0
389,0.8239172895786016,-0.10775504886584117,-0.6913458306874499,-0.022780550339182755,0.18452495516262873,0.007655452930748742,-0.8130284392322452,-0.6718563426385925,0.10027031984283166,-0.4191677623606668,-1.3968178995483904,-0.23204774044612855,-0.6661785879229576,0.0
390,-0.3769685234085416,-0.7472533060317542,-0.6913458306874499,0.5279727549198818,0.18452495516262873,0.007655452930748742,0.3405550654551648,-0.6718563426385925,0.10027031984283166,-0.4191677623606668,0.7159129334778092,-0.23204774044612855,-0.6661785879229576,0.0
391,-0.061197751866105564,-0.7472533060317542,-0.6913458306874499,0.5279727549198818,0.18452495516262873,0.007655452930748742,0.3405550654551648,-0.6718563426385925,0.10027031984283166,0.3453793544894844,0.7159129334778092,-0.23204774044612855,-0.6661785879229576,0.0
392,-0.3673997121496799,-0.8041357400309,-0.6913458306874499,-0.022780550339182755,0.18452495516262873,0.007655452930748742,-0.8130284392322452,-0.6718563426385925,0.10027031984283166,-0.036894203935591174,0.7159129334778092,-0.23204774044612855,-0.6661785879229576,0.0
393,-0.4563896568570937,2.0833860350465834,-0.6913458306874499,-1.6750404661163767,-2.121413589251438,-1.0411415985818462,0.3405550654551648,1.5062300827953725,-2.247197484578898,-1.5659884376358935,0.7159129334778092,-0.23204774044612855,1.5010989817577989,0.0
394,-0.10904180816041405,-0.7084312558394958,-0.6913458306874499,-0.022780550339182755,0.18452495516262873,0.007655452930748742,-0.8130284392322452,-1.3978851511165808,0.10027031984283166,0.72765291291456,0.7159129334778092,-0.23204774044612855,-0.6661785879229576,0.0
395,-0.33390887274366393,2.0833860350465834,-0.6913458306874499,-1.6750404661163767,-2.121413589251438,-1.0411415985818462,0.3405550654551648,1.5062300827953725,-2.247197484578898,-1.1837148792108179,0.7159129334778092,-0.23204774044612855,1.5010989817577989,0.0
396,-0.18559229823130763,-0.6384933259182577,-0.6913458306874499,0.5279727549198818,0.18452495516262873,0.007655452930748742,-0.8130284392322452,-0.6718563426385925,0.10027031984283166,1.4922000297647111,0.7159129334778092,-0.23204774044612855,-0.6661785879229576,0.0
397,-0.1808078926018768,-0.6384933259182577,-0.6913458306874499,0.5279727549198818,0.18452495516262873,0.007655452930748742,-0.8130284392322452,-0.6718563426385925,0.10027031984283166,1.4922000297647111,0.7159129334778092,-0.23204774044612855,-0.6661785879229576,0.0
398,-0.13535603912228372,-0.6384933259182577,-0.6913458306874499,0.5279727549198818,0.18452495516262873,0.007655452930748742,-0.8130284392322452,-0.6718563426385925,0.10027031984283166,1.8744735881897867,0.7159129334778092,-0.23204774044612855,-0.6661785879229576,0.0
399,-0.3817529290379724,1.382227644767766,-0.6913458306874499,-1.124287160857312,-0.5841212263087268,-1.0411415985818462,1.494138570142575,1.5062300827953725,-0.6822189482977449,0.3453793544894844,0.7159129334778092,-0.23204774044612855,1.5010989817577989,0.0
400,-0.4535190134794352,1.4472523445360894,-0.6913458306874499,-0.5735338555982474,-0.5841212263087268,-1.0411415985818462,0.3405550654551648,1.5062300827953725,-0.6822189482977449,-0.036894203935591174,0.7159129334778092,-0.23204774044612855,1.5010989817577989,0.0
401,-0.3889295374821187,-0.8041357400309,-0.6348823340167454,-0.022780550339182755,0.18452495516262873,0.007655452930748742,-0.8130284392322452,-0.6718563426385925,0.10027031984283166,-0.036894203935591174,0.7159129334778092,-0.23204774044612855,-0.6661785879229576,0.0
402,0.010568332575357171,-0.7472533060317542,-0.6348823340167454,0.5279727549198818,0.18452495516262873,0.007655452930748742,0.3405550654551648,-0.6718563426385925,0.10027031984283166,1.1099264713396355,0.7159129334778092,-0.23204774044612855,-0.6661785879229576,0.0
403,-0.3578309008908182,-0.7472533060317542,-0.6348823340167454,0.5279727549198818,0.18452495516262873,0.007655452930748742,0.3405550654551648,-0.6718563426385925,0.10027031984283166,-0.4191677623606668,0.7159129334778092,-0.23204774044612855,-0.6661785879229576,0.0
404,0.05649862661789332,-0.10775504886584117,-0.6348823340167454,-0.022780550339182755,0.18452495516262873,0.007655452930748742,-0.8130284392322452,-0.6718563426385925,0.10027031984283166,-0.8014413207857424,-1.3968178995483904,-0.23204774044612855,-0.6661785879229576,0.0
405,-0.17363128415773052,-0.6384933259182577,-0.6348823340167454,0.5279727549198818,0.18452495516262873,0.007655452930748742,-0.8130284392322452,-0.6718563426385925,0.10027031984283166,1.1099264713396355,0.7159129334778092,-0.23204774044612855,-0.6661785879229576,0.0
406,0.08233441701681991,1.1679100318214901,-0.6348823340167454,-1.124287160857312,-0.5841212263087268,-1.0411415985818462,1.494138570142575,1.5062300827953725,0.10027031984283166,-0.8014413207857424,,-0.23204774044612855,1.5010989817577989,0.0
407,-0.3482620896319565,2.0833860350465834,-0.6348823340167454,-1.6750404661163767,-2.121413589251438,-1.0411415985818462,0.3405550654551648,1.5062300827953725,-2.247197484578898,-1.5659884376358935,0.7159129334778092,-0.23204774044612855,1.5010989817577989,0.0
408,-0.4472992861611751,1.4472523445360894,-0.6348823340167454,-0.5735338555982474,-0.5841212263087268,-1.0411415985818462,0.3405550654551648,1.5062300827953725,-0.6822189482977449,0.3453793544894844,0.7159129334778092,-0.23204774044612855,1.5010989817577989,0.0
409,-0.03727572371895132,-1.356437982475979,-0.6348823340167454,2.180232670697076,0.9531711366339842,1.0564525044433437,0.3405550654551648,-0.6718563426385925,1.6652488561239847,1.4922000297647111,0.7159129334778092,-0.23204774044612855,-0.6661785879229576,0.0
410,-0.19994551511960018,-0.6384933259182577,-0.6348823340167454,0.5279727549198818,0.18452495516262873,0.007655452930748742,-0.8130284392322452,-0.6718563426385925,0.10027031984283166,-0.4191677623606668,0.7159129334778092,-0.23204774044612855,-0.6661785879229576,0.0
411,-0.1808078926018768,-0.7472533060317542,-0.6348823340167454,0.5279727549198818,0.18452495516262873,0.007655452930748742,0.3405550654551648,-0.6718563426385925,0.10027031984283166,0.3453793544894844,0.7159129334778092,-0.23204774044612855,-0.6661785879229576,0.0
412,-0.3291244671142331,-0.41986589121607065,-0.6348823340167454,-1.124287160857312,-0.5841212263087268,0.007655452930748742,-0.8130284392322452,-0.6718563426385925,0.10027031984283166,-0.036894203935591174,0.7159129334778092,-0.23204774044612855,-0.6661785879229576,0.0
413,-0.32434006148480227,-0.41986589121607065,-0.6348823340167454,-1.124287160857312,-0.5841212263087268,0.007655452930748742,-0.8130284392322452,-0.6718563426385925,0.10027031984283166,0.3453793544894844,0.7159129334778092,-0.23204774044612855,-0.6661785879229576,0.0
414,0.8239172895786016,-0.10775504886584117,-0.6348823340167454,-0.022780550339182755,0.18452495516262873,0.007655452930748742,-0.8130284392322452,-0.6718563426385925,0.10027031984283166,-0.4191677623606668,-1.3968178995483904,-0.23204774044612855,-0.6661785879229576,0.0
415,0.4220272167064102,1.1679100318214901,-0.6348823340167454,-1.124287160857312,-0.5841212263087268,-1.0411415985818462,1.494138570142575,1.5062300827953725,0.10027031984283166,-0.8014413207857424,,-0.23204774044612855,1.5010989817577989,0.0
416,-0.12817943067813745,-0.6384933259182577,-0.6348823340167454,0.5279727549198818,0.18452495516262873,0.007655452930748742,-0.8130284392322452,-0.6718563426385925,0.10027031984283166,2.2567471466148623,0.7159129334778092,-0.23204774044612855,-0.6661785879229576,0.0
417,0.19237574649372943,-0.10775504886584117,-0.5784188373460409,-0.022780550339182755,0.18452495516262873,0.007655452930748742,-0.8130284392322452,-0.6718563426385925,0.10027031984283166,-0.036894203935591174,-1.3968178995483904,-0.23204774044612855,-0.6661785879229576,0.0
418,0.17228124285011986,-0.10775504886584117,-0.5784188373460409,-0.022780550339182755,0.18452495516262873,0.007655452930748742,-0.8130284392322452,-0.6718563426385925,0.10027031984283166,-0.4191677623606668,-1.3968178995483904,-0.23204774044612855,-0.6661785879229576,0.0
419,-0.20951432637846187,1.7830957914142482,-0.5784188373460409,-1.124287160857312,-2.121413589251438,-1.0411415985818462,0.3405550654551648,1.5062300827953725,-2.247197484578898,-0.4191677623606668,0.7159129334778092,4.309458036856673,1.5010989817577989,0.0
420,-0.39132174029683414,-0.7472533060317542,-0.5784188373460409,0.5279727549198818,0.18452495516262873,0.007655452930748742,0.3405550654551648,-0.6718563426385925,0.10027031984283166,-1.1837148792108179,0.7159129334778092,-0.23204774044612855,-0.6661785879229576,0.0
421,-0.4559112162941506,1.4472523445360894,-0.5784188373460409,-0.5735338555982474,-0.5841212263087268,-1.0411415985818462,0.3405550654551648,1.5062300827953725,-0.6822189482977449,-0.4191677623606668,0.7159129334778092,-0.23204774044612855,1.5010989817577989,0.0
422,0.06744917422253464,-0.7472533060317542,-0.5784188373460409,0.5279727549198818,0.18452495516262873,0.007655452930748742,0.3405550654551648,-0.6718563426385925,0.10027031984283166,0.72765291291456,0.7159129334778092,-0.23204774044612855,-0.6661785879229576,0.0
423,-0.15688586445472255,-0.5201103000848772,-0.5784188373460409,0.5279727549198818,0.18452495516262873,0.007655452930748742,-0.8130284392322452,-0.6718563426385925,0.10027031984283166,0.3453793544894844,0.7159129334778092,-0.23204774044612855,-0.6661785879229576,0.0
424,-0.48318232838190645,-0.6384933259182577,-0.5784188373460409,0.5279727549198818,0.18452495516262873,0.007655452930748742,-0.8130284392322452,-0.6718563426385925,0.10027031984283166,-0.036894203935591174,0.7159129334778092,-0.23204774044612855,-0.6661785879229576,0.0
425,-0.4425148805317442,-0.6384933259182577,-0.5784188373460409,0.5279727549198818,0.18452495516262873,0.007655452930748742,-0.8130284392322452,-0.6718563426385925,0.10027031984283166,2.2567471466148623,0.7159129334778092,-0.23204774044612855,-0.6661785879229576,0.0
426,-0.02249765161076531,1.1679100318214901,-0.5784188373460409,-1.124287160857312,-0.5841212263087268,-1.0411415985818462,1.494138570142575,1.5062300827953725,0.10027031984283166,-0.036894203935591174,,-0.23204774044612855,1.5010989817577989,0.0
427,-0.3386932783730948,-0.7084312558394958,-0.5784188373460409,-0.022780550339182755,0.18452495516262873,0.007655452930748742,-0.8130284392322452,-1.3978851511165808,0.10027031984283166,0.3453793544894844,0.7159129334778092,-0.23204774044612855,-0.6661785879229576,0.0
428,0.17323812397600605,1.7830957914142482,-0.5784188373460409,-1.124287160857312,-2.121413589251438,-1.0411415985818462,0.3405550654551648,1.5062300827953725,-2.247197484578898,-0.036894203935591174,0.7159129334778092,4.309458036856673,1.5010989817577989,0.0
429,-0.3769685234085416,-0.8041357400309,-0.5784188373460409,-0.022780550339182755,0.18452495516262873,0.007655452930748742,-0.8130284392322452,-0.6718563426385925,0.10027031984283166,0.72765291291456,0.7159129334778092,-0.23204774044612855,-0.6661785879229576,0.0
430,-0.0535427028590162,-0.7472533060317542,-0.5784188373460409,0.5279727549198818,0.18452495516262873,0.007655452930748742,0.3405550654551648,-0.6718563426385925,0.10027031984283166,0.72765291291456,0.7159129334778092,-0.23204774044612855,-0.6661785879229576,0.0
431,-0.37218411777911076,-0.36661052386553206,-0.5219553406753364,0.5279727549198818,2.490463499576695,2.1052495559559388,3.8013055795173947,2.2322588912733607,0.8827595879834081,-1.1837148792108179,0.7159129334778092,-0.23204774044612855,1.5010989817577989,0.0
432,1.6755414916172928,1.1679100318214901,-0.5219553406753364,-1.124287160857312,-0.5841212263087268,-1.0411415985818462,1.494138570142575,1.5062300827953725,0.10027031984283166,1.1099264713396355,-1.3968178995483904,-0.23204774044612855,1.5010989817577989,0.0
433,-0.37218411777911076,-1.356437982475979,-0.5219553406753364,2.180232670697076,0.9531711366339842,1.0564525044433437,0.3405550654551648,-0.6718563426385925,1.6652488561239847,1.4922000297647111,0.7159129334778092,-0.23204774044612855,-0.6661785879229576,0.0
434,-0.4272047825175655,-0.8041357400309,-0.5219553406753364,-0.022780550339182755,0.18452495516262873,0.007655452930748742,-0.8130284392322452,-0.6718563426385925,0.10027031984283166,-0.8014413207857424,0.7159129334778092,-0.23204774044612855,-0.6661785879229576,0.0
435,0.05841238886966566,-0.10775504886584117,-0.5219553406753364,-0.022780550339182755,0.18452495516262873,0.007655452930748742,-0.8130284392322452,-0.6718563426385925,0.10027031984283166,-0.4191677623606668,-1.3968178995483904,-0.23204774044612855,-0.6661785879229576,0.0
436,-0.44155799940585805,-0.6384933259182577,-0.5219553406753364,0.5279727549198818,0.18452495516262873,0.007655452930748742,-0.8130284392322452,-0.6718563426385925,0.10027031984283166,-0.036894203935591174,0.7159129334778092,-0.23204774044612855,-0.6661785879229576,0.0
437,-0.3578309008908182,-0.7472533060317542,-0.5219553406753364,0.5279727549198818,0.18452495516262873,0.007655452930748742,0.3405550654551648,-0.6718563426385925,0.10027031984283166,-0.8014413207857424,0.7159129334778092,-0.23204774044612855,-0.6661785879229576,0.0
438,-0.4496914889758905,-0.8041357400309,-0.5219553406753364,-0.022780550339182755,0.18452495516262873,0.007655452930748742,-0.8130284392322452,-0.6718563426385925,0.10027031984283166,-0.036894203935591174,0.7159129334778092,-0.23204774044612855,-0.6661785879229576,0.0
439,0.26414183093519217,0.3281208361498234,-0.5219553406753364,-0.022780550339182755,0.18452495516262873,0.007655452930748742,1.494138570142575,0.7802012743173842,0.10027031984283166,-0.4191677623606668,0.7159129334778092,-0.23204774044612855,1.5010989817577989,0.0
440,-0.23401048320114784,-0.8375859574613138,-0.5219553406753364,1.629479365438011,1.7218173181053398,3.1540466074685334,2.647722074829985,1.5062300827953725,0.8827595879834081,-1.1837148792108179,0.7159129334778092,-0.23204774044612855,1.5010989817577989,0.0
441,-0.3817529290379724,1.382227644767766,-0.5219553406753364,-1.124287160857312,-0.5841212263087268,-1.0411415985818462,1.494138570142575,1.5062300827953725,-0.6822189482977449,0.3453793544894844,0.7159129334778092,-0.23204774044612855,1.5010989817577989,0.0
442,-0.17602348697244594,-0.10775504886584117,-0.5219553406753364,-0.022780550339182755,0.18452495516262873,0.007655452930748742,-0.8130284392322452,-0.6718563426385925,0.10027031984283166,0.3453793544894844,-1.3968178995483904,-0.23204774044612855,-0.6661785879229576,0.0
443,0.16271243159125817,-0.10775504886584117,-0.5219553406753364,-0.022780550339182755,0.18452495516262873,0.007655452930748742,-0.8130284392322452,-0.6718563426385925,0.10027031984283166,-0.4191677623606668,-1.3968178995483904,-0.23204774044612855,-0.6661785879229576,0.0
444,-0.46117406248652454,-0.6384933259182577,-0.5219553406753364,0.5279727549198818,0.18452495516262873,0.007655452930748742,-0.8130284392322452,-0.6718563426385925,0.10027031984283166,1.8744735881897867,0.7159129334778092,-0.23204774044612855,-0.6661785879229576,0.0
445,0.19237574649372943,1.7830957914142482,-0.5219553406753364,-1.124287160857312,-2.121413589251438,-1.0411415985818462,0.3405550654551648,1.5062300827953725,-2.247197484578898,0.3453793544894844,0.7159129334778092,4.309458036856673,1.5010989817577989,0.0
446,-0.27984508913109535,1.7830957914142482,-0.5219553406753364,-1.124287160857312,-2.121413589251438,-1.0411415985818462,0.3405550654551648,1.5062300827953725,-2.247197484578898,-0.8014413207857424,0.7159129334778092,4.309458036856673,1.5010989817577989,0.0
447,-0.3578309008908182,-0.8041357400309,-0.5219553406753364,-0.022780550339182755,0.18452495516262873,0.007655452930748742,-0.8130284392322452,-0.6718563426385925,0.10027031984283166,0.72765291291456,0.7159129334778092,-0.23204774044612855,-0.6661785879229576,0.0
448,-0.3865373346674033,-0.7472533060317542,-0.5219553406753364,0.5279727549198818,0.18452495516262873,0.007655452930748742,0.3405550654551648,-0.6718563426385925,0.10027031984283166,-0.4191677623606668,0.7159129334778092,-0.23204774044612855,-0.6661785879229576,0.0
449,0.1239587459928683,-0.10775504886584117,-0.5219553406753364,-0.022780550339182755,0.18452495516262873,0.007655452930748742,-0.8130284392322452,-0.6718563426385925,0.10027031984283166,-0.8014413207857424,-1.3968178995483904,-0.23204774044612855,-0.6661785879229576,0.0
450,-0.36500750933496445,-0.7472533060317542,-0.5219553406753364,0.5279727549198818,0.18452495516262873,0.007655452930748742,0.3405550654551648,-0.6718563426385925,0.10027031984283166,0.3453793544894844,0.7159129334778092,-0.23204774044612855,-0.6661785879229576,0.0
451,-0.29084922207878633,0.02772790604081475,-0.5219553406753364,-0.022780550339182755,0.18452495516262873,-1.0411415985818462,0.3405550654551648,-0.6718563426385925,0.10027031984283166,-0.4191677623606668,0.7159129334778092,-0.23204774044612855,1.5010989817577989,0.0
452,-0.042060129348382165,-0.7084312558394958,-0.5219553406753364,-0.022780550339182755,0.18452495516262873,0.007655452930748742,-0.8130284392322452,-1.3978851511165808,0.10027031984283166,0.72765291291456,0.7159129334778092,-0.23204774044612855,-0.6661785879229576,0.0
453,1.5942065959169682,-1.725662341073072,-0.4654918440046319,2.7309859759561403,2.490463499576695,3.1540466074685334,0.3405550654551648,0.054172465839395875,2.447738124264561,1.8744735881897867,0.7159129334778092,-0.23204774044612855,-0.6661785879229576,0.0
454,0.16606151553185977,-0.7472533060317542,-0.4654918440046319,0.5279727549198818,0.18452495516262873,0.007655452930748742,0.3405550654551648,-0.6718563426385925,0.10027031984283166,1.4922000297647111,0.7159129334778092,-0.23204774044612855,-0.6661785879229576,0.0
455,-0.013353695571797074,1.1679100318214901,-0.4654918440046319,-1.124287160857312,-0.5841212263087268,-1.0411415985818462,1.494138570142575,1.5062300827953725,0.10027031984283166,0.3453793544894844,,-0.23204774044612855,1.5010989817577989,0.0
456,-0.03727572371895132,-1.356437982475979,-0.4654918440046319,2.180232670697076,0.9531711366339842,1.0564525044433437,0.3405550654551648,-0.6718563426385925,1.6652488561239847,1.1099264713396355,0.7159129334778092,-0.23204774044612855,-0.6661785879229576,0.0
457,0.03592568241134067,-0.10775504886584117,-0.4654918440046319,-0.022780550339182755,0.18452495516262873,0.007655452930748742,-0.8130284392322452,-0.6718563426385925,0.10027031984283166,-0.4191677623606668,-1.3968178995483904,-0.23204774044612855,-0.6661785879229576,0.0
458,-0.008569289942366224,-1.356437982475979,-0.4654918440046319,2.180232670697076,0.9531711366339842,1.0564525044433437,0.3405550654551648,-0.6718563426385925,1.6652488561239847,1.8744735881897867,0.7159129334778092,-0.23204774044612855,-0.6661785879229576,0.0
459,0.7186603657311228,-0.10775504886584117,-0.4654918440046319,-0.022780550339182755,0.18452495516262873,0.007655452930748742,-0.8130284392322452,-0.6718563426385925,0.10027031984283166,-0.8014413207857424,-1.3968178995483904,-0.23204774044612855,-0.6661785879229576,0.0
460,-0.2621427883022012,-1.356437982475979,-0.4654918440046319,2.180232670697076,0.9531711366339842,1.0564525044433437,0.3405550654551648,-0.6718563426385925,1.6652488561239847,1.1099264713396355,0.7159129334778092,-0.23204774044612855,-0.6661785879229576,0.0
461,-0.2525739770433395,-1.356437982475979,-0.4654918440046319,2.180232670697076,0.9531711366339842,1.0564525044433437,0.3405550654551648,-0.6718563426385925,1.6652488561239847,1.1099264713396355,0.7159129334778092,-0.23204774044612855,-0.6661785879229576,0.0
462,-0.1712390813430151,-0.5201103000848772,-0.4654918440046319,0.5279727549198818,0.18452495516262873,0.007655452930748742,-0.8130284392322452,-0.6718563426385925,0.10027031984283166,0.72765291291456,0.7159129334778092,-0.23204774044612855,-0.6661785879229576,0.0
463,-0.2100463522844546,1.4472523445360894,-0.4654918440046319,-0.5735338555982474,-0.5841212263087268,-1.0411415985818462,0.3405550654551648,1.5062300827953725,-0.6822189482977449,-1.1837148792108179,0.7159129334778092,-0.23204774044612855,1.5010989817577989,0.0
464,-0.30615932009296504,-0.41986589121607065,-0.4654918440046319,-1.124287160857312,-0.5841212263087268,0.007655452930748742,-0.8130284392322452,-0.6718563426385925,0.10027031984283166,1.1099264713396355,0.7159129334778092,-0.23204774044612855,-0.6661785879229576,0.0
465,0.009611451449471002,-0.10775504886584117,-0.4654918440046319,-0.022780550339182755,0.18452495516262873,0.007655452930748742,-0.8130284392322452,-0.6718563426385925,0.10027031984283166,-0.4191677623606668,-1.3968178995483904,-0.23204774044612855,-0.6661785879229576,0.0
466,0.15122985808062414,-0.10775504886584117,-0.4654918440046319,-0.022780550339182755,0.18452495516262873,0.007655452930748742,-0.8130284392322452,-0.6718563426385925,0.10027031984283166,-0.8014413207857424,-1.3968178995483904,-0.23204774044612855,-0.6661785879229576,0.0
467,0.24021980278803792,-0.7472533060317542,-0.4654918440046319,0.5279727549198818,0.18452495516262873,0.007655452930748742,0.3405550654551648,-0.6718563426385925,0.10027031984283166,1.4922000297647111,0.7159129334778092,-0.23204774044612855,-0.6661785879229576,0.0
468,0.22969411040329005,-0.10775504886584117,-0.4090283473339274,-0.022780550339182755,0.18452495516262873,0.007655452930748742,-0.8130284392322452,-0.6718563426385925,0.10027031984283166,-0.036894203935591174,-1.3968178995483904,-0.23204774044612855,-0.6661785879229576,0.0
469,0.3837519716709634,1.1679100318214901,-0.4090283473339274,-1.124287160857312,-0.5841212263087268,-1.0411415985818462,1.494138570142575,1.5062300827953725,0.10027031984283166,-1.1837148792108179,,-0.23204774044612855,1.5010989817577989,0.0
470,0.07037340294324279,-0.10775504886584117,-0.4090283473339274,-0.022780550339182755,0.18452495516262873,0.007655452930748742,-0.8130284392322452,-0.6718563426385925,0.10027031984283166,-0.036894203935591174,-1.3968178995483904,-0.23204774044612855,-0.6661785879229576,0.0
471,-0.2483215973199014,-0.7084312558394958,-0.4090283473339274,-0.022780550339182755,0.18452495516262873,0.007655452930748742,-0.8130284392322452,-1.3978851511165808,0.10027031984283166,0.3453793544894844,0.7159129334778092,-0.23204774044612855,-0.6661785879229576,0.0
472,0.053627983240234815,0.039488187763736395,-0.4090283473339274,-0.022780550339182755,0.18452495516262873,0.007655452930748742,1.494138570142575,0.7802012743173842,0.10027031984283166,-1.1837148792108179,0.7159129334778092,-0.23204774044612855,1.5010989817577989,0.0
473,0.17228124285011986,-0.10775504886584117,-0.4090283473339274,-0.022780550339182755,0.18452495516262873,0.007655452930748742,-0.8130284392322452,-0.6718563426385925,0.10027031984283166,-0.036894203935591174,-1.3968178995483904,-0.23204774044612855,-0.6661785879229576,0.0
474,0.426333181772898,1.1679100318214901,-0.4090283473339274,-1.124287160857312,-0.5841212263087268,-1.0411415985818462,1.494138570142575,1.5062300827953725,0.10027031984283166,-1.1837148792108179,,-0.23204774044612855,1.5010989817577989,0.0
475,0.11486837529694968,-0.10775504886584117,-0.4090283473339274,-0.022780550339182755,0.18452495516262873,0.007655452930748742,-0.8130284392322452,-0.6718563426385925,0.10027031984283166,-0.8014413207857424,-1.3968178995483904,-0.23204774044612855,-0.6661785879229576,0.0
476,0.06415367562498268,-0.10775504886584117,-0.4090283473339274,-0.022780550339182755,0.18452495516262873,0.007655452930748742,-0.8130284392322452,-0.6718563426385925,0.10027031984283166,-0.036894203935591174,-1.3968178995483904,-0.23204774044612855,-0.6661785879229576,0.0
477,-0.008569289942366224,-0.7472533060317542,-0.4090283473339274,0.5279727549198818,0.18452495516262873,0.007655452930748742,0.3405550654551648,-0.6718563426385925,0.10027031984283166,1.1099264713396355,0.7159129334778092,-0.23204774044612855,-0.6661785879229576,0.0
478,0.05745550774377949,-0.10775504886584117,-0.4090283473339274,-0.022780550339182755,0.18452495516262873,0.007655452930748742,-0.8130284392322452,-0.6718563426385925,0.10027031984283166,0.3453793544894844,-1.3968178995483904,-0.23204774044612855,-0.6661785879229576,0.0
479,-0.2525739770433395,-1.356437982475979,-0.4090283473339274,2.180232670697076,0.9531711366339842,1.0564525044433437,0.3405550654551648,-0.6718563426385925,1.6652488561239847,1.8744735881897867,0.7159129334778092,-0.23204774044612855,-0.6661785879229576,0.0
480,0.7913833312984717,-0.10775504886584117,-0.4090283473339274,-0.022780550339182755,0.18452495516262873,0.007655452930748742,-0.8130284392322452,-0.6718563426385925,0.10027031984283166,-0.8014413207857424,-1.3968178995483904,-0.23204774044612855,-0.6661785879229576,0.0
481,-0.46404470586418306,-0.6384933259182577,-0.4090283473339274,0.5279727549198818,0.18452495516262873,0.007655452930748742,-0.8130284392322452,-0.6718563426385925,0.10027031984283166,-0.4191677623606668,0.7159129334778092,-0.23204774044612855,-0.6661785879229576,0.0
482,0.09955827728277096,-0.10775504886584117,-0.4090283473339274,-0.022780550339182755,0.18452495516262873,0.007655452930748742,-0.8130284392322452,-0.6718563426385925,0.10027031984283166,-0.8014413207857424,-1.3968178995483904,-0.23204774044612855,-0.6661785879229576,0.0
483,-0.23822076015504698,1.7830957914142482,-0.4090283473339274,-1.124287160857312,-2.121413589251438,-1.0411415985818462,0.3405550654551648,1.5062300827953725,-2.247197484578898,0.3453793544894844,0.7159129334778092,4.309458036856673,1.5010989817577989,0.0
484,-0.19994551511960018,-0.36661052386553206,-0.3525648506632229,0.5279727549198818,2.490463499576695,2.1052495559559388,3.8013055795173947,2.2322588912733607,0.8827595879834081,-1.5659884376358935,0.7159129334778092,-0.23204774044612855,1.5010989817577989,0.0
485,-0.396106145926265,1.382227644767766,-0.3525648506632229,-1.124287160857312,-0.5841212263087268,-1.0411415985818462,1.494138570142575,1.5062300827953725,-0.6822189482977449,-0.036894203935591174,0.7159129334778092,-0.23204774044612855,1.5010989817577989,0.0
486,-0.21190652919317732,-0.6384933259182577,-0.3525648506632229,0.5279727549198818,0.18452495516262873,0.007655452930748742,-0.8130284392322452,-0.6718563426385925,0.10027031984283166,-0.4191677623606668,0.7159129334778092,-0.23204774044612855,-0.6661785879229576,0.0
487,-0.1903767038607385,-0.36661052386553206,-0.3525648506632229,0.5279727549198818,2.490463499576695,2.1052495559559388,3.8013055795173947,2.2322588912733607,0.8827595879834081,-1.5659884376358935,0.7159129334778092,-0.23204774044612855,1.5010989817577989,0.0
488,-0.1233950250487066,-0.8041357400309,-0.3525648506632229,-0.022780550339182755,0.18452495516262873,0.007655452930748742,-0.8130284392322452,-0.6718563426385925,0.10027031984283166,0.72765291291456,0.7159129334778092,-0.23204774044612855,-0.6661785879229576,0.0
489,0.022529346648934294,-0.10775504886584117,-0.3525648506632229,-0.022780550339182755,0.18452495516262873,0.007655452930748742,-0.8130284392322452,-0.6718563426385925,0.10027031984283166,-0.4191677623606668,-1.3968178995483904,-0.23204774044612855,-0.6661785879229576,0.0
490,-0.38510201297857405,-0.7472533060317542,-0.3525648506632229,0.5279727549198818,0.18452495516262873,0.007655452930748742,0.3405550654551648,-0.6718563426385925,0.10027031984283166,-0.036894203935591174,0.7159129334778092,-0.23204774044612855,-0.6661785879229576,0.0
491,-0.300418033337648,-0.7472533060317542,-0.3525648506632229,0.5279727549198818,0.18452495516262873,0.007655452930748742,0.3405550654551648,-0.6718563426385925,0.10027031984283166,0.3453793544894844,0.7159129334778092,-0.23204774044612855,-0.6661785879229576,0.0
492,-0.1712390813430151,-0.7084312558394958,-0.3525648506632229,-0.022780550339182755,0.18452495516262873,0.007655452930748742,-0.8130284392322452,-1.3978851511165808,0.10027031984283166,-0.036894203935591174,0.7159129334778092,-0.23204774044612855,-0.6661785879229576,0.0
493,-0.396106145926265,-0.7472533060317542,-0.3525648506632229,0.5279727549198818,0.18452495516262873,0.007655452930748742,0.3405550654551648,-0.6718563426385925,0.10027031984283166,-0.4191677623606668,0.7159129334778092,-0.23204774044612855,-0.6661785879229576,0.0
494,0.1368766411923316,-0.10775504886584117,-0.3525648506632229,-0.022780550339182755,0.18452495516262873,0.007655452930748742,-0.8130284392322452,-0.6718563426385925,0.10027031984283166,-0.4191677623606668,-1.3968178995483904,-0.23204774044612855,-0.6661785879229576,0.0
495,-0.40089055155569586,-0.7472533060317542,-0.3525648506632229,0.5279727549198818,0.18452495516262873,0.007655452930748742,0.3405550654551648,-0.6718563426385925,0.10027031984283166,-1.1837148792108179,0.7159129334778092,-0.23204774044612855,-0.6661785879229576,0.0
496,0.03592568241134067,-0.10775504886584117,-0.3525648506632229,-0.022780550339182755,0.18452495516262873,0.007655452930748742,-0.8130284392322452,-0.6718563426385925,0.10027031984283166,-0.036894203935591174,-1.3968178995483904,-0.23204774044612855,-0.6661785879229576,0.0
497,-0.21429873200789273,-0.36661052386553206,-0.3525648506632229,0.5279727549198818,2.490463499576695,2.1052495559559388,3.8013055795173947,2.2322588912733607,0.8827595879834081,-1.5659884376358935,0.7159129334778092,-0.23204774044612855,1.5010989817577989,0.0
498,-0.18176477372776295,-1.8539107515333897,-0.3525648506632229,2.180232670697076,2.490463499576695,3.1540466074685334,3.8013055795173947,0.7802012743173842,4.012716660545714,-1.1837148792108179,-1.3968178995483904,-0.23204774044612855,1.5010989817577989,0.0
499,-0.14444640981820234,-1.8539107515333897,-0.3525648506632229,2.180232670697076,2.490463499576695,3.1540466074685334,3.8013055795173947,0.7802012743173842,4.012716660545714,-1.1837148792108179,-1.3968178995483904,-0.23204774044612855,1.5010989817577989,0.0
500,0.28327945345291555,-1.8539107515333897,-0.3525648506632229,2.180232670697076,2.490463499576695,3.1540466074685334,3.8013055795173947,0.7802012743173842,4.012716660545714,-1.1837148792108179,-1.3968178995483904,-0.23204774044612855,1.5010989817577989,0.0
501,-0.12291658448576352,-1.8539107515333897,-0.3525648506632229,2.180232670697076,2.490463499576695,3.1540466074685334,3.8013055795173947,0.7802012743173842,4.012716660545714,-1.1837148792108179,-1.3968178995483904,-0.23204774044612855,1.5010989817577989,0.0
502,-0.13487759855934064,-1.8539107515333897,-0.3525648506632229,2.180232670697076,2.490463499576695,3.1540466074685334,3.8013055795173947,0.7802012743173842,4.012716660545714,-1.1837148792108179,-1.3968178995483904,-0.23204774044612855,1.5010989817577989,0.0
503,0.02587843058953589,-1.8539107515333897,-0.3525648506632229,2.180232670697076,2.490463499576695,3.1540466074685334,3.8013055795173947,0.7802012743173842,4.012716660545714,-0.4191677623606668,-1.3968178995483904,-0.23204774044612855,1.5010989817577989,0.0
504,-0.31477125022594055,-0.7472533060317542,-0.3525648506632229,0.5279727549198818,0.18452495516262873,0.007655452930748742,0.3405550654551648,-0.6718563426385925,0.10027031984283166,-0.036894203935591174,0.7159129334778092,-0.23204774044612855,-0.6661785879229576,0.0
505,0.21055648788556666,-0.10775504886584117,-0.3525648506632229,-0.022780550339182755,0.18452495516262873,0.007655452930748742,-0.8130284392322452,-0.6718563426385925,0.10027031984283166,-0.4191677623606668,-1.3968178995483904,-0.23204774044612855,-0.6661785879229576,0.0
506,-0.23200103283678689,-0.7472533060317542,-0.3525648506632229,0.5279727549198818,0.18452495516262873,0.007655452930748742,0.3405550654551648,-0.6718563426385925,0.10027031984283166,-0.4191677623606668,0.7159129334778092,-0.23204774044612855,-0.6661785879229576,0.0
507,-0.37792540453442774,-0.7472533060317542,-0.3525648506632229,0.5279727549198818,0.18452495516262873,0.007655452930748742,0.3405550654551648,-0.6718563426385925,0.10027031984283166,-0.036894203935591174,0.7159129334778092,-0.23204774044612855,-0.6661785879229576,0.0
508,0.010568332575357171,1.1679100318214901,-0.3525648506632229,-1.124287160857312,-0.5841212263087268,-1.0411415985818462,1.494138570142575,1.5062300827953725,0.10027031984283166,-0.8014413207857424,,-0.23204774044612855,1.5010989817577989,0.0
509,-0.04684453497781302,-0.7084312558394958,-0.3525648506632229,-0.022780550339182755,0.18452495516262873,0.007655452930748742,-0.8130284392322452,-1.3978851511165808,0.10027031984283166,0.72765291291456,0.7159129334778092,-0.23204774044612855,-0.6661785879229576,0.0
510,1.5717198894586433,-1.725662341073072,-0.3525648506632229,2.7309859759561403,2.490463499576695,3.1540466074685334,0.3405550654551648,0.054172465839395875,2.447738124264561,1.4922000297647111,0.7159129334778092,-0.23204774044612855,-0.6661785879229576,0.0
511,-0.44395020222057346,-0.6384933259182577,-0.3525648506632229,0.5279727549198818,0.18452495516262873,0.007655452930748742,-0.8130284392322452,-0.6718563426385925,0.10027031984283166,1.8744735881897867,0.7159129334778092,-0.23204774044612855,-0.6661785879229576,0.0
512,0.14644545245119328,-0.10775504886584117,-0.3525648506632229,-0.022780550339182755,0.18452495516262873,0.007655452930748742,-0.8130284392322452,-0.6718563426385925,0.10027031984283166,-0.4191677623606668,-1.3968178995483904,-0.23204774044612855,-0.6661785879229576,0.0
513,0.6325410644013676,0.3281208361498234,-0.3525648506632229,-0.022780550339182755,0.18452495516262873,0.007655452930748742,1.494138570142575,0.7802012743173842,0.10027031984283166,-0.036894203935591174,0.7159129334778092,-0.23204774044612855,1.5010989817577989,0.0
514,0.11056241023046191,-0.10775504886584117,-0.3525648506632229,-0.022780550339182755,0.18452495516262873,0.007655452930748742,-0.8130284392322452,-0.6718563426385925,0.10027031984283166,-1.1837148792108179,-1.3968178995483904,-0.23204774044612855,-0.6661785879229576,0.0
515,-0.44395020222057346,-0.6384933259182577,-0.3525648506632229,0.5279727549198818,0.18452495516262873,0.007655452930748742,-0.8130284392322452,-0.6718563426385925,0.10027031984283166,0.3453793544894844,0.7159129334778092,-0.23204774044612855,-0.6661785879229576,0.0
516,0.03592568241134067,-0.10775504886584117,-0.3525648506632229,-0.022780550339182755,0.18452495516262873,0.007655452930748742,-0.8130284392322452,-0.6718563426385925,0.10027031984283166,-0.036894203935591174,-1.3968178995483904,-0.23204774044612855,-0.6661785879229576,0.0
517,0.7464099183818218,-0.10775504886584117,-0.2961013539925184,-0.022780550339182755,0.18452495516262873,0.007655452930748742,-0.8130284392322452,-0.6718563426385925,0.10027031984283166,-1.1837148792108179,-1.3968178995483904,-0.23204774044612855,-0.6661785879229576,0.0
518,-0.32768914542540384,-0.41986589121607065,-0.2961013539925184,-1.124287160857312,-0.5841212263087268,0.007655452930748742,-0.8130284392322452,-0.6718563426385925,0.10027031984283166,-0.4191677623606668,0.7159129334778092,-0.23204774044612855,-0.6661785879229576,0.0
519,-0.3377363972472086,2.0833860350465834,-0.2961013539925184,-1.6750404661163767,-2.121413589251438,-1.0411415985818462,0.3405550654551648,1.5062300827953725,-2.247197484578898,-0.8014413207857424,0.7159129334778092,-0.23204774044612855,1.5010989817577989,0.0
520,0.7415298246398023,-0.10775504886584117,-0.2961013539925184,-0.022780550339182755,0.18452495516262873,0.007655452930748742,-0.8130284392322452,-0.6718563426385925,0.10027031984283166,-1.1837148792108179,-1.3968178995483904,-0.23204774044612855,-0.6661785879229576,0.0
521,0.1368766411923316,-0.10775504886584117,-0.2961013539925184,-0.022780550339182755,0.18452495516262873,0.007655452930748742,-0.8130284392322452,-0.6718563426385925,0.10027031984283166,-0.8014413207857424,-1.3968178995483904,-0.23204774044612855,-0.6661785879229576,0.0
522,-0.4774410416265894,-0.6384933259182577,-0.2961013539925184,0.5279727549198818,0.18452495516262873,0.007655452930748742,-0.8130284392322452,-0.6718563426385925,0.10027031984283166,0.3453793544894844,0.7159129334778092,-0.23204774044612855,-0.6661785879229576,0.0
523,-0.36261530652024904,-1.356437982475979,-0.2961013539925184,2.180232670697076,0.9531711366339842,1.0564525044433437,0.3405550654551648,-0.6718563426385925,1.6652488561239847,1.1099264713396355,0.7159129334778092,-0.23204774044612855,-0.6661785879229576,0.0
524,-0.44926663375599707,2.0833860350465834,-0.2961013539925184,-1.6750404661163767,-2.121413589251438,-1.0411415985818462,0.3405550654551648,1.5062300827953725,-2.247197484578898,-0.4191677623606668,0.7159129334778092,-0.23204774044612855,1.5010989817577989,0.0
525,-0.4774410416265894,2.0833860350465834,-0.2961013539925184,-1.6750404661163767,-2.121413589251438,-1.0411415985818462,0.3405550654551648,1.5062300827953725,-2.247197484578898,-0.8014413207857424,0.7159129334778092,-0.23204774044612855,1.5010989817577989,0.0
526,-0.3386932783730948,2.0833860350465834,-0.2961013539925184,-1.6750404661163767,-2.121413589251438,-1.0411415985818462,0.3405550654551648,1.5062300827953725,-2.247197484578898,-0.4191677623606668,0.7159129334778092,-0.23204774044612855,1.5010989817577989,0.0
527,0.4124574485664226,1.1679100318214901,-0.2961013539925184,-1.124287160857312,-0.5841212263087268,-1.0411415985818462,1.494138570142575,1.5062300827953725,0.10027031984283166,-0.4191677623606668,,-0.23204774044612855,1.5010989817577989,0.0
528,-0.1808078926018768,0.039488187763736395,-0.2961013539925184,-0.022780550339182755,0.18452495516262873,0.007655452930748742,1.494138570142575,0.7802012743173842,0.10027031984283166,-1.5659884376358935,0.7159129334778092,-0.23204774044612855,1.5010989817577989,0.0
529,-0.21429873200789273,-0.6384933259182577,-0.2961013539925184,0.5279727549198818,0.18452495516262873,0.007655452930748742,-0.8130284392322452,-0.6718563426385925,0.10027031984283166,-0.4191677623606668,0.7159129334778092,-0.23204774044612855,-0.6661785879229576,0.0
530,0.06367523506203959,-0.10775504886584117,-0.2961013539925184,-0.022780550339182755,0.18452495516262873,0.007655452930748742,-0.8130284392322452,-0.6718563426385925,0.10027031984283166,-0.8014413207857424,-1.3968178995483904,-0.23204774044612855,-0.6661785879229576,0.0
531,0.040710088040771523,-0.10775504886584117,-0.2961013539925184,-0.022780550339182755,0.18452495516262873,0.007655452930748742,-0.8130284392322452,-0.6718563426385925,0.10027031984283166,-0.4191677623606668,-1.3968178995483904,-0.23204774044612855,-0.6661785879229576,0.0
532,-0.37218411777911076,-0.7472533060317542,-0.2961013539925184,0.5279727549198818,0.18452495516262873,0.007655452930748742,0.3405550654551648,-0.6718563426385925,0.10027031984283166,-0.036894203935591174,0.7159129334778092,-0.23204774044612855,-0.6661785879229576,0.0
533,0.0191802627083327,-0.10775504886584117,-0.2961013539925184,-0.022780550339182755,0.18452495516262873,0.007655452930748742,-0.8130284392322452,-0.6718563426385925,0.10027031984283166,-0.4191677623606668,-1.3968178995483904,-0.23204774044612855,-0.6661785879229576,0.0
534,-0.18559229823130763,-0.6384933259182577,-0.2961013539925184,0.5279727549198818,0.18452495516262873,0.007655452930748742,-0.8130284392322452,-0.6718563426385925,0.10027031984283166,0.3453793544894844,0.7159129334778092,-0.23204774044612855,-0.6661785879229576,0.0
535,-0.25831526379865655,1.7830957914142482,-0.2961013539925184,-1.124287160857312,-2.121413589251438,-1.0411415985818462,0.3405550654551648,1.5062300827953725,-2.247197484578898,0.3453793544894844,0.7159129334778092,4.309458036856673,1.5010989817577989,0.0
536,0.0191802627083327,-0.10775504886584117,-0.2961013539925184,-0.022780550339182755,0.18452495516262873,0.007655452930748742,-0.8130284392322452,-0.6718563426385925,0.10027031984283166,-0.4191677623606668,-1.3968178995483904,-0.23204774044612855,-0.6661785879229576,0.0
537,0.0191802627083327,-0.10775504886584117,-0.2961013539925184,-0.022780550339182755,0.18452495516262873,0.007655452930748742,-0.8130284392322452,-0.6718563426385925,0.10027031984283166,-0.4191677623606668,-1.3968178995483904,-0.23204774044612855,-0.6661785879229576,0.0
538,-0.20472992074903104,1.382227644767766,-0.2961013539925184,-1.124287160857312,-0.5841212263087268,-1.0411415985818462,1.494138570142575,1.5062300827953725,-0.6822189482977449,-0.036894203935591174,0.7159129334778092,-0.23204774044612855,1.5010989817577989,0.0
539,-0.16645467571358424,-0.6384933259182577,-0.2961013539925184,0.5279727549198818,0.18452495516262873,0.007655452930748742,-0.8130284392322452,-0.6718563426385925,0.10027031984283166,1.8744735881897867,0.7159129334778092,-0.23204774044612855,-0.6661785879229576,0.0
540,-0.26070746661337196,-0.7084312558394958,-0.2961013539925184,-0.022780550339182755,0.18452495516262873,0.007655452930748742,-0.8130284392322452,-1.3978851511165808,0.10027031984283166,0.3453793544894844,0.7159129334778092,-0.23204774044612855,-0.6661785879229576,0.0
541,-0.21047120750434806,-0.6384933259182577,-0.2396378573218139,0.5279727549198818,0.18452495516262873,0.007655452930748742,-0.8130284392322452,-0.6718563426385925,0.10027031984283166,-0.036894203935591174,0.7159129334778092,-0.23204774044612855,-0.6661785879229576,0.0
542,-0.02770691246008962,-0.7472533060317542,-0.2396378573218139,0.5279727549198818,0.18452495516262873,0.007655452930748742,0.3405550654551648,-0.6718563426385925,0.10027031984283166,1.4922000297647111,0.7159129334778092,-0.23204774044612855,-0.6661785879229576,0.0
543,0.11992070764162865,-0.10775504886584117,-0.2396378573218139,-0.022780550339182755,0.18452495516262873,0.007655452930748742,-0.8130284392322452,-0.6718563426385925,0.10027031984283166,-0.4191677623606668,-1.3968178995483904,-0.23204774044612855,-0.6661785879229576,0.0
544,-0.2764960051904938,1.7830957914142482,-0.2396378573218139,-1.124287160857312,-2.121413589251438,-1.0411415985818462,0.3405550654551648,1.5062300827953725,-2.247197484578898,0.3453793544894844,0.7159129334778092,4.309458036856673,1.5010989817577989,0.0
545,0.6325410644013676,1.7830957914142482,-0.2396378573218139,-1.124287160857312,-2.121413589251438,-1.0411415985818462,0.3405550654551648,1.5062300827953725,-2.247197484578898,0.3453793544894844,0.7159129334778092,4.309458036856673,1.5010989817577989,0.0
546,0.08711882264625076,-0.41986589121607065,-0.2396378573218139,-1.124287160857312,-0.5841212263087268,0.007655452930748742,-0.8130284392322452,-0.6718563426385925,0.10027031984283166,0.72765291291456,0.7159129334778092,-0.23204774044612855,-0.6661785879229576,0.0
547,0.3454767266355166,-1.725662341073072,-0.2396378573218139,2.7309859759561403,2.490463499576695,3.1540466074685334,0.3405550654551648,0.054172465839395875,2.447738124264561,1.8744735881897867,0.7159129334778092,-0.23204774044612855,-0.6661785879229576,0.0
548,-0.1903767038607385,-0.5201103000848772,-0.2396378573218139,0.5279727549198818,0.18452495516262873,0.007655452930748742,-0.8130284392322452,-0.6718563426385925,0.10027031984283166,1.8744735881897867,0.7159129334778092,-0.23204774044612855,-0.6661785879229576,0.0
549,0.21151336901145282,-0.10775504886584117,-0.2396378573218139,-0.022780550339182755,0.18452495516262873,0.007655452930748742,-0.8130284392322452,-0.6718563426385925,0.10027031984283166,-0.8014413207857424,-1.3968178995483904,-0.23204774044612855,-0.6661785879229576,0.0
550,0.03353347959662525,-0.10775504886584117,-0.2396378573218139,-0.022780550339182755,0.18452495516262873,0.007655452930748742,-0.8130284392322452,-0.6718563426385925,0.10027031984283166,-0.4191677623606668,-1.3968178995483904,-0.23204774044612855,-0.6661785879229576,0.0
551,-0.2190831376373236,-0.6384933259182577,-0.2396378573218139,0.5279727549198818,0.18452495516262873,0.007655452930748742,-0.8130284392322452,-0.6718563426385925,0.10027031984283166,-0.4191677623606668,0.7159129334778092,-0.23204774044612855,-0.6661785879229576,0.0
552,0.03066283621896674,-0.10775504886584117,-0.2396378573218139,-0.022780550339182755,0.18452495516262873,0.007655452930748742,-0.8130284392322452,-0.6718563426385925,0.10027031984283166,-0.4191677623606668,-1.3968178995483904,-0.23204774044612855,-0.6661785879229576,0.0
553,-0.396106145926265,-0.7472533060317542,-0.2396378573218139,0.5279727549198818,0.18452495516262873,0.007655452930748742,0.3405550654551648,-0.6718563426385925,0.10027031984283166,0.3453793544894844,0.7159129334778092,-0.23204774044612855,-0.6661785879229576,0.0
554,-0.14253264756643,-0.7472533060317542,-0.1831743606511094,0.5279727549198818,0.18452495516262873,0.007655452930748742,0.3405550654551648,-0.6718563426385925,0.10027031984283166,-0.036894203935591174,0.7159129334778092,-0.23204774044612855,-0.6661785879229576,0.0
555,-0.3769685234085416,-0.7472533060317542,-0.1831743606511094,0.5279727549198818,0.18452495516262873,0.007655452930748742,0.3405550654551648,-0.6718563426385925,0.10027031984283166,0.3453793544894844,0.7159129334778092,-0.23204774044612855,-0.6661785879229576,0.0
556,-0.45926030023475223,2.0833860350465834,-0.1831743606511094,-1.6750404661163767,-2.121413589251438,-1.0411415985818462,0.3405550654551648,1.5062300827953725,-2.247197484578898,-0.4191677623606668,0.7159129334778092,-0.23204774044612855,1.5010989817577989,0.0
557,0.2952404675264927,-0.10775504886584117,-0.1831743606511094,-0.022780550339182755,0.18452495516262873,0.007655452930748742,-0.8130284392322452,-0.6718563426385925,0.10027031984283166,-0.036894203935591174,-1.3968178995483904,-0.23204774044612855,-0.6661785879229576,0.0
558,-0.300418033337648,-1.356437982475979,-0.1831743606511094,2.180232670697076,0.9531711366339842,1.0564525044433437,0.3405550654551648,-0.6718563426385925,1.6652488561239847,1.4922000297647111,0.7159129334778092,-0.23204774044612855,-0.6661785879229576,0.0
559,-0.2190831376373236,1.4472523445360894,-0.1831743606511094,-0.5735338555982474,-0.5841212263087268,-1.0411415985818462,0.3405550654551648,1.5062300827953725,-0.6822189482977449,0.72765291291456,0.7159129334778092,-0.23204774044612855,1.5010989817577989,0.0
560,-0.34347768400252565,-0.5201103000848772,-0.1831743606511094,0.5279727549198818,0.18452495516262873,0.007655452930748742,-0.8130284392322452,-0.6718563426385925,0.10027031984283166,-0.8014413207857424,0.7159129334778092,-0.23204774044612855,-0.6661785879229576,0.0
561,-0.20472992074903104,1.382227644767766,-0.1831743606511094,-1.124287160857312,-0.5841212263087268,-1.0411415985818462,1.494138570142575,1.5062300827953725,-0.6822189482977449,-0.4191677623606668,0.7159129334778092,-0.23204774044612855,1.5010989817577989,0.0
562,-0.3817529290379724,1.382227644767766,-0.1831743606511094,-1.124287160857312,-0.5841212263087268,-1.0411415985818462,1.494138570142575,1.5062300827953725,-0.6822189482977449,-0.036894203935591174,0.7159129334778092,-0.23204774044612855,1.5010989817577989,0.0
563,-0.4535190134794352,-0.6384933259182577,-0.1831743606511094,0.5279727549198818,0.18452495516262873,0.007655452930748742,-0.8130284392322452,-0.6718563426385925,0.10027031984283166,2.2567471466148623,0.7159129334778092,-0.23204774044612855,-0.6661785879229576,0.0
564,-0.46069562192358143,1.4472523445360894,-0.1831743606511094,-0.5735338555982474,-0.5841212263087268,-1.0411415985818462,0.3405550654551648,1.5062300827953725,-0.6822189482977449,-0.036894203935591174,0.7159129334778092,-0.23204774044612855,1.5010989817577989,0.0
565,-0.24539736859919326,0.3281208361498234,-0.1831743606511094,-0.022780550339182755,0.18452495516262873,0.007655452930748742,1.494138570142575,0.7802012743173842,0.10027031984283166,-1.1837148792108179,0.7159129334778092,-0.23204774044612855,1.5010989817577989,0.0
566,-0.06598215749553642,-0.7472533060317542,-0.1831743606511094,0.5279727549198818,0.18452495516262873,0.007655452930748742,0.3405550654551648,-0.6718563426385925,0.10027031984283166,1.1099264713396355,0.7159129334778092,-0.23204774044612855,-0.6661785879229576,0.0
567,-0.2764960051904938,-0.7472533060317542,-0.1831743606511094,0.5279727549198818,0.18452495516262873,0.007655452930748742,0.3405550654551648,-0.6718563426385925,0.10027031984283166,-0.4191677623606668,0.7159129334778092,-0.23204774044612855,-0.6661785879229576,0.0
568,-0.3817529290379724,-0.7472533060317542,-0.1831743606511094,0.5279727549198818,0.18452495516262873,0.007655452930748742,0.3405550654551648,-0.6718563426385925,0.10027031984283166,-0.036894203935591174,0.7159129334778092,-0.23204774044612855,-0.6661785879229576,0.0
569,-0.3889295374821187,-0.8041357400309,-0.1831743606511094,-0.022780550339182755,0.18452495516262873,0.007655452930748742,-0.8130284392322452,-0.6718563426385925,0.10027031984283166,-0.8014413207857424,0.7159129334778092,-0.23204774044612855,-0.6661785879229576,0.0
570,-0.2621427883022012,-0.7084312558394958,-0.1831743606511094,-0.022780550339182755,0.18452495516262873,0.007655452930748742,-0.8130284392322452,-1.3978851511165808,0.10027031984283166,0.3453793544894844,0.7159129334778092,-0.23204774044612855,-0.6661785879229576,0.0
571,0.12874315162229913,-0.10775504886584117,-0.1831743606511094,-0.022780550339182755,0.18452495516262873,0.007655452930748742,-0.8130284392322452,-0.6718563426385925,0.10027031984283166,-0.8014413207857424,-1.3968178995483904,-0.23204774044612855,-0.6661785879229576,0.0
572,0.019658703271275786,-0.10775504886584117,-0.1831743606511094,-0.022780550339182755,0.18452495516262873,0.007655452930748742,-0.8130284392322452,-0.6718563426385925,0.10027031984283166,-0.4191677623606668,-1.3968178995483904,-0.23204774044612855,-0.6661785879229576,0.0
573,0.6775144773180175,-1.725662341073072,-0.1831743606511094,2.7309859759561403,2.490463499576695,3.1540466074685334,0.3405550654551648,0.054172465839395875,2.447738124264561,2.2567471466148623,0.7159129334778092,-0.23204774044612855,-0.6661785879229576,0.0
574,-0.37218411777911076,2.0833860350465834,-0.1831743606511094,-1.6750404661163767,-2.121413589251438,-1.0411415985818462,0.3405550654551648,1.5062300827953725,-2.247197484578898,-0.036894203935591174,0.7159129334778092,-0.23204774044612855,1.5010989817577989,0.0
575,-0.04684453497781302,-0.41986589121607065,-0.1267108639804049,-1.124287160857312,-0.5841212263087268,0.007655452930748742,-0.8130284392322452,-0.6718563426385925,0.10027031984283166,-0.8014413207857424,0.7159129334778092,-0.23204774044612855,-0.6661785879229576,0.0
576,-0.061197751866105564,-0.5201103000848772,-0.1267108639804049,0.5279727549198818,0.18452495516262873,0.007655452930748742,-0.8130284392322452,-0.6718563426385925,0.10027031984283166,-0.036894203935591174,0.7159129334778092,-0.23204774044612855,-0.6661785879229576,0.0
577,-0.339650159498981,-0.5201103000848772,-0.1267108639804049,0.5279727549198818,0.18452495516262873,0.007655452930748742,-0.8130284392322452,-0.6718563426385925,0.10027031984283166,-0.4191677623606668,0.7159129334778092,-0.23204774044612855,-0.6661785879229576,0.0
578,0.7416255127523909,-0.10775504886584117,-0.1267108639804049,-0.022780550339182755,0.18452495516262873,0.007655452930748742,-0.8130284392322452,-0.6718563426385925,0.10027031984283166,-1.1837148792108179,-1.3968178995483904,-0.23204774044612855,-0.6661785879229576,0.0
579,-0.26692719393163206,-0.7084312558394958,-0.1267108639804049,-0.022780550339182755,0.18452495516262873,0.007655452930748742,-0.8130284392322452,-1.3978851511165808,0.10027031984283166,0.3453793544894844,0.7159129334778092,-0.23204774044612855,-0.6661785879229576,0.0
580,-0.44926663375599707,2.0833860350465834,-0.1267108639804049,-1.6750404661163767,-2.121413589251438,-1.0411415985818462,0.3405550654551648,1.5062300827953725,-2.247197484578898,-1.1837148792108179,0.7159129334778092,-0.23204774044612855,1.5010989817577989,0.0
581,0.0698949623802997,-0.10775504886584117,-0.1267108639804049,-0.022780550339182755,0.18452495516262873,0.007655452930748742,-0.8130284392322452,-0.6718563426385925,0.10027031984283166,-1.1837148792108179,-1.3968178995483904,-0.23204774044612855,-0.6661785879229576,0.0
582,-0.2525739770433395,-0.7084312558394958,-0.1267108639804049,-0.022780550339182755,0.18452495516262873,0.007655452930748742,-0.8130284392322452,-1.3978851511165808,0.10027031984283166,0.3453793544894844,0.7159129334778092,-0.23204774044612855,-0.6661785879229576,0.0
583,0.010568332575357171,-0.7472533060317542,-0.1267108639804049,0.5279727549198818,0.18452495516262873,0.007655452930748742,0.3405550654551648,-0.6718563426385925,0.10027031984283166,0.72765291291456,0.7159129334778092,-0.23204774044612855,-0.6661785879229576,0.0
584,1.6779336944320082,-1.725662341073072,-0.1267108639804049,2.7309859759561403,2.490463499576695,3.1540466074685334,0.3405550654551648,0.054172465839395875,2.447738124264561,1.8744735881897867,0.7159129334778092,-0.23204774044612855,-0.6661785879229576,0.0
585,0.14453169019942094,0.039488187763736395,-0.1267108639804049,-0.022780550339182755,0.18452495516262873,0.007655452930748742,1.494138570142575,0.7802012743173842,0.10027031984283166,-1.5659884376358935,0.7159129334778092,-0.23204774044612855,1.5010989817577989,0.0
586,0.22586658589974537,1.7830957914142482,-0.1267108639804049,-1.124287160857312,-2.121413589251438,-1.0411415985818462,0.3405550654551648,1.5062300827953725,-2.247197484578898,0.72765291291456,0.7159129334778092,4.309458036856673,1.5010989817577989,0.0
587,-0.2573583826727704,-0.7472533060317542,-0.1267108639804049,0.5279727549198818,0.18452495516262873,0.007655452930748742,0.3405550654551648,-0.6718563426385925,0.10027031984283166,-0.8014413207857424,0.7159129334778092,-0.23204774044612855,-0.6661785879229576,0.0
588,-0.0851197800132598,1.1679100318214901,-0.1267108639804049,-1.124287160857312,-0.5841212263087268,-1.0411415985818462,1.494138570142575,1.5062300827953725,0.10027031984283166,-1.1837148792108179,,-0.23204774044612855,1.5010989817577989,0.0
589,0.1426179279476486,-0.10775504886584117,-0.1267108639804049,-0.022780550339182755,0.18452495516262873,0.007655452930748742,-0.8130284392322452,-0.6718563426385925,0.10027031984283166,-0.8014413207857424,-1.3968178995483904,-0.23204774044612855,-0.6661785879229576,0.0
590,-0.02823893836608233,-0.41986589121607065,-0.1267108639804049,-1.124287160857312,-0.5841212263087268,0.007655452930748742,-0.8130284392322452,-0.6718563426385925,0.10027031984283166,-0.8014413207857424,0.7159129334778092,-0.23204774044612855,-0.6661785879229576,0.0
591,-0.396106145926265,-0.7472533060317542,-0.1267108639804049,0.5279727549198818,0.18452495516262873,0.007655452930748742,0.3405550654551648,-0.6718563426385925,0.10027031984283166,-0.4191677623606668,0.7159129334778092,-0.23204774044612855,-0.6661785879229576,0.0
592,-0.25209553648039645,-0.10775504886584117,-0.1267108639804049,-0.022780550339182755,0.18452495516262873,0.007655452930748742,-0.8130284392322452,-0.6718563426385925,0.10027031984283166,-0.036894203935591174,-1.3968178995483904,-0.23204774044612855,-0.6661785879229576,0.0
593,-0.23822076015504698,-0.41986589121607065,-0.1267108639804049,-1.124287160857312,-0.5841212263087268,0.007655452930748742,-0.8130284392322452,-0.6718563426385925,0.10027031984283166,0.72765291291456,0.7159129334778092,-0.23204774044612855,-0.6661785879229576,0.0
594,0.13496287894055925,-0.10775504886584117,-0.1267108639804049,-0.022780550339182755,0.18452495516262873,0.007655452930748742,-0.8130284392322452,-0.6718563426385925,0.10027031984283166,-0.4191677623606668,-1.3968178995483904,-0.23204774044612855,-0.6661785879229576,0.0
595,-0.01718122007534175,-0.10775504886584117,-0.0702473673097004,-0.022780550339182755,0.18452495516262873,0.007655452930748742,-0.8130284392322452,-0.6718563426385925,0.10027031984283166,-0.4191677623606668,-1.3968178995483904,-0.23204774044612855,-0.6661785879229576,0.0
596,-0.44155799940585805,2.0833860350465834,-0.0702473673097004,-1.6750404661163767,-2.121413589251438,-1.0411415985818462,0.3405550654551648,1.5062300827953725,-2.247197484578898,-1.5659884376358935,0.7159129334778092,-0.23204774044612855,1.5010989817577989,0.0
597,0.4411648392241336,1.1679100318214901,-0.0702473673097004,-1.124287160857312,-0.5841212263087268,-1.0411415985818462,1.494138570142575,1.5062300827953725,0.10027031984283166,-0.8014413207857424,,-0.23204774044612855,1.5010989817577989,0.0
598,-0.22386754326675443,-0.6384933259182577,-0.0702473673097004,0.5279727549198818,0.18452495516262873,0.007655452930748742,-0.8130284392322452,-0.6718563426385925,0.10027031984283166,-0.4191677623606668,0.7159129334778092,-0.23204774044612855,-0.6661785879229576,0.0
599,-0.4248125797028501,2.0833860350465834,-0.0702473673097004,-1.6750404661163767,-2.121413589251438,-1.0411415985818462,0.3405550654551648,1.5062300827953725,-2.247197484578898,-0.4191677623606668,0.7159129334778092,-0.23204774044612855,1.5010989817577989,0.0
600,-0.4774410416265894,-0.6384933259182577,-0.0702473673097004,0.5279727549198818,0.18452495516262873,0.007655452930748742,-0.8130284392322452,-0.6718563426385925,0.10027031984283166,0.3453793544894844,0.7159129334778092,-0.23204774044612855,-0.6661785879229576,0.0
601,-0.3775005493145343,-0.5201103000848772,-0.0702473673097004,0.5279727549198818,0.18452495516262873,0.007655452930748742,-0.8130284392322452,-0.6718563426385925,0.10027031984283166,-0.8014413207857424,0.7159129334778092,-0.23204774044612855,-0.6661785879229576,0.0
602,0.18280693523486774,0.039488187763736395,-0.0702473673097004,-0.022780550339182755,0.18452495516262873,0.007655452930748742,1.494138570142575,0.7802012743173842,0.10027031984283166,-1.1837148792108179,0.7159129334778092,-0.23204774044612855,1.5010989817577989,0.0
603,-0.09468859127212151,-0.7472533060317542,-0.0702473673097004,0.5279727549198818,0.18452495516262873,0.007655452930748742,0.3405550654551648,-0.6718563426385925,0.10027031984283166,-0.4191677623606668,0.7159129334778092,-0.23204774044612855,-0.6661785879229576,0.0
604,0.010568332575357171,0.3281208361498234,-0.0702473673097004,-0.022780550339182755,0.18452495516262873,0.007655452930748742,1.494138570142575,0.7802012743173842,0.10027031984283166,-1.1837148792108179,0.7159129334778092,-0.23204774044612855,1.5010989817577989,0.0
605,0.009611451449471002,-0.10775504886584117,-0.0702473673097004,-0.022780550339182755,0.18452495516262873,0.007655452930748742,-0.8130284392322452,-0.6718563426385925,0.10027031984283166,-0.8014413207857424,-1.3968178995483904,-0.23204774044612855,-0.6661785879229576,0.0
606,-0.0568917867996178,-0.10775504886584117,-0.0702473673097004,-0.022780550339182755,0.18452495516262873,0.007655452930748742,-0.8130284392322452,-0.6718563426385925,0.10027031984283166,-0.8014413207857424,-1.3968178995483904,-0.23204774044612855,-0.6661785879229576,0.0
607,-0.4559112162941506,1.4472523445360894,-0.0702473673097004,-0.5735338555982474,-0.5841212263087268,-1.0411415985818462,0.3405550654551648,1.5062300827953725,-0.6822189482977449,0.3453793544894844,0.7159129334778092,-0.23204774044612855,1.5010989817577989,0.0
608,-0.013353695571797074,-0.41986589121607065,-0.0702473673097004,-1.124287160857312,-0.5841212263087268,0.007655452930748742,-0.8130284392322452,-0.6718563426385925,0.10027031984283166,0.3453793544894844,0.7159129334778092,-0.23204774044612855,-0.6661785879229576,0.0
609,0.21677621520382676,-0.10775504886584117,-0.0702473673097004,-0.022780550339182755,0.18452495516262873,0.007655452930748742,-0.8130284392322452,-0.6718563426385925,0.10027031984283166,-0.4191677623606668,-1.3968178995483904,-0.23204774044612855,-0.6661785879229576,0.0
610,-0.3769685234085416,-0.7472533060317542,-0.0702473673097004,0.5279727549198818,0.18452495516262873,0.007655452930748742,0.3405550654551648,-0.6718563426385925,0.10027031984283166,0.3453793544894844,0.7159129334778092,-0.23204774044612855,-0.6661785879229576,0.0
611,-0.33390887274366393,-0.41986589121607065,-0.0702473673097004,-1.124287160857312,-0.5841212263087268,0.007655452930748742,-0.8130284392322452,-0.6718563426385925,0.10027031984283166,-0.4191677623606668,0.7159129334778092,-0.23204774044612855,-0.6661785879229576,0.0
612,0.10625644516397416,-0.5201103000848772,-0.0702473673097004,0.5279727549198818,0.18452495516262873,0.007655452930748742,-0.8130284392322452,-0.6718563426385925,0.10027031984283166,1.4922000297647111,0.7159129334778092,-0.23204774044612855,-0.6661785879229576,0.0
613,-0.3554386980761028,2.0833860350465834,-0.0702473673097004,-1.6750404661163767,-2.121413589251438,-1.0411415985818462,0.3405550654551648,1.5062300827953725,-2.247197484578898,-0.4191677623606668,0.7159129334778092,-0.23204774044612855,1.5010989817577989,0.0
614,0.009611451449471002,-0.10775504886584117,-0.0702473673097004,-0.022780550339182755,0.18452495516262873,0.007655452930748742,-0.8130284392322452,-0.6718563426385925,0.10027031984283166,-0.4191677623606668,-1.3968178995483904,-0.23204774044612855,-0.6661785879229576,0.0
615,0.09966831861224787,-0.10775504886584117,-0.0702473673097004,-0.022780550339182755,0.18452495516262873,0.007655452930748742,-0.8130284392322452,-0.6718563426385925,0.10027031984283166,-0.8014413207857424,-1.3968178995483904,-0.23204774044612855,-0.6661785879229576,0.0
616,-0.1903767038607385,-0.5201103000848772,-0.0702473673097004,0.5279727549198818,0.18452495516262873,0.007655452930748742,-0.8130284392322452,-0.6718563426385925,0.10027031984283166,1.1099264713396355,0.7159129334778092,-0.23204774044612855,-0.6661785879229576,0.0
617,0.14835921470296562,-0.10775504886584117,-0.0702473673097004,-0.022780550339182755,0.18452495516262873,0.007655452930748742,-0.8130284392322452,-0.6718563426385925,0.10027031984283166,-0.8014413207857424,-1.3968178995483904,-0.23204774044612855,-0.6661785879229576,0.0
618,-0.4630878247382969,-0.6384933259182577,-0.0702473673097004,0.5279727549198818,0.18452495516262873,0.007655452930748742,-0.8130284392322452,-0.6718563426385925,0.10027031984283166,-0.4191677623606668,0.7159129334778092,-0.23204774044612855,-0.6661785879229576,0.0
619,-0.4104593628145575,1.382227644767766,-0.0702473673097004,-1.124287160857312,-0.5841212263087268,-1.0411415985818462,1.494138570142575,1.5062300827953725,-0.6822189482977449,-0.8014413207857424,0.7159129334778092,-0.23204774044612855,1.5010989817577989,0.0
620,4.264019060930426e-05,-0.10775504886584117,-0.0137838706389959,-0.022780550339182755,0.18452495516262873,0.007655452930748742,-0.8130284392322452,-0.6718563426385925,0.10027031984283166,-0.4191677623606668,-1.3968178995483904,-0.23204774044612855,-0.6661785879229576,0.0
621,0.19524638987138795,-0.10775504886584117,-0.0137838706389959,-0.022780550339182755,0.18452495516262873,0.007655452930748742,-0.8130284392322452,-0.6718563426385925,0.10027031984283166,-0.4191677623606668,-1.3968178995483904,-0.23204774044612855,-0.6661785879229576,0.0
622,1.5822455818433911,-1.725662341073072,-0.0137838706389959,2.7309859759561403,2.490463499576695,3.1540466074685334,0.3405550654551648,0.054172465839395875,2.447738124264561,1.4922000297647111,0.7159129334778092,-0.23204774044612855,-0.6661785879229576,0.0
623,-0.0037848843129353747,-0.7084312558394958,-0.0137838706389959,-0.022780550339182755,0.18452495516262873,0.007655452930748742,-0.8130284392322452,-1.3978851511165808,0.10027031984283166,-0.036894203935591174,0.7159129334778092,-0.23204774044612855,-0.6661785879229576,0.0
624,-0.3052024389670789,-0.7472533060317542,-0.0137838706389959,0.5279727549198818,0.18452495516262873,0.007655452930748742,0.3405550654551648,-0.6718563426385925,0.10027031984283166,-0.036894203935591174,0.7159129334778092,-0.23204774044612855,-0.6661785879229576,0.0
625,0.03066283621896674,-0.10775504886584117,-0.0137838706389959,-0.022780550339182755,0.18452495516262873,0.007655452930748742,-0.8130284392322452,-0.6718563426385925,0.10027031984283166,-0.036894203935591174,-1.3968178995483904,-0.23204774044612855,-0.6661785879229576,0.0
626,0.06702431900264119,-0.10775504886584117,-0.0137838706389959,-0.022780550339182755,0.18452495516262873,0.007655452930748742,-0.8130284392322452,-0.6718563426385925,0.10027031984283166,-1.1837148792108179,-1.3968178995483904,-0.23204774044612855,-0.6661785879229576,0.0
627,0.0587903569143907,-0.10775504886584117,-0.0137838706389959,-0.022780550339182755,0.18452495516262873,0.007655452930748742,-0.8130284392322452,-0.6718563426385925,0.10027031984283166,-0.8014413207857424,-1.3968178995483904,-0.23204774044612855,-0.6661785879229576,0.0
628,0.1313745747184861,-0.10775504886584117,-0.0137838706389959,-0.022780550339182755,0.18452495516262873,0.007655452930748742,-0.8130284392322452,-0.6718563426385925,0.10027031984283166,-0.8014413207857424,-1.3968178995483904,-0.23204774044612855,-0.6661785879229576,0.0
629,-0.3689307219510978,2.0833860350465834,-0.0137838706389959,-1.6750404661163767,-2.121413589251438,-1.0411415985818462,0.3405550654551648,1.5062300827953725,-2.247197484578898,-0.036894203935591174,0.7159129334778092,-0.23204774044612855,1.5010989817577989,0.0
630,-0.396106145926265,-0.7472533060317542,-0.0137838706389959,0.5279727549198818,0.18452495516262873,0.007655452930748742,0.3405550654551648,-0.6718563426385925,0.10027031984283166,0.3453793544894844,0.7159129334778092,-0.23204774044612855,-0.6661785879229576,0.0
631,0.0732440463209013,-0.10775504886584117,-0.0137838706389959,-0.022780550339182755,0.18452495516262873,0.007655452930748742,-0.8130284392322452,-0.6718563426385925,0.10027031984283166,-1.1837148792108179,-1.3968178995483904,-0.23204774044612855,-0.6661785879229576,0.0
632,-0.2535308581692257,-0.10775504886584117,-0.0137838706389959,-0.022780550339182755,0.18452495516262873,0.007655452930748742,-0.8130284392322452,-0.6718563426385925,0.10027031984283166,0.3453793544894844,-1.3968178995483904,-0.23204774044612855,-0.6661785879229576,0.0
633,-0.43916579659114263,-0.6384933259182577,-0.0137838706389959,0.5279727549198818,0.18452495516262873,0.007655452930748742,-0.8130284392322452,-0.6718563426385925,0.10027031984283166,1.1099264713396355,0.7159129334778092,-0.23204774044612855,-0.6661785879229576,0.0
634,-0.1358344796852268,-0.8041357400309,-0.0137838706389959,-0.022780550339182755,0.18452495516262873,0.007655452930748742,-0.8130284392322452,-0.6718563426385925,0.10027031984283166,-0.8014413207857424,0.7159129334778092,-0.23204774044612855,-0.6661785879229576,0.0
635,-0.009047730505309309,-0.10775504886584117,-0.0137838706389959,-0.022780550339182755,0.18452495516262873,0.007655452930748742,-0.8130284392322452,-0.6718563426385925,0.10027031984283166,-0.8014413207857424,-1.3968178995483904,-0.23204774044612855,-0.6661785879229576,0.0
636,0.12204498374109596,-0.10775504886584117,-0.0137838706389959,-0.022780550339182755,0.18452495516262873,0.007655452930748742,-0.8130284392322452,-0.6718563426385925,0.10027031984283166,-0.4191677623606668,-1.3968178995483904,-0.23204774044612855,-0.6661785879229576,0.0
637,-0.013353695571797074,-1.356437982475979,-0.0137838706389959,2.180232670697076,0.9531711366339842,1.0564525044433437,0.3405550654551648,-0.6718563426385925,1.6652488561239847,1.4922000297647111,0.7159129334778092,-0.23204774044612855,-0.6661785879229576,0.0
638,0.07515780857267364,-0.10775504886584117,-0.0137838706389959,-0.022780550339182755,0.18452495516262873,0.007655452930748742,-0.8130284392322452,-0.6718563426385925,0.10027031984283166,-1.1837148792108179,-1.3968178995483904,-0.23204774044612855,-0.6661785879229576,0.0
639,0.010568332575357171,-1.356437982475979,-0.0137838706389959,2.180232670697076,0.9531711366339842,1.0564525044433437,0.3405550654551648,-0.6718563426385925,1.6652488561239847,1.4922000297647111,0.7159129334778092,-0.23204774044612855,-0.6661785879229576,0.0
640,-0.401847432681582,-0.7472533060317542,-0.0137838706389959,0.5279727549198818,0.18452495516262873,0.007655452930748742,0.3405550654551648,-0.6718563426385925,0.10027031984283166,-0.4191677623606668,0.7159129334778092,-0.23204774044612855,-0.6661785879229576,0.0
641,-0.23822076015504698,-0.6384933259182577,-0.0137838706389959,0.5279727549198818,0.18452495516262873,0.007655452930748742,-0.8130284392322452,-0.6718563426385925,0.10027031984283166,-0.4191677623606668,0.7159129334778092,-0.23204774044612855,-0.6661785879229576,0.0
642,-0.19563955005311243,-0.10775504886584117,-0.0137838706389959,-0.022780550339182755,0.18452495516262873,0.007655452930748742,-0.8130284392322452,-0.6718563426385925,0.10027031984283166,0.3453793544894844,-1.3968178995483904,-0.23204774044612855,-0.6661785879229576,0.0
643,-0.0013926814982199505,-0.10775504886584117,-0.0137838706389959,-0.022780550339182755,0.18452495516262873,0.007655452930748742,-0.8130284392322452,-0.6718563426385925,0.10027031984283166,-0.4191677623606668,-1.3968178995483904,-0.23204774044612855,-0.6661785879229576,0.0
644,-0.39132174029683414,2.0833860350465834,0.0426796260317086,-1.6750404661163767,-2.121413589251438,-1.0411415985818462,0.3405550654551648,1.5062300827953725,-2.247197484578898,-0.8014413207857424,0.7159129334778092,-0.23204774044612855,1.5010989817577989,0.0
645,-0.4295969853322809,1.4472523445360894,0.0426796260317086,-0.5735338555982474,-0.5841212263087268,-1.0411415985818462,0.3405550654551648,1.5062300827953725,-0.6822189482977449,0.72765291291456,0.7159129334778092,-0.23204774044612855,1.5010989817577989,0.0
646,-0.37792540453442774,2.0833860350465834,0.0426796260317086,-1.6750404661163767,-2.121413589251438,-1.0411415985818462,0.3405550654551648,1.5062300827953725,-2.247197484578898,-1.5659884376358935,0.7159129334778092,-0.23204774044612855,1.5010989817577989,0.0
647,-0.2028161584972587,-0.10775504886584117,0.0426796260317086,-0.022780550339182755,0.18452495516262873,0.007655452930748742,-0.8130284392322452,-0.6718563426385925,0.10027031984283166,0.3453793544894844,-1.3968178995483904,-0.23204774044612855,-0.6661785879229576,0.0
648,-0.18559229823130763,-0.6384933259182577,0.0426796260317086,0.5279727549198818,0.18452495516262873,0.007655452930748742,-0.8130284392322452,-0.6718563426385925,0.10027031984283166,1.8744735881897867,0.7159129334778092,-0.23204774044612855,-0.6661785879229576,0.0
649,0.6712947499997575,-0.10775504886584117,0.0426796260317086,-0.022780550339182755,0.18452495516262873,0.007655452930748742,-0.8130284392322452,-0.6718563426385925,0.10027031984283166,-1.5659884376358935,-1.3968178995483904,-0.23204774044612855,-0.6661785879229576,0.0
650,-0.300418033337648,-0.8375859574613138,0.0426796260317086,1.629479365438011,1.7218173181053398,3.1540466074685334,2.647722074829985,1.5062300827953725,0.8827595879834081,-0.8014413207857424,0.7159129334778092,-0.23204774044612855,1.5010989817577989,0.0
651,0.05936926999555183,-0.10775504886584117,0.0426796260317086,-0.022780550339182755,0.18452495516262873,0.007655452930748742,-0.8130284392322452,-0.6718563426385925,0.10027031984283166,-0.8014413207857424,-1.3968178995483904,-0.23204774044612855,-0.6661785879229576,0.0
652,0.10051515840865713,-0.10775504886584117,0.1556066193731176,-0.022780550339182755,0.18452495516262873,0.007655452930748742,-0.8130284392322452,-0.6718563426385925,0.10027031984283166,-0.4191677623606668,-1.3968178995483904,-0.23204774044612855,-0.6661785879229576,0.0
653,-0.34347768400252565,-0.41986589121607065,0.1556066193731176,-1.124287160857312,-0.5841212263087268,0.007655452930748742,-0.8130284392322452,-0.6718563426385925,0.10027031984283166,-0.036894203935591174,0.7159129334778092,-0.23204774044612855,-0.6661785879229576,0.0
654,0.12874315162229913,-0.10775504886584117,0.1556066193731176,-0.022780550339182755,0.18452495516262873,0.007655452930748742,-0.8130284392322452,-0.6718563426385925,0.10027031984283166,-0.8014413207857424,-1.3968178995483904,-0.23204774044612855,-0.6661785879229576,0.0
655,-0.3817529290379724,2.0833860350465834,0.1556066193731176,-1.6750404661163767,-2.121413589251438,-1.0411415985818462,0.3405550654551648,1.5062300827953725,-2.247197484578898,-1.1837148792108179,0.7159129334778092,-0.23204774044612855,1.5010989817577989,0.0
656,0.3837519716709634,1.1679100318214901,0.1556066193731176,-1.124287160857312,-0.5841212263087268,-1.0411415985818462,1.494138570142575,1.5062300827953725,0.10027031984283166,-0.8014413207857424,,-0.23204774044612855,1.5010989817577989,0.0
657,0.04549449367020237,-0.10775504886584117,0.1556066193731176,-0.022780550339182755,0.18452495516262873,0.007655452930748742,-0.8130284392322452,-0.6718563426385925,0.10027031984283166,-0.8014413207857424,-1.3968178995483904,-0.23204774044612855,-0.6661785879229576,0.0
658,-0.03727572371895132,1.382227644767766,0.1556066193731176,-1.124287160857312,-0.5841212263087268,-1.0411415985818462,1.494138570142575,1.5062300827953725,-0.6822189482977449,0.72765291291456,0.7159129334778092,-0.23204774044612855,1.5010989817577989,0.0
659,0.13974728456999008,1.7830957914142482,0.1556066193731176,-1.124287160857312,-2.121413589251438,-1.0411415985818462,0.3405550654551648,1.5062300827953725,-2.247197484578898,-0.4191677623606668,0.7159129334778092,4.309458036856673,1.5010989817577989,0.0
660,-0.4941864613295974,-0.6384933259182577,0.1556066193731176,0.5279727549198818,0.18452495516262873,0.007655452930748742,-0.8130284392322452,-0.6718563426385925,0.10027031984283166,1.8744735881897867,0.7159129334778092,-0.23204774044612855,-0.6661785879229576,0.0
661,-0.3865373346674033,1.382227644767766,0.1556066193731176,-1.124287160857312,-0.5841212263087268,-1.0411415985818462,1.494138570142575,1.5062300827953725,-0.6822189482977449,0.3453793544894844,0.7159129334778092,-0.23204774044612855,1.5010989817577989,0.0
662,0.10721332628986033,-0.10775504886584117,0.1556066193731176,-0.022780550339182755,0.18452495516262873,0.007655452930748742,-0.8130284392322452,-0.6718563426385925,0.10027031984283166,-1.1837148792108179,-1.3968178995483904,-0.23204774044612855,-0.6661785879229576,0.0
663,-0.2764960051904938,1.7830957914142482,0.1556066193731176,-1.124287160857312,-2.121413589251438,-1.0411415985818462,0.3405550654551648,1.5062300827953725,-2.247197484578898,-1.1837148792108179,0.7159129334778092,4.309458036856673,1.5010989817577989,0.0
664,-0.0037848843129353747,-0.7472533060317542,0.1556066193731176,0.5279727549198818,0.18452495516262873,0.007655452930748742,0.3405550654551648,-0.6718563426385925,0.10027031984283166,1.1099264713396355,0.7159129334778092,-0.23204774044612855,-0.6661785879229576,0.0
665,0.7090915544722611,-0.10775504886584117,0.1556066193731176,-0.022780550339182755,0.18452495516262873,0.007655452930748742,-0.8130284392322452,-0.6718563426385925,0.10027031984283166,-1.1837148792108179,-1.3968178995483904,-0.23204774044612855,-0.6661785879229576,0.0
666,1.6133442184346918,-1.725662341073072,0.1556066193731176,2.7309859759561403,2.490463499576695,3.1540466074685334,0.3405550654551648,0.054172465839395875,2.447738124264561,2.639020705039938,0.7159129334778092,-0.23204774044612855,-0.6661785879229576,0.0
667,-0.12817943067813745,0.3281208361498234,0.1556066193731176,-0.022780550339182755,0.18452495516262873,0.007655452930748742,1.494138570142575,0.7802012743173842,0.10027031984283166,-0.8014413207857424,0.7159129334778092,-0.23204774044612855,1.5010989817577989,0.0
668,-0.2535308581692257,0.3281208361498234,0.1556066193731176,-0.022780550339182755,0.18452495516262873,0.007655452930748742,1.494138570142575,0.7802012743173842,0.10027031984283166,-0.4191677623606668,0.7159129334778092,-0.23204774044612855,1.5010989817577989,0.0
669,-0.42002817407341925,-0.7472533060317542,0.1556066193731176,0.5279727549198818,0.18452495516262873,0.007655452930748742,0.3405550654551648,-0.6718563426385925,0.10027031984283166,-1.1837148792108179,0.7159129334778092,-0.23204774044612855,-0.6661785879229576,0.0
670,1.4937340776989205,-1.725662341073072,0.1556066193731176,2.7309859759561403,2.490463499576695,3.1540466074685334,0.3405550654551648,0.054172465839395875,2.447738124264561,2.639020705039938,0.7159129334778092,-0.23204774044612855,-0.6661785879229576,0.0
671,0.20194455775259113,-0.5201103000848772,0.1556066193731176,0.5279727549198818,0.18452495516262873,0.007655452930748742,-0.8130284392322452,-0.6718563426385925,0.10027031984283166,1.4922000297647111,0.7159129334778092,-0.23204774044612855,-0.6661785879229576,0.0
672,-0.3296564930202258,-0.8041357400309,0.1556066193731176,-0.022780550339182755,0.18452495516262873,0.007655452930748742,-0.8130284392322452,-0.6718563426385925,0.10027031984283166,-0.4191677623606668,0.7159129334778092,-0.23204774044612855,-0.6661785879229576,0.0
673,-0.33390887274366393,-0.7472533060317542,0.1556066193731176,0.5279727549198818,0.18452495516262873,0.007655452930748742,0.3405550654551648,-0.6718563426385925,0.10027031984283166,0.3453793544894844,0.7159129334778092,-0.23204774044612855,-0.6661785879229576,0.0
674,-0.2597505854874858,-0.6384933259182577,0.1556066193731176,0.5279727549198818,0.18452495516262873,0.007655452930748742,-0.8130284392322452,-0.6718563426385925,0.10027031984283166,1.1099264713396355,0.7159129334778092,-0.23204774044612855,-0.6661785879229576,0.0
675,-0.052585821733130034,-0.10775504886584117,0.1556066193731176,-0.022780550339182755,0.18452495516262873,0.007655452930748742,-0.8130284392322452,-0.6718563426385925,0.10027031984283166,-0.8014413207857424,-1.3968178995483904,-0.23204774044612855,-0.6661785879229576,0.0
676,-0.013353695571797074,-0.7472533060317542,0.1556066193731176,0.5279727549198818,0.18452495516262873,0.007655452930748742,0.3405550654551648,-0.6718563426385925,0.10027031984283166,1.4922000297647111,0.7159129334778092,-0.23204774044612855,-0.6661785879229576,0.0
677,-0.43916579659114263,2.0833860350465834,0.1556066193731176,-1.6750404661163767,-2.121413589251438,-1.0411415985818462,0.3405550654551648,1.5062300827953725,-2.247197484578898,-1.1837148792108179,0.7159129334778092,-0.23204774044612855,1.5010989817577989,0.0
678,-0.3817529290379724,-0.8375859574613138,0.1556066193731176,1.629479365438011,1.7218173181053398,3.1540466074685334,2.647722074829985,1.5062300827953725,0.8827595879834081,-1.1837148792108179,0.7159129334778092,-0.23204774044612855,1.5010989817577989,0.0
679,-0.22960883002207144,-0.10775504886584117,0.1556066193731176,-0.022780550339182755,0.18452495516262873,0.007655452930748742,-0.8130284392322452,-0.6718563426385925,0.10027031984283166,0.3453793544894844,-1.3968178995483904,-0.23204774044612855,-0.6661785879229576,0.0
680,-0.42002817407341925,-0.36661052386553206,0.1556066193731176,0.5279727549198818,2.490463499576695,2.1052495559559388,3.8013055795173947,2.2322588912733607,0.8827595879834081,-1.5659884376358935,0.7159129334778092,-0.23204774044612855,1.5010989817577989,0.0
681,-0.027228471897146535,-0.10775504886584117,0.1556066193731176,-0.022780550339182755,0.18452495516262873,0.007655452930748742,-0.8130284392322452,-0.6718563426385925,0.10027031984283166,-0.8014413207857424,-1.3968178995483904,-0.23204774044612855,-0.6661785879229576,0.0
682,-0.3550138428562093,1.4472523445360894,0.1556066193731176,-0.5735338555982474,-0.5841212263087268,-1.0411415985818462,0.3405550654551648,1.5062300827953725,-0.6822189482977449,-1.1837148792108179,0.7159129334778092,-0.23204774044612855,1.5010989817577989,0.0
683,-0.20472992074903104,0.3281208361498234,0.2685336127145266,-0.022780550339182755,0.18452495516262873,0.007655452930748742,1.494138570142575,0.7802012743173842,0.10027031984283166,-1.1837148792108179,0.7159129334778092,-0.23204774044612855,1.5010989817577989,0.0
684,0.14453169019942094,0.039488187763736395,0.2685336127145266,-0.022780550339182755,0.18452495516262873,0.007655452930748742,1.494138570142575,0.7802012743173842,0.10027031984283166,-1.1837148792108179,0.7159129334778092,-0.23204774044612855,1.5010989817577989,0.0
685,-0.2621427883022012,-0.6384933259182577,0.2685336127145266,0.5279727549198818,0.18452495516262873,0.007655452930748742,-0.8130284392322452,-0.6718563426385925,0.10027031984283166,-0.8014413207857424,0.7159129334778092,-0.23204774044612855,-0.6661785879229576,0.0
686,2.8405442623837045,-1.725662341073072,0.2685336127145266,2.7309859759561403,2.490463499576695,3.1540466074685334,0.3405550654551648,0.054172465839395875,2.447738124264561,2.639020705039938,0.7159129334778092,-0.23204774044612855,-0.6661785879229576,0.0
687,-0.2286519488961853,-0.6384933259182577,0.2685336127145266,0.5279727549198818,0.18452495516262873,0.007655452930748742,-0.8130284392322452,-0.6718563426385925,0.10027031984283166,1.1099264713396355,0.7159129334778092,-0.23204774044612855,-0.6661785879229576,0.0
688,-0.22338910270381135,-0.10775504886584117,0.2685336127145266,-0.022780550339182755,0.18452495516262873,0.007655452930748742,-0.8130284392322452,-0.6718563426385925,0.10027031984283166,0.3453793544894844,-1.3968178995483904,-0.23204774044612855,-0.6661785879229576,0.0
689,-0.28606481644935544,1.4472523445360894,0.2685336127145266,-0.5735338555982474,-0.5841212263087268,-1.0411415985818462,0.3405550654551648,1.5062300827953725,-0.6822189482977449,0.72765291291456,0.7159129334778092,-0.23204774044612855,1.5010989817577989,0.0
690,0.10721332628986033,-0.10775504886584117,0.2685336127145266,-0.022780550339182755,0.18452495516262873,0.007655452930748742,-0.8130284392322452,-0.6718563426385925,0.10027031984283166,-1.1837148792108179,-1.3968178995483904,-0.23204774044612855,-0.6661785879229576,0.0
691,0.03927476635194227,-1.356437982475979,0.2685336127145266,2.180232670697076,0.9531711366339842,1.0564525044433437,0.3405550654551648,-0.6718563426385925,1.6652488561239847,1.8744735881897867,0.7159129334778092,-0.23204774044612855,-0.6661785879229576,0.0
692,-0.48940205570016654,-0.6384933259182577,0.2685336127145266,0.5279727549198818,0.18452495516262873,0.007655452930748742,-0.8130284392322452,-0.6718563426385925,0.10027031984283166,0.3453793544894844,0.7159129334778092,-0.23204774044612855,-0.6661785879229576,0.0
693,-0.2286519488961853,-0.6384933259182577,0.2685336127145266,0.5279727549198818,0.18452495516262873,0.007655452930748742,-0.8130284392322452,-0.6718563426385925,0.10027031984283166,-0.036894203935591174,0.7159129334778092,-0.23204774044612855,-0.6661785879229576,0.0
694,-0.22386754326675443,-0.6384933259182577,0.2685336127145266,0.5279727549198818,0.18452495516262873,0.007655452930748742,-0.8130284392322452,-0.6718563426385925,0.10027031984283166,0.3453793544894844,0.7159129334778092,-0.23204774044612855,-0.6661785879229576,0.0
695,2.1013535926366385,-1.725662341073072,0.2685336127145266,2.7309859759561403,2.490463499576695,3.1540466074685334,0.3405550654551648,0.054172465839395875,2.447738124264561,2.2567471466148623,0.7159129334778092,-0.23204774044612855,-0.6661785879229576,0.0
696,-0.4056749571851267,1.382227644767766,0.2685336127145266,-1.124287160857312,-0.5841212263087268,-1.0411415985818462,1.494138570142575,1.5062300827953725,-0.6822189482977449,-0.4191677623606668,0.7159129334778092,-0.23204774044612855,1.5010989817577989,0.0
697,-0.11478309491573108,-0.36661052386553206,0.2685336127145266,0.5279727549198818,2.490463499576695,2.1052495559559388,3.8013055795173947,2.2322588912733607,0.8827595879834081,-1.5659884376358935,0.7159129334778092,-0.23204774044612855,1.5010989817577989,0.0
698,0.06319679449909651,-0.10775504886584117,0.2685336127145266,-0.022780550339182755,0.18452495516262873,0.007655452930748742,-0.8130284392322452,-0.6718563426385925,0.10027031984283166,-1.1837148792108179,-1.3968178995483904,-0.23204774044612855,-0.6661785879229576,0.0
699,-0.3829490304453302,1.382227644767766,0.2685336127145266,-1.124287160857312,-0.5841212263087268,-1.0411415985818462,1.494138570142575,1.5062300827953725,-0.6822189482977449,0.3453793544894844,0.7159129334778092,-0.23204774044612855,1.5010989817577989,0.0
700,-0.07555096875439811,1.382227644767766,0.32499710938523113,-1.124287160857312,-0.5841212263087268,-1.0411415985818462,1.494138570142575,1.5062300827953725,-0.6822189482977449,-0.036894203935591174,0.7159129334778092,-0.23204774044612855,1.5010989817577989,0.0
701,-0.4056749571851267,-0.8041357400309,0.32499710938523113,-0.022780550339182755,0.18452495516262873,0.007655452930748742,-0.8130284392322452,-0.6718563426385925,0.10027031984283166,-0.4191677623606668,0.7159129334778092,-0.23204774044612855,-0.6661785879229576,0.0
702,1.9066282835188026,-1.725662341073072,0.32499710938523113,2.7309859759561403,2.490463499576695,3.1540466074685334,0.3405550654551648,0.054172465839395875,2.447738124264561,2.2567471466148623,0.7159129334778092,-0.23204774044612855,-0.6661785879229576,0.0
703,0.11056241023046191,-0.10775504886584117,0.32499710938523113,-0.022780550339182755,0.18452495516262873,0.007655452930748742,-0.8130284392322452,-0.6718563426385925,0.10027031984283166,-1.1837148792108179,-1.3968178995483904,-0.23204774044612855,-0.6661785879229576,0.0
704,-0.49897086695902826,-0.6384933259182577,0.32499710938523113,0.5279727549198818,0.18452495516262873,0.007655452930748742,-0.8130284392322452,-0.6718563426385925,0.10027031984283166,-0.4191677623606668,0.7159129334778092,-0.23204774044612855,-0.6661785879229576,0.0
705,-0.34347768400252565,2.0833860350465834,0.32499710938523113,-1.6750404661163767,-2.121413589251438,-1.0411415985818462,0.3405550654551648,1.5062300827953725,-2.247197484578898,-0.4191677623606668,0.7159129334778092,-0.23204774044612855,1.5010989817577989,0.0
706,-0.23391479508855922,-0.10775504886584117,0.32499710938523113,-0.022780550339182755,0.18452495516262873,0.007655452930748742,-0.8130284392322452,-0.6718563426385925,0.10027031984283166,-0.036894203935591174,-1.3968178995483904,-0.23204774044612855,-0.6661785879229576,0.0
707,-0.2525739770433395,-0.7472533060317542,0.32499710938523113,0.5279727549198818,0.18452495516262873,0.007655452930748742,0.3405550654551648,-0.6718563426385925,0.10027031984283166,-1.1837148792108179,0.7159129334778092,-0.23204774044612855,-0.6661785879229576,0.0
708,0.044059171981373116,1.7830957914142482,0.32499710938523113,-1.124287160857312,-2.121413589251438,-1.0411415985818462,0.3405550654551648,1.5062300827953725,-2.247197484578898,-0.8014413207857424,0.7159129334778092,4.309458036856673,1.5010989817577989,0.0
709,0.01343897595301568,-0.10775504886584117,0.32499710938523113,-0.022780550339182755,0.18452495516262873,0.007655452930748742,-0.8130284392322452,-0.6718563426385925,0.10027031984283166,-1.1837148792108179,-1.3968178995483904,-0.23204774044612855,-0.6661785879229576,0.0
710,-0.2764960051904938,1.7830957914142482,0.32499710938523113,-1.124287160857312,-2.121413589251438,-1.0411415985818462,0.3405550654551648,1.5062300827953725,-2.247197484578898,0.72765291291456,0.7159129334778092,4.309458036856673,1.5010989817577989,0.0
711,-0.4152437684439884,-0.7472533060317542,0.32499710938523113,0.5279727549198818,0.18452495516262873,0.007655452930748742,0.3405550654551648,-0.6718563426385925,0.10027031984283166,-0.4191677623606668,0.7159129334778092,-0.23204774044612855,-0.6661785879229576,0.0
712,-0.2286519488961853,-0.10775504886584117,0.32499710938523113,-0.022780550339182755,0.18452495516262873,0.007655452930748742,-0.8130284392322452,-0.6718563426385925,0.10027031984283166,-0.036894203935591174,-1.3968178995483904,-0.23204774044612855,-0.6661785879229576,0.0
713,-0.4822254472560203,2.0833860350465834,0.32499710938523113,-1.6750404661163767,-2.121413589251438,-1.0411415985818462,0.3405550654551648,1.5062300827953725,-2.247197484578898,-1.5659884376358935,0.7159129334778092,-0.23204774044612855,1.5010989817577989,0.0
714,-0.2286519488961853,-0.6384933259182577,0.32499710938523113,0.5279727549198818,0.18452495516262873,0.007655452930748742,-0.8130284392322452,-0.6718563426385925,0.10027031984283166,-0.036894203935591174,0.7159129334778092,-0.23204774044612855,-0.6661785879229576,0.0
715,-0.23822076015504698,-0.8375859574613138,0.32499710938523113,1.629479365438011,1.7218173181053398,3.1540466074685334,2.647722074829985,1.5062300827953725,0.8827595879834081,-1.1837148792108179,0.7159129334778092,-0.23204774044612855,1.5010989817577989,0.0
716,-0.012396814445910903,-0.10775504886584117,0.32499710938523113,-0.022780550339182755,0.18452495516262873,0.007655452930748742,-0.8130284392322452,-0.6718563426385925,0.10027031984283166,-0.4191677623606668,-1.3968178995483904,-0.23204774044612855,-0.6661785879229576,0.0
717,-0.23343635452561612,-0.6384933259182577,0.32499710938523113,0.5279727549198818,0.18452495516262873,0.007655452930748742,-0.8130284392322452,-0.6718563426385925,0.10027031984283166,0.3453793544894844,0.7159129334778092,-0.23204774044612855,-0.6661785879229576,0.0
718,-0.010004611631195478,-0.10775504886584117,0.32499710938523113,-0.022780550339182755,0.18452495516262873,0.007655452930748742,-0.8130284392322452,-0.6718563426385925,0.10027031984283166,-0.4191677623606668,-1.3968178995483904,-0.23204774044612855,-0.6661785879229576,0.0
719,0.07276560575795821,-0.10775504886584117,0.32499710938523113,-0.022780550339182755,0.18452495516262873,0.007655452930748742,-0.8130284392322452,-0.6718563426385925,0.10027031984283166,-1.1837148792108179,-1.3968178995483904,-0.23204774044612855,-0.6661785879229576,0.0
720,-0.32434006148480227,-1.356437982475979,0.32499710938523113,2.180232670697076,0.9531711366339842,1.0564525044433437,0.3405550654551648,-0.6718563426385925,1.6652488561239847,1.4922000297647111,0.7159129334778092,-0.23204774044612855,-0.6661785879229576,0.0
721,-0.034883520904235896,1.382227644767766,0.32499710938523113,-1.124287160857312,-0.5841212263087268,-1.0411415985818462,1.494138570142575,1.5062300827953725,-0.6822189482977449,0.72765291291456,0.7159129334778092,-0.23204774044612855,1.5010989817577989,0.0
722,-0.43533827208759796,2.0833860350465834,0.32499710938523113,-1.6750404661163767,-2.121413589251438,-1.0411415985818462,0.3405550654551648,1.5062300827953725,-2.247197484578898,-1.5659884376358935,0.7159129334778092,-0.23204774044612855,1.5010989817577989,0.0
723,-0.2525739770433395,-0.6384933259182577,0.3814606060559356,0.5279727549198818,0.18452495516262873,0.007655452930748742,-0.8130284392322452,-0.6718563426385925,0.10027031984283166,1.1099264713396355,0.7159129334778092,-0.23204774044612855,-0.6661785879229576,0.0
724,-0.2190831376373236,-0.6384933259182577,0.3814606060559356,0.5279727549198818,0.18452495516262873,0.007655452930748742,-0.8130284392322452,-0.6718563426385925,0.10027031984283166,1.4922000297647111,0.7159129334778092,-0.23204774044612855,-0.6661785879229576,0.0
725,1.637266246581846,-1.725662341073072,0.3814606060559356,2.7309859759561403,2.490463499576695,3.1540466074685334,0.3405550654551648,0.054172465839395875,2.447738124264561,1.4922000297647111,0.7159129334778092,-0.23204774044612855,-0.6661785879229576,0.0
726,-0.46787223036772774,2.0833860350465834,0.3814606060559356,-1.6750404661163767,-2.121413589251438,-1.0411415985818462,0.3405550654551648,1.5062300827953725,-2.247197484578898,-1.1837148792108179,0.7159129334778092,-0.23204774044612855,1.5010989817577989,0.0
727,0.03831788522605609,-1.356437982475979,0.3814606060559356,2.180232670697076,0.9531711366339842,1.0564525044433437,0.3405550654551648,-0.6718563426385925,1.6652488561239847,1.8744735881897867,0.7159129334778092,-0.23204774044612855,-0.6661785879229576,0.0
728,0.03879632578899918,-0.10775504886584117,0.3814606060559356,-0.022780550339182755,0.18452495516262873,0.007655452930748742,-0.8130284392322452,-0.6718563426385925,0.10027031984283166,-1.1837148792108179,-1.3968178995483904,-0.23204774044612855,-0.6661785879229576,0.0
729,0.04214540972960078,-0.10775504886584117,0.3814606060559356,-0.022780550339182755,0.18452495516262873,0.007655452930748742,-0.8130284392322452,-0.6718563426385925,0.10027031984283166,-1.1837148792108179,-1.3968178995483904,-0.23204774044612855,-0.6661785879229576,0.0
730,2.115706809524931,-1.725662341073072,0.3814606060559356,2.7309859759561403,2.490463499576695,3.1540466074685334,0.3405550654551648,0.054172465839395875,2.447738124264561,2.2567471466148623,0.7159129334778092,-0.23204774044612855,-0.6661785879229576,0.0
731,-0.396106145926265,-0.7472533060317542,0.3814606060559356,0.5279727549198818,0.18452495516262873,0.007655452930748742,0.3405550654551648,-0.6718563426385925,0.10027031984283166,0.3453793544894844,0.7159129334778092,-0.23204774044612855,-0.6661785879229576,0.0
732,-0.031055996400691215,-0.10775504886584117,0.3814606060559356,-0.022780550339182755,0.18452495516262873,0.007655452930748742,-0.8130284392322452,-0.6718563426385925,0.10027031984283166,-0.8014413207857424,-1.3968178995483904,-0.23204774044612855,-0.6661785879229576,0.0
733,-0.4295969853322809,-0.6384933259182577,0.3814606060559356,0.5279727549198818,0.18452495516262873,0.007655452930748742,-0.8130284392322452,-0.6718563426385925,0.10027031984283166,2.2567471466148623,0.7159129334778092,-0.23204774044612855,-0.6661785879229576,0.0
734,-0.39132174029683414,-0.7472533060317542,0.3814606060559356,0.5279727549198818,0.18452495516262873,0.007655452930748742,0.3405550654551648,-0.6718563426385925,0.10027031984283166,-0.036894203935591174,0.7159129334778092,-0.23204774044612855,-0.6661785879229576,0.0
735,-0.15688586445472255,-0.7472533060317542,0.3814606060559356,0.5279727549198818,0.18452495516262873,0.007655452930748742,0.3405550654551648,-0.6718563426385925,0.10027031984283166,-1.5659884376358935,0.7159129334778092,-0.23204774044612855,-0.6661785879229576,0.0
736,-0.5023199508996299,-0.6384933259182577,0.3814606060559356,0.5279727549198818,0.18452495516262873,0.007655452930748742,-0.8130284392322452,-0.6718563426385925,0.10027031984283166,-0.036894203935591174,0.7159129334778092,-0.23204774044612855,-0.6661785879229576,0.0
737,-0.14492485038114541,1.1679100318214901,0.3814606060559356,-1.124287160857312,-0.5841212263087268,-1.0411415985818462,1.494138570142575,1.5062300827953725,0.10027031984283166,0.3453793544894844,,-0.23204774044612855,1.5010989817577989,0.0
738,-0.34347768400252565,-0.41986589121607065,0.3814606060559356,-1.124287160857312,-0.5841212263087268,0.007655452930748742,-0.8130284392322452,-0.6718563426385925,0.10027031984283166,-0.8014413207857424,0.7159129334778092,-0.23204774044612855,-0.6661785879229576,0.0
739,-0.27123315899811984,-0.10775504886584117,0.3814606060559356,-0.022780550339182755,0.18452495516262873,0.007655452930748742,-0.8130284392322452,-0.6718563426385925,0.10027031984283166,-0.036894203935591174,-1.3968178995483904,-0.23204774044612855,-0.6661785879229576,0.0
740,-0.2248244243926406,-0.7472533060317542,0.4379241027266401,0.5279727549198818,0.18452495516262873,0.007655452930748742,0.3405550654551648,-0.6718563426385925,0.10027031984283166,0.3453793544894844,0.7159129334778092,-0.23204774044612855,-0.6661785879229576,0.0
741,-0.0851197800132598,-0.7472533060317542,0.4379241027266401,0.5279727549198818,0.18452495516262873,0.007655452930748742,0.3405550654551648,-0.6718563426385925,0.10027031984283166,1.1099264713396355,0.7159129334778092,-0.23204774044612855,-0.6661785879229576,0.0
742,-0.31477125022594055,-0.41986589121607065,0.4379241027266401,-1.124287160857312,-0.5841212263087268,0.007655452930748742,-0.8130284392322452,-0.6718563426385925,0.10027031984283166,0.3453793544894844,0.7159129334778092,-0.23204774044612855,-0.6661785879229576,0.0
743,0.016788059893617275,-0.10775504886584117,0.4379241027266401,-0.022780550339182755,0.18452495516262873,0.007655452930748742,-0.8130284392322452,-0.6718563426385925,0.10027031984283166,-1.1837148792108179,-1.3968178995483904,-0.23204774044612855,-0.6661785879229576,0.0
744,2.731938254595624,1.1679100318214901,0.4379241027266401,-1.124287160857312,-0.5841212263087268,-1.0411415985818462,1.494138570142575,1.5062300827953725,0.10027031984283166,1.1099264713396355,-1.3968178995483904,-0.23204774044612855,1.5010989817577989,0.0
745,0.24978861404689962,-0.7084312558394958,0.4379241027266401,-0.022780550339182755,0.18452495516262873,0.007655452930748742,-0.8130284392322452,-1.3978851511165808,0.10027031984283166,0.72765291291456,0.7159129334778092,-0.23204774044612855,-0.6661785879229576,0.0
746,-0.24109140353270547,-0.10775504886584117,0.4379241027266401,-0.022780550339182755,0.18452495516262873,0.007655452930748742,-0.8130284392322452,-0.6718563426385925,0.10027031984283166,0.3453793544894844,-1.3968178995483904,-0.23204774044612855,-0.6661785879229576,0.0
747,-0.1329638363075683,-0.5201103000848772,0.4379241027266401,0.5279727549198818,0.18452495516262873,0.007655452930748742,-0.8130284392322452,-0.6718563426385925,0.10027031984283166,0.72765291291456,0.7159129334778092,-0.23204774044612855,-0.6661785879229576,0.0
748,2.235316950260702,-1.725662341073072,0.4379241027266401,2.7309859759561403,2.490463499576695,3.1540466074685334,0.3405550654551648,0.054172465839395875,2.447738124264561,2.639020705039938,0.7159129334778092,-0.23204774044612855,-0.6661785879229576,0.0
749,-0.4774410416265894,1.4472523445360894,0.4379241027266401,-0.5735338555982474,-0.5841212263087268,-1.0411415985818462,0.3405550654551648,1.5062300827953725,-0.6822189482977449,-0.4191677623606668,0.7159129334778092,-0.23204774044612855,1.5010989817577989,0.0
750,-0.03296975865246356,-0.10775504886584117,0.4379241027266401,-0.022780550339182755,0.18452495516262873,0.007655452930748742,-0.8130284392322452,-0.6718563426385925,0.10027031984283166,-0.8014413207857424,-1.3968178995483904,-0.23204774044612855,-0.6661785879229576,0.0
751,0.9583590877656084,1.1679100318214901,0.4379241027266401,-1.124287160857312,-0.5841212263087268,-1.0411415985818462,1.494138570142575,1.5062300827953725,0.10027031984283166,0.72765291291456,-1.3968178995483904,-0.23204774044612855,1.5010989817577989,0.0
752,0.040710088040771523,-0.10775504886584117,0.4379241027266401,-0.022780550339182755,0.18452495516262873,0.007655452930748742,-0.8130284392322452,-0.6718563426385925,0.10027031984283166,-1.5659884376358935,-1.3968178995483904,-0.23204774044612855,-0.6661785879229576,0.0
753,-0.06358995468082099,-0.10775504886584117,0.4379241027266401,-0.022780550339182755,0.18452495516262873,0.007655452930748742,-0.8130284392322452,-0.6718563426385925,0.10027031984283166,-0.8014413207857424,-1.3968178995483904,-0.23204774044612855,-0.6661785879229576,0.0
754,-0.1961179906160555,-0.6384933259182577,0.4379241027266401,0.5279727549198818,0.18452495516262873,0.007655452930748742,-0.8130284392322452,-0.6718563426385925,0.10027031984283166,1.4922000297647111,0.7159129334778092,-0.23204774044612855,-0.6661785879229576,0.0
755,-0.007133968253536969,-0.10775504886584117,0.4379241027266401,-0.022780550339182755,0.18452495516262873,0.007655452930748742,-0.8130284392322452,-0.6718563426385925,0.10027031984283166,-0.4191677623606668,-1.3968178995483904,-0.23204774044612855,-0.6661785879229576,0.0
756,0.09668763390511245,1.7830957914142482,0.4379241027266401,-1.124287160857312,-2.121413589251438,-1.0411415985818462,0.3405550654551648,1.5062300827953725,-2.247197484578898,0.72765291291456,0.7159129334778092,4.309458036856673,1.5010989817577989,0.0
757,-0.054442171117349204,-0.10775504886584117,0.4379241027266401,-0.022780550339182755,0.18452495516262873,0.007655452930748742,-0.8130284392322452,-0.6718563426385925,0.10027031984283166,-0.8014413207857424,-1.3968178995483904,-0.23204774044612855,-0.6661785879229576,0.0
758,1.1109816273444526,-1.725662341073072,0.4379241027266401,2.7309859759561403,2.490463499576695,3.1540466074685334,0.3405550654551648,0.054172465839395875,2.447738124264561,1.4922000297647111,0.7159129334778092,-0.23204774044612855,-0.6661785879229576,0.0
759,-0.3482620896319565,-0.5201103000848772,0.4943875993973446,0.5279727549198818,0.18452495516262873,0.007655452930748742,-0.8130284392322452,-0.6718563426385925,0.10027031984283166,-1.1837148792108179,0.7159129334778092,-0.23204774044612855,-0.6661785879229576,0.0
760,-0.2190831376373236,1.4472523445360894,0.4943875993973446,-0.5735338555982474,-0.5841212263087268,-1.0411415985818462,0.3405550654551648,1.5062300827953725,-0.6822189482977449,-0.036894203935591174,0.7159129334778092,-0.23204774044612855,1.5010989817577989,0.0
761,-0.1329638363075683,-0.6384933259182577,0.4943875993973446,0.5279727549198818,0.18452495516262873,0.007655452930748742,-0.8130284392322452,-0.6718563426385925,0.10027031984283166,1.8744735881897867,0.7159129334778092,-0.23204774044612855,-0.6661785879229576,0.0
762,0.9066875069677552,1.1679100318214901,0.4943875993973446,-1.124287160857312,-0.5841212263087268,-1.0411415985818462,1.494138570142575,1.5062300827953725,0.10027031984283166,-0.036894203935591174,-1.3968178995483904,-0.23204774044612855,1.5010989817577989,0.0
763,-0.03727572371895132,0.3281208361498234,0.4943875993973446,-0.022780550339182755,0.18452495516262873,0.007655452930748742,1.494138570142575,0.7802012743173842,0.10027031984283166,-0.4191677623606668,0.7159129334778092,-0.23204774044612855,1.5010989817577989,0.0
764,2.833367653939558,-1.725662341073072,0.4943875993973446,2.7309859759561403,2.490463499576695,3.1540466074685334,0.3405550654551648,0.054172465839395875,2.447738124264561,2.639020705039938,0.7159129334778092,-0.23204774044612855,-0.6661785879229576,0.0
765,0.10625644516397416,-0.7472533060317542,0.4943875993973446,0.5279727549198818,0.18452495516262873,0.007655452930748742,0.3405550654551648,-0.6718563426385925,0.10027031984283166,1.1099264713396355,0.7159129334778092,-0.23204774044612855,-0.6661785879229576,0.0
766,-0.0568917867996178,-0.10775504886584117,0.4943875993973446,-0.022780550339182755,0.18452495516262873,0.007655452930748742,-0.8130284392322452,-0.6718563426385925,0.10027031984283166,-0.8014413207857424,-1.3968178995483904,-0.23204774044612855,-0.6661785879229576,0.0
767,1.541578133993229,-1.725662341073072,0.4943875993973446,2.7309859759561403,2.490463499576695,3.1540466074685334,0.3405550654551648,0.054172465839395875,2.447738124264561,1.1099264713396355,0.7159129334778092,-0.23204774044612855,-0.6661785879229576,0.0
768,-0.40423963549629743,-0.7472533060317542,0.4943875993973446,0.5279727549198818,0.18452495516262873,0.007655452930748742,0.3405550654551648,-0.6718563426385925,0.10027031984283166,-0.8014413207857424,0.7159129334778092,-0.23204774044612855,-0.6661785879229576,0.0
769,-0.021726405423301058,0.3281208361498234,0.4943875993973446,-0.022780550339182755,0.18452495516262873,0.007655452930748742,1.494138570142575,0.7802012743173842,0.10027031984283166,-1.5659884376358935,0.7159129334778092,-0.23204774044612855,1.5010989817577989,0.0
770,-0.28606481644935544,-0.6384933259182577,0.4943875993973446,0.5279727549198818,0.18452495516262873,0.007655452930748742,-0.8130284392322452,-0.6718563426385925,0.10027031984283166,-0.8014413207857424,0.7159129334778092,-0.23204774044612855,-0.6661785879229576,0.0
771,1.5846377846581066,-1.725662341073072,0.4943875993973446,2.7309859759561403,2.490463499576695,3.1540466074685334,0.3405550654551648,0.054172465839395875,2.447738124264561,1.4922000297647111,0.7159129334778092,-0.23204774044612855,-0.6661785879229576,0.0
772,1.9793512490861516,-1.725662341073072,0.4943875993973446,2.7309859759561403,2.490463499576695,3.1540466074685334,0.3405550654551648,0.054172465839395875,2.447738124264561,2.2567471466148623,0.7159129334778092,-0.23204774044612855,-0.6661785879229576,0.0
773,0.07563624913561671,-0.10775504886584117,0.4943875993973446,-0.022780550339182755,0.18452495516262873,0.007655452930748742,-0.8130284392322452,-0.6718563426385925,0.10027031984283166,-1.1837148792108179,-1.3968178995483904,-0.23204774044612855,-0.6661785879229576,0.0
774,0.9583590877656084,1.1679100318214901,0.4943875993973446,-1.124287160857312,-0.5841212263087268,-1.0411415985818462,1.494138570142575,1.5062300827953725,0.10027031984283166,0.72765291291456,-1.3968178995483904,-0.23204774044612855,1.5010989817577989,0.0
775,-0.09086106676857683,-0.10775504886584117,0.4943875993973446,-0.022780550339182755,0.18452495516262873,0.007655452930748742,-0.8130284392322452,-0.6718563426385925,0.10027031984283166,-1.1837148792108179,-1.3968178995483904,-0.23204774044612855,-0.6661785879229576,0.0
776,-0.21429873200789273,-0.36661052386553206,0.4943875993973446,0.5279727549198818,2.490463499576695,2.1052495559559388,3.8013055795173947,2.2322588912733607,0.8827595879834081,-1.5659884376358935,0.7159129334778092,-0.23204774044612855,1.5010989817577989,0.0
777,-0.09086106676857683,-0.10775504886584117,0.4943875993973446,-0.022780550339182755,0.18452495516262873,0.007655452930748742,-0.8130284392322452,-0.6718563426385925,0.10027031984283166,-1.1837148792108179,-1.3968178995483904,-0.23204774044612855,-0.6661785879229576,0.0
778,-0.09086106676857683,-0.10775504886584117,0.4943875993973446,-0.022780550339182755,0.18452495516262873,0.007655452930748742,-0.8130284392322452,-0.6718563426385925,0.10027031984283166,-1.1837148792108179,-1.3968178995483904,-0.23204774044612855,-0.6661785879229576,0.0
779,-0.48318232838190645,-0.6384933259182577,0.4943875993973446,0.5279727549198818,0.18452495516262873,0.007655452930748742,-0.8130284392322452,-0.6718563426385925,0.10027031984283166,1.4922000297647111,0.7159129334778092,-0.23204774044612855,-0.6661785879229576,0.0
780,-0.09086106676857683,-0.10775504886584117,0.550851096068049,-0.022780550339182755,0.18452495516262873,0.007655452930748742,-0.8130284392322452,-0.6718563426385925,0.10027031984283166,-0.8014413207857424,-1.3968178995483904,-0.23204774044612855,-0.6661785879229576,0.0
781,0.9138641154119015,1.1679100318214901,0.550851096068049,-1.124287160857312,-0.5841212263087268,-1.0411415985818462,1.494138570142575,1.5062300827953725,0.10027031984283166,0.3453793544894844,-1.3968178995483904,-0.23204774044612855,1.5010989817577989,0.0
782,-0.07794317156911354,-0.10775504886584117,0.550851096068049,-0.022780550339182755,0.18452495516262873,0.007655452930748742,-0.8130284392322452,-0.6718563426385925,0.10027031984283166,-1.5659884376358935,-1.3968178995483904,-0.23204774044612855,-0.6661785879229576,0.0
783,-0.04684453497781302,1.1679100318214901,0.550851096068049,-1.124287160857312,-0.5841212263087268,-1.0411415985818462,1.494138570142575,1.5062300827953725,0.10027031984283166,-1.1837148792108179,,-0.23204774044612855,1.5010989817577989,0.0
784,0.9363508218702264,1.1679100318214901,0.550851096068049,-1.124287160857312,-0.5841212263087268,-1.0411415985818462,1.494138570142575,1.5062300827953725,0.10027031984283166,0.3453793544894844,-1.3968178995483904,-0.23204774044612855,1.5010989817577989,0.0
785,-0.0851197800132598,1.7830957914142482,0.550851096068049,-1.124287160857312,-2.121413589251438,-1.0411415985818462,0.3405550654551648,1.5062300827953725,-2.247197484578898,-1.1837148792108179,0.7159129334778092,4.309458036856673,1.5010989817577989,0.0
786,0.13496287894055925,1.382227644767766,0.550851096068049,-1.124287160857312,-0.5841212263087268,-1.0411415985818462,1.494138570142575,1.5062300827953725,-0.6822189482977449,0.3453793544894844,0.7159129334778092,-0.23204774044612855,1.5010989817577989,0.0
787,-0.05449958398490237,-0.10775504886584117,0.550851096068049,-0.022780550339182755,0.18452495516262873,0.007655452930748742,-0.8130284392322452,-0.6718563426385925,0.10027031984283166,-0.8014413207857424,-1.3968178995483904,-0.23204774044612855,-0.6661785879229576,0.0
788,0.9215191644189908,1.1679100318214901,0.550851096068049,-1.124287160857312,-0.5841212263087268,-1.0411415985818462,1.494138570142575,1.5062300827953725,0.10027031984283166,0.3453793544894844,-1.3968178995483904,-0.23204774044612855,1.5010989817577989,0.0
789,-0.08320601776148746,-0.10775504886584117,0.550851096068049,-0.022780550339182755,0.18452495516262873,0.007655452930748742,-0.8130284392322452,-0.6718563426385925,0.10027031984283166,-1.1837148792108179,-1.3968178995483904,-0.23204774044612855,-0.6661785879229576,0.0
790,0.951182479321462,1.1679100318214901,0.550851096068049,-1.124287160857312,-0.5841212263087268,-1.0411415985818462,1.494138570142575,1.5062300827953725,0.10027031984283166,0.72765291291456,-1.3968178995483904,-0.23204774044612855,1.5010989817577989,0.0
791,-0.09133950733151991,-0.10775504886584117,0.550851096068049,-0.022780550339182755,0.18452495516262873,0.007655452930748742,-0.8130284392322452,-0.6718563426385925,0.10027031984283166,-1.1837148792108179,-1.3968178995483904,-0.23204774044612855,-0.6661785879229576,0.0
792,-0.09086106676857683,-0.10775504886584117,0.550851096068049,-0.022780550339182755,0.18452495516262873,0.007655452930748742,-0.8130284392322452,-0.6718563426385925,0.10027031984283166,-1.1837148792108179,-1.3968178995483904,-0.23204774044612855,-0.6661785879229576,0.0
793,-0.2597505854874858,1.7830957914142482,0.550851096068049,-1.124287160857312,-2.121413589251438,-1.0411415985818462,0.3405550654551648,1.5062300827953725,-2.247197484578898,0.72765291291456,0.7159129334778092,4.309458036856673,1.5010989817577989,0.0
794,0.7354057854341308,-1.725662341073072,0.550851096068049,2.7309859759561403,2.490463499576695,3.1540466074685334,0.3405550654551648,0.054172465839395875,2.447738124264561,2.2567471466148623,0.7159129334778092,-0.23204774044612855,-0.6661785879229576,0.0
795,-0.32194785867008685,-0.41986589121607065,0.550851096068049,-1.124287160857312,-0.5841212263087268,0.007655452930748742,-0.8130284392322452,-0.6718563426385925,0.10027031984283166,1.1099264713396355,0.7159129334778092,-0.23204774044612855,-0.6661785879229576,0.0
796,-0.33390887274366393,2.0833860350465834,0.550851096068049,-1.6750404661163767,-2.121413589251438,-1.0411415985818462,0.3405550654551648,1.5062300827953725,-2.247197484578898,-0.4191677623606668,0.7159129334778092,-0.23204774044612855,1.5010989817577989,0.0
797,-0.05880554905139014,-0.10775504886584117,0.550851096068049,-0.022780550339182755,0.18452495516262873,0.007655452930748742,-0.8130284392322452,-0.6718563426385925,0.10027031984283166,-0.8014413207857424,-1.3968178995483904,-0.23204774044612855,-0.6661785879229576,0.0
798,-0.08033537438382896,-0.10775504886584117,0.550851096068049,-0.022780550339182755,0.18452495516262873,0.007655452930748742,-0.8130284392322452,-0.6718563426385925,0.10027031984283166,-1.1837148792108179,-1.3968178995483904,-0.23204774044612855,-0.6661785879229576,0.0
799,-0.31955565585537143,-0.8041357400309,0.550851096068049,-0.022780550339182755,0.18452495516262873,0.007655452930748742,-0.8130284392322452,-0.6718563426385925,0.10027031984283166,-0.8014413207857424,0.7159129334778092,-0.23204774044612855,-0.6661785879229576,0.0
800,-0.5013630697737437,-0.6384933259182577,0.550851096068049,0.5279727549198818,0.18452495516262873,0.007655452930748742,-0.8130284392322452,-0.6718563426385925,0.10027031984283166,0.3453793544894844,0.7159129334778092,-0.23204774044612855,-0.6661785879229576,0.0
801,-0.2525739770433395,1.7830957914142482,0.550851096068049,-1.124287160857312,-2.121413589251438,-1.0411415985818462,0.3405550654551648,1.5062300827953725,-2.247197484578898,-0.4191677623606668,0.7159129334778092,4.309458036856673,1.5010989817577989,0.0
802,-0.42002817407341925,2.0833860350465834,0.550851096068049,-1.6750404661163767,-2.121413589251438,-1.0411415985818462,0.3405550654551648,1.5062300827953725,-2.247197484578898,-1.1837148792108179,0.7159129334778092,-0.23204774044612855,1.5010989817577989,0.0
803,2.139628837672085,-1.725662341073072,0.550851096068049,2.7309859759561403,2.490463499576695,3.1540466074685334,0.3405550654551648,0.054172465839395875,2.447738124264561,2.639020705039938,0.7159129334778092,-0.23204774044612855,-0.6661785879229576,0.0
804,-0.283194173071697,1.4472523445360894,0.550851096068049,-0.5735338555982474,-0.5841212263087268,-1.0411415985818462,0.3405550654551648,1.5062300827953725,-0.6822189482977449,0.72765291291456,0.7159129334778092,-0.23204774044612855,1.5010989817577989,0.0
805,-0.2525739770433395,-0.8375859574613138,0.550851096068049,1.629479365438011,1.7218173181053398,3.1540466074685334,2.647722074829985,1.5062300827953725,0.8827595879834081,-1.1837148792108179,0.7159129334778092,-0.23204774044612855,1.5010989817577989,0.0
806,0.9655356962097547,1.1679100318214901,0.550851096068049,-1.124287160857312,-0.5841212263087268,-1.0411415985818462,1.494138570142575,1.5062300827953725,0.10027031984283166,0.72765291291456,-1.3968178995483904,-0.23204774044612855,1.5010989817577989,0.0
807,-0.2764960051904938,-0.7084312558394958,0.550851096068049,-0.022780550339182755,0.18452495516262873,0.007655452930748742,-0.8130284392322452,-1.3978851511165808,0.10027031984283166,0.3453793544894844,0.7159129334778092,-0.23204774044612855,-0.6661785879229576,0.0
808,-0.07746473100617045,-0.10775504886584117,0.550851096068049,-0.022780550339182755,0.18452495516262873,0.007655452930748742,-0.8130284392322452,-0.6718563426385925,0.10027031984283166,-0.8014413207857424,-1.3968178995483904,-0.23204774044612855,-0.6661785879229576,0.0
809,-0.3291244671142331,-0.41986589121607065,0.6073145927387537,-1.124287160857312,-0.5841212263087268,0.007655452930748742,-0.8130284392322452,-0.6718563426385925,0.10027031984283166,0.72765291291456,0.7159129334778092,-0.23204774044612855,-0.6661785879229576,0.0
810,-0.27171159956106294,-0.7084312558394958,0.6073145927387537,-0.022780550339182755,0.18452495516262873,0.007655452930748742,-0.8130284392322452,-1.3978851511165808,0.10027031984283166,0.3453793544894844,0.7159129334778092,-0.23204774044612855,-0.6661785879229576,0.0
811,-0.4080671599998421,-0.7472533060317542,0.6073145927387537,0.5279727549198818,0.18452495516262873,0.007655452930748742,0.3405550654551648,-0.6718563426385925,0.10027031984283166,-0.036894203935591174,0.7159129334778092,-0.23204774044612855,-0.6661785879229576,0.0
812,-0.497535545270199,-0.6384933259182577,0.6073145927387537,0.5279727549198818,0.18452495516262873,0.007655452930748742,-0.8130284392322452,-0.6718563426385925,0.10027031984283166,-0.4191677623606668,0.7159129334778092,-0.23204774044612855,-0.6661785879229576,0.0
813,0.05841238886966566,1.382227644767766,0.6073145927387537,-1.124287160857312,-0.5841212263087268,-1.0411415985818462,1.494138570142575,1.5062300827953725,-0.6822189482977449,0.72765291291456,0.7159129334778092,-0.23204774044612855,1.5010989817577989,0.0
814,-0.42242037688813466,-0.8041357400309,0.6073145927387537,-0.022780550339182755,0.18452495516262873,0.007655452930748742,-0.8130284392322452,-0.6718563426385925,0.10027031984283166,-0.8014413207857424,0.7159129334778092,-0.23204774044612855,-0.6661785879229576,0.0
815,-0.26692719393163206,0.3281208361498234,0.6073145927387537,-0.022780550339182755,0.18452495516262873,0.007655452930748742,1.494138570142575,0.7802012743173842,0.10027031984283166,-0.036894203935591174,0.7159129334778092,-0.23204774044612855,1.5010989817577989,0.0
816,-0.10904180816041405,1.382227644767766,0.6073145927387537,-1.124287160857312,-0.5841212263087268,-1.0411415985818462,1.494138570142575,1.5062300827953725,-0.6822189482977449,-0.036894203935591174,0.7159129334778092,-0.23204774044612855,1.5010989817577989,0.0
817,-0.1903767038607385,-0.6384933259182577,0.6073145927387537,0.5279727549198818,0.18452495516262873,0.007655452930748742,-0.8130284392322452,-0.6718563426385925,0.10027031984283166,2.2567471466148623,0.7159129334778092,-0.23204774044612855,-0.6661785879229576,0.0
818,0.034490360722511416,1.7830957914142482,0.6073145927387537,-1.124287160857312,-2.121413589251438,-1.0411415985818462,0.3405550654551648,1.5062300827953725,-2.247197484578898,-1.1837148792108179,0.7159129334778092,4.309458036856673,1.5010989817577989,0.0
819,-0.339650159498981,-0.41986589121607065,0.6073145927387537,-1.124287160857312,-0.5841212263087268,0.007655452930748742,-0.8130284392322452,-0.6718563426385925,0.10027031984283166,0.3453793544894844,0.7159129334778092,-0.23204774044612855,-0.6661785879229576,0.0
820,-0.49179425851488195,1.4472523445360894,0.6073145927387537,-0.5735338555982474,-0.5841212263087268,-1.0411415985818462,0.3405550654551648,1.5062300827953725,-0.6822189482977449,-0.8014413207857424,0.7159129334778092,-0.23204774044612855,1.5010989817577989,0.0
821,2.1635508658192393,-1.725662341073072,0.6073145927387537,2.7309859759561403,2.490463499576695,3.1540466074685334,0.3405550654551648,0.054172465839395875,2.447738124264561,2.639020705039938,0.7159129334778092,-0.23204774044612855,-0.6661785879229576,0.0
822,-0.16645467571358424,-0.7472533060317542,0.6073145927387537,0.5279727549198818,0.18452495516262873,0.007655452930748742,0.3405550654551648,-0.6718563426385925,0.10027031984283166,-1.1837148792108179,0.7159129334778092,-0.23204774044612855,-0.6661785879229576,0.0
823,0.08711882264625076,0.039488187763736395,0.6073145927387537,-0.022780550339182755,0.18452495516262873,0.007655452930748742,1.494138570142575,0.7802012743173842,0.10027031984283166,-1.1837148792108179,0.7159129334778092,-0.23204774044612855,1.5010989817577989,0.0
824,-0.08607666113914597,-0.10775504886584117,0.6073145927387537,-0.022780550339182755,0.18452495516262873,0.007655452930748742,-0.8130284392322452,-0.6718563426385925,0.10027031984283166,-1.1837148792108179,-1.3968178995483904,-0.23204774044612855,-0.6661785879229576,0.0
825,2.5013299032570573,1.1679100318214901,0.6637780894094581,-1.124287160857312,-0.5841212263087268,-1.0411415985818462,1.494138570142575,1.5062300827953725,0.10027031984283166,1.1099264713396355,-1.3968178995483904,-0.23204774044612855,1.5010989817577989,0.0
826,-0.23200103283678689,-0.7472533060317542,0.6637780894094581,0.5279727549198818,0.18452495516262873,0.007655452930748742,0.3405550654551648,-0.6718563426385925,0.10027031984283166,-1.5659884376358935,0.7159129334778092,-0.23204774044612855,-0.6661785879229576,0.0
827,0.06798120012852736,-0.10775504886584117,0.6637780894094581,-0.022780550339182755,0.18452495516262873,0.007655452930748742,-0.8130284392322452,-0.6718563426385925,0.10027031984283166,-1.1837148792108179,-1.3968178995483904,-0.23204774044612855,-0.6661785879229576,0.0
828,-0.37553320171971233,2.0833860350465834,0.6637780894094581,-1.6750404661163767,-2.121413589251438,-1.0411415985818462,0.3405550654551648,1.5062300827953725,-2.247197484578898,-0.8014413207857424,0.7159129334778092,-0.23204774044612855,1.5010989817577989,0.0
829,-0.2764960051904938,-1.356437982475979,0.6637780894094581,2.180232670697076,0.9531711366339842,1.0564525044433437,0.3405550654551648,-0.6718563426385925,1.6652488561239847,1.4922000297647111,0.7159129334778092,-0.23204774044612855,-0.6661785879229576,0.0
830,-0.475048838811874,2.0833860350465834,0.6637780894094581,-1.6750404661163767,-2.121413589251438,-1.0411415985818462,0.3405550654551648,1.5062300827953725,-2.247197484578898,-0.4191677623606668,0.7159129334778092,-0.23204774044612855,1.5010989817577989,0.0
831,-0.48318232838190645,2.0833860350465834,0.6637780894094581,-1.6750404661163767,-2.121413589251438,-1.0411415985818462,0.3405550654551648,1.5062300827953725,-2.247197484578898,-1.1837148792108179,0.7159129334778092,-0.23204774044612855,1.5010989817577989,0.0
832,0.07397127597657478,-0.10775504886584117,0.6637780894094581,-0.022780550339182755,0.18452495516262873,0.007655452930748742,-0.8130284392322452,-0.6718563426385925,0.10027031984283166,-0.8014413207857424,-1.3968178995483904,-0.23204774044612855,-0.6661785879229576,0.0
833,-0.300418033337648,1.7830957914142482,0.6637780894094581,-1.124287160857312,-2.121413589251438,-1.0411415985818462,0.3405550654551648,1.5062300827953725,-2.247197484578898,-1.1837148792108179,0.7159129334778092,4.309458036856673,1.5010989817577989,0.0
834,-0.49179425851488195,1.4472523445360894,0.6637780894094581,-0.5735338555982474,-0.5841212263087268,-1.0411415985818462,0.3405550654551648,1.5062300827953725,-0.6822189482977449,-0.8014413207857424,0.7159129334778092,-0.23204774044612855,1.5010989817577989,0.0
835,-0.06358995468082099,-0.7472533060317542,0.6637780894094581,0.5279727549198818,0.18452495516262873,0.007655452930748742,0.3405550654551648,-0.6718563426385925,0.10027031984283166,1.4922000297647111,0.7159129334778092,-0.23204774044612855,-0.6661785879229576,0.0
836,2.7616015694980955,-1.725662341073072,0.6637780894094581,2.7309859759561403,2.490463499576695,3.1540466074685334,0.3405550654551648,0.054172465839395875,2.447738124264561,2.639020705039938,0.7159129334778092,-0.23204774044612855,-0.6661785879229576,0.0
837,-0.4903589368260527,2.0833860350465834,0.6637780894094581,-1.6750404661163767,-2.121413589251438,-1.0411415985818462,0.3405550654551648,1.5062300827953725,-2.247197484578898,-1.1837148792108179,0.7159129334778092,-0.23204774044612855,1.5010989817577989,0.0
838,-0.02292250683065877,-0.41986589121607065,0.6637780894094581,-1.124287160857312,-0.5841212263087268,0.007655452930748742,-0.8130284392322452,-0.6718563426385925,0.10027031984283166,-0.036894203935591174,0.7159129334778092,-0.23204774044612855,-0.6661785879229576,0.0
839,-0.339650159498981,-0.5201103000848772,0.7202415860801626,0.5279727549198818,0.18452495516262873,0.007655452930748742,-0.8130284392322452,-0.6718563426385925,0.10027031984283166,-1.1837148792108179,0.7159129334778092,-0.23204774044612855,-0.6661785879229576,0.0
840,0.8956833740200643,1.1679100318214901,0.7202415860801626,-1.124287160857312,-0.5841212263087268,-1.0411415985818462,1.494138570142575,1.5062300827953725,0.10027031984283166,0.3453793544894844,-1.3968178995483904,-0.23204774044612855,1.5010989817577989,0.0
841,0.9243898077966494,1.1679100318214901,0.7202415860801626,-1.124287160857312,-0.5841212263087268,-1.0411415985818462,1.494138570142575,1.5062300827953725,0.10027031984283166,0.72765291291456,-1.3968178995483904,-0.23204774044612855,1.5010989817577989,0.0
842,0.9196054021672185,1.1679100318214901,0.7202415860801626,-1.124287160857312,-0.5841212263087268,-1.0411415985818462,1.494138570142575,1.5062300827953725,0.10027031984283166,0.3453793544894844,-1.3968178995483904,-0.23204774044612855,1.5010989817577989,0.0
843,-0.11526153547867415,-0.10775504886584117,0.7202415860801626,-0.022780550339182755,0.18452495516262873,0.007655452930748742,-0.8130284392322452,-0.6718563426385925,0.10027031984283166,-1.1837148792108179,-1.3968178995483904,-0.23204774044612855,-0.6661785879229576,0.0
844,0.9440058708773158,1.1679100318214901,0.7202415860801626,-1.124287160857312,-0.5841212263087268,-1.0411415985818462,1.494138570142575,1.5062300827953725,0.10027031984283166,0.3453793544894844,-1.3968178995483904,-0.23204774044612855,1.5010989817577989,0.0
845,-0.09468859127212151,-0.10775504886584117,0.7202415860801626,-0.022780550339182755,0.18452495516262873,0.007655452930748742,-0.8130284392322452,-0.6718563426385925,0.10027031984283166,-1.5659884376358935,-1.3968178995483904,-0.23204774044612855,-0.6661785879229576,0.0
846,-0.4870098528854511,2.0833860350465834,0.7202415860801626,-1.6750404661163767,-2.121413589251438,-1.0411415985818462,0.3405550654551648,1.5062300827953725,-2.247197484578898,-1.5659884376358935,0.7159129334778092,-0.23204774044612855,1.5010989817577989,0.0
847,-0.4712213143083293,-0.8041357400309,0.7202415860801626,-0.022780550339182755,0.18452495516262873,0.007655452930748742,-0.8130284392322452,-0.6718563426385925,0.10027031984283166,-1.1837148792108179,0.7159129334778092,-0.23204774044612855,-0.6661785879229576,0.0
848,-0.14253264756643,-0.8041357400309,0.7202415860801626,-0.022780550339182755,0.18452495516262873,0.007655452930748742,-0.8130284392322452,-0.6718563426385925,0.10027031984283166,-0.036894203935591174,0.7159129334778092,-0.23204774044612855,-0.6661785879229576,0.0
849,-0.4889236151372235,1.4472523445360894,0.7202415860801626,-0.5735338555982474,-0.5841212263087268,-1.0411415985818462,0.3405550654551648,1.5062300827953725,-0.6822189482977449,-0.8014413207857424,0.7159129334778092,-0.23204774044612855,1.5010989817577989,0.0
850,1.8229011850037629,1.1679100318214901,0.7767050827508671,-1.124287160857312,-0.5841212263087268,-1.0411415985818462,1.494138570142575,1.5062300827953725,0.10027031984283166,1.1099264713396355,-1.3968178995483904,-0.23204774044612855,1.5010989817577989,0.0
851,-0.2788882080052092,-0.10775504886584117,0.7767050827508671,-0.022780550339182755,0.18452495516262873,0.007655452930748742,-0.8130284392322452,-0.6718563426385925,0.10027031984283166,-0.036894203935591174,-1.3968178995483904,-0.23204774044612855,-0.6661785879229576,0.0
852,-0.27171159956106294,1.4472523445360894,0.7767050827508671,-0.5735338555982474,-0.5841212263087268,-1.0411415985818462,0.3405550654551648,1.5062300827953725,-0.6822189482977449,0.3453793544894844,0.7159129334778092,-0.23204774044612855,1.5010989817577989,0.0
853,-0.4032827543704113,-0.7472533060317542,0.7767050827508671,0.5279727549198818,0.18452495516262873,0.007655452930748742,0.3405550654551648,-0.6718563426385925,0.10027031984283166,-0.4191677623606668,0.7159129334778092,-0.23204774044612855,-0.6661785879229576,0.0
854,-0.18616642690683935,-0.6384933259182577,0.7767050827508671,0.5279727549198818,0.18452495516262873,0.007655452930748742,-0.8130284392322452,-0.6718563426385925,0.10027031984283166,2.2567471466148623,0.7159129334778092,-0.23204774044612855,-0.6661785879229576,0.0
855,-0.401847432681582,-0.7472533060317542,0.7767050827508671,0.5279727549198818,0.18452495516262873,0.007655452930748742,0.3405550654551648,-0.6718563426385925,0.10027031984283166,-0.4191677623606668,0.7159129334778092,-0.23204774044612855,-0.6661785879229576,0.0
856,-0.2764960051904938,-0.7472533060317542,0.7767050827508671,0.5279727549198818,0.18452495516262873,0.007655452930748742,0.3405550654551648,-0.6718563426385925,0.10027031984283166,-0.8014413207857424,0.7159129334778092,-0.23204774044612855,-0.6661785879229576,0.0
857,-0.3482620896319565,-0.41986589121607065,0.7767050827508671,-1.124287160857312,-0.5841212263087268,0.007655452930748742,-0.8130284392322452,-0.6718563426385925,0.10027031984283166,0.3453793544894844,0.7159129334778092,-0.23204774044612855,-0.6661785879229576,0.0
858,1.5693276866439279,-1.725662341073072,0.7767050827508671,2.7309859759561403,2.490463499576695,3.1540466074685334,0.3405550654551648,0.054172465839395875,2.447738124264561,1.4922000297647111,0.7159129334778092,-0.23204774044612855,-0.6661785879229576,0.0
859,-0.15927806726943797,-0.36661052386553206,0.7767050827508671,0.5279727549198818,2.490463499576695,2.1052495559559388,3.8013055795173947,2.2322588912733607,0.8827595879834081,-1.5659884376358935,0.7159129334778092,-0.23204774044612855,1.5010989817577989,0.0
860,-0.2525739770433395,-0.6384933259182577,0.7767050827508671,0.5279727549198818,0.18452495516262873,0.007655452930748742,-0.8130284392322452,-0.6718563426385925,0.10027031984283166,-0.8014413207857424,0.7159129334778092,-0.23204774044612855,-0.6661785879229576,0.0
861,0.10625644516397416,-1.725662341073072,0.8331685794215716,2.7309859759561403,2.490463499576695,3.1540466074685334,0.3405550654551648,0.054172465839395875,2.447738124264561,1.8744735881897867,0.7159129334778092,-0.23204774044612855,-0.6661785879229576,0.0
862,-0.06598215749553642,-0.7472533060317542,0.8331685794215716,0.5279727549198818,0.18452495516262873,0.007655452930748742,0.3405550654551648,-0.6718563426385925,0.10027031984283166,1.1099264713396355,0.7159129334778092,-0.23204774044612855,-0.6661785879229576,0.0
863,-0.44395020222057346,2.0833860350465834,0.8331685794215716,-1.6750404661163767,-2.121413589251438,-1.0411415985818462,0.3405550654551648,1.5062300827953725,-2.247197484578898,-0.8014413207857424,0.7159129334778092,-0.23204774044612855,1.5010989817577989,0.0
864,-0.39132174029683414,-0.7472533060317542,0.8331685794215716,0.5279727549198818,0.18452495516262873,0.007655452930748742,0.3405550654551648,-0.6718563426385925,0.10027031984283166,-1.1837148792108179,0.7159129334778092,-0.23204774044612855,-0.6661785879229576,0.0
865,-0.1521014588252917,-0.6384933259182577,0.8331685794215716,0.5279727549198818,0.18452495516262873,0.007655452930748742,-0.8130284392322452,-0.6718563426385925,0.10027031984283166,2.2567471466148623,0.7159129334778092,-0.23204774044612855,-0.6661785879229576,0.0
866,-0.49179425851488195,2.0833860350465834,0.8331685794215716,-1.6750404661163767,-2.121413589251438,-1.0411415985818462,0.3405550654551648,1.5062300827953725,-2.247197484578898,-1.1837148792108179,0.7159129334778092,-0.23204774044612855,1.5010989817577989,0.0
867,-0.051628940607243864,-0.41986589121607065,0.8331685794215716,-1.124287160857312,-0.5841212263087268,0.007655452930748742,-0.8130284392322452,-0.6718563426385925,0.10027031984283166,0.72765291291456,0.7159129334778092,-0.23204774044612855,-0.6661785879229576,0.0
868,0.21629777464088368,-1.725662341073072,0.8331685794215716,2.7309859759561403,2.490463499576695,3.1540466074685334,0.3405550654551648,0.054172465839395875,2.447738124264561,1.8744735881897867,0.7159129334778092,-0.23204774044612855,-0.6661785879229576,0.0
869,0.9650572556468116,1.1679100318214901,0.8331685794215716,-1.124287160857312,-0.5841212263087268,-1.0411415985818462,1.494138570142575,1.5062300827953725,0.10027031984283166,0.72765291291456,-1.3968178995483904,-0.23204774044612855,1.5010989817577989,0.0
870,-0.4559112162941506,1.4472523445360894,0.8331685794215716,-0.5735338555982474,-0.5841212263087268,-1.0411415985818462,0.3405550654551648,1.5062300827953725,-0.6822189482977449,0.3453793544894844,0.7159129334778092,-0.23204774044612855,1.5010989817577989,0.0
871,-0.4535190134794352,1.4472523445360894,0.8331685794215716,-0.5735338555982474,-0.5841212263087268,-1.0411415985818462,0.3405550654551648,1.5062300827953725,-0.6822189482977449,-0.036894203935591174,0.7159129334778092,-0.23204774044612855,1.5010989817577989,0.0
872,1.6013832043611145,-1.725662341073072,0.8331685794215716,2.7309859759561403,2.490463499576695,3.1540466074685334,0.3405550654551648,0.054172465839395875,2.447738124264561,1.8744735881897867,0.7159129334778092,-0.23204774044612855,-0.6661785879229576,0.0
873,6.194819283093231,-0.5201103000848772,0.8331685794215716,0.5279727549198818,0.18452495516262873,0.007655452930748742,-0.8130284392322452,-0.6718563426385925,0.10027031984283166,3.0212942634650135,0.7159129334778092,-0.23204774044612855,-0.6661785879229576,0.0
874,-0.379360726223257,1.382227644767766,0.8331685794215716,-1.124287160857312,-0.5841212263087268,-1.0411415985818462,1.494138570142575,1.5062300827953725,-0.6822189482977449,-0.036894203935591174,0.7159129334778092,-0.23204774044612855,1.5010989817577989,0.0
875,-0.013353695571797074,-0.41986589121607065,0.8331685794215716,-1.124287160857312,-0.5841212263087268,0.007655452930748742,-0.8130284392322452,-0.6718563426385925,0.10027031984283166,0.72765291291456,0.7159129334778092,-0.23204774044612855,-0.6661785879229576,0.0
876,-0.09468859127212151,-0.36661052386553206,0.8331685794215716,0.5279727549198818,2.490463499576695,2.1052495559559388,3.8013055795173947,2.2322588912733607,0.8827595879834081,-1.5659884376358935,0.7159129334778092,-0.23204774044612855,1.5010989817577989,0.0
877,0.05841238886966566,-0.6384933259182577,0.8896320760922761,0.5279727549198818,0.18452495516262873,0.007655452930748742,-0.8130284392322452,-0.6718563426385925,0.10027031984283166,3.785841380315165,0.7159129334778092,-0.23204774044612855,-0.6661785879229576,0.0
878,0.8928127306424057,1.1679100318214901,0.8896320760922761,-1.124287160857312,-0.5841212263087268,-1.0411415985818462,1.494138570142575,1.5062300827953725,0.10027031984283166,0.3453793544894844,-1.3968178995483904,-0.23204774044612855,1.5010989817577989,0.0
879,-0.3257753831736315,1.7830957914142482,0.8896320760922761,-1.124287160857312,-2.121413589251438,-1.0411415985818462,0.3405550654551648,1.5062300827953725,-2.247197484578898,-0.8014413207857424,0.7159129334778092,4.309458036856673,1.5010989817577989,0.0
880,-0.4774410416265894,1.4472523445360894,0.8896320760922761,-0.5735338555982474,-0.5841212263087268,-1.0411415985818462,0.3405550654551648,1.5062300827953725,-0.6822189482977449,-0.4191677623606668,0.7159129334778092,-0.23204774044612855,1.5010989817577989,0.0
881,0.9363508218702264,1.1679100318214901,0.8896320760922761,-1.124287160857312,-0.5841212263087268,-1.0411415985818462,1.494138570142575,1.5062300827953725,0.10027031984283166,0.72765291291456,-1.3968178995483904,-0.23204774044612855,1.5010989817577989,0.0
882,0.1301784733111284,1.7830957914142482,0.8896320760922761,-1.124287160857312,-2.121413589251438,-1.0411415985818462,0.3405550654551648,1.5062300827953725,-2.247197484578898,0.72765291291456,0.7159129334778092,4.309458036856673,1.5010989817577989,0.0
883,-0.49897086695902826,-0.6384933259182577,0.8896320760922761,0.5279727549198818,0.18452495516262873,0.007655452930748742,-0.8130284392322452,-0.6718563426385925,0.10027031984283166,-0.036894203935591174,0.7159129334778092,-0.23204774044612855,-0.6661785879229576,0.0
884,-0.3444345651284118,-0.5201103000848772,0.8896320760922761,0.5279727549198818,0.18452495516262873,0.007655452930748742,-0.8130284392322452,-0.6718563426385925,0.10027031984283166,-0.8014413207857424,0.7159129334778092,-0.23204774044612855,-0.6661785879229576,0.0
885,-0.4841392095077926,2.0833860350465834,0.8896320760922761,-1.6750404661163767,-2.121413589251438,-1.0411415985818462,0.3405550654551648,1.5062300827953725,-2.247197484578898,-0.8014413207857424,0.7159129334778092,-0.23204774044612855,1.5010989817577989,0.0
886,-0.4870098528854511,1.4472523445360894,0.8896320760922761,-0.5735338555982474,-0.5841212263087268,-1.0411415985818462,0.3405550654551648,1.5062300827953725,-0.6822189482977449,-0.8014413207857424,0.7159129334778092,-0.23204774044612855,1.5010989817577989,0.0
887,0.005251901039933613,1.7830957914142482,0.8896320760922761,-1.124287160857312,-2.121413589251438,-1.0411415985818462,0.3405550654551648,1.5062300827953725,-2.247197484578898,-0.8014413207857424,0.7159129334778092,4.309458036856673,1.5010989817577989,0.0
888,-0.15927806726943797,-0.7472533060317542,0.8896320760922761,0.5279727549198818,0.18452495516262873,0.007655452930748742,0.3405550654551648,-0.6718563426385925,0.10027031984283166,-0.8014413207857424,0.7159129334778092,-0.23204774044612855,-0.6661785879229576,0.0
889,-0.32434006148480227,1.4472523445360894,0.8896320760922761,-0.5735338555982474,-0.5841212263087268,-1.0411415985818462,0.3405550654551648,1.5062300827953725,-0.6822189482977449,0.72765291291456,0.7159129334778092,-0.23204774044612855,1.5010989817577989,0.0
890,0.3354294748137118,1.1679100318214901,0.8896320760922761,-1.124287160857312,-0.5841212263087268,-1.0411415985818462,1.494138570142575,1.5062300827953725,0.10027031984283166,0.72765291291456,-1.3968178995483904,-0.23204774044612855,1.5010989817577989,0.0
891,-0.33008134824011925,-0.5201103000848772,0.8896320760922761,0.5279727549198818,0.18452495516262873,0.007655452930748742,-0.8130284392322452,-0.6718563426385925,0.10027031984283166,-0.8014413207857424,0.7159129334778092,-0.23204774044612855,-0.6661785879229576,0.0
892,-0.16167027008415338,-0.36661052386553206,0.8896320760922761,0.5279727549198818,2.490463499576695,2.1052495559559388,3.8013055795173947,2.2322588912733607,0.8827595879834081,-1.5659884376358935,0.7159129334778092,-0.23204774044612855,1.5010989817577989,0.0
893,0.0191802627083327,0.039488187763736395,0.8896320760922761,-0.022780550339182755,0.18452495516262873,0.007655452930748742,1.494138570142575,0.7802012743173842,0.10027031984283166,-1.1837148792108179,0.7159129334778092,-0.23204774044612855,1.5010989817577989,0.0
894,0.8784595137541131,1.1679100318214901,0.9460955727629806,-1.124287160857312,-0.5841212263087268,-1.0411415985818462,1.494138570142575,1.5062300827953725,0.10027031984283166,0.3453793544894844,-1.3968178995483904,-0.23204774044612855,1.5010989817577989,0.0
895,-0.2745822429387214,-0.10775504886584117,0.9460955727629806,-0.022780550339182755,0.18452495516262873,0.007655452930748742,-0.8130284392322452,-0.6718563426385925,0.10027031984283166,-0.036894203935591174,-1.3968178995483904,-0.23204774044612855,-0.6661785879229576,0.0
896,0.04932201817374705,-0.10775504886584117,0.9460955727629806,-0.022780550339182755,0.18452495516262873,0.007655452930748742,-0.8130284392322452,-0.6718563426385925,0.10027031984283166,-1.5659884376358935,-1.3968178995483904,-0.23204774044612855,-0.6661785879229576,0.0
897,0.9004677796494951,1.1679100318214901,0.9460955727629806,-1.124287160857312,-0.5841212263087268,-1.0411415985818462,1.494138570142575,1.5062300827953725,0.10027031984283166,0.3453793544894844,-1.3968178995483904,-0.23204774044612855,1.5010989817577989,0.0
898,-0.004741765438821544,1.1679100318214901,0.9460955727629806,-1.124287160857312,-0.5841212263087268,-1.0411415985818462,1.494138570142575,1.5062300827953725,0.10027031984283166,0.72765291291456,,-0.23204774044612855,1.5010989817577989,0.0
899,-0.36261530652024904,-0.7472533060317542,0.9460955727629806,0.5279727549198818,0.18452495516262873,0.007655452930748742,0.3405550654551648,-0.6718563426385925,0.10027031984283166,-1.1837148792108179,0.7159129334778092,-0.23204774044612855,-0.6661785879229576,0.0
900,0.06223991337321034,-0.10775504886584117,0.9460955727629806,-0.022780550339182755,0.18452495516262873,0.007655452930748742,-0.8130284392322452,-0.6718563426385925,0.10027031984283166,-1.1837148792108179,-1.3968178995483904,-0.23204774044612855,-0.6661785879229576,0.0
901,-0.0851197800132598,-0.7472533060317542,0.9460955727629806,0.5279727549198818,0.18452495516262873,0.007655452930748742,0.3405550654551648,-0.6718563426385925,0.10027031984283166,1.1099264713396355,0.7159129334778092,-0.23204774044612855,-0.6661785879229576,0.0
902,-0.26110935668624413,-0.8041357400309,0.9460955727629806,-0.022780550339182755,0.18452495516262873,0.007655452930748742,-0.8130284392322452,-0.6718563426385925,0.10027031984283166,1.4922000297647111,0.7159129334778092,-0.23204774044612855,-0.6661785879229576,0.0
903,7.235020833015939,-1.725662341073072,0.9460955727629806,2.7309859759561403,2.490463499576695,3.1540466074685334,0.3405550654551648,0.054172465839395875,2.447738124264561,2.639020705039938,0.7159129334778092,-0.23204774044612855,-0.6661785879229576,0.0
904,-0.3683565932755661,1.382227644767766,0.9460955727629806,-1.124287160857312,-0.5841212263087268,-1.0411415985818462,1.494138570142575,1.5062300827953725,-0.6822189482977449,-0.8014413207857424,0.7159129334778092,-0.23204774044612855,1.5010989817577989,0.0
905,-0.4783979227524756,-0.6384933259182577,0.9460955727629806,0.5279727549198818,0.18452495516262873,0.007655452930748742,-0.8130284392322452,-0.6718563426385925,0.10027031984283166,1.1099264713396355,0.7159129334778092,-0.23204774044612855,-0.6661785879229576,0.0
906,1.1205504386033143,-1.725662341073072,0.9460955727629806,2.7309859759561403,2.490463499576695,3.1540466074685334,0.3405550654551648,0.054172465839395875,2.447738124264561,1.8744735881897867,0.7159129334778092,-0.23204774044612855,-0.6661785879229576,0.0
907,-0.3482620896319565,-0.8041357400309,0.9460955727629806,-0.022780550339182755,0.18452495516262873,0.007655452930748742,-0.8130284392322452,-0.6718563426385925,0.10027031984283166,-0.8014413207857424,0.7159129334778092,-0.23204774044612855,-0.6661785879229576,0.0
908,-0.48318232838190645,2.0833860350465834,0.9460955727629806,-1.6750404661163767,-2.121413589251438,-1.0411415985818462,0.3405550654551648,1.5062300827953725,-2.247197484578898,-0.4191677623606668,0.7159129334778092,-0.23204774044612855,1.5010989817577989,0.0
909,-0.03727572371895132,-0.5201103000848772,0.9460955727629806,0.5279727549198818,0.18452495516262873,0.007655452930748742,-0.8130284392322452,-0.6718563426385925,0.10027031984283166,0.3453793544894844,0.7159129334778092,-0.23204774044612855,-0.6661785879229576,0.0
910,0.08137753589093374,1.4472523445360894,0.9460955727629806,-0.5735338555982474,-0.5841212263087268,-1.0411415985818462,0.3405550654551648,1.5062300827953725,-0.6822189482977449,0.72765291291456,0.7159129334778092,-0.23204774044612855,1.5010989817577989,0.0
911,0.07755001138738905,0.039488187763736395,0.9460955727629806,-0.022780550339182755,0.18452495516262873,0.007655452930748742,1.494138570142575,0.7802012743173842,0.10027031984283166,-1.1837148792108179,0.7159129334778092,-0.23204774044612855,1.5010989817577989,0.0
912,-0.300418033337648,-0.7472533060317542,0.9460955727629806,0.5279727549198818,0.18452495516262873,0.007655452930748742,0.3405550654551648,-0.6718563426385925,0.10027031984283166,-1.5659884376358935,0.7159129334778092,-0.23204774044612855,-0.6661785879229576,0.0
913,-0.15688586445472255,-0.8041357400309,0.9460955727629806,-0.022780550339182755,0.18452495516262873,0.007655452930748742,-0.8130284392322452,-0.6718563426385925,0.10027031984283166,-0.4191677623606668,0.7159129334778092,-0.23204774044612855,-0.6661785879229576,0.0
914,-0.2970689493970464,-0.10775504886584117,0.9460955727629806,-0.022780550339182755,0.18452495516262873,0.007655452930748742,-0.8130284392322452,-0.6718563426385925,0.10027031984283166,-0.036894203935591174,-1.3968178995483904,-0.23204774044612855,-0.6661785879229576,0.0
915,-0.4846176500707357,2.0833860350465834,0.9460955727629806,-1.6750404661163767,-2.121413589251438,-1.0411415985818462,0.3405550654551648,1.5062300827953725,-2.247197484578898,-0.4191677623606668,0.7159129334778092,-0.23204774044612855,1.5010989817577989,0.0
916,-0.1329638363075683,-0.7472533060317542,0.9460955727629806,0.5279727549198818,0.18452495516262873,0.007655452930748742,0.3405550654551648,-0.6718563426385925,0.10027031984283166,1.1099264713396355,0.7159129334778092,-0.23204774044612855,-0.6661785879229576,0.0
917,0.3234684607401347,1.1679100318214901,0.9460955727629806,-1.124287160857312,-0.5841212263087268,-1.0411415985818462,1.494138570142575,1.5062300827953725,0.10027031984283166,0.72765291291456,-1.3968178995483904,-0.23204774044612855,1.5010989817577989,0.0
918,-0.2812804108199246,-0.41986589121607065,0.9460955727629806,-1.124287160857312,-0.5841212263087268,0.007655452930748742,-0.8130284392322452,-0.6718563426385925,0.10027031984283166,-0.036894203935591174,0.7159129334778092,-0.23204774044612855,-0.6661785879229576,0.0
919,-0.48605297175956497,1.4472523445360894,1.002559069433685,-0.5735338555982474,-0.5841212263087268,-1.0411415985818462,0.3405550654551648,1.5062300827953725,-0.6822189482977449,-0.4191677623606668,0.7159129334778092,-0.23204774044612855,1.5010989817577989,0.0
920,0.21151336901145282,-0.6384933259182577,1.002559069433685,0.5279727549198818,0.18452495516262873,0.007655452930748742,-0.8130284392322452,-0.6718563426385925,0.10027031984283166,3.0212942634650135,0.7159129334778092,-0.23204774044612855,-0.6661785879229576,0.0
921,-0.4104593628145575,-0.7472533060317542,1.002559069433685,0.5279727549198818,0.18452495516262873,0.007655452930748742,0.3405550654551648,-0.6718563426385925,0.10027031984283166,-1.1837148792108179,0.7159129334778092,-0.23204774044612855,-0.6661785879229576,0.0
922,-0.10712804590864171,-0.10775504886584117,1.002559069433685,-0.022780550339182755,0.18452495516262873,0.007655452930748742,-0.8130284392322452,-0.6718563426385925,0.10027031984283166,-1.5659884376358935,-1.3968178995483904,-0.23204774044612855,-0.6661785879229576,0.0
923,0.04932201817374705,-0.10775504886584117,1.002559069433685,-0.022780550339182755,0.18452495516262873,0.007655452930748742,-0.8130284392322452,-0.6718563426385925,0.10027031984283166,-1.5659884376358935,-1.3968178995483904,-0.23204774044612855,-0.6661785879229576,0.0
924,-0.2525739770433395,-0.8375859574613138,1.002559069433685,1.629479365438011,1.7218173181053398,3.1540466074685334,2.647722074829985,1.5062300827953725,0.8827595879834081,-1.1837148792108179,0.7159129334778092,-0.23204774044612855,1.5010989817577989,0.0
925,-0.23343635452561612,1.7830957914142482,1.002559069433685,-1.124287160857312,-2.121413589251438,-1.0411415985818462,0.3405550654551648,1.5062300827953725,-2.247197484578898,0.72765291291456,0.7159129334778092,4.309458036856673,1.5010989817577989,0.0
926,-0.2793666485681523,-0.10775504886584117,1.002559069433685,-0.022780550339182755,0.18452495516262873,0.007655452930748742,-0.8130284392322452,-0.6718563426385925,0.10027031984283166,-0.036894203935591174,-1.3968178995483904,-0.23204774044612855,-0.6661785879229576,0.0
927,-0.42002817407341925,2.0833860350465834,1.002559069433685,-1.6750404661163767,-2.121413589251438,-1.0411415985818462,0.3405550654551648,1.5062300827953725,-2.247197484578898,-0.8014413207857424,0.7159129334778092,-0.23204774044612855,1.5010989817577989,0.0
928,0.31964093623659,1.1679100318214901,1.002559069433685,-1.124287160857312,-0.5841212263087268,-1.0411415985818462,1.494138570142575,1.5062300827953725,0.10027031984283166,0.3453793544894844,-1.3968178995483904,-0.23204774044612855,1.5010989817577989,0.0
929,1.5798533790286757,-1.725662341073072,1.002559069433685,2.7309859759561403,2.490463499576695,3.1540466074685334,0.3405550654551648,0.054172465839395875,2.447738124264561,1.4922000297647111,0.7159129334778092,-0.23204774044612855,-0.6661785879229576,0.0
930,0.9363508218702264,1.1679100318214901,1.002559069433685,-1.124287160857312,-0.5841212263087268,-1.0411415985818462,1.494138570142575,1.5062300827953725,0.10027031984283166,0.72765291291456,-1.3968178995483904,-0.23204774044612855,1.5010989817577989,0.0
931,-0.21429873200789273,-0.5201103000848772,1.002559069433685,0.5279727549198818,0.18452495516262873,0.007655452930748742,-0.8130284392322452,-0.6718563426385925,0.10027031984283166,0.3453793544894844,0.7159129334778092,-0.23204774044612855,-0.6661785879229576,0.0
932,-0.2980258305229326,1.382227644767766,1.002559069433685,-1.124287160857312,-0.5841212263087268,-1.0411415985818462,1.494138570142575,1.5062300827953725,-0.6822189482977449,-0.4191677623606668,0.7159129334778092,-0.23204774044612855,1.5010989817577989,0.0
933,0.010568332575357171,1.7830957914142482,1.002559069433685,-1.124287160857312,-2.121413589251438,-1.0411415985818462,0.3405550654551648,1.5062300827953725,-2.247197484578898,-0.8014413207857424,0.7159129334778092,4.309458036856673,1.5010989817577989,0.0
934,-0.3099868445965097,-0.7472533060317542,1.002559069433685,0.5279727549198818,0.18452495516262873,0.007655452930748742,0.3405550654551648,-0.6718563426385925,0.10027031984283166,-0.036894203935591174,0.7159129334778092,-0.23204774044612855,-0.6661785879229576,0.0
935,0.14692389301413636,1.382227644767766,1.002559069433685,-1.124287160857312,-0.5841212263087268,-1.0411415985818462,1.494138570142575,1.5062300827953725,-0.6822189482977449,1.1099264713396355,0.7159129334778092,-0.23204774044612855,1.5010989817577989,0.0
936,0.09668763390511245,1.382227644767766,1.002559069433685,-1.124287160857312,-0.5841212263087268,-1.0411415985818462,1.494138570142575,1.5062300827953725,-0.6822189482977449,1.1099264713396355,0.7159129334778092,-0.23204774044612855,1.5010989817577989,0.0
937,-0.4056749571851267,-0.7472533060317542,1.002559069433685,0.5279727549198818,0.18452495516262873,0.007655452930748742,0.3405550654551648,-0.6718563426385925,0.10027031984283166,-0.036894203935591174,0.7159129334778092,-0.23204774044612855,-0.6661785879229576,0.0
938,-0.16167027008415338,-0.36661052386553206,1.0590225661043897,0.5279727549198818,2.490463499576695,2.1052495559559388,3.8013055795173947,2.2322588912733607,0.8827595879834081,-1.5659884376358935,0.7159129334778092,-0.23204774044612855,1.5010989817577989,0.0
939,0.32777442580662247,1.1679100318214901,1.0590225661043897,-1.124287160857312,-0.5841212263087268,-1.0411415985818462,1.494138570142575,1.5062300827953725,0.10027031984283166,0.72765291291456,-1.3968178995483904,-0.23204774044612855,1.5010989817577989,0.0
940,-0.2621427883022012,-0.7472533060317542,1.0590225661043897,0.5279727549198818,0.18452495516262873,0.007655452930748742,0.3405550654551648,-0.6718563426385925,0.10027031984283166,-0.036894203935591174,0.7159129334778092,-0.23204774044612855,-0.6661785879229576,0.0
941,-0.20472992074903104,0.3281208361498234,1.0590225661043897,-0.022780550339182755,0.18452495516262873,0.007655452930748742,1.494138570142575,0.7802012743173842,0.10027031984283166,-0.036894203935591174,0.7159129334778092,-0.23204774044612855,1.5010989817577989,0.0
942,-0.33390887274366393,-1.356437982475979,1.0590225661043897,2.180232670697076,0.9531711366339842,1.0564525044433437,0.3405550654551648,-0.6718563426385925,1.6652488561239847,1.1099264713396355,0.7159129334778092,-0.23204774044612855,-0.6661785879229576,0.0
943,-0.45112681066471977,-0.6384933259182577,1.0590225661043897,0.5279727549198818,0.18452495516262873,0.007655452930748742,-0.8130284392322452,-0.6718563426385925,0.10027031984283166,-0.036894203935591174,0.7159129334778092,-0.23204774044612855,-0.6661785879229576,0.0
944,-0.3673997121496799,-0.7472533060317542,1.0590225661043897,0.5279727549198818,0.18452495516262873,0.007655452930748742,0.3405550654551648,-0.6718563426385925,0.10027031984283166,-0.4191677623606668,0.7159129334778092,-0.23204774044612855,-0.6661785879229576,0.0
945,0.3076799221630129,1.1679100318214901,1.0590225661043897,-1.124287160857312,-0.5841212263087268,-1.0411415985818462,1.494138570142575,1.5062300827953725,0.10027031984283166,0.3453793544894844,-1.3968178995483904,-0.23204774044612855,1.5010989817577989,0.0
946,-0.3008964739005911,-0.10775504886584117,1.0590225661043897,-0.022780550339182755,0.18452495516262873,0.007655452930748742,-0.8130284392322452,-0.6718563426385925,0.10027031984283166,-0.4191677623606668,-1.3968178995483904,-0.23204774044612855,-0.6661785879229576,0.0
947,-0.37218411777911076,-0.5201103000848772,1.0590225661043897,0.5279727549198818,0.18452495516262873,0.007655452930748742,-0.8130284392322452,-0.6718563426385925,0.10027031984283166,-0.8014413207857424,0.7159129334778092,-0.23204774044612855,-0.6661785879229576,0.0
948,-0.40146468023122756,-0.7472533060317542,1.0590225661043897,0.5279727549198818,0.18452495516262873,0.007655452930748742,0.3405550654551648,-0.6718563426385925,0.10027031984283166,-0.036894203935591174,0.7159129334778092,-0.23204774044612855,-0.6661785879229576,0.0
949,-0.38270981016385863,1.382227644767766,1.0590225661043897,-1.124287160857312,-0.5841212263087268,-1.0411415985818462,1.494138570142575,1.5062300827953725,-0.6822189482977449,0.3453793544894844,0.7159129334778092,-0.23204774044612855,1.5010989817577989,0.0
950,-0.016238692166343875,-0.8041357400309,1.0590225661043897,-0.022780550339182755,0.18452495516262873,0.007655452930748742,-0.8130284392322452,-0.6718563426385925,0.10027031984283166,1.4922000297647111,0.7159129334778092,-0.23204774044612855,-0.6661785879229576,0.0
951,-0.3482620896319565,-0.7472533060317542,1.0590225661043897,0.5279727549198818,0.18452495516262873,0.007655452930748742,0.3405550654551648,-0.6718563426385925,0.10027031984283166,-0.8014413207857424,0.7159129334778092,-0.23204774044612855,-0.6661785879229576,0.0
952,0.8908989683906334,-1.725662341073072,1.0590225661043897,2.7309859759561403,2.490463499576695,3.1540466074685334,0.3405550654551648,0.054172465839395875,2.447738124264561,2.2567471466148623,0.7159129334778092,-0.23204774044612855,-0.6661785879229576,0.0
953,-0.42682203006721103,-0.8041357400309,1.0590225661043897,-0.022780550339182755,0.18452495516262873,0.007655452930748742,-0.8130284392322452,-0.6718563426385925,0.10027031984283166,1.1099264713396355,0.7159129334778092,-0.23204774044612855,-0.6661785879229576,0.0
954,0.6564630925485218,1.7830957914142482,1.0590225661043897,-1.124287160857312,-2.121413589251438,-1.0411415985818462,0.3405550654551648,1.5062300827953725,-2.247197484578898,0.72765291291456,0.7159129334778092,4.309458036856673,1.5010989817577989,0.0
955,0.3038523976594682,1.1679100318214901,1.0590225661043897,-1.124287160857312,-0.5841212263087268,-1.0411415985818462,1.494138570142575,1.5062300827953725,0.10027031984283166,0.3453793544894844,-1.3968178995483904,-0.23204774044612855,1.5010989817577989,0.0
956,-0.3865373346674033,-0.41986589121607065,1.0590225661043897,-1.124287160857312,-0.5841212263087268,0.007655452930748742,-0.8130284392322452,-0.6718563426385925,0.10027031984283166,-1.1837148792108179,0.7159129334778092,-0.23204774044612855,-0.6661785879229576,0.0
957,-0.1578427455806087,-0.36661052386553206,1.0590225661043897,0.5279727549198818,2.490463499576695,2.1052495559559388,3.8013055795173947,2.2322588912733607,0.8827595879834081,-1.5659884376358935,0.7159129334778092,-0.23204774044612855,1.5010989817577989,0.0
958,-0.2764960051904938,1.7830957914142482,1.0590225661043897,-1.124287160857312,-2.121413589251438,-1.0411415985818462,0.3405550654551648,1.5062300827953725,-2.247197484578898,-0.4191677623606668,0.7159129334778092,4.309458036856673,1.5010989817577989,0.0
959,0.21390557182616826,-1.725662341073072,1.0590225661043897,2.7309859759561403,2.490463499576695,3.1540466074685334,0.3405550654551648,0.054172465839395875,2.447738124264561,1.8744735881897867,0.7159129334778092,-0.23204774044612855,-0.6661785879229576,0.0
960,0.31581341173304533,1.1679100318214901,1.0590225661043897,-1.124287160857312,-0.5841212263087268,-1.0411415985818462,1.494138570142575,1.5062300827953725,0.10027031984283166,0.3453793544894844,-1.3968178995483904,-0.23204774044612855,1.5010989817577989,0.0
961,0.29954643259298047,1.1679100318214901,1.0590225661043897,-1.124287160857312,-0.5841212263087268,-1.0411415985818462,1.494138570142575,1.5062300827953725,0.10027031984283166,-0.036894203935591174,-1.3968178995483904,-0.23204774044612855,1.5010989817577989,0.0
962,-0.04923673779252844,-0.41986589121607065,1.1154860627750942,-1.124287160857312,-0.5841212263087268,0.007655452930748742,-0.8130284392322452,-0.6718563426385925,0.10027031984283166,0.72765291291456,0.7159129334778092,-0.23204774044612855,-0.6661785879229576,0.0
963,0.29954643259298047,1.1679100318214901,1.1154860627750942,-1.124287160857312,-0.5841212263087268,-1.0411415985818462,1.494138570142575,1.5062300827953725,0.10027031984283166,-0.036894203935591174,-1.3968178995483904,-0.23204774044612855,1.5010989817577989,0.0
964,-0.08129225550971513,1.382227644767766,1.1154860627750942,-1.124287160857312,-0.5841212263087268,-1.0411415985818462,1.494138570142575,1.5062300827953725,-0.6822189482977449,-1.5659884376358935,0.7159129334778092,-0.23204774044612855,1.5010989817577989,0.0
965,-0.3002601479518768,-0.8041357400309,1.1154860627750942,-0.022780550339182755,0.18452495516262873,0.007655452930748742,-0.8130284392322452,-0.6718563426385925,0.10027031984283166,1.4922000297647111,0.7159129334778092,-0.23204774044612855,-0.6661785879229576,0.0
966,-0.26176003585184676,-0.6384933259182577,1.1154860627750942,0.5279727549198818,0.18452495516262873,0.007655452930748742,-0.8130284392322452,-0.6718563426385925,0.10027031984283166,-0.036894203935591174,0.7159129334778092,-0.23204774044612855,-0.6661785879229576,0.0
967,0.04884357761080396,1.7830957914142482,1.1154860627750942,-1.124287160857312,-2.121413589251438,-1.0411415985818462,0.3405550654551648,1.5062300827953725,-2.247197484578898,0.3453793544894844,0.7159129334778092,4.309458036856673,1.5010989817577989,0.0
968,-0.1329638363075683,1.7830957914142482,1.1154860627750942,-1.124287160857312,-2.121413589251438,-1.0411415985818462,0.3405550654551648,1.5062300827953725,-2.247197484578898,-0.4191677623606668,0.7159129334778092,4.309458036856673,1.5010989817577989,0.0
969,-0.29608336183738365,-0.8041357400309,1.1154860627750942,-0.022780550339182755,0.18452495516262873,0.007655452930748742,-0.8130284392322452,-0.6718563426385925,0.10027031984283166,1.1099264713396355,0.7159129334778092,-0.23204774044612855,-0.6661785879229576,0.0
970,-0.05641334623667471,1.1679100318214901,1.1154860627750942,-1.124287160857312,-0.5841212263087268,-1.0411415985818462,1.494138570142575,1.5062300827953725,0.10027031984283166,-0.8014413207857424,,-0.23204774044612855,1.5010989817577989,0.0
971,-0.013353695571797074,-0.7472533060317542,1.1154860627750942,0.5279727549198818,0.18452495516262873,0.007655452930748742,0.3405550654551648,-0.6718563426385925,0.10027031984283166,0.72765291291456,0.7159129334778092,-0.23204774044612855,-0.6661785879229576,0.0
972,-0.21669093482260815,-0.36661052386553206,1.1154860627750942,0.5279727549198818,2.490463499576695,2.1052495559559388,3.8013055795173947,2.2322588912733607,0.8827595879834081,-1.5659884376358935,0.7159129334778092,-0.23204774044612855,1.5010989817577989,0.0
973,-0.4879667340113373,2.0833860350465834,1.1154860627750942,-1.6750404661163767,-2.121413589251438,-1.0411415985818462,0.3405550654551648,1.5062300827953725,-2.247197484578898,-1.1837148792108179,0.7159129334778092,-0.23204774044612855,1.5010989817577989,0.0
974,-0.04176349619935745,-0.8041357400309,1.1154860627750942,-0.022780550339182755,0.18452495516262873,0.007655452930748742,-0.8130284392322452,-0.6718563426385925,0.10027031984283166,1.4922000297647111,0.7159129334778092,-0.23204774044612855,-0.6661785879229576,0.0
975,-0.008569289942366224,-0.7472533060317542,1.1154860627750942,0.5279727549198818,0.18452495516262873,0.007655452930748742,0.3405550654551648,-0.6718563426385925,0.10027031984283166,1.4922000297647111,0.7159129334778092,-0.23204774044612855,-0.6661785879229576,0.0
976,-0.4233772580140208,1.382227644767766,1.1154860627750942,-1.124287160857312,-0.5841212263087268,-1.0411415985818462,1.494138570142575,1.5062300827953725,-0.6822189482977449,-0.8014413207857424,0.7159129334778092,-0.23204774044612855,1.5010989817577989,0.0
977,-0.31477125022594055,1.7830957914142482,1.1154860627750942,-1.124287160857312,-2.121413589251438,-1.0411415985818462,0.3405550654551648,1.5062300827953725,-2.247197484578898,-1.1837148792108179,0.7159129334778092,4.309458036856673,1.5010989817577989,0.0
978,0.029705955093080567,1.7830957914142482,1.1154860627750942,-1.124287160857312,-2.121413589251438,-1.0411415985818462,0.3405550654551648,1.5062300827953725,-2.247197484578898,0.3453793544894844,0.7159129334778092,4.309458036856673,1.5010989817577989,0.0
979,-0.28606481644935544,-0.7472533060317542,1.1154860627750942,0.5279727549198818,0.18452495516262873,0.007655452930748742,0.3405550654551648,-0.6718563426385925,0.10027031984283166,-0.4191677623606668,0.7159129334778092,-0.23204774044612855,-0.6661785879229576,0.0
980,-0.28223729194581076,-0.6384933259182577,1.1154860627750942,0.5279727549198818,0.18452495516262873,0.007655452930748742,-0.8130284392322452,-0.6718563426385925,0.10027031984283166,-0.4191677623606668,0.7159129334778092,-0.23204774044612855,-0.6661785879229576,0.0
981,0.5368529518127506,1.7830957914142482,1.1154860627750942,-1.124287160857312,-2.121413589251438,-1.0411415985818462,0.3405550654551648,1.5062300827953725,-2.247197484578898,0.72765291291456,0.7159129334778092,4.309458036856673,1.5010989817577989,0.0
982,-0.02866379358597579,1.7830957914142482,1.1154860627750942,-1.124287160857312,-2.121413589251438,-1.0411415985818462,0.3405550654551648,1.5062300827953725,-2.247197484578898,-0.4191677623606668,0.7159129334778092,4.309458036856673,1.5010989817577989,0.0
983,-0.31955565585537143,-0.7472533060317542,1.1154860627750942,0.5279727549198818,0.18452495516262873,0.007655452930748742,0.3405550654551648,-0.6718563426385925,0.10027031984283166,-1.5659884376358935,0.7159129334778092,-0.23204774044612855,-0.6661785879229576,0.0
984,-0.2764960051904938,1.7830957914142482,1.1154860627750942,-1.124287160857312,-2.121413589251438,-1.0411415985818462,0.3405550654551648,1.5062300827953725,-2.247197484578898,-0.4191677623606668,0.7159129334778092,4.309458036856673,1.5010989817577989,0.0
985,-0.019094982327114093,-0.41986589121607065,1.1154860627750942,-1.124287160857312,-0.5841212263087268,0.007655452930748742,-0.8130284392322452,-0.6718563426385925,0.10027031984283166,0.72765291291456,0.7159129334778092,-0.23204774044612855,-0.6661785879229576,0.0
986,-0.013353695571797074,1.7830957914142482,1.1154860627750942,-1.124287160857312,-2.121413589251438,-1.0411415985818462,0.3405550654551648,1.5062300827953725,-2.247197484578898,-0.8014413207857424,0.7159129334778092,4.309458036856673,1.5010989817577989,0.0
987,-0.2568799421098273,-0.10775504886584117,1.1154860627750942,-0.022780550339182755,0.18452495516262873,0.007655452930748742,-0.8130284392322452,-0.6718563426385925,0.10027031984283166,-0.036894203935591174,-1.3968178995483904,-0.23204774044612855,-0.6661785879229576,0.0
988,-0.42002817407341925,-0.7472533060317542,1.1154860627750942,0.5279727549198818,0.18452495516262873,0.007655452930748742,0.3405550654551648,-0.6718563426385925,0.10027031984283166,-0.8014413207857424,0.7159129334778092,-0.23204774044612855,-0.6661785879229576,0.0
989,-0.36261530652024904,-0.7472533060317542,1.1154860627750942,0.5279727549198818,0.18452495516262873,0.007655452930748742,0.3405550654551648,-0.6718563426385925,0.10027031984283166,-1.1837148792108179,0.7159129334778092,-0.23204774044612855,-0.6661785879229576,0.0
990,0.027313752278365144,1.7830957914142482,1.1154860627750942,-1.124287160857312,-2.121413589251438,-1.0411415985818462,0.3405550654551648,1.5062300827953725,-2.247197484578898,-0.4191677623606668,0.7159129334778092,4.309458036856673,1.5010989817577989,0.0
991,-0.30512588847700794,-0.8041357400309,1.1719495594457987,-0.022780550339182755,0.18452495516262873,0.007655452930748742,-0.8130284392322452,-0.6718563426385925,0.10027031984283166,1.1099264713396355,0.7159129334778092,-0.23204774044612855,-0.6661785879229576,0.0
992,0.3038523976594682,1.1679100318214901,1.1719495594457987,-1.124287160857312,-0.5841212263087268,-1.0411415985818462,1.494138570142575,1.5062300827953725,0.10027031984283166,0.3453793544894844,-1.3968178995483904,-0.23204774044612855,1.5010989817577989,0.0
993,-0.3702703555273384,-0.10775504886584117,1.1719495594457987,-0.022780550339182755,0.18452495516262873,0.007655452930748742,-0.8130284392322452,-0.6718563426385925,0.10027031984283166,-1.1837148792108179,-1.3968178995483904,-0.23204774044612855,-0.6661785879229576,0.0
994,0.3397354398801996,1.1679100318214901,1.1719495594457987,-1.124287160857312,-0.5841212263087268,-1.0411415985818462,1.494138570142575,1.5062300827953725,0.10027031984283166,0.72765291291456,-1.3968178995483904,-0.23204774044612855,1.5010989817577989,0.0
995,-0.2406129629697624,0.039488187763736395,1.1719495594457987,-0.022780550339182755,0.18452495516262873,0.007655452930748742,1.494138570142575,0.7802012743173842,0.10027031984283166,-1.1837148792108179,0.7159129334778092,-0.23204774044612855,1.5010989817577989,0.0
996,1.5884653091616512,-1.725662341073072,1.1719495594457987,2.7309859759561403,2.490463499576695,3.1540466074685334,0.3405550654551648,0.054172465839395875,2.447738124264561,1.8744735881897867,0.7159129334778092,-0.23204774044612855,-0.6661785879229576,0.0
997,-0.35017585188372885,-0.10775504886584117,1.1719495594457987,-0.022780550339182755,0.18452495516262873,0.007655452930748742,-0.8130284392322452,-0.6718563426385925,0.10027031984283166,-0.8014413207857424,-1.3968178995483904,-0.23204774044612855,-0.6661785879229576,0.0
998,-0.29084922207878633,1.7830957914142482,1.1719495594457987,-1.124287160857312,-2.121413589251438,-1.0411415985818462,0.3405550654551648,1.5062300827953725,-2.247197484578898,0.3453793544894844,0.7159129334778092,4.309458036856673,1.5010989817577989,0.0
999,-0.35448181695021663,-0.10775504886584117,1.1719495594457987,-0.022780550339182755,0.18452495516262873,0.007655452930748742,-0.8130284392322452,-0.6718563426385925,0.10027031984283166,-0.8014413207857424,-1.3968178995483904,-0.23204774044612855,-0.6661785879229576,0.0
1000,-0.3425208028766395,-0.10775504886584117,1.1719495594457987,-0.022780550339182755,0.18452495516262873,0.007655452930748742,-0.8130284392322452,-0.6718563426385925,0.10027031984283166,-0.8014413207857424,-1.3968178995483904,-0.23204774044612855,-0.6661785879229576,0.0
1001,-0.0851197800132598,1.7830957914142482,1.1719495594457987,-1.124287160857312,-2.121413589251438,-1.0411415985818462,0.3405550654551648,1.5062300827953725,-2.247197484578898,0.72765291291456,0.7159129334778092,4.309458036856673,1.5010989817577989,0.0
1002,-0.32434006148480227,-0.7472533060317542,1.1719495594457987,0.5279727549198818,0.18452495516262873,0.007655452930748742,0.3405550654551648,-0.6718563426385925,0.10027031984283166,-0.4191677623606668,0.7159129334778092,-0.23204774044612855,-0.6661785879229576,0.0
1003,-0.3052024389670789,1.382227644767766,1.1719495594457987,-1.124287160857312,-0.5841212263087268,-1.0411415985818462,1.494138570142575,1.5062300827953725,-0.6822189482977449,-0.8014413207857424,0.7159129334778092,-0.23204774044612855,1.5010989817577989,0.0
1004,-0.29886788591371244,-0.8041357400309,1.1719495594457987,-0.022780550339182755,0.18452495516262873,0.007655452930748742,-0.8130284392322452,-0.6718563426385925,0.10027031984283166,1.4922000297647111,0.7159129334778092,-0.23204774044612855,-0.6661785879229576,0.0
1005,-0.3099868445965097,1.7830957914142482,1.1719495594457987,-1.124287160857312,-2.121413589251438,-1.0411415985818462,0.3405550654551648,1.5062300827953725,-2.247197484578898,-0.036894203935591174,0.7159129334778092,4.309458036856673,1.5010989817577989,0.0
1006,-0.4578632537909584,-0.8041357400309,1.1719495594457987,-0.022780550339182755,0.18452495516262873,0.007655452930748742,-0.8130284392322452,-0.6718563426385925,0.10027031984283166,1.1099264713396355,0.7159129334778092,-0.23204774044612855,-0.6661785879229576,0.0
1007,-0.4104593628145575,-0.7472533060317542,1.1719495594457987,0.5279727549198818,0.18452495516262873,0.007655452930748742,0.3405550654551648,-0.6718563426385925,0.10027031984283166,-0.4191677623606668,0.7159129334778092,-0.23204774044612855,-0.6661785879229576,0.0
1008,-0.31789546710195893,-0.8041357400309,1.1719495594457987,-0.022780550339182755,0.18452495516262873,0.007655452930748742,-0.8130284392322452,-0.6718563426385925,0.10027031984283166,1.4922000297647111,0.7159129334778092,-0.23204774044612855,-0.6661785879229576,0.0
1009,-0.35926622257964747,-0.10775504886584117,1.2284130561165032,-0.022780550339182755,0.18452495516262873,0.007655452930748742,-0.8130284392322452,-0.6718563426385925,0.10027031984283166,-1.1837148792108179,-1.3968178995483904,-0.23204774044612855,-0.6661785879229576,0.0
1010,-0.06885280087319492,-0.10775504886584117,1.2284130561165032,-0.022780550339182755,0.18452495516262873,0.007655452930748742,-0.8130284392322452,-0.6718563426385925,0.10027031984283166,-0.8014413207857424,-1.3968178995483904,-0.23204774044612855,-0.6661785879229576,0.0
1011,-0.04923673779252844,-0.8041357400309,1.2284130561165032,-0.022780550339182755,0.18452495516262873,0.007655452930748742,-0.8130284392322452,-0.6718563426385925,0.10027031984283166,1.4922000297647111,0.7159129334778092,-0.23204774044612855,-0.6661785879229576,0.0
1012,-0.299796060605822,-0.8041357400309,1.2284130561165032,-0.022780550339182755,0.18452495516262873,0.007655452930748742,-0.8130284392322452,-0.6718563426385925,0.10027031984283166,1.1099264713396355,0.7159129334778092,-0.23204774044612855,-0.6661785879229576,0.0
1013,-0.16167027008415338,-0.7472533060317542,1.2284130561165032,0.5279727549198818,0.18452495516262873,0.007655452930748742,0.3405550654551648,-0.6718563426385925,0.10027031984283166,-0.036894203935591174,0.7159129334778092,-0.23204774044612855,-0.6661785879229576,0.0
1014,-0.390364859170948,-0.10775504886584117,1.2284130561165032,-0.022780550339182755,0.18452495516262873,0.007655452930748742,-0.8130284392322452,-0.6718563426385925,0.10027031984283166,-1.1837148792108179,-1.3968178995483904,-0.23204774044612855,-0.6661785879229576,0.0
1015,-0.34586988681724107,-0.10775504886584117,1.2284130561165032,-0.022780550339182755,0.18452495516262873,0.007655452930748742,-0.8130284392322452,-0.6718563426385925,0.10027031984283166,-0.8014413207857424,-1.3968178995483904,-0.23204774044612855,-0.6661785879229576,0.0
1016,-0.42002817407341925,-0.7472533060317542,1.2284130561165032,0.5279727549198818,0.18452495516262873,0.007655452930748742,0.3405550654551648,-0.6718563426385925,0.10027031984283166,-0.036894203935591174,0.7159129334778092,-0.23204774044612855,-0.6661785879229576,0.0
1017,-0.4980139858331421,1.4472523445360894,1.2284130561165032,-0.5735338555982474,-0.5841212263087268,-1.0411415985818462,0.3405550654551648,1.5062300827953725,-0.6822189482977449,-1.1837148792108179,0.7159129334778092,-0.23204774044612855,1.5010989817577989,0.0
1018,-0.33008134824011925,-0.41986589121607065,1.2284130561165032,-1.124287160857312,-0.5841212263087268,0.007655452930748742,-0.8130284392322452,-0.6718563426385925,0.10027031984283166,0.72765291291456,0.7159129334778092,-0.23204774044612855,-0.6661785879229576,0.0
1019,0.8928127306424057,1.1679100318214901,1.2284130561165032,-1.124287160857312,-0.5841212263087268,-1.0411415985818462,1.494138570142575,1.5062300827953725,0.10027031984283166,0.3453793544894844,-1.3968178995483904,-0.23204774044612855,1.5010989817577989,0.0
1020,-0.3382148378101517,-0.10775504886584117,1.2284130561165032,-0.022780550339182755,0.18452495516262873,0.007655452930748742,-0.8130284392322452,-0.6718563426385925,0.10027031984283166,-0.8014413207857424,-1.3968178995483904,-0.23204774044612855,-0.6661785879229576,0.0
1021,-0.37218411777911076,-0.8041357400309,1.2284130561165032,-0.022780550339182755,0.18452495516262873,0.007655452930748742,-0.8130284392322452,-0.6718563426385925,0.10027031984283166,1.1099264713396355,0.7159129334778092,-0.23204774044612855,-0.6661785879229576,0.0
1022,-0.3841451318526879,-0.10775504886584117,1.2284130561165032,-0.022780550339182755,0.18452495516262873,0.007655452930748742,-0.8130284392322452,-0.6718563426385925,0.10027031984283166,-1.5659884376358935,-1.3968178995483904,-0.23204774044612855,-0.6661785879229576,0.0
1023,-0.29649482072151473,-0.8041357400309,1.2284130561165032,-0.022780550339182755,0.18452495516262873,0.007655452930748742,-0.8130284392322452,-0.6718563426385925,0.10027031984283166,1.1099264713396355,0.7159129334778092,-0.23204774044612855,-0.6661785879229576,0.0
1024,-0.396106145926265,-0.10775504886584117,1.2284130561165032,-0.022780550339182755,0.18452495516262873,0.007655452930748742,-0.8130284392322452,-0.6718563426385925,0.10027031984283166,-1.5659884376358935,-1.3968178995483904,-0.23204774044612855,-0.6661785879229576,0.0
1025,0.7425823938782771,-1.725662341073072,1.2284130561165032,2.7309859759561403,2.490463499576695,3.1540466074685334,0.3405550654551648,0.054172465839395875,2.447738124264561,2.639020705039938,0.7159129334778092,-0.23204774044612855,-0.6661785879229576,0.0
1026,-0.30807308234473735,-0.8041357400309,1.2284130561165032,-0.022780550339182755,0.18452495516262873,0.007655452930748742,-0.8130284392322452,-0.6718563426385925,0.10027031984283166,1.1099264713396355,0.7159129334778092,-0.23204774044612855,-0.6661785879229576,0.0
1027,-0.36309374708319214,-0.10775504886584117,1.2284130561165032,-0.022780550339182755,0.18452495516262873,0.007655452930748742,-0.8130284392322452,-0.6718563426385925,0.10027031984283166,-1.1837148792108179,-1.3968178995483904,-0.23204774044612855,-0.6661785879229576,0.0
1028,-0.08136880599978602,-0.8041357400309,1.2284130561165032,-0.022780550339182755,0.18452495516262873,0.007655452930748742,-0.8130284392322452,-0.6718563426385925,0.10027031984283166,1.4922000297647111,0.7159129334778092,-0.23204774044612855,-0.6661785879229576,0.0
1029,-0.3817529290379724,-0.41986589121607065,1.2284130561165032,-1.124287160857312,-0.5841212263087268,0.007655452930748742,-0.8130284392322452,-0.6718563426385925,0.10027031984283166,-0.8014413207857424,0.7159129334778092,-0.23204774044612855,-0.6661785879229576,0.0
1030,-0.39132174029683414,-0.8041357400309,1.2284130561165032,-0.022780550339182755,0.18452495516262873,0.007655452930748742,-0.8130284392322452,-0.6718563426385925,0.10027031984283166,0.3453793544894844,0.7159129334778092,-0.23204774044612855,-0.6661785879229576,0.0
1031,-0.254966179858055,1.4472523445360894,1.2284130561165032,-0.5735338555982474,-0.5841212263087268,-1.0411415985818462,0.3405550654551648,1.5062300827953725,-0.6822189482977449,0.3453793544894844,0.7159129334778092,-0.23204774044612855,1.5010989817577989,0.0
1032,-0.4343813909617118,-0.36661052386553206,1.2284130561165032,0.5279727549198818,2.490463499576695,2.1052495559559388,3.8013055795173947,2.2322588912733607,0.8827595879834081,-1.5659884376358935,0.7159129334778092,-0.23204774044612855,1.5010989817577989,0.0
1033,-0.32434006148480227,-1.356437982475979,1.2284130561165032,2.180232670697076,0.9531711366339842,1.0564525044433437,0.3405550654551648,-0.6718563426385925,1.6652488561239847,1.1099264713396355,0.7159129334778092,-0.23204774044612855,-0.6661785879229576,0.0
1034,1.9051929618299734,-1.725662341073072,1.2284130561165032,2.7309859759561403,2.490463499576695,3.1540466074685334,0.3405550654551648,0.054172465839395875,2.447738124264561,2.2567471466148623,0.7159129334778092,-0.23204774044612855,-0.6661785879229576,0.0
1035,2.892694283744501,-1.725662341073072,1.2284130561165032,2.7309859759561403,2.490463499576695,3.1540466074685334,0.3405550654551648,0.054172465839395875,2.447738124264561,3.0212942634650135,0.7159129334778092,-0.23204774044612855,-0.6661785879229576,0.0
1036,-0.3482620896319565,-0.8041357400309,1.2284130561165032,-0.022780550339182755,0.18452495516262873,0.007655452930748742,-0.8130284392322452,-0.6718563426385925,0.10027031984283166,1.1099264713396355,0.7159129334778092,-0.23204774044612855,-0.6661785879229576,0.0
1037,1.5741120922733587,-1.725662341073072,1.2284130561165032,2.7309859759561403,2.490463499576695,3.1540466074685334,0.3405550654551648,0.054172465839395875,2.447738124264561,1.4922000297647111,0.7159129334778092,-0.23204774044612855,-0.6661785879229576,0.0
1038,-0.2525739770433395,-0.7084312558394958,1.2284130561165032,-0.022780550339182755,0.18452495516262873,0.007655452930748742,-0.8130284392322452,-1.3978851511165808,0.10027031984283166,-0.036894203935591174,,-0.23204774044612855,-0.6661785879229576,0.0
1039,-0.4879667340113373,2.0833860350465834,1.2284130561165032,-1.6750404661163767,-2.121413589251438,-1.0411415985818462,0.3405550654551648,1.5062300827953725,-2.247197484578898,-0.8014413207857424,0.7159129334778092,-0.23204774044612855,1.5010989817577989,0.0
1040,-0.31650320506379453,-0.8041357400309,1.2284130561165032,-0.022780550339182755,0.18452495516262873,0.007655452930748742,-0.8130284392322452,-0.6718563426385925,0.10027031984283166,1.4922000297647111,0.7159129334778092,-0.23204774044612855,-0.6661785879229576,0.0
1041,-0.08799042339091832,-0.10775504886584117,1.2284130561165032,-0.022780550339182755,0.18452495516262873,0.007655452930748742,-0.8130284392322452,-0.6718563426385925,0.10027031984283166,-1.1837148792108179,-1.3968178995483904,-0.23204774044612855,-0.6661785879229576,0.0
1042,-0.33438731330660704,-0.10775504886584117,1.2284130561165032,-0.022780550339182755,0.18452495516262873,0.007655452930748742,-0.8130284392322452,-0.6718563426385925,0.10027031984283166,-0.8014413207857424,-1.3968178995483904,-0.23204774044612855,-0.6661785879229576,0.0
1043,-0.3319951104918916,-0.10775504886584117,1.2284130561165032,-0.022780550339182755,0.18452495516262873,0.007655452930748742,-0.8130284392322452,-0.6718563426385925,0.10027031984283166,-0.4191677623606668,-1.3968178995483904,-0.23204774044612855,-0.6661785879229576,0.0
1044,-0.31094372572239587,-0.10775504886584117,1.2284130561165032,-0.022780550339182755,0.18452495516262873,0.007655452930748742,-0.8130284392322452,-0.6718563426385925,0.10027031984283166,-0.4191677623606668,-1.3968178995483904,-0.23204774044612855,-0.6661785879229576,0.0
1045,-0.14731705319586086,-0.10775504886584117,1.2284130561165032,-0.022780550339182755,0.18452495516262873,0.007655452930748742,-0.8130284392322452,-0.6718563426385925,0.10027031984283166,-1.5659884376358935,-1.3968178995483904,-0.23204774044612855,-0.6661785879229576,0.0
1046,-0.37840384509737085,-0.10775504886584117,1.2284130561165032,-0.022780550339182755,0.18452495516262873,0.007655452930748742,-0.8130284392322452,-0.6718563426385925,0.10027031984283166,-1.5659884376358935,-1.3968178995483904,-0.23204774044612855,-0.6661785879229576,0.0
1047,-0.027228471897146535,-0.10775504886584117,1.2284130561165032,-0.022780550339182755,0.18452495516262873,0.007655452930748742,-0.8130284392322452,-0.6718563426385925,0.10027031984283166,-1.5659884376358935,-1.3968178995483904,-0.23204774044612855,-0.6661785879229576,0.0
1048,-0.120045941108105,-0.10775504886584117,1.2284130561165032,-0.022780550339182755,0.18452495516262873,0.007655452930748742,-0.8130284392322452,-0.6718563426385925,0.10027031984283166,-1.1837148792108179,-1.3968178995483904,-0.23204774044612855,-0.6661785879229576,0.0
1049,-0.12913631180402363,-0.10775504886584117,1.2284130561165032,-0.022780550339182755,0.18452495516262873,0.007655452930748742,-0.8130284392322452,-0.6718563426385925,0.10027031984283166,-1.1837148792108179,-1.3968178995483904,-0.23204774044612855,-0.6661785879229576,0.0
1050,-0.4118946845033868,-0.10775504886584117,1.2284130561165032,-0.022780550339182755,0.18452495516262873,0.007655452930748742,-0.8130284392322452,-0.6718563426385925,0.10027031984283166,-1.1837148792108179,-1.3968178995483904,-0.23204774044612855,-0.6661785879229576,0.0
1051,-0.3640506282090783,-0.10775504886584117,1.2284130561165032,-0.022780550339182755,0.18452495516262873,0.007655452930748742,-0.8130284392322452,-0.6718563426385925,0.10027031984283166,-1.1837148792108179,-1.3968178995483904,-0.23204774044612855,-0.6661785879229576,0.0
1052,-0.09947299690155235,-0.10775504886584117,1.2284130561165032,-0.022780550339182755,0.18452495516262873,0.007655452930748742,-0.8130284392322452,-0.6718563426385925,0.10027031984283166,-1.1837148792108179,-1.3968178995483904,-0.23204774044612855,-0.6661785879229576,0.0
1053,0.006262367508869408,-0.10775504886584117,1.2284130561165032,-0.022780550339182755,0.18452495516262873,0.007655452930748742,-0.8130284392322452,-0.6718563426385925,0.10027031984283166,-1.1837148792108179,-1.3968178995483904,-0.23204774044612855,-0.6661785879229576,0.0
1054,-0.11717529773044649,-0.10775504886584117,1.2284130561165032,-0.022780550339182755,0.18452495516262873,0.007655452930748742,-0.8130284392322452,-0.6718563426385925,0.10027031984283166,-1.1837148792108179,-1.3968178995483904,-0.23204774044612855,-0.6661785879229576,0.0
1055,-0.1262656684263651,-0.10775504886584117,1.2284130561165032,-0.022780550339182755,0.18452495516262873,0.007655452930748742,-0.8130284392322452,-0.6718563426385925,0.10027031984283166,-1.1837148792108179,-1.3968178995483904,-0.23204774044612855,-0.6661785879229576,0.0
1056,-0.39849834874098045,-0.10775504886584117,1.2284130561165032,-0.022780550339182755,0.18452495516262873,0.007655452930748742,-0.8130284392322452,-0.6718563426385925,0.10027031984283166,-1.1837148792108179,-1.3968178995483904,-0.23204774044612855,-0.6661785879229576,0.0
1057,-0.3865373346674033,-0.10775504886584117,1.2284130561165032,-0.022780550339182755,0.18452495516262873,0.007655452930748742,-0.8130284392322452,-0.6718563426385925,0.10027031984283166,-1.1837148792108179,-1.3968178995483904,-0.23204774044612855,-0.6661785879229576,0.0
1058,-0.3602231037055336,-0.10775504886584117,1.2284130561165032,-0.022780550339182755,0.18452495516262873,0.007655452930748742,-0.8130284392322452,-0.6718563426385925,0.10027031984283166,-1.1837148792108179,-1.3968178995483904,-0.23204774044612855,-0.6661785879229576,0.0
1059,-0.09660235352389385,-0.10775504886584117,1.2284130561165032,-0.022780550339182755,0.18452495516262873,0.007655452930748742,-0.8130284392322452,-0.6718563426385925,0.10027031984283166,-1.1837148792108179,-1.3968178995483904,-0.23204774044612855,-0.6661785879229576,0.0
1060,-0.1391835636258284,-0.10775504886584117,1.2284130561165032,-0.022780550339182755,0.18452495516262873,0.007655452930748742,-0.8130284392322452,-0.6718563426385925,0.10027031984283166,-1.1837148792108179,-1.3968178995483904,-0.23204774044612855,-0.6661785879229576,0.0
1061,-0.38510201297857405,-0.10775504886584117,1.2284130561165032,-0.022780550339182755,0.18452495516262873,0.007655452930748742,-0.8130284392322452,-0.6718563426385925,0.10027031984283166,-1.1837148792108179,-1.3968178995483904,-0.23204774044612855,-0.6661785879229576,0.0
1062,-0.35687401976493205,-0.10775504886584117,1.2284130561165032,-0.022780550339182755,0.18452495516262873,0.007655452930748742,-0.8130284392322452,-0.6718563426385925,0.10027031984283166,-1.1837148792108179,-1.3968178995483904,-0.23204774044612855,-0.6661785879229576,0.0
1063,-0.09373171014623534,-0.10775504886584117,1.2284130561165032,-0.022780550339182755,0.18452495516262873,0.007655452930748742,-0.8130284392322452,-0.6718563426385925,0.10027031984283166,-1.1837148792108179,-1.3968178995483904,-0.23204774044612855,-0.6661785879229576,0.0
1064,0.054584864366120985,-0.10775504886584117,1.2284130561165032,-0.022780550339182755,0.18452495516262873,0.007655452930748742,-0.8130284392322452,-0.6718563426385925,0.10027031984283166,-1.1837148792108179,-1.3968178995483904,-0.23204774044612855,-0.6661785879229576,0.0
1065,-0.12100282223399117,-0.10775504886584117,1.2284130561165032,-0.022780550339182755,0.18452495516262873,0.007655452930748742,-0.8130284392322452,-0.6718563426385925,0.10027031984283166,-1.1837148792108179,-1.3968178995483904,-0.23204774044612855,-0.6661785879229576,0.0
1066,-0.3817529290379724,-0.10775504886584117,1.2284130561165032,-0.022780550339182755,0.18452495516262873,0.007655452930748742,-0.8130284392322452,-0.6718563426385925,0.10027031984283166,-1.1837148792108179,-1.3968178995483904,-0.23204774044612855,-0.6661785879229576,0.0
1067,-0.35304649526138737,-0.10775504886584117,1.2284130561165032,-0.022780550339182755,0.18452495516262873,0.007655452930748742,-0.8130284392322452,-0.6718563426385925,0.10027031984283166,-1.1837148792108179,-1.3968178995483904,-0.23204774044612855,-0.6661785879229576,0.0
1068,-0.09086106676857683,-0.10775504886584117,1.2284130561165032,-0.022780550339182755,0.18452495516262873,0.007655452930748742,-0.8130284392322452,-0.6718563426385925,0.10027031984283166,-1.1837148792108179,-1.3968178995483904,-0.23204774044612855,-0.6661785879229576,0.0
1069,-0.37792540453442774,-0.10775504886584117,1.2284130561165032,-0.022780550339182755,0.18452495516262873,0.007655452930748742,-0.8130284392322452,-0.6718563426385925,0.10027031984283166,-1.1837148792108179,-1.3968178995483904,-0.23204774044612855,-0.6661785879229576,0.0
1070,-0.3597446631425905,-0.10775504886584117,1.2284130561165032,-0.022780550339182755,0.18452495516262873,0.007655452930748742,-0.8130284392322452,-0.6718563426385925,0.10027031984283166,-1.1837148792108179,-1.3968178995483904,-0.23204774044612855,-0.6661785879229576,0.0
1071,0.05314954267729173,-0.10775504886584117,1.2284130561165032,-0.022780550339182755,0.18452495516262873,0.007655452930748742,-0.8130284392322452,-0.6718563426385925,0.10027031984283166,-1.1837148792108179,-1.3968178995483904,-0.23204774044612855,-0.6661785879229576,0.0
1072,-0.11526153547867415,-0.10775504886584117,1.2284130561165032,-0.022780550339182755,0.18452495516262873,0.007655452930748742,-0.8130284392322452,-0.6718563426385925,0.10027031984283166,-0.8014413207857424,-1.3968178995483904,-0.23204774044612855,-0.6661785879229576,0.0
1073,-0.3841451318526879,-0.10775504886584117,1.2284130561165032,-0.022780550339182755,0.18452495516262873,0.007655452930748742,-0.8130284392322452,-0.6718563426385925,0.10027031984283166,-0.8014413207857424,-1.3968178995483904,-0.23204774044612855,-0.6661785879229576,0.0
1074,-0.362136865957306,-0.10775504886584117,1.2284130561165032,-0.022780550339182755,0.18452495516262873,0.007655452930748742,-0.8130284392322452,-0.6718563426385925,0.10027031984283166,-0.8014413207857424,-1.3968178995483904,-0.23204774044612855,-0.6661785879229576,0.0
1075,-0.345391446254298,-0.10775504886584117,1.2284130561165032,-0.022780550339182755,0.18452495516262873,0.007655452930748742,-0.8130284392322452,-0.6718563426385925,0.10027031984283166,-0.8014413207857424,-1.3968178995483904,-0.23204774044612855,-0.6661785879229576,0.0
1076,0.06415367562498268,-0.10775504886584117,1.2284130561165032,-0.022780550339182755,0.18452495516262873,0.007655452930748742,-0.8130284392322452,-0.6718563426385925,0.10027031984283166,-0.8014413207857424,-1.3968178995483904,-0.23204774044612855,-0.6661785879229576,0.0
1077,-0.09708079408683692,-0.10775504886584117,1.2284130561165032,-0.022780550339182755,0.18452495516262873,0.007655452930748742,-0.8130284392322452,-0.6718563426385925,0.10027031984283166,-0.8014413207857424,-1.3968178995483904,-0.23204774044612855,-0.6661785879229576,0.0
1078,-0.3363010755583794,-0.10775504886584117,1.2284130561165032,-0.022780550339182755,0.18452495516262873,0.007655452930748742,-0.8130284392322452,-0.6718563426385925,0.10027031984283166,-0.8014413207857424,-1.3968178995483904,-0.23204774044612855,-0.6661785879229576,0.0
1079,-0.09277482902034917,-0.10775504886584117,1.2284130561165032,-0.022780550339182755,0.18452495516262873,0.007655452930748742,-0.8130284392322452,-0.6718563426385925,0.10027031984283166,-0.8014413207857424,-1.3968178995483904,-0.23204774044612855,-0.6661785879229576,0.0
1080,-0.3324735510548347,-0.10775504886584117,1.2284130561165032,-0.022780550339182755,0.18452495516262873,0.007655452930748742,-0.8130284392322452,-0.6718563426385925,0.10027031984283166,-0.8014413207857424,-1.3968178995483904,-0.23204774044612855,-0.6661785879229576,0.0
1081,-0.3449130056913549,-0.10775504886584117,1.2284130561165032,-0.022780550339182755,0.18452495516262873,0.007655452930748742,-0.8130284392322452,-0.6718563426385925,0.10027031984283166,-0.8014413207857424,-1.3968178995483904,-0.23204774044612855,-0.6661785879229576,0.0
1082,-0.32816758598834694,-0.10775504886584117,1.2284130561165032,-0.022780550339182755,0.18452495516262873,0.007655452930748742,-0.8130284392322452,-0.6718563426385925,0.10027031984283166,-0.8014413207857424,-1.3968178995483904,-0.23204774044612855,-0.6661785879229576,0.0
1083,-0.07124500368791034,-0.10775504886584117,1.2284130561165032,-0.022780550339182755,0.18452495516262873,0.007655452930748742,-0.8130284392322452,-0.6718563426385925,0.10027031984283166,-0.8014413207857424,-1.3968178995483904,-0.23204774044612855,-0.6661785879229576,0.0
1084,-0.34586988681724107,-0.10775504886584117,1.2284130561165032,-0.022780550339182755,0.18452495516262873,0.007655452930748742,-0.8130284392322452,-0.6718563426385925,0.10027031984283166,-0.8014413207857424,-1.3968178995483904,-0.23204774044612855,-0.6661785879229576,0.0
1085,-0.31716345304065596,-0.10775504886584117,1.2284130561165032,-0.022780550339182755,0.18452495516262873,0.007655452930748742,-0.8130284392322452,-0.6718563426385925,0.10027031984283166,-0.8014413207857424,-1.3968178995483904,-0.23204774044612855,-0.6661785879229576,0.0
1086,0.7765516738472361,-0.10775504886584117,1.2284130561165032,-0.022780550339182755,0.18452495516262873,0.007655452930748742,-0.8130284392322452,-0.6718563426385925,0.10027031984283166,-0.8014413207857424,-1.3968178995483904,-0.23204774044612855,-0.6661785879229576,0.0
1087,-0.06598215749553642,-0.10775504886584117,1.2284130561165032,-0.022780550339182755,0.18452495516262873,0.007655452930748742,-0.8130284392322452,-0.6718563426385925,0.10027031984283166,-0.4191677623606668,-1.3968178995483904,-0.23204774044612855,-0.6661785879229576,0.0
1088,-0.34108548118781024,-0.10775504886584117,1.2284130561165032,-0.022780550339182755,0.18452495516262873,0.007655452930748742,-0.8130284392322452,-0.6718563426385925,0.10027031984283166,-0.4191677623606668,-1.3968178995483904,-0.23204774044612855,-0.6661785879229576,0.0
1089,-0.3296029076771762,-0.10775504886584117,1.2284130561165032,-0.022780550339182755,0.18452495516262873,0.007655452930748742,-0.8130284392322452,-0.6718563426385925,0.10027031984283166,-0.4191677623606668,-1.3968178995483904,-0.23204774044612855,-0.6661785879229576,0.0
1090,-0.3363010755583794,-0.10775504886584117,1.2284130561165032,-0.022780550339182755,0.18452495516262873,0.007655452930748742,-0.8130284392322452,-0.6718563426385925,0.10027031984283166,-0.4191677623606668,-1.3968178995483904,-0.23204774044612855,-0.6661785879229576,0.0
1091,-0.3248185020477453,-0.10775504886584117,1.2284130561165032,-0.022780550339182755,0.18452495516262873,0.007655452930748742,-0.8130284392322452,-0.6718563426385925,0.10027031984283166,-0.4191677623606668,-1.3968178995483904,-0.23204774044612855,-0.6661785879229576,0.0
1092,-0.30807308234473735,-0.10775504886584117,1.2284130561165032,-0.022780550339182755,0.18452495516262873,0.007655452930748742,-0.8130284392322452,-0.6718563426385925,0.10027031984283166,-0.4191677623606668,-1.3968178995483904,-0.23204774044612855,-0.6661785879229576,0.0
1093,-0.3200340964183145,-0.10775504886584117,1.2284130561165032,-0.022780550339182755,0.18452495516262873,0.007655452930748742,-0.8130284392322452,-0.6718563426385925,0.10027031984283166,-0.4191677623606668,-1.3968178995483904,-0.23204774044612855,-0.6661785879229576,0.0
1094,-0.3032886767153065,-0.10775504886584117,1.2284130561165032,-0.022780550339182755,0.18452495516262873,0.007655452930748742,-0.8130284392322452,-0.6718563426385925,0.10027031984283166,-0.4191677623606668,-1.3968178995483904,-0.23204774044612855,-0.6661785879229576,0.0
1095,-0.3272107048624608,-0.10775504886584117,1.2284130561165032,-0.022780550339182755,0.18452495516262873,0.007655452930748742,-0.8130284392322452,-0.6718563426385925,0.10027031984283166,-0.4191677623606668,-1.3968178995483904,-0.23204774044612855,-0.6661785879229576,0.0
1096,-0.31524969078888365,-0.10775504886584117,1.2284130561165032,-0.022780550339182755,0.18452495516262873,0.007655452930748742,-0.8130284392322452,-0.6718563426385925,0.10027031984283166,-0.4191677623606668,-1.3968178995483904,-0.23204774044612855,-0.6661785879229576,0.0
1097,-0.2985042710858757,-0.10775504886584117,1.2284130561165032,-0.022780550339182755,0.18452495516262873,0.007655452930748742,-0.8130284392322452,-0.6718563426385925,0.10027031984283166,-0.4191677623606668,-1.3968178995483904,-0.23204774044612855,-0.6661785879229576,0.0
1098,-0.3224262992330299,-0.10775504886584117,1.2284130561165032,-0.022780550339182755,0.18452495516262873,0.007655452930748742,-0.8130284392322452,-0.6718563426385925,0.10027031984283166,-0.4191677623606668,-1.3968178995483904,-0.23204774044612855,-0.6661785879229576,0.0
1099,-0.29371986545644485,-0.10775504886584117,1.2284130561165032,-0.022780550339182755,0.18452495516262873,0.007655452930748742,-0.8130284392322452,-0.6718563426385925,0.10027031984283166,-0.4191677623606668,-1.3968178995483904,-0.23204774044612855,-0.6661785879229576,0.0
1100,0.10099359897160022,-0.10775504886584117,1.2284130561165032,-0.022780550339182755,0.18452495516262873,0.007655452930748742,-0.8130284392322452,-0.6718563426385925,0.10027031984283166,-0.4191677623606668,-1.3968178995483904,-0.23204774044612855,-0.6661785879229576,0.0
1101,-0.30855152290768045,-0.10775504886584117,1.2284130561165032,-0.022780550339182755,0.18452495516262873,0.007655452930748742,-0.8130284392322452,-0.6718563426385925,0.10027031984283166,-0.036894203935591174,-1.3968178995483904,-0.23204774044612855,-0.6661785879229576,0.0
1102,-0.2965905088341033,-0.10775504886584117,1.2284130561165032,-0.022780550339182755,0.18452495516262873,0.007655452930748742,-0.8130284392322452,-0.6718563426385925,0.10027031984283166,-0.036894203935591174,-1.3968178995483904,-0.23204774044612855,-0.6661785879229576,0.0
1103,-0.27984508913109535,-0.10775504886584117,1.2284130561165032,-0.022780550339182755,0.18452495516262873,0.007655452930748742,-0.8130284392322452,-0.6718563426385925,0.10027031984283166,-0.036894203935591174,-1.3968178995483904,-0.23204774044612855,-0.6661785879229576,0.0
1104,-0.3032886767153065,-0.10775504886584117,1.2284130561165032,-0.022780550339182755,0.18452495516262873,0.007655452930748742,-0.8130284392322452,-0.6718563426385925,0.10027031984283166,-0.036894203935591174,-1.3968178995483904,-0.23204774044612855,-0.6661785879229576,0.0
1105,-0.2745822429387214,-0.10775504886584117,1.2284130561165032,-0.022780550339182755,0.18452495516262873,0.007655452930748742,-0.8130284392322452,-0.6718563426385925,0.10027031984283166,-0.036894203935591174,-1.3968178995483904,-0.23204774044612855,-0.6661785879229576,0.0
1106,-0.27601756462755067,-0.10775504886584117,1.2284130561165032,-0.022780550339182755,0.18452495516262873,0.007655452930748742,-0.8130284392322452,-0.6718563426385925,0.10027031984283166,-0.036894203935591174,-1.3968178995483904,-0.23204774044612855,-0.6661785879229576,0.0
1107,-0.1808078926018768,1.382227644767766,1.2284130561165032,-1.124287160857312,-0.5841212263087268,-1.0411415985818462,1.494138570142575,1.5062300827953725,-0.6822189482977449,-0.4191677623606668,0.7159129334778092,-0.23204774044612855,1.5010989817577989,0.0
1108,-0.35304649526138737,-0.8041357400309,1.2284130561165032,-0.022780550339182755,0.18452495516262873,0.007655452930748742,-0.8130284392322452,-0.6718563426385925,0.10027031984283166,1.1099264713396355,0.7159129334778092,-0.23204774044612855,-0.6661785879229576,0.0
1109,-0.3602231037055336,-0.8041357400309,1.2284130561165032,-0.022780550339182755,0.18452495516262873,0.007655452930748742,-0.8130284392322452,-0.6718563426385925,0.10027031984283166,0.3453793544894844,0.7159129334778092,-0.23204774044612855,-0.6661785879229576,0.0
1110,-0.1459353168500812,0.3281208361498234,1.2284130561165032,-0.022780550339182755,0.18452495516262873,0.007655452930748742,1.494138570142575,0.7802012743173842,0.10027031984283166,-0.8014413207857424,0.7159129334778092,-0.23204774044612855,1.5010989817577989,0.0
1111,-0.3072597333877341,-0.8041357400309,1.2284130561165032,-0.022780550339182755,0.18452495516262873,0.007655452930748742,-0.8130284392322452,-0.6718563426385925,0.10027031984283166,1.1099264713396355,0.7159129334778092,-0.23204774044612855,-0.6661785879229576,0.0
1112,-0.31802464605395353,-0.8041357400309,1.2284130561165032,-0.022780550339182755,0.18452495516262873,0.007655452930748742,-0.8130284392322452,-0.6718563426385925,0.10027031984283166,1.1099264713396355,0.7159129334778092,-0.23204774044612855,-0.6661785879229576,0.0
1113,-0.061197751866105564,-0.7472533060317542,1.2848765527872077,0.5279727549198818,0.18452495516262873,0.007655452930748742,0.3405550654551648,-0.6718563426385925,0.10027031984283166,1.1099264713396355,0.7159129334778092,-0.23204774044612855,-0.6661785879229576,0.0
1114,-0.30615932009296504,1.382227644767766,1.2848765527872077,-1.124287160857312,-0.5841212263087268,-1.0411415985818462,1.494138570142575,1.5062300827953725,-0.6822189482977449,-0.4191677623606668,0.7159129334778092,-0.23204774044612855,1.5010989817577989,0.0
1115,-0.37218411777911076,-0.7472533060317542,1.2848765527872077,0.5279727549198818,0.18452495516262873,0.007655452930748742,0.3405550654551648,-0.6718563426385925,0.10027031984283166,-0.036894203935591174,0.7159129334778092,-0.23204774044612855,-0.6661785879229576,0.0
1116,-0.30615932009296504,-0.41986589121607065,1.2848765527872077,-1.124287160857312,-0.5841212263087268,0.007655452930748742,-0.8130284392322452,-0.6718563426385925,0.10027031984283166,0.3453793544894844,0.7159129334778092,-0.23204774044612855,-0.6661785879229576,0.0
1117,-0.42002817407341925,-0.7472533060317542,1.2848765527872077,0.5279727549198818,0.18452495516262873,0.007655452930748742,0.3405550654551648,-0.6718563426385925,0.10027031984283166,-0.036894203935591174,0.7159129334778092,-0.23204774044612855,-0.6661785879229576,0.0
1118,1.6219561485676672,-1.725662341073072,1.2848765527872077,2.7309859759561403,2.490463499576695,3.1540466074685334,0.3405550654551648,0.054172465839395875,2.447738124264561,1.8744735881897867,0.7159129334778092,-0.23204774044612855,-0.6661785879229576,0.0
1119,-0.13828026784299186,-0.5201103000848772,1.2848765527872077,0.5279727549198818,0.18452495516262873,0.007655452930748742,-0.8130284392322452,-0.6718563426385925,0.10027031984283166,0.72765291291456,0.7159129334778092,-0.23204774044612855,-0.6661785879229576,0.0
1120,-0.33390887274366393,-0.7472533060317542,1.2848765527872077,0.5279727549198818,0.18452495516262873,0.007655452930748742,0.3405550654551648,-0.6718563426385925,0.10027031984283166,-0.4191677623606668,0.7159129334778092,-0.23204774044612855,-0.6661785879229576,0.0
1121,-0.42002817407341925,-0.7472533060317542,1.2848765527872077,0.5279727549198818,0.18452495516262873,0.007655452930748742,0.3405550654551648,-0.6718563426385925,0.10027031984283166,-0.8014413207857424,0.7159129334778092,-0.23204774044612855,-0.6661785879229576,0.0
1122,-0.49897086695902826,1.4472523445360894,1.2848765527872077,-0.5735338555982474,-0.5841212263087268,-1.0411415985818462,0.3405550654551648,1.5062300827953725,-0.6822189482977449,-1.1837148792108179,0.7159129334778092,-0.23204774044612855,1.5010989817577989,0.0
1123,2.0008810744185905,-1.725662341073072,1.2848765527872077,2.7309859759561403,2.490463499576695,3.1540466074685334,0.3405550654551648,0.054172465839395875,2.447738124264561,2.639020705039938,0.7159129334778092,-0.23204774044612855,-0.6661785879229576,0.0
1124,-0.14253264756643,0.3281208361498234,1.2848765527872077,-0.022780550339182755,0.18452495516262873,0.007655452930748742,1.494138570142575,0.7802012743173842,0.10027031984283166,-0.4191677623606668,0.7159129334778092,-0.23204774044612855,1.5010989817577989,0.0
1125,0.8712829053099669,1.1679100318214901,1.2848765527872077,-1.124287160857312,-0.5841212263087268,-1.0411415985818462,1.494138570142575,1.5062300827953725,0.10027031984283166,-0.036894203935591174,-1.3968178995483904,-0.23204774044612855,1.5010989817577989,0.0
1126,0.34691204832434586,1.1679100318214901,1.2848765527872077,-1.124287160857312,-0.5841212263087268,-1.0411415985818462,1.494138570142575,1.5062300827953725,0.10027031984283166,-0.036894203935591174,-1.3968178995483904,-0.23204774044612855,1.5010989817577989,0.0
1127,-0.27171159956106294,1.4472523445360894,1.2848765527872077,-0.5735338555982474,-0.5841212263087268,-1.0411415985818462,0.3405550654551648,1.5062300827953725,-0.6822189482977449,-1.1837148792108179,0.7159129334778092,-0.23204774044612855,1.5010989817577989,0.0
1128,-0.03727572371895132,-0.8041357400309,1.2848765527872077,-0.022780550339182755,0.18452495516262873,0.007655452930748742,-0.8130284392322452,-0.6718563426385925,0.10027031984283166,1.1099264713396355,0.7159129334778092,-0.23204774044612855,-0.6661785879229576,0.0
1129,0.809564072690309,-1.725662341073072,1.2848765527872077,2.7309859759561403,2.490463499576695,3.1540466074685334,0.3405550654551648,0.054172465839395875,2.447738124264561,1.8744735881897867,0.7159129334778092,-0.23204774044612855,-0.6661785879229576,0.0
1130,0.8191328839491706,-1.725662341073072,1.2848765527872077,2.7309859759561403,2.490463499576695,3.1540466074685334,0.3405550654551648,0.054172465839395875,2.447738124264561,1.8744735881897867,0.7159129334778092,-0.23204774044612855,-0.6661785879229576,0.0
1131,-0.4822254472560203,1.4472523445360894,1.2848765527872077,-0.5735338555982474,-0.5841212263087268,-1.0411415985818462,0.3405550654551648,1.5062300827953725,-0.6822189482977449,0.3453793544894844,0.7159129334778092,-0.23204774044612855,1.5010989817577989,0.0
1132,0.16606151553185977,-0.5201103000848772,1.2848765527872077,0.5279727549198818,0.18452495516262873,0.007655452930748742,-0.8130284392322452,-0.6718563426385925,0.10027031984283166,1.8744735881897867,0.7159129334778092,-0.23204774044612855,-0.6661785879229576,0.0
1133,-0.1109866690487777,-0.8041357400309,1.3413400494579122,-0.022780550339182755,0.18452495516262873,0.007655452930748742,-0.8130284392322452,-0.6718563426385925,0.10027031984283166,1.1099264713396355,0.7159129334778092,-0.23204774044612855,-0.6661785879229576,0.0
1134,-0.08082577596084563,-0.8041357400309,1.3413400494579122,-0.022780550339182755,0.18452495516262873,0.007655452930748742,-0.8130284392322452,-0.6718563426385925,0.10027031984283166,1.1099264713396355,0.7159129334778092,-0.23204774044612855,-0.6661785879229576,0.0
1135,-0.085538415505835,-0.8041357400309,1.3413400494579122,-0.022780550339182755,0.18452495516262873,0.007655452930748742,-0.8130284392322452,-0.6718563426385925,0.10027031984283166,1.1099264713396355,0.7159129334778092,-0.23204774044612855,-0.6661785879229576,0.0
1136,1.4937340776989205,1.7830957914142482,1.3413400494579122,-1.124287160857312,-2.121413589251438,-1.0411415985818462,0.3405550654551648,1.5062300827953725,-2.247197484578898,1.1099264713396355,0.7159129334778092,4.309458036856673,1.5010989817577989,0.0
1137,-0.07076656312496726,-0.41986589121607065,1.3413400494579122,-1.124287160857312,-0.5841212263087268,0.007655452930748742,-0.8130284392322452,-0.6718563426385925,0.10027031984283166,-0.4191677623606668,0.7159129334778092,-0.23204774044612855,-0.6661785879229576,0.0
1138,0.1301784733111284,0.3281208361498234,1.3413400494579122,-0.022780550339182755,0.18452495516262873,0.007655452930748742,1.494138570142575,0.7802012743173842,0.10027031984283166,-0.036894203935591174,0.7159129334778092,-0.23204774044612855,1.5010989817577989,0.0
1139,-0.3482620896319565,-0.8375859574613138,1.3413400494579122,1.629479365438011,1.7218173181053398,3.1540466074685334,2.647722074829985,1.5062300827953725,0.8827595879834081,-1.1837148792108179,0.7159129334778092,-0.23204774044612855,1.5010989817577989,0.0
1140,-0.40089055155569586,-0.7472533060317542,1.3413400494579122,0.5279727549198818,0.18452495516262873,0.007655452930748742,0.3405550654551648,-0.6718563426385925,0.10027031984283166,-0.036894203935591174,0.7159129334778092,-0.23204774044612855,-0.6661785879229576,0.0
1141,0.8239172895786016,-1.725662341073072,1.3413400494579122,2.7309859759561403,2.490463499576695,3.1540466074685334,0.3405550654551648,0.054172465839395875,2.447738124264561,1.8744735881897867,0.7159129334778092,-0.23204774044612855,-0.6661785879229576,0.0
1142,-0.17602348697244594,-0.7472533060317542,1.3413400494579122,0.5279727549198818,0.18452495516262873,0.007655452930748742,0.3405550654551648,-0.6718563426385925,0.10027031984283166,-0.8014413207857424,0.7159129334778092,-0.23204774044612855,-0.6661785879229576,0.0
1143,-0.2812804108199246,1.4472523445360894,1.3413400494579122,-0.5735338555982474,-0.5841212263087268,-1.0411415985818462,0.3405550654551648,1.5062300827953725,-0.6822189482977449,-1.1837148792108179,0.7159129334778092,-0.23204774044612855,1.5010989817577989,0.0
1144,0.31581341173304533,1.1679100318214901,1.3413400494579122,-1.124287160857312,-0.5841212263087268,-1.0411415985818462,1.494138570142575,1.5062300827953725,0.10027031984283166,0.3453793544894844,-1.3968178995483904,-0.23204774044612855,1.5010989817577989,0.0
1145,0.3354294748137118,1.1679100318214901,1.3413400494579122,-1.124287160857312,-0.5841212263087268,-1.0411415985818462,1.494138570142575,1.5062300827953725,0.10027031984283166,0.3453793544894844,-1.3968178995483904,-0.23204774044612855,1.5010989817577989,0.0
1146,-0.37218411777911076,-0.41986589121607065,1.3413400494579122,-1.124287160857312,-0.5841212263087268,0.007655452930748742,-0.8130284392322452,-0.6718563426385925,0.10027031984283166,-0.8014413207857424,0.7159129334778092,-0.23204774044612855,-0.6661785879229576,0.0
1147,-0.4056749571851267,-0.7472533060317542,1.3413400494579122,0.5279727549198818,0.18452495516262873,0.007655452930748742,0.3405550654551648,-0.6718563426385925,0.10027031984283166,-0.4191677623606668,0.7159129334778092,-0.23204774044612855,-0.6661785879229576,0.0
1148,-0.2812804108199246,1.7830957914142482,1.3413400494579122,-1.124287160857312,-2.121413589251438,-1.0411415985818462,0.3405550654551648,1.5062300827953725,-2.247197484578898,-0.8014413207857424,0.7159129334778092,4.309458036856673,1.5010989817577989,0.0
1149,1.101412816085591,-1.725662341073072,1.3413400494579122,2.7309859759561403,2.490463499576695,3.1540466074685334,0.3405550654551648,0.054172465839395875,2.447738124264561,1.4922000297647111,0.7159129334778092,-0.23204774044612855,-0.6661785879229576,0.0
1150,0.2737106421940539,1.1679100318214901,1.3413400494579122,-1.124287160857312,-0.5841212263087268,-1.0411415985818462,1.494138570142575,1.5062300827953725,0.10027031984283166,-0.036894203935591174,-1.3968178995483904,-0.23204774044612855,1.5010989817577989,0.0
1151,0.7904264501725856,-1.725662341073072,1.3413400494579122,2.7309859759561403,2.490463499576695,3.1540466074685334,0.3405550654551648,0.054172465839395875,2.447738124264561,1.4922000297647111,0.7159129334778092,-0.23204774044612855,-0.6661785879229576,0.0
1152,0.3354294748137118,1.1679100318214901,1.3413400494579122,-1.124287160857312,-0.5841212263087268,-1.0411415985818462,1.494138570142575,1.5062300827953725,0.10027031984283166,0.72765291291456,-1.3968178995483904,-0.23204774044612855,1.5010989817577989,0.0
1153,0.25457301967633045,1.1679100318214901,1.3978035461286167,-1.124287160857312,-0.5841212263087268,-1.0411415985818462,1.494138570142575,1.5062300827953725,0.10027031984283166,-0.4191677623606668,-1.3968178995483904,-0.23204774044612855,1.5010989817577989,0.0
1154,-0.34108548118781024,-0.5201103000848772,1.3978035461286167,0.5279727549198818,0.18452495516262873,0.007655452930748742,-0.8130284392322452,-0.6718563426385925,0.10027031984283166,-0.8014413207857424,0.7159129334778092,-0.23204774044612855,-0.6661785879229576,0.0
1155,-0.3363010755583794,-0.41986589121607065,1.3978035461286167,-1.124287160857312,-0.5841212263087268,0.007655452930748742,-0.8130284392322452,-0.6718563426385925,0.10027031984283166,0.3453793544894844,0.7159129334778092,-0.23204774044612855,-0.6661785879229576,0.0
1156,-0.1939650080828116,-0.7472533060317542,1.3978035461286167,0.5279727549198818,0.18452495516262873,0.007655452930748742,0.3405550654551648,-0.6718563426385925,0.10027031984283166,-1.1837148792108179,0.7159129334778092,-0.23204774044612855,-0.6661785879229576,0.0
1157,0.19658602344762857,-1.725662341073072,1.3978035461286167,2.7309859759561403,2.490463499576695,3.1540466074685334,0.3405550654551648,0.054172465839395875,2.447738124264561,2.2567471466148623,0.7159129334778092,-0.23204774044612855,-0.6661785879229576,0.0
1158,3.024743879116792,-1.725662341073072,1.3978035461286167,2.7309859759561403,2.490463499576695,3.1540466074685334,0.3405550654551648,0.054172465839395875,2.447738124264561,2.639020705039938,0.7159129334778092,-0.23204774044612855,-0.6661785879229576,0.0
1159,-0.14827393432174701,1.7830957914142482,1.3978035461286167,-1.124287160857312,-2.121413589251438,-1.0411415985818462,0.3405550654551648,1.5062300827953725,-2.247197484578898,-0.4191677623606668,0.7159129334778092,4.309458036856673,1.5010989817577989,0.0
1160,-0.2764960051904938,-0.7084312558394958,1.3978035461286167,-0.022780550339182755,0.18452495516262873,0.007655452930748742,-0.8130284392322452,-1.3978851511165808,0.10027031984283166,0.3453793544894844,,-0.23204774044612855,-0.6661785879229576,0.0
1161,-0.4248125797028501,1.382227644767766,1.3978035461286167,-1.124287160857312,-0.5841212263087268,-1.0411415985818462,1.494138570142575,1.5062300827953725,-0.6822189482977449,-1.1837148792108179,0.7159129334778092,-0.23204774044612855,1.5010989817577989,0.0
1162,-0.49179425851488195,2.0833860350465834,1.3978035461286167,-1.6750404661163767,-2.121413589251438,-1.0411415985818462,0.3405550654551648,1.5062300827953725,-2.247197484578898,-0.8014413207857424,0.7159129334778092,-0.23204774044612855,1.5010989817577989,0.0
1163,-0.2764960051904938,1.4472523445360894,1.3978035461286167,-0.5735338555982474,-0.5841212263087268,-1.0411415985818462,0.3405550654551648,1.5062300827953725,-0.6822189482977449,-1.1837148792108179,0.7159129334778092,-0.23204774044612855,1.5010989817577989,0.0
1164,-0.0037848843129353747,0.039488187763736395,1.3978035461286167,-0.022780550339182755,0.18452495516262873,0.007655452930748742,1.494138570142575,0.7802012743173842,0.10027031984283166,-1.5659884376358935,0.7159129334778092,-0.23204774044612855,1.5010989817577989,0.0
1165,-0.27410380237577836,-0.7084312558394958,1.3978035461286167,-0.022780550339182755,0.18452495516262873,0.007655452930748742,-0.8130284392322452,-1.3978851511165808,0.10027031984283166,0.3453793544894844,,-0.23204774044612855,-0.6661785879229576,0.0
1166,-0.497535545270199,1.4472523445360894,1.3978035461286167,-0.5735338555982474,-0.5841212263087268,-1.0411415985818462,0.3405550654551648,1.5062300827953725,-0.6822189482977449,-0.4191677623606668,0.7159129334778092,-0.23204774044612855,1.5010989817577989,0.0
1167,-0.4941864613295974,-0.6384933259182577,1.3978035461286167,0.5279727549198818,0.18452495516262873,0.007655452930748742,-0.8130284392322452,-0.6718563426385925,0.10027031984283166,1.4922000297647111,0.7159129334778092,-0.23204774044612855,-0.6661785879229576,0.0
1168,-0.20951432637846187,1.7830957914142482,1.3978035461286167,-1.124287160857312,-2.121413589251438,-1.0411415985818462,0.3405550654551648,1.5062300827953725,-2.247197484578898,-1.1837148792108179,0.7159129334778092,4.309458036856673,1.5010989817577989,0.0
1169,0.05841238886966566,-0.5201103000848772,1.4542670427993212,0.5279727549198818,0.18452495516262873,0.007655452930748742,-0.8130284392322452,-0.6718563426385925,0.10027031984283166,1.8744735881897867,0.7159129334778092,-0.23204774044612855,-0.6661785879229576,0.0
1170,-0.43916579659114263,-0.7472533060317542,1.4542670427993212,0.5279727549198818,0.18452495516262873,0.007655452930748742,0.3405550654551648,-0.6718563426385925,0.10027031984283166,-0.8014413207857424,0.7159129334778092,-0.23204774044612855,-0.6661785879229576,0.0
1171,-0.40089055155569586,-0.7472533060317542,1.4542670427993212,0.5279727549198818,0.18452495516262873,0.007655452930748742,0.3405550654551648,-0.6718563426385925,0.10027031984283166,-0.4191677623606668,0.7159129334778092,-0.23204774044612855,-0.6661785879229576,0.0
1172,-0.1808078926018768,-0.5201103000848772,1.4542670427993212,0.5279727549198818,0.18452495516262873,0.007655452930748742,-0.8130284392322452,-0.6718563426385925,0.10027031984283166,1.1099264713396355,0.7159129334778092,-0.23204774044612855,-0.6661785879229576,0.0
1173,0.24978861404689962,-0.5201103000848772,1.4542670427993212,0.5279727549198818,0.18452495516262873,0.007655452930748742,-0.8130284392322452,-0.6718563426385925,0.10027031984283166,1.4922000297647111,0.7159129334778092,-0.23204774044612855,-0.6661785879229576,0.0
1174,-0.5115060097081371,1.4472523445360894,1.4542670427993212,-0.5735338555982474,-0.5841212263087268,-1.0411415985818462,0.3405550654551648,1.5062300827953725,-0.6822189482977449,-1.1837148792108179,0.7159129334778092,-0.23204774044612855,1.5010989817577989,0.0
1175,-0.5037552725884591,1.4472523445360894,1.4542670427993212,-0.5735338555982474,-0.5841212263087268,-1.0411415985818462,0.3405550654551648,1.5062300827953725,-0.6822189482977449,-1.1837148792108179,0.7159129334778092,-0.23204774044612855,1.5010989817577989,0.0
1176,0.2665340337499076,1.1679100318214901,1.4542670427993212,-1.124287160857312,-0.5841212263087268,-1.0411415985818462,1.494138570142575,1.5062300827953725,0.10027031984283166,-0.036894203935591174,-1.3968178995483904,-0.23204774044612855,1.5010989817577989,0.0
1177,-0.3482620896319565,-0.7472533060317542,1.4542670427993212,0.5279727549198818,0.18452495516262873,0.007655452930748742,0.3405550654551648,-0.6718563426385925,0.10027031984283166,0.3453793544894844,0.7159129334778092,-0.23204774044612855,-0.6661785879229576,0.0
1178,1.1349036554916068,-1.725662341073072,1.4542670427993212,2.7309859759561403,2.490463499576695,3.1540466074685334,0.3405550654551648,0.054172465839395875,2.447738124264561,1.4922000297647111,0.7159129334778092,-0.23204774044612855,-0.6661785879229576,0.0
1179,-0.1903767038607385,-0.8041357400309,1.4542670427993212,-0.022780550339182755,0.18452495516262873,0.007655452930748742,-0.8130284392322452,-0.6718563426385925,0.10027031984283166,-0.036894203935591174,0.7159129334778092,-0.23204774044612855,-0.6661785879229576,0.0
1180,0.9435274303143727,1.1679100318214901,1.4542670427993212,-1.124287160857312,-0.5841212263087268,-1.0411415985818462,1.494138570142575,1.5062300827953725,0.10027031984283166,0.72765291291456,-1.3968178995483904,-0.23204774044612855,1.5010989817577989,0.0
1181,-0.1712390813430151,-0.7472533060317542,1.4542670427993212,0.5279727549198818,0.18452495516262873,0.007655452930748742,0.3405550654551648,-0.6718563426385925,0.10027031984283166,-0.8014413207857424,0.7159129334778092,-0.23204774044612855,-0.6661785879229576,0.0
1182,-0.1621487106470965,-0.7472533060317542,1.4542670427993212,0.5279727549198818,0.18452495516262873,0.007655452930748742,0.3405550654551648,-0.6718563426385925,0.10027031984283166,-0.4191677623606668,0.7159129334778092,-0.23204774044612855,-0.6661785879229576,0.0
1183,-0.07220188481379651,1.1679100318214901,1.4542670427993212,-1.124287160857312,-0.5841212263087268,-1.0411415985818462,1.494138570142575,1.5062300827953725,0.10027031984283166,0.72765291291456,-1.3968178995483904,-0.23204774044612855,1.5010989817577989,0.0
1184,-0.4343813909617118,-0.7472533060317542,1.4542670427993212,0.5279727549198818,0.18452495516262873,0.007655452930748742,0.3405550654551648,-0.6718563426385925,0.10027031984283166,-1.1837148792108179,0.7159129334778092,-0.23204774044612855,-0.6661785879229576,0.0
1185,-0.3482620896319565,-0.7472533060317542,1.4542670427993212,0.5279727549198818,0.18452495516262873,0.007655452930748742,0.3405550654551648,-0.6718563426385925,0.10027031984283166,-0.8014413207857424,0.7159129334778092,-0.23204774044612855,-0.6661785879229576,0.0
1186,-0.08416289888737363,-1.356437982475979,1.4542670427993212,2.180232670697076,0.9531711366339842,1.0564525044433437,0.3405550654551648,-0.6718563426385925,1.6652488561239847,1.4922000297647111,0.7159129334778092,-0.23204774044612855,-0.6661785879229576,0.0
1187,0.028749073967194397,-0.7472533060317542,1.5107305394700257,0.5279727549198818,0.18452495516262873,0.007655452930748742,0.3405550654551648,-0.6718563426385925,0.10027031984283166,1.8744735881897867,0.7159129334778092,-0.23204774044612855,-0.6661785879229576,0.0
1188,-0.34347768400252565,-0.7472533060317542,1.5107305394700257,0.5279727549198818,0.18452495516262873,0.007655452930748742,0.3405550654551648,-0.6718563426385925,0.10027031984283166,0.3453793544894844,0.7159129334778092,-0.23204774044612855,-0.6661785879229576,0.0
1189,-0.4941864613295974,1.4472523445360894,1.5107305394700257,-0.5735338555982474,-0.5841212263087268,-1.0411415985818462,0.3405550654551648,1.5062300827953725,-0.6822189482977449,0.3453793544894844,0.7159129334778092,-0.23204774044612855,1.5010989817577989,0.0
1190,-0.4248125797028501,-0.7472533060317542,1.5107305394700257,0.5279727549198818,0.18452495516262873,0.007655452930748742,0.3405550654551648,-0.6718563426385925,0.10027031984283166,-0.8014413207857424,0.7159129334778092,-0.23204774044612855,-0.6661785879229576,0.0
1191,0.724880093049383,-1.725662341073072,1.5107305394700257,2.7309859759561403,2.490463499576695,3.1540466074685334,0.3405550654551648,0.054172465839395875,2.447738124264561,1.8744735881897867,0.7159129334778092,-0.23204774044612855,-0.6661785879229576,0.0
1192,-0.3865373346674033,-0.41986589121607065,1.5107305394700257,-1.124287160857312,-0.5841212263087268,0.007655452930748742,-0.8130284392322452,-0.6718563426385925,0.10027031984283166,-0.8014413207857424,0.7159129334778092,-0.23204774044612855,-0.6661785879229576,0.0
1193,-0.3099868445965097,1.7830957914142482,1.5107305394700257,-1.124287160857312,-2.121413589251438,-1.0411415985818462,0.3405550654551648,1.5062300827953725,-2.247197484578898,0.3453793544894844,0.7159129334778092,4.309458036856673,1.5010989817577989,0.0
1194,0.31581341173304533,1.1679100318214901,1.5107305394700257,-1.124287160857312,-0.5841212263087268,-1.0411415985818462,1.494138570142575,1.5062300827953725,0.10027031984283166,0.72765291291456,-1.3968178995483904,-0.23204774044612855,1.5010989817577989,0.0
1195,0.24643953010629802,1.1679100318214901,1.5107305394700257,-1.124287160857312,-0.5841212263087268,-1.0411415985818462,1.494138570142575,1.5062300827953725,0.10027031984283166,-0.4191677623606668,-1.3968178995483904,-0.23204774044612855,1.5010989817577989,0.0
1196,-0.25219122459298504,1.4472523445360894,1.5107305394700257,-0.5735338555982474,-0.5841212263087268,-1.0411415985818462,0.3405550654551648,1.5062300827953725,-0.6822189482977449,-0.8014413207857424,0.7159129334778092,-0.23204774044612855,1.5010989817577989,0.0
1197,-0.49657866414431284,1.4472523445360894,1.5107305394700257,-0.5735338555982474,-0.5841212263087268,-1.0411415985818462,0.3405550654551648,1.5062300827953725,-0.6822189482977449,-0.4191677623606668,0.7159129334778092,-0.23204774044612855,1.5010989817577989,0.0
1198,-0.35065429244667196,-0.5201103000848772,1.5671940361407302,0.5279727549198818,0.18452495516262873,0.007655452930748742,-0.8130284392322452,-0.6718563426385925,0.10027031984283166,-0.8014413207857424,0.7159129334778092,-0.23204774044612855,-0.6661785879229576,0.0
1199,0.2784950478234847,0.02772790604081475,1.5671940361407302,-0.022780550339182755,0.18452495516262873,-1.0411415985818462,0.3405550654551648,-0.6718563426385925,0.10027031984283166,-0.8014413207857424,0.7159129334778092,-0.23204774044612855,1.5010989817577989,0.0
1200,0.31964093623659,1.1679100318214901,1.5671940361407302,-1.124287160857312,-0.5841212263087268,-1.0411415985818462,1.494138570142575,1.5062300827953725,0.10027031984283166,0.72765291291456,-1.3968178995483904,-0.23204774044612855,1.5010989817577989,0.0
1201,-0.018138101201227923,-0.7472533060317542,1.5671940361407302,0.5279727549198818,0.18452495516262873,0.007655452930748742,0.3405550654551648,-0.6718563426385925,0.10027031984283166,1.4922000297647111,0.7159129334778092,-0.23204774044612855,-0.6661785879229576,0.0
1202,0.3014601948447528,-0.6384933259182577,1.5671940361407302,0.5279727549198818,0.18452495516262873,0.007655452930748742,-0.8130284392322452,-0.6718563426385925,0.10027031984283166,3.4035678218900896,0.7159129334778092,-0.23204774044612855,-0.6661785879229576,0.0
1203,-0.3013749144635342,-0.5201103000848772,1.5671940361407302,0.5279727549198818,0.18452495516262873,0.007655452930748742,-0.8130284392322452,-0.6718563426385925,0.10027031984283166,-0.4191677623606668,0.7159129334778092,-0.23204774044612855,-0.6661785879229576,0.0
1204,0.3076799221630129,1.1679100318214901,1.5671940361407302,-1.124287160857312,-0.5841212263087268,-1.0411415985818462,1.494138570142575,1.5062300827953725,0.10027031984283166,0.3453793544894844,-1.3968178995483904,-0.23204774044612855,1.5010989817577989,0.0
1205,0.08275927223671337,0.3281208361498234,1.6236575328114347,-0.022780550339182755,0.18452495516262873,0.007655452930748742,1.494138570142575,0.7802012743173842,0.10027031984283166,-1.1837148792108179,0.7159129334778092,-0.23204774044612855,1.5010989817577989,0.0
1206,-0.31955565585537143,0.02772790604081475,1.6236575328114347,-0.022780550339182755,0.18452495516262873,-1.0411415985818462,0.3405550654551648,-0.6718563426385925,0.10027031984283166,-0.4191677623606668,0.7159129334778092,-0.23204774044612855,1.5010989817577989,0.0
1207,0.31150744666655755,1.1679100318214901,1.6236575328114347,-1.124287160857312,-0.5841212263087268,-1.0411415985818462,1.494138570142575,1.5062300827953725,0.10027031984283166,0.72765291291456,-1.3968178995483904,-0.23204774044612855,1.5010989817577989,0.0
1208,-0.5118887621584916,1.4472523445360894,1.6236575328114347,-0.5735338555982474,-0.5841212263087268,-1.0411415985818462,0.3405550654551648,1.5062300827953725,-0.6822189482977449,-0.4191677623606668,0.7159129334778092,-0.23204774044612855,1.5010989817577989,0.0
1209,-0.06358995468082099,-0.41986589121607065,1.6236575328114347,-1.124287160857312,-0.5841212263087268,0.007655452930748742,-0.8130284392322452,-0.6718563426385925,0.10027031984283166,0.72765291291456,0.7159129334778092,-0.23204774044612855,-0.6661785879229576,0.0
1210,-0.28223729194581076,1.7830957914142482,1.6236575328114347,-1.124287160857312,-2.121413589251438,-1.0411415985818462,0.3405550654551648,1.5062300827953725,-2.247197484578898,0.72765291291456,0.7159129334778092,4.309458036856673,1.5010989817577989,0.0
1211,-0.44634240503528894,2.0833860350465834,1.6236575328114347,-1.6750404661163767,-2.121413589251438,-1.0411415985818462,0.3405550654551648,1.5062300827953725,-2.247197484578898,-0.8014413207857424,0.7159129334778092,-0.23204774044612855,1.5010989817577989,0.0
1212,-0.39132174029683414,-0.7472533060317542,1.6236575328114347,0.5279727549198818,0.18452495516262873,0.007655452930748742,0.3405550654551648,-0.6718563426385925,0.10027031984283166,-0.4191677623606668,0.7159129334778092,-0.23204774044612855,-0.6661785879229576,0.0
1213,0.2560083413651597,1.1679100318214901,1.6236575328114347,-1.124287160857312,-0.5841212263087268,-1.0411415985818462,1.494138570142575,1.5062300827953725,0.10027031984283166,-1.1837148792108179,-1.3968178995483904,-0.23204774044612855,1.5010989817577989,0.0
1214,0.2957189080894358,1.1679100318214901,1.6236575328114347,-1.124287160857312,-0.5841212263087268,-1.0411415985818462,1.494138570142575,1.5062300827953725,0.10027031984283166,0.3453793544894844,-1.3968178995483904,-0.23204774044612855,1.5010989817577989,0.0
1215,0.3000248731559235,1.1679100318214901,1.6236575328114347,-1.124287160857312,-0.5841212263087268,-1.0411415985818462,1.494138570142575,1.5062300827953725,0.10027031984283166,0.3453793544894844,-1.3968178995483904,-0.23204774044612855,1.5010989817577989,0.0
1216,28.76484616545476,-1.725662341073072,1.6236575328114347,2.7309859759561403,2.490463499576695,3.1540466074685334,0.3405550654551648,0.054172465839395875,2.447738124264561,3.0212942634650135,0.7159129334778092,-0.23204774044612855,-0.6661785879229576,0.0
1217,-0.36261530652024904,-0.41986589121607065,1.6236575328114347,-1.124287160857312,-0.5841212263087268,0.007655452930748742,-0.8130284392322452,-0.6718563426385925,0.10027031984283166,-0.036894203935591174,0.7159129334778092,-0.23204774044612855,-0.6661785879229576,0.0
1218,-0.32434006148480227,-0.7472533060317542,1.6236575328114347,0.5279727549198818,0.18452495516262873,0.007655452930748742,0.3405550654551648,-0.6718563426385925,0.10027031984283166,-0.8014413207857424,0.7159129334778092,-0.23204774044612855,-0.6661785879229576,0.0
1219,-0.21429873200789273,-0.36661052386553206,1.6236575328114347,0.5279727549198818,2.490463499576695,2.1052495559559388,3.8013055795173947,2.2322588912733607,0.8827595879834081,-1.1837148792108179,0.7159129334778092,-0.23204774044612855,1.5010989817577989,0.0
1220,-0.1865491793571938,-0.7472533060317542,1.6236575328114347,0.5279727549198818,0.18452495516262873,0.007655452930748742,0.3405550654551648,-0.6718563426385925,0.10027031984283166,-0.8014413207857424,0.7159129334778092,-0.23204774044612855,-0.6661785879229576,0.0
1221,-0.3482620896319565,-0.41986589121607065,1.6236575328114347,-1.124287160857312,-0.5841212263087268,0.007655452930748742,-0.8130284392322452,-0.6718563426385925,0.10027031984283166,-0.8014413207857424,0.7159129334778092,-0.23204774044612855,-0.6661785879229576,0.0
1222,-0.43916579659114263,-0.7472533060317542,1.6236575328114347,0.5279727549198818,0.18452495516262873,0.007655452930748742,0.3405550654551648,-0.6718563426385925,0.10027031984283166,0.3453793544894844,0.7159129334778092,-0.23204774044612855,-0.6661785879229576,0.0
1223,-0.5166731677879224,1.4472523445360894,1.6236575328114347,-0.5735338555982474,-0.5841212263087268,-1.0411415985818462,0.3405550654551648,1.5062300827953725,-0.6822189482977449,-1.1837148792108179,0.7159129334778092,-0.23204774044612855,1.5010989817577989,0.0
1224,-0.39371394311154956,-0.7472533060317542,1.6236575328114347,0.5279727549198818,0.18452495516262873,0.007655452930748742,0.3405550654551648,-0.6718563426385925,0.10027031984283166,0.3453793544894844,0.7159129334778092,-0.23204774044612855,-0.6661785879229576,0.0
1225,0.010568332575357171,1.7830957914142482,1.6801210294821391,-1.124287160857312,-2.121413589251438,-1.0411415985818462,0.3405550654551648,1.5062300827953725,-2.247197484578898,0.72765291291456,0.7159129334778092,4.309458036856673,1.5010989817577989,0.0
1226,0.6708163094368144,-1.725662341073072,1.6801210294821391,2.7309859759561403,2.490463499576695,3.1540466074685334,0.3405550654551648,0.054172465839395875,2.447738124264561,1.4922000297647111,0.7159129334778092,-0.23204774044612855,-0.6661785879229576,0.0
1227,0.7282291769899846,-1.725662341073072,1.6801210294821391,2.7309859759561403,2.490463499576695,3.1540466074685334,0.3405550654551648,0.054172465839395875,2.447738124264561,1.8744735881897867,0.7159129334778092,-0.23204774044612855,-0.6661785879229576,0.0
1228,-0.3865373346674033,-0.5201103000848772,1.6801210294821391,0.5279727549198818,0.18452495516262873,0.007655452930748742,-0.8130284392322452,-0.6718563426385925,0.10027031984283166,-0.8014413207857424,0.7159129334778092,-0.23204774044612855,-0.6661785879229576,0.0
1229,0.2976326703412081,0.3281208361498234,1.6801210294821391,-0.022780550339182755,0.18452495516262873,0.007655452930748742,1.494138570142575,0.7802012743173842,0.10027031984283166,-0.036894203935591174,0.7159129334778092,-0.23204774044612855,1.5010989817577989,0.0
1230,-0.33390887274366393,-0.41986589121607065,1.6801210294821391,-1.124287160857312,-0.5841212263087268,0.007655452930748742,-0.8130284392322452,-0.6718563426385925,0.10027031984283166,-0.036894203935591174,0.7159129334778092,-0.23204774044612855,-0.6661785879229576,0.0
1231,-0.36261530652024904,-0.7472533060317542,1.6801210294821391,0.5279727549198818,0.18452495516262873,0.007655452930748742,0.3405550654551648,-0.6718563426385925,0.10027031984283166,-0.036894203935591174,0.7159129334778092,-0.23204774044612855,-0.6661785879229576,0.0
1232,-0.300418033337648,-0.7472533060317542,1.6801210294821391,0.5279727549198818,0.18452495516262873,0.007655452930748742,0.3405550654551648,-0.6718563426385925,0.10027031984283166,0.3453793544894844,0.7159129334778092,-0.23204774044612855,-0.6661785879229576,0.0
