,Transacted Price ($),Dist to CBD in Km,Sale Months Since Sep 2025,Num MRT Within 1km,Num Hawker Within 1km,Num Malls Within 1km,Num Hospitals Within 5km,Num Schools Within 2km,Num Parks Within 1km,Floor_Level_Category,Type_of_Sale_Encoded,Property_Type_Encoded,Market_Segment_Encoded,Type_of_Area_Encoded
0,1.9820719045038735,0.5394105501434547,-1.8830245557614067,0.12576015759624476,0.20412972035032528,0.4025411457894811,0.5695836485823832,0.015444673228827383,0.03279813454634018,0.9245573104402203,,-1.0255210405616166,-0.23554009851846266,0.0
1,-0.029862500988579704,-0.6875505137670367,-1.8830245557614067,0.12576015759624476,0.20412972035032528,0.4025411457894811,0.5695836485823832,0.015444673228827383,0.6808780120199476,0.9245573104402203,0.596092660985773,-1.0255210405616166,-0.23554009851846266,0.0
2,-0.8036834261779848,0.26223022423390774,-1.8830245557614067,0.12576015759624476,0.20412972035032528,0.4025411457894811,-1.1868551445008662,0.37457232749914127,-0.6152817429272672,-0.10861304326530741,0.596092660985773,0.9751140741611305,-0.23554009851846266,0.0
3,-1.2886112059633452,-1.132050792705702,-1.8830245557614067,0.12576015759624476,-1.194401875621248,0.4025411457894811,0.5695836485823832,0.015444673228827383,0.03279813454634018,-0.10861304326530741,0.596092660985773,-1.0255210405616166,-0.23554009851846266,0.0
4,-0.1502346449069316,-0.11218352657470886,-1.8830245557614067,0.12576015759624476,1.6026613163218986,0.4025411457894811,-0.3086357479592415,1.451955290310083,-1.5874015591376782,0.9245573104402203,0.596092660985773,0.9751140741611305,-0.23554009851846266,0.0
5,-1.1682390620449934,-1.132050792705702,-1.8830245557614067,0.12576015759624476,-1.194401875621248,0.4025411457894811,0.5695836485823832,0.015444673228827383,0.03279813454634018,-0.10861304326530741,0.596092660985773,-1.0255210405616166,-0.23554009851846266,0.0
6,0.5719982186031798,-1.132050792705702,-1.8830245557614067,0.12576015759624476,-1.194401875621248,0.4025411457894811,0.5695836485823832,0.015444673228827383,0.03279813454634018,0.9245573104402203,0.596092660985773,-1.0255210405616166,-0.23554009851846266,0.0
7,1.7413276166671696,0.5394105501434547,-1.8830245557614067,0.12576015759624476,0.20412972035032528,0.4025411457894811,0.5695836485823832,0.015444673228827383,0.03279813454634018,0.9245573104402203,,-1.0255210405616166,-0.23554009851846266,0.0
8,-0.6317232205803393,-0.11218352657470886,-1.8830245557614067,0.12576015759624476,1.6026613163218986,0.4025411457894811,-0.3086357479592415,1.451955290310083,-1.5874015591376782,0.9245573104402203,0.596092660985773,0.9751140741611305,-0.23554009851846266,0.0
9,2.2572082334601062,1.721199985946511,-1.8274362239366493,-1.4825725245512835,-1.194401875621248,-2.48421809909334,-1.1868551445008662,-1.4210659438524282,2.3010777057039657,-0.10861304326530741,0.596092660985773,0.9751140741611305,-0.23554009851846266,0.0
10,-0.8896635289768076,-1.132050792705702,-1.8274362239366493,0.12576015759624476,-1.194401875621248,0.4025411457894811,0.5695836485823832,0.015444673228827383,0.03279813454634018,0.9245573104402203,0.596092660985773,-1.0255210405616166,-0.23554009851846266,0.0
11,-1.2077899093324518,0.7744617386380273,-1.8274362239366493,3.3424255218913017,3.0011929122934715,-2.48421809909334,-2.9432939375841154,-1.7801935981227421,-0.6152817429272672,0.9245573104402203,0.596092660985773,0.9751140741611305,-0.23554009851846266,0.0
12,1.2426430204339975,-0.11218352657470886,-1.8274362239366493,0.12576015759624476,1.6026613163218986,0.4025411457894811,-0.3086357479592415,1.451955290310083,-1.5874015591376782,0.9245573104402203,0.596092660985773,0.9751140741611305,-0.23554009851846266,0.0
13,-0.08145056266787337,-0.11218352657470886,-1.8274362239366493,0.12576015759624476,1.6026613163218986,0.4025411457894811,-0.3086357479592415,1.451955290310083,-1.5874015591376782,0.9245573104402203,0.596092660985773,0.9751140741611305,-0.23554009851846266,0.0
14,-0.11584260378740249,-0.11218352657470886,-1.8274362239366493,0.12576015759624476,1.6026613163218986,0.4025411457894811,-0.3086357479592415,1.451955290310083,-1.5874015591376782,0.9245573104402203,0.596092660985773,0.9751140741611305,-0.23554009851846266,0.0
15,1.7929156783464635,-1.132050792705702,-1.8274362239366493,0.12576015759624476,-1.194401875621248,0.4025411457894811,0.5695836485823832,0.015444673228827383,0.03279813454634018,0.9245573104402203,0.596092660985773,-1.0255210405616166,-0.23554009851846266,0.0
16,0.19368576628835954,0.5394105501434547,-1.8274362239366493,0.12576015759624476,0.20412972035032528,0.4025411457894811,0.5695836485823832,0.015444673228827383,0.03279813454634018,-1.141783396970835,,-1.0255210405616166,-0.23554009851846266,0.0
17,-0.11584260378740249,-0.11218352657470886,-1.8274362239366493,0.12576015759624476,1.6026613163218986,0.4025411457894811,-0.3086357479592415,1.451955290310083,-1.5874015591376782,-1.141783396970835,0.596092660985773,0.9751140741611305,-0.23554009851846266,0.0
18,0.5032141363641216,-1.132050792705702,-1.8274362239366493,0.12576015759624476,-1.194401875621248,0.4025411457894811,0.5695836485823832,0.015444673228827383,0.03279813454634018,1.957727664145748,0.596092660985773,-1.0255210405616166,-0.23554009851846266,0.0
19,-0.16743066546669616,1.4142387366208409,-1.8274362239366493,3.3424255218913017,0.20412972035032528,0.4025411457894811,-0.3086357479592415,2.5293382531210247,-0.6152817429272672,-1.141783396970835,0.596092660985773,-1.0255210405616166,4.245561610485679,0.0
20,2.0680520073026964,0.26223022423390774,-1.8274362239366493,0.12576015759624476,0.20412972035032528,0.4025411457894811,-1.1868551445008662,0.37457232749914127,-0.6152817429272672,0.9245573104402203,0.596092660985773,0.9751140741611305,-0.23554009851846266,0.0
21,-1.0085086662694525,0.26223022423390774,-1.8274362239366493,0.12576015759624476,0.20412972035032528,0.4025411457894811,-1.1868551445008662,0.37457232749914127,-0.6152817429272672,0.9245573104402203,0.596092660985773,0.9751140741611305,-0.23554009851846266,0.0
22,1.0335187752025887,-0.11218352657470886,-1.8274362239366493,0.12576015759624476,1.6026613163218986,0.4025411457894811,-0.3086357479592415,1.451955290310083,-1.5874015591376782,1.957727664145748,0.596092660985773,0.9751140741611305,-0.23554009851846266,0.0
23,0.5032141363641216,0.5394105501434547,-1.8274362239366493,0.12576015759624476,0.20412972035032528,0.4025411457894811,0.5695836485823832,0.015444673228827383,0.03279813454634018,0.9245573104402203,,-1.0255210405616166,-0.23554009851846266,0.0
24,-0.25341076826551895,-0.11218352657470886,-1.8274362239366493,0.12576015759624476,1.6026613163218986,0.4025411457894811,-0.3086357479592415,1.451955290310083,-1.5874015591376782,-0.10861304326530741,0.596092660985773,0.9751140741611305,-0.23554009851846266,0.0
25,-0.18806589013841363,-0.11218352657470886,-1.8274362239366493,0.12576015759624476,1.6026613163218986,0.4025411457894811,-0.3086357479592415,1.451955290310083,-1.5874015591376782,0.9245573104402203,0.596092660985773,0.9751140741611305,-0.23554009851846266,0.0
26,-0.9154575598164544,0.26223022423390774,-1.8274362239366493,0.12576015759624476,0.20412972035032528,0.4025411457894811,-1.1868551445008662,0.37457232749914127,-0.6152817429272672,0.9245573104402203,0.596092660985773,0.9751140741611305,-0.23554009851846266,0.0
27,-0.09864658322763793,-0.6875505137670367,-1.8274362239366493,0.12576015759624476,0.20412972035032528,0.4025411457894811,0.5695836485823832,0.015444673228827383,0.6808780120199476,0.9245573104402203,0.596092660985773,-1.0255210405616166,-0.23554009851846266,0.0
28,-0.483837443766364,-0.11218352657470886,-1.8274362239366493,0.12576015759624476,1.6026613163218986,0.4025411457894811,-0.3086357479592415,1.451955290310083,-1.5874015591376782,1.957727664145748,0.596092660985773,0.9751140741611305,-0.23554009851846266,0.0
29,1.03285156960487,1.721199985946511,-1.8274362239366493,-1.4825725245512835,-1.194401875621248,-2.48421809909334,-1.1868551445008662,-1.4210659438524282,2.3010777057039657,0.9245573104402203,0.596092660985773,0.9751140741611305,-0.23554009851846266,0.0
30,-0.717703323379162,-1.2848452677293336,-1.8274362239366493,-1.4825725245512835,-1.194401875621248,0.4025411457894811,1.4478030451240078,-0.34368298104148653,0.03279813454634018,-0.10861304326530741,0.596092660985773,-1.0255210405616166,-0.23554009851846266,0.0
31,-0.3084380340567655,-1.3607461889988168,-1.8274362239366493,0.12576015759624476,0.20412972035032528,0.4025411457894811,1.4478030451240078,-1.0619382895821143,0.03279813454634018,-1.141783396970835,0.596092660985773,0.9751140741611305,-0.23554009851846266,0.0
32,-0.3084380340567655,-0.11218352657470886,-1.8274362239366493,0.12576015759624476,1.6026613163218986,0.4025411457894811,-0.3086357479592415,1.451955290310083,-1.5874015591376782,-1.141783396970835,0.596092660985773,0.9751140741611305,-0.23554009851846266,0.0
33,-1.2679759812916278,-0.6875505137670367,-1.8274362239366493,0.12576015759624476,0.20412972035032528,0.4025411457894811,0.5695836485823832,0.015444673228827383,0.6808780120199476,0.9245573104402203,0.596092660985773,-1.0255210405616166,-0.23554009851846266,0.0
34,1.0534867942765873,-0.06923339907451666,-1.8274362239366493,0.12576015759624476,0.20412972035032528,0.4025411457894811,-0.3086357479592415,0.015444673228827383,-0.2912418041904635,0.9245573104402203,0.596092660985773,0.9751140741611305,-0.23554009851846266,0.0
35,-0.18462668602646073,1.721199985946511,-1.8274362239366493,-1.4825725245512835,-1.194401875621248,-2.48421809909334,-1.1868551445008662,-1.4210659438524282,2.3010777057039657,0.9245573104402203,0.596092660985773,0.9751140741611305,-0.23554009851846266,0.0
36,-1.1562018476531581,-1.446919516760685,-1.8274362239366493,0.12576015759624476,0.20412972035032528,0.4025411457894811,1.4478030451240078,-1.0619382895821143,0.03279813454634018,-0.10861304326530741,0.596092660985773,-1.0255210405616166,-0.23554009851846266,0.0
37,-1.181995878492805,1.721199985946511,-1.8274362239366493,-1.4825725245512835,-1.194401875621248,-2.48421809909334,-1.1868551445008662,-1.4210659438524282,2.3010777057039657,0.9245573104402203,0.596092660985773,0.9751140741611305,-0.23554009851846266,0.0
38,0.4172340335652988,-0.06923339907451666,-1.7718478921118919,0.12576015759624476,0.20412972035032528,0.4025411457894811,-0.3086357479592415,0.015444673228827383,-0.2912418041904635,-1.141783396970835,0.596092660985773,0.9751140741611305,-0.23554009851846266,0.0
39,0.388000798613699,-1.3654186397095023,-1.7718478921118919,-1.4825725245512835,-1.194401875621248,0.4025411457894811,1.4478030451240078,-1.4210659438524282,0.03279813454634018,-1.141783396970835,0.596092660985773,-1.0255210405616166,-0.23554009851846266,0.0
40,-0.012666480428815147,-0.06923339907451666,-1.7718478921118919,0.12576015759624476,0.20412972035032528,0.4025411457894811,-0.3086357479592415,0.015444673228827383,-0.2912418041904635,0.9245573104402203,0.596092660985773,0.9751140741611305,-0.23554009851846266,0.0
41,-0.24481275798563668,-0.11218352657470886,-1.7718478921118919,0.12576015759624476,1.6026613163218986,0.4025411457894811,-0.3086357479592415,1.451955290310083,-1.5874015591376782,1.957727664145748,0.596092660985773,0.9751140741611305,-0.23554009851846266,0.0
42,-0.10208578733959085,0.5394105501434547,-1.7718478921118919,0.12576015759624476,0.20412972035032528,0.4025411457894811,0.5695836485823832,0.015444673228827383,0.03279813454634018,-1.141783396970835,,-1.0255210405616166,-0.23554009851846266,0.0
43,-0.13495082183341287,0.7744617386380273,-1.7718478921118919,3.3424255218913017,3.0011929122934715,-2.48421809909334,-2.9432939375841154,-1.7801935981227421,-0.6152817429272672,-1.141783396970835,0.596092660985773,0.9751140741611305,-0.23554009851846266,0.0
44,0.3656459718860051,-1.3607461889988168,-1.7718478921118919,0.12576015759624476,0.20412972035032528,0.4025411457894811,1.4478030451240078,-1.0619382895821143,0.03279813454634018,-0.10861304326530741,0.596092660985773,0.9751140741611305,-0.23554009851846266,0.0
45,1.7860372701225575,-1.132050792705702,-1.7718478921118919,0.12576015759624476,-1.194401875621248,0.4025411457894811,0.5695836485823832,0.015444673228827383,0.03279813454634018,0.9245573104402203,0.596092660985773,-1.0255210405616166,-0.23554009851846266,0.0
46,-0.25341076826551895,-0.11218352657470886,-1.7718478921118919,0.12576015759624476,1.6026613163218986,0.4025411457894811,-0.3086357479592415,1.451955290310083,-1.5874015591376782,-0.10861304326530741,0.596092660985773,0.9751140741611305,-0.23554009851846266,0.0
47,1.4814751107844555,-1.5313323165745925,-1.7718478921118919,-1.4825725245512835,0.20412972035032528,0.4025411457894811,1.4478030451240078,-1.4210659438524282,0.03279813454634018,-1.141783396970835,0.596092660985773,0.9751140741611305,-0.23554009851846266,0.0
48,1.7757196577866987,-1.132050792705702,-1.7718478921118919,0.12576015759624476,-1.194401875621248,0.4025411457894811,0.5695836485823832,0.015444673228827383,0.03279813454634018,-0.10861304326530741,0.596092660985773,-1.0255210405616166,-0.23554009851846266,0.0
49,0.9913885248311657,0.5394105501434547,-1.7718478921118919,0.12576015759624476,0.20412972035032528,0.4025411457894811,0.5695836485823832,0.015444673228827383,0.03279813454634018,0.9245573104402203,,-1.0255210405616166,-0.23554009851846266,0.0
50,1.8616997605855217,-0.12459671560777764,-1.7718478921118919,0.12576015759624476,0.20412972035032528,0.4025411457894811,-1.1868551445008662,0.37457232749914127,0.03279813454634018,-1.141783396970835,0.596092660985773,0.9751140741611305,-0.23554009851846266,0.0
51,-1.2714151854035807,-1.132050792705702,-1.7718478921118919,0.12576015759624476,-1.194401875621248,0.4025411457894811,0.5695836485823832,0.015444673228827383,0.03279813454634018,-0.10861304326530741,0.596092660985773,-1.0255210405616166,-0.23554009851846266,0.0
52,-0.24481275798563668,-0.11218352657470886,-1.7718478921118919,0.12576015759624476,1.6026613163218986,0.4025411457894811,-0.3086357479592415,1.451955290310083,-1.5874015591376782,0.9245573104402203,0.596092660985773,0.9751140741611305,-0.23554009851846266,0.0
53,0.2108817868481241,0.5394105501434547,-1.7718478921118919,0.12576015759624476,0.20412972035032528,0.4025411457894811,0.5695836485823832,0.015444673228827383,0.03279813454634018,0.9245573104402203,,-1.0255210405616166,-0.23554009851846266,0.0
54,0.14209770460906587,0.5394105501434547,-1.7718478921118919,0.12576015759624476,0.20412972035032528,0.4025411457894811,0.5695836485823832,0.015444673228827383,0.03279813454634018,-0.10861304326530741,,-1.0255210405616166,-0.23554009851846266,0.0
55,0.1334996943291836,0.26223022423390774,-1.7718478921118919,0.12576015759624476,0.20412972035032528,0.4025411457894811,-1.1868551445008662,0.37457232749914127,-0.6152817429272672,-0.10861304326530741,0.596092660985773,0.9751140741611305,-0.23554009851846266,0.0
56,0.9589086811978823,1.2033141157823306,-1.7718478921118919,1.734092839743773,0.20412972035032528,0.4025411457894811,-0.3086357479592415,2.5293382531210247,-0.2912418041904635,-1.141783396970835,0.596092660985773,-1.0255210405616166,4.245561610485679,0.0
57,-0.029862500988579704,0.7744617386380273,-1.7718478921118919,3.3424255218913017,3.0011929122934715,-2.48421809909334,-2.9432939375841154,-1.7801935981227421,-0.6152817429272672,-0.10861304326530741,0.596092660985773,0.9751140741611305,-0.23554009851846266,0.0
58,-1.1338470209254643,-0.11218352657470886,-1.7718478921118919,0.12576015759624476,1.6026613163218986,0.4025411457894811,-0.3086357479592415,1.451955290310083,-1.5874015591376782,-0.10861304326530741,0.596092660985773,0.9751140741611305,-0.23554009851846266,0.0
59,-1.1991918990525696,1.721199985946511,-1.7718478921118919,-1.4825725245512835,-1.194401875621248,-2.48421809909334,-1.1868551445008662,-1.4210659438524282,2.3010777057039657,1.957727664145748,0.596092660985773,0.9751140741611305,-0.23554009851846266,0.0
60,-0.717703323379162,-0.11218352657470886,-1.7718478921118919,0.12576015759624476,1.6026613163218986,0.4025411457894811,-0.3086357479592415,1.451955290310083,-1.5874015591376782,-1.141783396970835,0.596092660985773,0.9751140741611305,-0.23554009851846266,0.0
61,-0.0731964727991864,1.4142387366208409,-1.7718478921118919,3.3424255218913017,0.20412972035032528,0.4025411457894811,-0.3086357479592415,2.5293382531210247,-0.6152817429272672,-1.141783396970835,0.596092660985773,-1.0255210405616166,4.245561610485679,0.0
62,0.176489745728595,-1.1780933123090649,-1.7718478921118919,0.12576015759624476,-1.194401875621248,0.4025411457894811,0.5695836485823832,-0.34368298104148653,0.3568380732831439,0.9245573104402203,0.596092660985773,0.9751140741611305,-0.23554009851846266,0.0
63,-0.3928911302298812,1.721199985946511,-1.7718478921118919,-1.4825725245512835,-1.194401875621248,-2.48421809909334,-1.1868551445008662,-1.4210659438524282,2.3010777057039657,-1.141783396970835,0.596092660985773,0.9751140741611305,-0.23554009851846266,0.0
64,1.7757196577866987,1.721199985946511,-1.7718478921118919,-1.4825725245512835,-1.194401875621248,-2.48421809909334,-1.1868551445008662,-1.4210659438524282,2.3010777057039657,-1.141783396970835,0.596092660985773,0.9751140741611305,-0.23554009851846266,0.0
65,0.8299385269996482,1.4142387366208409,-1.7718478921118919,3.3424255218913017,0.20412972035032528,0.4025411457894811,-0.3086357479592415,2.5293382531210247,-0.6152817429272672,-1.141783396970835,0.596092660985773,-1.0255210405616166,4.245561610485679,0.0
66,0.5805962288830621,-1.2915722915032284,-1.7718478921118919,-1.4825725245512835,-1.194401875621248,0.4025411457894811,1.4478030451240078,-0.7028106353118004,0.03279813454634018,-1.141783396970835,0.596092660985773,-1.0255210405616166,-0.23554009851846266,0.0
67,2.4119724184979874,0.5394105501434547,-1.7718478921118919,0.12576015759624476,0.20412972035032528,0.4025411457894811,0.5695836485823832,0.015444673228827383,0.03279813454634018,-0.10861304326530741,,-1.0255210405616166,-0.23554009851846266,0.0
68,0.6579783214020026,1.721199985946511,-1.7718478921118919,-1.4825725245512835,-1.194401875621248,-2.48421809909334,-1.1868551445008662,-1.4210659438524282,2.3010777057039657,-1.141783396970835,0.596092660985773,0.9751140741611305,-0.23554009851846266,0.0
69,-1.2507799607318633,1.721199985946511,-1.7718478921118919,-1.4825725245512835,-1.194401875621248,-2.48421809909334,-1.1868551445008662,-1.4210659438524282,2.3010777057039657,-0.10861304326530741,0.596092660985773,0.9751140741611305,-0.23554009851846266,0.0
70,0.3140579102067114,-0.23352145232296595,-1.7718478921118919,0.12576015759624476,0.20412972035032528,0.4025411457894811,-0.3086357479592415,0.7336999817694552,-0.2912418041904635,0.9245573104402203,0.596092660985773,-1.0255210405616166,-0.23554009851846266,0.0
71,-0.0833627601541192,-1.5226355748289113,-1.7162595602871344,0.12576015759624476,0.20412972035032528,0.4025411457894811,1.4478030451240078,-0.7028106353118004,0.03279813454634018,-1.141783396970835,0.596092660985773,-1.0255210405616166,-0.23554009851846266,0.0
72,0.8729285783990596,0.5394105501434547,-1.7162595602871344,0.12576015759624476,0.20412972035032528,0.4025411457894811,0.5695836485823832,0.015444673228827383,0.03279813454634018,-1.141783396970835,,-1.0255210405616166,-0.23554009851846266,0.0
73,0.3140579102067114,-0.5584973843833374,-1.7162595602871344,0.12576015759624476,0.20412972035032528,0.4025411457894811,-0.3086357479592415,0.015444673228827383,0.03279813454634018,-1.141783396970835,0.596092660985773,-1.0255210405616166,-0.23554009851846266,0.0
74,-0.5457431177815164,0.5394105501434547,-1.7162595602871344,0.12576015759624476,0.20412972035032528,0.4025411457894811,0.5695836485823832,0.015444673228827383,0.03279813454634018,-1.141783396970835,,-1.0255210405616166,-0.23554009851846266,0.0
75,-0.11584260378740249,-1.287887575170266,-1.7162595602871344,-1.4825725245512835,-1.194401875621248,0.4025411457894811,1.4478030451240078,-0.7028106353118004,0.03279813454634018,-0.10861304326530741,0.596092660985773,-1.0255210405616166,-0.23554009851846266,0.0
76,0.2194797971280064,0.5394105501434547,-1.7162595602871344,0.12576015759624476,0.20412972035032528,0.4025411457894811,0.5695836485823832,0.015444673228827383,0.03279813454634018,-1.141783396970835,,-1.0255210405616166,-0.23554009851846266,0.0
77,0.5118121466440039,0.5394105501434547,-1.7162595602871344,0.12576015759624476,0.20412972035032528,0.4025411457894811,0.5695836485823832,0.015444673228827383,0.03279813454634018,-0.10861304326530741,,-1.0255210405616166,-0.23554009851846266,0.0
78,0.46882209524459245,1.721199985946511,-1.7162595602871344,-1.4825725245512835,-1.194401875621248,-2.48421809909334,-1.1868551445008662,-1.4210659438524282,2.3010777057039657,-1.141783396970835,0.596092660985773,0.9751140741611305,-0.23554009851846266,0.0
79,0.5719982186031798,-1.3786953435729568,-1.7162595602871344,-1.4825725245512835,-1.194401875621248,0.4025411457894811,1.4478030451240078,-1.4210659438524282,0.03279813454634018,0.9245573104402203,0.596092660985773,-1.0255210405616166,-0.23554009851846266,0.0
80,-1.1905938887726872,-1.446919516760685,-1.7162595602871344,0.12576015759624476,0.20412972035032528,0.4025411457894811,1.4478030451240078,-1.0619382895821143,0.03279813454634018,-1.141783396970835,0.596092660985773,-1.0255210405616166,-0.23554009851846266,0.0
81,-1.1647998579330405,1.721199985946511,-1.7162595602871344,-1.4825725245512835,-1.194401875621248,-2.48421809909334,-1.1868551445008662,-1.4210659438524282,2.3010777057039657,-1.141783396970835,0.596092660985773,0.9751140741611305,-0.23554009851846266,0.0
82,1.259839040993762,-0.11218352657470886,-1.7162595602871344,0.12576015759624476,1.6026613163218986,0.4025411457894811,-0.3086357479592415,1.451955290310083,-1.5874015591376782,0.9245573104402203,0.596092660985773,0.9751140741611305,-0.23554009851846266,0.0
83,1.0018987325972937,-1.3509625471015747,-1.7162595602871344,-1.4825725245512835,0.20412972035032528,0.4025411457894811,1.4478030451240078,-1.0619382895821143,0.03279813454634018,-0.10861304326530741,0.596092660985773,-1.0255210405616166,-0.23554009851846266,0.0
84,-0.18462668602646073,-0.11218352657470886,-1.7162595602871344,0.12576015759624476,1.6026613163218986,0.4025411457894811,-0.3086357479592415,1.451955290310083,-1.5874015591376782,1.957727664145748,0.596092660985773,0.9751140741611305,-0.23554009851846266,0.0
85,1.259839040993762,0.26223022423390774,-1.7162595602871344,0.12576015759624476,0.20412972035032528,0.4025411457894811,-1.1868551445008662,0.37457232749914127,-0.6152817429272672,-1.141783396970835,0.596092660985773,0.9751140741611305,-0.23554009851846266,0.0
86,-1.336760063530686,-0.06923339907451666,-1.7162595602871344,0.12576015759624476,0.20412972035032528,0.4025411457894811,-0.3086357479592415,0.015444673228827383,-0.2912418041904635,-1.141783396970835,0.596092660985773,0.9751140741611305,-0.23554009851846266,0.0
87,1.0878788353961166,-0.6875505137670367,-1.7162595602871344,0.12576015759624476,0.20412972035032528,0.4025411457894811,0.5695836485823832,0.015444673228827383,0.6808780120199476,1.957727664145748,0.596092660985773,-1.0255210405616166,-0.23554009851846266,0.0
88,0.5548021980434152,-0.11218352657470886,-1.7162595602871344,0.12576015759624476,1.6026613163218986,0.4025411457894811,-0.3086357479592415,1.451955290310083,-1.5874015591376782,1.957727664145748,0.596092660985773,0.9751140741611305,-0.23554009851846266,0.0
89,0.12298948656305549,-1.3607461889988168,-1.7162595602871344,0.12576015759624476,0.20412972035032528,0.4025411457894811,1.4478030451240078,-1.0619382895821143,0.03279813454634018,0.9245573104402203,0.596092660985773,0.9751140741611305,-0.23554009851846266,0.0
90,0.5548021980434152,-1.3607461889988168,-1.7162595602871344,0.12576015759624476,0.20412972035032528,0.4025411457894811,1.4478030451240078,-1.0619382895821143,0.03279813454634018,1.957727664145748,0.596092660985773,0.9751140741611305,-0.23554009851846266,0.0
91,-1.1323200142997571,-1.446919516760685,-1.7162595602871344,0.12576015759624476,0.20412972035032528,0.4025411457894811,1.4478030451240078,-1.0619382895821143,0.03279813454634018,0.9245573104402203,0.596092660985773,-1.0255210405616166,-0.23554009851846266,0.0
92,-1.1390058270933936,-0.11218352657470886,-1.7162595602871344,0.12576015759624476,1.6026613163218986,0.4025411457894811,-0.3086357479592415,1.451955290310083,-1.5874015591376782,0.9245573104402203,0.596092660985773,0.9751140741611305,-0.23554009851846266,0.0
93,1.8788957811452862,0.26223022423390774,-1.7162595602871344,0.12576015759624476,0.20412972035032528,0.4025411457894811,-1.1868551445008662,0.37457232749914127,-0.6152817429272672,-0.10861304326530741,0.596092660985773,0.9751140741611305,-0.23554009851846266,0.0
94,1.2407308229477516,-0.11218352657470886,-1.7162595602871344,0.12576015759624476,1.6026613163218986,0.4025411457894811,-0.3086357479592415,1.451955290310083,-1.5874015591376782,-0.10861304326530741,0.596092660985773,0.9751140741611305,-0.23554009851846266,0.0
95,0.5376061774836507,1.2487918616792375,-1.7162595602871344,1.734092839743773,0.20412972035032528,0.4025411457894811,-0.3086357479592415,1.451955290310083,-0.9393216816640708,-1.141783396970835,0.596092660985773,-1.0255210405616166,4.245561610485679,0.0
96,-1.2370231442840516,1.721199985946511,-1.7162595602871344,-1.4825725245512835,-1.194401875621248,-2.48421809909334,-1.1868551445008662,-1.4210659438524282,2.3010777057039657,0.9245573104402203,0.596092660985773,0.9751140741611305,-0.23554009851846266,0.0
97,1.4833873082707014,0.5394105501434547,-1.7162595602871344,0.12576015759624476,0.20412972035032528,0.4025411457894811,0.5695836485823832,0.015444673228827383,0.03279813454634018,-1.141783396970835,,-1.0255210405616166,-0.23554009851846266,0.0
98,-0.1502346449069316,-0.11218352657470886,-1.7162595602871344,0.12576015759624476,1.6026613163218986,0.4025411457894811,-0.3086357479592415,1.451955290310083,-1.5874015591376782,0.9245573104402203,0.596092660985773,0.9751140741611305,-0.23554009851846266,0.0
99,-0.5113510766619873,0.5394105501434547,-1.7162595602871344,0.12576015759624476,0.20412972035032528,0.4025411457894811,0.5695836485823832,0.015444673228827383,0.03279813454634018,-1.141783396970835,,-1.0255210405616166,-0.23554009851846266,0.0
100,1.1394668970754103,-0.23352145232296595,-1.7162595602871344,0.12576015759624476,0.20412972035032528,0.4025411457894811,-0.3086357479592415,0.7336999817694552,-0.2912418041904635,-1.141783396970835,0.596092660985773,-1.0255210405616166,-0.23554009851846266,0.0
101,1.191054958754704,-1.5226355748289113,-1.7162595602871344,0.12576015759624476,0.20412972035032528,0.4025411457894811,1.4478030451240078,-0.7028106353118004,0.03279813454634018,0.9245573104402203,0.596092660985773,-1.0255210405616166,-0.23554009851846266,0.0
102,1.0878788353961166,-0.06923339907451666,-1.7162595602871344,0.12576015759624476,0.20412972035032528,0.4025411457894811,-0.3086357479592415,0.015444673228827383,-0.2912418041904635,-0.10861304326530741,0.596092660985773,0.9751140741611305,-0.23554009851846266,0.0
103,0.34844995132624057,-0.23352145232296595,-1.7162595602871344,0.12576015759624476,0.20412972035032528,0.4025411457894811,-0.3086357479592415,0.7336999817694552,-0.2912418041904635,0.9245573104402203,0.596092660985773,-1.0255210405616166,-0.23554009851846266,0.0
104,1.259839040993762,-0.6875505137670367,-1.7162595602871344,0.12576015759624476,0.20412972035032528,0.4025411457894811,0.5695836485823832,0.015444673228827383,0.6808780120199476,1.957727664145748,0.596092660985773,-1.0255210405616166,-0.23554009851846266,0.0
105,-1.027231693454924,0.26223022423390774,-1.7162595602871344,0.12576015759624476,0.20412972035032528,0.4025411457894811,-1.1868551445008662,0.37457232749914127,-0.6152817429272672,0.9245573104402203,0.596092660985773,0.9751140741611305,-0.23554009851846266,0.0
106,1.4627520835989838,-1.3509625471015747,-1.660671228462377,-1.4825725245512835,0.20412972035032528,0.4025411457894811,1.4478030451240078,-1.0619382895821143,0.03279813454634018,1.957727664145748,0.596092660985773,-1.0255210405616166,-0.23554009851846266,0.0
107,0.6388701033559923,-1.3607461889988168,-1.660671228462377,0.12576015759624476,0.20412972035032528,0.4025411457894811,1.4478030451240078,-1.0619382895821143,0.03279813454634018,-0.10861304326530741,0.596092660985773,0.9751140741611305,-0.23554009851846266,0.0
108,-1.14072542914937,1.1915731360422939,-1.660671228462377,1.734092839743773,0.20412972035032528,0.4025411457894811,-0.3086357479592415,2.5293382531210247,-0.2912418041904635,-1.141783396970835,0.596092660985773,-1.0255210405616166,4.245561610485679,0.0
109,-1.0616237345744532,1.2543676904367356,-1.660671228462377,3.3424255218913017,0.20412972035032528,0.4025411457894811,-0.3086357479592415,1.8110829445803969,-0.6152817429272672,-1.141783396970835,0.596092660985773,-1.0255210405616166,4.245561610485679,0.0
110,0.021725560690713967,0.5394105501434547,-1.660671228462377,0.12576015759624476,0.20412972035032528,0.4025411457894811,0.5695836485823832,0.015444673228827383,0.03279813454634018,-0.10861304326530741,,-1.0255210405616166,-0.23554009851846266,0.0
111,0.8299385269996482,1.721199985946511,-1.660671228462377,-1.4825725245512835,-1.194401875621248,-2.48421809909334,-1.1868551445008662,-1.4210659438524282,2.3010777057039657,0.9245573104402203,0.596092660985773,0.9751140741611305,-0.23554009851846266,0.0
112,-0.2362147477057544,1.721199985946511,-1.660671228462377,-1.4825725245512835,-1.194401875621248,-2.48421809909334,-1.1868551445008662,-1.4210659438524282,2.3010777057039657,-0.10861304326530741,0.596092660985773,0.9751140741611305,-0.23554009851846266,0.0
113,0.5719982186031798,-1.1780933123090649,-1.660671228462377,0.12576015759624476,-1.194401875621248,0.4025411457894811,0.5695836485823832,-0.34368298104148653,0.3568380732831439,0.9245573104402203,0.596092660985773,0.9751140741611305,-0.23554009851846266,0.0
114,-0.2396539518177073,-0.11218352657470886,-1.660671228462377,0.12576015759624476,1.6026613163218986,0.4025411457894811,-0.3086357479592415,1.451955290310083,-1.5874015591376782,1.957727664145748,0.596092660985773,0.9751140741611305,-0.23554009851846266,0.0
115,-0.25341076826551895,0.26223022423390774,-1.660671228462377,0.12576015759624476,0.20412972035032528,0.4025411457894811,-1.1868551445008662,0.37457232749914127,-0.6152817429272672,-0.10861304326530741,0.596092660985773,0.9751140741611305,-0.23554009851846266,0.0
116,1.0018987325972937,-1.287887575170266,-1.660671228462377,-1.4825725245512835,-1.194401875621248,0.4025411457894811,1.4478030451240078,-0.7028106353118004,0.03279813454634018,-0.10861304326530741,0.596092660985773,-1.0255210405616166,-0.23554009851846266,0.0
117,0.176489745728595,-1.132050792705702,-1.660671228462377,0.12576015759624476,-1.194401875621248,0.4025411457894811,0.5695836485823832,0.015444673228827383,0.03279813454634018,0.9245573104402203,0.596092660985773,-1.0255210405616166,-0.23554009851846266,0.0
118,-1.0358297037348063,0.26223022423390774,-1.660671228462377,0.12576015759624476,0.20412972035032528,0.4025411457894811,-1.1868551445008662,0.37457232749914127,-0.6152817429272672,-1.141783396970835,0.596092660985773,0.9751140741611305,-0.23554009851846266,0.0
119,1.225446999874233,-1.5226355748289113,-1.660671228462377,0.12576015759624476,0.20412972035032528,0.4025411457894811,1.4478030451240078,-0.7028106353118004,0.03279813454634018,0.9245573104402203,0.596092660985773,-1.0255210405616166,-0.23554009851846266,0.0
120,1.9476798633843444,0.5394105501434547,-1.660671228462377,0.12576015759624476,0.20412972035032528,0.4025411457894811,0.5695836485823832,0.015444673228827383,0.03279813454634018,-0.10861304326530741,,-1.0255210405616166,-0.23554009851846266,0.0
121,-1.5052810650163788,1.4295632370123177,-1.660671228462377,3.3424255218913017,0.20412972035032528,0.4025411457894811,-0.3086357479592415,2.1702105988507108,-0.9393216816640708,-1.141783396970835,0.596092660985773,-1.0255210405616166,4.245561610485679,0.0
122,-1.2972092162432276,1.721199985946511,-1.660671228462377,-1.4825725245512835,-1.194401875621248,-2.48421809909334,-1.1868551445008662,-1.4210659438524282,2.3010777057039657,-0.10861304326530741,0.596092660985773,0.9751140741611305,-0.23554009851846266,0.0
123,0.021725560690713967,0.26223022423390774,-1.660671228462377,0.12576015759624476,0.20412972035032528,0.4025411457894811,-1.1868551445008662,0.37457232749914127,-0.6152817429272672,-1.141783396970835,0.596092660985773,0.9751140741611305,-0.23554009851846266,0.0
124,0.6579783214020026,-0.06923339907451666,-1.660671228462377,0.12576015759624476,0.20412972035032528,0.4025411457894811,-0.3086357479592415,0.015444673228827383,-0.2912418041904635,0.9245573104402203,0.596092660985773,0.9751140741611305,-0.23554009851846266,0.0
125,-1.2129487155003813,1.721199985946511,-1.660671228462377,-1.4825725245512835,-1.194401875621248,-2.48421809909334,-1.1868551445008662,-1.4210659438524282,2.3010777057039657,0.9245573104402203,0.596092660985773,0.9751140741611305,-0.23554009851846266,0.0
126,-0.5715371486211632,-1.132050792705702,-1.660671228462377,0.12576015759624476,-1.194401875621248,0.4025411457894811,0.5695836485823832,0.015444673228827383,0.03279813454634018,-0.10861304326530741,0.596092660985773,-1.0255210405616166,-0.23554009851846266,0.0
127,-0.047058521548344265,-0.6875505137670367,-1.660671228462377,0.12576015759624476,0.20412972035032528,0.4025411457894811,0.5695836485823832,0.015444673228827383,0.6808780120199476,-1.141783396970835,0.596092660985773,-1.0255210405616166,-0.23554009851846266,0.0
128,0.7439584242008254,-1.3607461889988168,-1.660671228462377,0.12576015759624476,0.20412972035032528,0.4025411457894811,1.4478030451240078,-1.0619382895821143,0.03279813454634018,-0.10861304326530741,0.596092660985773,0.9751140741611305,-0.23554009851846266,0.0
129,0.056117601810243084,1.721199985946511,-1.660671228462377,-1.4825725245512835,-1.194401875621248,-2.48421809909334,-1.1868551445008662,-1.4210659438524282,2.3010777057039657,0.9245573104402203,0.596092660985773,0.9751140741611305,-0.23554009851846266,0.0
130,-1.0444277140146885,-0.11218352657470886,-1.660671228462377,0.12576015759624476,1.6026613163218986,0.4025411457894811,-0.3086357479592415,1.451955290310083,-1.5874015591376782,1.957727664145748,0.596092660985773,0.9751140741611305,-0.23554009851846266,0.0
131,-1.2335839401720987,1.721199985946511,-1.660671228462377,-1.4825725245512835,-1.194401875621248,-2.48421809909334,-1.1868551445008662,-1.4210659438524282,2.3010777057039657,1.957727664145748,0.596092660985773,0.9751140741611305,-0.23554009851846266,0.0
132,1.9132878222648153,0.26223022423390774,-1.660671228462377,0.12576015759624476,0.20412972035032528,0.4025411457894811,-1.1868551445008662,0.37457232749914127,-0.6152817429272672,-0.10861304326530741,0.596092660985773,0.9751140741611305,-0.23554009851846266,0.0
133,0.5891942391629443,1.721199985946511,-1.660671228462377,-1.4825725245512835,-1.194401875621248,-2.48421809909334,-1.1868551445008662,-1.4210659438524282,2.3010777057039657,0.9245573104402203,0.596092660985773,0.9751140741611305,-0.23554009851846266,0.0
134,-0.30499882994481264,0.26223022423390774,-1.660671228462377,0.12576015759624476,0.20412972035032528,0.4025411457894811,-1.1868551445008662,0.37457232749914127,-0.6152817429272672,0.9245573104402203,0.596092660985773,0.9751140741611305,-0.23554009851846266,0.0
135,-0.17946787985853135,-0.11218352657470886,-1.660671228462377,0.12576015759624476,1.6026613163218986,0.4025411457894811,-0.3086357479592415,1.451955290310083,-1.5874015591376782,-0.10861304326530741,0.596092660985773,0.9751140741611305,-0.23554009851846266,0.0
136,-0.5199490869418696,-1.3607461889988168,-1.660671228462377,0.12576015759624476,0.20412972035032528,0.4025411457894811,1.4478030451240078,-1.0619382895821143,0.03279813454634018,-0.10861304326530741,0.596092660985773,0.9751140741611305,-0.23554009851846266,0.0
137,-0.9603598087021116,0.26223022423390774,-1.660671228462377,0.12576015759624476,0.20412972035032528,0.4025411457894811,-1.1868551445008662,0.37457232749914127,-0.6152817429272672,-1.141783396970835,0.596092660985773,0.9751140741611305,-0.23554009851846266,0.0
138,-0.029862500988579704,1.1915731360422939,-1.660671228462377,1.734092839743773,0.20412972035032528,0.4025411457894811,-0.3086357479592415,2.5293382531210247,-0.2912418041904635,-1.141783396970835,0.596092660985773,-1.0255210405616166,4.245561610485679,0.0
139,1.8350459287178866,0.5394105501434547,-1.660671228462377,0.12576015759624476,0.20412972035032528,0.4025411457894811,0.5695836485823832,0.015444673228827383,0.03279813454634018,-0.10861304326530741,,-1.0255210405616166,-0.23554009851846266,0.0
140,-0.6317232205803393,-1.132050792705702,-1.660671228462377,0.12576015759624476,-1.194401875621248,0.4025411457894811,0.5695836485823832,0.015444673228827383,0.03279813454634018,1.957727664145748,0.596092660985773,-1.0255210405616166,-0.23554009851846266,0.0
141,-1.0650629386864061,-1.3607461889988168,-1.660671228462377,0.12576015759624476,0.20412972035032528,0.4025411457894811,1.4478030451240078,-1.0619382895821143,0.03279813454634018,1.957727664145748,0.596092660985773,0.9751140741611305,-0.23554009851846266,0.0
142,-1.2163879196123342,1.721199985946511,-1.660671228462377,-1.4825725245512835,-1.194401875621248,-2.48421809909334,-1.1868551445008662,-1.4210659438524282,2.3010777057039657,-1.141783396970835,0.596092660985773,0.9751140741611305,-0.23554009851846266,0.0
143,-0.20182270658622528,-0.11218352657470886,-1.660671228462377,0.12576015759624476,1.6026613163218986,0.4025411457894811,-0.3086357479592415,1.451955290310083,-1.5874015591376782,1.957727664145748,0.596092660985773,0.9751140741611305,-0.23554009851846266,0.0
144,-1.2679759812916278,-1.132050792705702,-1.6050828966376196,0.12576015759624476,-1.194401875621248,0.4025411457894811,0.5695836485823832,0.015444673228827383,0.03279813454634018,-0.10861304326530741,0.596092660985773,-1.0255210405616166,-0.23554009851846266,0.0
145,0.4997749322521687,1.721199985946511,-1.6050828966376196,-1.4825725245512835,-1.194401875621248,-2.48421809909334,-1.1868551445008662,-1.4210659438524282,2.3010777057039657,-0.10861304326530741,0.596092660985773,0.9751140741611305,-0.23554009851846266,0.0
146,1.259839040993762,-0.11218352657470886,-1.6050828966376196,0.12576015759624476,1.6026613163218986,0.4025411457894811,-0.3086357479592415,1.451955290310083,-1.5874015591376782,1.957727664145748,0.596092660985773,0.9751140741611305,-0.23554009851846266,0.0
147,-1.2370231442840516,-1.132050792705702,-1.6050828966376196,0.12576015759624476,-1.194401875621248,0.4025411457894811,0.5695836485823832,0.015444673228827383,0.03279813454634018,1.957727664145748,0.596092660985773,-1.0255210405616166,-0.23554009851846266,0.0
148,-1.2851720018513924,1.721199985946511,-1.6050828966376196,-1.4825725245512835,-1.194401875621248,-2.48421809909334,-1.1868551445008662,-1.4210659438524282,2.3010777057039657,-0.10861304326530741,0.596092660985773,0.9751140741611305,-0.23554009851846266,0.0
149,0.021725560690713967,0.5394105501434547,-1.6050828966376196,0.12576015759624476,0.20412972035032528,0.4025411457894811,0.5695836485823832,0.015444673228827383,0.03279813454634018,-1.141783396970835,,-1.0255210405616166,-0.23554009851846266,0.0
150,0.2624698485274178,-1.132050792705702,-1.6050828966376196,0.12576015759624476,-1.194401875621248,0.4025411457894811,0.5695836485823832,0.015444673228827383,0.03279813454634018,0.9245573104402203,0.596092660985773,-1.0255210405616166,-0.23554009851846266,0.0
151,-0.1521468423931774,-0.11218352657470886,-1.6050828966376196,0.12576015759624476,1.6026613163218986,0.4025411457894811,-0.3086357479592415,1.451955290310083,-1.5874015591376782,0.9245573104402203,0.596092660985773,0.9751140741611305,-0.23554009851846266,0.0
152,-0.37378291218387083,-0.11218352657470886,-1.6050828966376196,0.12576015759624476,1.6026613163218986,0.4025411457894811,-0.3086357479592415,1.451955290310083,-1.5874015591376782,-1.141783396970835,0.596092660985773,0.9751140741611305,-0.23554009851846266,0.0
153,2.807480891372572,-1.2848452677293336,-1.6050828966376196,-1.4825725245512835,-1.194401875621248,0.4025411457894811,1.4478030451240078,-0.34368298104148653,0.03279813454634018,0.9245573104402203,0.596092660985773,-1.0255210405616166,-0.23554009851846266,0.0
154,0.021725560690713967,-0.6875505137670367,-1.6050828966376196,0.12576015759624476,0.20412972035032528,0.4025411457894811,0.5695836485823832,0.015444673228827383,0.6808780120199476,-1.141783396970835,0.596092660985773,-1.0255210405616166,-0.23554009851846266,0.0
155,-1.0788197551342178,-1.3607461889988168,-1.6050828966376196,0.12576015759624476,0.20412972035032528,0.4025411457894811,1.4478030451240078,-1.0619382895821143,0.03279813454634018,1.957727664145748,0.596092660985773,0.9751140741611305,-0.23554009851846266,0.0
156,1.0878788353961166,-0.23352145232296595,-1.6050828966376196,0.12576015759624476,0.20412972035032528,0.4025411457894811,-0.3086357479592415,0.7336999817694552,-0.2912418041904635,-1.141783396970835,0.596092660985773,-1.0255210405616166,-0.23554009851846266,0.0
157,0.6373430967302851,1.721199985946511,-1.6050828966376196,-1.4825725245512835,-1.194401875621248,-2.48421809909334,-1.1868551445008662,-1.4210659438524282,2.3010777057039657,0.9245573104402203,0.596092660985773,0.9751140741611305,-0.23554009851846266,0.0
158,-0.4081749533034,0.26223022423390774,-1.6050828966376196,0.12576015759624476,0.20412972035032528,0.4025411457894811,-1.1868551445008662,0.37457232749914127,-0.6152817429272672,-1.141783396970835,0.596092660985773,0.9751140741611305,-0.23554009851846266,0.0
159,0.6579783214020026,1.721199985946511,-1.6050828966376196,-1.4825725245512835,-1.194401875621248,-2.48421809909334,-1.1868551445008662,-1.4210659438524282,2.3010777057039657,-0.10861304326530741,0.596092660985773,0.9751140741611305,-0.23554009851846266,0.0
160,-0.09864658322763793,-0.6875505137670367,-1.6050828966376196,0.12576015759624476,0.20412972035032528,0.4025411457894811,0.5695836485823832,0.015444673228827383,0.6808780120199476,0.9245573104402203,0.596092660985773,-1.0255210405616166,-0.23554009851846266,0.0
161,0.14209770460906587,0.26223022423390774,-1.6050828966376196,0.12576015759624476,0.20412972035032528,0.4025411457894811,-1.1868551445008662,0.37457232749914127,-0.6152817429272672,0.9245573104402203,0.596092660985773,0.9751140741611305,-0.23554009851846266,0.0
162,1.689739554987876,-0.11218352657470886,-1.6050828966376196,0.12576015759624476,1.6026613163218986,0.4025411457894811,-0.3086357479592415,1.451955290310083,-1.5874015591376782,-1.141783396970835,0.596092660985773,0.9751140741611305,-0.23554009851846266,0.0
163,0.14209770460906587,0.5394105501434547,-1.6050828966376196,0.12576015759624476,0.20412972035032528,0.4025411457894811,0.5695836485823832,0.015444673228827383,0.03279813454634018,0.9245573104402203,,-1.0255210405616166,-0.23554009851846266,0.0
164,-0.9240555700963367,0.26223022423390774,-1.6050828966376196,0.12576015759624476,0.20412972035032528,0.4025411457894811,-1.1868551445008662,0.37457232749914127,-0.6152817429272672,-1.141783396970835,0.596092660985773,0.9751140741611305,-0.23554009851846266,0.0
165,-0.16743066546669616,-0.6875505137670367,-1.6050828966376196,0.12576015759624476,0.20412972035032528,0.4025411457894811,0.5695836485823832,0.015444673228827383,0.6808780120199476,0.9245573104402203,0.596092660985773,-1.0255210405616166,-0.23554009851846266,0.0
166,-1.0702217448543354,0.26223022423390774,-1.6050828966376196,0.12576015759624476,0.20412972035032528,0.4025411457894811,-1.1868551445008662,0.37457232749914127,-0.6152817429272672,-1.141783396970835,0.596092660985773,0.9751140741611305,-0.23554009851846266,0.0
167,1.8187097091861102,0.26223022423390774,-1.6050828966376196,0.12576015759624476,0.20412972035032528,0.4025411457894811,-1.1868551445008662,0.37457232749914127,-0.6152817429272672,-0.10861304326530741,0.596092660985773,0.9751140741611305,-0.23554009851846266,0.0
168,1.500583328830466,0.26223022423390774,-1.6050828966376196,0.12576015759624476,0.20412972035032528,0.4025411457894811,-1.1868551445008662,0.37457232749914127,-0.6152817429272672,-0.10861304326530741,0.596092660985773,0.9751140741611305,-0.23554009851846266,0.0
169,-0.2706067888252835,-0.11218352657470886,-1.6050828966376196,0.12576015759624476,1.6026613163218986,0.4025411457894811,-0.3086357479592415,1.451955290310083,-1.5874015591376782,-1.141783396970835,0.596092660985773,0.9751140741611305,-0.23554009851846266,0.0
170,0.43443005412506336,-0.06923339907451666,-1.6050828966376196,0.12576015759624476,0.20412972035032528,0.4025411457894811,-0.3086357479592415,0.015444673228827383,-0.2912418041904635,0.9245573104402203,0.596092660985773,0.9751140741611305,-0.23554009851846266,0.0
171,0.9159186297984709,0.5394105501434547,-1.6050828966376196,0.12576015759624476,0.20412972035032528,0.4025411457894811,0.5695836485823832,0.015444673228827383,0.03279813454634018,-0.10861304326530741,,-1.0255210405616166,-0.23554009851846266,0.0
172,2.8418729324921013,0.26223022423390774,-1.6050828966376196,0.12576015759624476,0.20412972035032528,0.4025411457894811,-1.1868551445008662,0.37457232749914127,-0.6152817429272672,-1.141783396970835,0.596092660985773,0.9751140741611305,-0.23554009851846266,0.0
173,-1.089329962900346,-1.132050792705702,-1.6050828966376196,0.12576015759624476,-1.194401875621248,0.4025411457894811,0.5695836485823832,0.015444673228827383,0.03279813454634018,1.957727664145748,0.596092660985773,-1.0255210405616166,-0.23554009851846266,0.0
174,-0.20182270658622528,1.721199985946511,-1.6050828966376196,-1.4825725245512835,-1.194401875621248,-2.48421809909334,-1.1868551445008662,-1.4210659438524282,2.3010777057039657,1.957727664145748,0.596092660985773,0.9751140741611305,-0.23554009851846266,0.0
175,-1.121809806533629,0.26223022423390774,-1.6050828966376196,0.12576015759624476,0.20412972035032528,0.4025411457894811,-1.1868551445008662,0.37457232749914127,-0.6152817429272672,-1.141783396970835,0.596092660985773,0.9751140741611305,-0.23554009851846266,0.0
176,-0.22245793125794275,-0.11218352657470886,-1.6050828966376196,0.12576015759624476,1.6026613163218986,0.4025411457894811,-0.3086357479592415,1.451955290310083,-1.5874015591376782,0.9245573104402203,0.596092660985773,0.9751140741611305,-0.23554009851846266,0.0
177,-0.2396539518177073,-1.1780933123090649,-1.6050828966376196,0.12576015759624476,-1.194401875621248,0.4025411457894811,0.5695836485823832,-0.34368298104148653,0.3568380732831439,-0.10861304326530741,0.596092660985773,0.9751140741611305,-0.23554009851846266,0.0
178,-1.1991918990525696,-0.11218352657470886,-1.6050828966376196,0.12576015759624476,1.6026613163218986,0.4025411457894811,-0.3086357479592415,1.451955290310083,-1.5874015591376782,-0.10861304326530741,0.596092660985773,0.9751140741611305,-0.23554009851846266,0.0
179,-0.4597630149826936,0.10176877995788004,-1.6050828966376196,0.12576015759624476,0.20412972035032528,0.4025411457894811,-0.3086357479592415,-0.7028106353118004,0.6808780120199476,-1.141783396970835,0.596092660985773,-1.0255210405616166,-0.23554009851846266,0.0
180,1.0534867942765873,0.4634122513595858,-1.5494945648128622,0.12576015759624476,0.20412972035032528,0.4025411457894811,-0.3086357479592415,0.37457232749914127,-0.2912418041904635,-0.10861304326530741,0.596092660985773,0.9751140741611305,-0.23554009851846266,0.0
181,1.0018987325972937,-0.11218352657470886,-1.5494945648128622,0.12576015759624476,1.6026613163218986,0.4025411457894811,-0.3086357479592415,1.451955290310083,-1.5874015591376782,0.9245573104402203,0.596092660985773,0.9751140741611305,-0.23554009851846266,0.0
182,-0.193224696306343,-1.3509625471015747,-1.5494945648128622,-1.4825725245512835,0.20412972035032528,0.4025411457894811,1.4478030451240078,-1.0619382895821143,0.03279813454634018,-1.141783396970835,0.596092660985773,-1.0255210405616166,-0.23554009851846266,0.0
183,-1.2077899093324518,-0.11218352657470886,-1.5494945648128622,0.12576015759624476,1.6026613163218986,0.4025411457894811,-0.3086357479592415,1.451955290310083,-1.5874015591376782,0.9245573104402203,0.596092660985773,0.9751140741611305,-0.23554009851846266,0.0
184,0.12490168404930131,0.5394105501434547,-1.5494945648128622,0.12576015759624476,0.20412972035032528,0.4025411457894811,0.5695836485823832,0.015444673228827383,0.03279813454634018,-0.10861304326530741,,-1.0255210405616166,-0.23554009851846266,0.0
185,1.4489952671511723,0.5394105501434547,-1.5494945648128622,0.12576015759624476,0.20412972035032528,0.4025411457894811,0.5695836485823832,0.015444673228827383,0.03279813454634018,-1.141783396970835,,-1.0255210405616166,-0.23554009851846266,0.0
186,-0.8982615392566898,-1.132050792705702,-1.5494945648128622,0.12576015759624476,-1.194401875621248,0.4025411457894811,0.5695836485823832,0.015444673228827383,0.03279813454634018,0.9245573104402203,0.596092660985773,-1.0255210405616166,-0.23554009851846266,0.0
187,-1.5259162896880962,-0.06923339907451666,-1.5494945648128622,0.12576015759624476,0.20412972035032528,0.4025411457894811,-0.3086357479592415,0.015444673228827383,-0.2912418041904635,-1.141783396970835,0.596092660985773,0.9751140741611305,-0.23554009851846266,0.0
188,-1.181995878492805,-0.11218352657470886,-1.5494945648128622,0.12576015759624476,1.6026613163218986,0.4025411457894811,-0.3086357479592415,1.451955290310083,-1.5874015591376782,0.9245573104402203,0.596092660985773,0.9751140741611305,-0.23554009851846266,0.0
189,-0.4081749533034,0.5394105501434547,-1.5494945648128622,0.12576015759624476,0.20412972035032528,0.4025411457894811,0.5695836485823832,0.015444673228827383,0.03279813454634018,-0.10861304326530741,,-1.0255210405616166,-0.23554009851846266,0.0
190,-0.28780280938504804,-0.11218352657470886,-1.5494945648128622,0.12576015759624476,1.6026613163218986,0.4025411457894811,-0.3086357479592415,1.451955290310083,-1.5874015591376782,-0.10861304326530741,0.596092660985773,0.9751140741611305,-0.23554009851846266,0.0
191,-0.18462668602646073,-0.11218352657470886,-1.5494945648128622,0.12576015759624476,1.6026613163218986,0.4025411457894811,-0.3086357479592415,1.451955290310083,-1.5874015591376782,1.957727664145748,0.596092660985773,0.9751140741611305,-0.23554009851846266,0.0
192,0.4000380130055342,1.2983708579202684,-1.5494945648128622,1.734092839743773,0.20412972035032528,0.4025411457894811,-0.3086357479592415,2.5293382531210247,-0.2912418041904635,-1.141783396970835,0.596092660985773,-1.0255210405616166,4.245561610485679,0.0
193,-1.1132117962537469,1.1915731360422939,-1.5494945648128622,1.734092839743773,0.20412972035032528,0.4025411457894811,-0.3086357479592415,2.5293382531210247,-0.2912418041904635,-1.141783396970835,0.596092660985773,-1.0255210405616166,4.245561610485679,0.0
194,-0.193224696306343,-0.11218352657470886,-1.5494945648128622,0.12576015759624476,1.6026613163218986,0.4025411457894811,-0.3086357479592415,1.451955290310083,-1.5874015591376782,0.9245573104402203,0.596092660985773,0.9751140741611305,-0.23554009851846266,0.0
195,3.28896946704598,0.26223022423390774,-1.5494945648128622,0.12576015759624476,0.20412972035032528,0.4025411457894811,-1.1868551445008662,0.37457232749914127,-0.6152817429272672,0.9245573104402203,0.596092660985773,0.9751140741611305,-0.23554009851846266,0.0
196,-1.2507799607318633,1.1915731360422939,-1.5494945648128622,1.734092839743773,0.20412972035032528,0.4025411457894811,-0.3086357479592415,2.5293382531210247,-0.2912418041904635,-1.141783396970835,0.596092660985773,-1.0255210405616166,4.245561610485679,0.0
197,3.715430776928141,0.26223022423390774,-1.5494945648128622,0.12576015759624476,0.20412972035032528,0.4025411457894811,-1.1868551445008662,0.37457232749914127,-0.6152817429272672,-1.141783396970835,0.596092660985773,0.9751140741611305,-0.23554009851846266,0.0
198,-0.029862500988579704,0.5394105501434547,-1.5494945648128622,0.12576015759624476,0.20412972035032528,0.4025411457894811,0.5695836485823832,0.015444673228827383,0.03279813454634018,-1.141783396970835,,-1.0255210405616166,-0.23554009851846266,0.0
199,-0.5887331691809278,-1.132050792705702,-1.5494945648128622,0.12576015759624476,-1.194401875621248,0.4025411457894811,0.5695836485823832,0.015444673228827383,0.03279813454634018,-0.10861304326530741,0.596092660985773,-1.0255210405616166,-0.23554009851846266,0.0
200,0.8127425064398835,-0.06923339907451666,-1.5494945648128622,0.12576015759624476,0.20412972035032528,0.4025411457894811,-0.3086357479592415,0.015444673228827383,-0.2912418041904635,-1.141783396970835,0.596092660985773,0.9751140741611305,-0.23554009851846266,0.0
201,2.0351869728088743,-1.1780933123090649,-1.5494945648128622,0.12576015759624476,-1.194401875621248,0.4025411457894811,0.5695836485823832,-0.34368298104148653,0.3568380732831439,-0.10861304326530741,0.596092660985773,0.9751140741611305,-0.23554009851846266,0.0
202,-1.0444277140146885,-0.11218352657470886,-1.5494945648128622,0.12576015759624476,1.6026613163218986,0.4025411457894811,-0.3086357479592415,1.451955290310083,-1.5874015591376782,1.957727664145748,0.596092660985773,0.9751140741611305,-0.23554009851846266,0.0
203,-1.2165805150426034,1.721199985946511,-1.5494945648128622,-1.4825725245512835,-1.194401875621248,-2.48421809909334,-1.1868551445008662,-1.4210659438524282,2.3010777057039657,-0.10861304326530741,0.596092660985773,0.9751140741611305,-0.23554009851846266,0.0
204,-0.2706067888252835,-0.11218352657470886,-1.5494945648128622,0.12576015759624476,1.6026613163218986,0.4025411457894811,-0.3086357479592415,1.451955290310083,-1.5874015591376782,0.9245573104402203,0.596092660985773,0.9751140741611305,-0.23554009851846266,0.0
205,-1.2163879196123342,1.721199985946511,-1.5494945648128622,-1.4825725245512835,-1.194401875621248,-2.48421809909334,-1.1868551445008662,-1.4210659438524282,2.3010777057039657,-0.10861304326530741,0.596092660985773,0.9751140741611305,-0.23554009851846266,0.0
206,-0.8810655186969253,-1.132050792705702,-1.5494945648128622,0.12576015759624476,-1.194401875621248,0.4025411457894811,0.5695836485823832,0.015444673228827383,0.03279813454634018,-0.10861304326530741,0.596092660985773,-1.0255210405616166,-0.23554009851846266,0.0
207,-0.6735680170104703,-1.132050792705702,-1.5494945648128622,0.12576015759624476,-1.194401875621248,0.4025411457894811,0.5695836485823832,0.015444673228827383,0.03279813454634018,-1.141783396970835,0.596092660985773,-1.0255210405616166,-0.23554009851846266,0.0
208,0.4739809014125218,-1.132050792705702,-1.5494945648128622,0.12576015759624476,-1.194401875621248,0.4025411457894811,0.5695836485823832,0.015444673228827383,0.03279813454634018,-0.10861304326530741,0.596092660985773,-1.0255210405616166,-0.23554009851846266,0.0
209,-1.1716782661569463,1.721199985946511,-1.5494945648128622,-1.4825725245512835,-1.194401875621248,-2.48421809909334,-1.1868551445008662,-1.4210659438524282,2.3010777057039657,0.9245573104402203,0.596092660985773,0.9751140741611305,-0.23554009851846266,0.0
210,-0.44256699442292907,0.5394105501434547,-1.5494945648128622,0.12576015759624476,0.20412972035032528,0.4025411457894811,0.5695836485823832,0.015444673228827383,0.03279813454634018,0.9245573104402203,,-1.0255210405616166,-0.23554009851846266,0.0
211,-1.0564649284065237,-1.1780933123090649,-1.5494945648128622,0.12576015759624476,-1.194401875621248,0.4025411457894811,0.5695836485823832,-0.34368298104148653,0.3568380732831439,-1.141783396970835,0.596092660985773,0.9751140741611305,-0.23554009851846266,0.0
212,-0.16743066546669616,-0.11218352657470886,-1.5494945648128622,0.12576015759624476,1.6026613163218986,0.4025411457894811,-0.3086357479592415,1.451955290310083,-1.5874015591376782,0.9245573104402203,0.596092660985773,0.9751140741611305,-0.23554009851846266,0.0
213,-0.25341076826551895,0.26223022423390774,-1.5494945648128622,0.12576015759624476,0.20412972035032528,0.4025411457894811,-1.1868551445008662,0.37457232749914127,-0.6152817429272672,-1.141783396970835,0.596092660985773,0.9751140741611305,-0.23554009851846266,0.0
214,-1.0960157756939823,0.26223022423390774,-1.5494945648128622,0.12576015759624476,0.20412972035032528,0.4025411457894811,-1.1868551445008662,0.37457232749914127,-0.6152817429272672,-1.141783396970835,0.596092660985773,0.9751140741611305,-0.23554009851846266,0.0
215,-1.1562018476531581,-1.3664521180311011,-1.5494945648128622,-1.4825725245512835,-1.194401875621248,0.4025411457894811,1.4478030451240078,-1.4210659438524282,0.03279813454634018,-0.10861304326530741,0.596092660985773,-1.0255210405616166,-0.23554009851846266,0.0
216,-0.28780280938504804,0.26223022423390774,-1.4939062329881048,0.12576015759624476,0.20412972035032528,0.4025411457894811,-1.1868551445008662,0.37457232749914127,-0.6152817429272672,-1.141783396970835,0.596092660985773,0.9751140741611305,-0.23554009851846266,0.0
217,-1.242181950451981,-0.11218352657470886,-1.4939062329881048,0.12576015759624476,1.6026613163218986,0.4025411457894811,-0.3086357479592415,1.451955290310083,-1.5874015591376782,-1.141783396970835,0.596092660985773,0.9751140741611305,-0.23554009851846266,0.0
218,1.7757196577866987,-1.5313323165745925,-1.4939062329881048,-1.4825725245512835,0.20412972035032528,0.4025411457894811,1.4478030451240078,-1.4210659438524282,0.03279813454634018,1.957727664145748,0.596092660985773,0.9751140741611305,-0.23554009851846266,0.0
219,-0.25341076826551895,0.26223022423390774,-1.4939062329881048,0.12576015759624476,0.20412972035032528,0.4025411457894811,-1.1868551445008662,0.37457232749914127,-0.6152817429272672,0.9245573104402203,0.596092660985773,0.9751140741611305,-0.23554009851846266,0.0
220,-1.1682390620449934,-0.11218352657470886,-1.4939062329881048,0.12576015759624476,1.6026613163218986,0.4025411457894811,-0.3086357479592415,1.451955290310083,-1.5874015591376782,1.957727664145748,0.596092660985773,0.9751140741611305,-0.23554009851846266,0.0
221,0.7439584242008254,-0.23352145232296595,-1.4939062329881048,0.12576015759624476,0.20412972035032528,0.4025411457894811,-0.3086357479592415,0.7336999817694552,-0.2912418041904635,-0.10861304326530741,0.596092660985773,-1.0255210405616166,-0.23554009851846266,0.0
222,0.8815265886789418,-1.132050792705702,-1.4939062329881048,0.12576015759624476,-1.194401875621248,0.4025411457894811,0.5695836485823832,0.015444673228827383,0.03279813454634018,0.9245573104402203,0.596092660985773,-1.0255210405616166,-0.23554009851846266,0.0
223,-1.1132117962537469,-1.3607461889988168,-1.4939062329881048,0.12576015759624476,0.20412972035032528,0.4025411457894811,1.4478030451240078,-1.0619382895821143,0.03279813454634018,-0.10861304326530741,0.596092660985773,0.9751140741611305,-0.23554009851846266,0.0
224,-0.49415505610222277,-0.11218352657470886,-1.4939062329881048,0.12576015759624476,1.6026613163218986,0.4025411457894811,-0.3086357479592415,1.451955290310083,-1.5874015591376782,1.957727664145748,0.596092660985773,0.9751140741611305,-0.23554009851846266,0.0
225,1.191054958754704,-0.2045515786170193,-1.4939062329881048,0.12576015759624476,0.20412972035032528,0.4025411457894811,-0.3086357479592415,0.7336999817694552,-0.6152817429272672,-1.141783396970835,0.596092660985773,0.9751140741611305,-0.23554009851846266,0.0
226,-0.5801351589010455,1.2543676904367356,-1.4939062329881048,3.3424255218913017,0.20412972035032528,0.4025411457894811,-0.3086357479592415,1.8110829445803969,-0.6152817429272672,-1.141783396970835,0.596092660985773,-1.0255210405616166,4.245561610485679,0.0
227,1.7050182192552268,0.26223022423390774,-1.4939062329881048,0.12576015759624476,0.20412972035032528,0.4025411457894811,-1.1868551445008662,0.37457232749914127,-0.6152817429272672,0.9245573104402203,0.596092660985773,0.9751140741611305,-0.23554009851846266,0.0
228,1.3974072054718785,0.5394105501434547,-1.4939062329881048,0.12576015759624476,0.20412972035032528,0.4025411457894811,0.5695836485823832,0.015444673228827383,0.03279813454634018,-1.141783396970835,,-1.0255210405616166,-0.23554009851846266,0.0
229,2.205620171780813,0.26223022423390774,-1.4939062329881048,0.12576015759624476,0.20412972035032528,0.4025411457894811,-1.1868551445008662,0.37457232749914127,-0.6152817429272672,-0.10861304326530741,0.596092660985773,0.9751140741611305,-0.23554009851846266,0.0
230,1.4971441247185129,-0.12459671560777764,-1.4939062329881048,0.12576015759624476,0.20412972035032528,0.4025411457894811,-1.1868551445008662,0.37457232749914127,0.03279813454634018,0.9245573104402203,0.596092660985773,0.9751140741611305,-0.23554009851846266,0.0
231,1.2082509793144685,-0.23352145232296595,-1.4939062329881048,0.12576015759624476,0.20412972035032528,0.4025411457894811,-0.3086357479592415,0.7336999817694552,-0.2912418041904635,0.9245573104402203,0.596092660985773,-1.0255210405616166,-0.23554009851846266,0.0
232,-0.3084380340567655,0.26223022423390774,-1.4939062329881048,0.12576015759624476,0.20412972035032528,0.4025411457894811,-1.1868551445008662,0.37457232749914127,-0.6152817429272672,-1.141783396970835,0.596092660985773,0.9751140741611305,-0.23554009851846266,0.0
233,-1.037741901221052,0.26223022423390774,-1.4939062329881048,0.12576015759624476,0.20412972035032528,0.4025411457894811,-1.1868551445008662,0.37457232749914127,-0.6152817429272672,-0.10861304326530741,0.596092660985773,0.9751140741611305,-0.23554009851846266,0.0
234,-1.0444277140146885,-0.11218352657470886,-1.4939062329881048,0.12576015759624476,1.6026613163218986,0.4025411457894811,-0.3086357479592415,1.451955290310083,-1.5874015591376782,0.9245573104402203,0.596092660985773,0.9751140741611305,-0.23554009851846266,0.0
235,0.047519591530360804,-1.5226355748289113,-1.4939062329881048,0.12576015759624476,0.20412972035032528,0.4025411457894811,1.4478030451240078,-0.7028106353118004,0.03279813454634018,-0.10861304326530741,0.596092660985773,-1.0255210405616166,-0.23554009851846266,0.0
236,-1.1991918990525696,-1.132050792705702,-1.4939062329881048,0.12576015759624476,-1.194401875621248,0.4025411457894811,0.5695836485823832,0.015444673228827383,0.03279813454634018,0.9245573104402203,0.596092660985773,-1.0255210405616166,-0.23554009851846266,0.0
237,1.8616997605855217,-0.06923339907451666,-1.4939062329881048,0.12576015759624476,0.20412972035032528,0.4025411457894811,-0.3086357479592415,0.015444673228827383,-0.2912418041904635,-1.141783396970835,0.596092660985773,0.9751140741611305,-0.23554009851846266,0.0
238,-0.623125210300457,-1.132050792705702,-1.4939062329881048,0.12576015759624476,-1.194401875621248,0.4025411457894811,0.5695836485823832,0.015444673228827383,0.03279813454634018,-1.141783396970835,0.596092660985773,-1.0255210405616166,-0.23554009851846266,0.0
239,0.10770566348953675,1.721199985946511,-1.4939062329881048,-1.4825725245512835,-1.194401875621248,-2.48421809909334,-1.1868551445008662,-1.4210659438524282,2.3010777057039657,1.957727664145748,0.596092660985773,0.9751140741611305,-0.23554009851846266,0.0
240,-1.1151239937399926,0.26223022423390774,-1.4939062329881048,0.12576015759624476,0.20412972035032528,0.4025411457894811,-1.1868551445008662,0.37457232749914127,-0.6152817429272672,-1.141783396970835,0.596092660985773,0.9751140741611305,-0.23554009851846266,0.0
241,1.689739554987876,0.26223022423390774,-1.4383179011633473,0.12576015759624476,0.20412972035032528,0.4025411457894811,-1.1868551445008662,0.37457232749914127,-0.6152817429272672,-0.10861304326530741,0.596092660985773,0.9751140741611305,-0.23554009851846266,0.0
242,0.7439584242008254,1.4142387366208409,-1.4383179011633473,3.3424255218913017,0.20412972035032528,0.4025411457894811,-0.3086357479592415,2.5293382531210247,-0.6152817429272672,-1.141783396970835,0.596092660985773,-1.0255210405616166,4.245561610485679,0.0
243,3.6672819193608,0.5394105501434547,-1.4383179011633473,0.12576015759624476,0.20412972035032528,0.4025411457894811,0.5695836485823832,0.015444673228827383,0.03279813454634018,0.9245573104402203,,-1.0255210405616166,-0.23554009851846266,0.0
244,1.5932492444229251,0.5394105501434547,-1.4383179011633473,0.12576015759624476,0.20412972035032528,0.4025411457894811,0.5695836485823832,0.015444673228827383,0.03279813454634018,-0.10861304326530741,,-1.0255210405616166,-0.23554009851846266,0.0
245,-0.21901872714598983,-0.11218352657470886,-1.4383179011633473,0.12576015759624476,1.6026613163218986,0.4025411457894811,-0.3086357479592415,1.451955290310083,-1.5874015591376782,0.9245573104402203,0.596092660985773,0.9751140741611305,-0.23554009851846266,0.0
246,0.13865850049711295,0.26223022423390774,-1.4383179011633473,0.12576015759624476,0.20412972035032528,0.4025411457894811,-1.1868551445008662,0.37457232749914127,-0.6152817429272672,-1.141783396970835,0.596092660985773,0.9751140741611305,-0.23554009851846266,0.0
247,-0.014578677915060966,1.1915731360422939,-1.4383179011633473,1.734092839743773,0.20412972035032528,0.4025411457894811,-0.3086357479592415,2.5293382531210247,-0.2912418041904635,-1.141783396970835,0.596092660985773,-1.0255210405616166,4.245561610485679,0.0
248,-0.09004857294775566,-1.1780933123090649,-1.4383179011633473,0.12576015759624476,-1.194401875621248,0.4025411457894811,0.5695836485823832,-0.34368298104148653,0.3568380732831439,-1.141783396970835,0.596092660985773,0.9751140741611305,-0.23554009851846266,0.0
249,3.237381405366686,0.5394105501434547,-1.4383179011633473,0.12576015759624476,0.20412972035032528,0.4025411457894811,0.5695836485823832,0.015444673228827383,0.03279813454634018,-0.10861304326530741,,-1.0255210405616166,-0.23554009851846266,0.0
250,0.5032141363641216,-1.3654186397095023,-1.4383179011633473,-1.4825725245512835,-1.194401875621248,0.4025411457894811,1.4478030451240078,-1.4210659438524282,0.03279813454634018,1.957727664145748,0.596092660985773,-1.0255210405616166,-0.23554009851846266,0.0
251,0.8815265886789418,-0.11218352657470886,-1.4383179011633473,0.12576015759624476,1.6026613163218986,0.4025411457894811,-0.3086357479592415,1.451955290310083,-1.5874015591376782,-0.10861304326530741,0.596092660985773,0.9751140741611305,-0.23554009851846266,0.0
252,0.056117601810243084,1.3184889911870974,-1.4383179011633473,3.3424255218913017,0.20412972035032528,0.4025411457894811,-0.3086357479592415,1.451955290310083,-0.9393216816640708,-1.141783396970835,0.596092660985773,-1.0255210405616166,4.245561610485679,0.0
253,1.3458191437925848,-1.5226355748289113,-1.4383179011633473,0.12576015759624476,0.20412972035032528,0.4025411457894811,1.4478030451240078,-0.7028106353118004,0.03279813454634018,-1.141783396970835,0.596092660985773,-1.0255210405616166,-0.23554009851846266,0.0
254,-0.08145056266787337,1.1915731360422939,-1.4383179011633473,1.734092839743773,0.20412972035032528,0.4025411457894811,-0.3086357479592415,2.5293382531210247,-0.2912418041904635,-1.141783396970835,0.596092660985773,-1.0255210405616166,4.245561610485679,0.0
255,0.4669098977583466,1.721199985946511,-1.4383179011633473,-1.4825725245512835,-1.194401875621248,-2.48421809909334,-1.1868551445008662,-1.4210659438524282,2.3010777057039657,-1.141783396970835,0.596092660985773,0.9751140741611305,-0.23554009851846266,0.0
256,-0.46320221909464654,0.5394105501434547,-1.4383179011633473,0.12576015759624476,0.20412972035032528,0.4025411457894811,0.5695836485823832,0.015444673228827383,0.03279813454634018,0.9245573104402203,,-1.0255210405616166,-0.23554009851846266,0.0
257,-0.9412515906561012,-1.132050792705702,-1.4383179011633473,0.12576015759624476,-1.194401875621248,0.4025411457894811,0.5695836485823832,0.015444673228827383,0.03279813454634018,-1.141783396970835,0.596092660985773,-1.0255210405616166,-0.23554009851846266,0.0
258,-1.1733978682129227,-1.446919516760685,-1.4383179011633473,0.12576015759624476,0.20412972035032528,0.4025411457894811,1.4478030451240078,-1.0619382895821143,0.03279813454634018,-1.141783396970835,0.596092660985773,-1.0255210405616166,-0.23554009851846266,0.0
259,1.0878788353961166,-1.1780933123090649,-1.4383179011633473,0.12576015759624476,-1.194401875621248,0.4025411457894811,0.5695836485823832,-0.34368298104148653,0.3568380732831439,-0.10861304326530741,0.596092660985773,0.9751140741611305,-0.23554009851846266,0.0
260,-0.004068470148932869,-1.1780933123090649,-1.4383179011633473,0.12576015759624476,-1.194401875621248,0.4025411457894811,0.5695836485823832,-0.34368298104148653,0.3568380732831439,-1.141783396970835,0.596092660985773,0.9751140741611305,-0.23554009851846266,0.0
261,-0.05565653182822654,0.26223022423390774,-1.4383179011633473,0.12576015759624476,0.20412972035032528,0.4025411457894811,-1.1868551445008662,0.37457232749914127,-0.6152817429272672,0.9245573104402203,0.596092660985773,0.9751140741611305,-0.23554009851846266,0.0
262,-0.014578677915060966,1.1915731360422939,-1.4383179011633473,1.734092839743773,0.20412972035032528,0.4025411457894811,-0.3086357479592415,2.5293382531210247,-0.2912418041904635,-1.141783396970835,0.596092660985773,-1.0255210405616166,4.245561610485679,0.0
263,-0.4683610252625759,0.5394105501434547,-1.38272956933859,0.12576015759624476,0.20412972035032528,0.4025411457894811,0.5695836485823832,0.015444673228827383,0.03279813454634018,0.9245573104402203,,-1.0255210405616166,-0.23554009851846266,0.0
264,2.9794410969702176,-0.23352145232296595,-1.38272956933859,0.12576015759624476,0.20412972035032528,0.4025411457894811,-0.3086357479592415,0.7336999817694552,-0.2912418041904635,1.957727664145748,0.596092660985773,-1.0255210405616166,-0.23554009851846266,0.0
265,-0.34283007517629466,-0.11218352657470886,-1.38272956933859,0.12576015759624476,1.6026613163218986,0.4025411457894811,-0.3086357479592415,1.451955290310083,-1.5874015591376782,-1.141783396970835,0.596092660985773,0.9751140741611305,-0.23554009851846266,0.0
266,-0.1502346449069316,0.5394105501434547,-1.38272956933859,0.12576015759624476,0.20412972035032528,0.4025411457894811,0.5695836485823832,0.015444673228827383,0.03279813454634018,-1.141783396970835,,-1.0255210405616166,-0.23554009851846266,0.0
267,1.5831242275173358,1.721199985946511,-1.38272956933859,-1.4825725245512835,-1.194401875621248,-2.48421809909334,-1.1868551445008662,-1.4210659438524282,2.3010777057039657,-1.141783396970835,0.596092660985773,0.9751140741611305,-0.23554009851846266,0.0
268,0.05764460843595017,1.721199985946511,-1.38272956933859,-1.4825725245512835,-1.194401875621248,-2.48421809909334,-1.1868551445008662,-1.4210659438524282,2.3010777057039657,1.957727664145748,0.596092660985773,0.9751140741611305,-0.23554009851846266,0.0
269,-1.147603837373276,-0.11218352657470886,-1.38272956933859,0.12576015759624476,1.6026613163218986,0.4025411457894811,-0.3086357479592415,1.451955290310083,-1.5874015591376782,0.9245573104402203,0.596092660985773,0.9751140741611305,-0.23554009851846266,0.0
270,-0.2362147477057544,-0.11218352657470886,-1.38272956933859,0.12576015759624476,1.6026613163218986,0.4025411457894811,-0.3086357479592415,1.451955290310083,-1.5874015591376782,0.9245573104402203,0.596092660985773,0.9751140741611305,-0.23554009851846266,0.0
271,1.4317992465914076,1.721199985946511,-1.38272956933859,-1.4825725245512835,-1.194401875621248,-2.48421809909334,-1.1868551445008662,-1.4210659438524282,2.3010777057039657,0.9245573104402203,0.596092660985773,0.9751140741611305,-0.23554009851846266,0.0
272,1.0018987325972937,-0.11218352657470886,-1.38272956933859,0.12576015759624476,1.6026613163218986,0.4025411457894811,-0.3086357479592415,1.451955290310083,-1.5874015591376782,1.957727664145748,0.596092660985773,0.9751140741611305,-0.23554009851846266,0.0
273,3.4609296726436254,0.4634122513595858,-1.38272956933859,0.12576015759624476,0.20412972035032528,0.4025411457894811,-0.3086357479592415,0.37457232749914127,-0.2912418041904635,-1.141783396970835,0.596092660985773,0.9751140741611305,-0.23554009851846266,0.0
274,0.038921581250478524,-0.2045515786170193,-1.38272956933859,0.12576015759624476,0.20412972035032528,0.4025411457894811,-0.3086357479592415,0.7336999817694552,-0.6152817429272672,-1.141783396970835,0.596092660985773,0.9751140741611305,-0.23554009851846266,0.0
275,0.08707043881781928,0.5394105501434547,-1.38272956933859,0.12576015759624476,0.20412972035032528,0.4025411457894811,0.5695836485823832,0.015444673228827383,0.03279813454634018,0.9245573104402203,,-1.0255210405616166,-0.23554009851846266,0.0
276,0.10770566348953675,0.26223022423390774,-1.38272956933859,0.12576015759624476,0.20412972035032528,0.4025411457894811,-1.1868551445008662,0.37457232749914127,-0.6152817429272672,-0.10861304326530741,0.596092660985773,0.9751140741611305,-0.23554009851846266,0.0
277,0.08707043881781928,0.26223022423390774,-1.38272956933859,0.12576015759624476,0.20412972035032528,0.4025411457894811,-1.1868551445008662,0.37457232749914127,-0.6152817429272672,0.9245573104402203,0.596092660985773,0.9751140741611305,-0.23554009851846266,0.0
278,-1.1991918990525696,-0.11218352657470886,-1.38272956933859,0.12576015759624476,1.6026613163218986,0.4025411457894811,-0.3086357479592415,1.451955290310083,-1.5874015591376782,-0.10861304326530741,0.596092660985773,0.9751140741611305,-0.23554009851846266,0.0
279,1.5865634316292887,-1.5313323165745925,-1.38272956933859,-1.4825725245512835,0.20412972035032528,0.4025411457894811,1.4478030451240078,-1.4210659438524282,0.03279813454634018,-0.10861304326530741,0.596092660985773,0.9751140741611305,-0.23554009851846266,0.0
280,0.3140579102067114,-0.12459671560777764,-1.38272956933859,0.12576015759624476,0.20412972035032528,0.4025411457894811,-1.1868551445008662,0.37457232749914127,0.03279813454634018,0.9245573104402203,0.596092660985773,0.9751140741611305,-0.23554009851846266,0.0
281,1.1394668970754103,0.26223022423390774,-1.38272956933859,0.12576015759624476,0.20412972035032528,0.4025411457894811,-1.1868551445008662,0.37457232749914127,-0.6152817429272672,-0.10861304326530741,0.596092660985773,0.9751140741611305,-0.23554009851846266,0.0
282,1.6037594521890532,-1.5313323165745925,-1.38272956933859,-1.4825725245512835,0.20412972035032528,0.4025411457894811,1.4478030451240078,-1.4210659438524282,0.03279813454634018,0.9245573104402203,0.596092660985773,0.9751140741611305,-0.23554009851846266,0.0
283,-0.1502346449069316,-1.1780933123090649,-1.38272956933859,0.12576015759624476,-1.194401875621248,0.4025411457894811,0.5695836485823832,-0.34368298104148653,0.3568380732831439,-1.141783396970835,0.596092660985773,0.9751140741611305,-0.23554009851846266,0.0
284,0.8643305681191773,1.721199985946511,-1.38272956933859,-1.4825725245512835,-1.194401875621248,-2.48421809909334,-1.1868551445008662,-1.4210659438524282,2.3010777057039657,0.9245573104402203,0.596092660985773,0.9751140741611305,-0.23554009851846266,0.0
285,1.8960918017050508,-1.1780933123090649,-1.38272956933859,0.12576015759624476,-1.194401875621248,0.4025411457894811,0.5695836485823832,-0.34368298104148653,0.3568380732831439,1.957727664145748,0.596092660985773,0.9751140741611305,-0.23554009851846266,0.0
286,0.6579783214020026,0.5394105501434547,-1.38272956933859,0.12576015759624476,0.20412972035032528,0.4025411457894811,0.5695836485823832,0.015444673228827383,0.03279813454634018,0.9245573104402203,,-1.0255210405616166,-0.23554009851846266,0.0
287,1.7327296063872875,-1.5313323165745925,-1.38272956933859,-1.4825725245512835,0.20412972035032528,0.4025411457894811,1.4478030451240078,-1.4210659438524282,0.03279813454634018,-1.141783396970835,0.596092660985773,0.9751140741611305,-0.23554009851846266,0.0
288,0.8299385269996482,-0.06923339907451666,-1.38272956933859,0.12576015759624476,0.20412972035032528,0.4025411457894811,-0.3086357479592415,0.015444673228827383,-0.2912418041904635,0.9245573104402203,0.596092660985773,0.9751140741611305,-0.23554009851846266,0.0
289,0.9159186297984709,1.721199985946511,-1.38272956933859,-1.4825725245512835,-1.194401875621248,-2.48421809909334,-1.1868551445008662,-1.4210659438524282,2.3010777057039657,0.9245573104402203,0.596092660985773,0.9751140741611305,-0.23554009851846266,0.0
290,-1.2370231442840516,1.721199985946511,-1.3271412375138325,-1.4825725245512835,-1.194401875621248,-2.48421809909334,-1.1868551445008662,-1.4210659438524282,2.3010777057039657,0.9245573104402203,0.596092660985773,0.9751140741611305,-0.23554009851846266,0.0
291,-0.6833112822596329,-1.132050792705702,-1.3271412375138325,0.12576015759624476,-1.194401875621248,0.4025411457894811,0.5695836485823832,0.015444673228827383,0.03279813454634018,-1.141783396970835,0.596092660985773,-1.0255210405616166,-0.23554009851846266,0.0
292,1.0190947531570582,-0.06923339907451666,-1.3271412375138325,0.12576015759624476,0.20412972035032528,0.4025411457894811,-0.3086357479592415,0.015444673228827383,-0.2912418041904635,-1.141783396970835,0.596092660985773,0.9751140741611305,-0.23554009851846266,0.0
293,-1.1682390620449934,1.721199985946511,-1.3271412375138325,-1.4825725245512835,-1.194401875621248,-2.48421809909334,-1.1868551445008662,-1.4210659438524282,2.3010777057039657,1.957727664145748,0.596092660985773,0.9751140741611305,-0.23554009851846266,0.0
294,-1.2851720018513924,-1.132050792705702,-1.3271412375138325,0.12576015759624476,-1.194401875621248,0.4025411457894811,0.5695836485823832,0.015444673228827383,0.03279813454634018,-0.10861304326530741,0.596092660985773,-1.0255210405616166,-0.23554009851846266,0.0
295,-1.0409885099027356,-0.11218352657470886,-1.3271412375138325,0.12576015759624476,1.6026613163218986,0.4025411457894811,-0.3086357479592415,1.451955290310083,-1.5874015591376782,1.957727664145748,0.596092660985773,0.9751140741611305,-0.23554009851846266,0.0
296,-0.17086986957864908,-0.11218352657470886,-1.3271412375138325,0.12576015759624476,1.6026613163218986,0.4025411457894811,-0.3086357479592415,1.451955290310083,-1.5874015591376782,0.9245573104402203,0.596092660985773,0.9751140741611305,-0.23554009851846266,0.0
297,1.534975369949995,0.26223022423390774,-1.3271412375138325,0.12576015759624476,0.20412972035032528,0.4025411457894811,-1.1868551445008662,0.37457232749914127,-0.6152817429272672,-1.141783396970835,0.596092660985773,0.9751140741611305,-0.23554009851846266,0.0
298,-1.147603837373276,-1.3607461889988168,-1.3271412375138325,0.12576015759624476,0.20412972035032528,0.4025411457894811,1.4478030451240078,-1.0619382895821143,0.03279813454634018,1.957727664145748,0.596092660985773,0.9751140741611305,-0.23554009851846266,0.0
299,-1.2439015525079575,1.721199985946511,-1.3271412375138325,-1.4825725245512835,-1.194401875621248,-2.48421809909334,-1.1868551445008662,-1.4210659438524282,2.3010777057039657,-1.141783396970835,0.596092660985773,0.9751140741611305,-0.23554009851846266,0.0
300,-0.4253709738631645,0.26223022423390774,-1.3271412375138325,0.12576015759624476,0.20412972035032528,0.4025411457894811,-1.1868551445008662,0.37457232749914127,-0.6152817429272672,-0.10861304326530741,0.596092660985773,0.9751140741611305,-0.23554009851846266,0.0
301,-0.4597630149826936,0.5394105501434547,-1.3271412375138325,0.12576015759624476,0.20412972035032528,0.4025411457894811,0.5695836485823832,0.015444673228827383,0.03279813454634018,0.9245573104402203,,-1.0255210405616166,-0.23554009851846266,0.0
302,0.7697524550404722,-1.132050792705702,-1.3271412375138325,0.12576015759624476,-1.194401875621248,0.4025411457894811,0.5695836485823832,0.015444673228827383,0.03279813454634018,-1.141783396970835,0.596092660985773,-1.0255210405616166,-0.23554009851846266,0.0
303,-0.44256699442292907,0.5394105501434547,-1.3271412375138325,0.12576015759624476,0.20412972035032528,0.4025411457894811,0.5695836485823832,0.015444673228827383,0.03279813454634018,-0.10861304326530741,,-1.0255210405616166,-0.23554009851846266,0.0
304,-0.33939087106434174,1.721199985946511,-1.3271412375138325,-1.4825725245512835,-1.194401875621248,-2.48421809909334,-1.1868551445008662,-1.4210659438524282,2.3010777057039657,-0.10861304326530741,0.596092660985773,0.9751140741611305,-0.23554009851846266,0.0
305,0.5719982186031798,-1.3607461889988168,-1.3271412375138325,0.12576015759624476,0.20412972035032528,0.4025411457894811,1.4478030451240078,-1.0619382895821143,0.03279813454634018,1.957727664145748,0.596092660985773,0.9751140741611305,-0.23554009851846266,0.0
306,-0.9947518498216408,0.26223022423390774,-1.3271412375138325,0.12576015759624476,0.20412972035032528,0.4025411457894811,-1.1868551445008662,0.37457232749914127,-0.6152817429272672,-0.10861304326530741,0.596092660985773,0.9751140741611305,-0.23554009851846266,0.0
307,1.5177793493902305,-0.11218352657470886,-1.3271412375138325,0.12576015759624476,1.6026613163218986,0.4025411457894811,-0.3086357479592415,1.451955290310083,-1.5874015591376782,-1.141783396970835,0.596092660985773,0.9751140741611305,-0.23554009851846266,0.0
308,1.259839040993762,0.26223022423390774,-1.3271412375138325,0.12576015759624476,0.20412972035032528,0.4025411457894811,-1.1868551445008662,0.37457232749914127,-0.6152817429272672,-0.10861304326530741,0.596092660985773,0.9751140741611305,-0.23554009851846266,0.0
309,-1.181995878492805,1.2364398805385552,-1.3271412375138325,1.734092839743773,0.20412972035032528,0.4025411457894811,-0.3086357479592415,2.5293382531210247,-0.2912418041904635,-1.141783396970835,0.596092660985773,-1.0255210405616166,4.245561610485679,0.0
310,-0.5801351589010455,0.5394105501434547,-1.3271412375138325,0.12576015759624476,0.20412972035032528,0.4025411457894811,0.5695836485823832,0.015444673228827383,0.03279813454634018,-0.10861304326530741,,-1.0255210405616166,-0.23554009851846266,0.0
311,1.225446999874233,-1.5313323165745925,-1.3271412375138325,-1.4825725245512835,0.20412972035032528,0.4025411457894811,1.4478030451240078,-1.4210659438524282,0.03279813454634018,-1.141783396970835,0.596092660985773,0.9751140741611305,-0.23554009851846266,0.0
312,-1.1166510003656998,-1.446919516760685,-1.3271412375138325,0.12576015759624476,0.20412972035032528,0.4025411457894811,1.4478030451240078,-1.0619382895821143,0.03279813454634018,-0.10861304326530741,0.596092660985773,-1.0255210405616166,-0.23554009851846266,0.0
313,0.5548021980434152,-0.11218352657470886,-1.3271412375138325,0.12576015759624476,1.6026613163218986,0.4025411457894811,-0.3086357479592415,1.451955290310083,-1.5874015591376782,-1.141783396970835,0.596092660985773,0.9751140741611305,-0.23554009851846266,0.0
314,1.5693674110695242,0.5394105501434547,-1.3271412375138325,0.12576015759624476,0.20412972035032528,0.4025411457894811,0.5695836485823832,0.015444673228827383,0.03279813454634018,-0.10861304326530741,,-1.0255210405616166,-0.23554009851846266,0.0
315,0.34844995132624057,0.5394105501434547,-1.3271412375138325,0.12576015759624476,0.20412972035032528,0.4025411457894811,0.5695836485823832,0.015444673228827383,0.03279813454634018,0.9245573104402203,,-1.0255210405616166,-0.23554009851846266,0.0
316,0.24542515294857914,-1.132050792705702,-1.3271412375138325,0.12576015759624476,-1.194401875621248,0.4025411457894811,0.5695836485823832,0.015444673228827383,0.03279813454634018,-0.10861304326530741,0.596092660985773,-1.0255210405616166,-0.23554009851846266,0.0
317,0.14209770460906587,0.26223022423390774,-1.3271412375138325,0.12576015759624476,0.20412972035032528,0.4025411457894811,-1.1868551445008662,0.37457232749914127,-0.6152817429272672,0.9245573104402203,0.596092660985773,0.9751140741611305,-0.23554009851846266,0.0
318,0.11630367376941904,0.5394105501434547,-1.3271412375138325,0.12576015759624476,0.20412972035032528,0.4025411457894811,0.5695836485823832,0.015444673228827383,0.03279813454634018,-0.10861304326530741,,-1.0255210405616166,-0.23554009851846266,0.0
319,-0.36518490190398856,-0.11218352657470886,-1.3271412375138325,0.12576015759624476,1.6026613163218986,0.4025411457894811,-0.3086357479592415,1.451955290310083,-1.5874015591376782,0.9245573104402203,0.596092660985773,0.9751140741611305,-0.23554009851846266,0.0
320,-0.1502346449069316,-0.11218352657470886,-1.3271412375138325,0.12576015759624476,1.6026613163218986,0.4025411457894811,-0.3086357479592415,1.451955290310083,-1.5874015591376782,1.957727664145748,0.596092660985773,0.9751140741611305,-0.23554009851846266,0.0
321,-0.5594999342293281,-0.11218352657470886,-1.3271412375138325,0.12576015759624476,1.6026613163218986,0.4025411457894811,-0.3086357479592415,1.451955290310083,-1.5874015591376782,0.9245573104402203,0.596092660985773,0.9751140741611305,-0.23554009851846266,0.0
322,-0.4253709738631645,0.26223022423390774,-1.271552905689075,0.12576015759624476,0.20412972035032528,0.4025411457894811,-1.1868551445008662,0.37457232749914127,-0.6152817429272672,0.9245573104402203,0.596092660985773,0.9751140741611305,-0.23554009851846266,0.0
323,1.376771980800161,-1.5226355748289113,-1.271552905689075,0.12576015759624476,0.20412972035032528,0.4025411457894811,1.4478030451240078,-0.7028106353118004,0.03279813454634018,-0.10861304326530741,0.596092660985773,-1.0255210405616166,-0.23554009851846266,0.0
324,1.5693674110695242,-0.23352145232296595,-1.271552905689075,0.12576015759624476,0.20412972035032528,0.4025411457894811,-0.3086357479592415,0.7336999817694552,-0.2912418041904635,-0.10861304326530741,0.596092660985773,-1.0255210405616166,-0.23554009851846266,0.0
325,-1.2163879196123342,1.721199985946511,-1.271552905689075,-1.4825725245512835,-1.194401875621248,-2.48421809909334,-1.1868551445008662,-1.4210659438524282,2.3010777057039657,1.957727664145748,0.596092660985773,0.9751140741611305,-0.23554009851846266,0.0
326,0.5032141363641216,1.721199985946511,-1.271552905689075,-1.4825725245512835,-1.194401875621248,-2.48421809909334,-1.1868551445008662,-1.4210659438524282,2.3010777057039657,-0.10861304326530741,0.596092660985773,0.9751140741611305,-0.23554009851846266,0.0
327,-0.012666480428815147,1.721199985946511,-1.271552905689075,-1.4825725245512835,-1.194401875621248,-2.48421809909334,-1.1868551445008662,-1.4210659438524282,2.3010777057039657,-0.10861304326530741,0.596092660985773,0.9751140741611305,-0.23554009851846266,0.0
328,1.1566629176351748,0.26223022423390774,-1.271552905689075,0.12576015759624476,0.20412972035032528,0.4025411457894811,-1.1868551445008662,0.37457232749914127,-0.6152817429272672,-0.10861304326530741,0.596092660985773,0.9751140741611305,-0.23554009851846266,0.0
329,0.9159186297984709,-1.1780933123090649,-1.271552905689075,0.12576015759624476,-1.194401875621248,0.4025411457894811,0.5695836485823832,-0.34368298104148653,0.3568380732831439,-1.141783396970835,0.596092660985773,0.9751140741611305,-0.23554009851846266,0.0
330,-0.4081749533034,-1.3654186397095023,-1.271552905689075,-1.4825725245512835,-1.194401875621248,0.4025411457894811,1.4478030451240078,-1.4210659438524282,0.03279813454634018,-1.141783396970835,0.596092660985773,-1.0255210405616166,-0.23554009851846266,0.0
331,-0.11584260378740249,0.5394105501434547,-1.271552905689075,0.12576015759624476,0.20412972035032528,0.4025411457894811,0.5695836485823832,0.015444673228827383,0.03279813454634018,-1.141783396970835,,-1.0255210405616166,-0.23554009851846266,0.0
332,-0.13303862434716704,-0.06923339907451666,-1.271552905689075,0.12576015759624476,0.20412972035032528,0.4025411457894811,-0.3086357479592415,0.015444673228827383,-0.2912418041904635,-1.141783396970835,0.596092660985773,0.9751140741611305,-0.23554009851846266,0.0
333,-0.47523943348648173,0.5394105501434547,-1.271552905689075,0.12576015759624476,0.20412972035032528,0.4025411457894811,0.5695836485823832,0.015444673228827383,0.03279813454634018,-1.141783396970835,,-1.0255210405616166,-0.23554009851846266,0.0
334,-0.11584260378740249,1.1915731360422939,-1.271552905689075,1.734092839743773,0.20412972035032528,0.4025411457894811,-0.3086357479592415,2.5293382531210247,-0.2912418041904635,-1.141783396970835,0.596092660985773,-1.0255210405616166,4.245561610485679,0.0
335,1.6209554727488178,0.5394105501434547,-1.271552905689075,0.12576015759624476,0.20412972035032528,0.4025411457894811,0.5695836485823832,0.015444673228827383,0.03279813454634018,-0.10861304326530741,,-1.0255210405616166,-0.23554009851846266,0.0
336,-0.5457431177815164,-1.132050792705702,-1.271552905689075,0.12576015759624476,-1.194401875621248,0.4025411457894811,0.5695836485823832,0.015444673228827383,0.03279813454634018,1.957727664145748,0.596092660985773,-1.0255210405616166,-0.23554009851846266,0.0
337,0.001090336018996498,-1.1780933123090649,-1.271552905689075,0.12576015759624476,-1.194401875621248,0.4025411457894811,0.5695836485823832,-0.34368298104148653,0.3568380732831439,-1.141783396970835,0.596092660985773,0.9751140741611305,-0.23554009851846266,0.0
338,-0.08145056266787337,0.5394105501434547,-1.271552905689075,0.12576015759624476,0.20412972035032528,0.4025411457894811,0.5695836485823832,0.015444673228827383,0.03279813454634018,0.9245573104402203,,-1.0255210405616166,-0.23554009851846266,0.0
339,1.1754065800453182,-0.11218352657470886,-1.271552905689075,0.12576015759624476,1.6026613163218986,0.4025411457894811,-0.3086357479592415,1.451955290310083,-1.5874015591376782,0.9245573104402203,0.596092660985773,0.9751140741611305,-0.23554009851846266,0.0
340,-0.8380754672975139,-1.1780933123090649,-1.271552905689075,0.12576015759624476,-1.194401875621248,0.4025411457894811,0.5695836485823832,-0.34368298104148653,0.3568380732831439,-1.141783396970835,0.596092660985773,0.9751140741611305,-0.23554009851846266,0.0
341,0.08707043881781928,-1.1780933123090649,-1.271552905689075,0.12576015759624476,-1.194401875621248,0.4025411457894811,0.5695836485823832,-0.34368298104148653,0.3568380732831439,1.957727664145748,0.596092660985773,0.9751140741611305,-0.23554009851846266,0.0
342,-1.0788197551342178,0.26223022423390774,-1.271552905689075,0.12576015759624476,0.20412972035032528,0.4025411457894811,-1.1868551445008662,0.37457232749914127,-0.6152817429272672,-0.10861304326530741,0.596092660985773,0.9751140741611305,-0.23554009851846266,0.0
343,1.3974072054718785,0.5394105501434547,-1.271552905689075,0.12576015759624476,0.20412972035032528,0.4025411457894811,0.5695836485823832,0.015444673228827383,0.03279813454634018,-0.10861304326530741,,-1.0255210405616166,-0.23554009851846266,0.0
344,0.39144000272565194,-0.06923339907451666,-1.271552905689075,0.12576015759624476,0.20412972035032528,0.4025411457894811,-0.3086357479592415,0.015444673228827383,-0.2912418041904635,-0.10861304326530741,0.596092660985773,0.9751140741611305,-0.23554009851846266,0.0
345,-0.2362147477057544,1.1915731360422939,-1.271552905689075,1.734092839743773,0.20412972035032528,0.4025411457894811,-0.3086357479592415,2.5293382531210247,-0.2912418041904635,-1.141783396970835,0.596092660985773,-1.0255210405616166,4.245561610485679,0.0
346,1.1222708765156457,0.26223022423390774,-1.271552905689075,0.12576015759624476,0.20412972035032528,0.4025411457894811,-1.1868551445008662,0.37457232749914127,-0.6152817429272672,-0.10861304326530741,0.596092660985773,0.9751140741611305,-0.23554009851846266,0.0
347,-0.5887331691809278,-1.132050792705702,-1.271552905689075,0.12576015759624476,-1.194401875621248,0.4025411457894811,0.5695836485823832,0.015444673228827383,0.03279813454634018,0.9245573104402203,0.596092660985773,-1.0255210405616166,-0.23554009851846266,0.0
348,1.3114271026730557,0.26223022423390774,-1.271552905689075,0.12576015759624476,0.20412972035032528,0.4025411457894811,-1.1868551445008662,0.37457232749914127,-0.6152817429272672,0.9245573104402203,0.596092660985773,0.9751140741611305,-0.23554009851846266,0.0
349,-0.9584476112158657,1.1915731360422939,-1.271552905689075,1.734092839743773,0.20412972035032528,0.4025411457894811,-0.3086357479592415,2.5293382531210247,-0.2912418041904635,-1.141783396970835,0.596092660985773,-1.0255210405616166,4.245561610485679,0.0
350,-0.20044702494144412,0.7744617386380273,-1.271552905689075,3.3424255218913017,3.0011929122934715,-2.48421809909334,-2.9432939375841154,-1.7801935981227421,-0.6152817429272672,-0.10861304326530741,0.596092660985773,0.9751140741611305,-0.23554009851846266,0.0
351,1.4489952671511723,0.26223022423390774,-1.271552905689075,0.12576015759624476,0.20412972035032528,0.4025411457894811,-1.1868551445008662,0.37457232749914127,-0.6152817429272672,0.9245573104402203,0.596092660985773,0.9751140741611305,-0.23554009851846266,0.0
352,-0.1502346449069316,-0.2045515786170193,-1.271552905689075,0.12576015759624476,0.20412972035032528,0.4025411457894811,-0.3086357479592415,0.7336999817694552,-0.6152817429272672,-1.141783396970835,0.596092660985773,0.9751140741611305,-0.23554009851846266,0.0
353,1.3974072054718785,-0.06923339907451666,-1.271552905689075,0.12576015759624476,0.20412972035032528,0.4025411457894811,-0.3086357479592415,0.015444673228827383,-0.2912418041904635,0.9245573104402203,0.596092660985773,0.9751140741611305,-0.23554009851846266,0.0
354,1.3028290923931736,1.721199985946511,-1.271552905689075,-1.4825725245512835,-1.194401875621248,-2.48421809909334,-1.1868551445008662,-1.4210659438524282,2.3010777057039657,-0.10861304326530741,0.596092660985773,0.9751140741611305,-0.23554009851846266,0.0
355,-1.1768370723248758,-1.446919516760685,-1.271552905689075,0.12576015759624476,0.20412972035032528,0.4025411457894811,1.4478030451240078,-1.0619382895821143,0.03279813454634018,-0.10861304326530741,0.596092660985773,-1.0255210405616166,-0.23554009851846266,0.0
356,-1.2593779710117456,-1.132050792705702,-1.271552905689075,0.12576015759624476,-1.194401875621248,0.4025411457894811,0.5695836485823832,0.015444673228827383,0.03279813454634018,-0.10861304326530741,0.596092660985773,-1.0255210405616166,-0.23554009851846266,0.0
357,-0.44256699442292907,0.26223022423390774,-1.271552905689075,0.12576015759624476,0.20412972035032528,0.4025411457894811,-1.1868551445008662,0.37457232749914127,-0.6152817429272672,-0.10861304326530741,0.596092660985773,0.9751140741611305,-0.23554009851846266,0.0
358,-0.11584260378740249,0.26223022423390774,-1.271552905689075,0.12576015759624476,0.20412972035032528,0.4025411457894811,-1.1868551445008662,0.37457232749914127,-0.6152817429272672,-0.10861304326530741,0.596092660985773,0.9751140741611305,-0.23554009851846266,0.0
359,-0.8982615392566898,-1.132050792705702,-1.271552905689075,0.12576015759624476,-1.194401875621248,0.4025411457894811,0.5695836485823832,0.015444673228827383,0.03279813454634018,-0.10861304326530741,0.596092660985773,-1.0255210405616166,-0.23554009851846266,0.0
360,-0.1502346449069316,0.26223022423390774,-1.271552905689075,0.12576015759624476,0.20412972035032528,0.4025411457894811,-1.1868551445008662,0.37457232749914127,-0.6152817429272672,-0.10861304326530741,0.596092660985773,0.9751140741611305,-0.23554009851846266,0.0
361,-0.09864658322763793,-1.3607461889988168,-1.271552905689075,0.12576015759624476,0.20412972035032528,0.4025411457894811,1.4478030451240078,-1.0619382895821143,0.03279813454634018,1.957727664145748,0.596092660985773,0.9751140741611305,-0.23554009851846266,0.0
362,-1.030670897566877,-0.11218352657470886,-1.2159645738643177,0.12576015759624476,1.6026613163218986,0.4025411457894811,-0.3086357479592415,1.451955290310083,-1.5874015591376782,1.957727664145748,0.596092660985773,0.9751140741611305,-0.23554009851846266,0.0
363,-0.11584260378740249,-1.132050792705702,-1.2159645738643177,0.12576015759624476,-1.194401875621248,0.4025411457894811,0.5695836485823832,0.015444673228827383,0.03279813454634018,0.9245573104402203,0.596092660985773,-1.0255210405616166,-0.23554009851846266,0.0
364,-0.4683610252625759,0.26223022423390774,-1.2159645738643177,0.12576015759624476,0.20412972035032528,0.4025411457894811,-1.1868551445008662,0.37457232749914127,-0.6152817429272672,-1.141783396970835,0.596092660985773,0.9751140741611305,-0.23554009851846266,0.0
365,-0.5457431177815164,-1.3607461889988168,-1.2159645738643177,0.12576015759624476,0.20412972035032528,0.4025411457894811,1.4478030451240078,-1.0619382895821143,0.03279813454634018,0.9245573104402203,0.596092660985773,0.9751140741611305,-0.23554009851846266,0.0
366,0.6923703625215317,1.721199985946511,-1.2159645738643177,-1.4825725245512835,-1.194401875621248,-2.48421809909334,-1.1868551445008662,-1.4210659438524282,2.3010777057039657,-1.141783396970835,0.596092660985773,0.9751140741611305,-0.23554009851846266,0.0
367,-0.11584260378740249,0.5394105501434547,-1.2159645738643177,0.12576015759624476,0.20412972035032528,0.4025411457894811,0.5695836485823832,0.015444673228827383,0.03279813454634018,0.9245573104402203,,-1.0255210405616166,-0.23554009851846266,0.0
368,-1.2249859298922166,1.721199985946511,-1.2159645738643177,-1.4825725245512835,-1.194401875621248,-2.48421809909334,-1.1868551445008662,-1.4210659438524282,2.3010777057039657,-0.10861304326530741,0.596092660985773,0.9751140741611305,-0.23554009851846266,0.0
369,-0.37378291218387083,0.26223022423390774,-1.2159645738643177,0.12576015759624476,0.20412972035032528,0.4025411457894811,-1.1868551445008662,0.37457232749914127,-0.6152817429272672,-0.10861304326530741,0.596092660985773,0.9751140741611305,-0.23554009851846266,0.0
370,-0.8982615392566898,-1.132050792705702,-1.2159645738643177,0.12576015759624476,-1.194401875621248,0.4025411457894811,0.5695836485823832,0.015444673228827383,0.03279813454634018,-0.10861304326530741,0.596092660985773,-1.0255210405616166,-0.23554009851846266,0.0
371,-0.17602867574657843,-0.6875505137670367,-1.2159645738643177,0.12576015759624476,0.20412972035032528,0.4025411457894811,0.5695836485823832,0.015444673228827383,0.6808780120199476,-1.141783396970835,0.596092660985773,-1.0255210405616166,-0.23554009851846266,0.0
372,-0.10896419556349667,-0.11218352657470886,-1.2159645738643177,0.12576015759624476,1.6026613163218986,0.4025411457894811,-0.3086357479592415,1.451955290310083,-1.5874015591376782,1.957727664145748,0.596092660985773,0.9751140741611305,-0.23554009851846266,0.0
373,-0.012666480428815147,-1.5313323165745925,-1.2159645738643177,-1.4825725245512835,0.20412972035032528,0.4025411457894811,1.4478030451240078,-1.4210659438524282,0.03279813454634018,0.9245573104402203,0.596092660985773,0.9751140741611305,-0.23554009851846266,0.0
374,-1.022265482717264,0.26223022423390774,-1.2159645738643177,0.12576015759624476,0.20412972035032528,0.4025411457894811,-1.1868551445008662,0.37457232749914127,-0.6152817429272672,-0.10861304326530741,0.596092660985773,0.9751140741611305,-0.23554009851846266,0.0
375,0.22807780740788866,-1.132050792705702,-1.2159645738643177,0.12576015759624476,-1.194401875621248,0.4025411457894811,0.5695836485823832,0.015444673228827383,0.03279813454634018,1.957727664145748,0.596092660985773,-1.0255210405616166,-0.23554009851846266,0.0
376,-1.1269686127015586,-0.11218352657470886,-1.2159645738643177,0.12576015759624476,1.6026613163218986,0.4025411457894811,-0.3086357479592415,1.451955290310083,-1.5874015591376782,1.957727664145748,0.596092660985773,0.9751140741611305,-0.23554009851846266,0.0
377,-0.06425454210810883,1.1915731360422939,-1.2159645738643177,1.734092839743773,0.20412972035032528,0.4025411457894811,-0.3086357479592415,2.5293382531210247,-0.2912418041904635,-1.141783396970835,0.596092660985773,-1.0255210405616166,4.245561610485679,0.0
378,1.191054958754704,-0.2045515786170193,-1.2159645738643177,0.12576015759624476,0.20412972035032528,0.4025411457894811,-0.3086357479592415,0.7336999817694552,-0.6152817429272672,-1.141783396970835,0.596092660985773,0.9751140741611305,-0.23554009851846266,0.0
379,0.021725560690713967,-1.5226355748289113,-1.2159645738643177,0.12576015759624476,0.20412972035032528,0.4025411457894811,1.4478030451240078,-0.7028106353118004,0.03279813454634018,-1.141783396970835,0.596092660985773,-1.0255210405616166,-0.23554009851846266,0.0
380,-0.5113510766619873,0.5394105501434547,-1.2159645738643177,0.12576015759624476,0.20412972035032528,0.4025411457894811,0.5695836485823832,0.015444673228827383,0.03279813454634018,-0.10861304326530741,,-1.0255210405616166,-0.23554009851846266,0.0
381,-0.45116500470281135,0.26223022423390774,-1.2159645738643177,0.12576015759624476,0.20412972035032528,0.4025411457894811,-1.1868551445008662,0.37457232749914127,-0.6152817429272672,-0.10861304326530741,0.596092660985773,0.9751140741611305,-0.23554009851846266,0.0
382,-1.3195640429709214,-0.6875505137670367,-1.2159645738643177,0.12576015759624476,0.20412972035032528,0.4025411457894811,0.5695836485823832,0.015444673228827383,0.6808780120199476,0.9245573104402203,0.596092660985773,-1.0255210405616166,-0.23554009851846266,0.0
383,-1.4762404254950483,1.2099810655506498,-1.2159645738643177,1.734092839743773,0.20412972035032528,0.4025411457894811,-0.3086357479592415,1.8110829445803969,-0.6152817429272672,-1.141783396970835,0.596092660985773,-1.0255210405616166,4.245561610485679,0.0
384,1.7929156783464635,1.4142387366208409,-1.2159645738643177,3.3424255218913017,0.20412972035032528,0.4025411457894811,-0.3086357479592415,2.5293382531210247,-0.6152817429272672,-1.141783396970835,0.596092660985773,-1.0255210405616166,4.245561610485679,0.0
385,-1.1682390620449934,-1.3607461889988168,-1.2159645738643177,0.12576015759624476,0.20412972035032528,0.4025411457894811,1.4478030451240078,-1.0619382895821143,0.03279813454634018,0.9245573104402203,0.596092660985773,0.9751140741611305,-0.23554009851846266,0.0
386,-0.30499882994481264,-0.11218352657470886,-1.2159645738643177,0.12576015759624476,1.6026613163218986,0.4025411457894811,-0.3086357479592415,1.451955290310083,-1.5874015591376782,-0.10861304326530741,0.596092660985773,0.9751140741611305,-0.23554009851846266,0.0
387,1.2082509793144685,-1.3509625471015747,-1.2159645738643177,-1.4825725245512835,0.20412972035032528,0.4025411457894811,1.4478030451240078,-1.0619382895821143,0.03279813454634018,-1.141783396970835,0.596092660985773,-1.0255210405616166,-0.23554009851846266,0.0
388,-0.11584260378740249,1.721199985946511,-1.2159645738643177,-1.4825725245512835,-1.194401875621248,-2.48421809909334,-1.1868551445008662,-1.4210659438524282,2.3010777057039657,-1.141783396970835,0.596092660985773,0.9751140741611305,-0.23554009851846266,0.0
389,0.7439584242008254,-0.11218352657470886,-1.2159645738643177,0.12576015759624476,1.6026613163218986,0.4025411457894811,-0.3086357479592415,1.451955290310083,-1.5874015591376782,0.9245573104402203,0.596092660985773,0.9751140741611305,-0.23554009851846266,0.0
390,0.056117601810243084,0.5394105501434547,-1.2159645738643177,0.12576015759624476,0.20412972035032528,0.4025411457894811,0.5695836485823832,0.015444673228827383,0.03279813454634018,-1.141783396970835,,-1.0255210405616166,-0.23554009851846266,0.0
391,-0.5285470972217519,0.5394105501434547,-1.2159645738643177,0.12576015759624476,0.20412972035032528,0.4025411457894811,0.5695836485823832,0.015444673228827383,0.03279813454634018,0.9245573104402203,,-1.0255210405616166,-0.23554009851846266,0.0
392,-0.06425454210810883,0.5394105501434547,-1.2159645738643177,0.12576015759624476,0.20412972035032528,0.4025411457894811,0.5695836485823832,0.015444673228827383,0.03279813454634018,-0.10861304326530741,,-1.0255210405616166,-0.23554009851846266,0.0
393,-0.9068595495365721,-1.132050792705702,-1.2159645738643177,0.12576015759624476,-1.194401875621248,0.4025411457894811,0.5695836485823832,0.015444673228827383,0.03279813454634018,-0.10861304326530741,0.596092660985773,-1.0255210405616166,-0.23554009851846266,0.0
394,0.486018115804357,0.5394105501434547,-1.2159645738643177,0.12576015759624476,0.20412972035032528,0.4025411457894811,0.5695836485823832,0.015444673228827383,0.03279813454634018,0.9245573104402203,,-1.0255210405616166,-0.23554009851846266,0.0
395,-0.1502346449069316,-1.1780933123090649,-1.2159645738643177,0.12576015759624476,-1.194401875621248,0.4025411457894811,0.5695836485823832,-0.34368298104148653,0.3568380732831439,-1.141783396970835,0.596092660985773,0.9751140741611305,-0.23554009851846266,0.0
396,0.43443005412506336,-0.06923339907451666,-1.2159645738643177,0.12576015759624476,0.20412972035032528,0.4025411457894811,-0.3086357479592415,0.015444673228827383,-0.2912418041904635,-0.10861304326530741,0.596092660985773,0.9751140741611305,-0.23554009851846266,0.0
397,0.11630367376941904,0.5394105501434547,-1.2159645738643177,0.12576015759624476,0.20412972035032528,0.4025411457894811,0.5695836485823832,0.015444673228827383,0.03279813454634018,0.9245573104402203,,-1.0255210405616166,-0.23554009851846266,0.0
398,-1.2335839401720987,-1.132050792705702,-1.1603762420395602,0.12576015759624476,-1.194401875621248,0.4025411457894811,0.5695836485823832,0.015444673228827383,0.03279813454634018,-0.10861304326530741,0.596092660985773,-1.0255210405616166,-0.23554009851846266,0.0
399,-0.562939138341281,-0.11218352657470886,-1.1603762420395602,0.12576015759624476,1.6026613163218986,0.4025411457894811,-0.3086357479592415,1.451955290310083,-1.5874015591376782,-0.10861304326530741,0.596092660985773,0.9751140741611305,-0.23554009851846266,0.0
400,-0.4597630149826936,0.26223022423390774,-1.1603762420395602,0.12576015759624476,0.20412972035032528,0.4025411457894811,-1.1868551445008662,0.37457232749914127,-0.6152817429272672,-0.10861304326530741,0.596092660985773,0.9751140741611305,-0.23554009851846266,0.0
401,-0.2362147477057544,-0.11218352657470886,-1.1603762420395602,0.12576015759624476,1.6026613163218986,0.4025411457894811,-0.3086357479592415,1.451955290310083,-1.5874015591376782,-0.10861304326530741,0.596092660985773,0.9751140741611305,-0.23554009851846266,0.0
402,0.09566844909770156,1.721199985946511,-1.1603762420395602,-1.4825725245512835,-1.194401875621248,-2.48421809909334,-1.1868551445008662,-1.4210659438524282,2.3010777057039657,0.9245573104402203,0.596092660985773,0.9751140741611305,-0.23554009851846266,0.0
403,1.2392038163220447,0.26223022423390774,-1.1603762420395602,0.12576015759624476,0.20412972035032528,0.4025411457894811,-1.1868551445008662,0.37457232749914127,-0.6152817429272672,-0.10861304326530741,0.596092660985773,0.9751140741611305,-0.23554009851846266,0.0
404,-0.3823809224637531,0.26223022423390774,-1.1603762420395602,0.12576015759624476,0.20412972035032528,0.4025411457894811,-1.1868551445008662,0.37457232749914127,-0.6152817429272672,0.9245573104402203,0.596092660985773,0.9751140741611305,-0.23554009851846266,0.0
405,0.056117601810243084,1.721199985946511,-1.1603762420395602,-1.4825725245512835,-1.194401875621248,-2.48421809909334,-1.1868551445008662,-1.4210659438524282,2.3010777057039657,-1.141783396970835,0.596092660985773,0.9751140741611305,-0.23554009851846266,0.0
406,1.1222708765156457,-0.11218352657470886,-1.1603762420395602,0.12576015759624476,1.6026613163218986,0.4025411457894811,-0.3086357479592415,1.451955290310083,-1.5874015591376782,0.9245573104402203,0.596092660985773,0.9751140741611305,-0.23554009851846266,0.0
407,-0.6661152616998683,-1.132050792705702,-1.1603762420395602,0.12576015759624476,-1.194401875621248,0.4025411457894811,0.5695836485823832,0.015444673228827383,0.03279813454634018,0.9245573104402203,0.596092660985773,-1.0255210405616166,-0.23554009851846266,0.0
408,-1.0014376626152772,0.26223022423390774,-1.1603762420395602,0.12576015759624476,0.20412972035032528,0.4025411457894811,-1.1868551445008662,0.37457232749914127,-0.6152817429272672,-0.10861304326530741,0.596092660985773,0.9751140741611305,-0.23554009851846266,0.0
409,1.49867113134422,-1.5226355748289113,-1.1603762420395602,0.12576015759624476,0.20412972035032528,0.4025411457894811,1.4478030451240078,-0.7028106353118004,0.03279813454634018,-0.10861304326530741,0.596092660985773,-1.0255210405616166,-0.23554009851846266,0.0
410,0.9675066914777646,-0.11218352657470886,-1.1603762420395602,0.12576015759624476,1.6026613163218986,0.4025411457894811,-0.3086357479592415,1.451955290310083,-1.5874015591376782,1.957727664145748,0.596092660985773,0.9751140741611305,-0.23554009851846266,0.0
411,-0.11584260378740249,1.1915731360422939,-1.1603762420395602,1.734092839743773,0.20412972035032528,0.4025411457894811,-0.3086357479592415,2.5293382531210247,-0.2912418041904635,-1.141783396970835,0.596092660985773,-1.0255210405616166,4.245561610485679,0.0
412,-0.3221948505045772,1.721199985946511,-1.1603762420395602,-1.4825725245512835,-1.194401875621248,-2.48421809909334,-1.1868551445008662,-1.4210659438524282,2.3010777057039657,-0.10861304326530741,0.596092660985773,0.9751140741611305,-0.23554009851846266,0.0
413,1.5330631724637491,0.26223022423390774,-1.1603762420395602,0.12576015759624476,0.20412972035032528,0.4025411457894811,-1.1868551445008662,0.37457232749914127,-0.6152817429272672,0.9245573104402203,0.596092660985773,0.9751140741611305,-0.23554009851846266,0.0
414,0.2968618896469469,-1.132050792705702,-1.1603762420395602,0.12576015759624476,-1.194401875621248,0.4025411457894811,0.5695836485823832,0.015444673228827383,0.03279813454634018,-0.10861304326530741,0.596092660985773,-1.0255210405616166,-0.23554009851846266,0.0
415,1.689739554987876,1.721199985946511,-1.1603762420395602,-1.4825725245512835,-1.194401875621248,-2.48421809909334,-1.1868551445008662,-1.4210659438524282,2.3010777057039657,-1.141783396970835,0.596092660985773,0.9751140741611305,-0.23554009851846266,0.0
416,-0.28780280938504804,-0.11218352657470886,-1.1603762420395602,0.12576015759624476,1.6026613163218986,0.4025411457894811,-0.3086357479592415,1.451955290310083,-1.5874015591376782,-0.10861304326530741,0.596092660985773,0.9751140741611305,-0.23554009851846266,0.0
417,-0.4444791919091749,0.26223022423390774,-1.1603762420395602,0.12576015759624476,0.20412972035032528,0.4025411457894811,-1.1868551445008662,0.37457232749914127,-0.6152817429272672,-0.10861304326530741,0.596092660985773,0.9751140741611305,-0.23554009851846266,0.0
418,-0.13303862434716704,0.5394105501434547,-1.1603762420395602,0.12576015759624476,0.20412972035032528,0.4025411457894811,0.5695836485823832,0.015444673228827383,0.03279813454634018,-0.10861304326530741,,-1.0255210405616166,-0.23554009851846266,0.0
419,1.0018987325972937,0.26223022423390774,-1.1603762420395602,0.12576015759624476,0.20412972035032528,0.4025411457894811,-1.1868551445008662,0.37457232749914127,-0.6152817429272672,-1.141783396970835,0.596092660985773,0.9751140741611305,-0.23554009851846266,0.0
420,-1.302368022411157,-1.132050792705702,-1.1603762420395602,0.12576015759624476,-1.194401875621248,0.4025411457894811,0.5695836485823832,0.015444673228827383,0.03279813454634018,-0.10861304326530741,0.596092660985773,-1.0255210405616166,-0.23554009851846266,0.0
421,1.191054958754704,1.721199985946511,-1.1603762420395602,-1.4825725245512835,-1.194401875621248,-2.48421809909334,-1.1868551445008662,-1.4210659438524282,2.3010777057039657,0.9245573104402203,0.596092660985773,0.9751140741611305,-0.23554009851846266,0.0
422,-0.08145056266787337,-1.446919516760685,-1.1603762420395602,0.12576015759624476,0.20412972035032528,0.4025411457894811,1.4478030451240078,-1.0619382895821143,0.03279813454634018,-1.141783396970835,0.596092660985773,-1.0255210405616166,-0.23554009851846266,0.0
423,1.3611029668661037,-1.5226355748289113,-1.1603762420395602,0.12576015759624476,0.20412972035032528,0.4025411457894811,1.4478030451240078,-0.7028106353118004,0.03279813454634018,0.9245573104402203,0.596092660985773,-1.0255210405616166,-0.23554009851846266,0.0
424,1.0878788353961166,0.26223022423390774,-1.1603762420395602,0.12576015759624476,0.20412972035032528,0.4025411457894811,-1.1868551445008662,0.37457232749914127,-0.6152817429272672,-1.141783396970835,0.596092660985773,0.9751140741611305,-0.23554009851846266,0.0
425,-0.029862500988579704,1.721199985946511,-1.1047879102148028,-1.4825725245512835,-1.194401875621248,-2.48421809909334,-1.1868551445008662,-1.4210659438524282,2.3010777057039657,-1.141783396970835,0.596092660985773,0.9751140741611305,-0.23554009851846266,0.0
426,-1.2542191648438161,1.721199985946511,-1.1047879102148028,-1.4825725245512835,-1.194401875621248,-2.48421809909334,-1.1868551445008662,-1.4210659438524282,2.3010777057039657,0.9245573104402203,0.596092660985773,0.9751140741611305,-0.23554009851846266,0.0
427,-0.18462668602646073,-1.132050792705702,-1.1047879102148028,0.12576015759624476,-1.194401875621248,0.4025411457894811,0.5695836485823832,0.015444673228827383,0.03279813454634018,-0.10861304326530741,0.596092660985773,-1.0255210405616166,-0.23554009851846266,0.0
428,0.4516260746848279,1.2364398805385552,-1.1047879102148028,1.734092839743773,0.20412972035032528,0.4025411457894811,-0.3086357479592415,2.5293382531210247,-0.2912418041904635,-1.141783396970835,0.596092660985773,-1.0255210405616166,4.245561610485679,0.0
429,-0.8036834261779848,1.2543676904367356,-1.1047879102148028,3.3424255218913017,0.20412972035032528,0.4025411457894811,-0.3086357479592415,1.8110829445803969,-0.6152817429272672,-1.141783396970835,0.596092660985773,-1.0255210405616166,4.245561610485679,0.0
430,1.689739554987876,1.721199985946511,-1.1047879102148028,-1.4825725245512835,-1.194401875621248,-2.48421809909334,-1.1868551445008662,-1.4210659438524282,2.3010777057039657,1.957727664145748,0.596092660985773,0.9751140741611305,-0.23554009851846266,0.0
431,1.3458191437925848,-1.5226355748289113,-1.1047879102148028,0.12576015759624476,0.20412972035032528,0.4025411457894811,1.4478030451240078,-0.7028106353118004,0.03279813454634018,-0.10861304326530741,0.596092660985773,-1.0255210405616166,-0.23554009851846266,0.0
432,-0.2740459929372364,-0.11218352657470886,-1.1047879102148028,0.12576015759624476,1.6026613163218986,0.4025411457894811,-0.3086357479592415,1.451955290310083,-1.5874015591376782,1.957727664145748,0.596092660985773,0.9751140741611305,-0.23554009851846266,0.0
433,0.001090336018996498,0.26223022423390774,-1.1047879102148028,0.12576015759624476,0.20412972035032528,0.4025411457894811,-1.1868551445008662,0.37457232749914127,-0.6152817429272672,-0.10861304326530741,0.596092660985773,0.9751140741611305,-0.23554009851846266,0.0
434,-0.347988881344224,0.26223022423390774,-1.1047879102148028,0.12576015759624476,0.20412972035032528,0.4025411457894811,-1.1868551445008662,0.37457232749914127,-0.6152817429272672,-0.10861304326530741,0.596092660985773,0.9751140741611305,-0.23554009851846266,0.0
435,0.001090336018996498,-0.6875505137670367,-1.1047879102148028,0.12576015759624476,0.20412972035032528,0.4025411457894811,0.5695836485823832,0.015444673228827383,0.6808780120199476,-0.10861304326530741,0.596092660985773,-1.0255210405616166,-0.23554009851846266,0.0
436,-0.28780280938504804,-1.3607461889988168,-1.1047879102148028,0.12576015759624476,0.20412972035032528,0.4025411457894811,1.4478030451240078,-1.0619382895821143,0.03279813454634018,-1.141783396970835,0.596092660985773,0.9751140741611305,-0.23554009851846266,0.0
437,-0.25341076826551895,-0.11218352657470886,-1.1047879102148028,0.12576015759624476,1.6026613163218986,0.4025411457894811,-0.3086357479592415,1.451955290310083,-1.5874015591376782,0.9245573104402203,0.596092660985773,0.9751140741611305,-0.23554009851846266,0.0
438,-0.5801351589010455,-0.11218352657470886,-1.1047879102148028,0.12576015759624476,1.6026613163218986,0.4025411457894811,-0.3086357479592415,1.451955290310083,-1.5874015591376782,-0.10861304326530741,0.596092660985773,0.9751140741611305,-0.23554009851846266,0.0
439,0.9312024528719897,0.7744617386380273,-1.1047879102148028,3.3424255218913017,3.0011929122934715,-2.48421809909334,-2.9432939375841154,-1.7801935981227421,-0.6152817429272672,-0.10861304326530741,0.596092660985773,0.9751140741611305,-0.23554009851846266,0.0
440,-0.49415505610222277,-0.11218352657470886,-1.1047879102148028,0.12576015759624476,1.6026613163218986,0.4025411457894811,-0.3086357479592415,1.451955290310083,-1.5874015591376782,0.9245573104402203,0.596092660985773,0.9751140741611305,-0.23554009851846266,0.0
441,0.7439584242008254,-1.5313323165745925,-1.1047879102148028,-1.4825725245512835,0.20412972035032528,0.4025411457894811,1.4478030451240078,-1.4210659438524282,0.03279813454634018,-1.141783396970835,0.596092660985773,0.9751140741611305,-0.23554009851846266,0.0
442,1.3630151643523494,0.26223022423390774,-1.1047879102148028,0.12576015759624476,0.20412972035032528,0.4025411457894811,-1.1868551445008662,0.37457232749914127,-0.6152817429272672,-1.141783396970835,0.596092660985773,0.9751140741611305,-0.23554009851846266,0.0
443,-0.06425454210810883,0.5394105501434547,-1.1047879102148028,0.12576015759624476,0.20412972035032528,0.4025411457894811,0.5695836485823832,0.015444673228827383,0.03279813454634018,-0.10861304326530741,,-1.0255210405616166,-0.23554009851846266,0.0
444,-0.25341076826551895,0.7744617386380273,-1.1047879102148028,3.3424255218913017,3.0011929122934715,-2.48421809909334,-2.9432939375841154,-1.7801935981227421,-0.6152817429272672,-1.141783396970835,0.596092660985773,0.9751140741611305,-0.23554009851846266,0.0
445,0.602951055610756,-1.2915722915032284,-1.1047879102148028,-1.4825725245512835,-1.194401875621248,0.4025411457894811,1.4478030451240078,-0.7028106353118004,0.03279813454634018,-0.10861304326530741,0.596092660985773,-1.0255210405616166,-0.23554009851846266,0.0
446,-0.17086986957864908,-0.11218352657470886,-1.1047879102148028,0.12576015759624476,1.6026613163218986,0.4025411457894811,-0.3086357479592415,1.451955290310083,-1.5874015591376782,1.957727664145748,0.596092660985773,0.9751140741611305,-0.23554009851846266,0.0
447,0.7302016077530137,1.4174343603936248,-1.1047879102148028,1.734092839743773,0.20412972035032528,0.4025411457894811,-0.3086357479592415,2.1702105988507108,-0.2912418041904635,-1.141783396970835,0.596092660985773,-1.0255210405616166,4.245561610485679,0.0
448,-0.3221948505045772,-0.11218352657470886,-1.1047879102148028,0.12576015759624476,1.6026613163218986,0.4025411457894811,-0.3086357479592415,1.451955290310083,-1.5874015591376782,1.957727664145748,0.596092660985773,0.9751140741611305,-0.23554009851846266,0.0
449,1.2392038163220447,0.26223022423390774,-1.1047879102148028,0.12576015759624476,0.20412972035032528,0.4025411457894811,-1.1868551445008662,0.37457232749914127,-0.6152817429272672,-0.10861304326530741,0.596092660985773,0.9751140741611305,-0.23554009851846266,0.0
450,-0.28780280938504804,-0.06923339907451666,-1.1047879102148028,0.12576015759624476,0.20412972035032528,0.4025411457894811,-0.3086357479592415,0.015444673228827383,-0.2912418041904635,-1.141783396970835,0.596092660985773,0.9751140741611305,-0.23554009851846266,0.0
451,0.056117601810243084,-1.3607461889988168,-1.1047879102148028,0.12576015759624476,0.20412972035032528,0.4025411457894811,1.4478030451240078,-1.0619382895821143,0.03279813454634018,-0.10861304326530741,0.596092660985773,0.9751140741611305,-0.23554009851846266,0.0
452,0.00452954013094941,0.5394105501434547,-1.1047879102148028,0.12576015759624476,0.20412972035032528,0.4025411457894811,0.5695836485823832,0.015444673228827383,0.03279813454634018,-1.141783396970835,,-1.0255210405616166,-0.23554009851846266,0.0
453,-0.11584260378740249,0.26223022423390774,-1.1047879102148028,0.12576015759624476,0.20412972035032528,0.4025411457894811,-1.1868551445008662,0.37457232749914127,-0.6152817429272672,-1.141783396970835,0.596092660985773,0.9751140741611305,-0.23554009851846266,0.0
454,0.7439584242008254,1.721199985946511,-1.1047879102148028,-1.4825725245512835,-1.194401875621248,-2.48421809909334,-1.1868551445008662,-1.4210659438524282,2.3010777057039657,-0.10861304326530741,0.596092660985773,0.9751140741611305,-0.23554009851846266,0.0
455,2.3775803773784583,0.26223022423390774,-1.1047879102148028,0.12576015759624476,0.20412972035032528,0.4025411457894811,-1.1868551445008662,0.37457232749914127,-0.6152817429272672,0.9245573104402203,0.596092660985773,0.9751140741611305,-0.23554009851846266,0.0
456,-1.1682390620449934,-0.6875505137670367,-1.1047879102148028,0.12576015759624476,0.20412972035032528,0.4025411457894811,0.5695836485823832,0.015444673228827383,0.6808780120199476,-0.10861304326530741,0.596092660985773,-1.0255210405616166,-0.23554009851846266,0.0
457,0.7267624036410608,-0.06923339907451666,-1.0491995783900454,0.12576015759624476,0.20412972035032528,0.4025411457894811,-0.3086357479592415,0.015444673228827383,-0.2912418041904635,-0.10861304326530741,0.596092660985773,0.9751140741611305,-0.23554009851846266,0.0
458,-0.06425454210810883,-1.1780933123090649,-1.0491995783900454,0.12576015759624476,-1.194401875621248,0.4025411457894811,0.5695836485823832,-0.34368298104148653,0.3568380732831439,-1.141783396970835,0.596092660985773,0.9751140741611305,-0.23554009851846266,0.0
459,-0.6661152616998683,-0.11218352657470886,-1.0491995783900454,0.12576015759624476,1.6026613163218986,0.4025411457894811,-0.3086357479592415,1.451955290310083,-1.5874015591376782,0.9245573104402203,,0.9751140741611305,-0.23554009851846266,0.0
460,1.4765089000467955,0.5394105501434547,-1.0491995783900454,0.12576015759624476,0.20412972035032528,0.4025411457894811,0.5695836485823832,0.015444673228827383,0.03279813454634018,-0.10861304326530741,,-1.0255210405616166,-0.23554009851846266,0.0
461,-0.6747132719797506,-1.132050792705702,-1.0491995783900454,0.12576015759624476,-1.194401875621248,0.4025411457894811,0.5695836485823832,0.015444673228827383,0.03279813454634018,0.9245573104402203,0.596092660985773,-1.0255210405616166,-0.23554009851846266,0.0
462,-0.9756436317756304,0.26223022423390774,-1.0491995783900454,0.12576015759624476,0.20412972035032528,0.4025411457894811,-1.1868551445008662,0.37457232749914127,-0.6152817429272672,-1.141783396970835,0.596092660985773,0.9751140741611305,-0.23554009851846266,0.0
463,-1.1338470209254643,-0.11218352657470886,-1.0491995783900454,0.12576015759624476,1.6026613163218986,0.4025411457894811,-0.3086357479592415,1.451955290310083,-1.5874015591376782,1.957727664145748,,0.9751140741611305,-0.23554009851846266,0.0
464,-0.09864658322763793,-0.06923339907451666,-1.0491995783900454,0.12576015759624476,0.20412972035032528,0.4025411457894811,-0.3086357479592415,0.015444673228827383,-0.2912418041904635,-0.10861304326530741,0.596092660985773,0.9751140741611305,-0.23554009851846266,0.0
465,-0.992839652335395,0.26223022423390774,-1.0491995783900454,0.12576015759624476,0.20412972035032528,0.4025411457894811,-1.1868551445008662,0.37457232749914127,-0.6152817429272672,-0.10861304326530741,0.596092660985773,0.9751140741611305,-0.23554009851846266,0.0
466,-0.4253709738631645,0.26223022423390774,-1.0491995783900454,0.12576015759624476,0.20412972035032528,0.4025411457894811,-1.1868551445008662,0.37457232749914127,-0.6152817429272672,-0.10861304326530741,0.596092660985773,0.9751140741611305,-0.23554009851846266,0.0
467,-0.0728525523879911,0.5394105501434547,-1.0491995783900454,0.12576015759624476,0.20412972035032528,0.4025411457894811,0.5695836485823832,0.015444673228827383,0.03279813454634018,-0.10861304326530741,,-1.0255210405616166,-0.23554009851846266,0.0
468,-0.16743066546669616,-1.287887575170266,-1.0491995783900454,-1.4825725245512835,-1.194401875621248,0.4025411457894811,1.4478030451240078,-0.7028106353118004,0.03279813454634018,-0.10861304326530741,0.596092660985773,-1.0255210405616166,-0.23554009851846266,0.0
469,0.7439584242008254,1.721199985946511,-1.0491995783900454,-1.4825725245512835,-1.194401875621248,-2.48421809909334,-1.1868551445008662,-1.4210659438524282,2.3010777057039657,0.9245573104402203,0.596092660985773,0.9751140741611305,-0.23554009851846266,0.0
470,0.9159186297984709,-0.23352145232296595,-1.0491995783900454,0.12576015759624476,0.20412972035032528,0.4025411457894811,-0.3086357479592415,0.7336999817694552,-0.2912418041904635,0.9245573104402203,0.596092660985773,-1.0255210405616166,-0.23554009851846266,0.0
471,-1.0291438909411699,0.26223022423390774,-1.0491995783900454,0.12576015759624476,0.20412972035032528,0.4025411457894811,-1.1868551445008662,0.37457232749914127,-0.6152817429272672,-0.10861304326530741,0.596092660985773,0.9751140741611305,-0.23554009851846266,0.0
472,0.056117601810243084,-1.1780933123090649,-1.0491995783900454,0.12576015759624476,-1.194401875621248,0.4025411457894811,0.5695836485823832,-0.34368298104148653,0.3568380732831439,0.9245573104402203,0.596092660985773,0.9751140741611305,-0.23554009851846266,0.0
473,0.4516260746848279,1.4142387366208409,-1.0491995783900454,3.3424255218913017,0.20412972035032528,0.4025411457894811,-0.3086357479592415,2.5293382531210247,-0.6152817429272672,-1.141783396970835,0.596092660985773,-1.0255210405616166,4.245561610485679,0.0
474,0.27966586908718233,0.5394105501434547,-1.0491995783900454,0.12576015759624476,0.20412972035032528,0.4025411457894811,0.5695836485823832,0.015444673228827383,0.03279813454634018,-1.141783396970835,,-1.0255210405616166,-0.23554009851846266,0.0
475,0.7817896694323074,0.5394105501434547,-1.0491995783900454,0.12576015759624476,0.20412972035032528,0.4025411457894811,0.5695836485823832,0.015444673228827383,0.03279813454634018,-0.10861304326530741,,-1.0255210405616166,-0.23554009851846266,0.0
476,-1.2129487155003813,-0.11218352657470886,-1.0491995783900454,0.12576015759624476,1.6026613163218986,0.4025411457894811,-0.3086357479592415,1.451955290310083,-1.5874015591376782,-0.10861304326530741,,0.9751140741611305,-0.23554009851846266,0.0
477,0.6235862802824734,-1.3509625471015747,-1.0491995783900454,-1.4825725245512835,0.20412972035032528,0.4025411457894811,1.4478030451240078,-1.0619382895821143,0.03279813454634018,-1.141783396970835,0.596092660985773,-1.0255210405616166,-0.23554009851846266,0.0
478,-0.49415505610222277,-1.446919516760685,-1.0491995783900454,0.12576015759624476,0.20412972035032528,0.4025411457894811,1.4478030451240078,-1.0619382895821143,0.03279813454634018,-1.141783396970835,0.596092660985773,-1.0255210405616166,-0.23554009851846266,0.0
479,-0.536422874638124,0.5394105501434547,-1.0491995783900454,0.12576015759624476,0.20412972035032528,0.4025411457894811,0.5695836485823832,0.015444673228827383,0.03279813454634018,-0.10861304326530741,,-1.0255210405616166,-0.23554009851846266,0.0
480,0.331253930766476,-1.3786953435729568,-1.0491995783900454,-1.4825725245512835,-1.194401875621248,0.4025411457894811,1.4478030451240078,-1.4210659438524282,0.03279813454634018,-0.10861304326530741,0.596092660985773,-1.0255210405616166,-0.23554009851846266,0.0
481,0.021725560690713967,0.26223022423390774,-1.0491995783900454,0.12576015759624476,0.20412972035032528,0.4025411457894811,-1.1868551445008662,0.37457232749914127,-0.6152817429272672,-0.10861304326530741,0.596092660985773,0.9751140741611305,-0.23554009851846266,0.0
482,-0.5457431177815164,-1.446919516760685,-1.0491995783900454,0.12576015759624476,0.20412972035032528,0.4025411457894811,1.4478030451240078,-1.0619382895821143,0.03279813454634018,0.9245573104402203,0.596092660985773,-1.0255210405616166,-0.23554009851846266,0.0
483,1.1394668970754103,0.5394105501434547,-1.0491995783900454,0.12576015759624476,0.20412972035032528,0.4025411457894811,0.5695836485823832,0.015444673228827383,0.03279813454634018,-1.141783396970835,,-1.0255210405616166,-0.23554009851846266,0.0
484,0.056117601810243084,1.721199985946511,-1.0491995783900454,-1.4825725245512835,-1.194401875621248,-2.48421809909334,-1.1868551445008662,-1.4210659438524282,2.3010777057039657,0.9245573104402203,0.596092660985773,0.9751140741611305,-0.23554009851846266,0.0
485,-0.8896635289768076,-1.132050792705702,-1.0491995783900454,0.12576015759624476,-1.194401875621248,0.4025411457894811,0.5695836485823832,0.015444673228827383,0.03279813454634018,1.957727664145748,0.596092660985773,-1.0255210405616166,-0.23554009851846266,0.0
486,-0.8036834261779848,-1.132050792705702,-1.0491995783900454,0.12576015759624476,-1.194401875621248,0.4025411457894811,0.5695836485823832,0.015444673228827383,0.03279813454634018,-0.10861304326530741,0.596092660985773,-1.0255210405616166,-0.23554009851846266,0.0
487,1.034378576230577,-1.5226355748289113,-1.0491995783900454,0.12576015759624476,0.20412972035032528,0.4025411457894811,1.4478030451240078,-0.7028106353118004,0.03279813454634018,-1.141783396970835,0.596092660985773,-1.0255210405616166,-0.23554009851846266,0.0
488,2.325992315699165,-1.132050792705702,-0.993611246565288,0.12576015759624476,-1.194401875621248,0.4025411457894811,0.5695836485823832,0.015444673228827383,0.03279813454634018,-1.141783396970835,0.596092660985773,-1.0255210405616166,-0.23554009851846266,0.0
489,-1.1304078168135114,-0.11218352657470886,-0.993611246565288,0.12576015759624476,1.6026613163218986,0.4025411457894811,-0.3086357479592415,1.451955290310083,-1.5874015591376782,-0.10861304326530741,,0.9751140741611305,-0.23554009851846266,0.0
490,-0.25341076826551895,-0.11218352657470886,-0.993611246565288,0.12576015759624476,1.6026613163218986,0.4025411457894811,-0.3086357479592415,1.451955290310083,-1.5874015591376782,0.9245573104402203,,0.9751140741611305,-0.23554009851846266,0.0
491,-0.3221948505045772,-1.287887575170266,-0.993611246565288,-1.4825725245512835,-1.194401875621248,0.4025411457894811,1.4478030451240078,-0.7028106353118004,0.03279813454634018,-0.10861304326530741,0.596092660985773,-1.0255210405616166,-0.23554009851846266,0.0
492,-1.079163675545413,-1.1780933123090649,-0.993611246565288,0.12576015759624476,-1.194401875621248,0.4025411457894811,0.5695836485823832,-0.34368298104148653,0.3568380732831439,-1.141783396970835,0.596092660985773,0.9751140741611305,-0.23554009851846266,0.0
493,-0.8380754672975139,-1.1780933123090649,-0.993611246565288,0.12576015759624476,-1.194401875621248,0.4025411457894811,0.5695836485823832,-0.34368298104148653,0.3568380732831439,0.9245573104402203,0.596092660985773,0.9751140741611305,-0.23554009851846266,0.0
494,0.3656459718860051,-0.12459671560777764,-0.993611246565288,0.12576015759624476,0.20412972035032528,0.4025411457894811,-1.1868551445008662,0.37457232749914127,0.03279813454634018,-1.141783396970835,0.596092660985773,0.9751140741611305,-0.23554009851846266,0.0
495,-0.28780280938504804,0.26223022423390774,-0.993611246565288,0.12576015759624476,0.20412972035032528,0.4025411457894811,-1.1868551445008662,0.37457232749914127,-0.6152817429272672,-0.10861304326530741,0.596092660985773,0.9751140741611305,-0.23554009851846266,0.0
496,1.1394668970754103,0.26223022423390774,-0.993611246565288,0.12576015759624476,0.20412972035032528,0.4025411457894811,-1.1868551445008662,0.37457232749914127,-0.6152817429272672,0.9245573104402203,0.596092660985773,0.9751140741611305,-0.23554009851846266,0.0
497,1.9820719045038735,1.4142387366208409,-0.993611246565288,3.3424255218913017,0.20412972035032528,0.4025411457894811,-0.3086357479592415,2.5293382531210247,-0.6152817429272672,-1.141783396970835,0.596092660985773,-1.0255210405616166,4.245561610485679,0.0
498,-1.1733978682129227,-1.3607461889988168,-0.993611246565288,0.12576015759624476,0.20412972035032528,0.4025411457894811,1.4478030451240078,-1.0619382895821143,0.03279813454634018,-0.10861304326530741,0.596092660985773,0.9751140741611305,-0.23554009851846266,0.0
499,-0.2362147477057544,-0.6875505137670367,-0.993611246565288,0.12576015759624476,0.20412972035032528,0.4025411457894811,0.5695836485823832,0.015444673228827383,0.6808780120199476,-1.141783396970835,0.596092660985773,-1.0255210405616166,-0.23554009851846266,0.0
500,-1.3195640429709214,-1.3664521180311011,-0.993611246565288,-1.4825725245512835,-1.194401875621248,0.4025411457894811,1.4478030451240078,-1.4210659438524282,0.03279813454634018,-0.10861304326530741,0.596092660985773,-1.0255210405616166,-0.23554009851846266,0.0
501,1.4317992465914076,-1.132050792705702,-0.993611246565288,0.12576015759624476,-1.194401875621248,0.4025411457894811,0.5695836485823832,0.015444673228827383,0.03279813454634018,0.9245573104402203,0.596092660985773,-1.0255210405616166,-0.23554009851846266,0.0
502,-1.2284251340041694,1.4174343603936248,-0.993611246565288,1.734092839743773,0.20412972035032528,0.4025411457894811,-0.3086357479592415,2.1702105988507108,-0.2912418041904635,-1.141783396970835,0.596092660985773,-1.0255210405616166,4.245561610485679,0.0
503,-0.05049772566029717,1.1915731360422939,-0.993611246565288,1.734092839743773,0.20412972035032528,0.4025411457894811,-0.3086357479592415,2.5293382531210247,-0.2912418041904635,-1.141783396970835,0.596092660985773,-1.0255210405616166,4.245561610485679,0.0
504,1.4489952671511723,0.5394105501434547,-0.993611246565288,0.12576015759624476,0.20412972035032528,0.4025411457894811,0.5695836485823832,0.015444673228827383,0.03279813454634018,0.9245573104402203,,-1.0255210405616166,-0.23554009851846266,0.0
505,-0.2725189863115293,0.26223022423390774,-0.993611246565288,0.12576015759624476,0.20412972035032528,0.4025411457894811,-1.1868551445008662,0.37457232749914127,-0.6152817429272672,0.9245573104402203,0.596092660985773,0.9751140741611305,-0.23554009851846266,0.0
506,-0.37569510967011666,0.7744617386380273,-0.993611246565288,3.3424255218913017,3.0011929122934715,-2.48421809909334,-2.9432939375841154,-1.7801935981227421,-0.6152817429272672,-0.10861304326530741,0.596092660985773,0.9751140741611305,-0.23554009851846266,0.0
507,-0.06425454210810883,0.5394105501434547,-0.993611246565288,0.12576015759624476,0.20412972035032528,0.4025411457894811,0.5695836485823832,0.015444673228827383,0.03279813454634018,-0.10861304326530741,,-1.0255210405616166,-0.23554009851846266,0.0
508,3.753262022159623,-0.12459671560777764,-0.993611246565288,0.12576015759624476,0.20412972035032528,0.4025411457894811,-1.1868551445008662,0.37457232749914127,0.03279813454634018,0.9245573104402203,0.596092660985773,0.9751140741611305,-0.23554009851846266,0.0
509,0.021725560690713967,0.26223022423390774,-0.993611246565288,0.12576015759624476,0.20412972035032528,0.4025411457894811,-1.1868551445008662,0.37457232749914127,-0.6152817429272672,-0.10861304326530741,0.596092660985773,0.9751140741611305,-0.23554009851846266,0.0
510,-0.5319863013337047,0.5394105501434547,-0.993611246565288,0.12576015759624476,0.20412972035032528,0.4025411457894811,0.5695836485823832,0.015444673228827383,0.03279813454634018,-0.10861304326530741,,-1.0255210405616166,-0.23554009851846266,0.0
511,0.7439584242008254,-1.3607461889988168,-0.993611246565288,0.12576015759624476,0.20412972035032528,0.4025411457894811,1.4478030451240078,-1.0619382895821143,0.03279813454634018,-0.10861304326530741,0.596092660985773,0.9751140741611305,-0.23554009851846266,0.0
512,-1.1632728513073334,-0.11218352657470886,-0.993611246565288,0.12576015759624476,1.6026613163218986,0.4025411457894811,-0.3086357479592415,1.451955290310083,-1.5874015591376782,-1.141783396970835,,0.9751140741611305,-0.23554009851846266,0.0
513,0.17992894984054789,-1.132050792705702,-0.993611246565288,0.12576015759624476,-1.194401875621248,0.4025411457894811,0.5695836485823832,0.015444673228827383,0.03279813454634018,-0.10861304326530741,0.596092660985773,-1.0255210405616166,-0.23554009851846266,0.0
514,0.6579783214020026,1.721199985946511,-0.993611246565288,-1.4825725245512835,-1.194401875621248,-2.48421809909334,-1.1868551445008662,-1.4210659438524282,2.3010777057039657,-1.141783396970835,0.596092660985773,0.9751140741611305,-0.23554009851846266,0.0
515,-0.0728525523879911,-1.5226355748289113,-0.993611246565288,0.12576015759624476,0.20412972035032528,0.4025411457894811,1.4478030451240078,-0.7028106353118004,0.03279813454634018,0.9245573104402203,0.596092660985773,-1.0255210405616166,-0.23554009851846266,0.0
516,1.4317992465914076,-0.12459671560777764,-0.993611246565288,0.12576015759624476,0.20412972035032528,0.4025411457894811,-1.1868551445008662,0.37457232749914127,0.03279813454634018,-1.141783396970835,0.596092660985773,0.9751140741611305,-0.23554009851846266,0.0
517,-0.11584260378740249,-1.5226355748289113,-0.993611246565288,0.12576015759624476,0.20412972035032528,0.4025411457894811,1.4478030451240078,-0.7028106353118004,0.03279813454634018,0.9245573104402203,0.596092660985773,-1.0255210405616166,-0.23554009851846266,0.0
518,-1.2335839401720987,-0.11218352657470886,-0.993611246565288,0.12576015759624476,1.6026613163218986,0.4025411457894811,-0.3086357479592415,1.451955290310083,-1.5874015591376782,0.9245573104402203,,0.9751140741611305,-0.23554009851846266,0.0
519,-1.0564649284065237,-0.11218352657470886,-0.993611246565288,0.12576015759624476,1.6026613163218986,0.4025411457894811,-0.3086357479592415,1.451955290310083,-1.5874015591376782,0.9245573104402203,,0.9751140741611305,-0.23554009851846266,0.0
520,0.4086360232854165,-1.5313323165745925,-0.9380229147405307,-1.4825725245512835,0.20412972035032528,0.4025411457894811,1.4478030451240078,-1.4210659438524282,0.03279813454634018,-0.10861304326530741,0.596092660985773,0.9751140741611305,-0.23554009851846266,0.0
521,0.09910765320965448,-1.5226355748289113,-0.9380229147405307,0.12576015759624476,0.20412972035032528,0.4025411457894811,1.4478030451240078,-0.7028106353118004,0.03279813454634018,-0.10861304326530741,0.596092660985773,-1.0255210405616166,-0.23554009851846266,0.0
522,0.8041444961600013,-1.132050792705702,-0.9380229147405307,0.12576015759624476,-1.194401875621248,0.4025411457894811,0.5695836485823832,0.015444673228827383,0.03279813454634018,0.9245573104402203,0.596092660985773,-1.0255210405616166,-0.23554009851846266,0.0
523,-1.147603837373276,-0.11218352657470886,-0.9380229147405307,0.12576015759624476,1.6026613163218986,0.4025411457894811,-0.3086357479592415,1.451955290310083,-1.5874015591376782,-0.10861304326530741,,0.9751140741611305,-0.23554009851846266,0.0
524,-1.2473407566199104,1.721199985946511,-0.9380229147405307,-1.4825725245512835,-1.194401875621248,-2.48421809909334,-1.1868551445008662,-1.4210659438524282,2.3010777057039657,-1.141783396970835,0.596092660985773,0.9751140741611305,-0.23554009851846266,0.0
525,0.49461612608423927,1.721199985946511,-0.9380229147405307,-1.4825725245512835,-1.194401875621248,-2.48421809909334,-1.1868551445008662,-1.4210659438524282,2.3010777057039657,-1.141783396970835,0.596092660985773,0.9751140741611305,-0.23554009851846266,0.0
526,0.7439584242008254,-0.06923339907451666,-0.9380229147405307,0.12576015759624476,0.20412972035032528,0.4025411457894811,-0.3086357479592415,0.015444673228827383,-0.2912418041904635,-0.10861304326530741,0.596092660985773,0.9751140741611305,-0.23554009851846266,0.0
527,3.5813018165619774,0.4634122513595858,-0.9380229147405307,0.12576015759624476,0.20412972035032528,0.4025411457894811,-0.3086357479592415,0.37457232749914127,-0.2912418041904635,-0.10861304326530741,0.596092660985773,0.9751140741611305,-0.23554009851846266,0.0
528,-1.2542191648438161,-1.132050792705702,-0.9380229147405307,0.12576015759624476,-1.194401875621248,0.4025411457894811,0.5695836485823832,0.015444673228827383,0.03279813454634018,-0.10861304326530741,0.596092660985773,-1.0255210405616166,-0.23554009851846266,0.0
529,-0.029862500988579704,-1.5226355748289113,-0.9380229147405307,0.12576015759624476,0.20412972035032528,0.4025411457894811,1.4478030451240078,-0.7028106353118004,0.03279813454634018,0.9245573104402203,0.596092660985773,-1.0255210405616166,-0.23554009851846266,0.0
530,-1.0994549798059352,-0.11218352657470886,-0.9380229147405307,0.12576015759624476,1.6026613163218986,0.4025411457894811,-0.3086357479592415,1.451955290310083,-1.5874015591376782,-0.10861304326530741,,0.9751140741611305,-0.23554009851846266,0.0
531,-0.3823809224637531,1.721199985946511,-0.9380229147405307,-1.4825725245512835,-1.194401875621248,-2.48421809909334,-1.1868551445008662,-1.4210659438524282,2.3010777057039657,-0.10861304326530741,0.596092660985773,0.9751140741611305,-0.23554009851846266,0.0
532,-0.05049772566029717,1.1915731360422939,-0.9380229147405307,1.734092839743773,0.20412972035032528,0.4025411457894811,-0.3086357479592415,2.5293382531210247,-0.2912418041904635,-1.141783396970835,0.596092660985773,-1.0255210405616166,4.245561610485679,0.0
533,-0.21901872714598983,1.721199985946511,-0.9380229147405307,-1.4825725245512835,-1.194401875621248,-2.48421809909334,-1.1868551445008662,-1.4210659438524282,2.3010777057039657,0.9245573104402203,0.596092660985773,0.9751140741611305,-0.23554009851846266,0.0
534,0.5169709528119332,1.721199985946511,-0.9380229147405307,-1.4825725245512835,-1.194401875621248,-2.48421809909334,-1.1868551445008662,-1.4210659438524282,2.3010777057039657,1.957727664145748,0.596092660985773,0.9751140741611305,-0.23554009851846266,0.0
535,-1.1390058270933936,-1.3607461889988168,-0.9380229147405307,0.12576015759624476,0.20412972035032528,0.4025411457894811,1.4478030451240078,-1.0619382895821143,0.03279813454634018,-0.10861304326530741,0.596092660985773,0.9751140741611305,-0.23554009851846266,0.0
536,-1.2507799607318633,-1.132050792705702,-0.9380229147405307,0.12576015759624476,-1.194401875621248,0.4025411457894811,0.5695836485823832,0.015444673228827383,0.03279813454634018,0.9245573104402203,0.596092660985773,-1.0255210405616166,-0.23554009851846266,0.0
537,-1.181995878492805,-0.11218352657470886,-0.9380229147405307,0.12576015759624476,1.6026613163218986,0.4025411457894811,-0.3086357479592415,1.451955290310083,-1.5874015591376782,0.9245573104402203,,0.9751140741611305,-0.23554009851846266,0.0
538,0.7439584242008254,1.721199985946511,-0.9380229147405307,-1.4825725245512835,-1.194401875621248,-2.48421809909334,-1.1868551445008662,-1.4210659438524282,2.3010777057039657,0.9245573104402203,0.596092660985773,0.9751140741611305,-0.23554009851846266,0.0
539,1.2220077957622801,0.26223022423390774,-0.9380229147405307,0.12576015759624476,0.20412972035032528,0.4025411457894811,-1.1868551445008662,0.37457232749914127,-0.6152817429272672,-0.10861304326530741,0.596092660985773,0.9751140741611305,-0.23554009851846266,0.0
540,-1.1905938887726872,1.721199985946511,-0.9380229147405307,-1.4825725245512835,-1.194401875621248,-2.48421809909334,-1.1868551445008662,-1.4210659438524282,2.3010777057039657,0.9245573104402203,0.596092660985773,0.9751140741611305,-0.23554009851846266,0.0
541,-0.11584260378740249,0.26223022423390774,-0.9380229147405307,0.12576015759624476,0.20412972035032528,0.4025411457894811,-1.1868551445008662,0.37457232749914127,-0.6152817429272672,-1.141783396970835,0.596092660985773,0.9751140741611305,-0.23554009851846266,0.0
542,-0.09864658322763793,-1.1780933123090649,-0.9380229147405307,0.12576015759624476,-1.194401875621248,0.4025411457894811,0.5695836485823832,-0.34368298104148653,0.3568380732831439,-1.141783396970835,0.596092660985773,0.9751140741611305,-0.23554009851846266,0.0
543,0.8815265886789418,-0.11218352657470886,-0.9380229147405307,0.12576015759624476,1.6026613163218986,0.4025411457894811,-0.3086357479592415,1.451955290310083,-1.5874015591376782,-1.141783396970835,,0.9751140741611305,-0.23554009851846266,0.0
544,0.6407823008422381,1.721199985946511,-0.9380229147405307,-1.4825725245512835,-1.194401875621248,-2.48421809909334,-1.1868551445008662,-1.4210659438524282,2.3010777057039657,-1.141783396970835,0.596092660985773,0.9751140741611305,-0.23554009851846266,0.0
545,-1.219827123724287,-1.132050792705702,-0.9380229147405307,0.12576015759624476,-1.194401875621248,0.4025411457894811,0.5695836485823832,0.015444673228827383,0.03279813454634018,1.957727664145748,0.596092660985773,-1.0255210405616166,-0.23554009851846266,0.0
546,-0.06425454210810883,-1.1780933123090649,-0.9380229147405307,0.12576015759624476,-1.194401875621248,0.4025411457894811,0.5695836485823832,-0.34368298104148653,0.3568380732831439,0.9245573104402203,0.596092660985773,0.9751140741611305,-0.23554009851846266,0.0
547,1.3974072054718785,-1.132050792705702,-0.8824345829157733,0.12576015759624476,-1.194401875621248,0.4025411457894811,0.5695836485823832,0.015444673228827383,0.03279813454634018,1.957727664145748,0.596092660985773,-1.0255210405616166,-0.23554009851846266,0.0
548,-0.029862500988579704,-1.3607461889988168,-0.8824345829157733,0.12576015759624476,0.20412972035032528,0.4025411457894811,1.4478030451240078,-1.0619382895821143,0.03279813454634018,-0.10861304326530741,0.596092660985773,0.9751140741611305,-0.23554009851846266,0.0
549,-0.029862500988579704,1.721199985946511,-0.8824345829157733,-1.4825725245512835,-1.194401875621248,-2.48421809909334,-1.1868551445008662,-1.4210659438524282,2.3010777057039657,-0.10861304326530741,0.596092660985773,0.9751140741611305,-0.23554009851846266,0.0
550,-0.4597630149826936,0.26223022423390774,-0.8824345829157733,0.12576015759624476,0.20412972035032528,0.4025411457894811,-1.1868551445008662,0.37457232749914127,-0.6152817429272672,-1.141783396970835,0.596092660985773,0.9751140741611305,-0.23554009851846266,0.0
551,-0.2706067888252835,-0.11218352657470886,-0.8824345829157733,0.12576015759624476,1.6026613163218986,0.4025411457894811,-0.3086357479592415,1.451955290310083,-1.5874015591376782,-1.141783396970835,,0.9751140741611305,-0.23554009851846266,0.0
552,0.29342268553499395,-0.06923339907451666,-0.8824345829157733,0.12576015759624476,0.20412972035032528,0.4025411457894811,-0.3086357479592415,0.015444673228827383,-0.2912418041904635,-0.10861304326530741,0.596092660985773,0.9751140741611305,-0.23554009851846266,0.0
553,-0.0728525523879911,0.5394105501434547,-0.8824345829157733,0.12576015759624476,0.20412972035032528,0.4025411457894811,0.5695836485823832,0.015444673228827383,0.03279813454634018,0.9245573104402203,,-1.0255210405616166,-0.23554009851846266,0.0
554,-0.3221948505045772,0.26223022423390774,-0.8824345829157733,0.12576015759624476,0.20412972035032528,0.4025411457894811,-1.1868551445008662,0.37457232749914127,-0.6152817429272672,0.9245573104402203,0.596092660985773,0.9751140741611305,-0.23554009851846266,0.0
555,1.1222708765156457,1.4174343603936248,-0.8824345829157733,1.734092839743773,0.20412972035032528,0.4025411457894811,-0.3086357479592415,2.1702105988507108,-0.2912418041904635,-1.141783396970835,0.596092660985773,-1.0255210405616166,4.245561610485679,0.0
556,-0.4339689841430468,-1.132050792705702,-0.8824345829157733,0.12576015759624476,-1.194401875621248,0.4025411457894811,0.5695836485823832,0.015444673228827383,0.03279813454634018,1.957727664145748,0.596092660985773,-1.0255210405616166,-0.23554009851846266,0.0
557,0.2624698485274178,0.5394105501434547,-0.8824345829157733,0.12576015759624476,0.20412972035032528,0.4025411457894811,0.5695836485823832,0.015444673228827383,0.03279813454634018,-1.141783396970835,,-1.0255210405616166,-0.23554009851846266,0.0
558,0.6904581650352859,1.721199985946511,-0.8824345829157733,-1.4825725245512835,-1.194401875621248,-2.48421809909334,-1.1868551445008662,-1.4210659438524282,2.3010777057039657,1.957727664145748,0.596092660985773,0.9751140741611305,-0.23554009851846266,0.0
559,-0.21557952303403694,1.1915731360422939,-0.8824345829157733,1.734092839743773,0.20412972035032528,0.4025411457894811,-0.3086357479592415,2.5293382531210247,-0.2912418041904635,-1.141783396970835,0.596092660985773,-1.0255210405616166,4.245561610485679,0.0
560,-0.28780280938504804,0.7744617386380273,-0.8824345829157733,3.3424255218913017,3.0011929122934715,-2.48421809909334,-2.9432939375841154,-1.7801935981227421,-0.6152817429272672,-1.141783396970835,0.596092660985773,0.9751140741611305,-0.23554009851846266,0.0
561,-1.1424450312053465,-0.11218352657470886,-0.8824345829157733,0.12576015759624476,1.6026613163218986,0.4025411457894811,-0.3086357479592415,1.451955290310083,-1.5874015591376782,0.9245573104402203,,0.9751140741611305,-0.23554009851846266,0.0
562,1.0362907737168228,-0.11218352657470886,-0.8824345829157733,0.12576015759624476,1.6026613163218986,0.4025411457894811,-0.3086357479592415,1.451955290310083,-1.5874015591376782,-1.141783396970835,,0.9751140741611305,-0.23554009851846266,0.0
563,0.7095663830812963,-1.132050792705702,-0.8824345829157733,0.12576015759624476,-1.194401875621248,0.4025411457894811,0.5695836485823832,0.015444673228827383,0.03279813454634018,-1.141783396970835,0.596092660985773,-1.0255210405616166,-0.23554009851846266,0.0
564,-0.1192818078993554,-1.5313323165745925,-0.8824345829157733,-1.4825725245512835,0.20412972035032528,0.4025411457894811,1.4478030451240078,-1.4210659438524282,0.03279813454634018,-0.10861304326530741,0.596092660985773,0.9751140741611305,-0.23554009851846266,0.0
565,-0.09004857294775566,0.5394105501434547,-0.8824345829157733,0.12576015759624476,0.20412972035032528,0.4025411457894811,0.5695836485823832,0.015444673228827383,0.03279813454634018,-0.10861304326530741,,-1.0255210405616166,-0.23554009851846266,0.0
566,-1.2163879196123342,-0.6875505137670367,-0.8824345829157733,0.12576015759624476,0.20412972035032528,0.4025411457894811,0.5695836485823832,0.015444673228827383,0.6808780120199476,0.9245573104402203,0.596092660985773,-1.0255210405616166,-0.23554009851846266,0.0
567,-0.5182294848858932,-0.11218352657470886,-0.8824345829157733,0.12576015759624476,1.6026613163218986,0.4025411457894811,-0.3086357479592415,1.451955290310083,-1.5874015591376782,1.957727664145748,,0.9751140741611305,-0.23554009851846266,0.0
568,-0.22093092463223565,-1.3509625471015747,-0.8824345829157733,-1.4825725245512835,0.20412972035032528,0.4025411457894811,1.4478030451240078,-1.0619382895821143,0.03279813454634018,-0.10861304326530741,0.596092660985773,-1.0255210405616166,-0.23554009851846266,0.0
569,-1.2163879196123342,0.7744617386380273,-0.8268462510910158,3.3424255218913017,3.0011929122934715,-2.48421809909334,-2.9432939375841154,-1.7801935981227421,-0.6152817429272672,0.9245573104402203,0.596092660985773,0.9751140741611305,-0.23554009851846266,0.0
570,-0.36518490190398856,0.7744617386380273,-0.8268462510910158,3.3424255218913017,3.0011929122934715,-2.48421809909334,-2.9432939375841154,-1.7801935981227421,-0.6152817429272672,0.9245573104402203,0.596092660985773,0.9751140741611305,-0.23554009851846266,0.0
571,-0.39097893274363543,0.5394105501434547,-0.8268462510910158,0.12576015759624476,0.20412972035032528,0.4025411457894811,0.5695836485823832,0.015444673228827383,0.03279813454634018,0.9245573104402203,,-1.0255210405616166,-0.23554009851846266,0.0
572,-1.2679759812916278,1.1915731360422939,-0.8268462510910158,1.734092839743773,0.20412972035032528,0.4025411457894811,-0.3086357479592415,2.5293382531210247,-0.2912418041904635,-1.141783396970835,0.596092660985773,-1.0255210405616166,4.245561610485679,0.0
573,0.6889311584095787,-0.6875505137670367,-0.8268462510910158,0.12576015759624476,0.20412972035032528,0.4025411457894811,0.5695836485823832,0.015444673228827383,0.6808780120199476,-1.141783396970835,0.596092660985773,-1.0255210405616166,-0.23554009851846266,0.0
574,-0.30499882994481264,0.26223022423390774,-0.8268462510910158,0.12576015759624476,0.20412972035032528,0.4025411457894811,-1.1868551445008662,0.37457232749914127,-0.6152817429272672,-1.141783396970835,0.596092660985773,0.9751140741611305,-0.23554009851846266,0.0
575,1.6037594521890532,-0.2045515786170193,-0.8268462510910158,0.12576015759624476,0.20412972035032528,0.4025411457894811,-0.3086357479592415,0.7336999817694552,-0.6152817429272672,-1.141783396970835,0.596092660985773,0.9751140741611305,-0.23554009851846266,0.0
576,-0.4116141574153529,1.721199985946511,-0.8268462510910158,-1.4825725245512835,-1.194401875621248,-2.48421809909334,-1.1868551445008662,-1.4210659438524282,2.3010777057039657,0.9245573104402203,0.596092660985773,0.9751140741611305,-0.23554009851846266,0.0
577,-1.2542191648438161,-1.132050792705702,-0.8268462510910158,0.12576015759624476,-1.194401875621248,0.4025411457894811,0.5695836485823832,0.015444673228827383,0.03279813454634018,1.957727664145748,0.596092660985773,-1.0255210405616166,-0.23554009851846266,0.0
578,0.09910765320965448,0.5394105501434547,-0.8268462510910158,0.12576015759624476,0.20412972035032528,0.4025411457894811,0.5695836485823832,0.015444673228827383,0.03279813454634018,0.9245573104402203,,-1.0255210405616166,-0.23554009851846266,0.0
579,-0.012666480428815147,-1.132050792705702,-0.8268462510910158,0.12576015759624476,-1.194401875621248,0.4025411457894811,0.5695836485823832,0.015444673228827383,0.03279813454634018,-1.141783396970835,0.596092660985773,-1.0255210405616166,-0.23554009851846266,0.0
580,-0.36518490190398856,0.7744617386380273,-0.8268462510910158,3.3424255218913017,3.0011929122934715,-2.48421809909334,-2.9432939375841154,-1.7801935981227421,-0.6152817429272672,-0.10861304326530741,0.596092660985773,0.9751140741611305,-0.23554009851846266,0.0
581,-0.4081749533034,1.721199985946511,-0.8268462510910158,-1.4825725245512835,-1.194401875621248,-2.48421809909334,-1.1868551445008662,-1.4210659438524282,2.3010777057039657,1.957727664145748,0.596092660985773,0.9751140741611305,-0.23554009851846266,0.0
582,-1.2767665870017795,-1.132050792705702,-0.8268462510910158,0.12576015759624476,-1.194401875621248,0.4025411457894811,0.5695836485823832,0.015444673228827383,0.03279813454634018,-0.10861304326530741,0.596092660985773,-1.0255210405616166,-0.23554009851846266,0.0
583,0.27966586908718233,-1.3607461889988168,-0.8268462510910158,0.12576015759624476,0.20412972035032528,0.4025411457894811,1.4478030451240078,-1.0619382895821143,0.03279813454634018,0.9245573104402203,0.596092660985773,0.9751140741611305,-0.23554009851846266,0.0
584,-0.6867504863715858,-1.3607461889988168,-0.8268462510910158,0.12576015759624476,0.20412972035032528,0.4025411457894811,1.4478030451240078,-1.0619382895821143,0.03279813454634018,-1.141783396970835,0.596092660985773,0.9751140741611305,-0.23554009851846266,0.0
585,0.8471345475594128,-0.11218352657470886,-0.8268462510910158,0.12576015759624476,1.6026613163218986,0.4025411457894811,-0.3086357479592415,1.451955290310083,-1.5874015591376782,1.957727664145748,,0.9751140741611305,-0.23554009851846266,0.0
586,-0.2362147477057544,-0.11218352657470886,-0.8268462510910158,0.12576015759624476,1.6026613163218986,0.4025411457894811,-0.3086357479592415,1.451955290310083,-1.5874015591376782,0.9245573104402203,,0.9751140741611305,-0.23554009851846266,0.0
587,1.0878788353961166,1.721199985946511,-0.8268462510910158,-1.4825725245512835,-1.194401875621248,-2.48421809909334,-1.1868551445008662,-1.4210659438524282,2.3010777057039657,-0.10861304326530741,0.596092660985773,0.9751140741611305,-0.23554009851846266,0.0
588,-1.340199267642639,-1.3664521180311011,-0.8268462510910158,-1.4825725245512835,-1.194401875621248,0.4025411457894811,1.4478030451240078,-1.4210659438524282,0.03279813454634018,0.9245573104402203,0.596092660985773,-1.0255210405616166,-0.23554009851846266,0.0
589,1.0534867942765873,-0.11218352657470886,-0.8268462510910158,0.12576015759624476,1.6026613163218986,0.4025411457894811,-0.3086357479592415,1.451955290310083,-1.5874015591376782,-0.10861304326530741,,0.9751140741611305,-0.23554009851846266,0.0
590,2.1024440484222255,1.721199985946511,-0.8268462510910158,-1.4825725245512835,-1.194401875621248,-2.48421809909334,-1.1868551445008662,-1.4210659438524282,2.3010777057039657,0.9245573104402203,0.596092660985773,0.9751140741611305,-0.23554009851846266,0.0
591,-0.562939138341281,0.5394105501434547,-0.8268462510910158,0.12576015759624476,0.20412972035032528,0.4025411457894811,0.5695836485823832,0.015444673228827383,0.03279813454634018,-0.10861304326530741,,-1.0255210405616166,-0.23554009851846266,0.0
592,0.331253930766476,1.4142387366208409,-0.8268462510910158,3.3424255218913017,0.20412972035032528,0.4025411457894811,-0.3086357479592415,2.5293382531210247,-0.6152817429272672,-1.141783396970835,0.596092660985773,-1.0255210405616166,4.245561610485679,0.0
593,1.259839040993762,-1.1780933123090649,-0.8268462510910158,0.12576015759624476,-1.194401875621248,0.4025411457894811,0.5695836485823832,-0.34368298104148653,0.3568380732831439,-0.10861304326530741,0.596092660985773,0.9751140741611305,-0.23554009851846266,0.0
594,-0.8896635289768076,-1.1780933123090649,-0.8268462510910158,0.12576015759624476,-1.194401875621248,0.4025411457894811,0.5695836485823832,-0.34368298104148653,0.3568380732831439,0.9245573104402203,0.596092660985773,0.9751140741611305,-0.23554009851846266,0.0
595,-0.30499882994481264,-1.132050792705702,-0.8268462510910158,0.12576015759624476,-1.194401875621248,0.4025411457894811,0.5695836485823832,0.015444673228827383,0.03279813454634018,1.957727664145748,0.596092660985773,-1.0255210405616166,-0.23554009851846266,0.0
596,-0.029862500988579704,-1.5226355748289113,-0.7712579192662584,0.12576015759624476,0.20412972035032528,0.4025411457894811,1.4478030451240078,-0.7028106353118004,0.03279813454634018,-1.141783396970835,0.596092660985773,-1.0255210405616166,-0.23554009851846266,0.0
597,1.5177793493902305,-0.2045515786170193,-0.7712579192662584,0.12576015759624476,0.20412972035032528,0.4025411457894811,-0.3086357479592415,0.7336999817694552,-0.6152817429272672,-1.141783396970835,0.596092660985773,0.9751140741611305,-0.23554009851846266,0.0
598,-0.9790828358875833,0.26223022423390774,-0.7712579192662584,0.12576015759624476,0.20412972035032528,0.4025411457894811,-1.1868551445008662,0.37457232749914127,-0.6152817429272672,-0.10861304326530741,0.596092660985773,0.9751140741611305,-0.23554009851846266,0.0
599,1.4833873082707014,-0.11218352657470886,-0.7712579192662584,0.12576015759624476,1.6026613163218986,0.4025411457894811,-0.3086357479592415,1.451955290310083,-1.5874015591376782,-1.141783396970835,,0.9751140741611305,-0.23554009851846266,0.0
600,-0.11584260378740249,1.721199985946511,-0.7712579192662584,-1.4825725245512835,-1.194401875621248,-2.48421809909334,-1.1868551445008662,-1.4210659438524282,2.3010777057039657,-1.141783396970835,0.596092660985773,0.9751140741611305,-0.23554009851846266,0.0
601,-0.7692913850584556,-1.132050792705702,-0.7712579192662584,0.12576015759624476,-1.194401875621248,0.4025411457894811,0.5695836485823832,0.015444673228827383,0.03279813454634018,-0.10861304326530741,0.596092660985773,-1.0255210405616166,-0.23554009851846266,0.0
602,1.2942310821132912,1.2364398805385552,-0.7712579192662584,1.734092839743773,0.20412972035032528,0.4025411457894811,-0.3086357479592415,2.5293382531210247,-0.2912418041904635,-1.141783396970835,0.596092660985773,-1.0255210405616166,4.245561610485679,0.0
603,-0.28780280938504804,-0.11218352657470886,-0.7712579192662584,0.12576015759624476,1.6026613163218986,0.4025411457894811,-0.3086357479592415,1.451955290310083,-1.5874015591376782,0.9245573104402203,,0.9751140741611305,-0.23554009851846266,0.0
604,-0.1502346449069316,0.5394105501434547,-0.7712579192662584,0.12576015759624476,0.20412972035032528,0.4025411457894811,0.5695836485823832,0.015444673228827383,0.03279813454634018,-0.10861304326530741,,-1.0255210405616166,-0.23554009851846266,0.0
605,-1.0186336831750418,0.26223022423390774,-0.7712579192662584,0.12576015759624476,0.20412972035032528,0.4025411457894811,-1.1868551445008662,0.37457232749914127,-0.6152817429272672,-1.141783396970835,0.596092660985773,0.9751140741611305,-0.23554009851846266,0.0
606,-0.2362147477057544,-0.11218352657470886,-0.7712579192662584,0.12576015759624476,1.6026613163218986,0.4025411457894811,-0.3086357479592415,1.451955290310083,-1.5874015591376782,1.957727664145748,,0.9751140741611305,-0.23554009851846266,0.0
607,1.841064535913804,-0.2045515786170193,-0.7712579192662584,0.12576015759624476,0.20412972035032528,0.4025411457894811,-0.3086357479592415,0.7336999817694552,-0.6152817429272672,-1.141783396970835,0.596092660985773,0.9751140741611305,-0.23554009851846266,0.0
608,0.056117601810243084,0.5394105501434547,-0.7712579192662584,0.12576015759624476,0.20412972035032528,0.4025411457894811,0.5695836485823832,0.015444673228827383,0.03279813454634018,-0.10861304326530741,,-1.0255210405616166,-0.23554009851846266,0.0
609,-0.2725189863115293,-0.11218352657470886,-0.7712579192662584,0.12576015759624476,1.6026613163218986,0.4025411457894811,-0.3086357479592415,1.451955290310083,-1.5874015591376782,1.957727664145748,,0.9751140741611305,-0.23554009851846266,0.0
610,1.689739554987876,1.1915731360422939,-0.7712579192662584,1.734092839743773,0.20412972035032528,0.4025411457894811,-0.3086357479592415,2.5293382531210247,-0.2912418041904635,-1.141783396970835,0.596092660985773,-1.0255210405616166,4.245561610485679,0.0
611,-0.029862500988579704,-1.1780933123090649,-0.7712579192662584,0.12576015759624476,-1.194401875621248,0.4025411457894811,0.5695836485823832,-0.34368298104148653,0.3568380732831439,0.9245573104402203,0.596092660985773,0.9751140741611305,-0.23554009851846266,0.0
612,-0.4253709738631645,-0.11218352657470886,-0.7712579192662584,0.12576015759624476,1.6026613163218986,0.4025411457894811,-0.3086357479592415,1.451955290310083,-1.5874015591376782,-1.141783396970835,,0.9751140741611305,-0.23554009851846266,0.0
613,0.5376061774836507,1.721199985946511,-0.7712579192662584,-1.4825725245512835,-1.194401875621248,-2.48421809909334,-1.1868551445008662,-1.4210659438524282,2.3010777057039657,0.9245573104402203,0.596092660985773,0.9751140741611305,-0.23554009851846266,0.0
614,-1.1768370723248758,-1.3607461889988168,-0.7712579192662584,0.12576015759624476,0.20412972035032528,0.4025411457894811,1.4478030451240078,-1.0619382895821143,0.03279813454634018,0.9245573104402203,0.596092660985773,0.9751140741611305,-0.23554009851846266,0.0
615,-1.1166510003656998,-0.11218352657470886,-0.7712579192662584,0.12576015759624476,1.6026613163218986,0.4025411457894811,-0.3086357479592415,1.451955290310083,-1.5874015591376782,0.9245573104402203,,0.9751140741611305,-0.23554009851846266,0.0
616,0.8952834051267535,-1.5313323165745925,-0.7712579192662584,-1.4825725245512835,0.20412972035032528,0.4025411457894811,1.4478030451240078,-1.4210659438524282,0.03279813454634018,-0.10861304326530741,0.596092660985773,0.9751140741611305,-0.23554009851846266,0.0
617,-0.44256699442292907,0.5394105501434547,-0.7712579192662584,0.12576015759624476,0.20412972035032528,0.4025411457894811,0.5695836485823832,0.015444673228827383,0.03279813454634018,-1.141783396970835,,-1.0255210405616166,-0.23554009851846266,0.0
618,-1.2851720018513924,-0.6875505137670367,-0.7712579192662584,0.12576015759624476,0.20412972035032528,0.4025411457894811,0.5695836485823832,0.015444673228827383,0.6808780120199476,-0.10861304326530741,0.596092660985773,-1.0255210405616166,-0.23554009851846266,0.0
619,-0.6661152616998683,-1.132050792705702,-0.7712579192662584,0.12576015759624476,-1.194401875621248,0.4025411457894811,0.5695836485823832,0.015444673228827383,0.03279813454634018,0.9245573104402203,0.596092660985773,-1.0255210405616166,-0.23554009851846266,0.0
620,-1.1355666229814407,-1.446919516760685,-0.7712579192662584,0.12576015759624476,0.20412972035032528,0.4025411457894811,1.4478030451240078,-1.0619382895821143,0.03279813454634018,0.9245573104402203,0.596092660985773,-1.0255210405616166,-0.23554009851846266,0.0
621,-0.1192818078993554,0.5394105501434547,-0.7712579192662584,0.12576015759624476,0.20412972035032528,0.4025411457894811,0.5695836485823832,0.015444673228827383,0.03279813454634018,-0.10861304326530741,,-1.0255210405616166,-0.23554009851846266,0.0
622,-1.1647998579330405,-1.3607461889988168,-0.7712579192662584,0.12576015759624476,0.20412972035032528,0.4025411457894811,1.4478030451240078,-1.0619382895821143,0.03279813454634018,-0.10861304326530741,0.596092660985773,0.9751140741611305,-0.23554009851846266,0.0
623,-0.4597630149826936,1.721199985946511,-0.715669587441501,-1.4825725245512835,-1.194401875621248,-2.48421809909334,-1.1868551445008662,-1.4210659438524282,2.3010777057039657,1.957727664145748,0.596092660985773,0.9751140741611305,-0.23554009851846266,0.0
624,0.8901245989588241,0.7744617386380273,-0.715669587441501,3.3424255218913017,3.0011929122934715,-2.48421809909334,-2.9432939375841154,-1.7801935981227421,-0.6152817429272672,0.9245573104402203,0.596092660985773,0.9751140741611305,-0.23554009851846266,0.0
625,-1.1733978682129227,-1.132050792705702,-0.715669587441501,0.12576015759624476,-1.194401875621248,0.4025411457894811,0.5695836485823832,0.015444673228827383,0.03279813454634018,1.957727664145748,0.596092660985773,-1.0255210405616166,-0.23554009851846266,0.0
626,1.0878788353961166,0.5394105501434547,-0.715669587441501,0.12576015759624476,0.20412972035032528,0.4025411457894811,0.5695836485823832,0.015444673228827383,0.03279813454634018,-1.141783396970835,,-1.0255210405616166,-0.23554009851846266,0.0
627,-1.0186336831750418,-1.132050792705702,-0.715669587441501,0.12576015759624476,-1.194401875621248,0.4025411457894811,0.5695836485823832,0.015444673228827383,0.03279813454634018,1.957727664145748,0.596092660985773,-1.0255210405616166,-0.23554009851846266,0.0
628,0.5356939799974049,-1.132050792705702,-0.715669587441501,0.12576015759624476,-1.194401875621248,0.4025411457894811,0.5695836485823832,0.015444673228827383,0.03279813454634018,1.957727664145748,0.596092660985773,-1.0255210405616166,-0.23554009851846266,0.0
629,-0.446006198534882,-0.11218352657470886,-0.715669587441501,0.12576015759624476,1.6026613163218986,0.4025411457894811,-0.3086357479592415,1.451955290310083,-1.5874015591376782,0.9245573104402203,,0.9751140741611305,-0.23554009851846266,0.0
630,-0.09864658322763793,1.721199985946511,-0.715669587441501,-1.4825725245512835,-1.194401875621248,-2.48421809909334,-1.1868551445008662,-1.4210659438524282,2.3010777057039657,0.9245573104402203,0.596092660985773,0.9751140741611305,-0.23554009851846266,0.0
631,-0.59733117946081,-0.11218352657470886,-0.715669587441501,0.12576015759624476,1.6026613163218986,0.4025411457894811,-0.3086357479592415,1.451955290310083,-1.5874015591376782,-0.10861304326530741,,0.9751140741611305,-0.23554009851846266,0.0
632,0.6579783214020026,-1.132050792705702,-0.715669587441501,0.12576015759624476,-1.194401875621248,0.4025411457894811,0.5695836485823832,0.015444673228827383,0.03279813454634018,1.957727664145748,0.596092660985773,-1.0255210405616166,-0.23554009851846266,0.0
633,-0.872467508417043,-1.132050792705702,-0.715669587441501,0.12576015759624476,-1.194401875621248,0.4025411457894811,0.5695836485823832,0.015444673228827383,0.03279813454634018,-0.10861304326530741,0.596092660985773,-1.0255210405616166,-0.23554009851846266,0.0
634,0.14209770460906587,-1.132050792705702,-0.715669587441501,0.12576015759624476,-1.194401875621248,0.4025411457894811,0.5695836485823832,0.015444673228827383,0.03279813454634018,-0.10861304326530741,0.596092660985773,-1.0255210405616166,-0.23554009851846266,0.0
635,-0.11584260378740249,0.26223022423390774,-0.715669587441501,0.12576015759624476,0.20412972035032528,0.4025411457894811,-1.1868551445008662,0.37457232749914127,-0.6152817429272672,-1.141783396970835,0.596092660985773,0.9751140741611305,-0.23554009851846266,0.0
636,-0.06769374622006173,0.26223022423390774,-0.715669587441501,0.12576015759624476,0.20412972035032528,0.4025411457894811,-1.1868551445008662,0.37457232749914127,-0.6152817429272672,-1.141783396970835,0.596092660985773,0.9751140741611305,-0.23554009851846266,0.0
637,1.5865634316292887,1.721199985946511,-0.715669587441501,-1.4825725245512835,-1.194401875621248,-2.48421809909334,-1.1868551445008662,-1.4210659438524282,2.3010777057039657,-0.10861304326530741,0.596092660985773,0.9751140741611305,-0.23554009851846266,0.0
638,-1.1647998579330405,-0.11218352657470886,-0.715669587441501,0.12576015759624476,1.6026613163218986,0.4025411457894811,-0.3086357479592415,1.451955290310083,-1.5874015591376782,-0.10861304326530741,,0.9751140741611305,-0.23554009851846266,0.0
639,-1.0616237345744532,-0.11218352657470886,-0.715669587441501,0.12576015759624476,1.6026613163218986,0.4025411457894811,-0.3086357479592415,1.451955290310083,-1.5874015591376782,-0.10861304326530741,,0.9751140741611305,-0.23554009851846266,0.0
640,1.0878788353961166,0.26223022423390774,-0.715669587441501,0.12576015759624476,0.20412972035032528,0.4025411457894811,-1.1868551445008662,0.37457232749914127,-0.6152817429272672,0.9245573104402203,0.596092660985773,0.9751140741611305,-0.23554009851846266,0.0
641,-0.1502346449069316,1.721199985946511,-0.715669587441501,-1.4825725245512835,-1.194401875621248,-2.48421809909334,-1.1868551445008662,-1.4210659438524282,2.3010777057039657,-0.10861304326530741,0.596092660985773,0.9751140741611305,-0.23554009851846266,0.0
642,-1.0100356728951594,0.7744617386380273,-0.715669587441501,3.3424255218913017,3.0011929122934715,-2.48421809909334,-2.9432939375841154,-1.7801935981227421,-0.6152817429272672,-0.10861304326530741,0.596092660985773,0.9751140741611305,-0.23554009851846266,0.0
643,-0.11584260378740249,0.26223022423390774,-0.715669587441501,0.12576015759624476,0.20412972035032528,0.4025411457894811,-1.1868551445008662,0.37457232749914127,-0.6152817429272672,-0.10861304326530741,0.596092660985773,0.9751140741611305,-0.23554009851846266,0.0
644,-0.39097893274363543,-0.11218352657470886,-0.715669587441501,0.12576015759624476,1.6026613163218986,0.4025411457894811,-0.3086357479592415,1.451955290310083,-1.5874015591376782,-0.10861304326530741,,0.9751140741611305,-0.23554009851846266,0.0
645,-0.28780280938504804,-0.6875505137670367,-0.715669587441501,0.12576015759624476,0.20412972035032528,0.4025411457894811,0.5695836485823832,0.015444673228827383,0.6808780120199476,-1.141783396970835,0.596092660985773,-1.0255210405616166,-0.23554009851846266,0.0
646,-0.6523584452520567,-0.11218352657470886,-0.715669587441501,0.12576015759624476,1.6026613163218986,0.4025411457894811,-0.3086357479592415,1.451955290310083,-1.5874015591376782,0.9245573104402203,,0.9751140741611305,-0.23554009851846266,0.0
647,-1.312878230177285,1.721199985946511,-0.715669587441501,-1.4825725245512835,-1.194401875621248,-2.48421809909334,-1.1868551445008662,-1.4210659438524282,2.3010777057039657,0.9245573104402203,0.596092660985773,0.9751140741611305,-0.23554009851846266,0.0
648,0.6063902597227089,-0.11218352657470886,-0.715669587441501,0.12576015759624476,1.6026613163218986,0.4025411457894811,-0.3086357479592415,1.451955290310083,-1.5874015591376782,-0.10861304326530741,,0.9751140741611305,-0.23554009851846266,0.0
649,-0.24481275798563668,0.7744617386380273,-0.715669587441501,3.3424255218913017,3.0011929122934715,-2.48421809909334,-2.9432939375841154,-1.7801935981227421,-0.6152817429272672,0.9245573104402203,0.596092660985773,0.9751140741611305,-0.23554009851846266,0.0
650,-0.17086986957864908,1.721199985946511,-0.715669587441501,-1.4825725245512835,-1.194401875621248,-2.48421809909334,-1.1868551445008662,-1.4210659438524282,2.3010777057039657,-1.141783396970835,0.596092660985773,0.9751140741611305,-0.23554009851846266,0.0
651,-0.4803982396544111,0.26223022423390774,-0.715669587441501,0.12576015759624476,0.20412972035032528,0.4025411457894811,-1.1868551445008662,0.37457232749914127,-0.6152817429272672,-0.10861304326530741,0.596092660985773,0.9751140741611305,-0.23554009851846266,0.0
652,0.8299385269996482,-1.2926672693987578,-0.715669587441501,-1.4825725245512835,-1.194401875621248,0.4025411457894811,1.4478030451240078,-0.7028106353118004,0.03279813454634018,-1.141783396970835,0.596092660985773,-1.0255210405616166,-0.23554009851846266,0.0
653,-1.2679759812916278,-1.132050792705702,-0.715669587441501,0.12576015759624476,-1.194401875621248,0.4025411457894811,0.5695836485823832,0.015444673228827383,0.03279813454634018,1.957727664145748,0.596092660985773,-1.0255210405616166,-0.23554009851846266,0.0
654,0.8471345475594128,0.4634122513595858,-0.715669587441501,0.12576015759624476,0.20412972035032528,0.4025411457894811,-0.3086357479592415,0.37457232749914127,-0.2912418041904635,-1.141783396970835,0.596092660985773,0.9751140741611305,-0.23554009851846266,0.0
655,-0.478871233028704,-1.3509625471015747,-0.715669587441501,-1.4825725245512835,0.20412972035032528,0.4025411457894811,1.4478030451240078,-1.0619382895821143,0.03279813454634018,-1.141783396970835,0.596092660985773,-1.0255210405616166,-0.23554009851846266,0.0
656,-1.2077899093324518,0.7744617386380273,-0.715669587441501,3.3424255218913017,3.0011929122934715,-2.48421809909334,-2.9432939375841154,-1.7801935981227421,-0.6152817429272672,0.9245573104402203,0.596092660985773,0.9751140741611305,-0.23554009851846266,0.0
657,-0.09864658322763793,0.26223022423390774,-0.715669587441501,0.12576015759624476,0.20412972035032528,0.4025411457894811,-1.1868551445008662,0.37457232749914127,-0.6152817429272672,-1.141783396970835,0.596092660985773,0.9751140741611305,-0.23554009851846266,0.0
658,-0.5113510766619873,-0.11218352657470886,-0.715669587441501,0.12576015759624476,1.6026613163218986,0.4025411457894811,-0.3086357479592415,1.451955290310083,-1.5874015591376782,1.957727664145748,,0.9751140741611305,-0.23554009851846266,0.0
659,0.7697524550404722,0.26223022423390774,-0.715669587441501,0.12576015759624476,0.20412972035032528,0.4025411457894811,-1.1868551445008662,0.37457232749914127,-0.6152817429272672,0.9245573104402203,0.596092660985773,0.9751140741611305,-0.23554009851846266,0.0
660,-1.0186336831750418,-0.11218352657470886,-0.715669587441501,0.12576015759624476,1.6026613163218986,0.4025411457894811,-0.3086357479592415,1.451955290310083,-1.5874015591376782,0.9245573104402203,,0.9751140741611305,-0.23554009851846266,0.0
661,0.11114486760148967,-1.3607461889988168,-0.715669587441501,0.12576015759624476,0.20412972035032528,0.4025411457894811,1.4478030451240078,-1.0619382895821143,0.03279813454634018,1.957727664145748,0.596092660985773,0.9751140741611305,-0.23554009851846266,0.0
662,-0.5285470972217519,-0.11218352657470886,-0.715669587441501,0.12576015759624476,1.6026613163218986,0.4025411457894811,-0.3086357479592415,1.451955290310083,-1.5874015591376782,0.9245573104402203,,0.9751140741611305,-0.23554009851846266,0.0
663,1.1738589381949394,-1.132050792705702,-0.6600812556167436,0.12576015759624476,-1.194401875621248,0.4025411457894811,0.5695836485823832,0.015444673228827383,0.03279813454634018,-0.10861304326530741,0.596092660985773,-1.0255210405616166,-0.23554009851846266,0.0
664,0.46882209524459245,1.721199985946511,-0.6600812556167436,-1.4825725245512835,-1.194401875621248,-2.48421809909334,-1.1868551445008662,-1.4210659438524282,2.3010777057039657,-1.141783396970835,0.596092660985773,0.9751140741611305,-0.23554009851846266,0.0
665,-0.5801351589010455,-1.446919516760685,-0.6600812556167436,0.12576015759624476,0.20412972035032528,0.4025411457894811,1.4478030451240078,-1.0619382895821143,0.03279813454634018,-0.10861304326530741,0.596092660985773,-1.0255210405616166,-0.23554009851846266,0.0
666,-1.2886112059633452,0.7744617386380273,-0.6600812556167436,3.3424255218913017,3.0011929122934715,-2.48421809909334,-2.9432939375841154,-1.7801935981227421,-0.6152817429272672,-1.141783396970835,0.596092660985773,0.9751140741611305,-0.23554009851846266,0.0
667,1.0534867942765873,-0.11218352657470886,-0.6600812556167436,0.12576015759624476,1.6026613163218986,0.4025411457894811,-0.3086357479592415,1.451955290310083,-1.5874015591376782,0.9245573104402203,,0.9751140741611305,-0.23554009851846266,0.0
668,-0.37378291218387083,-0.11218352657470886,-0.6600812556167436,0.12576015759624476,1.6026613163218986,0.4025411457894811,-0.3086357479592415,1.451955290310083,-1.5874015591376782,-1.141783396970835,,0.9751140741611305,-0.23554009851846266,0.0
669,-0.717703323379162,-0.11218352657470886,-0.6600812556167436,0.12576015759624476,1.6026613163218986,0.4025411457894811,-0.3086357479592415,1.451955290310083,-1.5874015591376782,-1.141783396970835,,0.9751140741611305,-0.23554009851846266,0.0
670,1.3458191437925848,0.5394105501434547,-0.6600812556167436,0.12576015759624476,0.20412972035032528,0.4025411457894811,0.5695836485823832,0.015444673228827383,0.03279813454634018,-0.10861304326530741,,-1.0255210405616166,-0.23554009851846266,0.0
671,0.08707043881781928,0.5394105501434547,-0.6600812556167436,0.12576015759624476,0.20412972035032528,0.4025411457894811,0.5695836485823832,0.015444673228827383,0.03279813454634018,-0.10861304326530741,,-1.0255210405616166,-0.23554009851846266,0.0
672,-0.06425454210810883,-0.2601561467761394,-0.6600812556167436,-1.4825725245512835,3.0011929122934715,-2.48421809909334,-0.3086357479592415,-1.7801935981227421,0.03279813454634018,-1.141783396970835,0.596092660985773,-1.0255210405616166,-0.23554009851846266,0.0
673,-0.30499882994481264,-1.132050792705702,-0.6600812556167436,0.12576015759624476,-1.194401875621248,0.4025411457894811,0.5695836485823832,0.015444673228827383,0.03279813454634018,1.957727664145748,0.596092660985773,-1.0255210405616166,-0.23554009851846266,0.0
674,0.950310670918,-0.11218352657470886,-0.6600812556167436,0.12576015759624476,1.6026613163218986,0.4025411457894811,-0.3086357479592415,1.451955290310083,-1.5874015591376782,-0.10861304326530741,,0.9751140741611305,-0.23554009851846266,0.0
675,-0.872467508417043,-1.1780933123090649,-0.6600812556167436,0.12576015759624476,-1.194401875621248,0.4025411457894811,0.5695836485823832,-0.34368298104148653,0.3568380732831439,-1.141783396970835,0.596092660985773,0.9751140741611305,-0.23554009851846266,0.0
676,-0.9154575598164544,-1.1780933123090649,-0.6600812556167436,0.12576015759624476,-1.194401875621248,0.4025411457894811,0.5695836485823832,-0.34368298104148653,0.3568380732831439,-1.141783396970835,0.596092660985773,0.9751140741611305,-0.23554009851846266,0.0
677,-0.4202121676952352,1.2543676904367356,-0.6600812556167436,3.3424255218913017,0.20412972035032528,0.4025411457894811,-0.3086357479592415,1.8110829445803969,-0.6152817429272672,-1.141783396970835,0.596092660985773,-1.0255210405616166,4.245561610485679,0.0
678,-1.5775043513673899,1.2099810655506498,-0.6600812556167436,1.734092839743773,0.20412972035032528,0.4025411457894811,-0.3086357479592415,1.8110829445803969,-0.6152817429272672,-2.1749537506763628,0.596092660985773,-1.0255210405616166,4.245561610485679,0.0
679,-0.29640081966493037,-1.3607461889988168,-0.6600812556167436,0.12576015759624476,0.20412972035032528,0.4025411457894811,1.4478030451240078,-1.0619382895821143,0.03279813454634018,-1.141783396970835,0.596092660985773,0.9751140741611305,-0.23554009851846266,0.0
680,0.8815265886789418,-1.5226355748289113,-0.6600812556167436,0.12576015759624476,0.20412972035032528,0.4025411457894811,1.4478030451240078,-0.7028106353118004,0.03279813454634018,-1.141783396970835,0.596092660985773,-1.0255210405616166,-0.23554009851846266,0.0
681,2.188424151221048,-0.12459671560777764,-0.6600812556167436,0.12576015759624476,0.20412972035032528,0.4025411457894811,-1.1868551445008662,0.37457232749914127,0.03279813454634018,-1.141783396970835,0.596092660985773,0.9751140741611305,-0.23554009851846266,0.0
682,0.3140579102067114,1.721199985946511,-0.6600812556167436,-1.4825725245512835,-1.194401875621248,-2.48421809909334,-1.1868551445008662,-1.4210659438524282,2.3010777057039657,0.9245573104402203,0.596092660985773,0.9751140741611305,-0.23554009851846266,0.0
683,-0.029862500988579704,-0.11218352657470886,-0.6600812556167436,0.12576015759624476,1.6026613163218986,0.4025411457894811,-0.3086357479592415,1.451955290310083,-1.5874015591376782,-0.10861304326530741,,0.9751140741611305,-0.23554009851846266,0.0
684,0.5891942391629443,-1.4590051197325637,-0.6600812556167436,-1.4825725245512835,-1.194401875621248,0.4025411457894811,1.4478030451240078,-1.4210659438524282,0.03279813454634018,-1.141783396970835,0.596092660985773,-1.0255210405616166,-0.23554009851846266,0.0
685,-1.094296173638006,1.1915731360422939,-0.6600812556167436,1.734092839743773,0.20412972035032528,0.4025411457894811,-0.3086357479592415,2.5293382531210247,-0.2912418041904635,-1.141783396970835,0.596092660985773,-1.0255210405616166,4.245561610485679,0.0
686,0.00452954013094941,0.5394105501434547,-0.6600812556167436,0.12576015759624476,0.20412972035032528,0.4025411457894811,0.5695836485823832,0.015444673228827383,0.03279813454634018,0.9245573104402203,,-1.0255210405616166,-0.23554009851846266,0.0
687,-0.11584260378740249,-1.1780933123090649,-0.6600812556167436,0.12576015759624476,-1.194401875621248,0.4025411457894811,0.5695836485823832,-0.34368298104148653,0.3568380732831439,-1.141783396970835,0.596092660985773,0.9751140741611305,-0.23554009851846266,0.0
688,0.795546485880119,0.7744617386380273,-0.6600812556167436,3.3424255218913017,3.0011929122934715,-2.48421809909334,-2.9432939375841154,-1.7801935981227421,-0.6152817429272672,-0.10861304326530741,0.596092660985773,0.9751140741611305,-0.23554009851846266,0.0
689,-0.30499882994481264,0.26223022423390774,-0.6600812556167436,0.12576015759624476,0.20412972035032528,0.4025411457894811,-1.1868551445008662,0.37457232749914127,-0.6152817429272672,-0.10861304326530741,0.596092660985773,0.9751140741611305,-0.23554009851846266,0.0
690,-0.05756872931447236,-1.3607461889988168,-0.6600812556167436,0.12576015759624476,0.20412972035032528,0.4025411457894811,1.4478030451240078,-1.0619382895821143,0.03279813454634018,0.9245573104402203,0.596092660985773,0.9751140741611305,-0.23554009851846266,0.0
691,1.0018987325972937,-1.5226355748289113,-0.6600812556167436,0.12576015759624476,0.20412972035032528,0.4025411457894811,1.4478030451240078,-0.7028106353118004,0.03279813454634018,0.9245573104402203,0.596092660985773,-1.0255210405616166,-0.23554009851846266,0.0
692,0.14209770460906587,-1.1780933123090649,-0.6600812556167436,0.12576015759624476,-1.194401875621248,0.4025411457894811,0.5695836485823832,-0.34368298104148653,0.3568380732831439,-1.141783396970835,0.596092660985773,0.9751140741611305,-0.23554009851846266,0.0
693,-0.4081749533034,1.721199985946511,-0.6600812556167436,-1.4825725245512835,-1.194401875621248,-2.48421809909334,-1.1868551445008662,-1.4210659438524282,2.3010777057039657,1.957727664145748,0.596092660985773,0.9751140741611305,-0.23554009851846266,0.0
694,-1.0478669181266416,-0.11218352657470886,-0.6600812556167436,0.12576015759624476,1.6026613163218986,0.4025411457894811,-0.3086357479592415,1.451955290310083,-1.5874015591376782,1.957727664145748,,0.9751140741611305,-0.23554009851846266,0.0
695,-1.4504463946554016,-0.06923339907451666,-0.6600812556167436,0.12576015759624476,0.20412972035032528,0.4025411457894811,-0.3086357479592415,0.015444673228827383,-0.2912418041904635,-0.10861304326530741,0.596092660985773,0.9751140741611305,-0.23554009851846266,0.0
696,-0.37378291218387083,1.2487918616792375,-0.6600812556167436,1.734092839743773,0.20412972035032528,0.4025411457894811,-0.3086357479592415,1.451955290310083,-0.9393216816640708,-1.141783396970835,0.596092660985773,-1.0255210405616166,4.245561610485679,0.0
697,1.273286329071498,0.5394105501434547,-0.6600812556167436,0.12576015759624476,0.20412972035032528,0.4025411457894811,0.5695836485823832,0.015444673228827383,0.03279813454634018,-0.10861304326530741,,-1.0255210405616166,-0.23554009851846266,0.0
698,-1.2817327977394395,-1.3664521180311011,-0.6600812556167436,-1.4825725245512835,-1.194401875621248,0.4025411457894811,1.4478030451240078,-1.4210659438524282,0.03279813454634018,-0.10861304326530741,0.596092660985773,-1.0255210405616166,-0.23554009851846266,0.0
699,-1.2593779710117456,-0.6875505137670367,-0.6600812556167436,0.12576015759624476,0.20412972035032528,0.4025411457894811,0.5695836485823832,0.015444673228827383,0.6808780120199476,0.9245573104402203,0.596092660985773,-1.0255210405616166,-0.23554009851846266,0.0
700,1.1738589381949394,0.5394105501434547,-0.6044929237919862,0.12576015759624476,0.20412972035032528,0.4025411457894811,0.5695836485823832,0.015444673228827383,0.03279813454634018,-0.10861304326530741,,-1.0255210405616166,-0.23554009851846266,0.0
701,-1.2851720018513924,-1.132050792705702,-0.6044929237919862,0.12576015759624476,-1.194401875621248,0.4025411457894811,0.5695836485823832,0.015444673228827383,0.03279813454634018,-0.10861304326530741,0.596092660985773,-1.0255210405616166,-0.23554009851846266,0.0
702,-1.3058072265231098,1.721199985946511,-0.6044929237919862,-1.4825725245512835,-1.194401875621248,-2.48421809909334,-1.1868551445008662,-1.4210659438524282,2.3010777057039657,-1.141783396970835,0.596092660985773,0.9751140741611305,-0.23554009851846266,0.0
703,-0.49415505610222277,-1.1780933123090649,-0.6044929237919862,0.12576015759624476,-1.194401875621248,0.4025411457894811,0.5695836485823832,-0.34368298104148653,0.3568380732831439,-1.141783396970835,0.596092660985773,0.9751140741611305,-0.23554009851846266,0.0
704,-1.0014376626152772,0.26223022423390774,-0.6044929237919862,0.12576015759624476,0.20412972035032528,0.4025411457894811,-1.1868551445008662,0.37457232749914127,-0.6152817429272672,-0.10861304326530741,0.596092660985773,0.9751140741611305,-0.23554009851846266,0.0
705,-0.20182270658622528,1.721199985946511,-0.6044929237919862,-1.4825725245512835,-1.194401875621248,-2.48421809909334,-1.1868551445008662,-1.4210659438524282,2.3010777057039657,1.957727664145748,0.596092660985773,0.9751140741611305,-0.23554009851846266,0.0
706,1.0706828148363519,-1.132050792705702,-0.6044929237919862,0.12576015759624476,-1.194401875621248,0.4025411457894811,0.5695836485823832,0.015444673228827383,0.03279813454634018,-1.141783396970835,0.596092660985773,-1.0255210405616166,-0.23554009851846266,0.0
707,-0.6919092925395152,-1.3607461889988168,-0.6044929237919862,0.12576015759624476,0.20412972035032528,0.4025411457894811,1.4478030451240078,-1.0619382895821143,0.03279813454634018,1.957727664145748,0.596092660985773,0.9751140741611305,-0.23554009851846266,0.0
708,-0.9603598087021116,0.26223022423390774,-0.6044929237919862,0.12576015759624476,0.20412972035032528,0.4025411457894811,-1.1868551445008662,0.37457232749914127,-0.6152817429272672,0.9245573104402203,0.596092660985773,0.9751140741611305,-0.23554009851846266,0.0
709,-0.3256340546165301,-0.11218352657470886,-0.6044929237919862,0.12576015759624476,1.6026613163218986,0.4025411457894811,-0.3086357479592415,1.451955290310083,-1.5874015591376782,0.9245573104402203,,0.9751140741611305,-0.23554009851846266,0.0
710,-0.37378291218387083,0.26223022423390774,-0.6044929237919862,0.12576015759624476,0.20412972035032528,0.4025411457894811,-1.1868551445008662,0.37457232749914127,-0.6152817429272672,-0.10861304326530741,0.596092660985773,0.9751140741611305,-0.23554009851846266,0.0
711,-0.17086986957864908,-0.11218352657470886,-0.6044929237919862,0.12576015759624476,1.6026613163218986,0.4025411457894811,-0.3086357479592415,1.451955290310083,-1.5874015591376782,-0.10861304326530741,,0.9751140741611305,-0.23554009851846266,0.0
712,-1.1682390620449934,1.2364398805385552,-0.6044929237919862,1.734092839743773,0.20412972035032528,0.4025411457894811,-0.3086357479592415,2.5293382531210247,-0.2912418041904635,-1.141783396970835,0.596092660985773,-1.0255210405616166,4.245561610485679,0.0
713,0.15929372516883042,1.4142387366208409,-0.6044929237919862,3.3424255218913017,0.20412972035032528,0.4025411457894811,-0.3086357479592415,2.5293382531210247,-0.6152817429272672,-1.141783396970835,0.596092660985773,-1.0255210405616166,4.245561610485679,0.0
714,-1.1905938887726872,0.7744617386380273,-0.6044929237919862,3.3424255218913017,3.0011929122934715,-2.48421809909334,-2.9432939375841154,-1.7801935981227421,-0.6152817429272672,0.9245573104402203,0.596092660985773,0.9751140741611305,-0.23554009851846266,0.0
715,-0.37378291218387083,-0.11218352657470886,-0.6044929237919862,0.12576015759624476,1.6026613163218986,0.4025411457894811,-0.3086357479592415,1.451955290310083,-1.5874015591376782,-1.141783396970835,,0.9751140741611305,-0.23554009851846266,0.0
716,-0.41677296358328225,-0.11218352657470886,-0.6044929237919862,0.12576015759624476,1.6026613163218986,0.4025411457894811,-0.3086357479592415,1.451955290310083,-1.5874015591376782,-0.10861304326530741,,0.9751140741611305,-0.23554009851846266,0.0
717,2.4635604801772812,-1.1780933123090649,-0.6044929237919862,0.12576015759624476,-1.194401875621248,0.4025411457894811,0.5695836485823832,-0.34368298104148653,0.3568380732831439,1.957727664145748,0.596092660985773,0.9751140741611305,-0.23554009851846266,0.0
718,-0.7434973542188088,-1.132050792705702,-0.6044929237919862,0.12576015759624476,-1.194401875621248,0.4025411457894811,0.5695836485823832,0.015444673228827383,0.03279813454634018,0.9245573104402203,0.596092660985773,-1.0255210405616166,-0.23554009851846266,0.0
719,0.7439584242008254,-1.5226355748289113,-0.6044929237919862,0.12576015759624476,0.20412972035032528,0.4025411457894811,1.4478030451240078,-0.7028106353118004,0.03279813454634018,0.9245573104402203,0.596092660985773,-1.0255210405616166,-0.23554009851846266,0.0
720,0.46882209524459245,-1.2920967958657745,-0.6044929237919862,-1.4825725245512835,-1.194401875621248,0.4025411457894811,1.4478030451240078,-0.7028106353118004,0.03279813454634018,-1.141783396970835,0.596092660985773,-1.0255210405616166,-0.23554009851846266,0.0
721,-0.2960568992537351,-1.2848452677293336,-0.6044929237919862,-1.4825725245512835,-1.194401875621248,0.4025411457894811,1.4478030451240078,-0.34368298104148653,0.03279813454634018,0.9245573104402203,-1.6775915314009666,-1.0255210405616166,-0.23554009851846266,0.0
722,0.9475593076284378,-1.2848452677293336,-0.6044929237919862,-1.4825725245512835,-1.194401875621248,0.4025411457894811,1.4478030451240078,-0.34368298104148653,0.03279813454634018,0.9245573104402203,-1.6775915314009666,-1.0255210405616166,-0.23554009851846266,0.0
723,-0.7348993439389265,1.4174343603936248,-0.6044929237919862,1.734092839743773,0.20412972035032528,0.4025411457894811,-0.3086357479592415,2.1702105988507108,-0.2912418041904635,-1.141783396970835,0.596092660985773,-1.0255210405616166,4.245561610485679,0.0
724,0.7439584242008254,-0.6875505137670367,-0.6044929237919862,0.12576015759624476,0.20412972035032528,0.4025411457894811,0.5695836485823832,0.015444673228827383,0.6808780120199476,0.9245573104402203,0.596092660985773,-1.0255210405616166,-0.23554009851846266,0.0
725,-0.20182270658622528,1.1915731360422939,-0.6044929237919862,1.734092839743773,0.20412972035032528,0.4025411457894811,-0.3086357479592415,2.5293382531210247,-0.2912418041904635,-1.141783396970835,0.596092660985773,-1.0255210405616166,4.245561610485679,0.0
726,0.448186870572875,1.721199985946511,-0.6044929237919862,-1.4825725245512835,-1.194401875621248,-2.48421809909334,-1.1868551445008662,-1.4210659438524282,2.3010777057039657,-1.141783396970835,0.596092660985773,0.9751140741611305,-0.23554009851846266,0.0
727,-0.24481275798563668,-0.11218352657470886,-0.6044929237919862,0.12576015759624476,1.6026613163218986,0.4025411457894811,-0.3086357479592415,1.451955290310083,-1.5874015591376782,-0.10861304326530741,,0.9751140741611305,-0.23554009851846266,0.0
728,0.4825789116924041,-1.5313323165745925,-0.6044929237919862,-1.4825725245512835,0.20412972035032528,0.4025411457894811,1.4478030451240078,-1.4210659438524282,0.03279813454634018,0.9245573104402203,0.596092660985773,0.9751140741611305,-0.23554009851846266,0.0
729,-0.6317232205803393,-1.3607461889988168,-0.6044929237919862,0.12576015759624476,0.20412972035032528,0.4025411457894811,1.4478030451240078,-1.0619382895821143,0.03279813454634018,-1.141783396970835,0.596092660985773,0.9751140741611305,-0.23554009851846266,0.0
730,-0.048970719034590084,0.10176877995788004,-0.6044929237919862,0.12576015759624476,0.20412972035032528,0.4025411457894811,-0.3086357479592415,-0.7028106353118004,0.6808780120199476,-1.141783396970835,0.596092660985773,-1.0255210405616166,-0.23554009851846266,0.0
731,2.4463644596175165,-1.2848452677293336,-0.6044929237919862,-1.4825725245512835,-1.194401875621248,0.4025411457894811,1.4478030451240078,-0.34368298104148653,0.03279813454634018,-0.10861304326530741,-1.6775915314009666,-1.0255210405616166,-0.23554009851846266,0.0
732,1.0878788353961166,-1.3509625471015747,-0.6044929237919862,-1.4825725245512835,0.20412972035032528,0.4025411457894811,1.4478030451240078,-1.0619382895821143,0.03279813454634018,0.9245573104402203,0.596092660985773,-1.0255210405616166,-0.23554009851846266,0.0
733,-1.43668957820759,-0.06923339907451666,-0.6044929237919862,0.12576015759624476,0.20412972035032528,0.4025411457894811,-0.3086357479592415,0.015444673228827383,-0.2912418041904635,0.9245573104402203,0.596092660985773,0.9751140741611305,-0.23554009851846266,0.0
734,-0.6317232205803393,-0.11218352657470886,-0.6044929237919862,0.12576015759624476,1.6026613163218986,0.4025411457894811,-0.3086357479592415,1.451955290310083,-1.5874015591376782,-0.10861304326530741,,0.9751140741611305,-0.23554009851846266,0.0
735,1.225446999874233,-1.132050792705702,-0.6044929237919862,0.12576015759624476,-1.194401875621248,0.4025411457894811,0.5695836485823832,0.015444673228827383,0.03279813454634018,0.9245573104402203,0.596092660985773,-1.0255210405616166,-0.23554009851846266,0.0
736,0.7095663830812963,-1.2848452677293336,-0.6044929237919862,-1.4825725245512835,-1.194401875621248,0.4025411457894811,1.4478030451240078,-0.34368298104148653,0.03279813454634018,-1.141783396970835,-1.6775915314009666,-1.0255210405616166,-0.23554009851846266,0.0
737,-0.8982615392566898,0.7744617386380273,-0.6044929237919862,3.3424255218913017,3.0011929122934715,-2.48421809909334,-2.9432939375841154,-1.7801935981227421,-0.6152817429272672,-1.141783396970835,0.596092660985773,0.9751140741611305,-0.23554009851846266,0.0
738,-0.3823809224637531,-0.11218352657470886,-0.6044929237919862,0.12576015759624476,1.6026613163218986,0.4025411457894811,-0.3086357479592415,1.451955290310083,-1.5874015591376782,0.9245573104402203,,0.9751140741611305,-0.23554009851846266,0.0
739,1.414603226031643,1.721199985946511,-0.6044929237919862,-1.4825725245512835,-1.194401875621248,-2.48421809909334,-1.1868551445008662,-1.4210659438524282,2.3010777057039657,-0.10861304326530741,0.596092660985773,0.9751140741611305,-0.23554009851846266,0.0
740,1.1738589381949394,-0.12459671560777764,-0.6044929237919862,0.12576015759624476,0.20412972035032528,0.4025411457894811,-1.1868551445008662,0.37457232749914127,0.03279813454634018,0.9245573104402203,0.596092660985773,0.9751140741611305,-0.23554009851846266,0.0
741,-0.21901872714598983,-1.5226355748289113,-0.6044929237919862,0.12576015759624476,0.20412972035032528,0.4025411457894811,1.4478030451240078,-0.7028106353118004,0.03279813454634018,-1.141783396970835,0.596092660985773,-1.0255210405616166,-0.23554009851846266,0.0
742,-0.13303862434716704,1.721199985946511,-0.6044929237919862,-1.4825725245512835,-1.194401875621248,-2.48421809909334,-1.1868551445008662,-1.4210659438524282,2.3010777057039657,0.9245573104402203,0.596092660985773,0.9751140741611305,-0.23554009851846266,0.0
743,-0.05049772566029717,0.26223022423390774,-0.6044929237919862,0.12576015759624476,0.20412972035032528,0.4025411457894811,-1.1868551445008662,0.37457232749914127,-0.6152817429272672,-0.10861304326530741,0.596092660985773,0.9751140741611305,-0.23554009851846266,0.0
744,-0.029862500988579704,0.26223022423390774,-0.6044929237919862,0.12576015759624476,0.20412972035032528,0.4025411457894811,-1.1868551445008662,0.37457232749914127,-0.6152817429272672,0.9245573104402203,0.596092660985773,0.9751140741611305,-0.23554009851846266,0.0
745,0.6579783214020026,-0.11218352657470886,-0.6044929237919862,0.12576015759624476,1.6026613163218986,0.4025411457894811,-0.3086357479592415,1.451955290310083,-1.5874015591376782,-0.10861304326530741,,0.9751140741611305,-0.23554009851846266,0.0
746,0.7749112612084016,-1.5313323165745925,-0.6044929237919862,-1.4825725245512835,0.20412972035032528,0.4025411457894811,1.4478030451240078,-1.4210659438524282,0.03279813454634018,-1.141783396970835,0.596092660985773,0.9751140741611305,-0.23554009851846266,0.0
747,-0.49415505610222277,-0.11218352657470886,-0.5489045919672287,0.12576015759624476,1.6026613163218986,0.4025411457894811,-0.3086357479592415,1.451955290310083,-1.5874015591376782,1.957727664145748,,0.9751140741611305,-0.23554009851846266,0.0
748,-0.2002956999605182,-0.11218352657470886,-0.5489045919672287,0.12576015759624476,1.6026613163218986,0.4025411457894811,-0.3086357479592415,1.451955290310083,-1.5874015591376782,0.9245573104402203,,0.9751140741611305,-0.23554009851846266,0.0
749,-0.24997156415356603,1.721199985946511,-0.5489045919672287,-1.4825725245512835,-1.194401875621248,-2.48421809909334,-1.1868551445008662,-1.4210659438524282,2.3010777057039657,-1.141783396970835,0.596092660985773,0.9751140741611305,-0.23554009851846266,0.0
750,-0.8380754672975139,-1.132050792705702,-0.5489045919672287,0.12576015759624476,-1.194401875621248,0.4025411457894811,0.5695836485823832,0.015444673228827383,0.03279813454634018,-0.10861304326530741,0.596092660985773,-1.0255210405616166,-0.23554009851846266,0.0
751,1.225446999874233,-1.132050792705702,-0.5489045919672287,0.12576015759624476,-1.194401875621248,0.4025411457894811,0.5695836485823832,0.015444673228827383,0.03279813454634018,1.957727664145748,0.596092660985773,-1.0255210405616166,-0.23554009851846266,0.0
752,0.9312024528719897,1.721199985946511,-0.5489045919672287,-1.4825725245512835,-1.194401875621248,-2.48421809909334,-1.1868551445008662,-1.4210659438524282,2.3010777057039657,-0.10861304326530741,0.596092660985773,0.9751140741611305,-0.23554009851846266,0.0
753,-0.11584260378740249,0.26223022423390774,-0.5489045919672287,0.12576015759624476,0.20412972035032528,0.4025411457894811,-1.1868551445008662,0.37457232749914127,-0.6152817429272672,-1.141783396970835,0.596092660985773,0.9751140741611305,-0.23554009851846266,0.0
754,1.0018987325972937,-0.11218352657470886,-0.5489045919672287,0.12576015759624476,1.6026613163218986,0.4025411457894811,-0.3086357479592415,1.451955290310083,-1.5874015591376782,-0.10861304326530741,,0.9751140741611305,-0.23554009851846266,0.0
755,-0.20182270658622528,-0.11218352657470886,-0.5489045919672287,0.12576015759624476,1.6026613163218986,0.4025411457894811,-0.3086357479592415,1.451955290310083,-1.5874015591376782,0.9245573104402203,,0.9751140741611305,-0.23554009851846266,0.0
756,-1.338672261016932,0.7744617386380273,-0.5489045919672287,3.3424255218913017,3.0011929122934715,-2.48421809909334,-2.9432939375841154,-1.7801935981227421,-0.6152817429272672,-0.10861304326530741,0.596092660985773,0.9751140741611305,-0.23554009851846266,0.0
757,2.3775803773784583,-1.2848452677293336,-0.5489045919672287,-1.4825725245512835,-1.194401875621248,0.4025411457894811,1.4478030451240078,-0.34368298104148653,0.03279813454634018,-0.10861304326530741,-1.6775915314009666,-1.0255210405616166,-0.23554009851846266,0.0
758,1.03285156960487,0.5394105501434547,-0.5489045919672287,0.12576015759624476,0.20412972035032528,0.4025411457894811,0.5695836485823832,0.015444673228827383,0.03279813454634018,-0.10861304326530741,,-1.0255210405616166,-0.23554009851846266,0.0
759,0.9675066914777646,-1.5226355748289113,-0.5489045919672287,0.12576015759624476,0.20412972035032528,0.4025411457894811,1.4478030451240078,-0.7028106353118004,0.03279813454634018,-0.10861304326530741,0.596092660985773,-1.0255210405616166,-0.23554009851846266,0.0
760,-0.6833112822596329,-0.11218352657470886,-0.5489045919672287,0.12576015759624476,1.6026613163218986,0.4025411457894811,-0.3086357479592415,1.451955290310083,-1.5874015591376782,-0.10861304326530741,,0.9751140741611305,-0.23554009851846266,0.0
761,-0.8036834261779848,-1.5226355748289113,-0.5489045919672287,0.12576015759624476,0.20412972035032528,0.4025411457894811,1.4478030451240078,-0.7028106353118004,0.03279813454634018,-1.141783396970835,0.596092660985773,-1.0255210405616166,-0.23554009851846266,0.0
762,-1.063535932060699,0.26223022423390774,-0.5489045919672287,0.12576015759624476,0.20412972035032528,0.4025411457894811,-1.1868551445008662,0.37457232749914127,-0.6152817429272672,-1.141783396970835,0.596092660985773,0.9751140741611305,-0.23554009851846266,0.0
763,-1.181995878492805,-1.3607461889988168,-0.5489045919672287,0.12576015759624476,0.20412972035032528,0.4025411457894811,1.4478030451240078,-1.0619382895821143,0.03279813454634018,-0.10861304326530741,0.596092660985773,0.9751140741611305,-0.23554009851846266,0.0
764,-0.20182270658622528,-0.6875505137670367,-0.5489045919672287,0.12576015759624476,0.20412972035032528,0.4025411457894811,0.5695836485823832,0.015444673228827383,0.6808780120199476,-0.10861304326530741,0.596092660985773,-1.0255210405616166,-0.23554009851846266,0.0
765,1.5023029308864424,0.26223022423390774,-0.5489045919672287,0.12576015759624476,0.20412972035032528,0.4025411457894811,-1.1868551445008662,0.37457232749914127,-0.6152817429272672,-1.141783396970835,0.596092660985773,0.9751140741611305,-0.23554009851846266,0.0
766,-1.0616237345744532,1.1915731360422939,-0.5489045919672287,1.734092839743773,0.20412972035032528,0.4025411457894811,-0.3086357479592415,2.5293382531210247,-0.2912418041904635,-1.141783396970835,0.596092660985773,-1.0255210405616166,4.245561610485679,0.0
767,-0.5285470972217519,-1.3654186397095023,-0.5489045919672287,-1.4825725245512835,-1.194401875621248,0.4025411457894811,1.4478030451240078,-1.4210659438524282,0.03279813454634018,0.9245573104402203,0.596092660985773,-1.0255210405616166,-0.23554009851846266,0.0
768,-1.1667120554192862,-1.3607461889988168,-0.5489045919672287,0.12576015759624476,0.20412972035032528,0.4025411457894811,1.4478030451240078,-1.0619382895821143,0.03279813454634018,1.957727664145748,0.596092660985773,0.9751140741611305,-0.23554009851846266,0.0
769,-0.9446907947680542,-1.1780933123090649,-0.5489045919672287,0.12576015759624476,-1.194401875621248,0.4025411457894811,0.5695836485823832,-0.34368298104148653,0.3568380732831439,-0.10861304326530741,0.596092660985773,0.9751140741611305,-0.23554009851846266,0.0
770,0.9675066914777646,-0.12459671560777764,-0.5489045919672287,0.12576015759624476,0.20412972035032528,0.4025411457894811,-1.1868551445008662,0.37457232749914127,0.03279813454634018,-1.141783396970835,0.596092660985773,0.9751140741611305,-0.23554009851846266,0.0
771,-0.6179664041325276,-1.1780933123090649,-0.5489045919672287,0.12576015759624476,-1.194401875621248,0.4025411457894811,0.5695836485823832,-0.34368298104148653,0.3568380732831439,-0.10861304326530741,0.596092660985773,0.9751140741611305,-0.23554009851846266,0.0
772,0.4516260746848279,-1.2920967958657745,-0.5489045919672287,-1.4825725245512835,-1.194401875621248,0.4025411457894811,1.4478030451240078,-0.7028106353118004,0.03279813454634018,-1.141783396970835,0.596092660985773,-1.0255210405616166,-0.23554009851846266,0.0
773,-0.34283007517629466,-0.11218352657470886,-0.5489045919672287,0.12576015759624476,1.6026613163218986,0.4025411457894811,-0.3086357479592415,1.451955290310083,-1.5874015591376782,0.9245573104402203,,0.9751140741611305,-0.23554009851846266,0.0
774,1.1738589381949394,-0.11218352657470886,-0.5489045919672287,0.12576015759624476,1.6026613163218986,0.4025411457894811,-0.3086357479592415,1.451955290310083,-1.5874015591376782,0.9245573104402203,,0.9751140741611305,-0.23554009851846266,0.0
775,-0.36518490190398856,-0.11218352657470886,-0.5489045919672287,0.12576015759624476,1.6026613163218986,0.4025411457894811,-0.3086357479592415,1.451955290310083,-1.5874015591376782,-1.141783396970835,,0.9751140741611305,-0.23554009851846266,0.0
776,0.6321842905623557,1.721199985946511,-0.5489045919672287,-1.4825725245512835,-1.194401875621248,-2.48421809909334,-1.1868551445008662,-1.4210659438524282,2.3010777057039657,1.957727664145748,0.596092660985773,0.9751140741611305,-0.23554009851846266,0.0
777,0.22807780740788866,-0.06923339907451666,-0.5489045919672287,0.12576015759624476,0.20412972035032528,0.4025411457894811,-0.3086357479592415,0.015444673228827383,-0.2912418041904635,-0.10861304326530741,0.596092660985773,0.9751140741611305,-0.23554009851846266,0.0
778,0.5376061774836507,0.7744617386380273,-0.5489045919672287,3.3424255218913017,3.0011929122934715,-2.48421809909334,-2.9432939375841154,-1.7801935981227421,-0.6152817429272672,-1.141783396970835,0.596092660985773,0.9751140741611305,-0.23554009851846266,0.0
779,0.038921581250478524,-0.6875505137670367,-0.5489045919672287,0.12576015759624476,0.20412972035032528,0.4025411457894811,0.5695836485823832,0.015444673228827383,0.6808780120199476,-1.141783396970835,0.596092660985773,-1.0255210405616166,-0.23554009851846266,0.0
780,0.14209770460906587,-0.23352145232296595,-0.5489045919672287,0.12576015759624476,0.20412972035032528,0.4025411457894811,-0.3086357479592415,0.7336999817694552,-0.2912418041904635,1.957727664145748,0.596092660985773,-1.0255210405616166,-0.23554009851846266,0.0
781,1.1738589381949394,-0.11218352657470886,-0.5489045919672287,0.12576015759624476,1.6026613163218986,0.4025411457894811,-0.3086357479592415,1.451955290310083,-1.5874015591376782,1.957727664145748,,0.9751140741611305,-0.23554009851846266,0.0
782,1.3458191437925848,0.5394105501434547,-0.5489045919672287,0.12576015759624476,0.20412972035032528,0.4025411457894811,0.5695836485823832,0.015444673228827383,0.03279813454634018,0.9245573104402203,,-1.0255210405616166,-0.23554009851846266,0.0
783,0.3140579102067114,0.5394105501434547,-0.5489045919672287,0.12576015759624476,0.20412972035032528,0.4025411457894811,0.5695836485823832,0.015444673228827383,0.03279813454634018,0.9245573104402203,,-1.0255210405616166,-0.23554009851846266,0.0
784,1.0018987325972937,-0.11218352657470886,-0.5489045919672287,0.12576015759624476,1.6026613163218986,0.4025411457894811,-0.3086357479592415,1.451955290310083,-1.5874015591376782,0.9245573104402203,,0.9751140741611305,-0.23554009851846266,0.0
785,1.3458191437925848,-1.132050792705702,-0.4933162601424713,0.12576015759624476,-1.194401875621248,0.4025411457894811,0.5695836485823832,0.015444673228827383,0.03279813454634018,1.957727664145748,0.596092660985773,-1.0255210405616166,-0.23554009851846266,0.0
786,1.7757196577866987,-0.12459671560777764,-0.4933162601424713,0.12576015759624476,0.20412972035032528,0.4025411457894811,-1.1868551445008662,0.37457232749914127,0.03279813454634018,0.9245573104402203,0.596092660985773,0.9751140741611305,-0.23554009851846266,0.0
787,-0.562939138341281,-0.11218352657470886,-0.4933162601424713,0.12576015759624476,1.6026613163218986,0.4025411457894811,-0.3086357479592415,1.451955290310083,-1.5874015591376782,0.9245573104402203,,0.9751140741611305,-0.23554009851846266,0.0
788,1.259839040993762,-0.11218352657470886,-0.4933162601424713,0.12576015759624476,1.6026613163218986,0.4025411457894811,-0.3086357479592415,1.451955290310083,-1.5874015591376782,1.957727664145748,,0.9751140741611305,-0.23554009851846266,0.0
789,0.8987226092387064,-0.11218352657470886,-0.4933162601424713,0.12576015759624476,1.6026613163218986,0.4025411457894811,-0.3086357479592415,1.451955290310083,-1.5874015591376782,-1.141783396970835,,0.9751140741611305,-0.23554009851846266,0.0
790,-1.2026311031645225,1.2364398805385552,-0.4933162601424713,1.734092839743773,0.20412972035032528,0.4025411457894811,-0.3086357479592415,2.5293382531210247,-0.2912418041904635,-1.141783396970835,0.596092660985773,-1.0255210405616166,4.245561610485679,0.0
791,0.6216740827962276,-0.11218352657470886,-0.4933162601424713,0.12576015759624476,1.6026613163218986,0.4025411457894811,-0.3086357479592415,1.451955290310083,-1.5874015591376782,1.957727664145748,,0.9751140741611305,-0.23554009851846266,0.0
792,-0.22093092463223565,-0.11218352657470886,-0.4933162601424713,0.12576015759624476,1.6026613163218986,0.4025411457894811,-0.3086357479592415,1.451955290310083,-1.5874015591376782,1.957727664145748,,0.9751140741611305,-0.23554009851846266,0.0
793,-1.181995878492805,-0.11218352657470886,-0.4933162601424713,0.12576015759624476,1.6026613163218986,0.4025411457894811,-0.3086357479592415,1.451955290310083,-1.5874015591376782,-0.10861304326530741,,0.9751140741611305,-0.23554009851846266,0.0
794,-0.6661152616998683,-1.3654186397095023,-0.4933162601424713,-1.4825725245512835,-1.194401875621248,0.4025411457894811,1.4478030451240078,-1.4210659438524282,0.03279813454634018,-1.141783396970835,0.596092660985773,-1.0255210405616166,-0.23554009851846266,0.0
795,-0.37378291218387083,-0.11218352657470886,-0.4933162601424713,0.12576015759624476,1.6026613163218986,0.4025411457894811,-0.3086357479592415,1.451955290310083,-1.5874015591376782,-1.141783396970835,,0.9751140741611305,-0.23554009851846266,0.0
796,-0.22093092463223565,-0.06923339907451666,-0.4933162601424713,0.12576015759624476,0.20412972035032528,0.4025411457894811,-0.3086357479592415,0.015444673228827383,-0.2912418041904635,-0.10861304326530741,0.596092660985773,0.9751140741611305,-0.23554009851846266,0.0
797,-0.11584260378740249,0.26223022423390774,-0.4933162601424713,0.12576015759624476,0.20412972035032528,0.4025411457894811,-1.1868551445008662,0.37457232749914127,-0.6152817429272672,-0.10861304326530741,0.596092660985773,0.9751140741611305,-0.23554009851846266,0.0
798,0.27966586908718233,-1.3607461889988168,-0.4933162601424713,0.12576015759624476,0.20412972035032528,0.4025411457894811,1.4478030451240078,-1.0619382895821143,0.03279813454634018,-0.10861304326530741,0.596092660985773,0.9751140741611305,-0.23554009851846266,0.0
799,-0.6489192411401038,-1.132050792705702,-0.4933162601424713,0.12576015759624476,-1.194401875621248,0.4025411457894811,0.5695836485823832,0.015444673228827383,0.03279813454634018,1.957727664145748,0.596092660985773,-1.0255210405616166,-0.23554009851846266,0.0
800,-0.4683610252625759,-0.11218352657470886,-0.4933162601424713,0.12576015759624476,1.6026613163218986,0.4025411457894811,-0.3086357479592415,1.451955290310083,-1.5874015591376782,-1.141783396970835,,0.9751140741611305,-0.23554009851846266,0.0
801,-1.2714151854035807,-1.132050792705702,-0.4933162601424713,0.12576015759624476,-1.194401875621248,0.4025411457894811,0.5695836485823832,0.015444673228827383,0.03279813454634018,-0.10861304326530741,0.596092660985773,-1.0255210405616166,-0.23554009851846266,0.0
802,-1.0186336831750418,-1.132050792705702,-0.4933162601424713,0.12576015759624476,-1.194401875621248,0.4025411457894811,0.5695836485823832,0.015444673228827383,0.03279813454634018,0.9245573104402203,0.596092660985773,-1.0255210405616166,-0.23554009851846266,0.0
803,2.0336599661831674,0.26223022423390774,-0.4933162601424713,0.12576015759624476,0.20412972035032528,0.4025411457894811,-1.1868551445008662,0.37457232749914127,-0.6152817429272672,-1.141783396970835,0.596092660985773,0.9751140741611305,-0.23554009851846266,0.0
804,-1.242181950451981,0.7744617386380273,-0.4933162601424713,3.3424255218913017,3.0011929122934715,-2.48421809909334,-2.9432939375841154,-1.7801935981227421,-0.6152817429272672,0.9245573104402203,0.596092660985773,0.9751140741611305,-0.23554009851846266,0.0
805,0.2538718382475355,0.5394105501434547,-0.4933162601424713,0.12576015759624476,0.20412972035032528,0.4025411457894811,0.5695836485823832,0.015444673228827383,0.03279813454634018,-0.10861304326530741,,-1.0255210405616166,-0.23554009851846266,0.0
806,-0.18462668602646073,-0.06923339907451666,-0.4933162601424713,0.12576015759624476,0.20412972035032528,0.4025411457894811,-0.3086357479592415,0.015444673228827383,-0.2912418041904635,0.9245573104402203,0.596092660985773,0.9751140741611305,-0.23554009851846266,0.0
807,-0.029862500988579704,0.5394105501434547,-0.4933162601424713,0.12576015759624476,0.20412972035032528,0.4025411457894811,0.5695836485823832,0.015444673228827383,0.03279813454634018,-0.10861304326530741,,-1.0255210405616166,-0.23554009851846266,0.0
808,0.7095663830812963,-1.132050792705702,-0.4933162601424713,0.12576015759624476,-1.194401875621248,0.4025411457894811,0.5695836485823832,0.015444673228827383,0.03279813454634018,1.957727664145748,0.596092660985773,-1.0255210405616166,-0.23554009851846266,0.0
809,0.5891942391629443,-1.4590051197325637,-0.4933162601424713,-1.4825725245512835,-1.194401875621248,0.4025411457894811,1.4478030451240078,-1.4210659438524282,0.03279813454634018,-1.141783396970835,0.596092660985773,-1.0255210405616166,-0.23554009851846266,0.0
810,-0.08145056266787337,-1.1780933123090649,-0.4933162601424713,0.12576015759624476,-1.194401875621248,0.4025411457894811,0.5695836485823832,-0.34368298104148653,0.3568380732831439,-0.10861304326530741,0.596092660985773,0.9751140741611305,-0.23554009851846266,0.0
811,-0.4253709738631645,-0.11218352657470886,-0.4377279283177139,0.12576015759624476,1.6026613163218986,0.4025411457894811,-0.3086357479592415,1.451955290310083,-1.5874015591376782,1.957727664145748,,0.9751140741611305,-0.23554009851846266,0.0
812,0.5204101569238861,1.721199985946511,-0.4377279283177139,-1.4825725245512835,-1.194401875621248,-2.48421809909334,-1.1868551445008662,-1.4210659438524282,2.3010777057039657,0.9245573104402203,0.596092660985773,0.9751140741611305,-0.23554009851846266,0.0
813,0.5548021980434152,-0.11218352657470886,-0.4377279283177139,0.12576015759624476,1.6026613163218986,0.4025411457894811,-0.3086357479592415,1.451955290310083,-1.5874015591376782,-0.10861304326530741,,0.9751140741611305,-0.23554009851846266,0.0
814,0.3656459718860051,-1.2848452677293336,-0.4377279283177139,-1.4825725245512835,-1.194401875621248,0.4025411457894811,1.4478030451240078,-0.34368298104148653,0.03279813454634018,-0.10861304326530741,-1.6775915314009666,-1.0255210405616166,-0.23554009851846266,0.0
815,-0.08145228226992936,1.721199985946511,-0.4377279283177139,-1.4825725245512835,-1.194401875621248,-2.48421809909334,-1.1868551445008662,-1.4210659438524282,2.3010777057039657,-1.141783396970835,0.596092660985773,0.9751140741611305,-0.23554009851846266,0.0
816,-0.31187723816871843,-0.11218352657470886,-0.4377279283177139,0.12576015759624476,1.6026613163218986,0.4025411457894811,-0.3086357479592415,1.451955290310083,-1.5874015591376782,-1.141783396970835,,0.9751140741611305,-0.23554009851846266,0.0
817,0.056117601810243084,-0.5584973843833374,-0.4377279283177139,0.12576015759624476,0.20412972035032528,0.4025411457894811,-0.3086357479592415,0.015444673228827383,0.03279813454634018,-1.141783396970835,0.596092660985773,-1.0255210405616166,-0.23554009851846266,0.0
818,-0.5457431177815164,0.5394105501434547,-0.4377279283177139,0.12576015759624476,0.20412972035032528,0.4025411457894811,0.5695836485823832,0.015444673228827383,0.03279813454634018,-0.10861304326530741,,-1.0255210405616166,-0.23554009851846266,0.0
819,-0.2362147477057544,-0.6875505137670367,-0.4377279283177139,0.12576015759624476,0.20412972035032528,0.4025411457894811,0.5695836485823832,0.015444673228827383,0.6808780120199476,0.9245573104402203,0.596092660985773,-1.0255210405616166,-0.23554009851846266,0.0
820,-0.09004857294775566,1.1915731360422939,-0.4377279283177139,1.734092839743773,0.20412972035032528,0.4025411457894811,-0.3086357479592415,2.5293382531210247,-0.2912418041904635,-1.141783396970835,0.596092660985773,-1.0255210405616166,4.245561610485679,0.0
821,0.7439584242008254,1.721199985946511,-0.4377279283177139,-1.4825725245512835,-1.194401875621248,-2.48421809909334,-1.1868551445008662,-1.4210659438524282,2.3010777057039657,-1.141783396970835,0.596092660985773,0.9751140741611305,-0.23554009851846266,0.0
822,-1.2077899093324518,1.721199985946511,-0.4377279283177139,-1.4825725245512835,-1.194401875621248,-2.48421809909334,-1.1868551445008662,-1.4210659438524282,2.3010777057039657,0.9245573104402203,0.596092660985773,0.9751140741611305,-0.23554009851846266,0.0
823,-0.347988881344224,-0.11218352657470886,-0.4377279283177139,0.12576015759624476,1.6026613163218986,0.4025411457894811,-0.3086357479592415,1.451955290310083,-1.5874015591376782,-0.10861304326530741,,0.9751140741611305,-0.23554009851846266,0.0
824,1.6037594521890532,-0.2045515786170193,-0.4377279283177139,0.12576015759624476,0.20412972035032528,0.4025411457894811,-0.3086357479592415,0.7336999817694552,-0.6152817429272672,-1.141783396970835,0.596092660985773,0.9751140741611305,-0.23554009851846266,0.0
825,-0.6317232205803393,0.26223022423390774,-0.4377279283177139,0.12576015759624476,0.20412972035032528,0.4025411457894811,-1.1868551445008662,0.37457232749914127,-0.6152817429272672,0.9245573104402203,0.596092660985773,0.9751140741611305,-0.23554009851846266,0.0
826,-0.3221948505045772,1.1915731360422939,-0.4377279283177139,1.734092839743773,0.20412972035032528,0.4025411457894811,-0.3086357479592415,2.5293382531210247,-0.2912418041904635,-1.141783396970835,0.596092660985773,-1.0255210405616166,4.245561610485679,0.0
827,-0.9756436317756304,0.26223022423390774,-0.4377279283177139,0.12576015759624476,0.20412972035032528,0.4025411457894811,-1.1868551445008662,0.37457232749914127,-0.6152817429272672,0.9245573104402203,0.596092660985773,0.9751140741611305,-0.23554009851846266,0.0
828,0.07331362237000764,-1.132050792705702,-0.4377279283177139,0.12576015759624476,-1.194401875621248,0.4025411457894811,0.5695836485823832,0.015444673228827383,0.03279813454634018,-0.10861304326530741,0.596092660985773,-1.0255210405616166,-0.23554009851846266,0.0
829,0.19368576628835954,-0.06923339907451666,-0.4377279283177139,0.12576015759624476,0.20412972035032528,0.4025411457894811,-0.3086357479592415,0.015444673228827383,-0.2912418041904635,-1.141783396970835,0.596092660985773,0.9751140741611305,-0.23554009851846266,0.0
830,-0.11584260378740249,0.5394105501434547,-0.4377279283177139,0.12576015759624476,0.20412972035032528,0.4025411457894811,0.5695836485823832,0.015444673228827383,0.03279813454634018,-0.10861304326530741,,-1.0255210405616166,-0.23554009851846266,0.0
831,0.5719982186031798,-0.06923339907451666,-0.4377279283177139,0.12576015759624476,0.20412972035032528,0.4025411457894811,-0.3086357479592415,0.015444673228827383,-0.2912418041904635,-0.10861304326530741,0.596092660985773,0.9751140741611305,-0.23554009851846266,0.0
832,-1.1046137859738645,-0.11218352657470886,-0.4377279283177139,0.12576015759624476,1.6026613163218986,0.4025411457894811,-0.3086357479592415,1.451955290310083,-1.5874015591376782,0.9245573104402203,,0.9751140741611305,-0.23554009851846266,0.0
833,0.056117601810243084,0.5394105501434547,-0.4377279283177139,0.12576015759624476,0.20412972035032528,0.4025411457894811,0.5695836485823832,0.015444673228827383,0.03279813454634018,0.9245573104402203,,-1.0255210405616166,-0.23554009851846266,0.0
834,0.5376061774836507,0.7744617386380273,-0.4377279283177139,3.3424255218913017,3.0011929122934715,-2.48421809909334,-2.9432939375841154,-1.7801935981227421,-0.6152817429272672,-0.10861304326530741,0.596092660985773,0.9751140741611305,-0.23554009851846266,0.0
835,0.9159186297984709,0.26223022423390774,-0.4377279283177139,0.12576015759624476,0.20412972035032528,0.4025411457894811,-1.1868551445008662,0.37457232749914127,-0.6152817429272672,-1.141783396970835,0.596092660985773,0.9751140741611305,-0.23554009851846266,0.0
836,0.056117601810243084,1.1915731360422939,-0.4377279283177139,1.734092839743773,0.20412972035032528,0.4025411457894811,-0.3086357479592415,2.5293382531210247,-0.2912418041904635,-1.141783396970835,0.596092660985773,-1.0255210405616166,4.245561610485679,0.0
837,-0.5147902807739402,0.5394105501434547,-0.4377279283177139,0.12576015759624476,0.20412972035032528,0.4025411457894811,0.5695836485823832,0.015444673228827383,0.03279813454634018,-0.10861304326530741,,-1.0255210405616166,-0.23554009851846266,0.0
838,-0.44256699442292907,-0.11218352657470886,-0.4377279283177139,0.12576015759624476,1.6026613163218986,0.4025411457894811,-0.3086357479592415,1.451955290310083,-1.5874015591376782,-1.141783396970835,,0.9751140741611305,-0.23554009851846266,0.0
839,1.1738589381949394,-1.3607461889988168,-0.4377279283177139,0.12576015759624476,0.20412972035032528,0.4025411457894811,1.4478030451240078,-1.0619382895821143,0.03279813454634018,-1.141783396970835,0.596092660985773,0.9751140741611305,-0.23554009851846266,0.0
840,-0.11584260378740249,0.5394105501434547,-0.4377279283177139,0.12576015759624476,0.20412972035032528,0.4025411457894811,0.5695836485823832,0.015444673228827383,0.03279813454634018,-0.10861304326530741,,-1.0255210405616166,-0.23554009851846266,0.0
841,-0.37378291218387083,-0.11218352657470886,-0.4377279283177139,0.12576015759624476,1.6026613163218986,0.4025411457894811,-0.3086357479592415,1.451955290310083,-1.5874015591376782,0.9245573104402203,,0.9751140741611305,-0.23554009851846266,0.0
842,1.1203586790293998,-0.11218352657470886,-0.4377279283177139,0.12576015759624476,1.6026613163218986,0.4025411457894811,-0.3086357479592415,1.451955290310083,-1.5874015591376782,-0.10861304326530741,,0.9751140741611305,-0.23554009851846266,0.0
843,1.9476798633843444,1.721199985946511,-0.4377279283177139,-1.4825725245512835,-1.194401875621248,-2.48421809909334,-1.1868551445008662,-1.4210659438524282,2.3010777057039657,1.957727664145748,0.596092660985773,0.9751140741611305,-0.23554009851846266,0.0
844,-0.39097893274363543,-0.11218352657470886,-0.4377279283177139,0.12576015759624476,1.6026613163218986,0.4025411457894811,-0.3086357479592415,1.451955290310083,-1.5874015591376782,-0.10861304326530741,,0.9751140741611305,-0.23554009851846266,0.0
845,-0.25341076826551895,-0.11218352657470886,-0.4377279283177139,0.12576015759624476,1.6026613163218986,0.4025411457894811,-0.3086357479592415,1.451955290310083,-1.5874015591376782,0.9245573104402203,,0.9751140741611305,-0.23554009851846266,0.0
846,0.4172340335652988,-1.2848452677293336,-0.4377279283177139,-1.4825725245512835,-1.194401875621248,0.4025411457894811,1.4478030451240078,-0.34368298104148653,0.03279813454634018,0.9245573104402203,-1.6775915314009666,-1.0255210405616166,-0.23554009851846266,0.0
847,0.22463860329593574,-1.2848452677293336,-0.4377279283177139,-1.4825725245512835,-1.194401875621248,0.4025411457894811,1.4478030451240078,-0.34368298104148653,0.03279813454634018,-1.141783396970835,-1.6775915314009666,-1.0255210405616166,-0.23554009851846266,0.0
848,-0.06616673959435464,-1.446919516760685,-0.4377279283177139,0.12576015759624476,0.20412972035032528,0.4025411457894811,1.4478030451240078,-1.0619382895821143,0.03279813454634018,-1.141783396970835,0.596092660985773,-1.0255210405616166,-0.23554009851846266,0.0
849,0.03548237713852561,0.5394105501434547,-0.4377279283177139,0.12576015759624476,0.20412972035032528,0.4025411457894811,0.5695836485823832,0.015444673228827383,0.03279813454634018,-0.10861304326530741,,-1.0255210405616166,-0.23554009851846266,0.0
850,-0.39097893274363543,-0.11218352657470886,-0.4377279283177139,0.12576015759624476,1.6026613163218986,0.4025411457894811,-0.3086357479592415,1.451955290310083,-1.5874015591376782,0.9245573104402203,,0.9751140741611305,-0.23554009851846266,0.0
851,0.15585452105687753,-1.2848452677293336,-0.4377279283177139,-1.4825725245512835,-1.194401875621248,0.4025411457894811,1.4478030451240078,-0.34368298104148653,0.03279813454634018,-1.141783396970835,-1.6775915314009666,-1.0255210405616166,-0.23554009851846266,0.0
852,0.5719982186031798,-0.06923339907451666,-0.3821395964929565,0.12576015759624476,0.20412972035032528,0.4025411457894811,-0.3086357479592415,0.015444673228827383,-0.2912418041904635,-1.141783396970835,0.596092660985773,0.9751140741611305,-0.23554009851846266,0.0
853,-0.21901872714598983,-0.11218352657470886,-0.3821395964929565,0.12576015759624476,1.6026613163218986,0.4025411457894811,-0.3086357479592415,1.451955290310083,-1.5874015591376782,1.957727664145748,,0.9751140741611305,-0.23554009851846266,0.0
854,0.3140579102067114,-1.3607461889988168,-0.3821395964929565,0.12576015759624476,0.20412972035032528,0.4025411457894811,1.4478030451240078,-1.0619382895821143,0.03279813454634018,-0.10861304326530741,0.596092660985773,0.9751140741611305,-0.23554009851846266,0.0
855,-0.49415505610222277,1.721199985946511,-0.3821395964929565,-1.4825725245512835,-1.194401875621248,-2.48421809909334,-1.1868551445008662,-1.4210659438524282,2.3010777057039657,0.9245573104402203,0.596092660985773,0.9751140741611305,-0.23554009851846266,0.0
856,-0.3135968402246949,0.26223022423390774,-0.3821395964929565,0.12576015759624476,0.20412972035032528,0.4025411457894811,-1.1868551445008662,0.37457232749914127,-0.6152817429272672,-1.141783396970835,0.596092660985773,0.9751140741611305,-0.23554009851846266,0.0
857,2.429168439057752,-1.2848452677293336,-0.3821395964929565,-1.4825725245512835,-1.194401875621248,0.4025411457894811,1.4478030451240078,-0.34368298104148653,0.03279813454634018,-0.10861304326530741,-1.6775915314009666,-1.0255210405616166,-0.23554009851846266,0.0
858,0.7061271789693433,0.5394105501434547,-0.3821395964929565,0.12576015759624476,0.20412972035032528,0.4025411457894811,0.5695836485823832,0.015444673228827383,0.03279813454634018,-0.10861304326530741,,-1.0255210405616166,-0.23554009851846266,0.0
859,1.0878788353961166,-1.132050792705702,-0.3821395964929565,0.12576015759624476,-1.194401875621248,0.4025411457894811,0.5695836485823832,0.015444673228827383,0.03279813454634018,-0.10861304326530741,0.596092660985773,-1.0255210405616166,-0.23554009851846266,0.0
860,0.27106785880730006,1.721199985946511,-0.3821395964929565,-1.4825725245512835,-1.194401875621248,-2.48421809909334,-1.1868551445008662,-1.4210659438524282,2.3010777057039657,-1.141783396970835,0.596092660985773,0.9751140741611305,-0.23554009851846266,0.0
861,-1.1682390620449934,-0.11218352657470886,-0.3821395964929565,0.12576015759624476,1.6026613163218986,0.4025411457894811,-0.3086357479592415,1.451955290310083,-1.5874015591376782,-1.141783396970835,,0.9751140741611305,-0.23554009851846266,0.0
862,-0.25341076826551895,1.1915731360422939,-0.3821395964929565,1.734092839743773,0.20412972035032528,0.4025411457894811,-0.3086357479592415,2.5293382531210247,-0.2912418041904635,-1.141783396970835,0.596092660985773,-1.0255210405616166,4.245561610485679,0.0
863,-1.181995878492805,-0.11218352657470886,-0.3821395964929565,0.12576015759624476,1.6026613163218986,0.4025411457894811,-0.3086357479592415,1.451955290310083,-1.5874015591376782,-1.141783396970835,,0.9751140741611305,-0.23554009851846266,0.0
864,0.2624698485274178,1.721199985946511,-0.3821395964929565,-1.4825725245512835,-1.194401875621248,-2.48421809909334,-1.1868551445008662,-1.4210659438524282,2.3010777057039657,-1.141783396970835,0.596092660985773,0.9751140741611305,-0.23554009851846266,0.0
865,-1.1510430414852288,-0.11218352657470886,-0.3821395964929565,0.12576015759624476,1.6026613163218986,0.4025411457894811,-0.3086357479592415,1.451955290310083,-1.5874015591376782,-1.141783396970835,,0.9751140741611305,-0.23554009851846266,0.0
866,-0.13647782845911996,-0.06923339907451666,-0.3821395964929565,0.12576015759624476,0.20412972035032528,0.4025411457894811,-0.3086357479592415,0.015444673228827383,-0.2912418041904635,0.9245573104402203,0.596092660985773,0.9751140741611305,-0.23554009851846266,0.0
867,0.176489745728595,1.721199985946511,-0.3821395964929565,-1.4825725245512835,-1.194401875621248,-2.48421809909334,-1.1868551445008662,-1.4210659438524282,2.3010777057039657,-1.141783396970835,0.596092660985773,0.9751140741611305,-0.23554009851846266,0.0
868,0.2108817868481241,1.4142387366208409,-0.3821395964929565,3.3424255218913017,0.20412972035032528,0.4025411457894811,-0.3086357479592415,2.5293382531210247,-0.6152817429272672,-1.141783396970835,0.596092660985773,-1.0255210405616166,4.245561610485679,0.0
869,-0.44256699442292907,0.5394105501434547,-0.3821395964929565,0.12576015759624476,0.20412972035032528,0.4025411457894811,0.5695836485823832,0.015444673228827383,0.03279813454634018,-1.141783396970835,,-1.0255210405616166,-0.23554009851846266,0.0
870,0.4516260746848279,-0.11218352657470886,-0.3821395964929565,0.12576015759624476,1.6026613163218986,0.4025411457894811,-0.3086357479592415,1.451955290310083,-1.5874015591376782,-1.141783396970835,,0.9751140741611305,-0.23554009851846266,0.0
871,-1.2765739915715102,-1.132050792705702,-0.3821395964929565,0.12576015759624476,-1.194401875621248,0.4025411457894811,0.5695836485823832,0.015444673228827383,0.03279813454634018,-1.141783396970835,0.596092660985773,-1.0255210405616166,-0.23554009851846266,0.0
872,-1.0633433366304297,-0.11218352657470886,-0.3821395964929565,0.12576015759624476,1.6026613163218986,0.4025411457894811,-0.3086357479592415,1.451955290310083,-1.5874015591376782,1.957727664145748,,0.9751140741611305,-0.23554009851846266,0.0
873,-0.6317232205803393,-0.11218352657470886,-0.3821395964929565,0.12576015759624476,1.6026613163218986,0.4025411457894811,-0.3086357479592415,1.451955290310083,-1.5874015591376782,-0.10861304326530741,,0.9751140741611305,-0.23554009851846266,0.0
874,-0.3084380340567655,-0.11218352657470886,-0.3821395964929565,0.12576015759624476,1.6026613163218986,0.4025411457894811,-0.3086357479592415,1.451955290310083,-1.5874015591376782,1.957727664145748,,0.9751140741611305,-0.23554009851846266,0.0
875,-1.0100356728951594,-1.1780933123090649,-0.3821395964929565,0.12576015759624476,-1.194401875621248,0.4025411457894811,0.5695836485823832,-0.34368298104148653,0.3568380732831439,-0.10861304326530741,0.596092660985773,0.9751140741611305,-0.23554009851846266,0.0
876,0.3140579102067114,1.2543676904367356,-0.3821395964929565,3.3424255218913017,0.20412972035032528,0.4025411457894811,-0.3086357479592415,1.8110829445803969,-0.6152817429272672,-1.141783396970835,0.596092660985773,-1.0255210405616166,4.245561610485679,0.0
877,-0.4597630149826936,0.26223022423390774,-0.3821395964929565,0.12576015759624476,0.20412972035032528,0.4025411457894811,-1.1868551445008662,0.37457232749914127,-0.6152817429272672,-1.141783396970835,0.596092660985773,0.9751140741611305,-0.23554009851846266,0.0
878,2.4601212760653284,-1.2848452677293336,-0.3821395964929565,-1.4825725245512835,-1.194401875621248,0.4025411457894811,1.4478030451240078,-0.34368298104148653,0.03279813454634018,0.9245573104402203,-1.6775915314009666,-1.0255210405616166,-0.23554009851846266,0.0
879,-0.5801351589010455,0.5394105501434547,-0.3821395964929565,0.12576015759624476,0.20412972035032528,0.4025411457894811,0.5695836485823832,0.015444673228827383,0.03279813454634018,-1.141783396970835,,-1.0255210405616166,-0.23554009851846266,0.0
880,0.5719982186031798,-1.132050792705702,-0.3821395964929565,0.12576015759624476,-1.194401875621248,0.4025411457894811,0.5695836485823832,0.015444673228827383,0.03279813454634018,0.9245573104402203,0.596092660985773,-1.0255210405616166,-0.23554009851846266,0.0
881,-1.0822589592461707,-0.11218352657470886,-0.3821395964929565,0.12576015759624476,1.6026613163218986,0.4025411457894811,-0.3086357479592415,1.451955290310083,-1.5874015591376782,-0.10861304326530741,,0.9751140741611305,-0.23554009851846266,0.0
882,-0.59733117946081,-0.11218352657470886,-0.3821395964929565,0.12576015759624476,1.6026613163218986,0.4025411457894811,-0.3086357479592415,1.451955290310083,-1.5874015591376782,-1.141783396970835,,0.9751140741611305,-0.23554009851846266,0.0
883,-1.0444277140146885,-1.1780933123090649,-0.3821395964929565,0.12576015759624476,-1.194401875621248,0.4025411457894811,0.5695836485823832,-0.34368298104148653,0.3568380732831439,-0.10861304326530741,0.596092660985773,0.9751140741611305,-0.23554009851846266,0.0
884,-0.5594999342293281,-0.11218352657470886,-0.3821395964929565,0.12576015759624476,1.6026613163218986,0.4025411457894811,-0.3086357479592415,1.451955290310083,-1.5874015591376782,1.957727664145748,,0.9751140741611305,-0.23554009851846266,0.0
885,-1.2679759812916278,1.721199985946511,-0.3821395964929565,-1.4825725245512835,-1.194401875621248,-2.48421809909334,-1.1868551445008662,-1.4210659438524282,2.3010777057039657,0.9245573104402203,0.596092660985773,0.9751140741611305,-0.23554009851846266,0.0
886,-0.20182270658622528,-0.11218352657470886,-0.3821395964929565,0.12576015759624476,1.6026613163218986,0.4025411457894811,-0.3086357479592415,1.451955290310083,-1.5874015591376782,1.957727664145748,,0.9751140741611305,-0.23554009851846266,0.0
887,-1.1991918990525696,-1.132050792705702,-0.3821395964929565,0.12576015759624476,-1.194401875621248,0.4025411457894811,0.5695836485823832,0.015444673228827383,0.03279813454634018,0.9245573104402203,0.596092660985773,-1.0255210405616166,-0.23554009851846266,0.0
888,0.34501074721428765,1.721199985946511,-0.3821395964929565,-1.4825725245512835,-1.194401875621248,-2.48421809909334,-1.1868551445008662,-1.4210659438524282,2.3010777057039657,-1.141783396970835,0.596092660985773,0.9751140741611305,-0.23554009851846266,0.0
889,0.5376061774836507,-1.2848452677293336,-0.32655126466819906,-1.4825725245512835,-1.194401875621248,0.4025411457894811,1.4478030451240078,-0.34368298104148653,0.03279813454634018,0.9245573104402203,-1.6775915314009666,-1.0255210405616166,-0.23554009851846266,0.0
890,0.852293353727342,-0.11218352657470886,-0.32655126466819906,0.12576015759624476,1.6026613163218986,0.4025411457894811,-0.3086357479592415,1.451955290310083,-1.5874015591376782,-0.10861304326530741,,0.9751140741611305,-0.23554009851846266,0.0
891,-1.0031572646712537,0.26223022423390774,-0.32655126466819906,0.12576015759624476,0.20412972035032528,0.4025411457894811,-1.1868551445008662,0.37457232749914127,-0.6152817429272672,-0.10861304326530741,0.596092660985773,0.9751140741611305,-0.23554009851846266,0.0
892,-0.6317232205803393,-0.11218352657470886,-0.32655126466819906,0.12576015759624476,1.6026613163218986,0.4025411457894811,-0.3086357479592415,1.451955290310083,-1.5874015591376782,0.9245573104402203,,0.9751140741611305,-0.23554009851846266,0.0
893,-0.4253709738631645,0.7744617386380273,-0.32655126466819906,3.3424255218913017,3.0011929122934715,-2.48421809909334,-2.9432939375841154,-1.7801935981227421,-0.6152817429272672,-0.10861304326530741,0.596092660985773,0.9751140741611305,-0.23554009851846266,0.0
894,0.7783504653203545,0.26223022423390774,-0.32655126466819906,0.12576015759624476,0.20412972035032528,0.4025411457894811,-1.1868551445008662,0.37457232749914127,-0.6152817429272672,-1.141783396970835,0.596092660985773,0.9751140741611305,-0.23554009851846266,0.0
895,2.28968807709339,-1.2848452677293336,-0.32655126466819906,-1.4825725245512835,-1.194401875621248,0.4025411457894811,1.4478030451240078,-0.34368298104148653,0.03279813454634018,-1.141783396970835,-1.6775915314009666,-1.0255210405616166,-0.23554009851846266,0.0
896,-1.125023742776249,-0.11218352657470886,-0.32655126466819906,0.12576015759624476,1.6026613163218986,0.4025411457894811,-0.3086357479592415,1.451955290310083,-1.5874015591376782,0.9245573104402203,,0.9751140741611305,-0.23554009851846266,0.0
897,0.1678917354487127,-1.2848452677293336,-0.32655126466819906,-1.4825725245512835,-1.194401875621248,0.4025411457894811,1.4478030451240078,-0.34368298104148653,0.03279813454634018,-1.141783396970835,-1.6775915314009666,-1.0255210405616166,-0.23554009851846266,0.0
898,0.312338308150735,-1.2848452677293336,-0.32655126466819906,-1.4825725245512835,-1.194401875621248,0.4025411457894811,1.4478030451240078,-0.34368298104148653,0.03279813454634018,-0.10861304326530741,-1.6775915314009666,-1.0255210405616166,-0.23554009851846266,0.0
899,-0.992839652335395,0.26223022423390774,-0.32655126466819906,0.12576015759624476,0.20412972035032528,0.4025411457894811,-1.1868551445008662,0.37457232749914127,-0.6152817429272672,0.9245573104402203,0.596092660985773,0.9751140741611305,-0.23554009851846266,0.0
900,-0.11584260378740249,-1.5226355748289113,-0.32655126466819906,0.12576015759624476,0.20412972035032528,0.4025411457894811,1.4478030451240078,-0.7028106353118004,0.03279813454634018,1.957727664145748,0.596092660985773,-1.0255210405616166,-0.23554009851846266,0.0
901,0.056117601810243084,-1.5226355748289113,-0.32655126466819906,0.12576015759624476,0.20412972035032528,0.4025411457894811,1.4478030451240078,-0.7028106353118004,0.03279813454634018,0.9245573104402203,0.596092660985773,-1.0255210405616166,-0.23554009851846266,0.0
902,-1.3558682815766965,-0.6875505137670367,-0.32655126466819906,0.12576015759624476,0.20412972035032528,0.4025411457894811,0.5695836485823832,0.015444673228827383,0.6808780120199476,-1.141783396970835,0.596092660985773,-1.0255210405616166,-0.23554009851846266,0.0
903,-0.20182270658622528,-0.11218352657470886,-0.32655126466819906,0.12576015759624476,1.6026613163218986,0.4025411457894811,-0.3086357479592415,1.451955290310083,-1.5874015591376782,1.957727664145748,,0.9751140741611305,-0.23554009851846266,0.0
904,-0.08145056266787337,-1.1780933123090649,-0.32655126466819906,0.12576015759624476,-1.194401875621248,0.4025411457894811,0.5695836485823832,-0.34368298104148653,0.3568380732831439,-1.141783396970835,0.596092660985773,0.9751140741611305,-0.23554009851846266,0.0
905,0.5376061774836507,-0.06923339907451666,-0.32655126466819906,0.12576015759624476,0.20412972035032528,0.4025411457894811,-0.3086357479592415,0.015444673228827383,-0.2912418041904635,0.9245573104402203,0.596092660985773,0.9751140741611305,-0.23554009851846266,0.0
906,1.0878788353961166,1.721199985946511,-0.32655126466819906,-1.4825725245512835,-1.194401875621248,-2.48421809909334,-1.1868551445008662,-1.4210659438524282,2.3010777057039657,0.9245573104402203,0.596092660985773,0.9751140741611305,-0.23554009851846266,0.0
907,-0.5835743630129985,0.26223022423390774,-0.32655126466819906,0.12576015759624476,0.20412972035032528,0.4025411457894811,-1.1868551445008662,0.37457232749914127,-0.6152817429272672,0.9245573104402203,0.596092660985773,0.9751140741611305,-0.23554009851846266,0.0
908,-0.34283007517629466,-0.11218352657470886,-0.32655126466819906,0.12576015759624476,1.6026613163218986,0.4025411457894811,-0.3086357479592415,1.451955290310083,-1.5874015591376782,-1.141783396970835,,0.9751140741611305,-0.23554009851846266,0.0
909,-0.3565868916241063,-0.11218352657470886,-0.32655126466819906,0.12576015759624476,1.6026613163218986,0.4025411457894811,-0.3086357479592415,1.451955290310083,-1.5874015591376782,1.957727664145748,,0.9751140741611305,-0.23554009851846266,0.0
910,-0.347988881344224,-0.11218352657470886,-0.32655126466819906,0.12576015759624476,1.6026613163218986,0.4025411457894811,-0.3086357479592415,1.451955290310083,-1.5874015591376782,-0.10861304326530741,,0.9751140741611305,-0.23554009851846266,0.0
911,-1.0788197551342178,-1.1780933123090649,-0.32655126466819906,0.12576015759624476,-1.194401875621248,0.4025411457894811,0.5695836485823832,-0.34368298104148653,0.3568380732831439,-0.10861304326530741,0.596092660985773,0.9751140741611305,-0.23554009851846266,0.0
912,1.9476798633843444,1.721199985946511,-0.32655126466819906,-1.4825725245512835,-1.194401875621248,-2.48421809909334,-1.1868551445008662,-1.4210659438524282,2.3010777057039657,-0.10861304326530741,0.596092660985773,0.9751140741611305,-0.23554009851846266,0.0
913,0.6579783214020026,-0.11218352657470886,-0.32655126466819906,0.12576015759624476,1.6026613163218986,0.4025411457894811,-0.3086357479592415,1.451955290310083,-1.5874015591376782,1.957727664145748,,0.9751140741611305,-0.23554009851846266,0.0
914,0.8299385269996482,-0.11218352657470886,-0.32655126466819906,0.12576015759624476,1.6026613163218986,0.4025411457894811,-0.3086357479592415,1.451955290310083,-1.5874015591376782,-0.10861304326530741,,0.9751140741611305,-0.23554009851846266,0.0
915,2.325992315699165,-1.2848452677293336,-0.32655126466819906,-1.4825725245512835,-1.194401875621248,0.4025411457894811,1.4478030451240078,-0.34368298104148653,0.03279813454634018,-1.141783396970835,-1.6775915314009666,-1.0255210405616166,-0.23554009851846266,0.0
916,-0.038460511268461985,1.721199985946511,-0.32655126466819906,-1.4825725245512835,-1.194401875621248,-2.48421809909334,-1.1868551445008662,-1.4210659438524282,2.3010777057039657,-1.141783396970835,0.596092660985773,0.9751140741611305,-0.23554009851846266,0.0
917,0.4516260746848279,1.721199985946511,-0.32655126466819906,-1.4825725245512835,-1.194401875621248,-2.48421809909334,-1.1868551445008662,-1.4210659438524282,2.3010777057039657,-0.10861304326530741,0.596092660985773,0.9751140741611305,-0.23554009851846266,0.0
918,-0.347988881344224,-0.6875505137670367,-0.32655126466819906,0.12576015759624476,0.20412972035032528,0.4025411457894811,0.5695836485823832,0.015444673228827383,0.6808780120199476,-1.141783396970835,0.596092660985773,-1.0255210405616166,-0.23554009851846266,0.0
919,1.0018987325972937,-0.12459671560777764,-0.32655126466819906,0.12576015759624476,0.20412972035032528,0.4025411457894811,-1.1868551445008662,0.37457232749914127,0.03279813454634018,0.9245573104402203,0.596092660985773,0.9751140741611305,-0.23554009851846266,0.0
920,0.8815265886789418,-0.11218352657470886,-0.32655126466819906,0.12576015759624476,1.6026613163218986,0.4025411457894811,-0.3086357479592415,1.451955290310083,-1.5874015591376782,-1.141783396970835,,0.9751140741611305,-0.23554009851846266,0.0
921,-1.2593779710117456,-1.132050792705702,-0.32655126466819906,0.12576015759624476,-1.194401875621248,0.4025411457894811,0.5695836485823832,0.015444673228827383,0.03279813454634018,-0.10861304326530741,0.596092660985773,-1.0255210405616166,-0.23554009851846266,0.0
922,-0.13647782845911996,0.26223022423390774,-0.32655126466819906,0.12576015759624476,0.20412972035032528,0.4025411457894811,-1.1868551445008662,0.37457232749914127,-0.6152817429272672,-0.10861304326530741,0.596092660985773,0.9751140741611305,-0.23554009851846266,0.0
923,0.038921581250478524,0.5394105501434547,-0.32655126466819906,0.12576015759624476,0.20412972035032528,0.4025411457894811,0.5695836485823832,0.015444673228827383,0.03279813454634018,-0.10861304326530741,,-1.0255210405616166,-0.23554009851846266,0.0
924,-0.21557952303403694,0.26223022423390774,-0.32655126466819906,0.12576015759624476,0.20412972035032528,0.4025411457894811,-1.1868551445008662,0.37457232749914127,-0.6152817429272672,-0.10861304326530741,0.596092660985773,0.9751140741611305,-0.23554009851846266,0.0
925,1.0018987325972937,-0.11218352657470886,-0.32655126466819906,0.12576015759624476,1.6026613163218986,0.4025411457894811,-0.3086357479592415,1.451955290310083,-1.5874015591376782,0.9245573104402203,,0.9751140741611305,-0.23554009851846266,0.0
926,-1.0822589592461707,0.26223022423390774,-0.32655126466819906,0.12576015759624476,0.20412972035032528,0.4025411457894811,-1.1868551445008662,0.37457232749914127,-0.6152817429272672,-1.141783396970835,0.596092660985773,0.9751140741611305,-0.23554009851846266,0.0
927,2.6011286446553976,-1.2848452677293336,-0.32655126466819906,-1.4825725245512835,-1.194401875621248,0.4025411457894811,1.4478030451240078,-0.34368298104148653,0.03279813454634018,0.9245573104402203,-1.6775915314009666,-1.0255210405616166,-0.23554009851846266,0.0
928,-0.34283007517629466,-0.11218352657470886,-0.32655126466819906,0.12576015759624476,1.6026613163218986,0.4025411457894811,-0.3086357479592415,1.451955290310083,-1.5874015591376782,-0.10861304326530741,,0.9751140741611305,-0.23554009851846266,0.0
929,-0.047058521548344265,0.5394105501434547,-0.32655126466819906,0.12576015759624476,0.20412972035032528,0.4025411457894811,0.5695836485823832,0.015444673228827383,0.03279813454634018,-0.10861304326530741,,-1.0255210405616166,-0.23554009851846266,0.0
930,-0.18806589013841363,-0.06923339907451666,-0.32655126466819906,0.12576015759624476,0.20412972035032528,0.4025411457894811,-0.3086357479592415,0.015444673228827383,-0.2912418041904635,-0.10861304326530741,0.596092660985773,0.9751140741611305,-0.23554009851846266,0.0
931,-1.3195640429709214,1.1915731360422939,-0.32655126466819906,1.734092839743773,0.20412972035032528,0.4025411457894811,-0.3086357479592415,2.5293382531210247,-0.2912418041904635,-1.141783396970835,0.596092660985773,-1.0255210405616166,4.245561610485679,0.0
932,-0.5801351589010455,-0.11218352657470886,-0.32655126466819906,0.12576015759624476,1.6026613163218986,0.4025411457894811,-0.3086357479592415,1.451955290310083,-1.5874015591376782,1.957727664145748,,0.9751140741611305,-0.23554009851846266,0.0
933,-0.1502346449069316,0.26223022423390774,-0.32655126466819906,0.12576015759624476,0.20412972035032528,0.4025411457894811,-1.1868551445008662,0.37457232749914127,-0.6152817429272672,-0.10861304326530741,0.596092660985773,0.9751140741611305,-0.23554009851846266,0.0
934,-1.1166510003656998,-0.11218352657470886,-0.32655126466819906,0.12576015759624476,1.6026613163218986,0.4025411457894811,-0.3086357479592415,1.451955290310083,-1.5874015591376782,-0.10861304326530741,,0.9751140741611305,-0.23554009851846266,0.0
935,0.1885269601204302,-1.2848452677293336,-0.27096293284344164,-1.4825725245512835,-1.194401875621248,0.4025411457894811,1.4478030451240078,-0.34368298104148653,0.03279813454634018,-1.141783396970835,-1.6775915314009666,-1.0255210405616166,-0.23554009851846266,0.0
936,-0.3995769430235177,0.7744617386380273,-0.27096293284344164,3.3424255218913017,3.0011929122934715,-2.48421809909334,-2.9432939375841154,-1.7801935981227421,-0.6152817429272672,-0.10861304326530741,0.596092660985773,0.9751140741611305,-0.23554009851846266,0.0
937,0.6579783214020026,-1.3607461889988168,-0.27096293284344164,0.12576015759624476,0.20412972035032528,0.4025411457894811,1.4478030451240078,-1.0619382895821143,0.03279813454634018,-1.141783396970835,0.596092660985773,0.9751140741611305,-0.23554009851846266,0.0
938,0.9847027120375291,0.26223022423390774,-0.27096293284344164,0.12576015759624476,0.20412972035032528,0.4025411457894811,-1.1868551445008662,0.37457232749914127,-0.6152817429272672,-0.10861304326530741,0.596092660985773,0.9751140741611305,-0.23554009851846266,0.0
939,-1.0874177654141,-1.1780933123090649,-0.27096293284344164,0.12576015759624476,-1.194401875621248,0.4025411457894811,0.5695836485823832,-0.34368298104148653,0.3568380732831439,-1.141783396970835,0.596092660985773,0.9751140741611305,-0.23554009851846266,0.0
940,0.24355422591167675,-1.2848452677293336,-0.27096293284344164,-1.4825725245512835,-1.194401875621248,0.4025411457894811,1.4478030451240078,-0.34368298104148653,0.03279813454634018,-1.141783396970835,-1.6775915314009666,-1.0255210405616166,-0.23554009851846266,0.0
941,0.27966586908718233,-1.2848452677293336,-0.27096293284344164,-1.4825725245512835,-1.194401875621248,0.4025411457894811,1.4478030451240078,-0.34368298104148653,0.03279813454634018,-0.10861304326530741,-1.6775915314009666,-1.0255210405616166,-0.23554009851846266,0.0
942,-0.3944181368555883,1.721199985946511,-0.27096293284344164,-1.4825725245512835,-1.194401875621248,-2.48421809909334,-1.1868551445008662,-1.4210659438524282,2.3010777057039657,-1.141783396970835,0.596092660985773,0.9751140741611305,-0.23554009851846266,0.0
943,-1.0960157756939823,-0.11218352657470886,-0.27096293284344164,0.12576015759624476,1.6026613163218986,0.4025411457894811,-0.3086357479592415,1.451955290310083,-1.5874015591376782,-0.10861304326530741,,0.9751140741611305,-0.23554009851846266,0.0
944,-0.6833112822596329,-0.11218352657470886,-0.27096293284344164,0.12576015759624476,1.6026613163218986,0.4025411457894811,-0.3086357479592415,1.451955290310083,-1.5874015591376782,-1.141783396970835,,0.9751140741611305,-0.23554009851846266,0.0
945,0.09050964292977219,-1.132050792705702,-0.27096293284344164,0.12576015759624476,-1.194401875621248,0.4025411457894811,0.5695836485823832,0.015444673228827383,0.03279813454634018,-0.10861304326530741,0.596092660985773,-1.0255210405616166,-0.23554009851846266,0.0
946,-0.59733117946081,-0.11218352657470886,-0.27096293284344164,0.12576015759624476,1.6026613163218986,0.4025411457894811,-0.3086357479592415,1.451955290310083,-1.5874015591376782,1.957727664145748,,0.9751140741611305,-0.23554009851846266,0.0
947,0.7439584242008254,0.26223022423390774,-0.27096293284344164,0.12576015759624476,0.20412972035032528,0.4025411457894811,-1.1868551445008662,0.37457232749914127,-0.6152817429272672,0.9245573104402203,0.596092660985773,0.9751140741611305,-0.23554009851846266,0.0
948,-0.2553229657517648,-0.06923339907451666,-0.27096293284344164,0.12576015759624476,0.20412972035032528,0.4025411457894811,-0.3086357479592415,0.015444673228827383,-0.2912418041904635,-0.10861304326530741,0.596092660985773,0.9751140741611305,-0.23554009851846266,0.0
949,-0.502753066382105,-0.11218352657470886,-0.27096293284344164,0.12576015759624476,1.6026613163218986,0.4025411457894811,-0.3086357479592415,1.451955290310083,-1.5874015591376782,1.957727664145748,,0.9751140741611305,-0.23554009851846266,0.0
950,-1.2679759812916278,1.3184889911870974,-0.27096293284344164,3.3424255218913017,0.20412972035032528,0.4025411457894811,-0.3086357479592415,1.451955290310083,-0.9393216816640708,-1.141783396970835,0.596092660985773,-1.0255210405616166,4.245561610485679,0.0
951,0.2882638793670646,1.721199985946511,-0.27096293284344164,-1.4825725245512835,-1.194401875621248,-2.48421809909334,-1.1868551445008662,-1.4210659438524282,2.3010777057039657,0.9245573104402203,0.596092660985773,0.9751140741611305,-0.23554009851846266,0.0
952,-1.1132117962537469,-0.11218352657470886,-0.27096293284344164,0.12576015759624476,1.6026613163218986,0.4025411457894811,-0.3086357479592415,1.451955290310083,-1.5874015591376782,-0.10861304326530741,,0.9751140741611305,-0.23554009851846266,0.0
953,-1.0994549798059352,-0.11218352657470886,-0.27096293284344164,0.12576015759624476,1.6026613163218986,0.4025411457894811,-0.3086357479592415,1.451955290310083,-1.5874015591376782,0.9245573104402203,,0.9751140741611305,-0.23554009851846266,0.0
954,-1.147603837373276,-0.11218352657470886,-0.27096293284344164,0.12576015759624476,1.6026613163218986,0.4025411457894811,-0.3086357479592415,1.451955290310083,-1.5874015591376782,0.9245573104402203,,0.9751140741611305,-0.23554009851846266,0.0
955,-0.06769374622006173,-1.3607461889988168,-0.27096293284344164,0.12576015759624476,0.20412972035032528,0.4025411457894811,1.4478030451240078,-1.0619382895821143,0.03279813454634018,0.9245573104402203,0.596092660985773,0.9751140741611305,-0.23554009851846266,0.0
956,-0.3084380340567655,-0.11218352657470886,-0.27096293284344164,0.12576015759624476,1.6026613163218986,0.4025411457894811,-0.3086357479592415,1.451955290310083,-1.5874015591376782,0.9245573104402203,,0.9751140741611305,-0.23554009851846266,0.0
957,-0.5715371486211632,1.721199985946511,-0.27096293284344164,-1.4825725245512835,-1.194401875621248,-2.48421809909334,-1.1868551445008662,-1.4210659438524282,2.3010777057039657,-0.10861304326530741,0.596092660985773,0.9751140741611305,-0.23554009851846266,0.0
958,-0.7950854158981026,1.2543676904367356,-0.27096293284344164,3.3424255218913017,0.20412972035032528,0.4025411457894811,-0.3086357479592415,1.8110829445803969,-0.6152817429272672,-1.141783396970835,0.596092660985773,-1.0255210405616166,4.245561610485679,0.0
959,-0.2396539518177073,-0.11218352657470886,-0.27096293284344164,0.12576015759624476,1.6026613163218986,0.4025411457894811,-0.3086357479592415,1.451955290310083,-1.5874015591376782,0.9245573104402203,,0.9751140741611305,-0.23554009851846266,0.0
960,-0.4081749533034,0.26223022423390774,-0.27096293284344164,0.12576015759624476,0.20412972035032528,0.4025411457894811,-1.1868551445008662,0.37457232749914127,-0.6152817429272672,0.9245573104402203,0.596092660985773,0.9751140741611305,-0.23554009851846266,0.0
961,1.2407308229477516,-0.11218352657470886,-0.27096293284344164,0.12576015759624476,1.6026613163218986,0.4025411457894811,-0.3086357479592415,1.451955290310083,-1.5874015591376782,-0.10861304326530741,,0.9751140741611305,-0.23554009851846266,0.0
962,-0.5285470972217519,1.721199985946511,-0.27096293284344164,-1.4825725245512835,-1.194401875621248,-2.48421809909334,-1.1868551445008662,-1.4210659438524282,2.3010777057039657,1.957727664145748,0.596092660985773,0.9751140741611305,-0.23554009851846266,0.0
963,-0.2362147477057544,-0.06923339907451666,-0.27096293284344164,0.12576015759624476,0.20412972035032528,0.4025411457894811,-0.3086357479592415,0.015444673228827383,-0.2912418041904635,-0.10861304326530741,0.596092660985773,0.9751140741611305,-0.23554009851846266,0.0
964,-1.2026311031645225,-1.132050792705702,-0.27096293284344164,0.12576015759624476,-1.194401875621248,0.4025411457894811,0.5695836485823832,0.015444673228827383,0.03279813454634018,1.957727664145748,0.596092660985773,-1.0255210405616166,-0.23554009851846266,0.0
965,-0.37378291218387083,0.26223022423390774,-0.27096293284344164,0.12576015759624476,0.20412972035032528,0.4025411457894811,-1.1868551445008662,0.37457232749914127,-0.6152817429272672,-1.141783396970835,0.596092660985773,0.9751140741611305,-0.23554009851846266,0.0
966,3.5297137548826836,0.26223022423390774,-0.27096293284344164,0.12576015759624476,0.20412972035032528,0.4025411457894811,-1.1868551445008662,0.37457232749914127,-0.6152817429272672,-1.141783396970835,0.596092660985773,0.9751140741611305,-0.23554009851846266,0.0
967,0.724850206154815,-0.11218352657470886,-0.27096293284344164,0.12576015759624476,1.6026613163218986,0.4025411457894811,-0.3086357479592415,1.451955290310083,-1.5874015591376782,-1.141783396970835,,0.9751140741611305,-0.23554009851846266,0.0
968,-1.2851720018513924,-0.6875505137670367,-0.27096293284344164,0.12576015759624476,0.20412972035032528,0.4025411457894811,0.5695836485823832,0.015444673228827383,0.6808780120199476,0.9245573104402203,0.596092660985773,-1.0255210405616166,-0.23554009851846266,0.0
969,-0.08488976677982629,-1.1780933123090649,-0.21537460101868422,0.12576015759624476,-1.194401875621248,0.4025411457894811,0.5695836485823832,-0.34368298104148653,0.3568380732831439,-1.141783396970835,0.596092660985773,0.9751140741611305,-0.23554009851846266,0.0
970,-0.4718002293745288,1.721199985946511,-0.21537460101868422,-1.4825725245512835,-1.194401875621248,-2.48421809909334,-1.1868551445008662,-1.4210659438524282,2.3010777057039657,-1.141783396970835,0.596092660985773,0.9751140741611305,-0.23554009851846266,0.0
971,1.0878788353961166,-0.12459671560777764,-0.21537460101868422,0.12576015759624476,0.20412972035032528,0.4025411457894811,-1.1868551445008662,0.37457232749914127,0.03279813454634018,0.9245573104402203,0.596092660985773,0.9751140741611305,-0.23554009851846266,0.0
972,-1.1132117962537469,-1.1780933123090649,-0.21537460101868422,0.12576015759624476,-1.194401875621248,0.4025411457894811,0.5695836485823832,-0.34368298104148653,0.3568380732831439,0.9245573104402203,0.596092660985773,0.9751140741611305,-0.23554009851846266,0.0
973,-0.6661152616998683,-0.11218352657470886,-0.21537460101868422,0.12576015759624476,1.6026613163218986,0.4025411457894811,-0.3086357479592415,1.451955290310083,-1.5874015591376782,-0.10861304326530741,,0.9751140741611305,-0.23554009851846266,0.0
974,-1.6153355965988718,1.2099810655506498,-0.21537460101868422,1.734092839743773,0.20412972035032528,0.4025411457894811,-0.3086357479592415,1.8110829445803969,-0.6152817429272672,-1.141783396970835,0.596092660985773,-1.0255210405616166,4.245561610485679,0.0
975,-0.20182270658622528,0.26223022423390774,-0.21537460101868422,0.12576015759624476,0.20412972035032528,0.4025411457894811,-1.1868551445008662,0.37457232749914127,-0.6152817429272672,0.9245573104402203,0.596092660985773,0.9751140741611305,-0.23554009851846266,0.0
976,-0.736618945994903,-0.11218352657470886,-0.21537460101868422,0.12576015759624476,1.6026613163218986,0.4025411457894811,-0.3086357479592415,1.451955290310083,-1.5874015591376782,-1.141783396970835,,0.9751140741611305,-0.23554009851846266,0.0
977,-0.7299331332012665,0.26223022423390774,-0.21537460101868422,0.12576015759624476,0.20412972035032528,0.4025411457894811,-1.1868551445008662,0.37457232749914127,-0.6152817429272672,0.9245573104402203,0.596092660985773,0.9751140741611305,-0.23554009851846266,0.0
978,-0.3565868916241063,-0.11218352657470886,-0.21537460101868422,0.12576015759624476,1.6026613163218986,0.4025411457894811,-0.3086357479592415,1.451955290310083,-1.5874015591376782,-0.10861304326530741,,0.9751140741611305,-0.23554009851846266,0.0
979,0.8213405167197659,-1.5226355748289113,-0.21537460101868422,0.12576015759624476,0.20412972035032528,0.4025411457894811,1.4478030451240078,-0.7028106353118004,0.03279813454634018,0.9245573104402203,0.596092660985773,-1.0255210405616166,-0.23554009851846266,0.0
980,-0.6145272000205747,-0.11218352657470886,-0.21537460101868422,0.12576015759624476,1.6026613163218986,0.4025411457894811,-0.3086357479592415,1.451955290310083,-1.5874015591376782,-1.141783396970835,,0.9751140741611305,-0.23554009851846266,0.0
981,-0.9259677675825825,1.2099810655506498,-0.21537460101868422,1.734092839743773,0.20412972035032528,0.4025411457894811,-0.3086357479592415,1.8110829445803969,-0.6152817429272672,-1.141783396970835,0.596092660985773,-1.0255210405616166,4.245561610485679,0.0
982,-0.4253709738631645,-0.6875505137670367,-0.21537460101868422,0.12576015759624476,0.20412972035032528,0.4025411457894811,0.5695836485823832,0.015444673228827383,0.6808780120199476,-0.10861304326530741,0.596092660985773,-1.0255210405616166,-0.23554009851846266,0.0
983,0.4172340335652988,-1.2915722915032284,-0.21537460101868422,-1.4825725245512835,-1.194401875621248,0.4025411457894811,1.4478030451240078,-0.7028106353118004,0.03279813454634018,-0.10861304326530741,0.596092660985773,-1.0255210405616166,-0.23554009851846266,0.0
984,-1.3195640429709214,1.721199985946511,-0.21537460101868422,-1.4825725245512835,-1.194401875621248,-2.48421809909334,-1.1868551445008662,-1.4210659438524282,2.3010777057039657,0.9245573104402203,0.596092660985773,0.9751140741611305,-0.23554009851846266,0.0
985,-0.28780280938504804,-0.11218352657470886,-0.21537460101868422,0.12576015759624476,1.6026613163218986,0.4025411457894811,-0.3086357479592415,1.451955290310083,-1.5874015591376782,1.957727664145748,,0.9751140741611305,-0.23554009851846266,0.0
986,1.7040122520524805,-0.11218352657470886,-0.21537460101868422,0.12576015759624476,1.6026613163218986,0.4025411457894811,-0.3086357479592415,1.451955290310083,-1.5874015591376782,-0.10861304326530741,,0.9751140741611305,-0.23554009851846266,0.0
987,-0.08145056266787337,-1.1780933123090649,-0.21537460101868422,0.12576015759624476,-1.194401875621248,0.4025411457894811,0.5695836485823832,-0.34368298104148653,0.3568380732831439,-0.10861304326530741,0.596092660985773,0.9751140741611305,-0.23554009851846266,0.0
988,-0.9240555700963367,-0.11218352657470886,-0.21537460101868422,0.12576015759624476,1.6026613163218986,0.4025411457894811,-0.3086357479592415,1.451955290310083,-1.5874015591376782,1.957727664145748,,0.9751140741611305,-0.23554009851846266,0.0
989,-0.6317232205803393,-0.11218352657470886,-0.21537460101868422,0.12576015759624476,1.6026613163218986,0.4025411457894811,-0.3086357479592415,1.451955290310083,-1.5874015591376782,0.9245573104402203,,0.9751140741611305,-0.23554009851846266,0.0
990,-0.8638694981371607,-1.3607461889988168,-0.21537460101868422,0.12576015759624476,0.20412972035032528,0.4025411457894811,1.4478030451240078,-1.0619382895821143,0.03279813454634018,-1.141783396970835,0.596092660985773,0.9751140741611305,-0.23554009851846266,0.0
991,0.2194797971280064,1.721199985946511,-0.21537460101868422,-1.4825725245512835,-1.194401875621248,-2.48421809909334,-1.1868551445008662,-1.4210659438524282,2.3010777057039657,-1.141783396970835,0.596092660985773,0.9751140741611305,-0.23554009851846266,0.0
992,-0.30499882994481264,-0.11218352657470886,-0.21537460101868422,0.12576015759624476,1.6026613163218986,0.4025411457894811,-0.3086357479592415,1.451955290310083,-1.5874015591376782,0.9245573104402203,,0.9751140741611305,-0.23554009851846266,0.0
993,-0.25341076826551895,1.721199985946511,-0.21537460101868422,-1.4825725245512835,-1.194401875621248,-2.48421809909334,-1.1868551445008662,-1.4210659438524282,2.3010777057039657,0.9245573104402203,0.596092660985773,0.9751140741611305,-0.23554009851846266,0.0
994,0.22807780740788866,-1.5226355748289113,-0.21537460101868422,0.12576015759624476,0.20412972035032528,0.4025411457894811,1.4478030451240078,-0.7028106353118004,0.03279813454634018,-1.141783396970835,0.596092660985773,-1.0255210405616166,-0.23554009851846266,0.0
995,-0.20182270658622528,1.721199985946511,-0.21537460101868422,-1.4825725245512835,-1.194401875621248,-2.48421809909334,-1.1868551445008662,-1.4210659438524282,2.3010777057039657,0.9245573104402203,0.596092660985773,0.9751140741611305,-0.23554009851846266,0.0
996,-1.1046137859738645,-0.11218352657470886,-0.21537460101868422,0.12576015759624476,1.6026613163218986,0.4025411457894811,-0.3086357479592415,1.451955290310083,-1.5874015591376782,1.957727664145748,,0.9751140741611305,-0.23554009851846266,0.0
997,-0.49415505610222277,1.2543676904367356,-0.21537460101868422,3.3424255218913017,0.20412972035032528,0.4025411457894811,-0.3086357479592415,1.8110829445803969,-0.6152817429272672,-1.141783396970835,0.596092660985773,-1.0255210405616166,4.245561610485679,0.0
998,-0.11584260378740249,0.26223022423390774,-0.21537460101868422,0.12576015759624476,0.20412972035032528,0.4025411457894811,-1.1868551445008662,0.37457232749914127,-0.6152817429272672,0.9245573104402203,0.596092660985773,0.9751140741611305,-0.23554009851846266,0.0
999,-1.1390058270933936,-1.1780933123090649,-0.21537460101868422,0.12576015759624476,-1.194401875621248,0.4025411457894811,0.5695836485823832,-0.34368298104148653,0.3568380732831439,-1.141783396970835,0.596092660985773,0.9751140741611305,-0.23554009851846266,0.0
1000,-0.18462668602646073,0.26223022423390774,-0.21537460101868422,0.12576015759624476,0.20412972035032528,0.4025411457894811,-1.1868551445008662,0.37457232749914127,-0.6152817429272672,0.9245573104402203,0.596092660985773,0.9751140741611305,-0.23554009851846266,0.0
1001,-1.302368022411157,1.1915731360422939,-0.1597862691939268,1.734092839743773,0.20412972035032528,0.4025411457894811,-0.3086357479592415,2.5293382531210247,-0.2912418041904635,-1.141783396970835,0.596092660985773,-1.0255210405616166,4.245561610485679,0.0
1002,-1.2593779710117456,-1.132050792705702,-0.1597862691939268,0.12576015759624476,-1.194401875621248,0.4025411457894811,0.5695836485823832,0.015444673228827383,0.03279813454634018,0.9245573104402203,0.596092660985773,-1.0255210405616166,-0.23554009851846266,0.0
1003,3.0654211997690406,-0.12459671560777764,-0.1597862691939268,0.12576015759624476,0.20412972035032528,0.4025411457894811,-1.1868551445008662,0.37457232749914127,0.03279813454634018,0.9245573104402203,0.596092660985773,0.9751140741611305,-0.23554009851846266,0.0
1004,1.4317992465914076,1.4142387366208409,-0.1597862691939268,3.3424255218913017,0.20412972035032528,0.4025411457894811,-0.3086357479592415,2.5293382531210247,-0.6152817429272672,-1.141783396970835,0.596092660985773,-1.0255210405616166,4.245561610485679,0.0
1005,-0.11584260378740249,0.5394105501434547,-0.1597862691939268,0.12576015759624476,0.20412972035032528,0.4025411457894811,0.5695836485823832,0.015444673228827383,0.03279813454634018,-0.10861304326530741,,-1.0255210405616166,-0.23554009851846266,0.0
1006,-0.1502346449069316,-0.11218352657470886,-0.1597862691939268,0.12576015759624476,1.6026613163218986,0.4025411457894811,-0.3086357479592415,1.451955290310083,-1.5874015591376782,-0.10861304326530741,,0.9751140741611305,-0.23554009851846266,0.0
1007,-0.992839652335395,0.26223022423390774,-0.1597862691939268,0.12576015759624476,0.20412972035032528,0.4025411457894811,-1.1868551445008662,0.37457232749914127,-0.6152817429272672,0.9245573104402203,,0.9751140741611305,-0.23554009851846266,0.0
1008,-0.6317232205803393,-0.6875505137670367,-0.1597862691939268,0.12576015759624476,0.20412972035032528,0.4025411457894811,0.5695836485823832,0.015444673228827383,0.6808780120199476,-1.141783396970835,0.596092660985773,-1.0255210405616166,-0.23554009851846266,0.0
1009,-0.6317232205803393,-0.11218352657470886,-0.1597862691939268,0.12576015759624476,1.6026613163218986,0.4025411457894811,-0.3086357479592415,1.451955290310083,-1.5874015591376782,0.9245573104402203,,0.9751140741611305,-0.23554009851846266,0.0
1010,-0.44256699442292907,-0.11218352657470886,-0.1597862691939268,0.12576015759624476,1.6026613163218986,0.4025411457894811,-0.3086357479592415,1.451955290310083,-1.5874015591376782,-1.141783396970835,,0.9751140741611305,-0.23554009851846266,0.0
1011,-1.1338470209254643,-0.11218352657470886,-0.1597862691939268,0.12576015759624476,1.6026613163218986,0.4025411457894811,-0.3086357479592415,1.451955290310083,-1.5874015591376782,1.957727664145748,,0.9751140741611305,-0.23554009851846266,0.0
1012,-0.37378291218387083,-0.11218352657470886,-0.1597862691939268,0.12576015759624476,1.6026613163218986,0.4025411457894811,-0.3086357479592415,1.451955290310083,-1.5874015591376782,-1.141783396970835,,0.9751140741611305,-0.23554009851846266,0.0
1013,-0.717703323379162,-0.11218352657470886,-0.1597862691939268,0.12576015759624476,1.6026613163218986,0.4025411457894811,-0.3086357479592415,1.451955290310083,-1.5874015591376782,-0.10861304326530741,,0.9751140741611305,-0.23554009851846266,0.0
1014,-1.2662563792356514,-1.132050792705702,-0.1597862691939268,0.12576015759624476,-1.194401875621248,0.4025411457894811,0.5695836485823832,0.015444673228827383,0.03279813454634018,0.9245573104402203,0.596092660985773,-1.0255210405616166,-0.23554009851846266,0.0
1015,-0.3221948505045772,1.721199985946511,-0.1597862691939268,-1.4825725245512835,-1.194401875621248,-2.48421809909334,-1.1868551445008662,-1.4210659438524282,2.3010777057039657,0.9245573104402203,0.596092660985773,0.9751140741611305,-0.23554009851846266,0.0
1016,-0.44256699442292907,-0.11218352657470886,-0.1597862691939268,0.12576015759624476,1.6026613163218986,0.4025411457894811,-0.3086357479592415,1.451955290310083,-1.5874015591376782,0.9245573104402203,,0.9751140741611305,-0.23554009851846266,0.0
1017,0.021725560690713967,-1.132050792705702,-0.1597862691939268,0.12576015759624476,-1.194401875621248,0.4025411457894811,0.5695836485823832,0.015444673228827383,0.03279813454634018,0.9245573104402203,0.596092660985773,-1.0255210405616166,-0.23554009851846266,0.0
1018,2.2572082334601062,-1.2848452677293336,-0.1597862691939268,-1.4825725245512835,-1.194401875621248,0.4025411457894811,1.4478030451240078,-0.34368298104148653,0.03279813454634018,-1.141783396970835,-1.6775915314009666,-1.0255210405616166,-0.23554009851846266,0.0
1019,-0.4580434129267172,-1.132050792705702,-0.1597862691939268,0.12576015759624476,-1.194401875621248,0.4025411457894811,0.5695836485823832,0.015444673228827383,0.03279813454634018,-0.10861304326530741,0.596092660985773,-1.0255210405616166,-0.23554009851846266,0.0
1020,-0.28780280938504804,-0.11218352657470886,-0.1597862691939268,0.12576015759624476,1.6026613163218986,0.4025411457894811,-0.3086357479592415,1.451955290310083,-1.5874015591376782,1.957727664145748,,0.9751140741611305,-0.23554009851846266,0.0
1021,-0.7368115414251724,-0.11218352657470886,-0.1597862691939268,0.12576015759624476,1.6026613163218986,0.4025411457894811,-0.3086357479592415,1.451955290310083,-1.5874015591376782,0.9245573104402203,,0.9751140741611305,-0.23554009851846266,0.0
1022,0.17305054161664207,1.721199985946511,-0.1597862691939268,-1.4825725245512835,-1.194401875621248,-2.48421809909334,-1.1868551445008662,-1.4210659438524282,2.3010777057039657,-0.10861304326530741,0.596092660985773,0.9751140741611305,-0.23554009851846266,0.0
1023,-0.34283007517629466,-0.06923339907451666,-0.1597862691939268,0.12576015759624476,0.20412972035032528,0.4025411457894811,-0.3086357479592415,0.015444673228827383,-0.2912418041904635,-1.141783396970835,0.596092660985773,0.9751140741611305,-0.23554009851846266,0.0
1024,-0.28780280938504804,-0.06923339907451666,-0.1597862691939268,0.12576015759624476,0.20412972035032528,0.4025411457894811,-0.3086357479592415,0.015444673228827383,-0.2912418041904635,-0.10861304326530741,0.596092660985773,0.9751140741611305,-0.23554009851846266,0.0
1025,-1.302368022411157,-1.1780933123090649,-0.1597862691939268,0.12576015759624476,-1.194401875621248,0.4025411457894811,0.5695836485823832,-0.34368298104148653,0.3568380732831439,-1.141783396970835,0.596092660985773,0.9751140741611305,-0.23554009851846266,0.0
1026,1.4317992465914076,1.721199985946511,-0.1597862691939268,-1.4825725245512835,-1.194401875621248,-2.48421809909334,-1.1868551445008662,-1.4210659438524282,2.3010777057039657,-1.141783396970835,0.596092660985773,0.9751140741611305,-0.23554009851846266,0.0
1027,0.9159186297984709,-0.11218352657470886,-0.10419793736916938,0.12576015759624476,1.6026613163218986,0.4025411457894811,-0.3086357479592415,1.451955290310083,-1.5874015591376782,0.9245573104402203,,0.9751140741611305,-0.23554009851846266,0.0
1028,1.9132878222648153,0.26223022423390774,-0.10419793736916938,0.12576015759624476,0.20412972035032528,0.4025411457894811,-1.1868551445008662,0.37457232749914127,-0.6152817429272672,-0.10861304326530741,,0.9751140741611305,-0.23554009851846266,0.0
1029,-0.2706067888252835,1.2487918616792375,-0.10419793736916938,1.734092839743773,0.20412972035032528,0.4025411457894811,-0.3086357479592415,1.451955290310083,-0.9393216816640708,-1.141783396970835,0.596092660985773,-1.0255210405616166,4.245561610485679,0.0
1030,0.3140579102067114,-1.5226355748289113,-0.10419793736916938,0.12576015759624476,0.20412972035032528,0.4025411457894811,1.4478030451240078,-0.7028106353118004,0.03279813454634018,-1.141783396970835,0.596092660985773,-1.0255210405616166,-0.23554009851846266,0.0
1031,1.1360276929634572,-0.11218352657470886,-0.10419793736916938,0.12576015759624476,1.6026613163218986,0.4025411457894811,-0.3086357479592415,1.451955290310083,-1.5874015591376782,1.957727664145748,,0.9751140741611305,-0.23554009851846266,0.0
1032,-1.147603837373276,-1.3607461889988168,-0.10419793736916938,0.12576015759624476,0.20412972035032528,0.4025411457894811,1.4478030451240078,-1.0619382895821143,0.03279813454634018,0.9245573104402203,0.596092660985773,0.9751140741611305,-0.23554009851846266,0.0
1033,0.5719982186031798,-1.5226355748289113,-0.10419793736916938,0.12576015759624476,0.20412972035032528,0.4025411457894811,1.4478030451240078,-0.7028106353118004,0.03279813454634018,-0.10861304326530741,0.596092660985773,-1.0255210405616166,-0.23554009851846266,0.0
1034,-1.0530257242945709,-0.11218352657470886,-0.10419793736916938,0.12576015759624476,1.6026613163218986,0.4025411457894811,-0.3086357479592415,1.451955290310083,-1.5874015591376782,1.957727664145748,,0.9751140741611305,-0.23554009851846266,0.0
1035,-0.59733117946081,0.26223022423390774,-0.10419793736916938,0.12576015759624476,0.20412972035032528,0.4025411457894811,-1.1868551445008662,0.37457232749914127,-0.6152817429272672,-1.141783396970835,,0.9751140741611305,-0.23554009851846266,0.0
1036,0.14209770460906587,-1.132050792705702,-0.10419793736916938,0.12576015759624476,-1.194401875621248,0.4025411457894811,0.5695836485823832,0.015444673228827383,0.03279813454634018,-0.10861304326530741,0.596092660985773,-1.0255210405616166,-0.23554009851846266,0.0
1037,-0.20182270658622528,-0.06923339907451666,-0.10419793736916938,0.12576015759624476,0.20412972035032528,0.4025411457894811,-0.3086357479592415,0.015444673228827383,-0.2912418041904635,0.9245573104402203,0.596092660985773,0.9751140741611305,-0.23554009851846266,0.0
1038,-1.0874177654141,-1.1780933123090649,-0.10419793736916938,0.12576015759624476,-1.194401875621248,0.4025411457894811,0.5695836485823832,-0.34368298104148653,0.3568380732831439,0.9245573104402203,0.596092660985773,0.9751140741611305,-0.23554009851846266,0.0
1039,-1.3058072265231098,1.721199985946511,-0.10419793736916938,-1.4825725245512835,-1.194401875621248,-2.48421809909334,-1.1868551445008662,-1.4210659438524282,2.3010777057039657,-1.141783396970835,0.596092660985773,0.9751140741611305,-0.23554009851846266,0.0
1040,-0.6661152616998683,-0.6875505137670367,-0.10419793736916938,0.12576015759624476,0.20412972035032528,0.4025411457894811,0.5695836485823832,0.015444673228827383,0.6808780120199476,-0.10861304326530741,0.596092660985773,-1.0255210405616166,-0.23554009851846266,0.0
1041,0.07331362237000764,1.4142387366208409,-0.10419793736916938,3.3424255218913017,0.20412972035032528,0.4025411457894811,-0.3086357479592415,2.5293382531210247,-0.6152817429272672,-1.141783396970835,0.596092660985773,-1.0255210405616166,4.245561610485679,0.0
1042,-0.27920479910516577,-0.06923339907451666,-0.10419793736916938,0.12576015759624476,0.20412972035032528,0.4025411457894811,-0.3086357479592415,0.015444673228827383,-0.2912418041904635,-0.10861304326530741,0.596092660985773,0.9751140741611305,-0.23554009851846266,0.0
1043,-0.6489192411401038,1.721199985946511,-0.10419793736916938,-1.4825725245512835,-1.194401875621248,-2.48421809909334,-1.1868551445008662,-1.4210659438524282,2.3010777057039657,-0.10861304326530741,0.596092660985773,0.9751140741611305,-0.23554009851846266,0.0
1044,-0.7520953644986911,0.26223022423390774,-0.10419793736916938,0.12576015759624476,0.20412972035032528,0.4025411457894811,-1.1868551445008662,0.37457232749914127,-0.6152817429272672,0.9245573104402203,,0.9751140741611305,-0.23554009851846266,0.0
1045,1.0018987325972937,-0.11218352657470886,0.0069787262803454484,0.12576015759624476,1.6026613163218986,0.4025411457894811,-0.3086357479592415,1.451955290310083,-1.5874015591376782,-0.10861304326530741,,0.9751140741611305,-0.23554009851846266,0.0
1046,-0.30499882994481264,-1.3607461889988168,0.0069787262803454484,0.12576015759624476,0.20412972035032528,0.4025411457894811,1.4478030451240078,-1.0619382895821143,0.03279813454634018,-1.141783396970835,0.596092660985773,0.9751140741611305,-0.23554009851846266,0.0
1047,1.2907918780013383,0.7744617386380273,0.0069787262803454484,3.3424255218913017,3.0011929122934715,-2.48421809909334,-2.9432939375841154,-1.7801935981227421,-0.6152817429272672,-0.10861304326530741,0.596092660985773,0.9751140741611305,-0.23554009851846266,0.0
1048,0.10770566348953675,1.721199985946511,0.0069787262803454484,-1.4825725245512835,-1.194401875621248,-2.48421809909334,-1.1868551445008662,-1.4210659438524282,2.3010777057039657,-1.141783396970835,0.596092660985773,0.9751140741611305,-0.23554009851846266,0.0
1049,0.4378692582370163,0.26223022423390774,0.0069787262803454484,0.12576015759624476,0.20412972035032528,0.4025411457894811,-1.1868551445008662,0.37457232749914127,-0.6152817429272672,-1.141783396970835,,0.9751140741611305,-0.23554009851846266,0.0
1050,-1.2714151854035807,-1.5226355748289113,0.0069787262803454484,0.12576015759624476,0.20412972035032528,0.4025411457894811,1.4478030451240078,-0.7028106353118004,0.03279813454634018,-0.10861304326530741,0.596092660985773,-1.0255210405616166,-0.23554009851846266,0.0
1051,-0.8208794467377494,0.26223022423390774,0.0069787262803454484,0.12576015759624476,0.20412972035032528,0.4025411457894811,-1.1868551445008662,0.37457232749914127,-0.6152817429272672,0.9245573104402203,,0.9751140741611305,-0.23554009851846266,0.0
1052,-1.0730883214816482,0.26223022423390774,0.0069787262803454484,0.12576015759624476,0.20412972035032528,0.4025411457894811,-1.1868551445008662,0.37457232749914127,-0.6152817429272672,-1.141783396970835,,0.9751140741611305,-0.23554009851846266,0.0
1053,-0.37378291218387083,1.721199985946511,0.0069787262803454484,-1.4825725245512835,-1.194401875621248,-2.48421809909334,-1.1868551445008662,-1.4210659438524282,2.3010777057039657,-1.141783396970835,0.596092660985773,0.9751140741611305,-0.23554009851846266,0.0
1054,-1.373064302136461,-0.6875505137670367,0.0069787262803454484,0.12576015759624476,0.20412972035032528,0.4025411457894811,0.5695836485823832,0.015444673228827383,0.6808780120199476,-1.141783396970835,0.596092660985773,-1.0255210405616166,-0.23554009851846266,0.0
1055,-1.2077899093324518,0.7744617386380273,0.0069787262803454484,3.3424255218913017,3.0011929122934715,-2.48421809909334,-2.9432939375841154,-1.7801935981227421,-0.6152817429272672,0.9245573104402203,0.596092660985773,0.9751140741611305,-0.23554009851846266,0.0
1056,0.9675066914777646,0.26223022423390774,0.0069787262803454484,0.12576015759624476,0.20412972035032528,0.4025411457894811,-1.1868551445008662,0.37457232749914127,-0.6152817429272672,-1.141783396970835,,0.9751140741611305,-0.23554009851846266,0.0
1057,-0.4597630149826936,-1.287887575170266,0.0069787262803454484,-1.4825725245512835,-1.194401875621248,0.4025411457894811,1.4478030451240078,-0.7028106353118004,0.03279813454634018,-1.141783396970835,0.596092660985773,-1.0255210405616166,-0.23554009851846266,0.0
1058,0.19368576628835954,-1.2848452677293336,0.0069787262803454484,-1.4825725245512835,-1.194401875621248,0.4025411457894811,1.4478030451240078,-0.34368298104148653,0.03279813454634018,-1.141783396970835,-1.6775915314009666,-1.0255210405616166,-0.23554009851846266,0.0
1059,-0.30499882994481264,-1.3607461889988168,0.0069787262803454484,0.12576015759624476,0.20412972035032528,0.4025411457894811,1.4478030451240078,-1.0619382895821143,0.03279813454634018,-1.141783396970835,0.596092660985773,0.9751140741611305,-0.23554009851846266,0.0
1060,-1.2714151854035807,-1.132050792705702,0.0069787262803454484,0.12576015759624476,-1.194401875621248,0.4025411457894811,0.5695836485823832,0.015444673228827383,0.03279813454634018,-0.10861304326530741,0.596092660985773,-1.0255210405616166,-0.23554009851846266,0.0
1061,0.12490168404930131,1.1915731360422939,0.0069787262803454484,1.734092839743773,0.20412972035032528,0.4025411457894811,-0.3086357479592415,2.5293382531210247,-0.2912418041904635,-1.141783396970835,0.596092660985773,-1.0255210405616166,4.245561610485679,0.0
1062,-0.8055956236642307,-1.132050792705702,0.0069787262803454484,0.12576015759624476,-1.194401875621248,0.4025411457894811,0.5695836485823832,0.015444673228827383,0.03279813454634018,-0.10861304326530741,0.596092660985773,-1.0255210405616166,-0.23554009851846266,0.0
1063,-0.06769374622006173,-1.2915722915032284,0.0069787262803454484,-1.4825725245512835,-1.194401875621248,0.4025411457894811,1.4478030451240078,-0.7028106353118004,0.03279813454634018,-1.141783396970835,0.596092660985773,-1.0255210405616166,-0.23554009851846266,0.0
1064,-0.59733117946081,0.26223022423390774,0.0069787262803454484,0.12576015759624476,0.20412972035032528,0.4025411457894811,-1.1868551445008662,0.37457232749914127,-0.6152817429272672,-1.141783396970835,,0.9751140741611305,-0.23554009851846266,0.0
1065,0.4000380130055342,-1.3607461889988168,0.0069787262803454484,0.12576015759624476,0.20412972035032528,0.4025411457894811,1.4478030451240078,-1.0619382895821143,0.03279813454634018,1.957727664145748,0.596092660985773,0.9751140741611305,-0.23554009851846266,0.0
1066,-0.14507583873900223,-1.5226355748289113,0.0069787262803454484,0.12576015759624476,0.20412972035032528,0.4025411457894811,1.4478030451240078,-0.7028106353118004,0.03279813454634018,0.9245573104402203,0.596092660985773,-1.0255210405616166,-0.23554009851846266,0.0
1067,-0.08145056266787337,-1.1780933123090649,0.0069787262803454484,0.12576015759624476,-1.194401875621248,0.4025411457894811,0.5695836485823832,-0.34368298104148653,0.3568380732831439,0.9245573104402203,0.596092660985773,0.9751140741611305,-0.23554009851846266,0.0
1068,-0.029862500988579704,-0.06923339907451666,0.0069787262803454484,0.12576015759624476,0.20412972035032528,0.4025411457894811,-0.3086357479592415,0.015444673228827383,-0.2912418041904635,-1.141783396970835,0.596092660985773,0.9751140741611305,-0.23554009851846266,0.0
1069,-0.11584260378740249,1.2983708579202684,0.0069787262803454484,1.734092839743773,0.20412972035032528,0.4025411457894811,-0.3086357479592415,2.5293382531210247,-0.2912418041904635,-1.141783396970835,0.596092660985773,-1.0255210405616166,4.245561610485679,0.0
1070,1.225446999874233,-1.5313323165745925,0.0069787262803454484,-1.4825725245512835,0.20412972035032528,0.4025411457894811,1.4478030451240078,-1.4210659438524282,0.03279813454634018,0.9245573104402203,0.596092660985773,0.9751140741611305,-0.23554009851846266,0.0
1071,-0.5457431177815164,-0.11218352657470886,0.0069787262803454484,0.12576015759624476,1.6026613163218986,0.4025411457894811,-0.3086357479592415,1.451955290310083,-1.5874015591376782,-1.141783396970835,,0.9751140741611305,-0.23554009851846266,0.0
1072,-0.2690797821995764,-0.06923339907451666,0.0069787262803454484,0.12576015759624476,0.20412972035032528,0.4025411457894811,-0.3086357479592415,0.015444673228827383,-0.2912418041904635,-0.10861304326530741,0.596092660985773,0.9751140741611305,-0.23554009851846266,0.0
1073,-0.4803982396544111,0.7744617386380273,0.0069787262803454484,3.3424255218913017,3.0011929122934715,-2.48421809909334,-2.9432939375841154,-1.7801935981227421,-0.6152817429272672,-1.141783396970835,0.596092660985773,0.9751140741611305,-0.23554009851846266,0.0
1074,-1.1682390620449934,-0.11218352657470886,0.0069787262803454484,0.12576015759624476,1.6026613163218986,0.4025411457894811,-0.3086357479592415,1.451955290310083,-1.5874015591376782,1.957727664145748,,0.9751140741611305,-0.23554009851846266,0.0
1075,1.8788957811452862,-1.3786953435729568,0.0069787262803454484,-1.4825725245512835,-1.194401875621248,0.4025411457894811,1.4478030451240078,-1.4210659438524282,0.03279813454634018,0.9245573104402203,0.596092660985773,-1.0255210405616166,-0.23554009851846266,0.0
1076,0.9468714668060472,1.1915731360422939,0.0069787262803454484,1.734092839743773,0.20412972035032528,0.4025411457894811,-0.3086357479592415,2.5293382531210247,-0.2912418041904635,-1.141783396970835,0.596092660985773,-1.0255210405616166,4.245561610485679,0.0
1077,-1.0014376626152772,-1.132050792705702,0.0069787262803454484,0.12576015759624476,-1.194401875621248,0.4025411457894811,0.5695836485823832,0.015444673228827383,0.03279813454634018,0.9245573104402203,0.596092660985773,-1.0255210405616166,-0.23554009851846266,0.0
1078,1.0018987325972937,-1.287887575170266,0.0069787262803454484,-1.4825725245512835,-1.194401875621248,0.4025411457894811,1.4478030451240078,-0.7028106353118004,0.03279813454634018,0.9245573104402203,0.596092660985773,-1.0255210405616166,-0.23554009851846266,0.0
1079,-1.121809806533629,-0.11218352657470886,0.0069787262803454484,0.12576015759624476,1.6026613163218986,0.4025411457894811,-0.3086357479592415,1.451955290310083,-1.5874015591376782,1.957727664145748,,0.9751140741611305,-0.23554009851846266,0.0
1080,0.056117601810243084,-0.12459671560777764,0.0069787262803454484,0.12576015759624476,0.20412972035032528,0.4025411457894811,-1.1868551445008662,0.37457232749914127,0.03279813454634018,-1.141783396970835,0.596092660985773,0.9751140741611305,-0.23554009851846266,0.0
1081,-0.33079286078445946,0.26223022423390774,0.0069787262803454484,0.12576015759624476,0.20412972035032528,0.4025411457894811,-1.1868551445008662,0.37457232749914127,-0.6152817429272672,-0.10861304326530741,,0.9751140741611305,-0.23554009851846266,0.0
1082,-0.6747132719797506,1.721199985946511,0.0069787262803454484,-1.4825725245512835,-1.194401875621248,-2.48421809909334,-1.1868551445008662,-1.4210659438524282,2.3010777057039657,-1.141783396970835,0.596092660985773,0.9751140741611305,-0.23554009851846266,0.0
1083,-0.8036834261779848,-1.132050792705702,0.0069787262803454484,0.12576015759624476,-1.194401875621248,0.4025411457894811,0.5695836485823832,0.015444673228827383,0.03279813454634018,-1.141783396970835,0.596092660985773,-1.0255210405616166,-0.23554009851846266,0.0
1084,-1.3539560840904505,1.721199985946511,0.0069787262803454484,-1.4825725245512835,-1.194401875621248,-2.48421809909334,-1.1868551445008662,-1.4210659438524282,2.3010777057039657,1.957727664145748,0.596092660985773,0.9751140741611305,-0.23554009851846266,0.0
1085,-0.4597630149826936,-1.132050792705702,0.11815538992986029,0.12576015759624476,-1.194401875621248,0.4025411457894811,0.5695836485823832,0.015444673228827383,0.03279813454634018,1.957727664145748,0.596092660985773,-1.0255210405616166,-0.23554009851846266,0.0
1086,0.3656459718860051,-0.06923339907451666,0.11815538992986029,0.12576015759624476,0.20412972035032528,0.4025411457894811,-0.3086357479592415,0.015444673228827383,-0.2912418041904635,-0.10861304326530741,0.596092660985773,0.9751140741611305,-0.23554009851846266,0.0
1087,-1.0874177654141,-1.132050792705702,0.11815538992986029,0.12576015759624476,-1.194401875621248,0.4025411457894811,0.5695836485823832,0.015444673228827383,0.03279813454634018,-1.141783396970835,0.596092660985773,-1.0255210405616166,-0.23554009851846266,0.0
1088,-1.2163879196123342,-0.11218352657470886,0.11815538992986029,0.12576015759624476,1.6026613163218986,0.4025411457894811,-0.3086357479592415,1.451955290310083,-1.5874015591376782,-0.10861304326530741,,0.9751140741611305,-0.23554009851846266,0.0
1089,-0.8036868653820968,-1.132050792705702,0.11815538992986029,0.12576015759624476,-1.194401875621248,0.4025411457894811,0.5695836485823832,0.015444673228827383,0.03279813454634018,0.9245573104402203,0.596092660985773,-1.0255210405616166,-0.23554009851846266,0.0
1090,-1.0444277140146885,-1.132050792705702,0.11815538992986029,0.12576015759624476,-1.194401875621248,0.4025411457894811,0.5695836485823832,0.015444673228827383,0.03279813454634018,-1.141783396970835,0.596092660985773,-1.0255210405616166,-0.23554009851846266,0.0
1091,-0.6523584452520567,1.721199985946511,0.11815538992986029,-1.4825725245512835,-1.194401875621248,-2.48421809909334,-1.1868551445008662,-1.4210659438524282,2.3010777057039657,0.9245573104402203,0.596092660985773,0.9751140741611305,-0.23554009851846266,0.0
1092,-0.4081749533034,0.26223022423390774,0.11815538992986029,0.12576015759624476,0.20412972035032528,0.4025411457894811,-1.1868551445008662,0.37457232749914127,-0.6152817429272672,-0.10861304326530741,,0.9751140741611305,-0.23554009851846266,0.0
1093,1.2770350615535266,0.5394105501434547,0.11815538992986029,0.12576015759624476,0.20412972035032528,0.4025411457894811,0.5695836485823832,0.015444673228827383,0.03279813454634018,-1.141783396970835,-1.6775915314009666,-1.0255210405616166,-0.23554009851846266,0.0
1094,1.3251839191208674,-0.06923339907451666,0.11815538992986029,0.12576015759624476,0.20412972035032528,0.4025411457894811,-0.3086357479592415,0.015444673228827383,-0.2912418041904635,-1.141783396970835,0.596092660985773,0.9751140741611305,-0.23554009851846266,0.0
1095,-1.3539560840904505,-1.132050792705702,0.11815538992986029,0.12576015759624476,-1.194401875621248,0.4025411457894811,0.5695836485823832,0.015444673228827383,0.03279813454634018,-0.10861304326530741,0.596092660985773,-1.0255210405616166,-0.23554009851846266,0.0
1096,-0.7348993439389265,-1.132050792705702,0.11815538992986029,0.12576015759624476,-1.194401875621248,0.4025411457894811,0.5695836485823832,0.015444673228827383,0.03279813454634018,1.957727664145748,0.596092660985773,-1.0255210405616166,-0.23554009851846266,0.0
1097,-0.9756436317756304,-1.132050792705702,0.11815538992986029,0.12576015759624476,-1.194401875621248,0.4025411457894811,0.5695836485823832,0.015444673228827383,0.03279813454634018,0.9245573104402203,0.596092660985773,-1.0255210405616166,-0.23554009851846266,0.0
1098,-1.2851720018513924,-1.132050792705702,0.11815538992986029,0.12576015759624476,-1.194401875621248,0.4025411457894811,0.5695836485823832,0.015444673228827383,0.03279813454634018,-0.10861304326530741,0.596092660985773,-1.0255210405616166,-0.23554009851846266,0.0
1099,-0.07835527896711576,-1.2848452677293336,0.11815538992986029,-1.4825725245512835,-1.194401875621248,0.4025411457894811,1.4478030451240078,-0.34368298104148653,0.03279813454634018,-0.10861304326530741,-1.6775915314009666,-1.0255210405616166,-0.23554009851846266,0.0
1100,0.03685805878330678,-1.132050792705702,0.11815538992986029,0.12576015759624476,-1.194401875621248,0.4025411457894811,0.5695836485823832,0.015444673228827383,0.03279813454634018,-1.141783396970835,0.596092660985773,-1.0255210405616166,-0.23554009851846266,0.0
1101,-0.6145272000205747,-0.11218352657470886,0.11815538992986029,0.12576015759624476,1.6026613163218986,0.4025411457894811,-0.3086357479592415,1.451955290310083,-1.5874015591376782,-0.10861304326530741,,0.9751140741611305,-0.23554009851846266,0.0
1102,-0.10724459350752022,0.26223022423390774,0.11815538992986029,0.12576015759624476,0.20412972035032528,0.4025411457894811,-1.1868551445008662,0.37457232749914127,-0.6152817429272672,0.9245573104402203,,0.9751140741611305,-0.23554009851846266,0.0
1103,3.753262022159623,-1.1780933123090649,0.11815538992986029,0.12576015759624476,-1.194401875621248,0.4025411457894811,0.5695836485823832,-0.34368298104148653,0.3568380732831439,1.957727664145748,0.596092660985773,0.9751140741611305,-0.23554009851846266,0.0
1104,-1.1905938887726872,-0.11218352657470886,0.11815538992986029,0.12576015759624476,1.6026613163218986,0.4025411457894811,-0.3086357479592415,1.451955290310083,-1.5874015591376782,0.9245573104402203,,0.9751140741611305,-0.23554009851846266,0.0
1105,0.22807780740788866,-1.2848452677293336,0.11815538992986029,-1.4825725245512835,-1.194401875621248,0.4025411457894811,1.4478030451240078,-0.34368298104148653,0.03279813454634018,-1.141783396970835,-1.6775915314009666,-1.0255210405616166,-0.23554009851846266,0.0
1106,-1.185435082604758,1.2543676904367356,0.11815538992986029,3.3424255218913017,0.20412972035032528,0.4025411457894811,-0.3086357479592415,1.8110829445803969,-0.6152817429272672,-1.141783396970835,0.596092660985773,-1.0255210405616166,4.245561610485679,0.0
1107,-0.37378291218387083,-0.11218352657470886,0.11815538992986029,0.12576015759624476,1.6026613163218986,0.4025411457894811,-0.3086357479592415,1.451955290310083,-1.5874015591376782,0.9245573104402203,,0.9751140741611305,-0.23554009851846266,0.0
1108,-0.6317232205803393,-1.5226355748289113,0.11815538992986029,0.12576015759624476,0.20412972035032528,0.4025411457894811,1.4478030451240078,-0.7028106353118004,0.03279813454634018,-1.141783396970835,0.596092660985773,-1.0255210405616166,-0.23554009851846266,0.0
1109,-0.2362147477057544,0.26223022423390774,0.11815538992986029,0.12576015759624476,0.20412972035032528,0.4025411457894811,-1.1868551445008662,0.37457232749914127,-0.6152817429272672,-0.10861304326530741,,0.9751140741611305,-0.23554009851846266,0.0
1110,-0.18462668602646073,-1.5226355748289113,0.11815538992986029,0.12576015759624476,0.20412972035032528,0.4025411457894811,1.4478030451240078,-0.7028106353118004,0.03279813454634018,-1.141783396970835,0.596092660985773,-1.0255210405616166,-0.23554009851846266,0.0
1111,-1.034969902706818,-1.132050792705702,0.11815538992986029,0.12576015759624476,-1.194401875621248,0.4025411457894811,0.5695836485823832,0.015444673228827383,0.03279813454634018,0.9245573104402203,0.596092660985773,-1.0255210405616166,-0.23554009851846266,0.0
1112,-0.4081749533034,0.26223022423390774,0.11815538992986029,0.12576015759624476,0.20412972035032528,0.4025411457894811,-1.1868551445008662,0.37457232749914127,-0.6152817429272672,-0.10861304326530741,,0.9751140741611305,-0.23554009851846266,0.0
1113,-0.5801351589010455,-1.1780933123090649,0.11815538992986029,0.12576015759624476,-1.194401875621248,0.4025411457894811,0.5695836485823832,-0.34368298104148653,0.3568380732831439,-1.141783396970835,0.596092660985773,0.9751140741611305,-0.23554009851846266,0.0
1114,-0.22093092463223565,-0.06923339907451666,0.11815538992986029,0.12576015759624476,0.20412972035032528,0.4025411457894811,-0.3086357479592415,0.015444673228827383,-0.2912418041904635,0.9245573104402203,0.596092660985773,0.9751140741611305,-0.23554009851846266,0.0
1115,-1.2077899093324518,-1.1780933123090649,0.11815538992986029,0.12576015759624476,-1.194401875621248,0.4025411457894811,0.5695836485823832,-0.34368298104148653,0.3568380732831439,-1.141783396970835,0.596092660985773,0.9751140741611305,-0.23554009851846266,0.0
1116,-0.21042071686610755,0.26223022423390774,0.11815538992986029,0.12576015759624476,0.20412972035032528,0.4025411457894811,-1.1868551445008662,0.37457232749914127,-0.6152817429272672,-0.10861304326530741,,0.9751140741611305,-0.23554009851846266,0.0
1117,0.5032141363641216,0.26223022423390774,0.11815538992986029,0.12576015759624476,0.20412972035032528,0.4025411457894811,-1.1868551445008662,0.37457232749914127,-0.6152817429272672,-1.141783396970835,,0.9751140741611305,-0.23554009851846266,0.0
1118,1.3458191437925848,1.721199985946511,0.11815538992986029,-1.4825725245512835,-1.194401875621248,-2.48421809909334,-1.1868551445008662,-1.4210659438524282,2.3010777057039657,-1.141783396970835,0.596092660985773,0.9751140741611305,-0.23554009851846266,0.0
1119,1.8445037400257571,0.26223022423390774,0.11815538992986029,0.12576015759624476,0.20412972035032528,0.4025411457894811,-1.1868551445008662,0.37457232749914127,-0.6152817429272672,-0.10861304326530741,,0.9751140741611305,-0.23554009851846266,0.0
1120,-0.992839652335395,-1.132050792705702,0.11815538992986029,0.12576015759624476,-1.194401875621248,0.4025411457894811,0.5695836485823832,0.015444673228827383,0.03279813454634018,-0.10861304326530741,0.596092660985773,-1.0255210405616166,-0.23554009851846266,0.0
1121,-1.371152104650215,-1.132050792705702,0.1737437217546177,0.12576015759624476,-1.194401875621248,0.4025411457894811,0.5695836485823832,0.015444673228827383,0.03279813454634018,-1.141783396970835,0.596092660985773,-1.0255210405616166,-0.23554009851846266,0.0
1122,-0.49415505610222277,-0.11218352657470886,0.1737437217546177,0.12576015759624476,1.6026613163218986,0.4025411457894811,-0.3086357479592415,1.451955290310083,-1.5874015591376782,-1.141783396970835,,0.9751140741611305,-0.23554009851846266,0.0
1123,0.4000380130055342,0.7744617386380273,0.1737437217546177,3.3424255218913017,3.0011929122934715,-2.48421809909334,-2.9432939375841154,-1.7801935981227421,-0.6152817429272672,-0.10861304326530741,0.596092660985773,0.9751140741611305,-0.23554009851846266,0.0
1124,-0.2706067888252835,0.26223022423390774,0.1737437217546177,0.12576015759624476,0.20412972035032528,0.4025411457894811,-1.1868551445008662,0.37457232749914127,-0.6152817429272672,0.9245573104402203,,0.9751140741611305,-0.23554009851846266,0.0
1125,-0.4924354540462463,0.26223022423390774,0.1737437217546177,0.12576015759624476,0.20412972035032528,0.4025411457894811,-1.1868551445008662,0.37457232749914127,-0.6152817429272672,0.9245573104402203,,0.9751140741611305,-0.23554009851846266,0.0
1126,0.14209770460906587,1.721199985946511,0.1737437217546177,-1.4825725245512835,-1.194401875621248,-2.48421809909334,-1.1868551445008662,-1.4210659438524282,2.3010777057039657,0.9245573104402203,0.596092660985773,0.9751140741611305,-0.23554009851846266,0.0
1127,0.3656459718860051,-1.3607461889988168,0.1737437217546177,0.12576015759624476,0.20412972035032528,0.4025411457894811,1.4478030451240078,-1.0619382895821143,0.03279813454634018,0.9245573104402203,0.596092660985773,0.9751140741611305,-0.23554009851846266,0.0
1128,-0.4339689841430468,0.7744617386380273,0.1737437217546177,3.3424255218913017,3.0011929122934715,-2.48421809909334,-2.9432939375841154,-1.7801935981227421,-0.6152817429272672,0.9245573104402203,0.596092660985773,0.9751140741611305,-0.23554009851846266,0.0
1129,0.22807780740788866,1.721199985946511,0.1737437217546177,-1.4825725245512835,-1.194401875621248,-2.48421809909334,-1.1868551445008662,-1.4210659438524282,2.3010777057039657,0.9245573104402203,0.596092660985773,0.9751140741611305,-0.23554009851846266,0.0
1130,-0.4081749533034,-1.5226355748289113,0.1737437217546177,0.12576015759624476,0.20412972035032528,0.4025411457894811,1.4478030451240078,-0.7028106353118004,0.03279813454634018,-1.141783396970835,0.596092660985773,-1.0255210405616166,-0.23554009851846266,0.0
1131,0.5032141363641216,0.26223022423390774,0.1737437217546177,0.12576015759624476,0.20412972035032528,0.4025411457894811,-1.1868551445008662,0.37457232749914127,-0.6152817429272672,-1.141783396970835,,0.9751140741611305,-0.23554009851846266,0.0
1132,2.2916002745796353,-1.2848452677293336,0.1737437217546177,-1.4825725245512835,-1.194401875621248,0.4025411457894811,1.4478030451240078,-0.34368298104148653,0.03279813454634018,-0.10861304326530741,-1.6775915314009666,-1.0255210405616166,-0.23554009851846266,0.0
1133,-1.2507799607318633,1.2543676904367356,0.1737437217546177,3.3424255218913017,0.20412972035032528,0.4025411457894811,-0.3086357479592415,1.8110829445803969,-0.6152817429272672,-1.141783396970835,0.596092660985773,-1.0255210405616166,4.245561610485679,0.0
1134,0.22807780740788866,1.721199985946511,0.1737437217546177,-1.4825725245512835,-1.194401875621248,-2.48421809909334,-1.1868551445008662,-1.4210659438524282,2.3010777057039657,1.957727664145748,0.596092660985773,0.9751140741611305,-0.23554009851846266,0.0
1135,-1.3058072265231098,1.721199985946511,0.1737437217546177,-1.4825725245512835,-1.194401875621248,-2.48421809909334,-1.1868551445008662,-1.4210659438524282,2.3010777057039657,1.957727664145748,0.596092660985773,0.9751140741611305,-0.23554009851846266,0.0
1136,-1.302368022411157,1.721199985946511,0.1737437217546177,-1.4825725245512835,-1.194401875621248,-2.48421809909334,-1.1868551445008662,-1.4210659438524282,2.3010777057039657,-0.10861304326530741,0.596092660985773,0.9751140741611305,-0.23554009851846266,0.0
1137,-0.562939138341281,0.26223022423390774,0.1737437217546177,0.12576015759624476,0.20412972035032528,0.4025411457894811,-1.1868551445008662,0.37457232749914127,-0.6152817429272672,-1.141783396970835,,0.9751140741611305,-0.23554009851846266,0.0
1138,-1.4193009622175559,-1.132050792705702,0.1737437217546177,0.12576015759624476,-1.194401875621248,0.4025411457894811,0.5695836485823832,0.015444673228827383,0.03279813454634018,-1.141783396970835,0.596092660985773,-1.0255210405616166,-0.23554009851846266,0.0
1139,-0.1502346449069316,1.721199985946511,0.1737437217546177,-1.4825725245512835,-1.194401875621248,-2.48421809909334,-1.1868551445008662,-1.4210659438524282,2.3010777057039657,-1.141783396970835,0.596092660985773,0.9751140741611305,-0.23554009851846266,0.0
1140,0.7147251892492257,-1.132050792705702,0.1737437217546177,0.12576015759624476,-1.194401875621248,0.4025411457894811,0.5695836485823832,0.015444673228827383,0.03279813454634018,-1.141783396970835,0.596092660985773,-1.0255210405616166,-0.23554009851846266,0.0
1141,-0.012666480428815147,-0.23352145232296595,0.1737437217546177,0.12576015759624476,0.20412972035032528,0.4025411457894811,-0.3086357479592415,0.7336999817694552,-0.2912418041904635,-0.10861304326530741,0.596092660985773,-1.0255210405616166,-0.23554009851846266,0.0
1142,-0.4597630149826936,-0.11218352657470886,0.1737437217546177,0.12576015759624476,1.6026613163218986,0.4025411457894811,-0.3086357479592415,1.451955290310083,-1.5874015591376782,1.957727664145748,,0.9751140741611305,-0.23554009851846266,0.0
1143,-0.7452169562747852,-1.2848452677293336,0.1737437217546177,-1.4825725245512835,-1.194401875621248,0.4025411457894811,1.4478030451240078,-0.34368298104148653,0.03279813454634018,-0.10861304326530741,-1.6775915314009666,-1.0255210405616166,-0.23554009851846266,0.0
1144,0.17305054161664207,-1.5226355748289113,0.1737437217546177,0.12576015759624476,0.20412972035032528,0.4025411457894811,1.4478030451240078,-0.7028106353118004,0.03279813454634018,-1.141783396970835,0.596092660985773,-1.0255210405616166,-0.23554009851846266,0.0
1145,-0.33939087106434174,0.26223022423390774,0.1737437217546177,0.12576015759624476,0.20412972035032528,0.4025411457894811,-1.1868551445008662,0.37457232749914127,-0.6152817429272672,0.9245573104402203,,0.9751140741611305,-0.23554009851846266,0.0
1146,-1.3195640429709214,-1.132050792705702,0.1737437217546177,0.12576015759624476,-1.194401875621248,0.4025411457894811,0.5695836485823832,0.015444673228827383,0.03279813454634018,0.9245573104402203,0.596092660985773,-1.0255210405616166,-0.23554009851846266,0.0
1147,-0.17086986957864908,-1.5226355748289113,0.1737437217546177,0.12576015759624476,0.20412972035032528,0.4025411457894811,1.4478030451240078,-0.7028106353118004,0.03279813454634018,1.957727664145748,0.596092660985773,-1.0255210405616166,-0.23554009851846266,0.0
1148,-0.30499882994481264,-1.5226355748289113,0.1737437217546177,0.12576015759624476,0.20412972035032528,0.4025411457894811,1.4478030451240078,-0.7028106353118004,0.03279813454634018,-0.10861304326530741,0.596092660985773,-1.0255210405616166,-0.23554009851846266,0.0
1149,0.29342268553499395,1.2487918616792375,0.1737437217546177,1.734092839743773,0.20412972035032528,0.4025411457894811,-0.3086357479592415,1.451955290310083,-0.9393216816640708,-1.141783396970835,0.596092660985773,-1.0255210405616166,4.245561610485679,0.0
1150,0.15929372516883042,-1.3607461889988168,0.1737437217546177,0.12576015759624476,0.20412972035032528,0.4025411457894811,1.4478030451240078,-1.0619382895821143,0.03279813454634018,-0.10861304326530741,0.596092660985773,0.9751140741611305,-0.23554009851846266,0.0
1151,-0.4066479466776929,-1.1780933123090649,0.1737437217546177,0.12576015759624476,-1.194401875621248,0.4025411457894811,0.5695836485823832,-0.34368298104148653,0.3568380732831439,-0.10861304326530741,0.596092660985773,0.9751140741611305,-0.23554009851846266,0.0
1152,2.9244138311789714,0.5394105501434547,0.1737437217546177,0.12576015759624476,0.20412972035032528,0.4025411457894811,0.5695836485823832,0.015444673228827383,0.03279813454634018,-0.10861304326530741,-1.6775915314009666,-1.0255210405616166,-0.23554009851846266,0.0
1153,-0.4769590355424582,-0.11218352657470886,0.1737437217546177,0.12576015759624476,1.6026613163218986,0.4025411457894811,-0.3086357479592415,1.451955290310083,-1.5874015591376782,-0.10861304326530741,,0.9751140741611305,-0.23554009851846266,0.0
1154,-1.336760063530686,-1.132050792705702,0.1737437217546177,0.12576015759624476,-1.194401875621248,0.4025411457894811,0.5695836485823832,0.015444673228827383,0.03279813454634018,-0.10861304326530741,0.596092660985773,-1.0255210405616166,-0.23554009851846266,0.0
1155,0.8299385269996482,-0.23352145232296595,0.1737437217546177,0.12576015759624476,0.20412972035032528,0.4025411457894811,-0.3086357479592415,0.7336999817694552,-0.2912418041904635,-1.141783396970835,0.596092660985773,-1.0255210405616166,-0.23554009851846266,0.0
1156,-0.42728317134941035,0.26223022423390774,0.1737437217546177,0.12576015759624476,0.20412972035032528,0.4025411457894811,-1.1868551445008662,0.37457232749914127,-0.6152817429272672,-1.141783396970835,,0.9751140741611305,-0.23554009851846266,0.0
1157,-0.717703323379162,-0.11218352657470886,0.1737437217546177,0.12576015759624476,1.6026613163218986,0.4025411457894811,-0.3086357479592415,1.451955290310083,-1.5874015591376782,-1.141783396970835,,0.9751140741611305,-0.23554009851846266,0.0
1158,2.2984786828035415,0.5394105501434547,0.2293320535793751,0.12576015759624476,0.20412972035032528,0.4025411457894811,0.5695836485823832,0.015444673228827383,0.03279813454634018,-1.141783396970835,-1.6775915314009666,-1.0255210405616166,-0.23554009851846266,0.0
1159,-0.2706067888252835,-1.1780933123090649,0.2293320535793751,0.12576015759624476,-1.194401875621248,0.4025411457894811,0.5695836485823832,-0.34368298104148653,0.3568380732831439,-0.10861304326530741,0.596092660985773,0.9751140741611305,-0.23554009851846266,0.0
1160,-0.600770383572763,-0.11218352657470886,0.2293320535793751,0.12576015759624476,1.6026613163218986,0.4025411457894811,-0.3086357479592415,1.451955290310083,-1.5874015591376782,-1.141783396970835,,0.9751140741611305,-0.23554009851846266,0.0
1161,0.6579783214020026,0.26223022423390774,0.2293320535793751,0.12576015759624476,0.20412972035032528,0.4025411457894811,-1.1868551445008662,0.37457232749914127,-0.6152817429272672,-1.141783396970835,,0.9751140741611305,-0.23554009851846266,0.0
1162,-0.5147902807739402,-0.6875505137670367,0.2293320535793751,0.12576015759624476,0.20412972035032528,0.4025411457894811,0.5695836485823832,0.015444673228827383,0.6808780120199476,-1.141783396970835,0.596092660985773,-1.0255210405616166,-0.23554009851846266,0.0
1163,0.10770566348953675,1.721199985946511,0.2293320535793751,-1.4825725245512835,-1.194401875621248,-2.48421809909334,-1.1868551445008662,-1.4210659438524282,2.3010777057039657,0.9245573104402203,0.596092660985773,0.9751140741611305,-0.23554009851846266,0.0
1164,-0.872467508417043,0.26223022423390774,0.2293320535793751,0.12576015759624476,0.20412972035032528,0.4025411457894811,-1.1868551445008662,0.37457232749914127,-0.6152817429272672,0.9245573104402203,,0.9751140741611305,-0.23554009851846266,0.0
1165,2.325992315699165,0.5394105501434547,0.2293320535793751,0.12576015759624476,0.20412972035032528,0.4025411457894811,0.5695836485823832,0.015444673228827383,0.03279813454634018,0.9245573104402203,-1.6775915314009666,-1.0255210405616166,-0.23554009851846266,0.0
1166,-0.6403212308602215,1.721199985946511,0.2293320535793751,-1.4825725245512835,-1.194401875621248,-2.48421809909334,-1.1868551445008662,-1.4210659438524282,2.3010777057039657,0.9245573104402203,0.596092660985773,0.9751140741611305,-0.23554009851846266,0.0
1167,-1.1132117962537469,-1.1780933123090649,0.2293320535793751,0.12576015759624476,-1.194401875621248,0.4025411457894811,0.5695836485823832,-0.34368298104148653,0.3568380732831439,-0.10861304326530741,0.596092660985773,0.9751140741611305,-0.23554009851846266,0.0
1168,-0.038804431679657275,-1.2848452677293336,0.2293320535793751,-1.4825725245512835,-1.194401875621248,0.4025411457894811,1.4478030451240078,-0.34368298104148653,0.03279813454634018,-0.10861304326530741,-1.6775915314009666,-1.0255210405616166,-0.23554009851846266,0.0
1169,-0.4081749533034,-1.1780933123090649,0.2293320535793751,0.12576015759624476,-1.194401875621248,0.4025411457894811,0.5695836485823832,-0.34368298104148653,0.3568380732831439,-1.141783396970835,0.596092660985773,0.9751140741611305,-0.23554009851846266,0.0
1170,-0.7005073028193974,-0.11218352657470886,0.2293320535793751,0.12576015759624476,1.6026613163218986,0.4025411457894811,-0.3086357479592415,1.451955290310083,-1.5874015591376782,-0.10861304326530741,,0.9751140741611305,-0.23554009851846266,0.0
1171,-0.6901896904835387,-0.11218352657470886,0.2293320535793751,0.12576015759624476,1.6026613163218986,0.4025411457894811,-0.3086357479592415,1.451955290310083,-1.5874015591376782,-0.10861304326530741,,0.9751140741611305,-0.23554009851846266,0.0
1172,-1.422740166329509,1.721199985946511,0.2293320535793751,-1.4825725245512835,-1.194401875621248,-2.48421809909334,-1.1868551445008662,-1.4210659438524282,2.3010777057039657,-1.141783396970835,0.596092660985773,0.9751140741611305,-0.23554009851846266,0.0
1173,0.9159186297984709,0.26223022423390774,0.2293320535793751,0.12576015759624476,0.20412972035032528,0.4025411457894811,-1.1868551445008662,0.37457232749914127,-0.6152817429272672,0.9245573104402203,,0.9751140741611305,-0.23554009851846266,0.0
1174,1.3458191437925848,0.26223022423390774,0.2293320535793751,0.12576015759624476,0.20412972035032528,0.4025411457894811,-1.1868551445008662,0.37457232749914127,-0.6152817429272672,0.9245573104402203,,0.9751140741611305,-0.23554009851846266,0.0
1175,-0.717703323379162,-0.11218352657470886,0.2293320535793751,0.12576015759624476,1.6026613163218986,0.4025411457894811,-0.3086357479592415,1.451955290310083,-1.5874015591376782,1.957727664145748,,0.9751140741611305,-0.23554009851846266,0.0
1176,-1.5001222588484493,1.721199985946511,0.2293320535793751,-1.4825725245512835,-1.194401875621248,-2.48421809909334,-1.1868551445008662,-1.4210659438524282,2.3010777057039657,-1.141783396970835,0.596092660985773,0.9751140741611305,-0.23554009851846266,0.0
1177,0.5032141363641216,0.26223022423390774,0.2293320535793751,0.12576015759624476,0.20412972035032528,0.4025411457894811,-1.1868551445008662,0.37457232749914127,-0.6152817429272672,-1.141783396970835,,0.9751140741611305,-0.23554009851846266,0.0
1178,1.8720173729213803,0.5394105501434547,0.2293320535793751,0.12576015759624476,0.20412972035032528,0.4025411457894811,0.5695836485823832,0.015444673228827383,0.03279813454634018,-1.141783396970835,-1.6775915314009666,-1.0255210405616166,-0.23554009851846266,0.0
1179,-0.14870763828122452,-1.5226355748289113,0.2293320535793751,0.12576015759624476,0.20412972035032528,0.4025411457894811,1.4478030451240078,-0.7028106353118004,0.03279813454634018,0.9245573104402203,0.596092660985773,-1.0255210405616166,-0.23554009851846266,0.0
1180,-0.717703323379162,1.721199985946511,0.2293320535793751,-1.4825725245512835,-1.194401875621248,-2.48421809909334,-1.1868551445008662,-1.4210659438524282,2.3010777057039657,-1.141783396970835,0.596092660985773,0.9751140741611305,-0.23554009851846266,0.0
1181,0.056117601810243084,-1.132050792705702,0.2293320535793751,0.12576015759624476,-1.194401875621248,0.4025411457894811,0.5695836485823832,0.015444673228827383,0.03279813454634018,0.9245573104402203,0.596092660985773,-1.0255210405616166,-0.23554009851846266,0.0
1182,-0.5543411280613987,-0.11218352657470886,0.2293320535793751,0.12576015759624476,1.6026613163218986,0.4025411457894811,-0.3086357479592415,1.451955290310083,-1.5874015591376782,0.9245573104402203,,0.9751140741611305,-0.23554009851846266,0.0
1183,-1.2679759812916278,-1.5226355748289113,0.2293320535793751,0.12576015759624476,0.20412972035032528,0.4025411457894811,1.4478030451240078,-0.7028106353118004,0.03279813454634018,0.9245573104402203,0.596092660985773,-1.0255210405616166,-0.23554009851846266,0.0
1184,-0.49415505610222277,-0.6875505137670367,0.2293320535793751,0.12576015759624476,0.20412972035032528,0.4025411457894811,0.5695836485823832,0.015444673228827383,0.6808780120199476,-0.10861304326530741,0.596092660985773,-1.0255210405616166,-0.23554009851846266,0.0
1185,1.4232012363115254,-0.11218352657470886,0.2293320535793751,0.12576015759624476,1.6026613163218986,0.4025411457894811,-0.3086357479592415,1.451955290310083,-1.5874015591376782,-1.141783396970835,,0.9751140741611305,-0.23554009851846266,0.0
1186,0.06471561209012536,-1.3607461889988168,0.2293320535793751,0.12576015759624476,0.20412972035032528,0.4025411457894811,1.4478030451240078,-1.0619382895821143,0.03279813454634018,-0.10861304326530741,0.596092660985773,0.9751140741611305,-0.23554009851846266,0.0
1187,-0.37378291218387083,-1.5313323165745925,0.2293320535793751,-1.4825725245512835,0.20412972035032528,0.4025411457894811,1.4478030451240078,-1.4210659438524282,0.03279813454634018,1.957727664145748,0.596092660985773,0.9751140741611305,-0.23554009851846266,0.0
1188,0.43443005412506336,-1.5226355748289113,0.2293320535793751,0.12576015759624476,0.20412972035032528,0.4025411457894811,1.4478030451240078,-0.7028106353118004,0.03279813454634018,-1.141783396970835,0.596092660985773,-1.0255210405616166,-0.23554009851846266,0.0
1189,-1.1132117962537469,-1.446919516760685,0.2293320535793751,0.12576015759624476,0.20412972035032528,0.4025411457894811,1.4478030451240078,-1.0619382895821143,0.03279813454634018,0.9245573104402203,0.596092660985773,-1.0255210405616166,-0.23554009851846266,0.0
1190,-0.1502346449069316,-1.3607461889988168,0.2293320535793751,0.12576015759624476,0.20412972035032528,0.4025411457894811,1.4478030451240078,-1.0619382895821143,0.03279813454634018,0.9245573104402203,0.596092660985773,0.9751140741611305,-0.23554009851846266,0.0
1191,2.9897587093060767,0.5394105501434547,0.2849203854041325,0.12576015759624476,0.20412972035032528,0.4025411457894811,0.5695836485823832,0.015444673228827383,0.03279813454634018,-1.141783396970835,-1.6775915314009666,-1.0255210405616166,-0.23554009851846266,0.0
1192,1.5882830336852651,0.5394105501434547,0.2849203854041325,0.12576015759624476,0.20412972035032528,0.4025411457894811,0.5695836485823832,0.015444673228827383,0.03279813454634018,0.9245573104402203,-1.6775915314009666,-1.0255210405616166,-0.23554009851846266,0.0
1193,2.7507340235253492,0.5394105501434547,0.2849203854041325,0.12576015759624476,0.20412972035032528,0.4025411457894811,0.5695836485823832,0.015444673228827383,0.03279813454634018,-1.141783396970835,-1.6775915314009666,-1.0255210405616166,-0.23554009851846266,0.0
1194,-1.343638471754592,1.721199985946511,0.2849203854041325,-1.4825725245512835,-1.194401875621248,-2.48421809909334,-1.1868551445008662,-1.4210659438524282,2.3010777057039657,-1.141783396970835,0.596092660985773,0.9751140741611305,-0.23554009851846266,0.0
1195,-0.28780280938504804,0.26223022423390774,0.2849203854041325,0.12576015759624476,0.20412972035032528,0.4025411457894811,-1.1868551445008662,0.37457232749914127,-0.6152817429272672,0.9245573104402203,,0.9751140741611305,-0.23554009851846266,0.0
1196,2.3517863465388116,0.5394105501434547,0.2849203854041325,0.12576015759624476,0.20412972035032528,0.4025411457894811,0.5695836485823832,0.015444673228827383,0.03279813454634018,-1.141783396970835,-1.6775915314009666,-1.0255210405616166,-0.23554009851846266,0.0
1197,0.3140579102067114,-1.2920967958657745,0.2849203854041325,-1.4825725245512835,-1.194401875621248,0.4025411457894811,1.4478030451240078,-0.7028106353118004,0.03279813454634018,-1.141783396970835,0.596092660985773,-1.0255210405616166,-0.23554009851846266,0.0
1198,0.9159186297984709,-0.23352145232296595,0.2849203854041325,0.12576015759624476,0.20412972035032528,0.4025411457894811,-0.3086357479592415,0.7336999817694552,-0.2912418041904635,-0.10861304326530741,0.596092660985773,-1.0255210405616166,-0.23554009851846266,0.0
1199,0.8815265886789418,-1.5226355748289113,0.2849203854041325,0.12576015759624476,0.20412972035032528,0.4025411457894811,1.4478030451240078,-0.7028106353118004,0.03279813454634018,-0.10861304326530741,0.596092660985773,-1.0255210405616166,-0.23554009851846266,0.0
1200,0.9159186297984709,-1.3607461889988168,0.2849203854041325,0.12576015759624476,0.20412972035032528,0.4025411457894811,1.4478030451240078,-1.0619382895821143,0.03279813454634018,1.957727664145748,0.596092660985773,0.9751140741611305,-0.23554009851846266,0.0
1201,-0.8036834261779848,0.10176877995788004,0.2849203854041325,0.12576015759624476,0.20412972035032528,0.4025411457894811,-0.3086357479592415,-0.7028106353118004,0.6808780120199476,-1.141783396970835,0.596092660985773,-1.0255210405616166,-0.23554009851846266,0.0
1202,-0.37378291218387083,1.721199985946511,0.2849203854041325,-1.4825725245512835,-1.194401875621248,-2.48421809909334,-1.1868551445008662,-1.4210659438524282,2.3010777057039657,-1.141783396970835,0.596092660985773,0.9751140741611305,-0.23554009851846266,0.0
1203,-0.33939087106434174,1.721199985946511,0.2849203854041325,-1.4825725245512835,-1.194401875621248,-2.48421809909334,-1.1868551445008662,-1.4210659438524282,2.3010777057039657,-1.141783396970835,0.596092660985773,0.9751140741611305,-0.23554009851846266,0.0
1204,-1.1046137859738645,-1.1780933123090649,0.2849203854041325,0.12576015759624476,-1.194401875621248,0.4025411457894811,0.5695836485823832,-0.34368298104148653,0.3568380732831439,-0.10861304326530741,0.596092660985773,0.9751140741611305,-0.23554009851846266,0.0
1205,-1.0444277140146885,0.26223022423390774,0.2849203854041325,0.12576015759624476,0.20412972035032528,0.4025411457894811,-1.1868551445008662,0.37457232749914127,-0.6152817429272672,-0.10861304326530741,,0.9751140741611305,-0.23554009851846266,0.0
1206,1.0534867942765873,-1.5313323165745925,0.2849203854041325,-1.4825725245512835,0.20412972035032528,0.4025411457894811,1.4478030451240078,-1.4210659438524282,0.03279813454634018,-0.10861304326530741,0.596092660985773,0.9751140741611305,-0.23554009851846266,0.0
1207,2.790284870812808,0.5394105501434547,0.2849203854041325,0.12576015759624476,0.20412972035032528,0.4025411457894811,0.5695836485823832,0.015444673228827383,0.03279813454634018,-0.10861304326530741,-1.6775915314009666,-1.0255210405616166,-0.23554009851846266,0.0
1208,-1.3539560840904505,-1.132050792705702,0.2849203854041325,0.12576015759624476,-1.194401875621248,0.4025411457894811,0.5695836485823832,0.015444673228827383,0.03279813454634018,-0.10861304326530741,0.596092660985773,-1.0255210405616166,-0.23554009851846266,0.0
1209,0.6717351378498142,-0.6875505137670367,0.2849203854041325,0.12576015759624476,0.20412972035032528,0.4025411457894811,0.5695836485823832,0.015444673228827383,0.6808780120199476,0.9245573104402203,0.596092660985773,-1.0255210405616166,-0.23554009851846266,0.0
1210,0.34844995132624057,-0.06923339907451666,0.2849203854041325,0.12576015759624476,0.20412972035032528,0.4025411457894811,-0.3086357479592415,0.015444673228827383,-0.2912418041904635,-1.141783396970835,0.596092660985773,0.9751140741611305,-0.23554009851846266,0.0
1211,-0.9670456214957481,1.2033141157823306,0.2849203854041325,1.734092839743773,0.20412972035032528,0.4025411457894811,-0.3086357479592415,2.5293382531210247,-0.2912418041904635,-1.141783396970835,0.596092660985773,-1.0255210405616166,4.245561610485679,0.0
1212,-0.8036834261779848,-0.6875505137670367,0.2849203854041325,0.12576015759624476,0.20412972035032528,0.4025411457894811,0.5695836485823832,0.015444673228827383,0.6808780120199476,-1.141783396970835,0.596092660985773,-1.0255210405616166,-0.23554009851846266,0.0
1213,-0.4081749533034,-0.11218352657470886,0.2849203854041325,0.12576015759624476,1.6026613163218986,0.4025411457894811,-0.3086357479592415,1.451955290310083,-1.5874015591376782,-0.10861304326530741,,0.9751140741611305,-0.23554009851846266,0.0
1214,0.176489745728595,-0.06923339907451666,0.2849203854041325,0.12576015759624476,0.20412972035032528,0.4025411457894811,-0.3086357479592415,0.015444673228827383,-0.2912418041904635,-1.141783396970835,0.596092660985773,0.9751140741611305,-0.23554009851846266,0.0
1215,-0.49415505610222277,-0.6875505137670367,0.2849203854041325,0.12576015759624476,0.20412972035032528,0.4025411457894811,0.5695836485823832,0.015444673228827383,0.6808780120199476,0.9245573104402203,0.596092660985773,-1.0255210405616166,-0.23554009851846266,0.0
1216,-1.0100356728951594,-1.132050792705702,0.2849203854041325,0.12576015759624476,-1.194401875621248,0.4025411457894811,0.5695836485823832,0.015444673228827383,0.03279813454634018,0.9245573104402203,0.596092660985773,-1.0255210405616166,-0.23554009851846266,0.0
1217,0.22807780740788866,-1.2848452677293336,0.2849203854041325,-1.4825725245512835,-1.194401875621248,0.4025411457894811,1.4478030451240078,-0.34368298104148653,0.03279813454634018,-1.141783396970835,-1.6775915314009666,-1.0255210405616166,-0.23554009851846266,0.0
1218,-1.3797501149300975,1.721199985946511,0.2849203854041325,-1.4825725245512835,-1.194401875621248,-2.48421809909334,-1.1868551445008662,-1.4210659438524282,2.3010777057039657,-0.10861304326530741,0.596092660985773,0.9751140741611305,-0.23554009851846266,0.0
1219,-1.3195640429709214,-1.132050792705702,0.2849203854041325,0.12576015759624476,-1.194401875621248,0.4025411457894811,0.5695836485823832,0.015444673228827383,0.03279813454634018,-0.10861304326530741,0.596092660985773,-1.0255210405616166,-0.23554009851846266,0.0
1220,-0.1502346449069316,-1.1780933123090649,0.2849203854041325,0.12576015759624476,-1.194401875621248,0.4025411457894811,0.5695836485823832,-0.34368298104148653,0.3568380732831439,-1.141783396970835,0.596092660985773,0.9751140741611305,-0.23554009851846266,0.0
1221,-0.5319863013337047,0.26223022423390774,0.2849203854041325,0.12576015759624476,0.20412972035032528,0.4025411457894811,-1.1868551445008662,0.37457232749914127,-0.6152817429272672,-1.141783396970835,,0.9751140741611305,-0.23554009851846266,0.0
1222,-0.5801351589010455,1.721199985946511,0.2849203854041325,-1.4825725245512835,-1.194401875621248,-2.48421809909334,-1.1868551445008662,-1.4210659438524282,2.3010777057039657,-0.10861304326530741,0.596092660985773,0.9751140741611305,-0.23554009851846266,0.0
1223,1.0018987325972937,0.26223022423390774,0.2849203854041325,0.12576015759624476,0.20412972035032528,0.4025411457894811,-1.1868551445008662,0.37457232749914127,-0.6152817429272672,0.9245573104402203,,0.9751140741611305,-0.23554009851846266,0.0
1224,2.810920095484525,0.5394105501434547,0.2849203854041325,0.12576015759624476,0.20412972035032528,0.4025411457894811,0.5695836485823832,0.015444673228827383,0.03279813454634018,-1.141783396970835,-1.6775915314009666,-1.0255210405616166,-0.23554009851846266,0.0
1225,0.013127550410831688,-1.132050792705702,0.2849203854041325,0.12576015759624476,-1.194401875621248,0.4025411457894811,0.5695836485823832,0.015444673228827383,0.03279813454634018,0.9245573104402203,0.596092660985773,-1.0255210405616166,-0.23554009851846266,0.0
1226,-1.4141421560496266,-0.6875505137670367,0.2849203854041325,0.12576015759624476,0.20412972035032528,0.4025411457894811,0.5695836485823832,0.015444673228827383,0.6808780120199476,0.9245573104402203,0.596092660985773,-1.0255210405616166,-0.23554009851846266,0.0
1227,-0.49415505610222277,-1.446919516760685,0.2849203854041325,0.12576015759624476,0.20412972035032528,0.4025411457894811,1.4478030451240078,-1.0619382895821143,0.03279813454634018,0.9245573104402203,0.596092660985773,-1.0255210405616166,-0.23554009851846266,0.0
1228,2.8951805962273713,0.5394105501434547,0.2849203854041325,0.12576015759624476,0.20412972035032528,0.4025411457894811,0.5695836485823832,0.015444673228827383,0.03279813454634018,-1.141783396970835,-1.6775915314009666,-1.0255210405616166,-0.23554009851846266,0.0
1229,2.9037786065072537,0.5394105501434547,0.2849203854041325,0.12576015759624476,0.20412972035032528,0.4025411457894811,0.5695836485823832,0.015444673228827383,0.03279813454634018,-1.141783396970835,-1.6775915314009666,-1.0255210405616166,-0.23554009851846266,0.0
1230,-0.4081749533034,-0.11218352657470886,0.2849203854041325,0.12576015759624476,1.6026613163218986,0.4025411457894811,-0.3086357479592415,1.451955290310083,-1.5874015591376782,0.9245573104402203,,0.9751140741611305,-0.23554009851846266,0.0
1231,0.3656459718860051,0.7744617386380273,0.2849203854041325,3.3424255218913017,3.0011929122934715,-2.48421809909334,-2.9432939375841154,-1.7801935981227421,-0.6152817429272672,-0.10861304326530741,0.596092660985773,0.9751140741611305,-0.23554009851846266,0.0
1232,1.7206923919954522,0.26223022423390774,0.2849203854041325,0.12576015759624476,0.20412972035032528,0.4025411457894811,-1.1868551445008662,0.37457232749914127,-0.6152817429272672,-0.10861304326530741,,0.9751140741611305,-0.23554009851846266,0.0
1233,-0.2276167374258721,-1.1780933123090649,0.2849203854041325,0.12576015759624476,-1.194401875621248,0.4025411457894811,0.5695836485823832,-0.34368298104148653,0.3568380732831439,0.9245573104402203,0.596092660985773,0.9751140741611305,-0.23554009851846266,0.0
1234,1.923605434600674,0.5394105501434547,0.3405087172288899,0.12576015759624476,0.20412972035032528,0.4025411457894811,0.5695836485823832,0.015444673228827383,0.03279813454634018,-1.141783396970835,-1.6775915314009666,-1.0255210405616166,-0.23554009851846266,0.0
1235,2.7851260646448783,0.5394105501434547,0.3405087172288899,0.12576015759624476,0.20412972035032528,0.4025411457894811,0.5695836485823832,0.015444673228827383,0.03279813454634018,-1.141783396970835,-1.6775915314009666,-1.0255210405616166,-0.23554009851846266,0.0
1236,0.8299385269996482,-0.12459671560777764,0.3405087172288899,0.12576015759624476,0.20412972035032528,0.4025411457894811,-1.1868551445008662,0.37457232749914127,0.03279813454634018,-1.141783396970835,0.596092660985773,0.9751140741611305,-0.23554009851846266,0.0
1237,0.8815265886789418,0.26223022423390774,0.3405087172288899,0.12576015759624476,0.20412972035032528,0.4025411457894811,-1.1868551445008662,0.37457232749914127,-0.6152817429272672,0.9245573104402203,,0.9751140741611305,-0.23554009851846266,0.0
1238,-0.4597630149826936,-1.3607461889988168,0.3405087172288899,0.12576015759624476,0.20412972035032528,0.4025411457894811,1.4478030451240078,-1.0619382895821143,0.03279813454634018,1.957727664145748,0.596092660985773,0.9751140741611305,-0.23554009851846266,0.0
1239,1.6243946768607707,0.5394105501434547,0.3405087172288899,0.12576015759624476,0.20412972035032528,0.4025411457894811,0.5695836485823832,0.015444673228827383,0.03279813454634018,-1.141783396970835,-1.6775915314009666,-1.0255210405616166,-0.23554009851846266,0.0
1240,-0.4253709738631645,0.26223022423390774,0.3405087172288899,0.12576015759624476,0.20412972035032528,0.4025411457894811,-1.1868551445008662,0.37457232749914127,-0.6152817429272672,-1.141783396970835,,0.9751140741611305,-0.23554009851846266,0.0
1241,-0.18462668602646073,-1.3853547109432924,0.3405087172288899,-1.4825725245512835,0.20412972035032528,0.4025411457894811,1.4478030451240078,-1.4210659438524282,0.03279813454634018,-1.141783396970835,0.596092660985773,-1.0255210405616166,-0.23554009851846266,0.0
1242,-0.3359516669523888,0.26223022423390774,0.3405087172288899,0.12576015759624476,0.20412972035032528,0.4025411457894811,-1.1868551445008662,0.37457232749914127,-0.6152817429272672,0.9245573104402203,,0.9751140741611305,-0.23554009851846266,0.0
1243,-1.2630097705539678,-1.132050792705702,0.3405087172288899,0.12576015759624476,-1.194401875621248,0.4025411457894811,0.5695836485823832,0.015444673228827383,0.03279813454634018,0.9245573104402203,0.596092660985773,-1.0255210405616166,-0.23554009851846266,0.0
1244,5.730804386532547,-1.132050792705702,0.3405087172288899,0.12576015759624476,-1.194401875621248,0.4025411457894811,0.5695836485823832,0.015444673228827383,0.03279813454634018,1.957727664145748,0.596092660985773,-1.0255210405616166,-0.23554009851846266,0.0
1245,-1.4433753910012264,-0.6875505137670367,0.3405087172288899,0.12576015759624476,0.20412972035032528,0.4025411457894811,0.5695836485823832,0.015444673228827383,0.6808780120199476,-0.10861304326530741,0.596092660985773,-1.0255210405616166,-0.23554009851846266,0.0
1246,1.632992687140653,0.5394105501434547,0.3405087172288899,0.12576015759624476,0.20412972035032528,0.4025411457894811,0.5695836485823832,0.015444673228827383,0.03279813454634018,-1.141783396970835,-1.6775915314009666,-1.0255210405616166,-0.23554009851846266,0.0
1247,0.4516260746848279,-1.5226355748289113,0.3405087172288899,0.12576015759624476,0.20412972035032528,0.4025411457894811,1.4478030451240078,-0.7028106353118004,0.03279813454634018,-0.10861304326530741,0.596092660985773,-1.0255210405616166,-0.23554009851846266,0.0
1248,3.0155527401457234,0.5394105501434547,0.3405087172288899,0.12576015759624476,0.20412972035032528,0.4025411457894811,0.5695836485823832,0.015444673228827383,0.03279813454634018,-0.10861304326530741,-1.6775915314009666,-1.0255210405616166,-0.23554009851846266,0.0
1249,2.82811611604429,0.5394105501434547,0.3405087172288899,0.12576015759624476,0.20412972035032528,0.4025411457894811,0.5695836485823832,0.015444673228827383,0.03279813454634018,-0.10861304326530741,-1.6775915314009666,-1.0255210405616166,-0.23554009851846266,0.0
1250,0.5719982186031798,0.26223022423390774,0.3405087172288899,0.12576015759624476,0.20412972035032528,0.4025411457894811,-1.1868551445008662,0.37457232749914127,-0.6152817429272672,-1.141783396970835,,0.9751140741611305,-0.23554009851846266,0.0
1251,-1.1390058270933936,-1.1780933123090649,0.3405087172288899,0.12576015759624476,-1.194401875621248,0.4025411457894811,0.5695836485823832,-0.34368298104148653,0.3568380732831439,-1.141783396970835,0.596092660985773,0.9751140741611305,-0.23554009851846266,0.0
1252,-0.48899624993429336,-0.11218352657470886,0.3405087172288899,0.12576015759624476,1.6026613163218986,0.4025411457894811,-0.3086357479592415,1.451955290310083,-1.5874015591376782,-0.10861304326530741,,0.9751140741611305,-0.23554009851846266,0.0
1253,0.7095663830812963,-0.06923339907451666,0.3405087172288899,0.12576015759624476,0.20412972035032528,0.4025411457894811,-0.3086357479592415,0.015444673228827383,-0.2912418041904635,0.9245573104402203,0.596092660985773,0.9751140741611305,-0.23554009851846266,0.0
1254,1.3406603376246555,0.5394105501434547,0.3405087172288899,0.12576015759624476,0.20412972035032528,0.4025411457894811,0.5695836485823832,0.015444673228827383,0.03279813454634018,-1.141783396970835,-1.6775915314009666,-1.0255210405616166,-0.23554009851846266,0.0
1255,1.4317992465914076,-1.1780933123090649,0.3405087172288899,0.12576015759624476,-1.194401875621248,0.4025411457894811,0.5695836485823832,-0.34368298104148653,0.3568380732831439,-0.10861304326530741,0.596092660985773,0.9751140741611305,-0.23554009851846266,0.0
1256,0.4516260746848279,0.7744617386380273,0.3405087172288899,3.3424255218913017,3.0011929122934715,-2.48421809909334,-2.9432939375841154,-1.7801935981227421,-0.6152817429272672,0.9245573104402203,0.596092660985773,0.9751140741611305,-0.23554009851846266,0.0
1257,1.1394668970754103,-1.1780933123090649,0.3405087172288899,0.12576015759624476,-1.194401875621248,0.4025411457894811,0.5695836485823832,-0.34368298104148653,0.3568380732831439,-0.10861304326530741,0.596092660985773,0.9751140741611305,-0.23554009851846266,0.0
1258,1.35785635818442,0.5394105501434547,0.3405087172288899,0.12576015759624476,0.20412972035032528,0.4025411457894811,0.5695836485823832,0.015444673228827383,0.03279813454634018,-1.141783396970835,-1.6775915314009666,-1.0255210405616166,-0.23554009851846266,0.0
1259,-0.11584260378740249,-1.5226355748289113,0.3405087172288899,0.12576015759624476,0.20412972035032528,0.4025411457894811,1.4478030451240078,-0.7028106353118004,0.03279813454634018,-0.10861304326530741,0.596092660985773,-1.0255210405616166,-0.23554009851846266,0.0
1260,0.8282189249436717,0.5394105501434547,0.3405087172288899,0.12576015759624476,0.20412972035032528,0.4025411457894811,0.5695836485823832,0.015444673228827383,0.03279813454634018,-1.141783396970835,-1.6775915314009666,-1.0255210405616166,-0.23554009851846266,0.0
1261,-1.3109660326910393,1.721199985946511,0.3405087172288899,-1.4825725245512835,-1.194401875621248,-2.48421809909334,-1.1868551445008662,-1.4210659438524282,2.3010777057039657,-0.10861304326530741,0.596092660985773,0.9751140741611305,-0.23554009851846266,0.0
1262,-0.3565868916241063,0.5394105501434547,0.3405087172288899,0.12576015759624476,0.20412972035032528,0.4025411457894811,0.5695836485823832,0.015444673228827383,0.03279813454634018,-1.141783396970835,,-1.0255210405616166,-0.23554009851846266,0.0
1263,-0.06108703512100019,-0.06923339907451666,0.3405087172288899,0.12576015759624476,0.20412972035032528,0.4025411457894811,-0.3086357479592415,0.015444673228827383,-0.2912418041904635,0.9245573104402203,0.596092660985773,0.9751140741611305,-0.23554009851846266,0.0
1264,0.8712089763430831,0.5394105501434547,0.3405087172288899,0.12576015759624476,0.20412972035032528,0.4025411457894811,0.5695836485823832,0.015444673228827383,0.03279813454634018,-1.141783396970835,-1.6775915314009666,-1.0255210405616166,-0.23554009851846266,0.0
1265,-0.3600260957360592,-1.132050792705702,0.3405087172288899,0.12576015759624476,-1.194401875621248,0.4025411457894811,0.5695836485823832,0.015444673228827383,0.03279813454634018,-1.141783396970835,0.596092660985773,-1.0255210405616166,-0.23554009851846266,0.0
1266,-0.5285470972217519,-0.11218352657470886,0.3405087172288899,0.12576015759624476,1.6026613163218986,0.4025411457894811,-0.3086357479592415,1.451955290310083,-1.5874015591376782,0.9245573104402203,,0.9751140741611305,-0.23554009851846266,0.0
1267,-1.3453580738105684,-1.132050792705702,0.3405087172288899,0.12576015759624476,-1.194401875621248,0.4025411457894811,0.5695836485823832,0.015444673228827383,0.03279813454634018,0.9245573104402203,0.596092660985773,-1.0255210405616166,-0.23554009851846266,0.0
1268,-0.7727305891704086,-0.11218352657470886,0.3405087172288899,0.12576015759624476,1.6026613163218986,0.4025411457894811,-0.3086357479592415,1.451955290310083,-1.5874015591376782,-1.141783396970835,,0.9751140741611305,-0.23554009851846266,0.0
1269,-1.0788197551342178,0.26223022423390774,0.3405087172288899,0.12576015759624476,0.20412972035032528,0.4025411457894811,-1.1868551445008662,0.37457232749914127,-0.6152817429272672,-1.141783396970835,,0.9751140741611305,-0.23554009851846266,0.0
1270,-0.37378291218387083,-1.1780933123090649,0.3405087172288899,0.12576015759624476,-1.194401875621248,0.4025411457894811,0.5695836485823832,-0.34368298104148653,0.3568380732831439,0.9245573104402203,0.596092660985773,0.9751140741611305,-0.23554009851846266,0.0
1271,0.10426645937758384,0.26223022423390774,0.3405087172288899,0.12576015759624476,0.20412972035032528,0.4025411457894811,-1.1868551445008662,0.37457232749914127,-0.6152817429272672,0.9245573104402203,,0.9751140741611305,-0.23554009851846266,0.0
1272,-0.20182270658622528,-1.132050792705702,0.3405087172288899,0.12576015759624476,-1.194401875621248,0.4025411457894811,0.5695836485823832,0.015444673228827383,0.03279813454634018,0.9245573104402203,0.596092660985773,-1.0255210405616166,-0.23554009851846266,0.0
1273,-0.029862500988579704,1.721199985946511,0.3405087172288899,-1.4825725245512835,-1.194401875621248,-2.48421809909334,-1.1868551445008662,-1.4210659438524282,2.3010777057039657,-1.141783396970835,0.596092660985773,0.9751140741611305,-0.23554009851846266,0.0
1274,-0.5371451075016341,-0.11218352657470886,0.3405087172288899,0.12576015759624476,1.6026613163218986,0.4025411457894811,-0.3086357479592415,1.451955290310083,-1.5874015591376782,-1.141783396970835,,0.9751140741611305,-0.23554009851846266,0.0
1275,-1.121809806533629,0.26223022423390774,0.3405087172288899,0.12576015759624476,0.20412972035032528,0.4025411457894811,-1.1868551445008662,0.37457232749914127,-0.6152817429272672,-1.141783396970835,,0.9751140741611305,-0.23554009851846266,0.0
1276,-0.16743066546669616,1.4142387366208409,0.3405087172288899,3.3424255218913017,0.20412972035032528,0.4025411457894811,-0.3086357479592415,2.5293382531210247,-0.6152817429272672,-1.141783396970835,0.596092660985773,-1.0255210405616166,4.245561610485679,0.0
1277,-0.4597630149826936,-1.1780933123090649,0.3405087172288899,0.12576015759624476,-1.194401875621248,0.4025411457894811,0.5695836485823832,-0.34368298104148653,0.3568380732831439,0.9245573104402203,0.596092660985773,0.9751140741611305,-0.23554009851846266,0.0
1278,-0.8208794467377494,-0.6875505137670367,0.3405087172288899,0.12576015759624476,0.20412972035032528,0.4025411457894811,0.5695836485823832,0.015444673228827383,0.6808780120199476,-0.10861304326530741,0.596092660985773,-1.0255210405616166,-0.23554009851846266,0.0
1279,1.3922483993039492,0.5394105501434547,0.3405087172288899,0.12576015759624476,0.20412972035032528,0.4025411457894811,0.5695836485823832,0.015444673228827383,0.03279813454634018,-0.10861304326530741,-1.6775915314009666,-1.0255210405616166,-0.23554009851846266,0.0
1280,1.4008464095838316,0.5394105501434547,0.3405087172288899,0.12576015759624476,0.20412972035032528,0.4025411457894811,0.5695836485823832,0.015444673228827383,0.03279813454634018,-1.141783396970835,-1.6775915314009666,-1.0255210405616166,-0.23554009851846266,0.0
1281,1.6845807488199467,0.5394105501434547,0.3405087172288899,0.12576015759624476,0.20412972035032528,0.4025411457894811,0.5695836485823832,0.015444673228827383,0.03279813454634018,-0.10861304326530741,-1.6775915314009666,-1.0255210405616166,-0.23554009851846266,0.0
1282,-0.5457431177815164,1.721199985946511,0.3405087172288899,-1.4825725245512835,-1.194401875621248,-2.48421809909334,-1.1868551445008662,-1.4210659438524282,2.3010777057039657,-1.141783396970835,0.596092660985773,0.9751140741611305,-0.23554009851846266,0.0
1283,-0.4116141574153529,0.26223022423390774,0.3405087172288899,0.12576015759624476,0.20412972035032528,0.4025411457894811,-1.1868551445008662,0.37457232749914127,-0.6152817429272672,-0.10861304326530741,,0.9751140741611305,-0.23554009851846266,0.0
1284,-1.1390058270933936,-1.1780933123090649,0.3405087172288899,0.12576015759624476,-1.194401875621248,0.4025411457894811,0.5695836485823832,-0.34368298104148653,0.3568380732831439,-1.141783396970835,0.596092660985773,0.9751140741611305,-0.23554009851846266,0.0
1285,-0.6661152616998683,-0.6875505137670367,0.3405087172288899,0.12576015759624476,0.20412972035032528,0.4025411457894811,0.5695836485823832,0.015444673228827383,0.6808780120199476,-0.10861304326530741,0.596092660985773,-1.0255210405616166,-0.23554009851846266,0.0
1286,-1.1132117962537469,-1.1780933123090649,0.3405087172288899,0.12576015759624476,-1.194401875621248,0.4025411457894811,0.5695836485823832,-0.34368298104148653,0.3568380732831439,-0.10861304326530741,0.596092660985773,0.9751140741611305,-0.23554009851846266,0.0
1287,0.31061870609475856,0.5394105501434547,0.39609704905364734,0.12576015759624476,0.20412972035032528,0.4025411457894811,0.5695836485823832,0.015444673228827383,0.03279813454634018,-0.10861304326530741,-1.6775915314009666,-1.0255210405616166,-0.23554009851846266,0.0
1288,1.282193867721456,0.5394105501434547,0.39609704905364734,0.12576015759624476,0.20412972035032528,0.4025411457894811,0.5695836485823832,0.015444673228827383,0.03279813454634018,-1.141783396970835,-1.6775915314009666,-1.0255210405616166,-0.23554009851846266,0.0
1289,1.6759827385400643,0.5394105501434547,0.39609704905364734,0.12576015759624476,0.20412972035032528,0.4025411457894811,0.5695836485823832,0.015444673228827383,0.03279813454634018,-0.10861304326530741,-1.6775915314009666,-1.0255210405616166,-0.23554009851846266,0.0
1290,1.376771980800161,0.5394105501434547,0.39609704905364734,0.12576015759624476,0.20412972035032528,0.4025411457894811,0.5695836485823832,0.015444673228827383,0.03279813454634018,-0.10861304326530741,-1.6775915314009666,-1.0255210405616166,-0.23554009851846266,0.0
1291,0.7611544447605899,0.26223022423390774,0.39609704905364734,0.12576015759624476,0.20412972035032528,0.4025411457894811,-1.1868551445008662,0.37457232749914127,-0.6152817429272672,-1.141783396970835,,0.9751140741611305,-0.23554009851846266,0.0
1292,0.5754374227151328,0.5394105501434547,0.39609704905364734,0.12576015759624476,0.20412972035032528,0.4025411457894811,0.5695836485823832,0.015444673228827383,0.03279813454634018,-1.141783396970835,-1.6775915314009666,-1.0255210405616166,-0.23554009851846266,0.0
1293,2.325992315699165,0.5394105501434547,0.39609704905364734,0.12576015759624476,0.20412972035032528,0.4025411457894811,0.5695836485823832,0.015444673228827383,0.03279813454634018,-0.10861304326530741,-1.6775915314009666,-1.0255210405616166,-0.23554009851846266,0.0
1294,1.6243946768607707,0.5394105501434547,0.39609704905364734,0.12576015759624476,0.20412972035032528,0.4025411457894811,0.5695836485823832,0.015444673228827383,0.03279813454634018,-1.141783396970835,-1.6775915314009666,-1.0255210405616166,-0.23554009851846266,0.0
1295,-0.5715371486211632,-0.11218352657470886,0.39609704905364734,0.12576015759624476,1.6026613163218986,0.4025411457894811,-0.3086357479592415,1.451955290310083,-1.5874015591376782,0.9245573104402203,,0.9751140741611305,-0.23554009851846266,0.0
1296,0.17305054161664207,-1.3607461889988168,0.39609704905364734,0.12576015759624476,0.20412972035032528,0.4025411457894811,1.4478030451240078,-1.0619382895821143,0.03279813454634018,0.9245573104402203,0.596092660985773,0.9751140741611305,-0.23554009851846266,0.0
1297,-0.30499882994481264,-1.132050792705702,0.39609704905364734,0.12576015759624476,-1.194401875621248,0.4025411457894811,0.5695836485823832,0.015444673228827383,0.03279813454634018,0.9245573104402203,0.596092660985773,-1.0255210405616166,-0.23554009851846266,0.0
1298,-1.2507799607318633,1.2364398805385552,0.39609704905364734,1.734092839743773,0.20412972035032528,0.4025411457894811,-0.3086357479592415,2.5293382531210247,-0.2912418041904635,-1.141783396970835,0.596092660985773,-1.0255210405616166,4.245561610485679,0.0
1299,-1.4915242485685671,-0.06923339907451666,0.39609704905364734,0.12576015759624476,0.20412972035032528,0.4025411457894811,-0.3086357479592415,0.015444673228827383,-0.2912418041904635,0.9245573104402203,0.596092660985773,0.9751140741611305,-0.23554009851846266,0.0
1300,1.3440995417366084,0.5394105501434547,0.39609704905364734,0.12576015759624476,0.20412972035032528,0.4025411457894811,0.5695836485823832,0.015444673228827383,0.03279813454634018,-1.141783396970835,-1.6775915314009666,-1.0255210405616166,-0.23554009851846266,0.0
1301,-0.5801351589010455,-0.6875505137670367,0.39609704905364734,0.12576015759624476,0.20412972035032528,0.4025411457894811,0.5695836485823832,0.015444673228827383,0.6808780120199476,1.957727664145748,0.596092660985773,-1.0255210405616166,-0.23554009851846266,0.0
1302,-0.7297405377709972,-1.2848452677293336,0.39609704905364734,-1.4825725245512835,-1.194401875621248,0.4025411457894811,1.4478030451240078,-0.34368298104148653,0.03279813454634018,0.9245573104402203,-1.6775915314009666,-1.0255210405616166,-0.23554009851846266,0.0
1303,3.233942201254733,0.5394105501434547,0.39609704905364734,0.12576015759624476,0.20412972035032528,0.4025411457894811,0.5695836485823832,0.015444673228827383,0.03279813454634018,0.9245573104402203,-1.6775915314009666,-1.0255210405616166,-0.23554009851846266,0.0
1304,1.7963548824584163,0.5394105501434547,0.39609704905364734,0.12576015759624476,0.20412972035032528,0.4025411457894811,0.5695836485823832,0.015444673228827383,0.03279813454634018,0.9245573104402203,-1.6775915314009666,-1.0255210405616166,-0.23554009851846266,0.0
1305,-1.3745913087621682,1.721199985946511,0.39609704905364734,-1.4825725245512835,-1.194401875621248,-2.48421809909334,-1.1868551445008662,-1.4210659438524282,2.3010777057039657,1.957727664145748,0.596092660985773,0.9751140741611305,-0.23554009851846266,0.0
1306,1.3148663067850086,0.5394105501434547,0.39609704905364734,0.12576015759624476,0.20412972035032528,0.4025411457894811,0.5695836485823832,0.015444673228827383,0.03279813454634018,-1.141783396970835,-1.6775915314009666,-1.0255210405616166,-0.23554009851846266,0.0
1307,0.9709458955897176,0.26223022423390774,0.39609704905364734,0.12576015759624476,0.20412972035032528,0.4025411457894811,-1.1868551445008662,0.37457232749914127,-0.6152817429272672,0.9245573104402203,,0.9751140741611305,-0.23554009851846266,0.0
1308,-1.3195640429709214,-1.3664521180311011,0.39609704905364734,-1.4825725245512835,-1.194401875621248,0.4025411457894811,1.4478030451240078,-1.4210659438524282,0.03279813454634018,0.9245573104402203,0.596092660985773,-1.0255210405616166,-0.23554009851846266,0.0
1309,-1.0616237345744532,1.1915731360422939,0.39609704905364734,1.734092839743773,0.20412972035032528,0.4025411457894811,-0.3086357479592415,2.5293382531210247,-0.2912418041904635,-1.141783396970835,0.596092660985773,-1.0255210405616166,4.245561610485679,0.0
1310,-0.08145056266787337,-1.2848452677293336,0.39609704905364734,-1.4825725245512835,-1.194401875621248,0.4025411457894811,1.4478030451240078,-0.34368298104148653,0.03279813454634018,-0.10861304326530741,-1.6775915314009666,-1.0255210405616166,-0.23554009851846266,0.0
1311,-1.396946135489862,1.2033141157823306,0.39609704905364734,1.734092839743773,0.20412972035032528,0.4025411457894811,-0.3086357479592415,2.5293382531210247,-0.2912418041904635,-1.141783396970835,0.596092660985773,-1.0255210405616166,4.245561610485679,0.0
1312,-1.3539560840904505,-1.132050792705702,0.39609704905364734,0.12576015759624476,-1.194401875621248,0.4025411457894811,0.5695836485823832,0.015444673228827383,0.03279813454634018,0.9245573104402203,0.596092660985773,-1.0255210405616166,-0.23554009851846266,0.0
1313,0.38092979495952384,-0.06923339907451666,0.39609704905364734,0.12576015759624476,0.20412972035032528,0.4025411457894811,-0.3086357479592415,0.015444673228827383,-0.2912418041904635,-0.10861304326530741,0.596092660985773,0.9751140741611305,-0.23554009851846266,0.0
1314,-0.717703323379162,-1.2848452677293336,0.39609704905364734,-1.4825725245512835,-1.194401875621248,0.4025411457894811,1.4478030451240078,-0.34368298104148653,0.03279813454634018,0.9245573104402203,-1.6775915314009666,-1.0255210405616166,-0.23554009851846266,0.0
1315,-0.7710109871144322,-1.2848452677293336,0.39609704905364734,-1.4825725245512835,-1.194401875621248,0.4025411457894811,1.4478030451240078,-0.34368298104148653,0.03279813454634018,0.9245573104402203,-1.6775915314009666,-1.0255210405616166,-0.23554009851846266,0.0
1316,-0.7813285994502909,-1.2848452677293336,0.39609704905364734,-1.4825725245512835,-1.194401875621248,0.4025411457894811,1.4478030451240078,-0.34368298104148653,0.03279813454634018,0.9245573104402203,-1.6775915314009666,-1.0255210405616166,-0.23554009851846266,0.0
1317,-0.5079118725500344,0.26223022423390774,0.39609704905364734,0.12576015759624476,0.20412972035032528,0.4025411457894811,-1.1868551445008662,0.37457232749914127,-0.6152817429272672,-0.10861304326530741,,0.9751140741611305,-0.23554009851846266,0.0
1318,-0.8140010385138435,-1.2848452677293336,0.39609704905364734,-1.4825725245512835,-1.194401875621248,0.4025411457894811,1.4478030451240078,-0.34368298104148653,0.03279813454634018,-0.10861304326530741,-1.6775915314009666,-1.0255210405616166,-0.23554009851846266,0.0
1319,1.538414574061948,0.5394105501434547,0.39609704905364734,0.12576015759624476,0.20412972035032528,0.4025411457894811,0.5695836485823832,0.015444673228827383,0.03279813454634018,-0.10861304326530741,-1.6775915314009666,-1.0255210405616166,-0.23554009851846266,0.0
1320,-0.33939087106434174,1.1915731360422939,0.39609704905364734,1.734092839743773,0.20412972035032528,0.4025411457894811,-0.3086357479592415,2.5293382531210247,-0.2912418041904635,-1.141783396970835,0.596092660985773,-1.0255210405616166,4.245561610485679,0.0
1321,-1.4141421560496266,1.721199985946511,0.39609704905364734,-1.4825725245512835,-1.194401875621248,-2.48421809909334,-1.1868551445008662,-1.4210659438524282,2.3010777057039657,-1.141783396970835,0.596092660985773,0.9751140741611305,-0.23554009851846266,0.0
1322,-0.8277578549616552,-1.2848452677293336,0.39609704905364734,-1.4825725245512835,-1.194401875621248,0.4025411457894811,1.4478030451240078,-0.34368298104148653,0.03279813454634018,-0.10861304326530741,-1.6775915314009666,-1.0255210405616166,-0.23554009851846266,0.0
1323,-0.7985246200100554,-1.2848452677293336,0.39609704905364734,-1.4825725245512835,-1.194401875621248,0.4025411457894811,1.4478030451240078,-0.34368298104148653,0.03279813454634018,-0.10861304326530741,-1.6775915314009666,-1.0255210405616166,-0.23554009851846266,0.0
1324,-1.4107029519376737,-0.6875505137670367,0.39609704905364734,0.12576015759624476,0.20412972035032528,0.4025411457894811,0.5695836485823832,0.015444673228827383,0.6808780120199476,-1.141783396970835,0.596092660985773,-1.0255210405616166,-0.23554009851846266,0.0
1325,-1.3109660326910393,-1.132050792705702,0.39609704905364734,0.12576015759624476,-1.194401875621248,0.4025411457894811,0.5695836485823832,0.015444673228827383,0.03279813454634018,-0.10861304326530741,0.596092660985773,-1.0255210405616166,-0.23554009851846266,0.0
1326,-0.9257751721523132,-1.2848452677293336,0.39609704905364734,-1.4825725245512835,-1.194401875621248,0.4025411457894811,1.4478030451240078,-0.34368298104148653,0.03279813454634018,-1.141783396970835,-1.6775915314009666,-1.0255210405616166,-0.23554009851846266,0.0
1327,0.22979740946386512,0.5394105501434547,0.39609704905364734,0.12576015759624476,0.20412972035032528,0.4025411457894811,0.5695836485823832,0.015444673228827383,0.03279813454634018,-1.141783396970835,-1.6775915314009666,-1.0255210405616166,-0.23554009851846266,0.0
1328,1.2959506841692676,0.5394105501434547,0.39609704905364734,0.12576015759624476,0.20412972035032528,0.4025411457894811,0.5695836485823832,0.015444673228827383,0.03279813454634018,-1.141783396970835,-1.6775915314009666,-1.0255210405616166,-0.23554009851846266,0.0
1329,-0.6164393975068204,1.721199985946511,0.39609704905364734,-1.4825725245512835,-1.194401875621248,-2.48421809909334,-1.1868551445008662,-1.4210659438524282,2.3010777057039657,0.9245573104402203,0.596092660985773,0.9751140741611305,-0.23554009851846266,0.0
1330,-0.30003261920715263,-1.1780933123090649,0.39609704905364734,0.12576015759624476,-1.194401875621248,0.4025411457894811,0.5695836485823832,-0.34368298104148653,0.3568380732831439,-1.141783396970835,0.596092660985773,0.9751140741611305,-0.23554009851846266,0.0
1331,0.8299385269996482,-1.1780933123090649,0.39609704905364734,0.12576015759624476,-1.194401875621248,0.4025411457894811,0.5695836485823832,-0.34368298104148653,0.3568380732831439,0.9245573104402203,0.596092660985773,0.9751140741611305,-0.23554009851846266,0.0
1332,2.836714126324172,0.5394105501434547,0.39609704905364734,0.12576015759624476,0.20412972035032528,0.4025411457894811,0.5695836485823832,0.015444673228827383,0.03279813454634018,-0.10861304326530741,-1.6775915314009666,-1.0255210405616166,-0.23554009851846266,0.0
1333,-0.8466734775773962,-1.2848452677293336,0.39609704905364734,-1.4825725245512835,-1.194401875621248,0.4025411457894811,1.4478030451240078,-0.34368298104148653,0.03279813454634018,-0.10861304326530741,-1.6775915314009666,-1.0255210405616166,-0.23554009851846266,0.0
1334,-1.3797501149300975,-1.3664521180311011,0.39609704905364734,-1.4825725245512835,-1.194401875621248,0.4025411457894811,1.4478030451240078,-1.4210659438524282,0.03279813454634018,-0.10861304326530741,0.596092660985773,-1.0255210405616166,-0.23554009851846266,0.0
1335,-0.891383131032784,-1.2848452677293336,0.39609704905364734,-1.4825725245512835,-1.194401875621248,0.4025411457894811,1.4478030451240078,-0.34368298104148653,0.03279813454634018,-1.141783396970835,-1.6775915314009666,-1.0255210405616166,-0.23554009851846266,0.0
1336,-0.872467508417043,-1.2848452677293336,0.39609704905364734,-1.4825725245512835,-1.194401875621248,0.4025411457894811,1.4478030451240078,-0.34368298104148653,0.03279813454634018,-0.10861304326530741,-1.6775915314009666,-1.0255210405616166,-0.23554009851846266,0.0
1337,-0.5457431177815164,1.721199985946511,0.39609704905364734,-1.4825725245512835,-1.194401875621248,-2.48421809909334,-1.1868551445008662,-1.4210659438524282,2.3010777057039657,-1.141783396970835,0.596092660985773,0.9751140741611305,-0.23554009851846266,0.0
1338,-0.8466734775773962,-1.132050792705702,0.39609704905364734,0.12576015759624476,-1.194401875621248,0.4025411457894811,0.5695836485823832,0.015444673228827383,0.03279813454634018,-0.10861304326530741,0.596092660985773,-1.0255210405616166,-0.23554009851846266,0.0
1339,-1.3998900942096937,-1.132050792705702,0.39609704905364734,0.12576015759624476,-1.194401875621248,0.4025411457894811,0.5695836485823832,0.015444673228827383,0.03279813454634018,-0.10861304326530741,0.596092660985773,-1.0255210405616166,-0.23554009851846266,0.0
1340,0.5719982186031798,0.26223022423390774,0.39609704905364734,0.12576015759624476,0.20412972035032528,0.4025411457894811,-1.1868551445008662,0.37457232749914127,-0.6152817429272672,0.9245573104402203,,0.9751140741611305,-0.23554009851846266,0.0
1341,-1.2507799607318633,-0.11218352657470886,0.39609704905364734,0.12576015759624476,1.6026613163218986,0.4025411457894811,-0.3086357479592415,1.451955290310083,-1.5874015591376782,-1.141783396970835,,0.9751140741611305,-0.23554009851846266,0.0
1342,0.14209770460906587,-1.3607461889988168,0.39609704905364734,0.12576015759624476,0.20412972035032528,0.4025411457894811,1.4478030451240078,-1.0619382895821143,0.03279813454634018,-0.10861304326530741,0.596092660985773,0.9751140741611305,-0.23554009851846266,0.0
1343,-0.7520953644986911,-0.11218352657470886,0.39609704905364734,0.12576015759624476,1.6026613163218986,0.4025411457894811,-0.3086357479592415,1.451955290310083,-1.5874015591376782,-0.10861304326530741,,0.9751140741611305,-0.23554009851846266,0.0
1344,3.1823541395754398,0.5394105501434547,0.39609704905364734,0.12576015759624476,0.20412972035032528,0.4025411457894811,0.5695836485823832,0.015444673228827383,0.03279813454634018,-0.10861304326530741,-1.6775915314009666,-1.0255210405616166,-0.23554009851846266,0.0
1345,1.383650389024067,0.5394105501434547,0.39609704905364734,0.12576015759624476,0.20412972035032528,0.4025411457894811,0.5695836485823832,0.015444673228827383,0.03279813454634018,-0.10861304326530741,-1.6775915314009666,-1.0255210405616166,-0.23554009851846266,0.0
1346,1.7619628413388873,0.5394105501434547,0.39609704905364734,0.12576015759624476,0.20412972035032528,0.4025411457894811,0.5695836485823832,0.015444673228827383,0.03279813454634018,-0.10861304326530741,-1.6775915314009666,-1.0255210405616166,-0.23554009851846266,0.0
1347,0.42927124795713395,0.5394105501434547,0.45168538087840476,0.12576015759624476,0.20412972035032528,0.4025411457894811,0.5695836485823832,0.015444673228827383,0.03279813454634018,-0.10861304326530741,-1.6775915314009666,-1.0255210405616166,-0.23554009851846266,0.0
1348,0.5668394124352505,0.5394105501434547,0.45168538087840476,0.12576015759624476,0.20412972035032528,0.4025411457894811,0.5695836485823832,0.015444673228827383,0.03279813454634018,-1.141783396970835,-1.6775915314009666,-1.0255210405616166,-0.23554009851846266,0.0
1349,2.350066744482835,0.5394105501434547,0.45168538087840476,0.12576015759624476,0.20412972035032528,0.4025411457894811,0.5695836485823832,0.015444673228827383,0.03279813454634018,-0.10861304326530741,-1.6775915314009666,-1.0255210405616166,-0.23554009851846266,0.0
1350,0.8264993228876952,-1.132050792705702,0.45168538087840476,0.12576015759624476,-1.194401875621248,0.4025411457894811,0.5695836485823832,0.015444673228827383,0.03279813454634018,-0.10861304326530741,0.596092660985773,-1.0255210405616166,-0.23554009851846266,0.0
1351,0.14209770460906587,1.721199985946511,0.45168538087840476,-1.4825725245512835,-1.194401875621248,-2.48421809909334,-1.1868551445008662,-1.4210659438524282,2.3010777057039657,-0.10861304326530741,0.596092660985773,0.9751140741611305,-0.23554009851846266,0.0
1352,2.4257292349457993,0.5394105501434547,0.45168538087840476,0.12576015759624476,0.20412972035032528,0.4025411457894811,0.5695836485823832,0.015444673228827383,0.03279813454634018,-0.10861304326530741,-1.6775915314009666,-1.0255210405616166,-0.23554009851846266,0.0
1353,-1.3144052368029921,1.4174343603936248,0.45168538087840476,1.734092839743773,0.20412972035032528,0.4025411457894811,-0.3086357479592415,2.1702105988507108,-0.2912418041904635,-1.141783396970835,0.596092660985773,-1.0255210405616166,4.245561610485679,0.0
1354,-1.3539560840904505,1.721199985946511,0.45168538087840476,-1.4825725245512835,-1.194401875621248,-2.48421809909334,-1.1868551445008662,-1.4210659438524282,2.3010777057039657,0.9245573104402203,0.596092660985773,0.9751140741611305,-0.23554009851846266,0.0
1355,-0.6317232205803393,1.721199985946511,0.45168538087840476,-1.4825725245512835,-1.194401875621248,-2.48421809909334,-1.1868551445008662,-1.4210659438524282,2.3010777057039657,0.9245573104402203,0.596092660985773,0.9751140741611305,-0.23554009851846266,0.0
1356,-0.3875397286316825,-1.132050792705702,0.45168538087840476,0.12576015759624476,-1.194401875621248,0.4025411457894811,0.5695836485823832,0.015444673228827383,0.03279813454634018,-0.10861304326530741,0.596092660985773,-1.0255210405616166,-0.23554009851846266,0.0
1357,1.7103747796595934,0.5394105501434547,0.45168538087840476,0.12576015759624476,0.20412972035032528,0.4025411457894811,0.5695836485823832,0.015444673228827383,0.03279813454634018,-0.10861304326530741,-1.6775915314009666,-1.0255210405616166,-0.23554009851846266,0.0
1358,1.4317992465914076,-0.11218352657470886,0.45168538087840476,0.12576015759624476,1.6026613163218986,0.4025411457894811,-0.3086357479592415,1.451955290310083,-1.5874015591376782,-0.10861304326530741,,0.9751140741611305,-0.23554009851846266,0.0
1359,-1.457132207449038,1.721199985946511,0.45168538087840476,-1.4825725245512835,-1.194401875621248,-2.48421809909334,-1.1868551445008662,-1.4210659438524282,2.3010777057039657,-0.10861304326530741,0.596092660985773,0.9751140741611305,-0.23554009851846266,0.0
1360,-0.8380754672975139,-1.1780933123090649,0.45168538087840476,0.12576015759624476,-1.194401875621248,0.4025411457894811,0.5695836485823832,-0.34368298104148653,0.3568380732831439,-1.141783396970835,0.596092660985773,0.9751140741611305,-0.23554009851846266,0.0
1361,-0.8931027330887605,-1.2848452677293336,0.45168538087840476,-1.4825725245512835,-1.194401875621248,0.4025411457894811,1.4478030451240078,-0.34368298104148653,0.03279813454634018,-1.141783396970835,-1.6775915314009666,-1.0255210405616166,-0.23554009851846266,0.0
1362,-1.3058072265231098,-1.1780933123090649,0.45168538087840476,0.12576015759624476,-1.194401875621248,0.4025411457894811,0.5695836485823832,-0.34368298104148653,0.3568380732831439,-1.141783396970835,0.596092660985773,0.9751140741611305,-0.23554009851846266,0.0
1363,-1.4728012213830954,-1.132050792705702,0.45168538087840476,0.12576015759624476,-1.194401875621248,0.4025411457894811,0.5695836485823832,0.015444673228827383,0.03279813454634018,-1.141783396970835,0.596092660985773,-1.0255210405616166,-0.23554009851846266,0.0
1364,0.056117601810243084,-1.132050792705702,0.45168538087840476,0.12576015759624476,-1.194401875621248,0.4025411457894811,0.5695836485823832,0.015444673228827383,0.03279813454634018,0.9245573104402203,0.596092660985773,-1.0255210405616166,-0.23554009851846266,0.0
1365,3.092934832664664,0.5394105501434547,0.45168538087840476,0.12576015759624476,0.20412972035032528,0.4025411457894811,0.5695836485823832,0.015444673228827383,0.03279813454634018,-0.10861304326530741,-1.6775915314009666,-1.0255210405616166,-0.23554009851846266,0.0
1366,-1.3883481252099796,1.721199985946511,0.45168538087840476,-1.4825725245512835,-1.194401875621248,-2.48421809909334,-1.1868551445008662,-1.4210659438524282,2.3010777057039657,-1.141783396970835,0.596092660985773,0.9751140741611305,-0.23554009851846266,0.0
1367,0.719883995417155,-1.1780933123090649,0.45168538087840476,0.12576015759624476,-1.194401875621248,0.4025411457894811,0.5695836485823832,-0.34368298104148653,0.3568380732831439,-0.10861304326530741,0.596092660985773,0.9751140741611305,-0.23554009851846266,0.0
1368,-0.029862500988579704,1.721199985946511,0.45168538087840476,-1.4825725245512835,-1.194401875621248,-2.48421809909334,-1.1868551445008662,-1.4210659438524282,2.3010777057039657,-0.10861304326530741,0.596092660985773,0.9751140741611305,-0.23554009851846266,0.0
1369,1.5900026357412416,0.5394105501434547,0.45168538087840476,0.12576015759624476,0.20412972035032528,0.4025411457894811,0.5695836485823832,0.015444673228827383,0.03279813454634018,0.9245573104402203,-1.6775915314009666,-1.0255210405616166,-0.23554009851846266,0.0
1370,1.3664543684643025,0.5394105501434547,0.45168538087840476,0.12576015759624476,0.20412972035032528,0.4025411457894811,0.5695836485823832,0.015444673228827383,0.03279813454634018,-0.10861304326530741,-1.6775915314009666,-1.0255210405616166,-0.23554009851846266,0.0
1371,-0.7263013336590443,-1.132050792705702,0.45168538087840476,0.12576015759624476,-1.194401875621248,0.4025411457894811,0.5695836485823832,0.015444673228827383,0.03279813454634018,0.9245573104402203,0.596092660985773,-1.0255210405616166,-0.23554009851846266,0.0
1372,1.4008464095838316,0.5394105501434547,0.45168538087840476,0.12576015759624476,0.20412972035032528,0.4025411457894811,0.5695836485823832,0.015444673228827383,0.03279813454634018,-0.10861304326530741,-1.6775915314009666,-1.0255210405616166,-0.23554009851846266,0.0
1373,1.1738589381949394,-1.1780933123090649,0.45168538087840476,0.12576015759624476,-1.194401875621248,0.4025411457894811,0.5695836485823832,-0.34368298104148653,0.3568380732831439,-1.141783396970835,0.596092660985773,0.9751140741611305,-0.23554009851846266,0.0
1374,0.4516260746848279,0.5394105501434547,0.45168538087840476,0.12576015759624476,0.20412972035032528,0.4025411457894811,0.5695836485823832,0.015444673228827383,0.03279813454634018,-1.141783396970835,-1.6775915314009666,-1.0255210405616166,-0.23554009851846266,0.0
1375,-0.8810655186969253,-1.2848452677293336,0.45168538087840476,-1.4825725245512835,-1.194401875621248,0.4025411457894811,1.4478030451240078,-0.34368298104148653,0.03279813454634018,-1.141783396970835,-1.6775915314009666,-1.0255210405616166,-0.23554009851846266,0.0
1376,-1.6032983822070368,-0.06923339907451666,0.45168538087840476,0.12576015759624476,0.20412972035032528,0.4025411457894811,-0.3086357479592415,0.015444673228827383,-0.2912418041904635,-1.141783396970835,0.596092660985773,0.9751140741611305,-0.23554009851846266,0.0
1377,1.5212185535021834,0.5394105501434547,0.45168538087840476,0.12576015759624476,0.20412972035032528,0.4025411457894811,0.5695836485823832,0.015444673228827383,0.03279813454634018,0.9245573104402203,-1.6775915314009666,-1.0255210405616166,-0.23554009851846266,0.0
1378,-1.371152104650215,-1.132050792705702,0.45168538087840476,0.12576015759624476,-1.194401875621248,0.4025411457894811,0.5695836485823832,0.015444673228827383,0.03279813454634018,-0.10861304326530741,0.596092660985773,-1.0255210405616166,-0.23554009851846266,0.0
1379,1.5040225329424188,0.5394105501434547,0.45168538087840476,0.12576015759624476,0.20412972035032528,0.4025411457894811,0.5695836485823832,0.015444673228827383,0.03279813454634018,0.9245573104402203,-1.6775915314009666,-1.0255210405616166,-0.23554009851846266,0.0
1380,1.3440995417366084,0.5394105501434547,0.45168538087840476,0.12576015759624476,0.20412972035032528,0.4025411457894811,0.5695836485823832,0.015444673228827383,0.03279813454634018,-1.141783396970835,-1.6775915314009666,-1.0255210405616166,-0.23554009851846266,0.0
1381,2.7971632790367136,0.5394105501434547,0.45168538087840476,0.12576015759624476,0.20412972035032528,0.4025411457894811,0.5695836485823832,0.015444673228827383,0.03279813454634018,0.9245573104402203,-1.6775915314009666,-1.0255210405616166,-0.23554009851846266,0.0
1382,-0.004068470148932869,-1.2848452677293336,0.45168538087840476,-1.4825725245512835,-1.194401875621248,0.4025411457894811,1.4478030451240078,-0.34368298104148653,0.03279813454634018,-0.10861304326530741,-1.6775915314009666,-1.0255210405616166,-0.23554009851846266,0.0
1383,0.5548021980434152,-0.6875505137670367,0.45168538087840476,0.12576015759624476,0.20412972035032528,0.4025411457894811,0.5695836485823832,0.015444673228827383,0.6808780120199476,0.9245573104402203,0.596092660985773,-1.0255210405616166,-0.23554009851846266,0.0
1384,-0.49415505610222277,-0.06923339907451666,0.45168538087840476,0.12576015759624476,0.20412972035032528,0.4025411457894811,-0.3086357479592415,0.015444673228827383,-0.2912418041904635,-0.10861304326530741,0.596092660985773,0.9751140741611305,-0.23554009851846266,0.0
1385,-0.6729936699237742,1.721199985946511,0.45168538087840476,-1.4825725245512835,-1.194401875621248,-2.48421809909334,-1.1868551445008662,-1.4210659438524282,2.3010777057039657,0.9245573104402203,0.596092660985773,0.9751140741611305,-0.23554009851846266,0.0
1386,-0.8208794467377494,-1.2848452677293336,0.45168538087840476,-1.4825725245512835,-1.194401875621248,0.4025411457894811,1.4478030451240078,-0.34368298104148653,0.03279813454634018,-0.10861304326530741,-1.6775915314009666,-1.0255210405616166,-0.23554009851846266,0.0
1387,1.0878788353961166,-0.12459671560777764,0.45168538087840476,0.12576015759624476,0.20412972035032528,0.4025411457894811,-1.1868551445008662,0.37457232749914127,0.03279813454634018,0.9245573104402203,0.596092660985773,0.9751140741611305,-0.23554009851846266,0.0
1388,0.7095663830812963,-1.5226355748289113,0.45168538087840476,0.12576015759624476,0.20412972035032528,0.4025411457894811,1.4478030451240078,-0.7028106353118004,0.03279813454634018,-1.141783396970835,0.596092660985773,-1.0255210405616166,-0.23554009851846266,0.0
1389,-0.4803982396544111,-1.3607461889988168,0.45168538087840476,0.12576015759624476,0.20412972035032528,0.4025411457894811,1.4478030451240078,-1.0619382895821143,0.03279813454634018,-1.141783396970835,0.596092660985773,0.9751140741611305,-0.23554009851846266,0.0
1390,-1.3883481252099796,-1.132050792705702,0.45168538087840476,0.12576015759624476,-1.194401875621248,0.4025411457894811,0.5695836485823832,0.015444673228827383,0.03279813454634018,0.9245573104402203,0.596092660985773,-1.0255210405616166,-0.23554009851846266,0.0
1391,-0.717703323379162,-1.132050792705702,0.45168538087840476,0.12576015759624476,-1.194401875621248,0.4025411457894811,0.5695836485823832,0.015444673228827383,0.03279813454634018,1.957727664145748,0.596092660985773,-1.0255210405616166,-0.23554009851846266,0.0
1392,-1.147603837373276,0.26223022423390774,0.45168538087840476,0.12576015759624476,0.20412972035032528,0.4025411457894811,-1.1868551445008662,0.37457232749914127,-0.6152817429272672,-1.141783396970835,,0.9751140741611305,-0.23554009851846266,0.0
1393,-0.16934286295294199,-1.132050792705702,0.5072737127031622,0.12576015759624476,-1.194401875621248,0.4025411457894811,0.5695836485823832,0.015444673228827383,0.03279813454634018,-0.10861304326530741,0.596092660985773,-1.0255210405616166,-0.23554009851846266,0.0
1394,1.4575932774310545,0.5394105501434547,0.5072737127031622,0.12576015759624476,0.20412972035032528,0.4025411457894811,0.5695836485823832,0.015444673228827383,0.03279813454634018,0.9245573104402203,-1.6775915314009666,-1.0255210405616166,-0.23554009851846266,0.0
1395,-0.1502346449069316,-1.5226355748289113,0.5072737127031622,0.12576015759624476,0.20412972035032528,0.4025411457894811,1.4478030451240078,-0.7028106353118004,0.03279813454634018,-1.141783396970835,0.596092660985773,-1.0255210405616166,-0.23554009851846266,0.0
1396,-1.3539560840904505,-1.132050792705702,0.5072737127031622,0.12576015759624476,-1.194401875621248,0.4025411457894811,0.5695836485823832,0.015444673228827383,0.03279813454634018,0.9245573104402203,0.596092660985773,-1.0255210405616166,-0.23554009851846266,0.0
1397,-0.08145056266787337,-1.5313323165745925,0.5072737127031622,-1.4825725245512835,0.20412972035032528,0.4025411457894811,1.4478030451240078,-1.4210659438524282,0.03279813454634018,1.957727664145748,0.596092660985773,0.9751140741611305,-0.23554009851846266,0.0
1398,-1.4485341971691557,-0.6875505137670367,0.5072737127031622,0.12576015759624476,0.20412972035032528,0.4025411457894811,0.5695836485823832,0.015444673228827383,0.6808780120199476,-1.141783396970835,0.596092660985773,-1.0255210405616166,-0.23554009851846266,0.0
1399,-1.2163879196123342,-0.11218352657470886,0.5072737127031622,0.12576015759624476,1.6026613163218986,0.4025411457894811,-0.3086357479592415,1.451955290310083,-1.5874015591376782,0.9245573104402203,,0.9751140741611305,-0.23554009851846266,0.0
1400,0.2383954197437474,0.5394105501434547,0.5072737127031622,0.12576015759624476,0.20412972035032528,0.4025411457894811,0.5695836485823832,0.015444673228827383,0.03279813454634018,-1.141783396970835,-1.6775915314009666,-1.0255210405616166,-0.23554009851846266,0.0
1401,1.5900026357412416,0.5394105501434547,0.5072737127031622,0.12576015759624476,0.20412972035032528,0.4025411457894811,0.5695836485823832,0.015444673228827383,0.03279813454634018,0.9245573104402203,-1.6775915314009666,-1.0255210405616166,-0.23554009851846266,0.0
1402,0.22807780740788866,-0.06923339907451666,0.5072737127031622,0.12576015759624476,0.20412972035032528,0.4025411457894811,-0.3086357479592415,0.015444673228827383,-0.2912418041904635,-0.10861304326530741,0.596092660985773,0.9751140741611305,-0.23554009851846266,0.0
1403,0.9331146503582355,-0.12459671560777764,0.5072737127031622,0.12576015759624476,0.20412972035032528,0.4025411457894811,-1.1868551445008662,0.37457232749914127,0.03279813454634018,-0.10861304326530741,0.596092660985773,0.9751140741611305,-0.23554009851846266,0.0
1404,-0.33939087106434174,-1.1780933123090649,0.5072737127031622,0.12576015759624476,-1.194401875621248,0.4025411457894811,0.5695836485823832,-0.34368298104148653,0.3568380732831439,-1.141783396970835,0.596092660985773,0.9751140741611305,-0.23554009851846266,0.0
1405,-0.8552714878572785,-0.11218352657470886,0.5072737127031622,0.12576015759624476,1.6026613163218986,0.4025411457894811,-0.3086357479592415,1.451955290310083,-1.5874015591376782,-0.10861304326530741,,0.9751140741611305,-0.23554009851846266,0.0
1406,-0.7692913850584556,1.721199985946511,0.5072737127031622,-1.4825725245512835,-1.194401875621248,-2.48421809909334,-1.1868551445008662,-1.4210659438524282,2.3010777057039657,-1.141783396970835,0.596092660985773,0.9751140741611305,-0.23554009851846266,0.0
1407,0.24699343002362967,0.5394105501434547,0.5072737127031622,0.12576015759624476,0.20412972035032528,0.4025411457894811,0.5695836485823832,0.015444673228827383,0.03279813454634018,-1.141783396970835,-1.6775915314009666,-1.0255210405616166,-0.23554009851846266,0.0
1408,-1.68411967883793,1.2099810655506498,0.5072737127031622,1.734092839743773,0.20412972035032528,0.4025411457894811,-0.3086357479592415,1.8110829445803969,-0.6152817429272672,-1.141783396970835,0.596092660985773,-1.0255210405616166,4.245561610485679,0.0
1409,-0.37378291218387083,-1.1780933123090649,0.5072737127031622,0.12576015759624476,-1.194401875621248,0.4025411457894811,0.5695836485823832,-0.34368298104148653,0.3568380732831439,0.9245573104402203,0.596092660985773,0.9751140741611305,-0.23554009851846266,0.0
1410,-0.6557976493640096,-1.3509625471015747,0.5072737127031622,-1.4825725245512835,0.20412972035032528,0.4025411457894811,1.4478030451240078,-1.0619382895821143,0.03279813454634018,0.9245573104402203,0.596092660985773,-1.0255210405616166,-0.23554009851846266,0.0
1411,-0.5113510766619873,1.721199985946511,0.5072737127031622,-1.4825725245512835,-1.194401875621248,-2.48421809909334,-1.1868551445008662,-1.4210659438524282,2.3010777057039657,-0.10861304326530741,0.596092660985773,0.9751140741611305,-0.23554009851846266,0.0
1412,-0.5079118725500344,-0.11218352657470886,0.5072737127031622,0.12576015759624476,1.6026613163218986,0.4025411457894811,-0.3086357479592415,1.451955290310083,-1.5874015591376782,1.957727664145748,,0.9751140741611305,-0.23554009851846266,0.0
1413,2.7507340235253492,0.5394105501434547,0.5072737127031622,0.12576015759624476,0.20412972035032528,0.4025411457894811,0.5695836485823832,0.015444673228827383,0.03279813454634018,-0.10861304326530741,-1.6775915314009666,-1.0255210405616166,-0.23554009851846266,0.0
1414,-1.3745913087621682,-1.132050792705702,0.5072737127031622,0.12576015759624476,-1.194401875621248,0.4025411457894811,0.5695836485823832,0.015444673228827383,0.03279813454634018,1.957727664145748,0.596092660985773,-1.0255210405616166,-0.23554009851846266,0.0
1415,0.350169553382217,0.5394105501434547,0.5072737127031622,0.12576015759624476,0.20412972035032528,0.4025411457894811,0.5695836485823832,0.015444673228827383,0.03279813454634018,-0.10861304326530741,-1.6775915314009666,-1.0255210405616166,-0.23554009851846266,0.0
1416,0.9640674873658117,0.5394105501434547,0.5072737127031622,0.12576015759624476,0.20412972035032528,0.4025411457894811,0.5695836485823832,0.015444673228827383,0.03279813454634018,-1.141783396970835,-1.6775915314009666,-1.0255210405616166,-0.23554009851846266,0.0
1417,1.3355015314567262,0.5394105501434547,0.5072737127031622,0.12576015759624476,0.20412972035032528,0.4025411457894811,0.5695836485823832,0.015444673228827383,0.03279813454634018,-1.141783396970835,-1.6775915314009666,-1.0255210405616166,-0.23554009851846266,0.0
1418,1.4730696959348426,0.5394105501434547,0.5072737127031622,0.12576015759624476,0.20412972035032528,0.4025411457894811,0.5695836485823832,0.015444673228827383,0.03279813454634018,0.9245573104402203,-1.6775915314009666,-1.0255210405616166,-0.23554009851846266,0.0
1419,-1.4743282280088026,1.721199985946511,0.5072737127031622,-1.4825725245512835,-1.194401875621248,-2.48421809909334,-1.1868551445008662,-1.4210659438524282,2.3010777057039657,-0.10861304326530741,0.596092660985773,0.9751140741611305,-0.23554009851846266,0.0
1420,-1.1905938887726872,-1.3607461889988168,0.5072737127031622,0.12576015759624476,0.20412972035032528,0.4025411457894811,1.4478030451240078,-1.0619382895821143,0.03279813454634018,0.9245573104402203,0.596092660985773,0.9751140741611305,-0.23554009851846266,0.0
1421,-1.4278989724974382,1.721199985946511,0.5072737127031622,-1.4825725245512835,-1.194401875621248,-2.48421809909334,-1.1868551445008662,-1.4210659438524282,2.3010777057039657,1.957727664145748,0.596092660985773,0.9751140741611305,-0.23554009851846266,0.0
1422,-0.9240555700963367,-1.2848452677293336,0.5072737127031622,-1.4825725245512835,-1.194401875621248,0.4025411457894811,1.4478030451240078,-0.34368298104148653,0.03279813454634018,-1.141783396970835,-1.6775915314009666,-1.0255210405616166,-0.23554009851846266,0.0
1423,0.021725560690713967,-1.2848452677293336,0.5072737127031622,-1.4825725245512835,-1.194401875621248,0.4025411457894811,1.4478030451240078,-0.34368298104148653,0.03279813454634018,0.9245573104402203,-1.6775915314009666,-1.0255210405616166,-0.23554009851846266,0.0
1424,-0.5801351589010455,-1.3509625471015747,0.5072737127031622,-1.4825725245512835,0.20412972035032528,0.4025411457894811,1.4478030451240078,-1.0619382895821143,0.03279813454634018,0.9245573104402203,0.596092660985773,-1.0255210405616166,-0.23554009851846266,0.0
1425,-1.4089833498816973,-1.132050792705702,0.5072737127031622,0.12576015759624476,-1.194401875621248,0.4025411457894811,0.5695836485823832,0.015444673228827383,0.03279813454634018,0.9245573104402203,0.596092660985773,-1.0255210405616166,-0.23554009851846266,0.0
1426,-0.37378291218387083,1.1915731360422939,0.5072737127031622,1.734092839743773,0.20412972035032528,0.4025411457894811,-0.3086357479592415,2.5293382531210247,-0.2912418041904635,-1.141783396970835,0.596092660985773,-1.0255210405616166,4.245561610485679,0.0
1427,-1.3797501149300975,1.721199985946511,0.5072737127031622,-1.4825725245512835,-1.194401875621248,-2.48421809909334,-1.1868551445008662,-1.4210659438524282,2.3010777057039657,0.9245573104402203,0.596092660985773,0.9751140741611305,-0.23554009851846266,0.0
1428,-0.4597630149826936,1.721199985946511,0.5072737127031622,-1.4825725245512835,-1.194401875621248,-2.48421809909334,-1.1868551445008662,-1.4210659438524282,2.3010777057039657,0.9245573104402203,0.596092660985773,0.9751140741611305,-0.23554009851846266,0.0
1429,-1.422740166329509,-1.132050792705702,0.5072737127031622,0.12576015759624476,-1.194401875621248,0.4025411457894811,0.5695836485823832,0.015444673228827383,0.03279813454634018,-0.10861304326530741,0.596092660985773,-1.0255210405616166,-0.23554009851846266,0.0
1430,-1.3539560840904505,-1.5226355748289113,0.5072737127031622,0.12576015759624476,0.20412972035032528,0.4025411457894811,1.4478030451240078,-0.7028106353118004,0.03279813454634018,-0.10861304326530741,0.596092660985773,-1.0255210405616166,-0.23554009851846266,0.0
1431,0.36736557394198155,0.5394105501434547,0.5072737127031622,0.12576015759624476,0.20412972035032528,0.4025411457894811,0.5695836485823832,0.015444673228827383,0.03279813454634018,0.9245573104402203,-1.6775915314009666,-1.0255210405616166,-0.23554009851846266,0.0
1432,0.6596979234579791,0.5394105501434547,0.5072737127031622,0.12576015759624476,0.20412972035032528,0.4025411457894811,0.5695836485823832,0.015444673228827383,0.03279813454634018,-1.141783396970835,-1.6775915314009666,-1.0255210405616166,-0.23554009851846266,0.0
1433,-1.371152104650215,1.721199985946511,0.5072737127031622,-1.4825725245512835,-1.194401875621248,-2.48421809909334,-1.1868551445008662,-1.4210659438524282,2.3010777057039657,0.9245573104402203,0.596092660985773,0.9751140741611305,-0.23554009851846266,0.0
1434,-1.242181950451981,-0.11218352657470886,0.5072737127031622,0.12576015759624476,1.6026613163218986,0.4025411457894811,-0.3086357479592415,1.451955290310083,-1.5874015591376782,-1.141783396970835,,0.9751140741611305,-0.23554009851846266,0.0
1435,2.205620171780813,-1.2848452677293336,0.5072737127031622,-1.4825725245512835,-1.194401875621248,0.4025411457894811,1.4478030451240078,-0.34368298104148653,0.03279813454634018,-0.10861304326530741,-1.6775915314009666,-1.0255210405616166,-0.23554009851846266,0.0
1436,-0.047058521548344265,-1.3607461889988168,0.5072737127031622,0.12576015759624476,0.20412972035032528,0.4025411457894811,1.4478030451240078,-1.0619382895821143,0.03279813454634018,0.9245573104402203,0.596092660985773,0.9751140741611305,-0.23554009851846266,0.0
1437,-0.029862500988579704,1.721199985946511,0.5072737127031622,-1.4825725245512835,-1.194401875621248,-2.48421809909334,-1.1868551445008662,-1.4210659438524282,2.3010777057039657,-1.141783396970835,0.596092660985773,0.9751140741611305,-0.23554009851846266,0.0
1438,-0.9519131234031553,-1.2848452677293336,0.5072737127031622,-1.4825725245512835,-1.194401875621248,0.4025411457894811,1.4478030451240078,-0.34368298104148653,0.03279813454634018,-1.141783396970835,-1.6775915314009666,-1.0255210405616166,-0.23554009851846266,0.0
1439,-0.12650413653445652,-1.2848452677293336,0.5072737127031622,-1.4825725245512835,-1.194401875621248,0.4025411457894811,1.4478030451240078,-0.34368298104148653,0.03279813454634018,-0.10861304326530741,-1.6775915314009666,-1.0255210405616166,-0.23554009851846266,0.0
1440,-0.021608411119892718,-1.2848452677293336,0.5072737127031622,-1.4825725245512835,-1.194401875621248,0.4025411457894811,1.4478030451240078,-0.34368298104148653,0.03279813454634018,-0.10861304326530741,-1.6775915314009666,-1.0255210405616166,-0.23554009851846266,0.0
1441,1.4386776548153135,0.5394105501434547,0.5628620445279197,0.12576015759624476,0.20412972035032528,0.4025411457894811,0.5695836485823832,0.015444673228827383,0.03279813454634018,-0.10861304326530741,-1.6775915314009666,-1.0255210405616166,-0.23554009851846266,0.0
1442,-0.11584260378740249,-1.5226355748289113,0.5628620445279197,0.12576015759624476,0.20412972035032528,0.4025411457894811,1.4478030451240078,-0.7028106353118004,0.03279813454634018,-1.141783396970835,0.596092660985773,-1.0255210405616166,-0.23554009851846266,0.0
1443,0.00452954013094941,-1.2848452677293336,0.5628620445279197,-1.4825725245512835,-1.194401875621248,0.4025411457894811,1.4478030451240078,-0.34368298104148653,0.03279813454634018,0.9245573104402203,-1.6775915314009666,-1.0255210405616166,-0.23554009851846266,0.0
1444,-0.34130306855058756,-1.132050792705702,0.5628620445279197,0.12576015759624476,-1.194401875621248,0.4025411457894811,0.5695836485823832,0.015444673228827383,0.03279813454634018,-0.10861304326530741,0.596092660985773,-1.0255210405616166,-0.23554009851846266,0.0
1445,1.4661912877109369,-1.1780933123090649,0.5628620445279197,0.12576015759624476,-1.194401875621248,0.4025411457894811,0.5695836485823832,-0.34368298104148653,0.3568380732831439,-0.10861304326530741,0.596092660985773,0.9751140741611305,-0.23554009851846266,0.0
1446,0.2624698485274178,-0.23352145232296595,0.5628620445279197,0.12576015759624476,0.20412972035032528,0.4025411457894811,-0.3086357479592415,0.7336999817694552,-0.2912418041904635,-0.10861304326530741,0.596092660985773,-1.0255210405616166,-0.23554009851846266,0.0
1447,-0.13303862434716704,-1.2848452677293336,0.5628620445279197,-1.4825725245512835,-1.194401875621248,0.4025411457894811,1.4478030451240078,-0.34368298104148653,0.03279813454634018,-1.141783396970835,-1.6775915314009666,-1.0255210405616166,-0.23554009851846266,0.0
1448,0.599511851498803,0.5394105501434547,0.5628620445279197,0.12576015759624476,0.20412972035032528,0.4025411457894811,0.5695836485823832,0.015444673228827383,0.03279813454634018,-1.141783396970835,-1.6775915314009666,-1.0255210405616166,-0.23554009851846266,0.0
1449,0.4172340335652988,-1.2848452677293336,0.5628620445279197,-1.4825725245512835,-1.194401875621248,0.4025411457894811,1.4478030451240078,-0.34368298104148653,0.03279813454634018,-1.141783396970835,-1.6775915314009666,-1.0255210405616166,-0.23554009851846266,0.0
1450,0.8471345475594128,0.5394105501434547,0.5628620445279197,0.12576015759624476,0.20412972035032528,0.4025411457894811,0.5695836485823832,0.015444673228827383,0.03279813454634018,-1.141783396970835,-1.6775915314009666,-1.0255210405616166,-0.23554009851846266,0.0
1451,0.599511851498803,0.5394105501434547,0.5628620445279197,0.12576015759624476,0.20412972035032528,0.4025411457894811,0.5695836485823832,0.015444673228827383,0.03279813454634018,-1.141783396970835,-1.6775915314009666,-1.0255210405616166,-0.23554009851846266,0.0
1452,-1.396946135489862,-1.132050792705702,0.5628620445279197,0.12576015759624476,-1.194401875621248,0.4025411457894811,0.5695836485823832,0.015444673228827383,0.03279813454634018,0.9245573104402203,0.596092660985773,-1.0255210405616166,-0.23554009851846266,0.0
1453,-0.33939087106434174,-1.5226355748289113,0.5628620445279197,0.12576015759624476,0.20412972035032528,0.4025411457894811,1.4478030451240078,-0.7028106353118004,0.03279813454634018,-1.141783396970835,0.596092660985773,-1.0255210405616166,-0.23554009851846266,0.0
1454,1.0878788353961166,0.26223022423390774,0.5628620445279197,0.12576015759624476,0.20412972035032528,0.4025411457894811,-1.1868551445008662,0.37457232749914127,-0.6152817429272672,-0.10861304326530741,,0.9751140741611305,-0.23554009851846266,0.0
1455,-0.029862500988579704,1.721199985946511,0.5628620445279197,-1.4825725245512835,-1.194401875621248,-2.48421809909334,-1.1868551445008662,-1.4210659438524282,2.3010777057039657,0.9245573104402203,0.596092660985773,0.9751140741611305,-0.23554009851846266,0.0
1456,-0.44256699442292907,-1.5226355748289113,0.5628620445279197,0.12576015759624476,0.20412972035032528,0.4025411457894811,1.4478030451240078,-0.7028106353118004,0.03279813454634018,0.9245573104402203,0.596092660985773,-1.0255210405616166,-0.23554009851846266,0.0
1457,-1.336760063530686,-1.132050792705702,0.5628620445279197,0.12576015759624476,-1.194401875621248,0.4025411457894811,0.5695836485823832,0.015444673228827383,0.03279813454634018,1.957727664145748,0.596092660985773,-1.0255210405616166,-0.23554009851846266,0.0
1458,-0.03330170510053262,-1.132050792705702,0.5628620445279197,0.12576015759624476,-1.194401875621248,0.4025411457894811,0.5695836485823832,0.015444673228827383,0.03279813454634018,0.9245573104402203,0.596092660985773,-1.0255210405616166,-0.23554009851846266,0.0
1459,-0.6833112822596329,0.5394105501434547,0.5628620445279197,0.12576015759624476,0.20412972035032528,0.4025411457894811,0.5695836485823832,0.015444673228827383,0.03279813454634018,-0.10861304326530741,,-1.0255210405616166,-0.23554009851846266,0.0
1460,1.538414574061948,0.5394105501434547,0.5628620445279197,0.12576015759624476,0.20412972035032528,0.4025411457894811,0.5695836485823832,0.015444673228827383,0.03279813454634018,0.9245573104402203,-1.6775915314009666,-1.0255210405616166,-0.23554009851846266,0.0
1461,-1.2679759812916278,-1.1780933123090649,0.5628620445279197,0.12576015759624476,-1.194401875621248,0.4025411457894811,0.5695836485823832,-0.34368298104148653,0.3568380732831439,-1.141783396970835,0.596092660985773,0.9751140741611305,-0.23554009851846266,0.0
1462,0.3140579102067114,-0.6875505137670367,0.5628620445279197,0.12576015759624476,0.20412972035032528,0.4025411457894811,0.5695836485823832,0.015444673228827383,0.6808780120199476,-0.10861304326530741,0.596092660985773,-1.0255210405616166,-0.23554009851846266,0.0
1463,0.7439584242008254,-1.132050792705702,0.5628620445279197,0.12576015759624476,-1.194401875621248,0.4025411457894811,0.5695836485823832,0.015444673228827383,0.03279813454634018,-0.10861304326530741,0.596092660985773,-1.0255210405616166,-0.23554009851846266,0.0
1464,0.599511851498803,0.5394105501434547,0.5628620445279197,0.12576015759624476,0.20412972035032528,0.4025411457894811,0.5695836485823832,0.015444673228827383,0.03279813454634018,-1.141783396970835,-1.6775915314009666,-1.0255210405616166,-0.23554009851846266,0.0
1465,0.2452738279676532,1.721199985946511,0.5628620445279197,-1.4825725245512835,-1.194401875621248,-2.48421809909334,-1.1868551445008662,-1.4210659438524282,2.3010777057039657,1.957727664145748,0.596092660985773,0.9751140741611305,-0.23554009851846266,0.0
1466,-1.371152104650215,-1.132050792705702,0.5628620445279197,0.12576015759624476,-1.194401875621248,0.4025411457894811,0.5695836485823832,0.015444673228827383,0.03279813454634018,-0.10861304326530741,0.596092660985773,-1.0255210405616166,-0.23554009851846266,0.0
1467,-1.551710320527743,-0.06923339907451666,0.5628620445279197,0.12576015759624476,0.20412972035032528,0.4025411457894811,-0.3086357479592415,0.015444673228827383,-0.2912418041904635,-0.10861304326530741,0.596092660985773,0.9751140741611305,-0.23554009851846266,0.0
1468,0.9159186297984709,0.5394105501434547,0.5628620445279197,0.12576015759624476,0.20412972035032528,0.4025411457894811,0.5695836485823832,0.015444673228827383,0.03279813454634018,-0.10861304326530741,-1.6775915314009666,-1.0255210405616166,-0.23554009851846266,0.0
1469,-0.20182270658622528,1.4295632370123177,0.5628620445279197,3.3424255218913017,0.20412972035032528,0.4025411457894811,-0.3086357479592415,2.1702105988507108,-0.9393216816640708,-1.141783396970835,0.596092660985773,-1.0255210405616166,4.245561610485679,0.0
1470,-1.0444277140146885,-1.132050792705702,0.5628620445279197,0.12576015759624476,-1.194401875621248,0.4025411457894811,0.5695836485823832,0.015444673228827383,0.03279813454634018,-0.10861304326530741,0.596092660985773,-1.0255210405616166,-0.23554009851846266,0.0
1471,0.22119939918398282,0.5394105501434547,0.5628620445279197,0.12576015759624476,0.20412972035032528,0.4025411457894811,0.5695836485823832,0.015444673228827383,0.03279813454634018,-0.10861304326530741,-1.6775915314009666,-1.0255210405616166,-0.23554009851846266,0.0
1472,1.4661912877109369,0.5394105501434547,0.5628620445279197,0.12576015759624476,0.20412972035032528,0.4025411457894811,0.5695836485823832,0.015444673228827383,0.03279813454634018,0.9245573104402203,-1.6775915314009666,-1.0255210405616166,-0.23554009851846266,0.0
1473,0.4172340335652988,0.5394105501434547,0.6184503763526771,0.12576015759624476,0.20412972035032528,0.4025411457894811,0.5695836485823832,0.015444673228827383,0.03279813454634018,0.9245573104402203,-1.6775915314009666,-1.0255210405616166,-0.23554009851846266,0.0
1474,1.6931787590998288,0.5394105501434547,0.6184503763526771,0.12576015759624476,0.20412972035032528,0.4025411457894811,0.5695836485823832,0.015444673228827383,0.03279813454634018,-0.10861304326530741,-1.6775915314009666,-1.0255210405616166,-0.23554009851846266,0.0
1475,0.33297353282245246,0.5394105501434547,0.6184503763526771,0.12576015759624476,0.20412972035032528,0.4025411457894811,0.5695836485823832,0.015444673228827383,0.03279813454634018,0.9245573104402203,-1.6775915314009666,-1.0255210405616166,-0.23554009851846266,0.0
1476,0.6425019028982145,0.5394105501434547,0.6184503763526771,0.12576015759624476,0.20412972035032528,0.4025411457894811,0.5695836485823832,0.015444673228827383,0.03279813454634018,-1.141783396970835,-1.6775915314009666,-1.0255210405616166,-0.23554009851846266,0.0
1477,1.7894764742345104,0.5394105501434547,0.6184503763526771,0.12576015759624476,0.20412972035032528,0.4025411457894811,0.5695836485823832,0.015444673228827383,0.03279813454634018,-1.141783396970835,-1.6775915314009666,-1.0255210405616166,-0.23554009851846266,0.0
1478,2.0353795682391436,0.5394105501434547,0.6184503763526771,0.12576015759624476,0.20412972035032528,0.4025411457894811,0.5695836485823832,0.015444673228827383,0.03279813454634018,-1.141783396970835,-1.6775915314009666,-1.0255210405616166,-0.23554009851846266,0.0
1479,1.3870895931360199,0.5394105501434547,0.6184503763526771,0.12576015759624476,0.20412972035032528,0.4025411457894811,0.5695836485823832,0.015444673228827383,0.03279813454634018,-0.10861304326530741,-1.6775915314009666,-1.0255210405616166,-0.23554009851846266,0.0
1480,1.5212185535021834,0.5394105501434547,0.6184503763526771,0.12576015759624476,0.20412972035032528,0.4025411457894811,0.5695836485823832,0.015444673228827383,0.03279813454634018,-0.10861304326530741,-1.6775915314009666,-1.0255210405616166,-0.23554009851846266,0.0
1481,0.6510999131780968,0.5394105501434547,0.6184503763526771,0.12576015759624476,0.20412972035032528,0.4025411457894811,0.5695836485823832,0.015444673228827383,0.03279813454634018,-0.10861304326530741,-1.6775915314009666,-1.0255210405616166,-0.23554009851846266,0.0
1482,0.6854919542976259,0.5394105501434547,0.6184503763526771,0.12576015759624476,0.20412972035032528,0.4025411457894811,0.5695836485823832,0.015444673228827383,0.03279813454634018,-0.10861304326530741,-1.6775915314009666,-1.0255210405616166,-0.23554009851846266,0.0
1483,0.5527386755762435,-1.2848452677293336,0.6184503763526771,-1.4825725245512835,-1.194401875621248,0.4025411457894811,1.4478030451240078,-0.34368298104148653,0.03279813454634018,-0.10861304326530741,-1.6775915314009666,-1.0255210405616166,-0.23554009851846266,0.0
1484,0.021725560690713967,-1.3786953435729568,0.6184503763526771,-1.4825725245512835,-1.194401875621248,0.4025411457894811,1.4478030451240078,-1.4210659438524282,0.03279813454634018,0.9245573104402203,0.596092660985773,-1.0255210405616166,-0.23554009851846266,0.0
1485,1.4042856136957844,0.5394105501434547,0.6184503763526771,0.12576015759624476,0.20412972035032528,0.4025411457894811,0.5695836485823832,0.015444673228827383,0.03279813454634018,-0.10861304326530741,-1.6775915314009666,-1.0255210405616166,-0.23554009851846266,0.0
1486,0.9417126606381178,0.5394105501434547,0.6184503763526771,0.12576015759624476,0.20412972035032528,0.4025411457894811,0.5695836485823832,0.015444673228827383,0.03279813454634018,-0.10861304326530741,-1.6775915314009666,-1.0255210405616166,-0.23554009851846266,0.0
1487,-0.11584260378740249,-1.132050792705702,0.6184503763526771,0.12576015759624476,-1.194401875621248,0.4025411457894811,0.5695836485823832,0.015444673228827383,0.03279813454634018,-0.10861304326530741,0.596092660985773,-1.0255210405616166,-0.23554009851846266,0.0
1488,1.383650389024067,0.5394105501434547,0.6184503763526771,0.12576015759624476,0.20412972035032528,0.4025411457894811,0.5695836485823832,0.015444673228827383,0.03279813454634018,-1.141783396970835,-1.6775915314009666,-1.0255210405616166,-0.23554009851846266,0.0
1489,0.855732557839295,0.5394105501434547,0.6184503763526771,0.12576015759624476,0.20412972035032528,0.4025411457894811,0.5695836485823832,0.015444673228827383,0.03279813454634018,-1.141783396970835,-1.6775915314009666,-1.0255210405616166,-0.23554009851846266,0.0
1490,0.07503322442598409,0.5394105501434547,0.6184503763526771,0.12576015759624476,0.20412972035032528,0.4025411457894811,0.5695836485823832,0.015444673228827383,0.03279813454634018,-1.141783396970835,-1.6775915314009666,-1.0255210405616166,-0.23554009851846266,0.0
1491,1.9906699147837559,0.5394105501434547,0.6184503763526771,0.12576015759624476,0.20412972035032528,0.4025411457894811,0.5695836485823832,0.015444673228827383,0.03279813454634018,0.9245573104402203,-1.6775915314009666,-1.0255210405616166,-0.23554009851846266,0.0
1492,0.2641894505833942,0.5394105501434547,0.6184503763526771,0.12576015759624476,0.20412972035032528,0.4025411457894811,0.5695836485823832,0.015444673228827383,0.03279813454634018,-0.10861304326530741,-1.6775915314009666,-1.0255210405616166,-0.23554009851846266,0.0
1493,2.5151485418565747,0.5394105501434547,0.6184503763526771,0.12576015759624476,0.20412972035032528,0.4025411457894811,0.5695836485823832,0.015444673228827383,0.03279813454634018,0.9245573104402203,-1.6775915314009666,-1.0255210405616166,-0.23554009851846266,0.0
1494,0.6425019028982145,0.5394105501434547,0.6184503763526771,0.12576015759624476,0.20412972035032528,0.4025411457894811,0.5695836485823832,0.015444673228827383,0.03279813454634018,-0.10861304326530741,-1.6775915314009666,-1.0255210405616166,-0.23554009851846266,0.0
1495,0.6545391172900497,0.5394105501434547,0.6184503763526771,0.12576015759624476,0.20412972035032528,0.4025411457894811,0.5695836485823832,0.015444673228827383,0.03279813454634018,-1.141783396970835,-1.6775915314009666,-1.0255210405616166,-0.23554009851846266,0.0
1496,-1.4055441457697444,-1.132050792705702,0.6184503763526771,0.12576015759624476,-1.194401875621248,0.4025411457894811,0.5695836485823832,0.015444673228827383,0.03279813454634018,1.957727664145748,0.596092660985773,-1.0255210405616166,-0.23554009851846266,0.0
1497,0.8643305681191773,0.5394105501434547,0.6184503763526771,0.12576015759624476,0.20412972035032528,0.4025411457894811,0.5695836485823832,0.015444673228827383,0.03279813454634018,-1.141783396970835,-1.6775915314009666,-1.0255210405616166,-0.23554009851846266,0.0
1498,1.9597170777761797,0.5394105501434547,0.6184503763526771,0.12576015759624476,0.20412972035032528,0.4025411457894811,0.5695836485823832,0.015444673228827383,0.03279813454634018,-0.10861304326530741,-1.6775915314009666,-1.0255210405616166,-0.23554009851846266,0.0
1499,-1.6978764952857417,1.2099810655506498,0.6184503763526771,1.734092839743773,0.20412972035032528,0.4025411457894811,-0.3086357479592415,1.8110829445803969,-0.6152817429272672,-2.1749537506763628,0.596092660985773,-1.0255210405616166,4.245561610485679,0.0
1500,0.2727874608632765,0.5394105501434547,0.6184503763526771,0.12576015759624476,0.20412972035032528,0.4025411457894811,0.5695836485823832,0.015444673228827383,0.03279813454634018,0.9245573104402203,-1.6775915314009666,-1.0255210405616166,-0.23554009851846266,0.0
1501,0.4086360232854165,0.5394105501434547,0.6184503763526771,0.12576015759624476,0.20412972035032528,0.4025411457894811,0.5695836485823832,0.015444673228827383,0.03279813454634018,-1.141783396970835,-1.6775915314009666,-1.0255210405616166,-0.23554009851846266,0.0
1502,0.8677697722311302,0.5394105501434547,0.6184503763526771,0.12576015759624476,0.20412972035032528,0.4025411457894811,0.5695836485823832,0.015444673228827383,0.03279813454634018,-0.10861304326530741,-1.6775915314009666,-1.0255210405616166,-0.23554009851846266,0.0
1503,0.7663132509285193,0.5394105501434547,0.6184503763526771,0.12576015759624476,0.20412972035032528,0.4025411457894811,0.5695836485823832,0.015444673228827383,0.03279813454634018,0.9245573104402203,-1.6775915314009666,-1.0255210405616166,-0.23554009851846266,0.0
1504,0.6579783214020026,1.4142387366208409,0.6184503763526771,3.3424255218913017,0.20412972035032528,0.4025411457894811,-0.3086357479592415,2.5293382531210247,-0.6152817429272672,-1.141783396970835,0.596092660985773,-1.0255210405616166,4.245561610485679,0.0
1505,-0.7520953644986911,1.721199985946511,0.6184503763526771,-1.4825725245512835,-1.194401875621248,-2.48421809909334,-1.1868551445008662,-1.4210659438524282,2.3010777057039657,-0.10861304326530741,0.596092660985773,0.9751140741611305,-0.23554009851846266,0.0
1506,-0.992839652335395,0.10176877995788004,0.6184503763526771,0.12576015759624476,0.20412972035032528,0.4025411457894811,-0.3086357479592415,-0.7028106353118004,0.6808780120199476,-1.141783396970835,0.596092660985773,-1.0255210405616166,-0.23554009851846266,0.0
1507,-0.41677296358328225,-1.1780933123090649,0.6184503763526771,0.12576015759624476,-1.194401875621248,0.4025411457894811,0.5695836485823832,-0.34368298104148653,0.3568380732831439,1.957727664145748,0.596092660985773,0.9751140741611305,-0.23554009851846266,0.0
1508,1.1205512744596693,0.5394105501434547,0.6184503763526771,0.12576015759624476,0.20412972035032528,0.4025411457894811,0.5695836485823832,0.015444673228827383,0.03279813454634018,0.9245573104402203,-1.6775915314009666,-1.0255210405616166,-0.23554009851846266,0.0
1509,0.5376061774836507,-1.5313323165745925,0.6184503763526771,-1.4825725245512835,0.20412972035032528,0.4025411457894811,1.4478030451240078,-1.4210659438524282,0.03279813454634018,1.957727664145748,0.596092660985773,0.9751140741611305,-0.23554009851846266,0.0
1510,0.6081098617786854,0.5394105501434547,0.6184503763526771,0.12576015759624476,0.20412972035032528,0.4025411457894811,0.5695836485823832,0.015444673228827383,0.03279813454634018,-1.141783396970835,-1.6775915314009666,-1.0255210405616166,-0.23554009851846266,0.0
1511,-0.13647782845911996,1.721199985946511,0.6184503763526771,-1.4825725245512835,-1.194401875621248,-2.48421809909334,-1.1868551445008662,-1.4210659438524282,2.3010777057039657,0.9245573104402203,0.596092660985773,0.9751140741611305,-0.23554009851846266,0.0
1512,0.22807780740788866,-1.5313323165745925,0.6184503763526771,-1.4825725245512835,0.20412972035032528,0.4025411457894811,1.4478030451240078,-1.4210659438524282,0.03279813454634018,-1.141783396970835,0.596092660985773,0.9751140741611305,-0.23554009851846266,0.0
1513,-0.6489192411401038,-0.6875505137670367,0.6184503763526771,0.12576015759624476,0.20412972035032528,0.4025411457894811,0.5695836485823832,0.015444673228827383,0.6808780120199476,0.9245573104402203,0.596092660985773,-1.0255210405616166,-0.23554009851846266,0.0
1514,0.34844995132624057,-0.11218352657470886,0.6184503763526771,0.12576015759624476,1.6026613163218986,0.4025411457894811,-0.3086357479592415,1.451955290310083,-1.5874015591376782,-1.141783396970835,,0.9751140741611305,-0.23554009851846266,0.0
1515,-0.08145056266787337,-0.6875505137670367,0.6740387081774344,0.12576015759624476,0.20412972035032528,0.4025411457894811,0.5695836485823832,0.015444673228827383,0.6808780120199476,1.957727664145748,0.596092660985773,-1.0255210405616166,-0.23554009851846266,0.0
1516,-0.20182270658622528,-1.132050792705702,0.6740387081774344,0.12576015759624476,-1.194401875621248,0.4025411457894811,0.5695836485823832,0.015444673228827383,0.03279813454634018,-1.141783396970835,0.596092660985773,-1.0255210405616166,-0.23554009851846266,0.0
1517,0.7095663830812963,-1.132050792705702,0.6740387081774344,0.12576015759624476,-1.194401875621248,0.4025411457894811,0.5695836485823832,0.015444673228827383,0.03279813454634018,0.9245573104402203,0.596092660985773,-1.0255210405616166,-0.23554009851846266,0.0
1518,-1.371152104650215,-1.132050792705702,0.6740387081774344,0.12576015759624476,-1.194401875621248,0.4025411457894811,0.5695836485823832,0.015444673228827383,0.03279813454634018,-0.10861304326530741,0.596092660985773,-1.0255210405616166,-0.23554009851846266,0.0
1519,0.4497138771985821,-1.521063937092112,0.6740387081774344,0.12576015759624476,0.20412972035032528,0.4025411457894811,1.4478030451240078,-1.4210659438524282,0.03279813454634018,-1.141783396970835,0.596092660985773,-1.0255210405616166,-0.23554009851846266,0.0
1520,-1.457132207449038,1.721199985946511,0.6740387081774344,-1.4825725245512835,-1.194401875621248,-2.48421809909334,-1.1868551445008662,-1.4210659438524282,2.3010777057039657,-0.10861304326530741,0.596092660985773,0.9751140741611305,-0.23554009851846266,0.0
1521,-1.371152104650215,1.721199985946511,0.6740387081774344,-1.4825725245512835,-1.194401875621248,-2.48421809909334,-1.1868551445008662,-1.4210659438524282,2.3010777057039657,-1.141783396970835,0.596092660985773,0.9751140741611305,-0.23554009851846266,0.0
1522,-1.2937700121312747,-0.6875505137670367,0.6740387081774344,0.12576015759624476,0.20412972035032528,0.4025411457894811,0.5695836485823832,0.015444673228827383,0.6808780120199476,1.957727664145748,0.596092660985773,-1.0255210405616166,-0.23554009851846266,0.0
1523,1.0018987325972937,1.4142387366208409,0.6740387081774344,3.3424255218913017,0.20412972035032528,0.4025411457894811,-0.3086357479592415,2.5293382531210247,-0.6152817429272672,-1.141783396970835,0.596092660985773,-1.0255210405616166,4.245561610485679,0.0
1524,0.29858149170292336,0.5394105501434547,0.6740387081774344,0.12576015759624476,0.20412972035032528,0.4025411457894811,0.5695836485823832,0.015444673228827383,0.03279813454634018,-0.10861304326530741,-1.6775915314009666,-1.0255210405616166,-0.23554009851846266,0.0
1525,-1.362554094370333,-0.6875505137670367,0.6740387081774344,0.12576015759624476,0.20412972035032528,0.4025411457894811,0.5695836485823832,0.015444673228827383,0.6808780120199476,1.957727664145748,0.596092660985773,-1.0255210405616166,-0.23554009851846266,0.0
1526,-0.28780280938504804,0.26223022423390774,0.6740387081774344,0.12576015759624476,0.20412972035032528,0.4025411457894811,-1.1868551445008662,0.37457232749914127,-0.6152817429272672,-1.141783396970835,,0.9751140741611305,-0.23554009851846266,0.0
1527,0.09050964292977219,1.721199985946511,0.6740387081774344,-1.4825725245512835,-1.194401875621248,-2.48421809909334,-1.1868551445008662,-1.4210659438524282,2.3010777057039657,-0.10861304326530741,0.596092660985773,0.9751140741611305,-0.23554009851846266,0.0
1528,-1.0753805510222647,-1.132050792705702,0.6740387081774344,0.12576015759624476,-1.194401875621248,0.4025411457894811,0.5695836485823832,0.015444673228827383,0.03279813454634018,-0.10861304326530741,0.596092660985773,-1.0255210405616166,-0.23554009851846266,0.0
1529,-1.1372862250374172,0.26223022423390774,0.6740387081774344,0.12576015759624476,0.20412972035032528,0.4025411457894811,-1.1868551445008662,0.37457232749914127,-0.6152817429272672,-0.10861304326530741,,0.9751140741611305,-0.23554009851846266,0.0
1530,-1.0960157756939823,-1.1780933123090649,0.6740387081774344,0.12576015759624476,-1.194401875621248,0.4025411457894811,0.5695836485823832,-0.34368298104148653,0.3568380732831439,0.9245573104402203,0.596092660985773,0.9751140741611305,-0.23554009851846266,0.0
1531,2.422290030833846,0.5394105501434547,0.6740387081774344,0.12576015759624476,0.20412972035032528,0.4025411457894811,0.5695836485823832,0.015444673228827383,0.03279813454634018,-0.10861304326530741,-1.6775915314009666,-1.0255210405616166,-0.23554009851846266,0.0
1532,0.950310670918,1.4295632370123177,0.6740387081774344,3.3424255218913017,0.20412972035032528,0.4025411457894811,-0.3086357479592415,2.1702105988507108,-0.9393216816640708,-1.141783396970835,0.596092660985773,-1.0255210405616166,4.245561610485679,0.0
1533,-0.11584260378740249,1.721199985946511,0.6740387081774344,-1.4825725245512835,-1.194401875621248,-2.48421809909334,-1.1868551445008662,-1.4210659438524282,2.3010777057039657,-0.10861304326530741,0.596092660985773,0.9751140741611305,-0.23554009851846266,0.0
1534,-0.3995769430235177,1.1915731360422939,0.6740387081774344,1.734092839743773,0.20412972035032528,0.4025411457894811,-0.3086357479592415,2.5293382531210247,-0.2912418041904635,-1.141783396970835,0.596092660985773,-1.0255210405616166,4.245561610485679,0.0
1535,-0.4253709738631645,-1.132050792705702,0.6740387081774344,0.12576015759624476,-1.194401875621248,0.4025411457894811,0.5695836485823832,0.015444673228827383,0.03279813454634018,0.9245573104402203,0.596092660985773,-1.0255210405616166,-0.23554009851846266,0.0
1536,0.14209770460906587,-1.3509625471015747,0.6740387081774344,-1.4825725245512835,0.20412972035032528,0.4025411457894811,1.4478030451240078,-1.0619382895821143,0.03279813454634018,0.9245573104402203,0.596092660985773,-1.0255210405616166,-0.23554009851846266,0.0
1537,1.4266404404234783,0.5394105501434547,0.6740387081774344,0.12576015759624476,0.20412972035032528,0.4025411457894811,0.5695836485823832,0.015444673228827383,0.03279813454634018,-0.10861304326530741,-1.6775915314009666,-1.0255210405616166,-0.23554009851846266,0.0
1538,-0.34283007517629466,0.7744617386380273,0.6740387081774344,3.3424255218913017,3.0011929122934715,-2.48421809909334,-2.9432939375841154,-1.7801935981227421,-0.6152817429272672,0.9245573104402203,0.596092660985773,0.9751140741611305,-0.23554009851846266,0.0
1539,-0.166054983821915,-1.2848452677293336,0.6740387081774344,-1.4825725245512835,-1.194401875621248,0.4025411457894811,1.4478030451240078,-0.34368298104148653,0.03279813454634018,-1.141783396970835,-1.6775915314009666,-1.0255210405616166,-0.23554009851846266,0.0
1540,1.8204293112420866,-1.132050792705702,0.6740387081774344,0.12576015759624476,-1.194401875621248,0.4025411457894811,0.5695836485823832,0.015444673228827383,0.03279813454634018,-0.10861304326530741,0.596092660985773,-1.0255210405616166,-0.23554009851846266,0.0
1541,-0.7692913850584556,-0.6875505137670367,0.6740387081774344,0.12576015759624476,0.20412972035032528,0.4025411457894811,0.5695836485823832,0.015444673228827383,0.6808780120199476,-0.10861304326530741,0.596092660985773,-1.0255210405616166,-0.23554009851846266,0.0
1542,2.454962469897399,0.5394105501434547,0.6740387081774344,0.12576015759624476,0.20412972035032528,0.4025411457894811,0.5695836485823832,0.015444673228827383,0.03279813454634018,0.9245573104402203,-1.6775915314009666,-1.0255210405616166,-0.23554009851846266,0.0
1543,0.4000380130055342,0.5394105501434547,0.6740387081774344,0.12576015759624476,0.20412972035032528,0.4025411457894811,0.5695836485823832,0.015444673228827383,0.03279813454634018,-1.141783396970835,-1.6775915314009666,-1.0255210405616166,-0.23554009851846266,0.0
1544,-1.2714151854035807,-1.132050792705702,0.6740387081774344,0.12576015759624476,-1.194401875621248,0.4025411457894811,0.5695836485823832,0.015444673228827383,0.03279813454634018,1.957727664145748,0.596092660985773,-1.0255210405616166,-0.23554009851846266,0.0
1545,0.5891942391629443,-1.1780933123090649,0.6740387081774344,0.12576015759624476,-1.194401875621248,0.4025411457894811,0.5695836485823832,-0.34368298104148653,0.3568380732831439,0.9245573104402203,0.596092660985773,0.9751140741611305,-0.23554009851846266,0.0
1546,-0.5199490869418696,0.7744617386380273,0.6740387081774344,3.3424255218913017,3.0011929122934715,-2.48421809909334,-2.9432939375841154,-1.7801935981227421,-0.6152817429272672,-1.141783396970835,0.596092660985773,0.9751140741611305,-0.23554009851846266,0.0
1547,0.8058640982159778,-1.132050792705702,0.6740387081774344,0.12576015759624476,-1.194401875621248,0.4025411457894811,0.5695836485823832,0.015444673228827383,0.03279813454634018,-1.141783396970835,0.596092660985773,-1.0255210405616166,-0.23554009851846266,0.0
1548,0.599511851498803,0.5394105501434547,0.6740387081774344,0.12576015759624476,0.20412972035032528,0.4025411457894811,0.5695836485823832,0.015444673228827383,0.03279813454634018,-1.141783396970835,-1.6775915314009666,-1.0255210405616166,-0.23554009851846266,0.0
1549,0.8299385269996482,-1.132050792705702,0.6740387081774344,0.12576015759624476,-1.194401875621248,0.4025411457894811,0.5695836485823832,0.015444673228827383,0.03279813454634018,-0.10861304326530741,0.596092660985773,-1.0255210405616166,-0.23554009851846266,0.0
1550,-0.7348993439389265,-1.132050792705702,0.6740387081774344,0.12576015759624476,-1.194401875621248,0.4025411457894811,0.5695836485823832,0.015444673228827383,0.03279813454634018,1.957727664145748,0.596092660985773,-1.0255210405616166,-0.23554009851846266,0.0
1551,-1.4485341971691557,1.721199985946511,0.6740387081774344,-1.4825725245512835,-1.194401875621248,-2.48421809909334,-1.1868551445008662,-1.4210659438524282,2.3010777057039657,-0.10861304326530741,0.596092660985773,0.9751140741611305,-0.23554009851846266,0.0
1552,2.0353795682391436,0.5394105501434547,0.6740387081774344,0.12576015759624476,0.20412972035032528,0.4025411457894811,0.5695836485823832,0.015444673228827383,0.03279813454634018,-1.141783396970835,-1.6775915314009666,-1.0255210405616166,-0.23554009851846266,0.0
1553,-0.2740459929372364,0.26223022423390774,0.6740387081774344,0.12576015759624476,0.20412972035032528,0.4025411457894811,-1.1868551445008662,0.37457232749914127,-0.6152817429272672,0.9245573104402203,,0.9751140741611305,-0.23554009851846266,0.0
1554,-0.6661152616998683,-1.1780933123090649,0.6740387081774344,0.12576015759624476,-1.194401875621248,0.4025411457894811,0.5695836485823832,-0.34368298104148653,0.3568380732831439,0.9245573104402203,0.596092660985773,0.9751140741611305,-0.23554009851846266,0.0
1555,0.852293353727342,0.5394105501434547,0.6740387081774344,0.12576015759624476,0.20412972035032528,0.4025411457894811,0.5695836485823832,0.015444673228827383,0.03279813454634018,-1.141783396970835,-1.6775915314009666,-1.0255210405616166,-0.23554009851846266,0.0
1556,-0.37378291218387083,-1.5226355748289113,0.6740387081774344,0.12576015759624476,0.20412972035032528,0.4025411457894811,1.4478030451240078,-0.7028106353118004,0.03279813454634018,0.9245573104402203,0.596092660985773,-1.0255210405616166,-0.23554009851846266,0.0
1557,0.6614175255139555,1.1915731360422939,0.6740387081774344,1.734092839743773,0.20412972035032528,0.4025411457894811,-0.3086357479592415,2.5293382531210247,-0.2912418041904635,-1.141783396970835,0.596092660985773,-1.0255210405616166,4.245561610485679,0.0
1558,2.859068953051866,0.5394105501434547,0.6740387081774344,0.12576015759624476,0.20412972035032528,0.4025411457894811,0.5695836485823832,0.015444673228827383,0.03279813454634018,0.9245573104402203,-1.6775915314009666,-1.0255210405616166,-0.23554009851846266,0.0
1559,-1.6015787801510601,-0.06923339907451666,0.6740387081774344,0.12576015759624476,0.20412972035032528,0.4025411457894811,-0.3086357479592415,0.015444673228827383,-0.2912418041904635,0.9245573104402203,0.596092660985773,0.9751140741611305,-0.23554009851846266,0.0
1560,-1.242181950451981,-1.1780933123090649,0.6740387081774344,0.12576015759624476,-1.194401875621248,0.4025411457894811,0.5695836485823832,-0.34368298104148653,0.3568380732831439,-1.141783396970835,0.596092660985773,0.9751140741611305,-0.23554009851846266,0.0
1561,-1.2112291134444049,1.4142387366208409,0.6740387081774344,3.3424255218913017,0.20412972035032528,0.4025411457894811,-0.3086357479592415,2.5293382531210247,-0.6152817429272672,-1.141783396970835,0.596092660985773,-1.0255210405616166,4.245561610485679,0.0
1562,0.8471345475594128,0.5394105501434547,0.7296270400021918,0.12576015759624476,0.20412972035032528,0.4025411457894811,0.5695836485823832,0.015444673228827383,0.03279813454634018,-1.141783396970835,-1.6775915314009666,-1.0255210405616166,-0.23554009851846266,0.0
1563,-0.28780280938504804,0.5394105501434547,0.7296270400021918,0.12576015759624476,0.20412972035032528,0.4025411457894811,0.5695836485823832,0.015444673228827383,0.03279813454634018,-1.141783396970835,-1.6775915314009666,-1.0255210405616166,-0.23554009851846266,0.0
1564,-0.16247821154548397,1.721199985946511,0.7296270400021918,-1.4825725245512835,-1.194401875621248,-2.48421809909334,-1.1868551445008662,-1.4210659438524282,2.3010777057039657,-0.10861304326530741,0.596092660985773,0.9751140741611305,-0.23554009851846266,0.0
1565,0.39144000272565194,0.5394105501434547,0.7296270400021918,0.12576015759624476,0.20412972035032528,0.4025411457894811,0.5695836485823832,0.015444673228827383,0.03279813454634018,-1.141783396970835,-1.6775915314009666,-1.0255210405616166,-0.23554009851846266,0.0
1566,0.8643305681191773,0.5394105501434547,0.7296270400021918,0.12576015759624476,0.20412972035032528,0.4025411457894811,0.5695836485823832,0.015444673228827383,0.03279813454634018,-1.141783396970835,-1.6775915314009666,-1.0255210405616166,-0.23554009851846266,0.0
1567,0.602951055610756,0.5394105501434547,0.7296270400021918,0.12576015759624476,0.20412972035032528,0.4025411457894811,0.5695836485823832,0.015444673228827383,0.03279813454634018,-1.141783396970835,-1.6775915314009666,-1.0255210405616166,-0.23554009851846266,0.0
1568,0.9382734565261649,0.5394105501434547,0.7296270400021918,0.12576015759624476,0.20412972035032528,0.4025411457894811,0.5695836485823832,0.015444673228827383,0.03279813454634018,-1.141783396970835,-1.6775915314009666,-1.0255210405616166,-0.23554009851846266,0.0
1569,-1.0616237345744532,-0.11218352657470886,0.7296270400021918,0.12576015759624476,1.6026613163218986,0.4025411457894811,-0.3086357479592415,1.451955290310083,-1.5874015591376782,1.957727664145748,,0.9751140741611305,-0.23554009851846266,0.0
1570,0.5376061774836507,-1.3607461889988168,0.7296270400021918,0.12576015759624476,0.20412972035032528,0.4025411457894811,1.4478030451240078,-1.0619382895821143,0.03279813454634018,1.957727664145748,0.596092660985773,0.9751140741611305,-0.23554009851846266,0.0
1571,0.8608913640072243,0.5394105501434547,0.7296270400021918,0.12576015759624476,0.20412972035032528,0.4025411457894811,0.5695836485823832,0.015444673228827383,0.03279813454634018,-1.141783396970835,-1.6775915314009666,-1.0255210405616166,-0.23554009851846266,0.0
1572,0.852293353727342,0.5394105501434547,0.7296270400021918,0.12576015759624476,0.20412972035032528,0.4025411457894811,0.5695836485823832,0.015444673228827383,0.03279813454634018,-0.10861304326530741,-1.6775915314009666,-1.0255210405616166,-0.23554009851846266,0.0
1573,-0.7196155208654078,1.721199985946511,0.7296270400021918,-1.4825725245512835,-1.194401875621248,-2.48421809909334,-1.1868551445008662,-1.4210659438524282,2.3010777057039657,0.9245573104402203,0.596092660985773,0.9751140741611305,-0.23554009851846266,0.0
1574,-0.18309795979869764,1.721199985946511,0.7296270400021918,-1.4825725245512835,-1.194401875621248,-2.48421809909334,-1.1868551445008662,-1.4210659438524282,2.3010777057039657,-1.141783396970835,0.596092660985773,0.9751140741611305,-0.23554009851846266,0.0
1575,-0.29640081966493037,1.721199985946511,0.7296270400021918,-1.4825725245512835,-1.194401875621248,-2.48421809909334,-1.1868551445008662,-1.4210659438524282,2.3010777057039657,-1.141783396970835,0.596092660985773,0.9751140741611305,-0.23554009851846266,0.0
1576,-0.08145056266787337,-0.06923339907451666,0.7296270400021918,0.12576015759624476,0.20412972035032528,0.4025411457894811,-0.3086357479592415,0.015444673228827383,-0.2912418041904635,0.9245573104402203,0.596092660985773,0.9751140741611305,-0.23554009851846266,0.0
1577,-0.029862500988579704,-1.132050792705702,0.7296270400021918,0.12576015759624476,-1.194401875621248,0.4025411457894811,0.5695836485823832,0.015444673228827383,0.03279813454634018,0.9245573104402203,0.596092660985773,-1.0255210405616166,-0.23554009851846266,0.0
1578,0.43443005412506336,0.5394105501434547,0.7296270400021918,0.12576015759624476,0.20412972035032528,0.4025411457894811,0.5695836485823832,0.015444673228827383,0.03279813454634018,0.9245573104402203,-1.6775915314009666,-1.0255210405616166,-0.23554009851846266,0.0
1579,1.418042430143596,0.5394105501434547,0.7296270400021918,0.12576015759624476,0.20412972035032528,0.4025411457894811,0.5695836485823832,0.015444673228827383,0.03279813454634018,-0.10861304326530741,-1.6775915314009666,-1.0255210405616166,-0.23554009851846266,0.0
1580,0.28138547114315876,0.5394105501434547,0.7296270400021918,0.12576015759624476,0.20412972035032528,0.4025411457894811,0.5695836485823832,0.015444673228827383,0.03279813454634018,-0.10861304326530741,-1.6775915314009666,-1.0255210405616166,-0.23554009851846266,0.0
1581,0.6339038926183322,0.5394105501434547,0.7296270400021918,0.12576015759624476,0.20412972035032528,0.4025411457894811,0.5695836485823832,0.015444673228827383,0.03279813454634018,-1.141783396970835,-1.6775915314009666,-1.0255210405616166,-0.23554009851846266,0.0
1582,-1.1562018476531581,-1.1780933123090649,0.7296270400021918,0.12576015759624476,-1.194401875621248,0.4025411457894811,0.5695836485823832,-0.34368298104148653,0.3568380732831439,-1.141783396970835,0.596092660985773,0.9751140741611305,-0.23554009851846266,0.0
1583,0.7181643933611785,0.26223022423390774,0.7296270400021918,0.12576015759624476,0.20412972035032528,0.4025411457894811,-1.1868551445008662,0.37457232749914127,-0.6152817429272672,0.9245573104402203,,0.9751140741611305,-0.23554009851846266,0.0
1584,0.38284199244576966,0.5394105501434547,0.7296270400021918,0.12576015759624476,0.20412972035032528,0.4025411457894811,0.5695836485823832,0.015444673228827383,0.03279813454634018,-0.10861304326530741,-1.6775915314009666,-1.0255210405616166,-0.23554009851846266,0.0
1585,0.4000380130055342,0.5394105501434547,0.7296270400021918,0.12576015759624476,0.20412972035032528,0.4025411457894811,0.5695836485823832,0.015444673228827383,0.03279813454634018,-0.10861304326530741,-1.6775915314009666,-1.0255210405616166,-0.23554009851846266,0.0
1586,0.04064118330645498,0.5394105501434547,0.7296270400021918,0.12576015759624476,0.20412972035032528,0.4025411457894811,0.5695836485823832,0.015444673228827383,0.03279813454634018,-1.141783396970835,-1.6775915314009666,-1.0255210405616166,-0.23554009851846266,0.0
1587,0.8694893742871066,0.5394105501434547,0.7296270400021918,0.12576015759624476,0.20412972035032528,0.4025411457894811,0.5695836485823832,0.015444673228827383,0.03279813454634018,-0.10861304326530741,-1.6775915314009666,-1.0255210405616166,-0.23554009851846266,0.0
1588,0.4000380130055342,-1.2848452677293336,0.7296270400021918,-1.4825725245512835,-1.194401875621248,0.4025411457894811,1.4478030451240078,-0.34368298104148653,0.03279813454634018,-1.141783396970835,-1.6775915314009666,-1.0255210405616166,-0.23554009851846266,0.0
1589,0.9296754462462826,0.5394105501434547,0.7296270400021918,0.12576015759624476,0.20412972035032528,0.4025411457894811,0.5695836485823832,0.015444673228827383,0.03279813454634018,-0.10861304326530741,-1.6775915314009666,-1.0255210405616166,-0.23554009851846266,0.0
1590,2.3019178869154944,0.5394105501434547,0.7296270400021918,0.12576015759624476,0.20412972035032528,0.4025411457894811,0.5695836485823832,0.015444673228827383,0.03279813454634018,0.9245573104402203,-1.6775915314009666,-1.0255210405616166,-0.23554009851846266,0.0
1591,-0.920960286395579,-1.2848452677293336,0.7296270400021918,-1.4825725245512835,-1.194401875621248,0.4025411457894811,1.4478030451240078,-0.34368298104148653,0.03279813454634018,-1.141783396970835,-1.6775915314009666,-1.0255210405616166,-0.23554009851846266,0.0
1592,2.121978727778118,-1.2848452677293336,0.7296270400021918,-1.4825725245512835,-1.194401875621248,0.4025411457894811,1.4478030451240078,-0.34368298104148653,0.03279813454634018,0.9245573104402203,-1.6775915314009666,-1.0255210405616166,-0.23554009851846266,0.0
1593,-0.2207383292019663,-0.23352145232296595,0.7296270400021918,0.12576015759624476,0.20412972035032528,0.4025411457894811,-0.3086357479592415,0.7336999817694552,-0.2912418041904635,0.9245573104402203,0.596092660985773,-1.0255210405616166,-0.23554009851846266,0.0
1594,-0.3565868916241063,1.1915731360422939,0.7296270400021918,1.734092839743773,0.20412972035032528,0.4025411457894811,-0.3086357479592415,2.5293382531210247,-0.2912418041904635,-1.141783396970835,0.596092660985773,-1.0255210405616166,4.245561610485679,0.0
1595,0.9554694770859294,0.5394105501434547,0.7296270400021918,0.12576015759624476,0.20412972035032528,0.4025411457894811,0.5695836485823832,0.015444673228827383,0.03279813454634018,-0.10861304326530741,-1.6775915314009666,-1.0255210405616166,-0.23554009851846266,0.0
1596,-1.4708890238968495,-1.132050792705702,0.7296270400021918,0.12576015759624476,-1.194401875621248,0.4025411457894811,0.5695836485823832,0.015444673228827383,0.03279813454634018,-1.141783396970835,0.596092660985773,-1.0255210405616166,-0.23554009851846266,0.0
1597,0.6373430967302851,1.721199985946511,0.7296270400021918,-1.4825725245512835,-1.194401875621248,-2.48421809909334,-1.1868551445008662,-1.4210659438524282,2.3010777057039657,0.9245573104402203,0.596092660985773,0.9751140741611305,-0.23554009851846266,0.0
1598,-0.5147902807739402,-0.6875505137670367,0.7296270400021918,0.12576015759624476,0.20412972035032528,0.4025411457894811,0.5695836485823832,0.015444673228827383,0.6808780120199476,-1.141783396970835,0.596092660985773,-1.0255210405616166,-0.23554009851846266,0.0
1599,-1.4399361868892735,-1.446919516760685,0.7296270400021918,0.12576015759624476,0.20412972035032528,0.4025411457894811,1.4478030451240078,-1.0619382895821143,0.03279813454634018,-0.10861304326530741,0.596092660985773,-1.0255210405616166,-0.23554009851846266,0.0
1600,0.331253930766476,-0.11218352657470886,0.7296270400021918,0.12576015759624476,1.6026613163218986,0.4025411457894811,-0.3086357479592415,1.451955290310083,-1.5874015591376782,-0.10861304326530741,,0.9751140741611305,-0.23554009851846266,0.0
1601,0.7783504653203545,-0.12459671560777764,0.7296270400021918,0.12576015759624476,0.20412972035032528,0.4025411457894811,-1.1868551445008662,0.37457232749914127,0.03279813454634018,-1.141783396970835,0.596092660985773,0.9751140741611305,-0.23554009851846266,0.0
1602,-1.0788197551342178,-1.132050792705702,0.7296270400021918,0.12576015759624476,-1.194401875621248,0.4025411457894811,0.5695836485823832,0.015444673228827383,0.03279813454634018,-0.10861304326530741,0.596092660985773,-1.0255210405616166,-0.23554009851846266,0.0
1603,-1.4055441457697444,-1.132050792705702,0.7296270400021918,0.12576015759624476,-1.194401875621248,0.4025411457894811,0.5695836485823832,0.015444673228827383,0.03279813454634018,1.957727664145748,0.596092660985773,-1.0255210405616166,-0.23554009851846266,0.0
1604,-1.3745913087621682,-0.6875505137670367,0.7296270400021918,0.12576015759624476,0.20412972035032528,0.4025411457894811,0.5695836485823832,0.015444673228827383,0.6808780120199476,1.957727664145748,0.596092660985773,-1.0255210405616166,-0.23554009851846266,0.0
1605,1.4008464095838316,0.5394105501434547,0.7296270400021918,0.12576015759624476,0.20412972035032528,0.4025411457894811,0.5695836485823832,0.015444673228827383,0.03279813454634018,-0.10861304326530741,-1.6775915314009666,-1.0255210405616166,-0.23554009851846266,0.0
1606,-0.7348993439389265,-1.1780933123090649,0.7296270400021918,0.12576015759624476,-1.194401875621248,0.4025411457894811,0.5695836485823832,-0.34368298104148653,0.3568380732831439,0.9245573104402203,0.596092660985773,0.9751140741611305,-0.23554009851846266,0.0
1607,-1.0822589592461707,-1.132050792705702,0.7296270400021918,0.12576015759624476,-1.194401875621248,0.4025411457894811,0.5695836485823832,0.015444673228827383,0.03279813454634018,0.9245573104402203,0.596092660985773,-1.0255210405616166,-0.23554009851846266,0.0
1608,3.0310291586495115,0.5394105501434547,0.7296270400021918,0.12576015759624476,0.20412972035032528,0.4025411457894811,0.5695836485823832,0.015444673228827383,0.03279813454634018,-0.10861304326530741,-1.6775915314009666,-1.0255210405616166,-0.23554009851846266,0.0
1609,0.8729285783990596,0.5394105501434547,0.7296270400021918,0.12576015759624476,0.20412972035032528,0.4025411457894811,0.5695836485823832,0.015444673228827383,0.03279813454634018,-0.10861304326530741,-1.6775915314009666,-1.0255210405616166,-0.23554009851846266,0.0
1610,1.8531017503056393,0.5394105501434547,0.7296270400021918,0.12576015759624476,0.20412972035032528,0.4025411457894811,0.5695836485823832,0.015444673228827383,0.03279813454634018,-1.141783396970835,-1.6775915314009666,-1.0255210405616166,-0.23554009851846266,0.0
1611,0.8952834051267535,0.5394105501434547,0.7296270400021918,0.12576015759624476,0.20412972035032528,0.4025411457894811,0.5695836485823832,0.015444673228827383,0.03279813454634018,-0.10861304326530741,-1.6775915314009666,-1.0255210405616166,-0.23554009851846266,0.0
1612,0.7147251892492257,0.5394105501434547,0.7296270400021918,0.12576015759624476,0.20412972035032528,0.4025411457894811,0.5695836485823832,0.015444673228827383,0.03279813454634018,0.9245573104402203,-1.6775915314009666,-1.0255210405616166,-0.23554009851846266,0.0
1613,0.7491172303687548,0.5394105501434547,0.7296270400021918,0.12576015759624476,0.20412972035032528,0.4025411457894811,0.5695836485823832,0.015444673228827383,0.03279813454634018,0.9245573104402203,-1.6775915314009666,-1.0255210405616166,-0.23554009851846266,0.0
1614,1.0586456004445168,0.5394105501434547,0.7296270400021918,0.12576015759624476,0.20412972035032528,0.4025411457894811,0.5695836485823832,0.015444673228827383,0.03279813454634018,0.9245573104402203,-1.6775915314009666,-1.0255210405616166,-0.23554009851846266,0.0
1615,0.28138547114315876,0.5394105501434547,0.7296270400021918,0.12576015759624476,0.20412972035032528,0.4025411457894811,0.5695836485823832,0.015444673228827383,0.03279813454634018,0.9245573104402203,-1.6775915314009666,-1.0255210405616166,-0.23554009851846266,0.0
1616,0.38284199244576966,0.5394105501434547,0.7296270400021918,0.12576015759624476,0.20412972035032528,0.4025411457894811,0.5695836485823832,0.015444673228827383,0.03279813454634018,-0.10861304326530741,-1.6775915314009666,-1.0255210405616166,-0.23554009851846266,0.0
1617,-0.17086986957864908,-0.06923339907451666,0.7296270400021918,0.12576015759624476,0.20412972035032528,0.4025411457894811,-0.3086357479592415,0.015444673228827383,-0.2912418041904635,0.9245573104402203,0.596092660985773,0.9751140741611305,-0.23554009851846266,0.0
1618,0.30545989992682915,0.5394105501434547,0.7296270400021918,0.12576015759624476,0.20412972035032528,0.4025411457894811,0.5695836485823832,0.015444673228827383,0.03279813454634018,-0.10861304326530741,-1.6775915314009666,-1.0255210405616166,-0.23554009851846266,0.0
1619,0.07827983310766765,1.721199985946511,0.7296270400021918,-1.4825725245512835,-1.194401875621248,-2.48421809909334,-1.1868551445008662,-1.4210659438524282,2.3010777057039657,0.9245573104402203,0.596092660985773,0.9751140741611305,-0.23554009851846266,0.0
1620,-1.4915242485685671,1.721199985946511,0.7296270400021918,-1.4825725245512835,-1.194401875621248,-2.48421809909334,-1.1868551445008662,-1.4210659438524282,2.3010777057039657,-0.10861304326530741,0.596092660985773,0.9751140741611305,-0.23554009851846266,0.0
1621,-0.37378291218387083,-0.06923339907451666,0.7296270400021918,0.12576015759624476,0.20412972035032528,0.4025411457894811,-0.3086357479592415,0.015444673228827383,-0.2912418041904635,-0.10861304326530741,0.596092660985773,0.9751140741611305,-0.23554009851846266,0.0
1622,3.04134677098537,0.5394105501434547,0.7296270400021918,0.12576015759624476,0.20412972035032528,0.4025411457894811,0.5695836485823832,0.015444673228827383,0.03279813454634018,-0.10861304326530741,-1.6775915314009666,-1.0255210405616166,-0.23554009851846266,0.0
1623,0.4516260746848279,1.721199985946511,0.7296270400021918,-1.4825725245512835,-1.194401875621248,-2.48421809909334,-1.1868551445008662,-1.4210659438524282,2.3010777057039657,-1.141783396970835,0.596092660985773,0.9751140741611305,-0.23554009851846266,0.0
1624,0.5376061774836507,1.721199985946511,0.7296270400021918,-1.4825725245512835,-1.194401875621248,-2.48421809909334,-1.1868551445008662,-1.4210659438524282,2.3010777057039657,1.957727664145748,0.596092660985773,0.9751140741611305,-0.23554009851846266,0.0
1625,-0.7864874056182203,-0.11218352657470886,0.7296270400021918,0.12576015759624476,1.6026613163218986,0.4025411457894811,-0.3086357479592415,1.451955290310083,-1.5874015591376782,1.957727664145748,,0.9751140741611305,-0.23554009851846266,0.0
1626,0.8471345475594128,0.5394105501434547,0.7296270400021918,0.12576015759624476,0.20412972035032528,0.4025411457894811,0.5695836485823832,0.015444673228827383,0.03279813454634018,-0.10861304326530741,-1.6775915314009666,-1.0255210405616166,-0.23554009851846266,0.0
1627,0.04923919358633726,0.5394105501434547,0.7296270400021918,0.12576015759624476,0.20412972035032528,0.4025411457894811,0.5695836485823832,0.015444673228827383,0.03279813454634018,-1.141783396970835,-1.6775915314009666,-1.0255210405616166,-0.23554009851846266,0.0
1628,1.9734738942239913,0.5394105501434547,0.7296270400021918,0.12576015759624476,0.20412972035032528,0.4025411457894811,0.5695836485823832,0.015444673228827383,0.03279813454634018,0.9245573104402203,-1.6775915314009666,-1.0255210405616166,-0.23554009851846266,0.0
1629,2.0336599661831674,0.5394105501434547,0.7296270400021918,0.12576015759624476,0.20412972035032528,0.4025411457894811,0.5695836485823832,0.015444673228827383,0.03279813454634018,-0.10861304326530741,-1.6775915314009666,-1.0255210405616166,-0.23554009851846266,0.0
1630,-1.3487972779225212,-1.3664521180311011,0.7296270400021918,-1.4825725245512835,-1.194401875621248,0.4025411457894811,1.4478030451240078,-1.4210659438524282,0.03279813454634018,-0.10861304326530741,0.596092660985773,-1.0255210405616166,-0.23554009851846266,0.0
1631,-0.35314768751215336,0.26223022423390774,0.7296270400021918,0.12576015759624476,0.20412972035032528,0.4025411457894811,-1.1868551445008662,0.37457232749914127,-0.6152817429272672,0.9245573104402203,,0.9751140741611305,-0.23554009851846266,0.0
1632,0.25559144030351194,0.5394105501434547,0.7296270400021918,0.12576015759624476,0.20412972035032528,0.4025411457894811,0.5695836485823832,0.015444673228827383,0.03279813454634018,-0.10861304326530741,-1.6775915314009666,-1.0255210405616166,-0.23554009851846266,0.0
1633,-0.992839652335395,1.2543676904367356,0.7296270400021918,3.3424255218913017,0.20412972035032528,0.4025411457894811,-0.3086357479592415,1.8110829445803969,-0.6152817429272672,-1.141783396970835,0.596092660985773,-1.0255210405616166,4.245561610485679,0.0
1634,0.4516260746848279,-1.5226355748289113,0.7296270400021918,0.12576015759624476,0.20412972035032528,0.4025411457894811,1.4478030451240078,-0.7028106353118004,0.03279813454634018,1.957727664145748,0.596092660985773,-1.0255210405616166,-0.23554009851846266,0.0
1635,-0.4253709738631645,1.721199985946511,0.7296270400021918,-1.4825725245512835,-1.194401875621248,-2.48421809909334,-1.1868551445008662,-1.4210659438524282,2.3010777057039657,0.9245573104402203,0.596092660985773,0.9751140741611305,-0.23554009851846266,0.0
1636,-0.22245793125794275,1.721199985946511,0.7296270400021918,-1.4825725245512835,-1.194401875621248,-2.48421809909334,-1.1868551445008662,-1.4210659438524282,2.3010777057039657,-1.141783396970835,0.596092660985773,0.9751140741611305,-0.23554009851846266,0.0
1637,-1.2370231442840516,1.2364398805385552,0.7296270400021918,1.734092839743773,0.20412972035032528,0.4025411457894811,-0.3086357479592415,2.5293382531210247,-0.2912418041904635,-1.141783396970835,0.596092660985773,-1.0255210405616166,4.245561610485679,0.0
1638,-0.6145272000205747,-1.5226355748289113,0.7296270400021918,0.12576015759624476,0.20412972035032528,0.4025411457894811,1.4478030451240078,-0.7028106353118004,0.03279813454634018,-1.141783396970835,0.596092660985773,-1.0255210405616166,-0.23554009851846266,0.0
1639,-1.3333208594187331,1.721199985946511,0.7296270400021918,-1.4825725245512835,-1.194401875621248,-2.48421809909334,-1.1868551445008662,-1.4210659438524282,2.3010777057039657,-0.10861304326530741,0.596092660985773,0.9751140741611305,-0.23554009851846266,0.0
1640,1.9562778736642266,0.5394105501434547,0.7852153718269492,0.12576015759624476,0.20412972035032528,0.4025411457894811,0.5695836485823832,0.015444673228827383,0.03279813454634018,-0.10861304326530741,-1.6775915314009666,-1.0255210405616166,-0.23554009851846266,0.0
1641,0.4516260746848279,0.5394105501434547,0.7852153718269492,0.12576015759624476,0.20412972035032528,0.4025411457894811,0.5695836485823832,0.015444673228827383,0.03279813454634018,0.9245573104402203,-1.6775915314009666,-1.0255210405616166,-0.23554009851846266,0.0
1642,0.8643305681191773,0.5394105501434547,0.7852153718269492,0.12576015759624476,0.20412972035032528,0.4025411457894811,0.5695836485823832,0.015444673228827383,0.03279813454634018,-1.141783396970835,-1.6775915314009666,-1.0255210405616166,-0.23554009851846266,0.0
1643,0.6063902597227089,-1.132050792705702,0.7852153718269492,0.12576015759624476,-1.194401875621248,0.4025411457894811,0.5695836485823832,0.015444673228827383,0.03279813454634018,-0.10861304326530741,0.596092660985773,-1.0255210405616166,-0.23554009851846266,0.0
1644,-1.2335839401720987,-1.132050792705702,0.7852153718269492,0.12576015759624476,-1.194401875621248,0.4025411457894811,0.5695836485823832,0.015444673228827383,0.03279813454634018,1.957727664145748,0.596092660985773,-1.0255210405616166,-0.23554009851846266,0.0
1645,-1.4005779350320844,1.721199985946511,0.7852153718269492,-1.4825725245512835,-1.194401875621248,-2.48421809909334,-1.1868551445008662,-1.4210659438524282,2.3010777057039657,-0.10861304326530741,0.596092660985773,0.9751140741611305,-0.23554009851846266,0.0
1646,1.9476798633843444,0.5394105501434547,0.7852153718269492,0.12576015759624476,0.20412972035032528,0.4025411457894811,0.5695836485823832,0.015444673228827383,0.03279813454634018,-0.10861304326530741,-1.6775915314009666,-1.0255210405616166,-0.23554009851846266,0.0
1647,-0.7606933747785734,1.721199985946511,0.7852153718269492,-1.4825725245512835,-1.194401875621248,-2.48421809909334,-1.1868551445008662,-1.4210659438524282,2.3010777057039657,-0.10861304326530741,0.596092660985773,0.9751140741611305,-0.23554009851846266,0.0
1648,-1.431338176609391,0.7744617386380273,0.7852153718269492,3.3424255218913017,3.0011929122934715,-2.48421809909334,-2.9432939375841154,-1.7801935981227421,-0.6152817429272672,-1.141783396970835,0.596092660985773,0.9751140741611305,-0.23554009851846266,0.0
1649,0.4000380130055342,0.5394105501434547,0.7852153718269492,0.12576015759624476,0.20412972035032528,0.4025411457894811,0.5695836485823832,0.015444673228827383,0.03279813454634018,-1.141783396970835,-1.6775915314009666,-1.0255210405616166,-0.23554009851846266,0.0
1650,-1.3281620532508038,-1.5226355748289113,0.7852153718269492,0.12576015759624476,0.20412972035032528,0.4025411457894811,1.4478030451240078,-0.7028106353118004,0.03279813454634018,-1.141783396970835,0.596092660985773,-1.0255210405616166,-0.23554009851846266,0.0
1651,-0.16743066546669616,-1.2848452677293336,0.7852153718269492,-1.4825725245512835,-1.194401875621248,0.4025411457894811,1.4478030451240078,-0.34368298104148653,0.03279813454634018,-1.141783396970835,-1.6775915314009666,-1.0255210405616166,-0.23554009851846266,0.0
1652,0.9640674873658117,0.5394105501434547,0.7852153718269492,0.12576015759624476,0.20412972035032528,0.4025411457894811,0.5695836485823832,0.015444673228827383,0.03279813454634018,0.9245573104402203,-1.6775915314009666,-1.0255210405616166,-0.23554009851846266,0.0
1653,0.6682959337378613,0.5394105501434547,0.7852153718269492,0.12576015759624476,0.20412972035032528,0.4025411457894811,0.5695836485823832,0.015444673228827383,0.03279813454634018,-0.10861304326530741,-1.6775915314009666,-1.0255210405616166,-0.23554009851846266,0.0
1654,-1.4399361868892735,-1.132050792705702,0.7852153718269492,0.12576015759624476,-1.194401875621248,0.4025411457894811,0.5695836485823832,0.015444673228827383,0.03279813454634018,0.9245573104402203,0.596092660985773,-1.0255210405616166,-0.23554009851846266,0.0
1655,0.4997749322521687,-1.5226355748289113,0.7852153718269492,0.12576015759624476,0.20412972035032528,0.4025411457894811,1.4478030451240078,-0.7028106353118004,0.03279813454634018,-0.10861304326530741,0.596092660985773,-1.0255210405616166,-0.23554009851846266,0.0
1656,0.9159186297984709,-0.6875505137670367,0.7852153718269492,0.12576015759624476,0.20412972035032528,0.4025411457894811,0.5695836485823832,0.015444673228827383,0.6808780120199476,-1.141783396970835,0.596092660985773,-1.0255210405616166,-0.23554009851846266,0.0
1657,-1.125249010645582,-1.1780933123090649,0.7852153718269492,0.12576015759624476,-1.194401875621248,0.4025411457894811,0.5695836485823832,-0.34368298104148653,0.3568380732831439,-1.141783396970835,0.596092660985773,0.9751140741611305,-0.23554009851846266,0.0
1658,0.486018115804357,-1.5226355748289113,0.7852153718269492,0.12576015759624476,0.20412972035032528,0.4025411457894811,1.4478030451240078,-0.7028106353118004,0.03279813454634018,0.9245573104402203,0.596092660985773,-1.0255210405616166,-0.23554009851846266,0.0
1659,-1.2886112059633452,-1.1780933123090649,0.7852153718269492,0.12576015759624476,-1.194401875621248,0.4025411457894811,0.5695836485823832,-0.34368298104148653,0.3568380732831439,-1.141783396970835,0.596092660985773,0.9751140741611305,-0.23554009851846266,0.0
1660,0.8471345475594128,0.5394105501434547,0.7852153718269492,0.12576015759624476,0.20412972035032528,0.4025411457894811,0.5695836485823832,0.015444673228827383,0.03279813454634018,-0.10861304326530741,-1.6775915314009666,-1.0255210405616166,-0.23554009851846266,0.0
1661,0.8471345475594128,0.5394105501434547,0.7852153718269492,0.12576015759624476,0.20412972035032528,0.4025411457894811,0.5695836485823832,0.015444673228827383,0.03279813454634018,-0.10861304326530741,-1.6775915314009666,-1.0255210405616166,-0.23554009851846266,0.0
1662,-0.4253709738631645,-1.132050792705702,0.7852153718269492,0.12576015759624476,-1.194401875621248,0.4025411457894811,0.5695836485823832,0.015444673228827383,0.03279813454634018,-0.10861304326530741,0.596092660985773,-1.0255210405616166,-0.23554009851846266,0.0
1663,-0.8294774570176316,-1.3607461889988168,0.7852153718269492,0.12576015759624476,0.20412972035032528,0.4025411457894811,1.4478030451240078,-1.0619382895821143,0.03279813454634018,0.9245573104402203,0.596092660985773,0.9751140741611305,-0.23554009851846266,0.0
1664,1.591722237797218,-1.132050792705702,0.7852153718269492,0.12576015759624476,-1.194401875621248,0.4025411457894811,0.5695836485823832,0.015444673228827383,0.03279813454634018,0.9245573104402203,0.596092660985773,-1.0255210405616166,-0.23554009851846266,0.0
1665,0.2624698485274178,-1.3607461889988168,0.7852153718269492,0.12576015759624476,0.20412972035032528,0.4025411457894811,1.4478030451240078,-1.0619382895821143,0.03279813454634018,-0.10861304326530741,0.596092660985773,0.9751140741611305,-0.23554009851846266,0.0
1666,0.6631371275699319,0.5394105501434547,0.7852153718269492,0.12576015759624476,0.20412972035032528,0.4025411457894811,0.5695836485823832,0.015444673228827383,0.03279813454634018,-0.10861304326530741,-1.6775915314009666,-1.0255210405616166,-0.23554009851846266,0.0
1667,0.030323570970596247,1.721199985946511,0.7852153718269492,-1.4825725245512835,-1.194401875621248,-2.48421809909334,-1.1868551445008662,-1.4210659438524282,2.3010777057039657,-0.10861304326530741,0.596092660985773,0.9751140741611305,-0.23554009851846266,0.0
1668,0.2108817868481241,1.721199985946511,0.7852153718269492,-1.4825725245512835,-1.194401875621248,-2.48421809909334,-1.1868551445008662,-1.4210659438524282,2.3010777057039657,-1.141783396970835,0.596092660985773,0.9751140741611305,-0.23554009851846266,0.0
1669,-1.431338176609391,-1.132050792705702,0.7852153718269492,0.12576015759624476,-1.194401875621248,0.4025411457894811,0.5695836485823832,0.015444673228827383,0.03279813454634018,-0.10861304326530741,0.596092660985773,-1.0255210405616166,-0.23554009851846266,0.0
1670,-1.3573952882024036,1.1915731360422939,0.7852153718269492,1.734092839743773,0.20412972035032528,0.4025411457894811,-0.3086357479592415,2.5293382531210247,-0.2912418041904635,-1.141783396970835,0.596092660985773,-1.0255210405616166,4.245561610485679,0.0
1671,0.5376061774836507,-1.5226355748289113,0.7852153718269492,0.12576015759624476,0.20412972035032528,0.4025411457894811,1.4478030451240078,-0.7028106353118004,0.03279813454634018,-0.10861304326530741,0.596092660985773,-1.0255210405616166,-0.23554009851846266,0.0
1672,2.2503298252362005,0.5394105501434547,0.7852153718269492,0.12576015759624476,0.20412972035032528,0.4025411457894811,0.5695836485823832,0.015444673228827383,0.03279813454634018,0.9245573104402203,-1.6775915314009666,-1.0255210405616166,-0.23554009851846266,0.0
1673,-0.9412515906561012,-1.132050792705702,0.7852153718269492,0.12576015759624476,-1.194401875621248,0.4025411457894811,0.5695836485823832,0.015444673228827383,0.03279813454634018,0.9245573104402203,0.596092660985773,-1.0255210405616166,-0.23554009851846266,0.0
1674,0.2641894505833942,0.5394105501434547,0.7852153718269492,0.12576015759624476,0.20412972035032528,0.4025411457894811,0.5695836485823832,0.015444673228827383,0.03279813454634018,0.9245573104402203,-1.6775915314009666,-1.0255210405616166,-0.23554009851846266,0.0
1675,-1.4261793704414618,1.721199985946511,0.7852153718269492,-1.4825725245512835,-1.194401875621248,-2.48421809909334,-1.1868551445008662,-1.4210659438524282,2.3010777057039657,0.9245573104402203,0.596092660985773,0.9751140741611305,-0.23554009851846266,0.0
1676,-1.3212836450268979,1.1915731360422939,0.7852153718269492,1.734092839743773,0.20412972035032528,0.4025411457894811,-0.3086357479592415,2.5293382531210247,-0.2912418041904635,-1.141783396970835,0.596092660985773,-1.0255210405616166,4.245561610485679,0.0
1677,0.8471345475594128,0.5394105501434547,0.7852153718269492,0.12576015759624476,0.20412972035032528,0.4025411457894811,0.5695836485823832,0.015444673228827383,0.03279813454634018,-0.10861304326530741,-1.6775915314009666,-1.0255210405616166,-0.23554009851846266,0.0
1678,0.8471345475594128,0.5394105501434547,0.7852153718269492,0.12576015759624476,0.20412972035032528,0.4025411457894811,0.5695836485823832,0.015444673228827383,0.03279813454634018,-0.10861304326530741,-1.6775915314009666,-1.0255210405616166,-0.23554009851846266,0.0
1679,-0.8380754672975139,1.721199985946511,0.7852153718269492,-1.4825725245512835,-1.194401875621248,-2.48421809909334,-1.1868551445008662,-1.4210659438524282,2.3010777057039657,-0.10861304326530741,0.596092660985773,0.9751140741611305,-0.23554009851846266,0.0
1680,-1.460571411560991,1.721199985946511,0.7852153718269492,-1.4825725245512835,-1.194401875621248,-2.48421809909334,-1.1868551445008662,-1.4210659438524282,2.3010777057039657,-0.10861304326530741,0.596092660985773,0.9751140741611305,-0.23554009851846266,0.0
1681,0.9640674873658117,0.5394105501434547,0.7852153718269492,0.12576015759624476,0.20412972035032528,0.4025411457894811,0.5695836485823832,0.015444673228827383,0.03279813454634018,-0.10861304326530741,-1.6775915314009666,-1.0255210405616166,-0.23554009851846266,0.0
1682,1.0156555490451054,0.5394105501434547,0.7852153718269492,0.12576015759624476,0.20412972035032528,0.4025411457894811,0.5695836485823832,0.015444673228827383,0.03279813454634018,0.9245573104402203,-1.6775915314009666,-1.0255210405616166,-0.23554009851846266,0.0
1683,0.22807780740788866,-0.06923339907451666,0.7852153718269492,0.12576015759624476,0.20412972035032528,0.4025411457894811,-0.3086357479592415,0.015444673228827383,-0.2912418041904635,-1.141783396970835,0.596092660985773,0.9751140741611305,-0.23554009851846266,0.0
1684,2.1076028545901546,-1.2848452677293336,0.7852153718269492,-1.4825725245512835,-1.194401875621248,0.4025411457894811,1.4478030451240078,-0.34368298104148653,0.03279813454634018,-0.10861304326530741,-1.6775915314009666,-1.0255210405616166,-0.23554009851846266,0.0
1685,-0.6317232205803393,-0.6875505137670367,0.7852153718269492,0.12576015759624476,0.20412972035032528,0.4025411457894811,0.5695836485823832,0.015444673228827383,0.6808780120199476,-1.141783396970835,0.596092660985773,-1.0255210405616166,-0.23554009851846266,0.0
1686,-1.027231693454924,-1.132050792705702,0.7852153718269492,0.12576015759624476,-1.194401875621248,0.4025411457894811,0.5695836485823832,0.015444673228827383,0.03279813454634018,-1.141783396970835,0.596092660985773,-1.0255210405616166,-0.23554009851846266,0.0
1687,0.17305054161664207,-1.5226355748289113,0.7852153718269492,0.12576015759624476,0.20412972035032528,0.4025411457894811,1.4478030451240078,-0.7028106353118004,0.03279813454634018,-0.10861304326530741,0.596092660985773,-1.0255210405616166,-0.23554009851846266,0.0
1688,0.9124794256865181,1.721199985946511,0.7852153718269492,-1.4825725245512835,-1.194401875621248,-2.48421809909334,-1.1868551445008662,-1.4210659438524282,2.3010777057039657,0.9245573104402203,0.596092660985773,0.9751140741611305,-0.23554009851846266,0.0
1689,-0.4253709738631645,0.26223022423390774,0.8408037036517066,0.12576015759624476,0.20412972035032528,0.4025411457894811,-1.1868551445008662,0.37457232749914127,-0.6152817429272672,-1.141783396970835,,0.9751140741611305,-0.23554009851846266,0.0
1690,0.38284199244576966,0.7744617386380273,0.8408037036517066,3.3424255218913017,3.0011929122934715,-2.48421809909334,-2.9432939375841154,-1.7801935981227421,-0.6152817429272672,-1.141783396970835,0.596092660985773,0.9751140741611305,-0.23554009851846266,0.0
1691,-1.4261793704414618,-1.132050792705702,0.8408037036517066,0.12576015759624476,-1.194401875621248,0.4025411457894811,0.5695836485823832,0.015444673228827383,0.03279813454634018,-0.10861304326530741,0.596092660985773,-1.0255210405616166,-0.23554009851846266,0.0
1692,-0.3565868916241063,-1.132050792705702,0.8408037036517066,0.12576015759624476,-1.194401875621248,0.4025411457894811,0.5695836485823832,0.015444673228827383,0.03279813454634018,1.957727664145748,0.596092660985773,-1.0255210405616166,-0.23554009851846266,0.0
1693,-1.5001222588484493,1.721199985946511,0.8408037036517066,-1.4825725245512835,-1.194401875621248,-2.48421809909334,-1.1868551445008662,-1.4210659438524282,2.3010777057039657,-0.10861304326530741,0.596092660985773,0.9751140741611305,-0.23554009851846266,0.0
1694,-0.30499882994481264,1.1915731360422939,0.8408037036517066,1.734092839743773,0.20412972035032528,0.4025411457894811,-0.3086357479592415,2.5293382531210247,-0.2912418041904635,-1.141783396970835,0.596092660985773,-1.0255210405616166,4.245561610485679,0.0
1695,-1.5087202691283317,1.721199985946511,0.8408037036517066,-1.4825725245512835,-1.194401875621248,-2.48421809909334,-1.1868551445008662,-1.4210659438524282,2.3010777057039657,-0.10861304326530741,0.596092660985773,0.9751140741611305,-0.23554009851846266,0.0
1696,0.14381730666504233,0.5394105501434547,0.8408037036517066,0.12576015759624476,0.20412972035032528,0.4025411457894811,0.5695836485823832,0.015444673228827383,0.03279813454634018,-0.10861304326530741,-1.6775915314009666,-1.0255210405616166,-0.23554009851846266,0.0
1697,0.16101332722480688,0.5394105501434547,0.8408037036517066,0.12576015759624476,0.20412972035032528,0.4025411457894811,0.5695836485823832,0.015444673228827383,0.03279813454634018,-0.10861304326530741,-1.6775915314009666,-1.0255210405616166,-0.23554009851846266,0.0
1698,1.0173751511010818,0.5394105501434547,0.8408037036517066,0.12576015759624476,0.20412972035032528,0.4025411457894811,0.5695836485823832,0.015444673228827383,0.03279813454634018,-1.141783396970835,-1.6775915314009666,-1.0255210405616166,-0.23554009851846266,0.0
1699,0.24699343002362967,0.5394105501434547,0.8408037036517066,0.12576015759624476,0.20412972035032528,0.4025411457894811,0.5695836485823832,0.015444673228827383,0.03279813454634018,0.9245573104402203,-1.6775915314009666,-1.0255210405616166,-0.23554009851846266,0.0
1700,0.5032141363641216,-1.5226355748289113,0.8408037036517066,0.12576015759624476,0.20412972035032528,0.4025411457894811,1.4478030451240078,-0.7028106353118004,0.03279813454634018,0.9245573104402203,0.596092660985773,-1.0255210405616166,-0.23554009851846266,0.0
1701,-1.2163879196123342,1.2364398805385552,0.8408037036517066,1.734092839743773,0.20412972035032528,0.4025411457894811,-0.3086357479592415,2.5293382531210247,-0.2912418041904635,-1.141783396970835,0.596092660985773,-1.0255210405616166,4.245561610485679,0.0
1702,2.00786593534352,0.5394105501434547,0.8408037036517066,0.12576015759624476,0.20412972035032528,0.4025411457894811,0.5695836485823832,0.015444673228827383,0.03279813454634018,0.9245573104402203,-1.6775915314009666,-1.0255210405616166,-0.23554009851846266,0.0
1703,-1.4055441457697444,1.721199985946511,0.8408037036517066,-1.4825725245512835,-1.194401875621248,-2.48421809909334,-1.1868551445008662,-1.4210659438524282,2.3010777057039657,-0.10861304326530741,0.596092660985773,0.9751140741611305,-0.23554009851846266,0.0
1704,0.331253930766476,0.5394105501434547,0.8408037036517066,0.12576015759624476,0.20412972035032528,0.4025411457894811,0.5695836485823832,0.015444673228827383,0.03279813454634018,-1.141783396970835,-1.6775915314009666,-1.0255210405616166,-0.23554009851846266,0.0
1705,0.7783504653203545,1.721199985946511,0.8408037036517066,-1.4825725245512835,-1.194401875621248,-2.48421809909334,-1.1868551445008662,-1.4210659438524282,2.3010777057039657,-0.10861304326530741,0.596092660985773,0.9751140741611305,-0.23554009851846266,0.0
1706,-1.4141421560496266,-1.132050792705702,0.8408037036517066,0.12576015759624476,-1.194401875621248,0.4025411457894811,0.5695836485823832,0.015444673228827383,0.03279813454634018,1.957727664145748,0.596092660985773,-1.0255210405616166,-0.23554009851846266,0.0
1707,0.13178009227320714,-1.5226355748289113,0.8408037036517066,0.12576015759624476,0.20412972035032528,0.4025411457894811,1.4478030451240078,-0.7028106353118004,0.03279813454634018,-1.141783396970835,0.596092660985773,-1.0255210405616166,-0.23554009851846266,0.0
1708,1.0259731613809642,0.5394105501434547,0.8408037036517066,0.12576015759624476,0.20412972035032528,0.4025411457894811,0.5695836485823832,0.015444673228827383,0.03279813454634018,-0.10861304326530741,-1.6775915314009666,-1.0255210405616166,-0.23554009851846266,0.0
1709,-0.25684997237747187,0.5394105501434547,0.8408037036517066,0.12576015759624476,0.20412972035032528,0.4025411457894811,0.5695836485823832,0.015444673228827383,0.03279813454634018,0.9245573104402203,-1.6775915314009666,-1.0255210405616166,-0.23554009851846266,0.0
1710,0.43099085001311044,-0.11218352657470886,0.8408037036517066,0.12576015759624476,1.6026613163218986,0.4025411457894811,-0.3086357479592415,1.451955290310083,-1.5874015591376782,-1.141783396970835,,0.9751140741611305,-0.23554009851846266,0.0
1711,-0.5457431177815164,1.2033141157823306,0.8408037036517066,1.734092839743773,0.20412972035032528,0.4025411457894811,-0.3086357479592415,2.5293382531210247,-0.2912418041904635,-1.141783396970835,0.596092660985773,-1.0255210405616166,4.245561610485679,0.0
1712,0.10770566348953675,-0.06923339907451666,0.8408037036517066,0.12576015759624476,0.20412972035032528,0.4025411457894811,-0.3086357479592415,0.015444673228827383,-0.2912418041904635,-1.141783396970835,0.596092660985773,0.9751140741611305,-0.23554009851846266,0.0
1713,-0.2740459929372364,-0.2601561467761394,0.8408037036517066,-1.4825725245512835,3.0011929122934715,-2.48421809909334,-0.3086357479592415,-1.7801935981227421,0.03279813454634018,-1.141783396970835,0.596092660985773,-1.0255210405616166,-0.23554009851846266,0.0
1714,0.3656459718860051,0.5394105501434547,0.8408037036517066,0.12576015759624476,0.20412972035032528,0.4025411457894811,0.5695836485823832,0.015444673228827383,0.03279813454634018,-0.10861304326530741,-1.6775915314009666,-1.0255210405616166,-0.23554009851846266,0.0
1715,-0.9412515906561012,-1.3607461889988168,0.8408037036517066,0.12576015759624476,0.20412972035032528,0.4025411457894811,1.4478030451240078,-1.0619382895821143,0.03279813454634018,-1.141783396970835,0.596092660985773,0.9751140741611305,-0.23554009851846266,0.0
1716,-1.371152104650215,-1.3664521180311011,0.8408037036517066,-1.4825725245512835,-1.194401875621248,0.4025411457894811,1.4478030451240078,-1.4210659438524282,0.03279813454634018,-0.10861304326530741,0.596092660985773,-1.0255210405616166,-0.23554009851846266,0.0
1717,0.6854919542976259,0.5394105501434547,0.8408037036517066,0.12576015759624476,0.20412972035032528,0.4025411457894811,0.5695836485823832,0.015444673228827383,0.03279813454634018,0.9245573104402203,-1.6775915314009666,-1.0255210405616166,-0.23554009851846266,0.0
1718,0.8471345475594128,0.5394105501434547,0.8408037036517066,0.12576015759624476,0.20412972035032528,0.4025411457894811,0.5695836485823832,0.015444673228827383,0.03279813454634018,-0.10861304326530741,-1.6775915314009666,-1.0255210405616166,-0.23554009851846266,0.0
1719,0.4757005034684983,-1.2848452677293336,0.8408037036517066,-1.4825725245512835,-1.194401875621248,0.4025411457894811,1.4478030451240078,-0.34368298104148653,0.03279813454634018,-0.10861304326530741,-1.6775915314009666,-1.0255210405616166,-0.23554009851846266,0.0
1720,0.38284199244576966,0.5394105501434547,0.8408037036517066,0.12576015759624476,0.20412972035032528,0.4025411457894811,0.5695836485823832,0.015444673228827383,0.03279813454634018,-0.10861304326530741,-1.6775915314009666,-1.0255210405616166,-0.23554009851846266,0.0
1721,-1.3302255757179755,-1.132050792705702,0.8408037036517066,0.12576015759624476,-1.194401875621248,0.4025411457894811,0.5695836485823832,0.015444673228827383,0.03279813454634018,1.957727664145748,0.596092660985773,-1.0255210405616166,-0.23554009851846266,0.0
1722,-0.08145056266787337,-0.6875505137670367,0.8408037036517066,0.12576015759624476,0.20412972035032528,0.4025411457894811,0.5695836485823832,0.015444673228827383,0.6808780120199476,-1.141783396970835,0.596092660985773,-1.0255210405616166,-0.23554009851846266,0.0
1723,0.9812635079255763,0.5394105501434547,0.8408037036517066,0.12576015759624476,0.20412972035032528,0.4025411457894811,0.5695836485823832,0.015444673228827383,0.03279813454634018,-0.10861304326530741,-1.6775915314009666,-1.0255210405616166,-0.23554009851846266,0.0
1724,0.7439584242008254,-1.5313323165745925,0.8408037036517066,-1.4825725245512835,0.20412972035032528,0.4025411457894811,1.4478030451240078,-1.4210659438524282,0.03279813454634018,-1.141783396970835,0.596092660985773,0.9751140741611305,-0.23554009851846266,0.0
1725,-0.6661152616998683,-0.6875505137670367,0.8408037036517066,0.12576015759624476,0.20412972035032528,0.4025411457894811,0.5695836485823832,0.015444673228827383,0.6808780120199476,0.9245573104402203,0.596092660985773,-1.0255210405616166,-0.23554009851846266,0.0
1726,-0.5285470972217519,-1.3509625471015747,0.8408037036517066,-1.4825725245512835,0.20412972035032528,0.4025411457894811,1.4478030451240078,-1.0619382895821143,0.03279813454634018,1.957727664145748,0.596092660985773,-1.0255210405616166,-0.23554009851846266,0.0
1727,-0.2362147477057544,-1.3607461889988168,0.8408037036517066,0.12576015759624476,0.20412972035032528,0.4025411457894811,1.4478030451240078,-1.0619382895821143,0.03279813454634018,1.957727664145748,0.596092660985773,0.9751140741611305,-0.23554009851846266,0.0
1728,-0.4683610252625759,-1.5226355748289113,0.8408037036517066,0.12576015759624476,0.20412972035032528,0.4025411457894811,1.4478030451240078,-0.7028106353118004,0.03279813454634018,0.9245573104402203,0.596092660985773,-1.0255210405616166,-0.23554009851846266,0.0
1729,0.4516260746848279,-1.2848452677293336,0.8408037036517066,-1.4825725245512835,-1.194401875621248,0.4025411457894811,1.4478030451240078,-0.34368298104148653,0.03279813454634018,-0.10861304326530741,-1.6775915314009666,-1.0255210405616166,-0.23554009851846266,0.0
1730,-0.3995769430235177,0.7744617386380273,0.8408037036517066,3.3424255218913017,3.0011929122934715,-2.48421809909334,-2.9432939375841154,-1.7801935981227421,-0.6152817429272672,0.9245573104402203,0.596092660985773,0.9751140741611305,-0.23554009851846266,0.0
1731,-0.09864658322763793,-1.132050792705702,0.8408037036517066,0.12576015759624476,-1.194401875621248,0.4025411457894811,0.5695836485823832,0.015444673228827383,0.03279813454634018,1.957727664145748,0.596092660985773,-1.0255210405616166,-0.23554009851846266,0.0
1732,0.12662128610527776,0.5394105501434547,0.8408037036517066,0.12576015759624476,0.20412972035032528,0.4025411457894811,0.5695836485823832,0.015444673228827383,0.03279813454634018,-0.10861304326530741,-1.6775915314009666,-1.0255210405616166,-0.23554009851846266,0.0
1733,0.11802327582539549,0.5394105501434547,0.8963920354764641,0.12576015759624476,0.20412972035032528,0.4025411457894811,0.5695836485823832,0.015444673228827383,0.03279813454634018,-0.10861304326530741,-1.6775915314009666,-1.0255210405616166,-0.23554009851846266,0.0
1734,-0.8380754672975139,-1.3607461889988168,0.8963920354764641,0.12576015759624476,0.20412972035032528,0.4025411457894811,1.4478030451240078,-1.0619382895821143,0.03279813454634018,-1.141783396970835,0.596092660985773,0.9751140741611305,-0.23554009851846266,0.0
1735,0.38284199244576966,0.5394105501434547,0.8963920354764641,0.12576015759624476,0.20412972035032528,0.4025411457894811,0.5695836485823832,0.015444673228827383,0.03279813454634018,-1.141783396970835,-1.6775915314009666,-1.0255210405616166,-0.23554009851846266,0.0
1736,1.3114271026730557,1.721199985946511,0.8963920354764641,-1.4825725245512835,-1.194401875621248,-2.48421809909334,-1.1868551445008662,-1.4210659438524282,2.3010777057039657,1.957727664145748,0.596092660985773,0.9751140741611305,-0.23554009851846266,0.0
1737,0.38284199244576966,0.5394105501434547,0.8963920354764641,0.12576015759624476,0.20412972035032528,0.4025411457894811,0.5695836485823832,0.015444673228827383,0.03279813454634018,-0.10861304326530741,-1.6775915314009666,-1.0255210405616166,-0.23554009851846266,0.0
1738,0.06643521414610182,0.5394105501434547,0.8963920354764641,0.12576015759624476,0.20412972035032528,0.4025411457894811,0.5695836485823832,0.015444673228827383,0.03279813454634018,-1.141783396970835,-1.6775915314009666,-1.0255210405616166,-0.23554009851846266,0.0
1739,0.9468714668060472,0.5394105501434547,0.8963920354764641,0.12576015759624476,0.20412972035032528,0.4025411457894811,0.5695836485823832,0.015444673228827383,0.03279813454634018,-0.10861304326530741,-1.6775915314009666,-1.0255210405616166,-0.23554009851846266,0.0
1740,-1.4399361868892735,-0.06923339907451666,0.8963920354764641,0.12576015759624476,0.20412972035032528,0.4025411457894811,-0.3086357479592415,0.015444673228827383,-0.2912418041904635,-1.141783396970835,0.596092660985773,0.9751140741611305,-0.23554009851846266,0.0
1741,-0.18118748191450781,1.721199985946511,0.8963920354764641,-1.4825725245512835,-1.194401875621248,-2.48421809909334,-1.1868551445008662,-1.4210659438524282,2.3010777057039657,0.9245573104402203,0.596092660985773,0.9751140741611305,-0.23554009851846266,0.0
1742,0.8471345475594128,1.721199985946511,0.8963920354764641,-1.4825725245512835,-1.194401875621248,-2.48421809909334,-1.1868551445008662,-1.4210659438524282,2.3010777057039657,-0.10861304326530741,0.596092660985773,0.9751140741611305,-0.23554009851846266,0.0
1743,1.259839040993762,0.7744617386380273,0.8963920354764641,3.3424255218913017,3.0011929122934715,-2.48421809909334,-2.9432939375841154,-1.7801935981227421,-0.6152817429272672,0.9245573104402203,0.596092660985773,0.9751140741611305,-0.23554009851846266,0.0
1744,-1.1132117962537469,-1.132050792705702,0.8963920354764641,0.12576015759624476,-1.194401875621248,0.4025411457894811,0.5695836485823832,0.015444673228827383,0.03279813454634018,-0.10861304326530741,0.596092660985773,-1.0255210405616166,-0.23554009851846266,0.0
1745,-0.2706067888252835,-1.3607461889988168,0.8963920354764641,0.12576015759624476,0.20412972035032528,0.4025411457894811,1.4478030451240078,-1.0619382895821143,0.03279813454634018,1.957727664145748,0.596092660985773,0.9751140741611305,-0.23554009851846266,0.0
1746,-0.6317232205803393,-1.5226355748289113,0.8963920354764641,0.12576015759624476,0.20412972035032528,0.4025411457894811,1.4478030451240078,-0.7028106353118004,0.03279813454634018,0.9245573104402203,0.596092660985773,-1.0255210405616166,-0.23554009851846266,0.0
1747,-1.1596410517651112,-1.132050792705702,0.8963920354764641,0.12576015759624476,-1.194401875621248,0.4025411457894811,0.5695836485823832,0.015444673228827383,0.03279813454634018,-0.10861304326530741,0.596092660985773,-1.0255210405616166,-0.23554009851846266,0.0
1748,0.05783720386621954,0.5394105501434547,0.8963920354764641,0.12576015759624476,0.20412972035032528,0.4025411457894811,0.5695836485823832,0.015444673228827383,0.03279813454634018,-1.141783396970835,-1.6775915314009666,-1.0255210405616166,-0.23554009851846266,0.0
1749,0.6180835537033488,-1.2848452677293336,0.8963920354764641,-1.4825725245512835,-1.194401875621248,0.4025411457894811,1.4478030451240078,-0.34368298104148653,0.03279813454634018,0.9245573104402203,-1.6775915314009666,-1.0255210405616166,-0.23554009851846266,0.0
1750,0.38284199244576966,0.5394105501434547,0.8963920354764641,0.12576015759624476,0.20412972035032528,0.4025411457894811,0.5695836485823832,0.015444673228827383,0.03279813454634018,0.9245573104402203,-1.6775915314009666,-1.0255210405616166,-0.23554009851846266,0.0
1751,0.2194797971280064,1.721199985946511,0.8963920354764641,-1.4825725245512835,-1.194401875621248,-2.48421809909334,-1.1868551445008662,-1.4210659438524282,2.3010777057039657,0.9245573104402203,0.596092660985773,0.9751140741611305,-0.23554009851846266,0.0
1752,-0.5285470972217519,-0.06923339907451666,0.8963920354764641,0.12576015759624476,0.20412972035032528,0.4025411457894811,-0.3086357479592415,0.015444673228827383,-0.2912418041904635,-1.141783396970835,0.596092660985773,0.9751140741611305,-0.23554009851846266,0.0
1753,-0.7692913850584556,-1.3654186397095023,0.8963920354764641,-1.4825725245512835,-1.194401875621248,0.4025411457894811,1.4478030451240078,-1.4210659438524282,0.03279813454634018,-0.10861304326530741,0.596092660985773,-1.0255210405616166,-0.23554009851846266,0.0
1754,-1.0650629386864061,-1.132050792705702,0.8963920354764641,0.12576015759624476,-1.194401875621248,0.4025411457894811,0.5695836485823832,0.015444673228827383,0.03279813454634018,1.957727664145748,0.596092660985773,-1.0255210405616166,-0.23554009851846266,0.0
1755,-0.9070315097421697,-1.3607461889988168,0.8963920354764641,0.12576015759624476,0.20412972035032528,0.4025411457894811,1.4478030451240078,-1.0619382895821143,0.03279813454634018,-0.10861304326530741,0.596092660985773,0.9751140741611305,-0.23554009851846266,0.0
1756,0.8471345475594128,0.5394105501434547,0.8963920354764641,0.12576015759624476,0.20412972035032528,0.4025411457894811,0.5695836485823832,0.015444673228827383,0.03279813454634018,-0.10861304326530741,-1.6775915314009666,-1.0255210405616166,-0.23554009851846266,0.0
1757,-0.8036834261779848,-0.6875505137670367,0.8963920354764641,0.12576015759624476,0.20412972035032528,0.4025411457894811,0.5695836485823832,0.015444673228827383,0.6808780120199476,0.9245573104402203,0.596092660985773,-1.0255210405616166,-0.23554009851846266,0.0
1758,1.7206923919954522,0.26223022423390774,0.8963920354764641,0.12576015759624476,0.20412972035032528,0.4025411457894811,-1.1868551445008662,0.37457232749914127,-0.6152817429272672,0.9245573104402203,,0.9751140741611305,-0.23554009851846266,0.0
1759,-0.5457431177815164,-1.5226355748289113,0.8963920354764641,0.12576015759624476,0.20412972035032528,0.4025411457894811,1.4478030451240078,-0.7028106353118004,0.03279813454634018,-0.10861304326530741,0.596092660985773,-1.0255210405616166,-0.23554009851846266,0.0
1760,-0.37378291218387083,-1.3607461889988168,0.8963920354764641,0.12576015759624476,0.20412972035032528,0.4025411457894811,1.4478030451240078,-1.0619382895821143,0.03279813454634018,0.9245573104402203,0.596092660985773,0.9751140741611305,-0.23554009851846266,0.0
1761,0.8471345475594128,0.5394105501434547,0.8963920354764641,0.12576015759624476,0.20412972035032528,0.4025411457894811,0.5695836485823832,0.015444673228827383,0.03279813454634018,-0.10861304326530741,-1.6775915314009666,-1.0255210405616166,-0.23554009851846266,0.0
1762,-1.4141421560496266,0.7744617386380273,0.8963920354764641,3.3424255218913017,3.0011929122934715,-2.48421809909334,-2.9432939375841154,-1.7801935981227421,-0.6152817429272672,-0.10861304326530741,0.596092660985773,0.9751140741611305,-0.23554009851846266,0.0
1763,-1.5861023616472723,-0.06923339907451666,0.8963920354764641,0.12576015759624476,0.20412972035032528,0.4025411457894811,-0.3086357479592415,0.015444673228827383,-0.2912418041904635,-0.10861304326530741,0.596092660985773,0.9751140741611305,-0.23554009851846266,0.0
1764,0.486018115804357,0.26223022423390774,0.8963920354764641,0.12576015759624476,0.20412972035032528,0.4025411457894811,-1.1868551445008662,0.37457232749914127,-0.6152817429272672,-0.10861304326530741,,0.9751140741611305,-0.23554009851846266,0.0
1765,0.6854919542976259,0.5394105501434547,0.8963920354764641,0.12576015759624476,0.20412972035032528,0.4025411457894811,0.5695836485823832,0.015444673228827383,0.03279813454634018,-0.10861304326530741,-1.6775915314009666,-1.0255210405616166,-0.23554009851846266,0.0
1766,0.38284199244576966,0.5394105501434547,0.8963920354764641,0.12576015759624476,0.20412972035032528,0.4025411457894811,0.5695836485823832,0.015444673228827383,0.03279813454634018,-0.10861304326530741,-1.6775915314009666,-1.0255210405616166,-0.23554009851846266,0.0
1767,0.38284199244576966,0.5394105501434547,0.8963920354764641,0.12576015759624476,0.20412972035032528,0.4025411457894811,0.5695836485823832,0.015444673228827383,0.03279813454634018,-0.10861304326530741,-1.6775915314009666,-1.0255210405616166,-0.23554009851846266,0.0
1768,-0.9673895419069434,-1.2848452677293336,0.8963920354764641,-1.4825725245512835,-1.194401875621248,0.4025411457894811,1.4478030451240078,-0.34368298104148653,0.03279813454634018,-1.141783396970835,-1.6775915314009666,-1.0255210405616166,-0.23554009851846266,0.0
1769,-0.34283007517629466,1.3184889911870974,0.8963920354764641,3.3424255218913017,0.20412972035032528,0.4025411457894811,-0.3086357479592415,1.451955290310083,-0.9393216816640708,-1.141783396970835,0.596092660985773,-1.0255210405616166,4.245561610485679,0.0
1770,-1.422740166329509,0.7744617386380273,0.8963920354764641,3.3424255218913017,3.0011929122934715,-2.48421809909334,-2.9432939375841154,-1.7801935981227421,-0.6152817429272672,-0.10861304326530741,0.596092660985773,0.9751140741611305,-0.23554009851846266,0.0
1771,0.08707043881781928,-0.06923339907451666,0.8963920354764641,0.12576015759624476,0.20412972035032528,0.4025411457894811,-0.3086357479592415,0.015444673228827383,-0.2912418041904635,-0.10861304326530741,0.596092660985773,0.9751140741611305,-0.23554009851846266,0.0
1772,-0.45135760013308074,0.26223022423390774,0.8963920354764641,0.12576015759624476,0.20412972035032528,0.4025411457894811,-1.1868551445008662,0.37457232749914127,-0.6152817429272672,-0.10861304326530741,,0.9751140741611305,-0.23554009851846266,0.0
1773,-0.15539345107486097,0.5394105501434547,0.8963920354764641,0.12576015759624476,0.20412972035032528,0.4025411457894811,0.5695836485823832,0.015444673228827383,0.03279813454634018,0.9245573104402203,-1.6775915314009666,-1.0255210405616166,-0.23554009851846266,0.0
1774,-1.4743282280088026,1.721199985946511,0.8963920354764641,-1.4825725245512835,-1.194401875621248,-2.48421809909334,-1.1868551445008662,-1.4210659438524282,2.3010777057039657,1.957727664145748,0.596092660985773,0.9751140741611305,-0.23554009851846266,0.0
1775,0.27966586908718233,-1.1780933123090649,0.8963920354764641,0.12576015759624476,-1.194401875621248,0.4025411457894811,0.5695836485823832,-0.34368298104148653,0.3568380732831439,-0.10861304326530741,0.596092660985773,0.9751140741611305,-0.23554009851846266,0.0
1776,-1.1269686127015586,-1.132050792705702,0.8963920354764641,0.12576015759624476,-1.194401875621248,0.4025411457894811,0.5695836485823832,0.015444673228827383,0.03279813454634018,1.957727664145748,0.596092660985773,-1.0255210405616166,-0.23554009851846266,0.0
1777,0.11802327582539549,0.5394105501434547,0.9519803673012215,0.12576015759624476,0.20412972035032528,0.4025411457894811,0.5695836485823832,0.015444673228827383,0.03279813454634018,-0.10861304326530741,-1.6775915314009666,-1.0255210405616166,-0.23554009851846266,0.0
1778,1.4042856136957844,0.5394105501434547,0.9519803673012215,0.12576015759624476,0.20412972035032528,0.4025411457894811,0.5695836485823832,0.015444673228827383,0.03279813454634018,-0.10861304326530741,-1.6775915314009666,-1.0255210405616166,-0.23554009851846266,0.0
1779,0.38284199244576966,0.5394105501434547,0.9519803673012215,0.12576015759624476,0.20412972035032528,0.4025411457894811,0.5695836485823832,0.015444673228827383,0.03279813454634018,-0.10861304326530741,-1.6775915314009666,-1.0255210405616166,-0.23554009851846266,0.0
1780,-0.2740459929372364,0.5394105501434547,0.9519803673012215,0.12576015759624476,0.20412972035032528,0.4025411457894811,0.5695836485823832,0.015444673228827383,0.03279813454634018,0.9245573104402203,-1.6775915314009666,-1.0255210405616166,-0.23554009851846266,0.0
1781,0.12662128610527776,0.5394105501434547,0.9519803673012215,0.12576015759624476,0.20412972035032528,0.4025411457894811,0.5695836485823832,0.015444673228827383,0.03279813454634018,-0.10861304326530741,-1.6775915314009666,-1.0255210405616166,-0.23554009851846266,0.0
1782,-0.562939138341281,0.7744617386380273,0.9519803673012215,3.3424255218913017,3.0011929122934715,-2.48421809909334,-2.9432939375841154,-1.7801935981227421,-0.6152817429272672,-0.10861304326530741,0.596092660985773,0.9751140741611305,-0.23554009851846266,0.0
1783,-1.5345142999679784,-0.06923339907451666,0.9519803673012215,0.12576015759624476,0.20412972035032528,0.4025411457894811,-0.3086357479592415,0.015444673228827383,-0.2912418041904635,-1.141783396970835,0.596092660985773,0.9751140741611305,-0.23554009851846266,0.0
1784,-0.9412515906561012,-1.132050792705702,0.9519803673012215,0.12576015759624476,-1.194401875621248,0.4025411457894811,0.5695836485823832,0.015444673228827383,0.03279813454634018,1.957727664145748,0.596092660985773,-1.0255210405616166,-0.23554009851846266,0.0
1785,-0.13303862434716704,-1.5313323165745925,0.9519803673012215,-1.4825725245512835,0.20412972035032528,0.4025411457894811,1.4478030451240078,-1.4210659438524282,0.03279813454634018,0.9245573104402203,0.596092660985773,0.9751140741611305,-0.23554009851846266,0.0
1786,-0.1502346449069316,-1.3607461889988168,0.9519803673012215,0.12576015759624476,0.20412972035032528,0.4025411457894811,1.4478030451240078,-1.0619382895821143,0.03279813454634018,0.9245573104402203,0.596092660985773,0.9751140741611305,-0.23554009851846266,0.0
1787,-0.6833112822596329,-0.6875505137670367,0.9519803673012215,0.12576015759624476,0.20412972035032528,0.4025411457894811,0.5695836485823832,0.015444673228827383,0.6808780120199476,-1.141783396970835,0.596092660985773,-1.0255210405616166,-0.23554009851846266,0.0
1788,-0.8071226302899377,1.721199985946511,0.9519803673012215,-1.4825725245512835,-1.194401875621248,-2.48421809909334,-1.1868551445008662,-1.4210659438524282,2.3010777057039657,-0.10861304326530741,0.596092660985773,0.9751140741611305,-0.23554009851846266,0.0
1789,-0.8208794467377494,-1.1780933123090649,0.9519803673012215,0.12576015759624476,-1.194401875621248,0.4025411457894811,0.5695836485823832,-0.34368298104148653,0.3568380732831439,-1.141783396970835,0.596092660985773,0.9751140741611305,-0.23554009851846266,0.0
1790,0.486018115804357,-1.5226355748289113,0.9519803673012215,0.12576015759624476,0.20412972035032528,0.4025411457894811,1.4478030451240078,-0.7028106353118004,0.03279813454634018,-0.10861304326530741,0.596092660985773,-1.0255210405616166,-0.23554009851846266,0.0
1791,-1.4399361868892735,0.7744617386380273,0.9519803673012215,3.3424255218913017,3.0011929122934715,-2.48421809909334,-2.9432939375841154,-1.7801935981227421,-0.6152817429272672,-0.10861304326530741,0.596092660985773,0.9751140741611305,-0.23554009851846266,0.0
1792,-1.457132207449038,-1.132050792705702,0.9519803673012215,0.12576015759624476,-1.194401875621248,0.4025411457894811,0.5695836485823832,0.015444673228827383,0.03279813454634018,-0.10861304326530741,0.596092660985773,-1.0255210405616166,-0.23554009851846266,0.0
1793,0.8471345475594128,0.5394105501434547,0.9519803673012215,0.12576015759624476,0.20412972035032528,0.4025411457894811,0.5695836485823832,0.015444673228827383,0.03279813454634018,0.9245573104402203,-1.6775915314009666,-1.0255210405616166,-0.23554009851846266,0.0
1794,1.8616997605855217,0.5394105501434547,0.9519803673012215,0.12576015759624476,0.20412972035032528,0.4025411457894811,0.5695836485823832,0.015444673228827383,0.03279813454634018,-0.10861304326530741,-1.6775915314009666,-1.0255210405616166,-0.23554009851846266,0.0
1795,0.38284199244576966,0.5394105501434547,0.9519803673012215,0.12576015759624476,0.20412972035032528,0.4025411457894811,0.5695836485823832,0.015444673228827383,0.03279813454634018,-0.10861304326530741,-1.6775915314009666,-1.0255210405616166,-0.23554009851846266,0.0
1796,-1.4141421560496266,1.721199985946511,0.9519803673012215,-1.4825725245512835,-1.194401875621248,-2.48421809909334,-1.1868551445008662,-1.4210659438524282,2.3010777057039657,-0.10861304326530741,0.596092660985773,0.9751140741611305,-0.23554009851846266,0.0
1797,-0.6661152616998683,-1.1780933123090649,0.9519803673012215,0.12576015759624476,-1.194401875621248,0.4025411457894811,0.5695836485823832,-0.34368298104148653,0.3568380732831439,0.9245573104402203,0.596092660985773,0.9751140741611305,-0.23554009851846266,0.0
1798,1.9132878222648153,1.1915731360422939,0.9519803673012215,1.734092839743773,0.20412972035032528,0.4025411457894811,-0.3086357479592415,2.5293382531210247,-0.2912418041904635,-1.141783396970835,0.596092660985773,-1.0255210405616166,4.245561610485679,0.0
1799,0.2641894505833942,0.5394105501434547,0.9519803673012215,0.12576015759624476,0.20412972035032528,0.4025411457894811,0.5695836485823832,0.015444673228827383,0.03279813454634018,0.9245573104402203,-1.6775915314009666,-1.0255210405616166,-0.23554009851846266,0.0
1800,2.2329824796955102,-1.2848452677293336,0.9519803673012215,-1.4825725245512835,-1.194401875621248,0.4025411457894811,1.4478030451240078,-0.34368298104148653,0.03279813454634018,-1.141783396970835,-1.6775915314009666,-1.0255210405616166,-0.23554009851846266,0.0
1801,-0.3686241060159415,1.2487918616792375,0.9519803673012215,1.734092839743773,0.20412972035032528,0.4025411457894811,-0.3086357479592415,1.451955290310083,-0.9393216816640708,-1.141783396970835,0.596092660985773,-1.0255210405616166,4.245561610485679,0.0
1802,-0.6833112822596329,-0.06923339907451666,0.9519803673012215,0.12576015759624476,0.20412972035032528,0.4025411457894811,-0.3086357479592415,0.015444673228827383,-0.2912418041904635,-1.141783396970835,0.596092660985773,0.9751140741611305,-0.23554009851846266,0.0
1803,-1.5259162896880962,1.721199985946511,0.9519803673012215,-1.4825725245512835,-1.194401875621248,-2.48421809909334,-1.1868551445008662,-1.4210659438524282,2.3010777057039657,-1.141783396970835,0.596092660985773,0.9751140741611305,-0.23554009851846266,0.0
1804,1.3355015314567262,0.5394105501434547,0.9519803673012215,0.12576015759624476,0.20412972035032528,0.4025411457894811,0.5695836485823832,0.015444673228827383,0.03279813454634018,-1.141783396970835,-1.6775915314009666,-1.0255210405616166,-0.23554009851846266,0.0
1805,-0.4597630149826936,-1.446919516760685,0.9519803673012215,0.12576015759624476,0.20412972035032528,0.4025411457894811,1.4478030451240078,-1.0619382895821143,0.03279813454634018,-1.141783396970835,0.596092660985773,-1.0255210405616166,-0.23554009851846266,0.0
1806,-0.3565868916241063,-1.5226355748289113,0.9519803673012215,0.12576015759624476,0.20412972035032528,0.4025411457894811,1.4478030451240078,-0.7028106353118004,0.03279813454634018,-1.141783396970835,0.596092660985773,-1.0255210405616166,-0.23554009851846266,0.0
1807,0.27966586908718233,-0.06923339907451666,0.9519803673012215,0.12576015759624476,0.20412972035032528,0.4025411457894811,-0.3086357479592415,0.015444673228827383,-0.2912418041904635,-1.141783396970835,0.596092660985773,0.9751140741611305,-0.23554009851846266,0.0
1808,-0.7005073028193974,1.721199985946511,0.9519803673012215,-1.4825725245512835,-1.194401875621248,-2.48421809909334,-1.1868551445008662,-1.4210659438524282,2.3010777057039657,-1.141783396970835,0.596092660985773,0.9751140741611305,-0.23554009851846266,0.0
1809,-1.5603083308076253,-1.3664521180311011,0.9519803673012215,-1.4825725245512835,-1.194401875621248,0.4025411457894811,1.4478030451240078,-1.4210659438524282,0.03279813454634018,-0.10861304326530741,0.596092660985773,-1.0255210405616166,-0.23554009851846266,0.0
1810,0.056117601810243084,-0.06923339907451666,0.9519803673012215,0.12576015759624476,0.20412972035032528,0.4025411457894811,-0.3086357479592415,0.015444673228827383,-0.2912418041904635,0.9245573104402203,0.596092660985773,0.9751140741611305,-0.23554009851846266,0.0
1811,-1.637690423326566,1.2099810655506498,0.9519803673012215,1.734092839743773,0.20412972035032528,0.4025411457894811,-0.3086357479592415,1.8110829445803969,-0.6152817429272672,-1.141783396970835,0.596092660985773,-1.0255210405616166,4.245561610485679,0.0
1812,0.8471345475594128,0.5394105501434547,0.9519803673012215,0.12576015759624476,0.20412972035032528,0.4025411457894811,0.5695836485823832,0.015444673228827383,0.03279813454634018,0.9245573104402203,-1.6775915314009666,-1.0255210405616166,-0.23554009851846266,0.0
1813,0.1334996943291836,1.721199985946511,0.9519803673012215,-1.4825725245512835,-1.194401875621248,-2.48421809909334,-1.1868551445008662,-1.4210659438524282,2.3010777057039657,-1.141783396970835,0.596092660985773,0.9751140741611305,-0.23554009851846266,0.0
1814,-0.19580409939030768,1.721199985946511,0.9519803673012215,-1.4825725245512835,-1.194401875621248,-2.48421809909334,-1.1868551445008662,-1.4210659438524282,2.3010777057039657,0.9245573104402203,0.596092660985773,0.9751140741611305,-0.23554009851846266,0.0
1815,-0.3084380340567655,-0.5584973843833374,0.9519803673012215,0.12576015759624476,0.20412972035032528,0.4025411457894811,-0.3086357479592415,0.015444673228827383,0.03279813454634018,-1.141783396970835,0.596092660985773,-1.0255210405616166,-0.23554009851846266,0.0
1816,0.38284199244576966,0.5394105501434547,0.9519803673012215,0.12576015759624476,0.20412972035032528,0.4025411457894811,0.5695836485823832,0.015444673228827383,0.03279813454634018,-0.10861304326530741,-1.6775915314009666,-1.0255210405616166,-0.23554009851846266,0.0
1817,-1.1304078168135114,-1.1780933123090649,0.9519803673012215,0.12576015759624476,-1.194401875621248,0.4025411457894811,0.5695836485823832,-0.34368298104148653,0.3568380732831439,-1.141783396970835,0.596092660985773,0.9751140741611305,-0.23554009851846266,0.0
1818,2.1712281306612837,0.5394105501434547,0.9519803673012215,0.12576015759624476,0.20412972035032528,0.4025411457894811,0.5695836485823832,0.015444673228827383,0.03279813454634018,-0.10861304326530741,-1.6775915314009666,-1.0255210405616166,-0.23554009851846266,0.0
1819,2.859068953051866,0.5394105501434547,0.9519803673012215,0.12576015759624476,0.20412972035032528,0.4025411457894811,0.5695836485823832,0.015444673228827383,0.03279813454634018,0.9245573104402203,-1.6775915314009666,-1.0255210405616166,-0.23554009851846266,0.0
1820,0.8471345475594128,0.5394105501434547,0.9519803673012215,0.12576015759624476,0.20412972035032528,0.4025411457894811,0.5695836485823832,0.015444673228827383,0.03279813454634018,0.9245573104402203,-1.6775915314009666,-1.0255210405616166,-0.23554009851846266,0.0
1821,-0.11584260378740249,1.721199985946511,0.9519803673012215,-1.4825725245512835,-1.194401875621248,-2.48421809909334,-1.1868551445008662,-1.4210659438524282,2.3010777057039657,-0.10861304326530741,0.596092660985773,0.9751140741611305,-0.23554009851846266,0.0
1822,-1.181995878492805,-1.132050792705702,0.9519803673012215,0.12576015759624476,-1.194401875621248,0.4025411457894811,0.5695836485823832,0.015444673228827383,0.03279813454634018,-0.10861304326530741,0.596092660985773,-1.0255210405616166,-0.23554009851846266,0.0
1823,0.8471345475594128,0.5394105501434547,0.9519803673012215,0.12576015759624476,0.20412972035032528,0.4025411457894811,0.5695836485823832,0.015444673228827383,0.03279813454634018,0.9245573104402203,-1.6775915314009666,-1.0255210405616166,-0.23554009851846266,0.0
1824,-1.396946135489862,1.1915731360422939,0.9519803673012215,1.734092839743773,0.20412972035032528,0.4025411457894811,-0.3086357479592415,2.5293382531210247,-0.2912418041904635,-1.141783396970835,0.596092660985773,-1.0255210405616166,4.245561610485679,0.0
1825,1.9218858325446975,0.5394105501434547,1.007568699125979,0.12576015759624476,0.20412972035032528,0.4025411457894811,0.5695836485823832,0.015444673228827383,0.03279813454634018,-0.10861304326530741,-1.6775915314009666,-1.0255210405616166,-0.23554009851846266,0.0
1826,0.3226559204865937,0.7744617386380273,1.007568699125979,3.3424255218913017,3.0011929122934715,-2.48421809909334,-2.9432939375841154,-1.7801935981227421,-0.6152817429272672,-0.10861304326530741,0.596092660985773,0.9751140741611305,-0.23554009851846266,0.0
1827,1.8702977708654038,0.5394105501434547,1.007568699125979,0.12576015759624476,0.20412972035032528,0.4025411457894811,0.5695836485823832,0.015444673228827383,0.03279813454634018,-0.10861304326530741,-1.6775915314009666,-1.0255210405616166,-0.23554009851846266,0.0
1828,-1.4708890238968495,1.721199985946511,1.007568699125979,-1.4825725245512835,-1.194401875621248,-2.48421809909334,-1.1868551445008662,-1.4210659438524282,2.3010777057039657,-1.141783396970835,0.596092660985773,0.9751140741611305,-0.23554009851846266,0.0
1829,1.4661912877109369,-1.2926672693987578,1.007568699125979,-1.4825725245512835,-1.194401875621248,0.4025411457894811,1.4478030451240078,-0.7028106353118004,0.03279813454634018,-0.10861304326530741,0.596092660985773,-1.0255210405616166,-0.23554009851846266,0.0
1830,0.21260138890410055,0.5394105501434547,1.007568699125979,0.12576015759624476,0.20412972035032528,0.4025411457894811,0.5695836485823832,0.015444673228827383,0.03279813454634018,-0.10861304326530741,-1.6775915314009666,-1.0255210405616166,-0.23554009851846266,0.0
1831,-0.5543411280613987,0.7744617386380273,1.007568699125979,3.3424255218913017,3.0011929122934715,-2.48421809909334,-2.9432939375841154,-1.7801935981227421,-0.6152817429272672,0.9245573104402203,0.596092660985773,0.9751140741611305,-0.23554009851846266,0.0
1832,2.3707019691545526,0.5394105501434547,1.007568699125979,0.12576015759624476,0.20412972035032528,0.4025411457894811,0.5695836485823832,0.015444673228827383,0.03279813454634018,-0.10861304326530741,-1.6775915314009666,-1.0255210405616166,-0.23554009851846266,0.0
1833,-0.13647782845911996,1.721199985946511,1.007568699125979,-1.4825725245512835,-1.194401875621248,-2.48421809909334,-1.1868551445008662,-1.4210659438524282,2.3010777057039657,0.9245573104402203,0.596092660985773,0.9751140741611305,-0.23554009851846266,0.0
1834,-0.2002956999605182,-1.1780933123090649,1.007568699125979,0.12576015759624476,-1.194401875621248,0.4025411457894811,0.5695836485823832,-0.34368298104148653,0.3568380732831439,-1.141783396970835,0.596092660985773,0.9751140741611305,-0.23554009851846266,0.0
1835,-0.18462668602646073,-1.132050792705702,1.007568699125979,0.12576015759624476,-1.194401875621248,0.4025411457894811,0.5695836485823832,0.015444673228827383,0.03279813454634018,-0.10861304326530741,0.596092660985773,-1.0255210405616166,-0.23554009851846266,0.0
1836,0.038921581250478524,1.721199985946511,1.007568699125979,-1.4825725245512835,-1.194401875621248,-2.48421809909334,-1.1868551445008662,-1.4210659438524282,2.3010777057039657,1.957727664145748,0.596092660985773,0.9751140741611305,-0.23554009851846266,0.0
1837,0.16101332722480688,0.5394105501434547,1.007568699125979,0.12576015759624476,0.20412972035032528,0.4025411457894811,0.5695836485823832,0.015444673228827383,0.03279813454634018,-0.10861304326530741,-1.6775915314009666,-1.0255210405616166,-0.23554009851846266,0.0
1838,-0.34283007517629466,1.4295632370123177,1.007568699125979,3.3424255218913017,0.20412972035032528,0.4025411457894811,-0.3086357479592415,2.1702105988507108,-0.9393216816640708,-1.141783396970835,0.596092660985773,-1.0255210405616166,4.245561610485679,0.0
1839,-0.37378291218387083,-1.132050792705702,1.007568699125979,0.12576015759624476,-1.194401875621248,0.4025411457894811,0.5695836485823832,0.015444673228827383,0.03279813454634018,-0.10861304326530741,0.596092660985773,-1.0255210405616166,-0.23554009851846266,0.0
1840,0.05783720386621954,0.5394105501434547,1.007568699125979,0.12576015759624476,0.20412972035032528,0.4025411457894811,0.5695836485823832,0.015444673228827383,0.03279813454634018,-1.141783396970835,-1.6775915314009666,-1.0255210405616166,-0.23554009851846266,0.0
1841,0.10770566348953675,-1.3607461889988168,1.007568699125979,0.12576015759624476,0.20412972035032528,0.4025411457894811,1.4478030451240078,-1.0619382895821143,0.03279813454634018,-1.141783396970835,0.596092660985773,0.9751140741611305,-0.23554009851846266,0.0
1842,1.5693674110695242,-1.132050792705702,1.007568699125979,0.12576015759624476,-1.194401875621248,0.4025411457894811,0.5695836485823832,0.015444673228827383,0.03279813454634018,0.9245573104402203,0.596092660985773,-1.0255210405616166,-0.23554009851846266,0.0
1843,0.28138547114315876,0.5394105501434547,1.007568699125979,0.12576015759624476,0.20412972035032528,0.4025411457894811,0.5695836485823832,0.015444673228827383,0.03279813454634018,0.9245573104402203,-1.6775915314009666,-1.0255210405616166,-0.23554009851846266,0.0
1844,0.021725560690713967,-0.12459671560777764,1.007568699125979,0.12576015759624476,0.20412972035032528,0.4025411457894811,-1.1868551445008662,0.37457232749914127,0.03279813454634018,0.9245573104402203,0.596092660985773,0.9751140741611305,-0.23554009851846266,0.0
1845,-0.6661152616998683,1.721199985946511,1.007568699125979,-1.4825725245512835,-1.194401875621248,-2.48421809909334,-1.1868551445008662,-1.4210659438524282,2.3010777057039657,-1.141783396970835,0.596092660985773,0.9751140741611305,-0.23554009851846266,0.0
1846,-0.6317232205803393,0.7744617386380273,1.007568699125979,3.3424255218913017,3.0011929122934715,-2.48421809909334,-2.9432939375841154,-1.7801935981227421,-0.6152817429272672,0.9245573104402203,0.596092660985773,0.9751140741611305,-0.23554009851846266,0.0
1847,-0.20182270658622528,-1.3607461889988168,1.007568699125979,0.12576015759624476,0.20412972035032528,0.4025411457894811,1.4478030451240078,-1.0619382895821143,0.03279813454634018,0.9245573104402203,0.596092660985773,0.9751140741611305,-0.23554009851846266,0.0
1848,-0.3221948505045772,1.1915731360422939,1.007568699125979,1.734092839743773,0.20412972035032528,0.4025411457894811,-0.3086357479592415,2.5293382531210247,-0.2912418041904635,-1.141783396970835,0.596092660985773,-1.0255210405616166,4.245561610485679,0.0
1849,0.14381730666504233,0.5394105501434547,1.007568699125979,0.12576015759624476,0.20412972035032528,0.4025411457894811,0.5695836485823832,0.015444673228827383,0.03279813454634018,-0.10861304326530741,-1.6775915314009666,-1.0255210405616166,-0.23554009851846266,0.0
1850,-1.4261793704414618,-1.132050792705702,1.007568699125979,0.12576015759624476,-1.194401875621248,0.4025411457894811,0.5695836485823832,0.015444673228827383,0.03279813454634018,1.957727664145748,0.596092660985773,-1.0255210405616166,-0.23554009851846266,0.0
1851,0.3656459718860051,1.2487918616792375,1.007568699125979,1.734092839743773,0.20412972035032528,0.4025411457894811,-0.3086357479592415,1.451955290310083,-0.9393216816640708,-1.141783396970835,0.596092660985773,-1.0255210405616166,4.245561610485679,0.0
1852,0.4516260746848279,1.721199985946511,1.007568699125979,-1.4825725245512835,-1.194401875621248,-2.48421809909334,-1.1868551445008662,-1.4210659438524282,2.3010777057039657,-0.10861304326530741,0.596092660985773,0.9751140741611305,-0.23554009851846266,0.0
1853,-0.9240555700963367,1.721199985946511,1.007568699125979,-1.4825725245512835,-1.194401875621248,-2.48421809909334,-1.1868551445008662,-1.4210659438524282,2.3010777057039657,-0.10861304326530741,0.596092660985773,0.9751140741611305,-0.23554009851846266,0.0
1854,0.38284199244576966,0.5394105501434547,1.007568699125979,0.12576015759624476,0.20412972035032528,0.4025411457894811,0.5695836485823832,0.015444673228827383,0.03279813454634018,0.9245573104402203,-1.6775915314009666,-1.0255210405616166,-0.23554009851846266,0.0
1855,-0.8896635289768076,-1.3509625471015747,1.007568699125979,-1.4825725245512835,0.20412972035032528,0.4025411457894811,1.4478030451240078,-1.0619382895821143,0.03279813454634018,-1.141783396970835,0.596092660985773,-1.0255210405616166,-0.23554009851846266,0.0
1856,0.38284199244576966,0.5394105501434547,1.007568699125979,0.12576015759624476,0.20412972035032528,0.4025411457894811,0.5695836485823832,0.015444673228827383,0.03279813454634018,0.9245573104402203,-1.6775915314009666,-1.0255210405616166,-0.23554009851846266,0.0
1857,1.1738589381949394,0.7744617386380273,1.007568699125979,3.3424255218913017,3.0011929122934715,-2.48421809909334,-2.9432939375841154,-1.7801935981227421,-0.6152817429272672,-0.10861304326530741,0.596092660985773,0.9751140741611305,-0.23554009851846266,0.0
1858,-0.28780280938504804,-1.1780933123090649,1.007568699125979,0.12576015759624476,-1.194401875621248,0.4025411457894811,0.5695836485823832,-0.34368298104148653,0.3568380732831439,-1.141783396970835,0.596092660985773,0.9751140741611305,-0.23554009851846266,0.0
1859,-0.4081749533034,-1.132050792705702,1.007568699125979,0.12576015759624476,-1.194401875621248,0.4025411457894811,0.5695836485823832,0.015444673228827383,0.03279813454634018,-1.141783396970835,0.596092660985773,-1.0255210405616166,-0.23554009851846266,0.0
1860,0.6854919542976259,0.5394105501434547,1.007568699125979,0.12576015759624476,0.20412972035032528,0.4025411457894811,0.5695836485823832,0.015444673228827383,0.03279813454634018,0.9245573104402203,-1.6775915314009666,-1.0255210405616166,-0.23554009851846266,0.0
1861,-0.9412515906561012,1.721199985946511,1.007568699125979,-1.4825725245512835,-1.194401875621248,-2.48421809909334,-1.1868551445008662,-1.4210659438524282,2.3010777057039657,-1.141783396970835,0.596092660985773,0.9751140741611305,-0.23554009851846266,0.0
1862,1.1033552538999045,0.5394105501434547,1.007568699125979,0.12576015759624476,0.20412972035032528,0.4025411457894811,0.5695836485823832,0.015444673228827383,0.03279813454634018,0.9245573104402203,-1.6775915314009666,-1.0255210405616166,-0.23554009851846266,0.0
1863,-0.3823809224637531,1.721199985946511,1.007568699125979,-1.4825725245512835,-1.194401875621248,-2.48421809909334,-1.1868551445008662,-1.4210659438524282,2.3010777057039657,0.9245573104402203,0.596092660985773,0.9751140741611305,-0.23554009851846266,0.0
1864,0.6854919542976259,0.5394105501434547,1.007568699125979,0.12576015759624476,0.20412972035032528,0.4025411457894811,0.5695836485823832,0.015444673228827383,0.03279813454634018,0.9245573104402203,-1.6775915314009666,-1.0255210405616166,-0.23554009851846266,0.0
1865,-1.3797501149300975,-1.3664521180311011,1.007568699125979,-1.4825725245512835,-1.194401875621248,0.4025411457894811,1.4478030451240078,-1.4210659438524282,0.03279813454634018,-0.10861304326530741,0.596092660985773,-1.0255210405616166,-0.23554009851846266,0.0
1866,-0.15195424696290807,0.5394105501434547,1.007568699125979,0.12576015759624476,0.20412972035032528,0.4025411457894811,0.5695836485823832,0.015444673228827383,0.03279813454634018,0.9245573104402203,-1.6775915314009666,-1.0255210405616166,-0.23554009851846266,0.0
1867,0.9640674873658117,0.5394105501434547,1.0631570309507363,0.12576015759624476,0.20412972035032528,0.4025411457894811,0.5695836485823832,0.015444673228827383,0.03279813454634018,0.9245573104402203,-1.6775915314009666,-1.0255210405616166,-0.23554009851846266,0.0
1868,-1.371152104650215,0.7744617386380273,1.0631570309507363,3.3424255218913017,3.0011929122934715,-2.48421809909334,-2.9432939375841154,-1.7801935981227421,-0.6152817429272672,-0.10861304326530741,0.596092660985773,0.9751140741611305,-0.23554009851846266,0.0
1869,1.08615923334014,0.5394105501434547,1.0631570309507363,0.12576015759624476,0.20412972035032528,0.4025411457894811,0.5695836485823832,0.015444673228827383,0.03279813454634018,-0.10861304326530741,-1.6775915314009666,-1.0255210405616166,-0.23554009851846266,0.0
1870,0.9296754462462826,0.5394105501434547,1.0631570309507363,0.12576015759624476,0.20412972035032528,0.4025411457894811,0.5695836485823832,0.015444673228827383,0.03279813454634018,0.9245573104402203,-1.6775915314009666,-1.0255210405616166,-0.23554009851846266,0.0
1871,0.38284199244576966,0.5394105501434547,1.0631570309507363,0.12576015759624476,0.20412972035032528,0.4025411457894811,0.5695836485823832,0.015444673228827383,0.03279813454634018,0.9245573104402203,-1.6775915314009666,-1.0255210405616166,-0.23554009851846266,0.0
1872,-1.0599041325184766,0.26223022423390774,1.0631570309507363,0.12576015759624476,0.20412972035032528,0.4025411457894811,-1.1868551445008662,0.37457232749914127,-0.6152817429272672,-1.141783396970835,-1.6775915314009666,0.9751140741611305,-0.23554009851846266,0.0
1873,-0.9859612441114891,0.26223022423390774,1.0631570309507363,0.12576015759624476,0.20412972035032528,0.4025411457894811,-1.1868551445008662,0.37457232749914127,-0.6152817429272672,0.9245573104402203,-1.6775915314009666,0.9751140741611305,-0.23554009851846266,0.0
1874,-0.9911200502794184,0.26223022423390774,1.0631570309507363,0.12576015759624476,0.20412972035032528,0.4025411457894811,-1.1868551445008662,0.37457232749914127,-0.6152817429272672,0.9245573104402203,-1.6775915314009666,0.9751140741611305,-0.23554009851846266,0.0
1875,0.8815265886789418,-1.3607461889988168,1.0631570309507363,0.12576015759624476,0.20412972035032528,0.4025411457894811,1.4478030451240078,-1.0619382895821143,0.03279813454634018,-1.141783396970835,0.596092660985773,0.9751140741611305,-0.23554009851846266,0.0
1876,-0.6145272000205747,-1.5226355748289113,1.0631570309507363,0.12576015759624476,0.20412972035032528,0.4025411457894811,1.4478030451240078,-0.7028106353118004,0.03279813454634018,-0.10861304326530741,0.596092660985773,-1.0255210405616166,-0.23554009851846266,0.0
1877,0.021725560690713967,-1.1780933123090649,1.0631570309507363,0.12576015759624476,-1.194401875621248,0.4025411457894811,0.5695836485823832,-0.34368298104148653,0.3568380732831439,-1.141783396970835,0.596092660985773,0.9751140741611305,-0.23554009851846266,0.0
1878,-0.37378291218387083,-1.5226355748289113,1.0631570309507363,0.12576015759624476,0.20412972035032528,0.4025411457894811,1.4478030451240078,-0.7028106353118004,0.03279813454634018,-0.10861304326530741,0.596092660985773,-1.0255210405616166,-0.23554009851846266,0.0
1879,-0.41677296358328225,1.721199985946511,1.0631570309507363,-1.4825725245512835,-1.194401875621248,-2.48421809909334,-1.1868551445008662,-1.4210659438524282,2.3010777057039657,-1.141783396970835,0.596092660985773,0.9751140741611305,-0.23554009851846266,0.0
1880,0.8471345475594128,0.5394105501434547,1.0631570309507363,0.12576015759624476,0.20412972035032528,0.4025411457894811,0.5695836485823832,0.015444673228827383,0.03279813454634018,0.9245573104402203,-1.6775915314009666,-1.0255210405616166,-0.23554009851846266,0.0
1881,-0.6523584452520567,-0.06923339907451666,1.0631570309507363,0.12576015759624476,0.20412972035032528,0.4025411457894811,-0.3086357479592415,0.015444673228827383,-0.2912418041904635,0.9245573104402203,0.596092660985773,0.9751140741611305,-0.23554009851846266,0.0
1882,-0.3565868916241063,-1.132050792705702,1.0631570309507363,0.12576015759624476,-1.194401875621248,0.4025411457894811,0.5695836485823832,0.015444673228827383,0.03279813454634018,-1.141783396970835,0.596092660985773,-1.0255210405616166,-0.23554009851846266,0.0
1883,-1.422740166329509,0.7744617386380273,1.0631570309507363,3.3424255218913017,3.0011929122934715,-2.48421809909334,-2.9432939375841154,-1.7801935981227421,-0.6152817429272672,0.9245573104402203,0.596092660985773,0.9751140741611305,-0.23554009851846266,0.0
1884,0.8471345475594128,0.5394105501434547,1.0631570309507363,0.12576015759624476,0.20412972035032528,0.4025411457894811,0.5695836485823832,0.015444673228827383,0.03279813454634018,-0.10861304326530741,-1.6775915314009666,-1.0255210405616166,-0.23554009851846266,0.0
1885,-0.8638694981371607,1.721199985946511,1.0631570309507363,-1.4825725245512835,-1.194401875621248,-2.48421809909334,-1.1868551445008662,-1.4210659438524282,2.3010777057039657,-1.141783396970835,0.596092660985773,0.9751140741611305,-0.23554009851846266,0.0
1886,0.38284199244576966,0.5394105501434547,1.0631570309507363,0.12576015759624476,0.20412972035032528,0.4025411457894811,0.5695836485823832,0.015444673228827383,0.03279813454634018,0.9245573104402203,-1.6775915314009666,-1.0255210405616166,-0.23554009851846266,0.0
1887,0.5032141363641216,-0.12459671560777764,1.0631570309507363,0.12576015759624476,0.20412972035032528,0.4025411457894811,-1.1868551445008662,0.37457232749914127,0.03279813454634018,-1.141783396970835,0.596092660985773,0.9751140741611305,-0.23554009851846266,0.0
1888,0.331253930766476,0.7744617386380273,1.0631570309507363,3.3424255218913017,3.0011929122934715,-2.48421809909334,-2.9432939375841154,-1.7801935981227421,-0.6152817429272672,-0.10861304326530741,0.596092660985773,0.9751140741611305,-0.23554009851846266,0.0
1889,-1.4433753910012264,1.721199985946511,1.0631570309507363,-1.4825725245512835,-1.194401875621248,-2.48421809909334,-1.1868551445008662,-1.4210659438524282,2.3010777057039657,-0.10861304326530741,0.596092660985773,0.9751140741611305,-0.23554009851846266,0.0
1890,0.38284199244576966,0.5394105501434547,1.0631570309507363,0.12576015759624476,0.20412972035032528,0.4025411457894811,0.5695836485823832,0.015444673228827383,0.03279813454634018,0.9245573104402203,-1.6775915314009666,-1.0255210405616166,-0.23554009851846266,0.0
1891,-0.7864874056182203,-1.287887575170266,1.0631570309507363,-1.4825725245512835,-1.194401875621248,0.4025411457894811,1.4478030451240078,-0.7028106353118004,0.03279813454634018,-1.141783396970835,0.596092660985773,-1.0255210405616166,-0.23554009851846266,0.0
1892,0.6063902597227089,-1.132050792705702,1.0631570309507363,0.12576015759624476,-1.194401875621248,0.4025411457894811,0.5695836485823832,0.015444673228827383,0.03279813454634018,1.957727664145748,0.596092660985773,-1.0255210405616166,-0.23554009851846266,0.0
1893,-1.4743282280088026,-1.132050792705702,1.0631570309507363,0.12576015759624476,-1.194401875621248,0.4025411457894811,0.5695836485823832,0.015444673228827383,0.03279813454634018,-0.10861304326530741,0.596092660985773,-1.0255210405616166,-0.23554009851846266,0.0
1894,0.8471345475594128,0.5394105501434547,1.0631570309507363,0.12576015759624476,0.20412972035032528,0.4025411457894811,0.5695836485823832,0.015444673228827383,0.03279813454634018,0.9245573104402203,-1.6775915314009666,-1.0255210405616166,-0.23554009851846266,0.0
1895,-0.5457431177815164,-1.5313323165745925,1.0631570309507363,-1.4825725245512835,0.20412972035032528,0.4025411457894811,1.4478030451240078,-1.4210659438524282,0.03279813454634018,0.9245573104402203,0.596092660985773,0.9751140741611305,-0.23554009851846266,0.0
1896,1.4125397035644713,-0.12459671560777764,1.0631570309507363,0.12576015759624476,0.20412972035032528,0.4025411457894811,-1.1868551445008662,0.37457232749914127,0.03279813454634018,0.9245573104402203,0.596092660985773,0.9751140741611305,-0.23554009851846266,0.0
1897,0.021725560690713967,1.2033141157823306,1.0631570309507363,1.734092839743773,0.20412972035032528,0.4025411457894811,-0.3086357479592415,2.5293382531210247,-0.2912418041904635,-1.141783396970835,0.596092660985773,-1.0255210405616166,4.245561610485679,0.0
1898,-0.3221948505045772,-1.132050792705702,1.0631570309507363,0.12576015759624476,-1.194401875621248,0.4025411457894811,0.5695836485823832,0.015444673228827383,0.03279813454634018,-1.141783396970835,0.596092660985773,-1.0255210405616166,-0.23554009851846266,0.0
1899,-0.6523584452520567,0.5394105501434547,1.0631570309507363,0.12576015759624476,0.20412972035032528,0.4025411457894811,0.5695836485823832,0.015444673228827383,0.03279813454634018,0.9245573104402203,-1.6775915314009666,-1.0255210405616166,-0.23554009851846266,0.0
1900,0.9485910688620236,0.5394105501434547,1.0631570309507363,0.12576015759624476,0.20412972035032528,0.4025411457894811,0.5695836485823832,0.015444673228827383,0.03279813454634018,-1.141783396970835,-1.6775915314009666,-1.0255210405616166,-0.23554009851846266,0.0
1901,-0.31703604433664784,0.5394105501434547,1.0631570309507363,0.12576015759624476,0.20412972035032528,0.4025411457894811,0.5695836485823832,0.015444673228827383,0.03279813454634018,-1.141783396970835,-1.6775915314009666,-1.0255210405616166,-0.23554009851846266,0.0
1902,0.2659090526393707,0.5394105501434547,1.0631570309507363,0.12576015759624476,0.20412972035032528,0.4025411457894811,0.5695836485823832,0.015444673228827383,0.03279813454634018,-1.141783396970835,-1.6775915314009666,-1.0255210405616166,-0.23554009851846266,0.0
1903,-0.49415505610222277,-1.5226355748289113,1.0631570309507363,0.12576015759624476,0.20412972035032528,0.4025411457894811,1.4478030451240078,-0.7028106353118004,0.03279813454634018,-0.10861304326530741,0.596092660985773,-1.0255210405616166,-0.23554009851846266,0.0
1904,-0.8380754672975139,-0.6875505137670367,1.0631570309507363,0.12576015759624476,0.20412972035032528,0.4025411457894811,0.5695836485823832,0.015444673228827383,0.6808780120199476,0.9245573104402203,0.596092660985773,-1.0255210405616166,-0.23554009851846266,0.0
1905,0.5376061774836507,-1.5313323165745925,1.0631570309507363,-1.4825725245512835,0.20412972035032528,0.4025411457894811,1.4478030451240078,-1.4210659438524282,0.03279813454634018,-0.10861304326530741,0.596092660985773,0.9751140741611305,-0.23554009851846266,0.0
1906,0.5857550350509915,0.5394105501434547,1.0631570309507363,0.12576015759624476,0.20412972035032528,0.4025411457894811,0.5695836485823832,0.015444673228827383,0.03279813454634018,-1.141783396970835,-1.6775915314009666,-1.0255210405616166,-0.23554009851846266,0.0
1907,-0.3497084834002005,0.5394105501434547,1.0631570309507363,0.12576015759624476,0.20412972035032528,0.4025411457894811,0.5695836485823832,0.015444673228827383,0.03279813454634018,-1.141783396970835,-1.6775915314009666,-1.0255210405616166,-0.23554009851846266,0.0
1908,0.001090336018996498,1.721199985946511,1.0631570309507363,-1.4825725245512835,-1.194401875621248,-2.48421809909334,-1.1868551445008662,-1.4210659438524282,2.3010777057039657,0.9245573104402203,0.596092660985773,0.9751140741611305,-0.23554009851846266,0.0
1909,0.4000380130055342,-0.23352145232296595,1.0631570309507363,0.12576015759624476,0.20412972035032528,0.4025411457894811,-0.3086357479592415,0.7336999817694552,-0.2912418041904635,-1.141783396970835,0.596092660985773,-1.0255210405616166,-0.23554009851846266,0.0
1910,-0.623125210300457,-1.1780933123090649,1.0631570309507363,0.12576015759624476,-1.194401875621248,0.4025411457894811,0.5695836485823832,-0.34368298104148653,0.3568380732831439,-1.141783396970835,0.596092660985773,0.9751140741611305,-0.23554009851846266,0.0
1911,-0.30499882994481264,0.5394105501434547,1.0631570309507363,0.12576015759624476,0.20412972035032528,0.4025411457894811,0.5695836485823832,0.015444673228827383,0.03279813454634018,0.9245573104402203,-1.6775915314009666,-1.0255210405616166,-0.23554009851846266,0.0
1912,-0.8036834261779848,-1.1780933123090649,1.0631570309507363,0.12576015759624476,-1.194401875621248,0.4025411457894811,0.5695836485823832,-0.34368298104148653,0.3568380732831439,-0.10861304326530741,0.596092660985773,0.9751140741611305,-0.23554009851846266,0.0
1913,0.19368576628835954,-0.06923339907451666,1.0631570309507363,0.12576015759624476,0.20412972035032528,0.4025411457894811,-0.3086357479592415,0.015444673228827383,-0.2912418041904635,-0.10861304326530741,0.596092660985773,0.9751140741611305,-0.23554009851846266,0.0
1914,0.8093033023279307,0.5394105501434547,1.0631570309507363,0.12576015759624476,0.20412972035032528,0.4025411457894811,0.5695836485823832,0.015444673228827383,0.03279813454634018,-0.10861304326530741,-1.6775915314009666,-1.0255210405616166,-0.23554009851846266,0.0
1915,-0.5749763527331162,0.5394105501434547,1.0631570309507363,0.12576015759624476,0.20412972035032528,0.4025411457894811,0.5695836485823832,0.015444673228827383,0.03279813454634018,-0.10861304326530741,-1.6775915314009666,-1.0255210405616166,-0.23554009851846266,0.0
1916,-1.081364766177063,0.26223022423390774,1.0631570309507363,0.12576015759624476,0.20412972035032528,0.4025411457894811,-1.1868551445008662,0.37457232749914127,-0.6152817429272672,-1.141783396970835,-1.6775915314009666,0.9751140741611305,-0.23554009851846266,0.0
1917,-0.9756436317756304,-1.3509625471015747,1.0631570309507363,-1.4825725245512835,0.20412972035032528,0.4025411457894811,1.4478030451240078,-1.0619382895821143,0.03279813454634018,-1.141783396970835,0.596092660985773,-1.0255210405616166,-0.23554009851846266,0.0
1918,-0.3944181368555883,1.2487918616792375,1.0631570309507363,1.734092839743773,0.20412972035032528,0.4025411457894811,-0.3086357479592415,1.451955290310083,-0.9393216816640708,-1.141783396970835,0.596092660985773,-1.0255210405616166,4.245561610485679,0.0
1919,4.699043152946674,-1.1780933123090649,1.0631570309507363,0.12576015759624476,-1.194401875621248,0.4025411457894811,0.5695836485823832,-0.34368298104148653,0.3568380732831439,1.957727664145748,0.596092660985773,0.9751140741611305,-0.23554009851846266,0.0
1920,-0.4253709738631645,-0.06923339907451666,1.0631570309507363,0.12576015759624476,0.20412972035032528,0.4025411457894811,-0.3086357479592415,0.015444673228827383,-0.2912418041904635,-0.10861304326530741,0.596092660985773,0.9751140741611305,-0.23554009851846266,0.0
1921,-0.22245793125794275,1.721199985946511,1.0631570309507363,-1.4825725245512835,-1.194401875621248,-2.48421809909334,-1.1868551445008662,-1.4210659438524282,2.3010777057039657,0.9245573104402203,0.596092660985773,0.9751140741611305,-0.23554009851846266,0.0
1922,-1.2886112059633452,1.2364398805385552,1.0631570309507363,1.734092839743773,0.20412972035032528,0.4025411457894811,-0.3086357479592415,2.5293382531210247,-0.2912418041904635,-1.141783396970835,0.596092660985773,-1.0255210405616166,4.245561610485679,0.0
1923,-1.3195640429709214,-1.132050792705702,1.0631570309507363,0.12576015759624476,-1.194401875621248,0.4025411457894811,0.5695836485823832,0.015444673228827383,0.03279813454634018,1.957727664145748,0.596092660985773,-1.0255210405616166,-0.23554009851846266,0.0
1924,-0.6523584452520567,0.5394105501434547,1.0631570309507363,0.12576015759624476,0.20412972035032528,0.4025411457894811,0.5695836485823832,0.015444673228827383,0.03279813454634018,0.9245573104402203,-1.6775915314009666,-1.0255210405616166,-0.23554009851846266,0.0
1925,-1.0132685247603952,0.26223022423390774,1.0631570309507363,0.12576015759624476,0.20412972035032528,0.4025411457894811,-1.1868551445008662,0.37457232749914127,-0.6152817429272672,0.9245573104402203,-1.6775915314009666,0.9751140741611305,-0.23554009851846266,0.0
1926,-0.721142527491115,0.5394105501434547,1.0631570309507363,0.12576015759624476,0.20412972035032528,0.4025411457894811,0.5695836485823832,0.015444673228827383,0.03279813454634018,-0.10861304326530741,-1.6775915314009666,-1.0255210405616166,-0.23554009851846266,0.0
1927,-0.6695544658118212,0.5394105501434547,1.0631570309507363,0.12576015759624476,0.20412972035032528,0.4025411457894811,0.5695836485823832,0.015444673228827383,0.03279813454634018,0.9245573104402203,-1.6775915314009666,-1.0255210405616166,-0.23554009851846266,0.0
1928,-0.385820126575706,0.26223022423390774,1.0631570309507363,0.12576015759624476,0.20412972035032528,0.4025411457894811,-1.1868551445008662,0.37457232749914127,-0.6152817429272672,-1.141783396970835,-1.6775915314009666,0.9751140741611305,-0.23554009851846266,0.0
1929,-0.4253709738631645,0.5394105501434547,1.0631570309507363,0.12576015759624476,0.20412972035032528,0.4025411457894811,0.5695836485823832,0.015444673228827383,0.03279813454634018,0.9245573104402203,-1.6775915314009666,-1.0255210405616166,-0.23554009851846266,0.0
1930,-0.6145272000205747,-1.5226355748289113,1.1187453627754937,0.12576015759624476,0.20412972035032528,0.4025411457894811,1.4478030451240078,-0.7028106353118004,0.03279813454634018,0.9245573104402203,0.596092660985773,-1.0255210405616166,-0.23554009851846266,0.0
1931,-0.6661152616998683,1.721199985946511,1.1187453627754937,-1.4825725245512835,-1.194401875621248,-2.48421809909334,-1.1868551445008662,-1.4210659438524282,2.3010777057039657,-1.141783396970835,0.596092660985773,0.9751140741611305,-0.23554009851846266,0.0
1932,0.07331362237000764,1.721199985946511,1.1187453627754937,-1.4825725245512835,-1.194401875621248,-2.48421809909334,-1.1868551445008662,-1.4210659438524282,2.3010777057039657,-1.141783396970835,0.596092660985773,0.9751140741611305,-0.23554009851846266,0.0
1933,-0.06769374622006173,-0.06923339907451666,1.1187453627754937,0.12576015759624476,0.20412972035032528,0.4025411457894811,-0.3086357479592415,0.015444673228827383,-0.2912418041904635,-1.141783396970835,0.596092660985773,0.9751140741611305,-0.23554009851846266,0.0
1934,-1.2439015525079575,-0.11218352657470886,1.1187453627754937,0.12576015759624476,1.6026613163218986,0.4025411457894811,-0.3086357479592415,1.451955290310083,-1.5874015591376782,0.9245573104402203,-1.6775915314009666,0.9751140741611305,-0.23554009851846266,0.0
1935,-1.0100356728951594,1.2543676904367356,1.1187453627754937,3.3424255218913017,0.20412972035032528,0.4025411457894811,-0.3086357479592415,1.8110829445803969,-0.6152817429272672,-1.141783396970835,0.596092660985773,-1.0255210405616166,4.245561610485679,0.0
1936,-1.457132207449038,1.721199985946511,1.1187453627754937,-1.4825725245512835,-1.194401875621248,-2.48421809909334,-1.1868551445008662,-1.4210659438524282,2.3010777057039657,-1.141783396970835,0.596092660985773,0.9751140741611305,-0.23554009851846266,0.0
1937,0.9657870894217881,0.5394105501434547,1.1187453627754937,0.12576015759624476,0.20412972035032528,0.4025411457894811,0.5695836485823832,0.015444673228827383,0.03279813454634018,-1.141783396970835,-1.6775915314009666,-1.0255210405616166,-0.23554009851846266,0.0
1938,-0.35142808545617693,0.26223022423390774,1.1187453627754937,0.12576015759624476,0.20412972035032528,0.4025411457894811,-1.1868551445008662,0.37457232749914127,-0.6152817429272672,-1.141783396970835,-1.6775915314009666,0.9751140741611305,-0.23554009851846266,0.0
1939,1.3440995417366084,0.5394105501434547,1.1187453627754937,0.12576015759624476,0.20412972035032528,0.4025411457894811,0.5695836485823832,0.015444673228827383,0.03279813454634018,-0.10861304326530741,-1.6775915314009666,-1.0255210405616166,-0.23554009851846266,0.0
1940,1.3870895931360199,0.5394105501434547,1.1187453627754937,0.12576015759624476,0.20412972035032528,0.4025411457894811,0.5695836485823832,0.015444673228827383,0.03279813454634018,-0.10861304326530741,-1.6775915314009666,-1.0255210405616166,-0.23554009851846266,0.0
1941,-1.336760063530686,-1.1780933123090649,1.1187453627754937,0.12576015759624476,-1.194401875621248,0.4025411457894811,0.5695836485823832,-0.34368298104148653,0.3568380732831439,-1.141783396970835,0.596092660985773,0.9751140741611305,-0.23554009851846266,0.0
1942,-1.422740166329509,-1.132050792705702,1.1187453627754937,0.12576015759624476,-1.194401875621248,0.4025411457894811,0.5695836485823832,0.015444673228827383,0.03279813454634018,-0.10861304326530741,0.596092660985773,-1.0255210405616166,-0.23554009851846266,0.0
1943,0.12490168404930131,-1.5226355748289113,1.1187453627754937,0.12576015759624476,0.20412972035032528,0.4025411457894811,1.4478030451240078,-0.7028106353118004,0.03279813454634018,0.9245573104402203,0.596092660985773,-1.0255210405616166,-0.23554009851846266,0.0
1944,-0.2706067888252835,1.721199985946511,1.1187453627754937,-1.4825725245512835,-1.194401875621248,-2.48421809909334,-1.1868551445008662,-1.4210659438524282,2.3010777057039657,0.9245573104402203,0.596092660985773,0.9751140741611305,-0.23554009851846266,0.0
1945,-0.12272101201130832,0.26223022423390774,1.1187453627754937,0.12576015759624476,0.20412972035032528,0.4025411457894811,-1.1868551445008662,0.37457232749914127,-0.6152817429272672,-0.10861304326530741,-1.6775915314009666,0.9751140741611305,-0.23554009851846266,0.0
1946,-1.431338176609391,1.721199985946511,1.1187453627754937,-1.4825725245512835,-1.194401875621248,-2.48421809909334,-1.1868551445008662,-1.4210659438524282,2.3010777057039657,-0.10861304326530741,0.596092660985773,0.9751140741611305,-0.23554009851846266,0.0
1947,0.8264993228876952,0.5394105501434547,1.1187453627754937,0.12576015759624476,0.20412972035032528,0.4025411457894811,0.5695836485823832,0.015444673228827383,0.03279813454634018,-0.10861304326530741,-1.6775915314009666,-1.0255210405616166,-0.23554009851846266,0.0
1948,-0.29984002377688324,0.26223022423390774,1.1187453627754937,0.12576015759624476,0.20412972035032528,0.4025411457894811,-1.1868551445008662,0.37457232749914127,-0.6152817429272672,-1.141783396970835,-1.6775915314009666,0.9751140741611305,-0.23554009851846266,0.0
1949,0.47054169730056894,0.26223022423390774,1.1187453627754937,0.12576015759624476,0.20412972035032528,0.4025411457894811,-1.1868551445008662,0.37457232749914127,-0.6152817429272672,-1.141783396970835,-1.6775915314009666,0.9751140741611305,-0.23554009851846266,0.0
1950,0.5427649836515801,0.26223022423390774,1.1187453627754937,0.12576015759624476,0.20412972035032528,0.4025411457894811,-1.1868551445008662,0.37457232749914127,-0.6152817429272672,-1.141783396970835,-1.6775915314009666,0.9751140741611305,-0.23554009851846266,0.0
1951,-0.7606933747785734,1.721199985946511,1.1187453627754937,-1.4825725245512835,-1.194401875621248,-2.48421809909334,-1.1868551445008662,-1.4210659438524282,2.3010777057039657,-1.141783396970835,0.596092660985773,0.9751140741611305,-0.23554009851846266,0.0
1952,-0.562939138341281,-1.3509625471015747,1.1187453627754937,-1.4825725245512835,0.20412972035032528,0.4025411457894811,1.4478030451240078,-1.0619382895821143,0.03279813454634018,0.9245573104402203,0.596092660985773,-1.0255210405616166,-0.23554009851846266,0.0
1953,0.9468714668060472,0.5394105501434547,1.1187453627754937,0.12576015759624476,0.20412972035032528,0.4025411457894811,0.5695836485823832,0.015444673228827383,0.03279813454634018,-0.10861304326530741,-1.6775915314009666,-1.0255210405616166,-0.23554009851846266,0.0
1954,0.04579998947438435,0.5394105501434547,1.1187453627754937,0.12576015759624476,0.20412972035032528,0.4025411457894811,0.5695836485823832,0.015444673228827383,0.03279813454634018,0.9245573104402203,-1.6775915314009666,-1.0255210405616166,-0.23554009851846266,0.0
1955,1.4042856136957844,0.5394105501434547,1.1187453627754937,0.12576015759624476,0.20412972035032528,0.4025411457894811,0.5695836485823832,0.015444673228827383,0.03279813454634018,-0.10861304326530741,-1.6775915314009666,-1.0255210405616166,-0.23554009851846266,0.0
1956,-0.009227276316862236,0.5394105501434547,1.1187453627754937,0.12576015759624476,0.20412972035032528,0.4025411457894811,0.5695836485823832,0.015444673228827383,0.03279813454634018,0.9245573104402203,-1.6775915314009666,-1.0255210405616166,-0.23554009851846266,0.0
1957,0.9485910688620236,0.5394105501434547,1.1187453627754937,0.12576015759624476,0.20412972035032528,0.4025411457894811,0.5695836485823832,0.015444673228827383,0.03279813454634018,-1.141783396970835,-1.6775915314009666,-1.0255210405616166,-0.23554009851846266,0.0
1958,-1.4053928207888184,1.721199985946511,1.1187453627754937,-1.4825725245512835,-1.194401875621248,-2.48421809909334,-1.1868551445008662,-1.4210659438524282,2.3010777057039657,-0.10861304326530741,0.596092660985773,0.9751140741611305,-0.23554009851846266,0.0
1959,0.4000380130055342,-0.06923339907451666,1.1187453627754937,0.12576015759624476,0.20412972035032528,0.4025411457894811,-0.3086357479592415,0.015444673228827383,-0.2912418041904635,0.9245573104402203,0.596092660985773,0.9751140741611305,-0.23554009851846266,0.0
1960,-0.017825286596744514,0.5394105501434547,1.1187453627754937,0.12576015759624476,0.20412972035032528,0.4025411457894811,0.5695836485823832,0.015444673228827383,0.03279813454634018,0.9245573104402203,-1.6775915314009666,-1.0255210405616166,-0.23554009851846266,0.0
1961,-0.7778893953383379,1.721199985946511,1.1187453627754937,-1.4825725245512835,-1.194401875621248,-2.48421809909334,-1.1868551445008662,-1.4210659438524282,2.3010777057039657,-1.141783396970835,0.596092660985773,0.9751140741611305,-0.23554009851846266,0.0
1962,-0.20182270658622528,1.721199985946511,1.1187453627754937,-1.4825725245512835,-1.194401875621248,-2.48421809909334,-1.1868551445008662,-1.4210659438524282,2.3010777057039657,-0.10861304326530741,0.596092660985773,0.9751140741611305,-0.23554009851846266,0.0
1963,0.3140579102067114,-1.5226355748289113,1.1187453627754937,0.12576015759624476,0.20412972035032528,0.4025411457894811,1.4478030451240078,-0.7028106353118004,0.03279813454634018,-0.10861304326530741,0.596092660985773,-1.0255210405616166,-0.23554009851846266,0.0
1964,-0.28780280938504804,1.721199985946511,1.1187453627754937,-1.4825725245512835,-1.194401875621248,-2.48421809909334,-1.1868551445008662,-1.4210659438524282,2.3010777057039657,0.9245573104402203,0.596092660985773,0.9751140741611305,-0.23554009851846266,0.0
1965,0.8952834051267535,0.5394105501434547,1.1187453627754937,0.12576015759624476,0.20412972035032528,0.4025411457894811,0.5695836485823832,0.015444673228827383,0.03279813454634018,0.9245573104402203,-1.6775915314009666,-1.0255210405616166,-0.23554009851846266,0.0
1966,0.3157775122626879,0.5394105501434547,1.1187453627754937,0.12576015759624476,0.20412972035032528,0.4025411457894811,0.5695836485823832,0.015444673228827383,0.03279813454634018,0.9245573104402203,-1.6775915314009666,-1.0255210405616166,-0.23554009851846266,0.0
1967,-0.37378291218387083,1.1915731360422939,1.1187453627754937,1.734092839743773,0.20412972035032528,0.4025411457894811,-0.3086357479592415,2.5293382531210247,-0.2912418041904635,-1.141783396970835,0.596092660985773,-1.0255210405616166,4.245561610485679,0.0
1968,-0.18634628808243717,0.5394105501434547,1.1187453627754937,0.12576015759624476,0.20412972035032528,0.4025411457894811,0.5695836485823832,0.015444673228827383,0.03279813454634018,0.9245573104402203,-1.6775915314009666,-1.0255210405616166,-0.23554009851846266,0.0
1969,-0.5285470972217519,-1.5313323165745925,1.1187453627754937,-1.4825725245512835,0.20412972035032528,0.4025411457894811,1.4478030451240078,-1.4210659438524282,0.03279813454634018,0.9245573104402203,0.596092660985773,0.9751140741611305,-0.23554009851846266,0.0
1970,-1.5431123102478608,1.721199985946511,1.1187453627754937,-1.4825725245512835,-1.194401875621248,-2.48421809909334,-1.1868551445008662,-1.4210659438524282,2.3010777057039657,-1.141783396970835,0.596092660985773,0.9751140741611305,-0.23554009851846266,0.0
1971,-0.11584260378740249,0.26223022423390774,1.1187453627754937,0.12576015759624476,0.20412972035032528,0.4025411457894811,-1.1868551445008662,0.37457232749914127,-0.6152817429272672,0.9245573104402203,-1.6775915314009666,0.9751140741611305,-0.23554009851846266,0.0
1972,-0.09520737911568503,0.5394105501434547,1.1187453627754937,0.12576015759624476,0.20412972035032528,0.4025411457894811,0.5695836485823832,0.015444673228827383,0.03279813454634018,-0.10861304326530741,-1.6775915314009666,-1.0255210405616166,-0.23554009851846266,0.0
1973,-0.15195424696290807,0.5394105501434547,1.1187453627754937,0.12576015759624476,0.20412972035032528,0.4025411457894811,0.5695836485823832,0.015444673228827383,0.03279813454634018,-1.141783396970835,-1.6775915314009666,-1.0255210405616166,-0.23554009851846266,0.0
1974,-0.047058521548344265,-0.06923339907451666,1.1187453627754937,0.12576015759624476,0.20412972035032528,0.4025411457894811,-0.3086357479592415,0.015444673228827383,-0.2912418041904635,-1.141783396970835,0.596092660985773,0.9751140741611305,-0.23554009851846266,0.0
1975,0.7749112612084016,0.26223022423390774,1.1187453627754937,0.12576015759624476,0.20412972035032528,0.4025411457894811,-1.1868551445008662,0.37457232749914127,-0.6152817429272672,-1.141783396970835,-1.6775915314009666,0.9751140741611305,-0.23554009851846266,0.0
1976,0.8952834051267535,0.26223022423390774,1.1187453627754937,0.12576015759624476,0.20412972035032528,0.4025411457894811,-1.1868551445008662,0.37457232749914127,-0.6152817429272672,0.9245573104402203,-1.6775915314009666,0.9751140741611305,-0.23554009851846266,0.0
1977,0.4516260746848279,-1.5226355748289113,1.1187453627754937,0.12576015759624476,0.20412972035032528,0.4025411457894811,1.4478030451240078,-0.7028106353118004,0.03279813454634018,-1.141783396970835,0.596092660985773,-1.0255210405616166,-0.23554009851846266,0.0
1978,-0.20182270658622528,-0.5584973843833374,1.1187453627754937,0.12576015759624476,0.20412972035032528,0.4025411457894811,-0.3086357479592415,0.015444673228827383,0.03279813454634018,-1.141783396970835,0.596092660985773,-1.0255210405616166,-0.23554009851846266,0.0
1979,-0.06425454210810883,-1.3786953435729568,1.1187453627754937,-1.4825725245512835,-1.194401875621248,0.4025411457894811,1.4478030451240078,-1.4210659438524282,0.03279813454634018,0.9245573104402203,0.596092660985773,-1.0255210405616166,-0.23554009851846266,0.0
1980,0.5719982186031798,-1.3654186397095023,1.1187453627754937,-1.4825725245512835,-1.194401875621248,0.4025411457894811,1.4478030451240078,-1.4210659438524282,0.03279813454634018,1.957727664145748,0.596092660985773,-1.0255210405616166,-0.23554009851846266,0.0
1981,-0.45775451978131315,-1.3607461889988168,1.1187453627754937,0.12576015759624476,0.20412972035032528,0.4025411457894811,1.4478030451240078,-1.0619382895821143,0.03279813454634018,1.957727664145748,0.596092660985773,0.9751140741611305,-0.23554009851846266,0.0
1982,0.38284199244576966,0.5394105501434547,1.1187453627754937,0.12576015759624476,0.20412972035032528,0.4025411457894811,0.5695836485823832,0.015444673228827383,0.03279813454634018,-0.10861304326530741,-1.6775915314009666,-1.0255210405616166,-0.23554009851846266,0.0
1983,1.7791588618986518,0.5394105501434547,1.1187453627754937,0.12576015759624476,0.20412972035032528,0.4025411457894811,0.5695836485823832,0.015444673228827383,0.03279813454634018,0.9245573104402203,-1.6775915314009666,-1.0255210405616166,-0.23554009851846266,0.0
1984,-1.4055441457697444,1.721199985946511,1.1187453627754937,-1.4825725245512835,-1.194401875621248,-2.48421809909334,-1.1868551445008662,-1.4210659438524282,2.3010777057039657,0.9245573104402203,0.596092660985773,0.9751140741611305,-0.23554009851846266,0.0
1985,-1.4970269751476917,1.721199985946511,1.1187453627754937,-1.4825725245512835,-1.194401875621248,-2.48421809909334,-1.1868551445008662,-1.4210659438524282,2.3010777057039657,-1.141783396970835,0.596092660985773,0.9751140741611305,-0.23554009851846266,0.0
1986,-0.1502346449069316,-1.1780933123090649,1.1187453627754937,0.12576015759624476,-1.194401875621248,0.4025411457894811,0.5695836485823832,-0.34368298104148653,0.3568380732831439,-1.141783396970835,0.596092660985773,0.9751140741611305,-0.23554009851846266,0.0
1987,-1.4708890238968495,1.721199985946511,1.1187453627754937,-1.4825725245512835,-1.194401875621248,-2.48421809909334,-1.1868551445008662,-1.4210659438524282,2.3010777057039657,0.9245573104402203,0.596092660985773,0.9751140741611305,-0.23554009851846266,0.0
1988,0.8678901443750485,0.26223022423390774,1.1743336946002512,0.12576015759624476,0.20412972035032528,0.4025411457894811,-1.1868551445008662,0.37457232749914127,-0.6152817429272672,0.9245573104402203,-1.6775915314009666,0.9751140741611305,-0.23554009851846266,0.0
1989,-1.4433753910012264,-1.132050792705702,1.1743336946002512,0.12576015759624476,-1.194401875621248,0.4025411457894811,0.5695836485823832,0.015444673228827383,0.03279813454634018,-0.10861304326530741,0.596092660985773,-1.0255210405616166,-0.23554009851846266,0.0
1990,-0.7280209357150207,-0.2045515786170193,1.1743336946002512,0.12576015759624476,0.20412972035032528,0.4025411457894811,-0.3086357479592415,0.7336999817694552,-0.6152817429272672,-1.141783396970835,0.596092660985773,0.9751140741611305,-0.23554009851846266,0.0
1991,-0.28780280938504804,1.721199985946511,1.1743336946002512,-1.4825725245512835,-1.194401875621248,-2.48421809909334,-1.1868551445008662,-1.4210659438524282,2.3010777057039657,-1.141783396970835,0.596092660985773,0.9751140741611305,-0.23554009851846266,0.0
1992,-0.8227503737746518,-1.2848452677293336,1.1743336946002512,-1.4825725245512835,-1.194401875621248,0.4025411457894811,1.4478030451240078,-0.34368298104148653,0.03279813454634018,-0.10861304326530741,-1.6775915314009666,-1.0255210405616166,-0.23554009851846266,0.0
1993,-0.8243186508497022,1.721199985946511,1.1743336946002512,-1.4825725245512835,-1.194401875621248,-2.48421809909334,-1.1868551445008662,-1.4210659438524282,2.3010777057039657,-1.141783396970835,0.596092660985773,0.9751140741611305,-0.23554009851846266,0.0
1994,0.2452738279676532,-0.23352145232296595,1.1743336946002512,0.12576015759624476,0.20412972035032528,0.4025411457894811,-0.3086357479592415,0.7336999817694552,-0.2912418041904635,-1.141783396970835,0.596092660985773,-1.0255210405616166,-0.23554009851846266,0.0
1995,-1.1304078168135114,-1.132050792705702,1.1743336946002512,0.12576015759624476,-1.194401875621248,0.4025411457894811,0.5695836485823832,0.015444673228827383,0.03279813454634018,-0.10861304326530741,0.596092660985773,-1.0255210405616166,-0.23554009851846266,0.0
1996,0.4636632890766631,0.26223022423390774,1.1743336946002512,0.12576015759624476,0.20412972035032528,0.4025411457894811,-1.1868551445008662,0.37457232749914127,-0.6152817429272672,-1.141783396970835,-1.6775915314009666,0.9751140741611305,-0.23554009851846266,0.0
1997,0.5152513507559567,0.26223022423390774,1.1743336946002512,0.12576015759624476,0.20412972035032528,0.4025411457894811,-1.1868551445008662,0.37457232749914127,-0.6152817429272672,-1.141783396970835,-1.6775915314009666,0.9751140741611305,-0.23554009851846266,0.0
1998,0.9984595284853408,0.5394105501434547,1.1743336946002512,0.12576015759624476,0.20412972035032528,0.4025411457894811,0.5695836485823832,0.015444673228827383,0.03279813454634018,0.9245573104402203,-1.6775915314009666,-1.0255210405616166,-0.23554009851846266,0.0
1999,-0.057376133884203,0.5394105501434547,1.1743336946002512,0.12576015759624476,0.20412972035032528,0.4025411457894811,0.5695836485823832,0.015444673228827383,0.03279813454634018,0.9245573104402203,-1.6775915314009666,-1.0255210405616166,-0.23554009851846266,0.0
2000,-0.23483906606097324,-1.2848452677293336,1.1743336946002512,-1.4825725245512835,-1.194401875621248,0.4025411457894811,1.4478030451240078,-0.34368298104148653,0.03279813454634018,-0.10861304326530741,-1.6775915314009666,-1.0255210405616166,-0.23554009851846266,0.0
2001,2.485915306904975,0.26223022423390774,1.1743336946002512,0.12576015759624476,0.20412972035032528,0.4025411457894811,-1.1868551445008662,0.37457232749914127,-0.6152817429272672,-1.141783396970835,-1.6775915314009666,0.9751140741611305,-0.23554009851846266,0.0
2002,2.2042788821771513,0.26223022423390774,1.1743336946002512,0.12576015759624476,0.20412972035032528,0.4025411457894811,-1.1868551445008662,0.37457232749914127,-0.6152817429272672,-1.141783396970835,-1.6775915314009666,0.9751140741611305,-0.23554009851846266,0.0
2003,-0.717703323379162,-1.3509625471015747,1.1743336946002512,-1.4825725245512835,0.20412972035032528,0.4025411457894811,1.4478030451240078,-1.0619382895821143,0.03279813454634018,0.9245573104402203,0.596092660985773,-1.0255210405616166,-0.23554009851846266,0.0
2004,-1.7279695312653298,1.2099810655506498,1.1743336946002512,1.734092839743773,0.20412972035032528,0.4025411457894811,-0.3086357479592415,1.8110829445803969,-0.6152817429272672,-1.141783396970835,0.596092660985773,-1.0255210405616166,4.245561610485679,0.0
2005,-0.06425454210810883,-1.3786953435729568,1.1743336946002512,-1.4825725245512835,-1.194401875621248,0.4025411457894811,1.4478030451240078,-1.4210659438524282,0.03279813454634018,-1.141783396970835,0.596092660985773,-1.0255210405616166,-0.23554009851846266,0.0
2006,2.205620171780813,0.5394105501434547,1.1743336946002512,0.12576015759624476,0.20412972035032528,0.4025411457894811,0.5695836485823832,0.015444673228827383,0.03279813454634018,-0.10861304326530741,-1.6775915314009666,-1.0255210405616166,-0.23554009851846266,0.0
2007,-1.0014376626152772,0.26223022423390774,1.1743336946002512,0.12576015759624476,0.20412972035032528,0.4025411457894811,-1.1868551445008662,0.37457232749914127,-0.6152817429272672,-0.10861304326530741,-1.6775915314009666,0.9751140741611305,-0.23554009851846266,0.0
2008,0.5771570247711092,0.5394105501434547,1.1743336946002512,0.12576015759624476,0.20412972035032528,0.4025411457894811,0.5695836485823832,0.015444673228827383,0.03279813454634018,-1.141783396970835,-1.6775915314009666,-1.0255210405616166,-0.23554009851846266,0.0
2009,-0.0728525523879911,1.721199985946511,1.1743336946002512,-1.4825725245512835,-1.194401875621248,-2.48421809909334,-1.1868551445008662,-1.4210659438524282,2.3010777057039657,0.9245573104402203,0.596092660985773,0.9751140741611305,-0.23554009851846266,0.0
2010,-0.3067184320007891,0.26223022423390774,1.1743336946002512,0.12576015759624476,0.20412972035032528,0.4025411457894811,-1.1868551445008662,0.37457232749914127,-0.6152817429272672,-1.141783396970835,-1.6775915314009666,0.9751140741611305,-0.23554009851846266,0.0
2011,-1.3195640429709214,1.1915731360422939,1.1743336946002512,1.734092839743773,0.20412972035032528,0.4025411457894811,-0.3086357479592415,2.5293382531210247,-0.2912418041904635,-1.141783396970835,0.596092660985773,-1.0255210405616166,4.245561610485679,0.0
2012,0.03548237713852561,-0.06923339907451666,1.1743336946002512,0.12576015759624476,0.20412972035032528,0.4025411457894811,-0.3086357479592415,0.015444673228827383,-0.2912418041904635,0.9245573104402203,0.596092660985773,0.9751140741611305,-0.23554009851846266,0.0
2013,-0.8896635289768076,-1.3607461889988168,1.1743336946002512,0.12576015759624476,0.20412972035032528,0.4025411457894811,1.4478030451240078,-1.0619382895821143,0.03279813454634018,0.9245573104402203,0.596092660985773,0.9751140741611305,-0.23554009851846266,0.0
2014,0.4542054777687926,0.26223022423390774,1.1743336946002512,0.12576015759624476,0.20412972035032528,0.4025411457894811,-1.1868551445008662,0.37457232749914127,-0.6152817429272672,-1.141783396970835,-1.6775915314009666,0.9751140741611305,-0.23554009851846266,0.0
2015,-0.41677296358328225,1.721199985946511,1.1743336946002512,-1.4825725245512835,-1.194401875621248,-2.48421809909334,-1.1868551445008662,-1.4210659438524282,2.3010777057039657,-1.141783396970835,0.596092660985773,0.9751140741611305,-0.23554009851846266,0.0
2016,-1.7322685364052708,1.2099810655506498,1.1743336946002512,1.734092839743773,0.20412972035032528,0.4025411457894811,-0.3086357479592415,1.8110829445803969,-0.6152817429272672,-1.141783396970835,0.596092660985773,-1.0255210405616166,4.245561610485679,0.0
2017,-0.012666480428815147,-0.06923339907451666,1.1743336946002512,0.12576015759624476,0.20412972035032528,0.4025411457894811,-0.3086357479592415,0.015444673228827383,-0.2912418041904635,-0.10861304326530741,0.596092660985773,0.9751140741611305,-0.23554009851846266,0.0
2018,-0.5457431177815164,1.721199985946511,1.1743336946002512,-1.4825725245512835,-1.194401875621248,-2.48421809909334,-1.1868551445008662,-1.4210659438524282,2.3010777057039657,0.9245573104402203,0.596092660985773,0.9751140741611305,-0.23554009851846266,0.0
2019,-0.9188967639284074,-1.132050792705702,1.1743336946002512,0.12576015759624476,-1.194401875621248,0.4025411457894811,0.5695836485823832,0.015444673228827383,0.03279813454634018,-0.10861304326530741,0.596092660985773,-1.0255210405616166,-0.23554009851846266,0.0
2020,0.7835092714882839,0.26223022423390774,1.1743336946002512,0.12576015759624476,0.20412972035032528,0.4025411457894811,-1.1868551445008662,0.37457232749914127,-0.6152817429272672,-1.141783396970835,-1.6775915314009666,0.9751140741611305,-0.23554009851846266,0.0
2021,-0.1038053893955673,0.5394105501434547,1.1743336946002512,0.12576015759624476,0.20412972035032528,0.4025411457894811,0.5695836485823832,0.015444673228827383,0.03279813454634018,-1.141783396970835,-1.6775915314009666,-1.0255210405616166,-0.23554009851846266,0.0
2022,-0.0728525523879911,1.721199985946511,1.1743336946002512,-1.4825725245512835,-1.194401875621248,-2.48421809909334,-1.1868551445008662,-1.4210659438524282,2.3010777057039657,0.9245573104402203,0.596092660985773,0.9751140741611305,-0.23554009851846266,0.0
2023,0.6407823008422381,0.26223022423390774,1.1743336946002512,0.12576015759624476,0.20412972035032528,0.4025411457894811,-1.1868551445008662,0.37457232749914127,-0.6152817429272672,0.9245573104402203,-1.6775915314009666,0.9751140741611305,-0.23554009851846266,0.0
2024,0.5308137493625437,0.26223022423390774,1.1743336946002512,0.12576015759624476,0.20412972035032528,0.4025411457894811,-1.1868551445008662,0.37457232749914127,-0.6152817429272672,0.9245573104402203,-1.6775915314009666,0.9751140741611305,-0.23554009851846266,0.0
2025,-1.0392689078467592,0.26223022423390774,1.1743336946002512,0.12576015759624476,0.20412972035032528,0.4025411457894811,-1.1868551445008662,0.37457232749914127,-0.6152817429272672,-1.141783396970835,-1.6775915314009666,0.9751140741611305,-0.23554009851846266,0.0
2026,0.038921581250478524,1.721199985946511,1.1743336946002512,-1.4825725245512835,-1.194401875621248,-2.48421809909334,-1.1868551445008662,-1.4210659438524282,2.3010777057039657,-1.141783396970835,0.596092660985773,0.9751140741611305,-0.23554009851846266,0.0
2027,2.55641899120001,0.26223022423390774,1.1743336946002512,0.12576015759624476,0.20412972035032528,0.4025411457894811,-1.1868551445008662,0.37457232749914127,-0.6152817429272672,-1.141783396970835,-1.6775915314009666,0.9751140741611305,-0.23554009851846266,0.0
2028,2.233133804676436,0.26223022423390774,1.1743336946002512,0.12576015759624476,0.20412972035032528,0.4025411457894811,-1.1868551445008662,0.37457232749914127,-0.6152817429272672,-1.141783396970835,-1.6775915314009666,0.9751140741611305,-0.23554009851846266,0.0
2029,0.3656459718860051,-1.1780933123090649,1.1743336946002512,0.12576015759624476,-1.194401875621248,0.4025411457894811,0.5695836485823832,-0.34368298104148653,0.3568380732831439,-1.141783396970835,0.596092660985773,0.9751140741611305,-0.23554009851846266,0.0
2030,-0.09864658322763793,1.721199985946511,1.1743336946002512,-1.4825725245512835,-1.194401875621248,-2.48421809909334,-1.1868551445008662,-1.4210659438524282,2.3010777057039657,1.957727664145748,0.596092660985773,0.9751140741611305,-0.23554009851846266,0.0
2031,0.787877060710464,0.26223022423390774,1.1743336946002512,0.12576015759624476,0.20412972035032528,0.4025411457894811,-1.1868551445008662,0.37457232749914127,-0.6152817429272672,-1.141783396970835,-1.6775915314009666,0.9751140741611305,-0.23554009851846266,0.0
2032,0.2452738279676532,-0.23352145232296595,1.1743336946002512,0.12576015759624476,0.20412972035032528,0.4025411457894811,-0.3086357479592415,0.7336999817694552,-0.2912418041904635,0.9245573104402203,0.596092660985773,-1.0255210405616166,-0.23554009851846266,0.0
2033,-0.1502346449069316,-0.6875505137670367,1.1743336946002512,0.12576015759624476,0.20412972035032528,0.4025411457894811,0.5695836485823832,0.015444673228827383,0.6808780120199476,-1.141783396970835,0.596092660985773,-1.0255210405616166,-0.23554009851846266,0.0
2034,-0.5594999342293281,0.26223022423390774,1.2299220264250086,0.12576015759624476,0.20412972035032528,0.4025411457894811,-1.1868551445008662,0.37457232749914127,-0.6152817429272672,-1.141783396970835,-1.6775915314009666,0.9751140741611305,-0.23554009851846266,0.0
2035,-0.46320221909464654,0.26223022423390774,1.2299220264250086,0.12576015759624476,0.20412972035032528,0.4025411457894811,-1.1868551445008662,0.37457232749914127,-0.6152817429272672,-1.141783396970835,-1.6775915314009666,0.9751140741611305,-0.23554009851846266,0.0
2036,-1.0375493057907827,0.26223022423390774,1.2299220264250086,0.12576015759624476,0.20412972035032528,0.4025411457894811,-1.1868551445008662,0.37457232749914127,-0.6152817429272672,-1.141783396970835,-1.6775915314009666,0.9751140741611305,-0.23554009851846266,0.0
2037,0.4172340335652988,0.26223022423390774,1.2299220264250086,0.12576015759624476,0.20412972035032528,0.4025411457894811,-1.1868551445008662,0.37457232749914127,-0.6152817429272672,-1.141783396970835,-1.6775915314009666,0.9751140741611305,-0.23554009851846266,0.0
2038,2.3779242977896535,0.26223022423390774,1.2299220264250086,0.12576015759624476,0.20412972035032528,0.4025411457894811,-1.1868551445008662,0.37457232749914127,-0.6152817429272672,-1.141783396970835,-1.6775915314009666,0.9751140741611305,-0.23554009851846266,0.0
2039,-1.2542191648438161,-1.3664521180311011,1.2299220264250086,-1.4825725245512835,-1.194401875621248,0.4025411457894811,1.4478030451240078,-1.4210659438524282,0.03279813454634018,-1.141783396970835,0.596092660985773,-1.0255210405616166,-0.23554009851846266,0.0
2040,-0.8260382529056787,1.721199985946511,1.2299220264250086,-1.4825725245512835,-1.194401875621248,-2.48421809909334,-1.1868551445008662,-1.4210659438524282,2.3010777057039657,0.9245573104402203,0.596092660985773,0.9751140741611305,-0.23554009851846266,0.0
2041,0.4258320438451811,0.26223022423390774,1.2299220264250086,0.12576015759624476,0.20412972035032528,0.4025411457894811,-1.1868551445008662,0.37457232749914127,-0.6152817429272672,-1.141783396970835,-1.6775915314009666,0.9751140741611305,-0.23554009851846266,0.0
2042,2.4635604801772812,0.26223022423390774,1.2299220264250086,0.12576015759624476,0.20412972035032528,0.4025411457894811,-1.1868551445008662,0.37457232749914127,-0.6152817429272672,-1.141783396970835,-1.6775915314009666,0.9751140741611305,-0.23554009851846266,0.0
2043,-1.3866285231540032,0.7744617386380273,1.2299220264250086,3.3424255218913017,3.0011929122934715,-2.48421809909334,-2.9432939375841154,-1.7801935981227421,-0.6152817429272672,0.9245573104402203,0.596092660985773,0.9751140741611305,-0.23554009851846266,0.0
2044,-1.0599041325184766,0.26223022423390774,1.2299220264250086,0.12576015759624476,0.20412972035032528,0.4025411457894811,-1.1868551445008662,0.37457232749914127,-0.6152817429272672,-1.141783396970835,-1.6775915314009666,0.9751140741611305,-0.23554009851846266,0.0
2045,0.22807780740788866,-1.3607461889988168,1.2299220264250086,0.12576015759624476,0.20412972035032528,0.4025411457894811,1.4478030451240078,-1.0619382895821143,0.03279813454634018,1.957727664145748,0.596092660985773,0.9751140741611305,-0.23554009851846266,0.0
2046,-1.35911489025838,1.721199985946511,1.2299220264250086,-1.4825725245512835,-1.194401875621248,-2.48421809909334,-1.1868551445008662,-1.4210659438524282,2.3010777057039657,0.9245573104402203,0.596092660985773,0.9751140741611305,-0.23554009851846266,0.0
2047,-0.49415505610222277,1.4295632370123177,1.2299220264250086,3.3424255218913017,0.20412972035032528,0.4025411457894811,-0.3086357479592415,2.1702105988507108,-0.9393216816640708,-1.141783396970835,0.596092660985773,-1.0255210405616166,4.245561610485679,0.0
2048,-0.2207383292019663,0.26223022423390774,1.2299220264250086,0.12576015759624476,0.20412972035032528,0.4025411457894811,-1.1868551445008662,0.37457232749914127,-0.6152817429272672,0.9245573104402203,-1.6775915314009666,0.9751140741611305,-0.23554009851846266,0.0
2049,-1.1733978682129227,-1.132050792705702,1.2299220264250086,0.12576015759624476,-1.194401875621248,0.4025411457894811,0.5695836485823832,0.015444673228827383,0.03279813454634018,-0.10861304326530741,0.596092660985773,-1.0255210405616166,-0.23554009851846266,0.0
2050,-0.4769590355424582,-0.23352145232296595,1.2299220264250086,0.12576015759624476,0.20412972035032528,0.4025411457894811,-0.3086357479592415,0.7336999817694552,-0.2912418041904635,-1.141783396970835,0.596092660985773,-1.0255210405616166,-0.23554009851846266,0.0
2051,-0.8243186508497022,1.721199985946511,1.2299220264250086,-1.4825725245512835,-1.194401875621248,-2.48421809909334,-1.1868551445008662,-1.4210659438524282,2.3010777057039657,0.9245573104402203,0.596092660985773,0.9751140741611305,-0.23554009851846266,0.0
2052,0.794019479254412,0.5394105501434547,1.2299220264250086,0.12576015759624476,0.20412972035032528,0.4025411457894811,0.5695836485823832,0.015444673228827383,0.03279813454634018,-0.10861304326530741,-1.6775915314009666,-1.0255210405616166,-0.23554009851846266,0.0
2053,0.39487920683760486,0.5394105501434547,1.2299220264250086,0.12576015759624476,0.20412972035032528,0.4025411457894811,0.5695836485823832,0.015444673228827383,0.03279813454634018,0.9245573104402203,-1.6775915314009666,-1.0255210405616166,-0.23554009851846266,0.0
2054,-0.8501126816893491,1.721199985946511,1.2299220264250086,-1.4825725245512835,-1.194401875621248,-2.48421809909334,-1.1868551445008662,-1.4210659438524282,2.3010777057039657,0.9245573104402203,0.596092660985773,0.9751140741611305,-0.23554009851846266,0.0
2055,-0.5147902807739402,-0.23352145232296595,1.2299220264250086,0.12576015759624476,0.20412972035032528,0.4025411457894811,-0.3086357479592415,0.7336999817694552,-0.2912418041904635,-0.10861304326530741,0.596092660985773,-1.0255210405616166,-0.23554009851846266,0.0
2056,0.43099085001311044,-1.1780933123090649,1.2299220264250086,0.12576015759624476,-1.194401875621248,0.4025411457894811,0.5695836485823832,-0.34368298104148653,0.3568380732831439,-0.10861304326530741,0.596092660985773,0.9751140741611305,-0.23554009851846266,0.0
2057,-0.3497084834002005,0.26223022423390774,1.2299220264250086,0.12576015759624476,0.20412972035032528,0.4025411457894811,-1.1868551445008662,0.37457232749914127,-0.6152817429272672,-1.141783396970835,-1.6775915314009666,0.9751140741611305,-0.23554009851846266,0.0
2058,-1.5259162896880962,-0.6875505137670367,1.2299220264250086,0.12576015759624476,0.20412972035032528,0.4025411457894811,0.5695836485823832,0.015444673228827383,0.6808780120199476,-1.141783396970835,0.596092660985773,-1.0255210405616166,-0.23554009851846266,0.0
2059,-1.0874177654141,-1.1780933123090649,1.2299220264250086,0.12576015759624476,-1.194401875621248,0.4025411457894811,0.5695836485823832,-0.34368298104148653,0.3568380732831439,0.9245573104402203,0.596092660985773,0.9751140741611305,-0.23554009851846266,0.0
2060,-1.0788197551342178,1.2487918616792375,1.2299220264250086,1.734092839743773,0.20412972035032528,0.4025411457894811,-0.3086357479592415,1.451955290310083,-0.9393216816640708,-1.141783396970835,0.596092660985773,-1.0255210405616166,4.245561610485679,0.0
2061,-0.5457431177815164,-1.5226355748289113,1.2299220264250086,0.12576015759624476,0.20412972035032528,0.4025411457894811,1.4478030451240078,-0.7028106353118004,0.03279813454634018,1.957727664145748,0.596092660985773,-1.0255210405616166,-0.23554009851846266,0.0
2062,-0.49415505610222277,0.26223022423390774,1.2299220264250086,0.12576015759624476,0.20412972035032528,0.4025411457894811,-1.1868551445008662,0.37457232749914127,-0.6152817429272672,0.9245573104402203,-1.6775915314009666,0.9751140741611305,-0.23554009851846266,0.0
2063,-0.17258947163462554,0.26223022423390774,1.2299220264250086,0.12576015759624476,0.20412972035032528,0.4025411457894811,-1.1868551445008662,0.37457232749914127,-0.6152817429272672,-1.141783396970835,-1.6775915314009666,0.9751140741611305,-0.23554009851846266,0.0
2064,-0.8380754672975139,1.721199985946511,1.2299220264250086,-1.4825725245512835,-1.194401875621248,-2.48421809909334,-1.1868551445008662,-1.4210659438524282,2.3010777057039657,-1.141783396970835,0.596092660985773,0.9751140741611305,-0.23554009851846266,0.0
2065,-1.4554126053930616,-1.132050792705702,1.2299220264250086,0.12576015759624476,-1.194401875621248,0.4025411457894811,0.5695836485823832,0.015444673228827383,0.03279813454634018,0.9245573104402203,0.596092660985773,-1.0255210405616166,-0.23554009851846266,0.0
2066,-0.37378291218387083,-0.23352145232296595,1.2299220264250086,0.12576015759624476,0.20412972035032528,0.4025411457894811,-0.3086357479592415,0.7336999817694552,-0.2912418041904635,-0.10861304326530741,0.596092660985773,-1.0255210405616166,-0.23554009851846266,0.0
2067,-0.446006198534882,0.26223022423390774,1.2299220264250086,0.12576015759624476,0.20412972035032528,0.4025411457894811,-1.1868551445008662,0.37457232749914127,-0.6152817429272672,-1.141783396970835,-1.6775915314009666,0.9751140741611305,-0.23554009851846266,0.0
2068,-0.5835743630129985,-0.11218352657470886,1.2299220264250086,0.12576015759624476,1.6026613163218986,0.4025411457894811,-0.3086357479592415,1.451955290310083,-1.5874015591376782,-1.141783396970835,-1.6775915314009666,0.9751140741611305,-0.23554009851846266,0.0
2069,-0.4991419020645545,0.26223022423390774,1.285510358249766,0.12576015759624476,0.20412972035032528,0.4025411457894811,-1.1868551445008662,0.37457232749914127,-0.6152817429272672,-1.141783396970835,-1.6775915314009666,0.9751140741611305,-0.23554009851846266,0.0
2070,-0.992839652335395,-1.132050792705702,1.285510358249766,0.12576015759624476,-1.194401875621248,0.4025411457894811,0.5695836485823832,0.015444673228827383,0.03279813454634018,0.9245573104402203,0.596092660985773,-1.0255210405616166,-0.23554009851846266,0.0
2071,-0.8036834261779848,-0.6875505137670367,1.285510358249766,0.12576015759624476,0.20412972035032528,0.4025411457894811,0.5695836485823832,0.015444673228827383,0.6808780120199476,-1.141783396970835,0.596092660985773,-1.0255210405616166,-0.23554009851846266,0.0
2072,-1.4657302177289202,1.721199985946511,1.285510358249766,-1.4825725245512835,-1.194401875621248,-2.48421809909334,-1.1868551445008662,-1.4210659438524282,2.3010777057039657,-1.141783396970835,0.596092660985773,0.9751140741611305,-0.23554009851846266,0.0
2073,0.021725560690713967,-0.06923339907451666,1.285510358249766,0.12576015759624476,0.20412972035032528,0.4025411457894811,-0.3086357479592415,0.015444673228827383,-0.2912418041904635,0.9245573104402203,0.596092660985773,0.9751140741611305,-0.23554009851846266,0.0
2074,-0.1502346449069316,-1.132050792705702,1.285510358249766,0.12576015759624476,-1.194401875621248,0.4025411457894811,0.5695836485823832,0.015444673228827383,0.03279813454634018,0.9245573104402203,0.596092660985773,-1.0255210405616166,-0.23554009851846266,0.0
2075,-0.3565868916241063,-1.1780933123090649,1.285510358249766,0.12576015759624476,-1.194401875621248,0.4025411457894811,0.5695836485823832,-0.34368298104148653,0.3568380732831439,0.9245573104402203,0.596092660985773,0.9751140741611305,-0.23554009851846266,0.0
2076,-1.1562018476531581,-1.5226355748289113,1.285510358249766,0.12576015759624476,0.20412972035032528,0.4025411457894811,1.4478030451240078,-0.7028106353118004,0.03279813454634018,-1.141783396970835,0.596092660985773,-1.0255210405616166,-0.23554009851846266,0.0
2077,-0.59733117946081,1.721199985946511,1.285510358249766,-1.4825725245512835,-1.194401875621248,-2.48421809909334,-1.1868551445008662,-1.4210659438524282,2.3010777057039657,-1.141783396970835,0.596092660985773,0.9751140741611305,-0.23554009851846266,0.0
2078,4.613063050147851,-1.1780933123090649,1.285510358249766,0.12576015759624476,-1.194401875621248,0.4025411457894811,0.5695836485823832,-0.34368298104148653,0.3568380732831439,1.957727664145748,0.596092660985773,0.9751140741611305,-0.23554009851846266,0.0
2079,0.5286642467925731,-1.2848452677293336,1.285510358249766,-1.4825725245512835,-1.194401875621248,0.4025411457894811,1.4478030451240078,-0.34368298104148653,0.03279813454634018,-0.10861304326530741,-1.6775915314009666,-1.0255210405616166,-0.23554009851846266,0.0
2080,-1.422740166329509,-1.132050792705702,1.285510358249766,0.12576015759624476,-1.194401875621248,0.4025411457894811,0.5695836485823832,0.015444673228827383,0.03279813454634018,1.957727664145748,0.596092660985773,-1.0255210405616166,-0.23554009851846266,0.0
2081,-1.4829262382886848,-1.132050792705702,1.285510358249766,0.12576015759624476,-1.194401875621248,0.4025411457894811,0.5695836485823832,0.015444673228827383,0.03279813454634018,-0.10861304326530741,0.596092660985773,-1.0255210405616166,-0.23554009851846266,0.0
2082,1.1497845094112689,0.26223022423390774,1.285510358249766,0.12576015759624476,0.20412972035032528,0.4025411457894811,-1.1868551445008662,0.37457232749914127,-0.6152817429272672,0.9245573104402203,-1.6775915314009666,0.9751140741611305,-0.23554009851846266,0.0
2083,0.9159186297984709,-0.12459671560777764,1.285510358249766,0.12576015759624476,0.20412972035032528,0.4025411457894811,-1.1868551445008662,0.37457232749914127,0.03279813454634018,-0.10861304326530741,0.596092660985773,0.9751140741611305,-0.23554009851846266,0.0
2084,-0.4597630149826936,-1.5226355748289113,1.285510358249766,0.12576015759624476,0.20412972035032528,0.4025411457894811,1.4478030451240078,-0.7028106353118004,0.03279813454634018,0.9245573104402203,0.596092660985773,-1.0255210405616166,-0.23554009851846266,0.0
2085,-0.8036834261779848,1.721199985946511,1.285510358249766,-1.4825725245512835,-1.194401875621248,-2.48421809909334,-1.1868551445008662,-1.4210659438524282,2.3010777057039657,0.9245573104402203,0.596092660985773,0.9751140741611305,-0.23554009851846266,0.0
2086,-0.37378291218387083,1.721199985946511,1.285510358249766,-1.4825725245512835,-1.194401875621248,-2.48421809909334,-1.1868551445008662,-1.4210659438524282,2.3010777057039657,-0.10861304326530741,0.596092660985773,0.9751140741611305,-0.23554009851846266,0.0
2087,-0.6317232205803393,-1.5313323165745925,1.285510358249766,-1.4825725245512835,0.20412972035032528,0.4025411457894811,1.4478030451240078,-1.4210659438524282,0.03279813454634018,0.9245573104402203,0.596092660985773,0.9751140741611305,-0.23554009851846266,0.0
2088,-0.029862500988579704,-1.4590051197325637,1.285510358249766,-1.4825725245512835,-1.194401875621248,0.4025411457894811,1.4478030451240078,-1.4210659438524282,0.03279813454634018,-1.141783396970835,0.596092660985773,-1.0255210405616166,-0.23554009851846266,0.0
2089,-1.371152104650215,-1.5226355748289113,1.285510358249766,0.12576015759624476,0.20412972035032528,0.4025411457894811,1.4478030451240078,-0.7028106353118004,0.03279813454634018,-0.10861304326530741,0.596092660985773,-1.0255210405616166,-0.23554009851846266,0.0
2090,-0.18462668602646073,1.4142387366208409,1.285510358249766,3.3424255218913017,0.20412972035032528,0.4025411457894811,-0.3086357479592415,2.5293382531210247,-0.6152817429272672,-1.141783396970835,0.596092660985773,-1.0255210405616166,4.245561610485679,0.0
2091,-1.4399361868892735,-1.132050792705702,1.285510358249766,0.12576015759624476,-1.194401875621248,0.4025411457894811,0.5695836485823832,0.015444673228827383,0.03279813454634018,-0.10861304326530741,0.596092660985773,-1.0255210405616166,-0.23554009851846266,0.0
2092,0.176489745728595,-0.6875505137670367,1.285510358249766,0.12576015759624476,0.20412972035032528,0.4025411457894811,0.5695836485823832,0.015444673228827383,0.6808780120199476,-0.10861304326530741,0.596092660985773,-1.0255210405616166,-0.23554009851846266,0.0
2093,-0.49415505610222277,-1.1780933123090649,1.285510358249766,0.12576015759624476,-1.194401875621248,0.4025411457894811,0.5695836485823832,-0.34368298104148653,0.3568380732831439,0.9245573104402203,0.596092660985773,0.9751140741611305,-0.23554009851846266,0.0
2094,-0.3944181368555883,0.26223022423390774,1.285510358249766,0.12576015759624476,0.20412972035032528,0.4025411457894811,-1.1868551445008662,0.37457232749914127,-0.6152817429272672,-1.141783396970835,-1.6775915314009666,0.9751140741611305,-0.23554009851846266,0.0
2095,0.0165667545227846,0.5394105501434547,1.285510358249766,0.12576015759624476,0.20412972035032528,0.4025411457894811,0.5695836485823832,0.015444673228827383,0.03279813454634018,0.9245573104402203,-1.6775915314009666,-1.0255210405616166,-0.23554009851846266,0.0
2096,-0.3755025142398473,0.5394105501434547,1.285510358249766,0.12576015759624476,0.20412972035032528,0.4025411457894811,0.5695836485823832,0.015444673228827383,0.03279813454634018,0.9245573104402203,-1.6775915314009666,-1.0255210405616166,-0.23554009851846266,0.0
2097,0.3140579102067114,0.7744617386380273,1.285510358249766,3.3424255218913017,3.0011929122934715,-2.48421809909334,-2.9432939375841154,-1.7801935981227421,-0.6152817429272672,0.9245573104402203,0.596092660985773,0.9751140741611305,-0.23554009851846266,0.0
2098,0.527288565147792,0.26223022423390774,1.285510358249766,0.12576015759624476,0.20412972035032528,0.4025411457894811,-1.1868551445008662,0.37457232749914127,-0.6152817429272672,-0.10861304326530741,-1.6775915314009666,0.9751140741611305,-0.23554009851846266,0.0
2099,2.454962469897399,0.5394105501434547,1.285510358249766,0.12576015759624476,0.20412972035032528,0.4025411457894811,0.5695836485823832,0.015444673228827383,0.03279813454634018,0.9245573104402203,-1.6775915314009666,-1.0255210405616166,-0.23554009851846266,0.0
2100,-1.460571411560991,-1.132050792705702,1.285510358249766,0.12576015759624476,-1.194401875621248,0.4025411457894811,0.5695836485823832,0.015444673228827383,0.03279813454634018,-0.10861304326530741,0.596092660985773,-1.0255210405616166,-0.23554009851846266,0.0
2101,-0.6317232205803393,-1.3509625471015747,1.285510358249766,-1.4825725245512835,0.20412972035032528,0.4025411457894811,1.4478030451240078,-1.0619382895821143,0.03279813454634018,-0.10861304326530741,0.596092660985773,-1.0255210405616166,-0.23554009851846266,0.0
2102,-0.35658861122616226,-1.132050792705702,1.285510358249766,0.12576015759624476,-1.194401875621248,0.4025411457894811,0.5695836485823832,0.015444673228827383,0.03279813454634018,-0.10861304326530741,0.596092660985773,-1.0255210405616166,-0.23554009851846266,0.0
2103,-0.3875397286316825,0.26223022423390774,1.285510358249766,0.12576015759624476,0.20412972035032528,0.4025411457894811,-1.1868551445008662,0.37457232749914127,-0.6152817429272672,-1.141783396970835,-1.6775915314009666,0.9751140741611305,-0.23554009851846266,0.0
2104,-0.5457431177815164,-1.3509625471015747,1.285510358249766,-1.4825725245512835,0.20412972035032528,0.4025411457894811,1.4478030451240078,-1.0619382895821143,0.03279813454634018,-1.141783396970835,0.596092660985773,-1.0255210405616166,-0.23554009851846266,0.0
2105,0.22807780740788866,-1.132050792705702,1.285510358249766,0.12576015759624476,-1.194401875621248,0.4025411457894811,0.5695836485823832,0.015444673228827383,0.03279813454634018,-1.141783396970835,0.596092660985773,-1.0255210405616166,-0.23554009851846266,0.0
2106,1.0689632127803754,0.5394105501434547,1.285510358249766,0.12576015759624476,0.20412972035032528,0.4025411457894811,0.5695836485823832,0.015444673228827383,0.03279813454634018,-0.10861304326530741,-1.6775915314009666,-1.0255210405616166,-0.23554009851846266,0.0
2107,-0.7383385480508795,0.7744617386380273,1.3410986900745234,3.3424255218913017,3.0011929122934715,-2.48421809909334,-2.9432939375841154,-1.7801935981227421,-0.6152817429272672,-0.10861304326530741,0.596092660985773,0.9751140741611305,-0.23554009851846266,0.0
2108,1.0242535593249877,0.26223022423390774,1.3410986900745234,0.12576015759624476,0.20412972035032528,0.4025411457894811,-1.1868551445008662,0.37457232749914127,-0.6152817429272672,-1.141783396970835,-1.6775915314009666,0.9751140741611305,-0.23554009851846266,0.0
2109,-1.4915242485685671,1.721199985946511,1.3410986900745234,-1.4825725245512835,-1.194401875621248,-2.48421809909334,-1.1868551445008662,-1.4210659438524282,2.3010777057039657,-0.10861304326530741,0.596092660985773,0.9751140741611305,-0.23554009851846266,0.0
2110,-0.7434973542188088,-0.6875505137670367,1.3410986900745234,0.12576015759624476,0.20412972035032528,0.4025411457894811,0.5695836485823832,0.015444673228827383,0.6808780120199476,-0.10861304326530741,0.596092660985773,-1.0255210405616166,-0.23554009851846266,0.0
2111,0.9640674873658117,1.721199985946511,1.3410986900745234,-1.4825725245512835,-1.194401875621248,-2.48421809909334,-1.1868551445008662,-1.4210659438524282,2.3010777057039657,1.957727664145748,0.596092660985773,0.9751140741611305,-0.23554009851846266,0.0
2112,0.09050964292977219,1.721199985946511,1.3410986900745234,-1.4825725245512835,-1.194401875621248,-2.48421809909334,-1.1868551445008662,-1.4210659438524282,2.3010777057039657,-0.10861304326530741,0.596092660985773,0.9751140741611305,-0.23554009851846266,0.0
2113,1.0362907737168228,0.26223022423390774,1.3410986900745234,0.12576015759624476,0.20412972035032528,0.4025411457894811,-1.1868551445008662,0.37457232749914127,-0.6152817429272672,-1.141783396970835,-1.6775915314009666,0.9751140741611305,-0.23554009851846266,0.0
2114,-1.4141421560496266,-1.132050792705702,1.3410986900745234,0.12576015759624476,-1.194401875621248,0.4025411457894811,0.5695836485823832,0.015444673228827383,0.03279813454634018,1.957727664145748,0.596092660985773,-1.0255210405616166,-0.23554009851846266,0.0
2115,-0.6661152616998683,-1.3509625471015747,1.3410986900745234,-1.4825725245512835,0.20412972035032528,0.4025411457894811,1.4478030451240078,-1.0619382895821143,0.03279813454634018,0.9245573104402203,0.596092660985773,-1.0255210405616166,-0.23554009851846266,0.0
2116,0.24871303207960613,1.721199985946511,1.3410986900745234,-1.4825725245512835,-1.194401875621248,-2.48421809909334,-1.1868551445008662,-1.4210659438524282,2.3010777057039657,-1.141783396970835,0.596092660985773,0.9751140741611305,-0.23554009851846266,0.0
2117,1.3097075006170793,0.26223022423390774,1.3410986900745234,0.12576015759624476,0.20412972035032528,0.4025411457894811,-1.1868551445008662,0.37457232749914127,-0.6152817429272672,-1.141783396970835,-1.6775915314009666,0.9751140741611305,-0.23554009851846266,0.0
2118,-0.3135968402246949,0.26223022423390774,1.3410986900745234,0.12576015759624476,0.20412972035032528,0.4025411457894811,-1.1868551445008662,0.37457232749914127,-0.6152817429272672,0.9245573104402203,-1.6775915314009666,0.9751140741611305,-0.23554009851846266,0.0
2119,-1.147603837373276,0.10176877995788004,1.3410986900745234,0.12576015759624476,0.20412972035032528,0.4025411457894811,-0.3086357479592415,-0.7028106353118004,0.6808780120199476,-1.141783396970835,0.596092660985773,-1.0255210405616166,-0.23554009851846266,0.0
2120,1.813550903018181,0.5394105501434547,1.3410986900745234,0.12576015759624476,0.20412972035032528,0.4025411457894811,0.5695836485823832,0.015444673228827383,0.03279813454634018,0.9245573104402203,-1.6775915314009666,-1.0255210405616166,-0.23554009851846266,0.0
2121,0.9887609728896336,0.26223022423390774,1.3410986900745234,0.12576015759624476,0.20412972035032528,0.4025411457894811,-1.1868551445008662,0.37457232749914127,-0.6152817429272672,-1.141783396970835,-1.6775915314009666,0.9751140741611305,-0.23554009851846266,0.0
2122,-0.12959942023521415,0.26223022423390774,1.3410986900745234,0.12576015759624476,0.20412972035032528,0.4025411457894811,-1.1868551445008662,0.37457232749914127,-0.6152817429272672,-0.10861304326530741,-1.6775915314009666,0.9751140741611305,-0.23554009851846266,0.0
2123,-1.422740166329509,-1.3607461889988168,1.3410986900745234,0.12576015759624476,0.20412972035032528,0.4025411457894811,1.4478030451240078,-1.0619382895821143,0.03279813454634018,0.9245573104402203,0.596092660985773,0.9751140741611305,-0.23554009851846266,0.0
2124,-1.147603837373276,0.10176877995788004,1.3410986900745234,0.12576015759624476,0.20412972035032528,0.4025411457894811,-0.3086357479592415,-0.7028106353118004,0.6808780120199476,-1.141783396970835,0.596092660985773,-1.0255210405616166,-0.23554009851846266,0.0
2125,-0.21385992097806047,0.26223022423390774,1.3410986900745234,0.12576015759624476,0.20412972035032528,0.4025411457894811,-1.1868551445008662,0.37457232749914127,-0.6152817429272672,0.9245573104402203,-1.6775915314009666,0.9751140741611305,-0.23554009851846266,0.0
2126,-0.39269853479961186,0.26223022423390774,1.3410986900745234,0.12576015759624476,0.20412972035032528,0.4025411457894811,-1.1868551445008662,0.37457232749914127,-0.6152817429272672,-1.141783396970835,-1.6775915314009666,0.9751140741611305,-0.23554009851846266,0.0
2127,-0.8538958062124973,-1.2848452677293336,1.3410986900745234,-1.4825725245512835,-1.194401875621248,0.4025411457894811,1.4478030451240078,-0.34368298104148653,0.03279813454634018,-0.10861304326530741,-1.6775915314009666,-1.0255210405616166,-0.23554009851846266,0.0
2128,-0.717703323379162,0.5394105501434547,1.3410986900745234,0.12576015759624476,0.20412972035032528,0.4025411457894811,0.5695836485823832,0.015444673228827383,0.03279813454634018,-0.10861304326530741,-1.6775915314009666,-1.0255210405616166,-0.23554009851846266,0.0
2129,-0.4253709738631645,-1.5226355748289113,1.3410986900745234,0.12576015759624476,0.20412972035032528,0.4025411457894811,1.4478030451240078,-0.7028106353118004,0.03279813454634018,0.9245573104402203,0.596092660985773,-1.0255210405616166,-0.23554009851846266,0.0
2130,-0.5543411280613987,-0.06923339907451666,1.3410986900745234,0.12576015759624476,0.20412972035032528,0.4025411457894811,-0.3086357479592415,0.015444673228827383,-0.2912418041904635,-1.141783396970835,0.596092660985773,0.9751140741611305,-0.23554009851846266,0.0
2131,-0.11790612625457424,-1.2848452677293336,1.3410986900745234,-1.4825725245512835,-1.194401875621248,0.4025411457894811,1.4478030451240078,-0.34368298104148653,0.03279813454634018,-1.141783396970835,-1.6775915314009666,-1.0255210405616166,-0.23554009851846266,0.0
2132,-0.3459253588770523,0.26223022423390774,1.3410986900745234,0.12576015759624476,0.20412972035032528,0.4025411457894811,-1.1868551445008662,0.37457232749914127,-0.6152817429272672,0.9245573104402203,-1.6775915314009666,0.9751140741611305,-0.23554009851846266,0.0
2133,-0.14335623668302577,0.5394105501434547,1.3410986900745234,0.12576015759624476,0.20412972035032528,0.4025411457894811,0.5695836485823832,0.015444673228827383,0.03279813454634018,-1.141783396970835,-1.6775915314009666,-1.0255210405616166,-0.23554009851846266,0.0
2134,-0.07457215444396756,0.5394105501434547,1.3410986900745234,0.12576015759624476,0.20412972035032528,0.4025411457894811,0.5695836485823832,0.015444673228827383,0.03279813454634018,-0.10861304326530741,-1.6775915314009666,-1.0255210405616166,-0.23554009851846266,0.0
2135,-0.6661152616998683,-1.3607461889988168,1.3410986900745234,0.12576015759624476,0.20412972035032528,0.4025411457894811,1.4478030451240078,-1.0619382895821143,0.03279813454634018,-1.141783396970835,0.596092660985773,0.9751140741611305,-0.23554009851846266,0.0
2136,0.6925423227271293,0.26223022423390774,1.3410986900745234,0.12576015759624476,0.20412972035032528,0.4025411457894811,-1.1868551445008662,0.37457232749914127,-0.6152817429272672,0.9245573104402203,-1.6775915314009666,0.9751140741611305,-0.23554009851846266,0.0
2137,-0.9412515906561012,1.2543676904367356,1.3410986900745234,3.3424255218913017,0.20412972035032528,0.4025411457894811,-0.3086357479592415,1.8110829445803969,-0.6152817429272672,-1.141783396970835,0.596092660985773,-1.0255210405616166,4.245561610485679,0.0
2138,-0.029862500988579704,-1.3607461889988168,1.3410986900745234,0.12576015759624476,0.20412972035032528,0.4025411457894811,1.4478030451240078,-1.0619382895821143,0.03279813454634018,-0.10861304326530741,0.596092660985773,0.9751140741611305,-0.23554009851846266,0.0
2139,1.3974072054718785,-1.132050792705702,1.3410986900745234,0.12576015759624476,-1.194401875621248,0.4025411457894811,0.5695836485823832,0.015444673228827383,0.03279813454634018,0.9245573104402203,0.596092660985773,-1.0255210405616166,-0.23554009851846266,0.0
2140,2.5158191866584056,0.26223022423390774,1.3410986900745234,0.12576015759624476,0.20412972035032528,0.4025411457894811,-1.1868551445008662,0.37457232749914127,-0.6152817429272672,-1.141783396970835,-1.6775915314009666,0.9751140741611305,-0.23554009851846266,0.0
2141,0.26797257510654243,-1.1780933123090649,1.3410986900745234,0.12576015759624476,-1.194401875621248,0.4025411457894811,0.5695836485823832,-0.34368298104148653,0.3568380732831439,0.9245573104402203,0.596092660985773,0.9751140741611305,-0.23554009851846266,0.0
2142,-1.1957526949406168,-0.11218352657470886,1.3410986900745234,0.12576015759624476,1.6026613163218986,0.4025411457894811,-0.3086357479592415,1.451955290310083,-1.5874015591376782,1.957727664145748,-1.6775915314009666,0.9751140741611305,-0.23554009851846266,0.0
2143,-0.16743066546669616,-1.3509625471015747,1.3410986900745234,-1.4825725245512835,0.20412972035032528,0.4025411457894811,1.4478030451240078,-1.0619382895821143,0.03279813454634018,-1.141783396970835,0.596092660985773,-1.0255210405616166,-0.23554009851846266,0.0
2144,-0.8036834261779848,-0.06923339907451666,1.3410986900745234,0.12576015759624476,0.20412972035032528,0.4025411457894811,-0.3086357479592415,0.015444673228827383,-0.2912418041904635,0.9245573104402203,0.596092660985773,0.9751140741611305,-0.23554009851846266,0.0
2145,-0.18462668602646073,-0.06923339907451666,1.3966870218992808,0.12576015759624476,0.20412972035032528,0.4025411457894811,-0.3086357479592415,0.015444673228827383,-0.2912418041904635,-0.10861304326530741,0.596092660985773,0.9751140741611305,-0.23554009851846266,0.0
2146,-1.1957526949406168,-0.11218352657470886,1.3966870218992808,0.12576015759624476,1.6026613163218986,0.4025411457894811,-0.3086357479592415,1.451955290310083,-1.5874015591376782,1.957727664145748,-1.6775915314009666,0.9751140741611305,-0.23554009851846266,0.0
2147,0.602951055610756,0.5394105501434547,1.3966870218992808,0.12576015759624476,0.20412972035032528,0.4025411457894811,0.5695836485823832,0.015444673228827383,0.03279813454634018,0.9245573104402203,-1.6775915314009666,-1.0255210405616166,-0.23554009851846266,0.0
2148,-0.3221948505045772,-1.3607461889988168,1.3966870218992808,0.12576015759624476,0.20412972035032528,0.4025411457894811,1.4478030451240078,-1.0619382895821143,0.03279813454634018,0.9245573104402203,0.596092660985773,0.9751140741611305,-0.23554009851846266,0.0
2149,2.164349722437378,0.5394105501434547,1.3966870218992808,0.12576015759624476,0.20412972035032528,0.4025411457894811,0.5695836485823832,0.015444673228827383,0.03279813454634018,-0.10861304326530741,-1.6775915314009666,-1.0255210405616166,-0.23554009851846266,0.0
2150,-0.03502130715650907,0.5394105501434547,1.3966870218992808,0.12576015759624476,0.20412972035032528,0.4025411457894811,0.5695836485823832,0.015444673228827383,0.03279813454634018,-0.10861304326530741,-1.6775915314009666,-1.0255210405616166,-0.23554009851846266,0.0
2151,0.5427649836515801,0.5394105501434547,1.3966870218992808,0.12576015759624476,0.20412972035032528,0.4025411457894811,0.5695836485823832,0.015444673228827383,0.03279813454634018,-1.141783396970835,-1.6775915314009666,-1.0255210405616166,-0.23554009851846266,0.0
2152,-0.31875564639262427,-1.1780933123090649,1.3966870218992808,0.12576015759624476,-1.194401875621248,0.4025411457894811,0.5695836485823832,-0.34368298104148653,0.3568380732831439,-1.141783396970835,0.596092660985773,0.9751140741611305,-0.23554009851846266,0.0
2153,0.448186870572875,-1.3607461889988168,1.3966870218992808,0.12576015759624476,0.20412972035032528,0.4025411457894811,1.4478030451240078,-1.0619382895821143,0.03279813454634018,-1.141783396970835,0.596092660985773,0.9751140741611305,-0.23554009851846266,0.0
2154,-0.10896419556349667,0.5394105501434547,1.3966870218992808,0.12576015759624476,0.20412972035032528,0.4025411457894811,0.5695836485823832,0.015444673228827383,0.03279813454634018,-0.10861304326530741,-1.6775915314009666,-1.0255210405616166,-0.23554009851846266,0.0
2155,0.5943530453308737,0.5394105501434547,1.3966870218992808,0.12576015759624476,0.20412972035032528,0.4025411457894811,0.5695836485823832,0.015444673228827383,0.03279813454634018,-0.10861304326530741,-1.6775915314009666,-1.0255210405616166,-0.23554009851846266,0.0
2156,0.2917030834790175,0.5394105501434547,1.3966870218992808,0.12576015759624476,0.20412972035032528,0.4025411457894811,0.5695836485823832,0.015444673228827383,0.03279813454634018,0.9245573104402203,-1.6775915314009666,-1.0255210405616166,-0.23554009851846266,0.0
2157,-1.1871546846607344,-0.11218352657470886,1.3966870218992808,0.12576015759624476,1.6026613163218986,0.4025411457894811,-0.3086357479592415,1.451955290310083,-1.5874015591376782,1.957727664145748,-1.6775915314009666,0.9751140741611305,-0.23554009851846266,0.0
2158,0.6115490658906383,0.5394105501434547,1.3966870218992808,0.12576015759624476,0.20412972035032528,0.4025411457894811,0.5695836485823832,0.015444673228827383,0.03279813454634018,-0.10861304326530741,-1.6775915314009666,-1.0255210405616166,-0.23554009851846266,0.0
2159,-0.464921821150623,-0.11218352657470886,1.3966870218992808,0.12576015759624476,1.6026613163218986,0.4025411457894811,-0.3086357479592415,1.451955290310083,-1.5874015591376782,1.957727664145748,-1.6775915314009666,0.9751140741611305,-0.23554009851846266,0.0
2160,0.6287450864504028,0.5394105501434547,1.3966870218992808,0.12576015759624476,0.20412972035032528,0.4025411457894811,0.5695836485823832,0.015444673228827383,0.03279813454634018,-0.10861304326530741,-1.6775915314009666,-1.0255210405616166,-0.23554009851846266,0.0
2161,-0.21405251640832984,-1.132050792705702,1.3966870218992808,0.12576015759624476,-1.194401875621248,0.4025411457894811,0.5695836485823832,0.015444673228827383,0.03279813454634018,-1.141783396970835,0.596092660985773,-1.0255210405616166,-0.23554009851846266,0.0
2162,-0.2362147477057544,1.4174343603936248,1.3966870218992808,1.734092839743773,0.20412972035032528,0.4025411457894811,-0.3086357479592415,2.1702105988507108,-0.2912418041904635,-1.141783396970835,0.596092660985773,-1.0255210405616166,4.245561610485679,0.0
2163,0.486018115804357,-1.132050792705702,1.3966870218992808,0.12576015759624476,-1.194401875621248,0.4025411457894811,0.5695836485823832,0.015444673228827383,0.03279813454634018,0.9245573104402203,0.596092660985773,-1.0255210405616166,-0.23554009851846266,0.0
2164,0.14209770460906587,-1.132050792705702,1.3966870218992808,0.12576015759624476,-1.194401875621248,0.4025411457894811,0.5695836485823832,0.015444673228827383,0.03279813454634018,0.9245573104402203,0.596092660985773,-1.0255210405616166,-0.23554009851846266,0.0
2165,-0.3221948505045772,-1.3654186397095023,1.3966870218992808,-1.4825725245512835,-1.194401875621248,0.4025411457894811,1.4478030451240078,-1.4210659438524282,0.03279813454634018,0.9245573104402203,0.596092660985773,-1.0255210405616166,-0.23554009851846266,0.0
2166,-1.4915242485685671,1.721199985946511,1.3966870218992808,-1.4825725245512835,-1.194401875621248,-2.48421809909334,-1.1868551445008662,-1.4210659438524282,2.3010777057039657,1.957727664145748,0.596092660985773,0.9751140741611305,-0.23554009851846266,0.0
2167,-0.8380754672975139,1.2543676904367356,1.3966870218992808,3.3424255218913017,0.20412972035032528,0.4025411457894811,-0.3086357479592415,1.8110829445803969,-0.6152817429272672,-1.141783396970835,0.596092660985773,-1.0255210405616166,4.245561610485679,0.0
2168,0.9989754091021338,0.26223022423390774,1.3966870218992808,0.12576015759624476,0.20412972035032528,0.4025411457894811,-1.1868551445008662,0.37457232749914127,-0.6152817429272672,-1.141783396970835,-1.6775915314009666,0.9751140741611305,-0.23554009851846266,0.0
2169,-0.05221732771627363,0.5394105501434547,1.3966870218992808,0.12576015759624476,0.20412972035032528,0.4025411457894811,0.5695836485823832,0.015444673228827383,0.03279813454634018,-0.10861304326530741,-1.6775915314009666,-1.0255210405616166,-0.23554009851846266,0.0
2170,-0.20182270658622528,-0.06923339907451666,1.3966870218992808,0.12576015759624476,0.20412972035032528,0.4025411457894811,-0.3086357479592415,0.015444673228827383,-0.2912418041904635,-1.141783396970835,0.596092660985773,0.9751140741611305,-0.23554009851846266,0.0
2171,1.481667706214725,0.26223022423390774,1.3966870218992808,0.12576015759624476,0.20412972035032528,0.4025411457894811,-1.1868551445008662,0.37457232749914127,-0.6152817429272672,-1.141783396970835,-1.6775915314009666,0.9751140741611305,-0.23554009851846266,0.0
2172,-1.181995878492805,-1.132050792705702,1.3966870218992808,0.12576015759624476,-1.194401875621248,0.4025411457894811,0.5695836485823832,0.015444673228827383,0.03279813454634018,-1.141783396970835,0.596092660985773,-1.0255210405616166,-0.23554009851846266,0.0
2173,-0.40380716408121975,0.26223022423390774,1.3966870218992808,0.12576015759624476,0.20412972035032528,0.4025411457894811,-1.1868551445008662,0.37457232749914127,-0.6152817429272672,-0.10861304326530741,-1.6775915314009666,0.9751140741611305,-0.23554009851846266,0.0
2174,-0.396997539939553,0.26223022423390774,1.3966870218992808,0.12576015759624476,0.20412972035032528,0.4025411457894811,-1.1868551445008662,0.37457232749914127,-0.6152817429272672,-0.10861304326530741,-1.6775915314009666,0.9751140741611305,-0.23554009851846266,0.0
2175,0.3931596047816284,0.5394105501434547,1.3966870218992808,0.12576015759624476,0.20412972035032528,0.4025411457894811,0.5695836485823832,0.015444673228827383,0.03279813454634018,-1.141783396970835,-1.6775915314009666,-1.0255210405616166,-0.23554009851846266,0.0
2176,0.5771570247711092,0.5394105501434547,1.4522753537240383,0.12576015759624476,0.20412972035032528,0.4025411457894811,0.5695836485823832,0.015444673228827383,0.03279813454634018,-0.10861304326530741,-1.6775915314009666,-1.0255210405616166,-0.23554009851846266,0.0
2177,-0.47523943348648173,0.26223022423390774,1.4522753537240383,0.12576015759624476,0.20412972035032528,0.4025411457894811,-1.1868551445008662,0.37457232749914127,-0.6152817429272672,0.9245573104402203,-1.6775915314009666,0.9751140741611305,-0.23554009851846266,0.0
2178,0.3931596047816284,0.5394105501434547,1.4522753537240383,0.12576015759624476,0.20412972035032528,0.4025411457894811,0.5695836485823832,0.015444673228827383,0.03279813454634018,-1.141783396970835,-1.6775915314009666,-1.0255210405616166,-0.23554009851846266,0.0
2179,-1.672082464446095,1.2033141157823306,1.4522753537240383,1.734092839743773,0.20412972035032528,0.4025411457894811,-0.3086357479592415,2.5293382531210247,-0.2912418041904635,-1.141783396970835,0.596092660985773,-1.0255210405616166,4.245561610485679,0.0
2180,-0.6852234797458787,-1.3607461889988168,1.4522753537240383,0.12576015759624476,0.20412972035032528,0.4025411457894811,1.4478030451240078,-1.0619382895821143,0.03279813454634018,-1.141783396970835,0.596092660985773,0.9751140741611305,-0.23554009851846266,0.0
2181,-0.49415505610222277,-1.132050792705702,1.4522753537240383,0.12576015759624476,-1.194401875621248,0.4025411457894811,0.5695836485823832,0.015444673228827383,0.03279813454634018,0.9245573104402203,0.596092660985773,-1.0255210405616166,-0.23554009851846266,0.0
2182,-0.35142808545617693,0.26223022423390774,1.4522753537240383,0.12576015759624476,0.20412972035032528,0.4025411457894811,-1.1868551445008662,0.37457232749914127,-0.6152817429272672,-0.10861304326530741,-1.6775915314009666,0.9751140741611305,-0.23554009851846266,0.0
2183,0.2074425827361712,-0.12459671560777764,1.4522753537240383,0.12576015759624476,0.20412972035032528,0.4025411457894811,-1.1868551445008662,0.37457232749914127,0.03279813454634018,-1.141783396970835,0.596092660985773,0.9751140741611305,-0.23554009851846266,0.0
2184,-1.4657302177289202,1.721199985946511,1.4522753537240383,-1.4825725245512835,-1.194401875621248,-2.48421809909334,-1.1868551445008662,-1.4210659438524282,2.3010777057039657,1.957727664145748,0.596092660985773,0.9751140741611305,-0.23554009851846266,0.0
2185,-1.4193009622175559,-1.132050792705702,1.4522753537240383,0.12576015759624476,-1.194401875621248,0.4025411457894811,0.5695836485823832,0.015444673228827383,0.03279813454634018,0.9245573104402203,0.596092660985773,-1.0255210405616166,-0.23554009851846266,0.0
2186,-0.08660936883580274,0.5394105501434547,1.4522753537240383,0.12576015759624476,0.20412972035032528,0.4025411457894811,0.5695836485823832,0.015444673228827383,0.03279813454634018,-0.10861304326530741,-1.6775915314009666,-1.0255210405616166,-0.23554009851846266,0.0
2187,0.6201470761705206,0.5394105501434547,1.4522753537240383,0.12576015759624476,0.20412972035032528,0.4025411457894811,0.5695836485823832,0.015444673228827383,0.03279813454634018,0.9245573104402203,-1.6775915314009666,-1.0255210405616166,-0.23554009851846266,0.0
2188,0.9984595284853408,0.5394105501434547,1.4522753537240383,0.12576015759624476,0.20412972035032528,0.4025411457894811,0.5695836485823832,0.015444673228827383,0.03279813454634018,0.9245573104402203,-1.6775915314009666,-1.0255210405616166,-0.23554009851846266,0.0
2189,0.8952834051267535,0.5394105501434547,1.4522753537240383,0.12576015759624476,0.20412972035032528,0.4025411457894811,0.5695836485823832,0.015444673228827383,0.03279813454634018,0.9245573104402203,-1.6775915314009666,-1.0255210405616166,-0.23554009851846266,0.0
2190,-1.0186336831750418,-0.06923339907451666,1.4522753537240383,0.12576015759624476,0.20412972035032528,0.4025411457894811,-0.3086357479592415,0.015444673228827383,-0.2912418041904635,-1.141783396970835,0.596092660985773,0.9751140741611305,-0.23554009851846266,0.0
2191,-1.4107029519376737,-1.132050792705702,1.4522753537240383,0.12576015759624476,-1.194401875621248,0.4025411457894811,0.5695836485823832,0.015444673228827383,0.03279813454634018,0.9245573104402203,0.596092660985773,-1.0255210405616166,-0.23554009851846266,0.0
2192,-0.525107893109799,0.26223022423390774,1.4522753537240383,0.12576015759624476,0.20412972035032528,0.4025411457894811,-1.1868551445008662,0.37457232749914127,-0.6152817429272672,0.9245573104402203,-1.6775915314009666,0.9751140741611305,-0.23554009851846266,0.0
2193,-1.6548864438863304,-0.06923339907451666,1.4522753537240383,0.12576015759624476,0.20412972035032528,0.4025411457894811,-0.3086357479592415,0.015444673228827383,-0.2912418041904635,0.9245573104402203,0.596092660985773,0.9751140741611305,-0.23554009851846266,0.0
2194,1.4833873082707014,0.4634122513595858,1.4522753537240383,0.12576015759624476,0.20412972035032528,0.4025411457894811,-0.3086357479592415,0.37457232749914127,-0.2912418041904635,-1.141783396970835,0.596092660985773,0.9751140741611305,-0.23554009851846266,0.0
2195,-0.8208794467377494,-1.287887575170266,1.4522753537240383,-1.4825725245512835,-1.194401875621248,0.4025411457894811,1.4478030451240078,-0.7028106353118004,0.03279813454634018,-0.10861304326530741,0.596092660985773,-1.0255210405616166,-0.23554009851846266,0.0
2196,0.486018115804357,1.721199985946511,1.4522753537240383,-1.4825725245512835,-1.194401875621248,-2.48421809909334,-1.1868551445008662,-1.4210659438524282,2.3010777057039657,1.957727664145748,0.596092660985773,0.9751140741611305,-0.23554009851846266,0.0
2197,-0.5801351589010455,-1.5313323165745925,1.4522753537240383,-1.4825725245512835,0.20412972035032528,0.4025411457894811,1.4478030451240078,-1.4210659438524282,0.03279813454634018,0.9245573104402203,0.596092660985773,0.9751140741611305,-0.23554009851846266,0.0
2198,-1.2370231442840516,-0.11218352657470886,1.4522753537240383,0.12576015759624476,1.6026613163218986,0.4025411457894811,-0.3086357479592415,1.451955290310083,-1.5874015591376782,0.9245573104402203,-1.6775915314009666,0.9751140741611305,-0.23554009851846266,0.0
2199,-1.4915242485685671,1.721199985946511,1.4522753537240383,-1.4825725245512835,-1.194401875621248,-2.48421809909334,-1.1868551445008662,-1.4210659438524282,2.3010777057039657,-0.10861304326530741,0.596092660985773,0.9751140741611305,-0.23554009851846266,0.0
2200,-0.2362147477057544,-1.132050792705702,1.4522753537240383,0.12576015759624476,-1.194401875621248,0.4025411457894811,0.5695836485823832,0.015444673228827383,0.03279813454634018,-0.10861304326530741,0.596092660985773,-1.0255210405616166,-0.23554009851846266,0.0
2201,-0.3221948505045772,0.5394105501434547,1.4522753537240383,0.12576015759624476,0.20412972035032528,0.4025411457894811,0.5695836485823832,0.015444673228827383,0.03279813454634018,0.9245573104402203,-1.6775915314009666,-1.0255210405616166,-0.23554009851846266,0.0
2202,-0.30499882994481264,1.721199985946511,1.4522753537240383,-1.4825725245512835,-1.194401875621248,-2.48421809909334,-1.1868551445008662,-1.4210659438524282,2.3010777057039657,-0.10861304326530741,0.596092660985773,0.9751140741611305,-0.23554009851846266,0.0
2203,0.21260138890410055,-0.11218352657470886,1.4522753537240383,0.12576015759624476,1.6026613163218986,0.4025411457894811,-0.3086357479592415,1.451955290310083,-1.5874015591376782,1.957727664145748,-1.6775915314009666,0.9751140741611305,-0.23554009851846266,0.0
2204,-0.33939087106434174,0.5394105501434547,1.4522753537240383,0.12576015759624476,0.20412972035032528,0.4025411457894811,0.5695836485823832,0.015444673228827383,0.03279813454634018,0.9245573104402203,-1.6775915314009666,-1.0255210405616166,-0.23554009851846266,0.0
2205,0.5685590144912269,0.5394105501434547,1.4522753537240383,0.12576015759624476,0.20412972035032528,0.4025411457894811,0.5695836485823832,0.015444673228827383,0.03279813454634018,-0.10861304326530741,-1.6775915314009666,-1.0255210405616166,-0.23554009851846266,0.0
2206,0.24355422591167675,-0.11218352657470886,1.4522753537240383,0.12576015759624476,1.6026613163218986,0.4025411457894811,-0.3086357479592415,1.451955290310083,-1.5874015591376782,-1.141783396970835,-1.6775915314009666,0.9751140741611305,-0.23554009851846266,0.0
2207,-0.4958746581581992,0.26223022423390774,1.4522753537240383,0.12576015759624476,0.20412972035032528,0.4025411457894811,-1.1868551445008662,0.37457232749914127,-0.6152817429272672,0.9245573104402203,-1.6775915314009666,0.9751140741611305,-0.23554009851846266,0.0
2208,0.5513629939314624,0.5394105501434547,1.4522753537240383,0.12576015759624476,0.20412972035032528,0.4025411457894811,0.5695836485823832,0.015444673228827383,0.03279813454634018,-0.10861304326530741,-1.6775915314009666,-1.0255210405616166,-0.23554009851846266,0.0
2209,0.9485910688620236,0.5394105501434547,1.4522753537240383,0.12576015759624476,0.20412972035032528,0.4025411457894811,0.5695836485823832,0.015444673228827383,0.03279813454634018,-0.10861304326530741,-1.6775915314009666,-1.0255210405616166,-0.23554009851846266,0.0
2210,-0.5096314746060109,0.26223022423390774,1.4522753537240383,0.12576015759624476,0.20412972035032528,0.4025411457894811,-1.1868551445008662,0.37457232749914127,-0.6152817429272672,-0.10861304326530741,-1.6775915314009666,0.9751140741611305,-0.23554009851846266,0.0
2211,0.3931596047816284,0.5394105501434547,1.4522753537240383,0.12576015759624476,0.20412972035032528,0.4025411457894811,0.5695836485823832,0.015444673228827383,0.03279813454634018,-1.141783396970835,-1.6775915314009666,-1.0255210405616166,-0.23554009851846266,0.0
2212,-0.3221948505045772,0.5394105501434547,1.4522753537240383,0.12576015759624476,0.20412972035032528,0.4025411457894811,0.5695836485823832,0.015444673228827383,0.03279813454634018,0.9245573104402203,-1.6775915314009666,-1.0255210405616166,-0.23554009851846266,0.0
2213,0.9657870894217881,0.5394105501434547,1.4522753537240383,0.12576015759624476,0.20412972035032528,0.4025411457894811,0.5695836485823832,0.015444673228827383,0.03279813454634018,-0.10861304326530741,-1.6775915314009666,-1.0255210405616166,-0.23554009851846266,0.0
2214,0.7439584242008254,1.721199985946511,1.4522753537240383,-1.4825725245512835,-1.194401875621248,-2.48421809909334,-1.1868551445008662,-1.4210659438524282,2.3010777057039657,-0.10861304326530741,0.596092660985773,0.9751140741611305,-0.23554009851846266,0.0
2215,-0.11584260378740249,-1.3786953435729568,1.4522753537240383,-1.4825725245512835,-1.194401875621248,0.4025411457894811,1.4478030451240078,-1.4210659438524282,0.03279813454634018,0.9245573104402203,0.596092660985773,-1.0255210405616166,-0.23554009851846266,0.0
2216,-0.23105594153782502,-1.2848452677293336,1.4522753537240383,-1.4825725245512835,-1.194401875621248,0.4025411457894811,1.4478030451240078,-0.34368298104148653,0.03279813454634018,-0.10861304326530741,-1.6775915314009666,-1.0255210405616166,-0.23554009851846266,0.0
2217,-1.0341101016788299,0.26223022423390774,1.4522753537240383,0.12576015759624476,0.20412972035032528,0.4025411457894811,-1.1868551445008662,0.37457232749914127,-0.6152817429272672,-1.141783396970835,-1.6775915314009666,0.9751140741611305,-0.23554009851846266,0.0
2218,0.5376061774836507,-1.132050792705702,1.4522753537240383,0.12576015759624476,-1.194401875621248,0.4025411457894811,0.5695836485823832,0.015444673228827383,0.03279813454634018,-0.10861304326530741,0.596092660985773,-1.0255210405616166,-0.23554009851846266,0.0
2219,2.555825728490698,0.26223022423390774,1.4522753537240383,0.12576015759624476,0.20412972035032528,0.4025411457894811,-1.1868551445008662,0.37457232749914127,-0.6152817429272672,-0.10861304326530741,-1.6775915314009666,0.9751140741611305,-0.23554009851846266,0.0
2220,-0.6970680987074446,0.5394105501434547,1.4522753537240383,0.12576015759624476,0.20412972035032528,0.4025411457894811,0.5695836485823832,0.015444673228827383,0.03279813454634018,0.9245573104402203,-1.6775915314009666,-1.0255210405616166,-0.23554009851846266,0.0
2221,-1.1132117962537469,1.2487918616792375,1.4522753537240383,1.734092839743773,0.20412972035032528,0.4025411457894811,-0.3086357479592415,1.451955290310083,-0.9393216816640708,-1.141783396970835,0.596092660985773,-1.0255210405616166,4.245561610485679,0.0
2222,-1.4915242485685671,-1.3664521180311011,1.4522753537240383,-1.4825725245512835,-1.194401875621248,0.4025411457894811,1.4478030451240078,-1.4210659438524282,0.03279813454634018,0.9245573104402203,0.596092660985773,-1.0255210405616166,-0.23554009851846266,0.0
2223,0.3931596047816284,0.5394105501434547,1.4522753537240383,0.12576015759624476,0.20412972035032528,0.4025411457894811,0.5695836485823832,0.015444673228827383,0.03279813454634018,-1.141783396970835,-1.6775915314009666,-1.0255210405616166,-0.23554009851846266,0.0
2224,-0.7641325788905263,0.5394105501434547,1.4522753537240383,0.12576015759624476,0.20412972035032528,0.4025411457894811,0.5695836485823832,0.015444673228827383,0.03279813454634018,0.9245573104402203,-1.6775915314009666,-1.0255210405616166,-0.23554009851846266,0.0
2225,0.6115490658906383,0.5394105501434547,1.4522753537240383,0.12576015759624476,0.20412972035032528,0.4025411457894811,0.5695836485823832,0.015444673228827383,0.03279813454634018,-0.10861304326530741,-1.6775915314009666,-1.0255210405616166,-0.23554009851846266,0.0
2226,0.3931596047816284,0.5394105501434547,1.4522753537240383,0.12576015759624476,0.20412972035032528,0.4025411457894811,0.5695836485823832,0.015444673228827383,0.03279813454634018,-1.141783396970835,-1.6775915314009666,-1.0255210405616166,-0.23554009851846266,0.0
2227,-0.7813285994502909,0.5394105501434547,1.4522753537240383,0.12576015759624476,0.20412972035032528,0.4025411457894811,0.5695836485823832,0.015444673228827383,0.03279813454634018,0.9245573104402203,-1.6775915314009666,-1.0255210405616166,-0.23554009851846266,0.0
2228,-0.7280209357150207,0.5394105501434547,1.4522753537240383,0.12576015759624476,0.20412972035032528,0.4025411457894811,0.5695836485823832,0.015444673228827383,0.03279813454634018,0.9245573104402203,-1.6775915314009666,-1.0255210405616166,-0.23554009851846266,0.0
2229,0.26762865469534713,-0.11218352657470886,1.4522753537240383,0.12576015759624476,1.6026613163218986,0.4025411457894811,-0.3086357479592415,1.451955290310083,-1.5874015591376782,-1.141783396970835,-1.6775915314009666,0.9751140741611305,-0.23554009851846266,0.0
2230,0.19712497040031246,-0.11218352657470886,1.4522753537240383,0.12576015759624476,1.6026613163218986,0.4025411457894811,-0.3086357479592415,1.451955290310083,-1.5874015591376782,1.957727664145748,-1.6775915314009666,0.9751140741611305,-0.23554009851846266,0.0
2231,0.19884457245628892,-0.11218352657470886,1.4522753537240383,0.12576015759624476,1.6026613163218986,0.4025411457894811,-0.3086357479592415,1.451955290310083,-1.5874015591376782,1.957727664145748,-1.6775915314009666,0.9751140741611305,-0.23554009851846266,0.0
2232,0.176489745728595,-0.12459671560777764,1.4522753537240383,0.12576015759624476,0.20412972035032528,0.4025411457894811,-1.1868551445008662,0.37457232749914127,0.03279813454634018,-1.141783396970835,0.596092660985773,0.9751140741611305,-0.23554009851846266,0.0
2233,-0.7813285994502909,0.5394105501434547,1.4522753537240383,0.12576015759624476,0.20412972035032528,0.4025411457894811,0.5695836485823832,0.015444673228827383,0.03279813454634018,0.9245573104402203,-1.6775915314009666,-1.0255210405616166,-0.23554009851846266,0.0
2234,-0.7452169562747852,0.5394105501434547,1.4522753537240383,0.12576015759624476,0.20412972035032528,0.4025411457894811,0.5695836485823832,0.015444673228827383,0.03279813454634018,0.9245573104402203,-1.6775915314009666,-1.0255210405616166,-0.23554009851846266,0.0
2235,-0.7486561603867382,0.5394105501434547,1.4522753537240383,0.12576015759624476,0.20412972035032528,0.4025411457894811,0.5695836485823832,0.015444673228827383,0.03279813454634018,0.9245573104402203,-1.6775915314009666,-1.0255210405616166,-0.23554009851846266,0.0
2236,-0.30499882994481264,-1.3654186397095023,1.4522753537240383,-1.4825725245512835,-1.194401875621248,0.4025411457894811,1.4478030451240078,-1.4210659438524282,0.03279813454634018,0.9245573104402203,0.596092660985773,-1.0255210405616166,-0.23554009851846266,0.0
2237,2.594250236431492,0.26223022423390774,1.5078636855487957,0.12576015759624476,0.20412972035032528,0.4025411457894811,-1.1868551445008662,0.37457232749914127,-0.6152817429272672,-0.10861304326530741,-1.6775915314009666,0.9751140741611305,-0.23554009851846266,0.0
2238,2.630361879606997,0.26223022423390774,1.5078636855487957,0.12576015759624476,0.20412972035032528,0.4025411457894811,-1.1868551445008662,0.37457232749914127,-0.6152817429272672,-0.10861304326530741,-1.6775915314009666,0.9751140741611305,-0.23554009851846266,0.0
2239,-0.67987207814768,0.5394105501434547,1.5078636855487957,0.12576015759624476,0.20412972035032528,0.4025411457894811,0.5695836485823832,0.015444673228827383,0.03279813454634018,0.9245573104402203,-1.6775915314009666,-1.0255210405616166,-0.23554009851846266,0.0
2240,0.06280341460387955,-0.6875505137670367,1.5078636855487957,0.12576015759624476,0.20412972035032528,0.4025411457894811,0.5695836485823832,0.015444673228827383,0.6808780120199476,-0.10861304326530741,0.596092660985773,-1.0255210405616166,-0.23554009851846266,0.0
2241,0.5943530453308737,0.5394105501434547,1.5078636855487957,0.12576015759624476,0.20412972035032528,0.4025411457894811,0.5695836485823832,0.015444673228827383,0.03279813454634018,-0.10861304326530741,-1.6775915314009666,-1.0255210405616166,-0.23554009851846266,0.0
2242,0.9107598236305415,0.7744617386380273,1.5078636855487957,3.3424255218913017,3.0011929122934715,-2.48421809909334,-2.9432939375841154,-1.7801935981227421,-0.6152817429272672,0.9245573104402203,0.596092660985773,0.9751140741611305,-0.23554009851846266,0.0
2243,0.3931596047816284,0.5394105501434547,1.5078636855487957,0.12576015759624476,0.20412972035032528,0.4025411457894811,0.5695836485823832,0.015444673228827383,0.03279813454634018,-0.10861304326530741,-1.6775915314009666,-1.0255210405616166,-0.23554009851846266,0.0
2244,0.3931596047816284,0.5394105501434547,1.5078636855487957,0.12576015759624476,0.20412972035032528,0.4025411457894811,0.5695836485823832,0.015444673228827383,0.03279813454634018,-0.10861304326530741,-1.6775915314009666,-1.0255210405616166,-0.23554009851846266,0.0
2245,0.3931596047816284,0.5394105501434547,1.5078636855487957,0.12576015759624476,0.20412972035032528,0.4025411457894811,0.5695836485823832,0.015444673228827383,0.03279813454634018,-0.10861304326530741,-1.6775915314009666,-1.0255210405616166,-0.23554009851846266,0.0
2246,0.5513629939314624,0.26223022423390774,1.5078636855487957,0.12576015759624476,0.20412972035032528,0.4025411457894811,-1.1868551445008662,0.37457232749914127,-0.6152817429272672,-1.141783396970835,-1.6775915314009666,0.9751140741611305,-0.23554009851846266,0.0
2247,0.6321842905623557,0.26223022423390774,1.5078636855487957,0.12576015759624476,0.20412972035032528,0.4025411457894811,-1.1868551445008662,0.37457232749914127,-0.6152817429272672,0.9245573104402203,-1.6775915314009666,0.9751140741611305,-0.23554009851846266,0.0
2248,-0.31909956680381957,-1.2848452677293336,1.5078636855487957,-1.4825725245512835,-1.194401875621248,0.4025411457894811,1.4478030451240078,-0.34368298104148653,0.03279813454634018,-1.141783396970835,-1.6775915314009666,-1.0255210405616166,-0.23554009851846266,0.0
2249,0.4660707319550301,-1.2848452677293336,1.5078636855487957,-1.4825725245512835,-1.194401875621248,0.4025411457894811,1.4478030451240078,-0.34368298104148653,0.03279813454634018,-0.10861304326530741,-1.6775915314009666,-1.0255210405616166,-0.23554009851846266,0.0
2250,0.9485910688620236,0.5394105501434547,1.5078636855487957,0.12576015759624476,0.20412972035032528,0.4025411457894811,0.5695836485823832,0.015444673228827383,0.03279813454634018,-1.141783396970835,-1.6775915314009666,-1.0255210405616166,-0.23554009851846266,0.0
2251,-1.2026311031645225,-0.11218352657470886,1.5078636855487957,0.12576015759624476,1.6026613163218986,0.4025411457894811,-0.3086357479592415,1.451955290310083,-1.5874015591376782,1.957727664145748,-1.6775915314009666,0.9751140741611305,-0.23554009851846266,0.0
2252,-0.2699189480028929,-1.2848452677293336,1.5078636855487957,-1.4825725245512835,-1.194401875621248,0.4025411457894811,1.4478030451240078,-0.34368298104148653,0.03279813454634018,-1.141783396970835,-1.6775915314009666,-1.0255210405616166,-0.23554009851846266,0.0
2253,-0.2362147477057544,-1.2848452677293336,1.5078636855487957,-1.4825725245512835,-1.194401875621248,0.4025411457894811,1.4478030451240078,-0.34368298104148653,0.03279813454634018,-1.141783396970835,-1.6775915314009666,-1.0255210405616166,-0.23554009851846266,0.0
2254,-0.285395366506681,-1.2848452677293336,1.5078636855487957,-1.4825725245512835,-1.194401875621248,0.4025411457894811,1.4478030451240078,-0.34368298104148653,0.03279813454634018,-1.141783396970835,-1.6775915314009666,-1.0255210405616166,-0.23554009851846266,0.0
2255,0.35601620037253695,-1.2848452677293336,1.5078636855487957,-1.4825725245512835,-1.194401875621248,0.4025411457894811,1.4478030451240078,-0.34368298104148653,0.03279813454634018,-1.141783396970835,-1.6775915314009666,-1.0255210405616166,-0.23554009851846266,0.0
2256,-0.26854326635811177,-1.2848452677293336,1.5078636855487957,-1.4825725245512835,-1.194401875621248,0.4025411457894811,1.4478030451240078,-0.34368298104148653,0.03279813454634018,-0.10861304326530741,-1.6775915314009666,-1.0255210405616166,-0.23554009851846266,0.0
2257,-0.20251054740861585,-1.2848452677293336,1.5078636855487957,-1.4825725245512835,-1.194401875621248,0.4025411457894811,1.4478030451240078,-0.34368298104148653,0.03279813454634018,-0.10861304326530741,-1.6775915314009666,-1.0255210405616166,-0.23554009851846266,0.0
2258,-0.1856584472600466,-1.2848452677293336,1.5078636855487957,-1.4825725245512835,-1.194401875621248,0.4025411457894811,1.4478030451240078,-0.34368298104148653,0.03279813454634018,-0.10861304326530741,-1.6775915314009666,-1.0255210405616166,-0.23554009851846266,0.0
2259,-0.16880634711147732,-1.2848452677293336,1.5078636855487957,-1.4825725245512835,-1.194401875621248,0.4025411457894811,1.4478030451240078,-0.34368298104148653,0.03279813454634018,-0.10861304326530741,-1.6775915314009666,-1.0255210405616166,-0.23554009851846266,0.0
2260,-0.21798696591240396,-1.2848452677293336,1.5078636855487957,-1.4825725245512835,-1.194401875621248,0.4025411457894811,1.4478030451240078,-0.34368298104148653,0.03279813454634018,-0.10861304326530741,-1.6775915314009666,-1.0255210405616166,-0.23554009851846266,0.0
2261,-0.1736212328682114,-1.2848452677293336,1.5078636855487957,-1.4825725245512835,-1.194401875621248,0.4025411457894811,1.4478030451240078,-0.34368298104148653,0.03279813454634018,-0.10861304326530741,-1.6775915314009666,-1.0255210405616166,-0.23554009851846266,0.0
2262,0.3931596047816284,0.5394105501434547,1.5078636855487957,0.12576015759624476,0.20412972035032528,0.4025411457894811,0.5695836485823832,0.015444673228827383,0.03279813454634018,-0.10861304326530741,-1.6775915314009666,-1.0255210405616166,-0.23554009851846266,0.0
2263,-0.7778893953383379,-0.06923339907451666,1.5078636855487957,0.12576015759624476,0.20412972035032528,0.4025411457894811,-0.3086357479592415,0.015444673228827383,-0.2912418041904635,0.9245573104402203,0.596092660985773,0.9751140741611305,-0.23554009851846266,0.0
2264,0.46538289113263953,0.26223022423390774,1.5078636855487957,0.12576015759624476,0.20412972035032528,0.4025411457894811,-1.1868551445008662,0.37457232749914127,-0.6152817429272672,-1.141783396970835,-1.6775915314009666,0.9751140741611305,-0.23554009851846266,0.0
2265,-1.2284251340041694,-0.11218352657470886,1.5078636855487957,0.12576015759624476,1.6026613163218986,0.4025411457894811,-0.3086357479592415,1.451955290310083,-1.5874015591376782,0.9245573104402203,-1.6775915314009666,0.9751140741611305,-0.23554009851846266,0.0
2266,-1.2077899093324518,-0.11218352657470886,1.5078636855487957,0.12576015759624476,1.6026613163218986,0.4025411457894811,-0.3086357479592415,1.451955290310083,-1.5874015591376782,1.957727664145748,-1.6775915314009666,0.9751140741611305,-0.23554009851846266,0.0
2267,-1.1940330928846403,-0.11218352657470886,1.5078636855487957,0.12576015759624476,1.6026613163218986,0.4025411457894811,-0.3086357479592415,1.451955290310083,-1.5874015591376782,1.957727664145748,-1.6775915314009666,0.9751140741611305,-0.23554009851846266,0.0
2268,-0.09727090158285677,-1.2848452677293336,1.5078636855487957,-1.4825725245512835,-1.194401875621248,0.4025411457894811,1.4478030451240078,-0.34368298104148653,0.03279813454634018,-0.10861304326530741,-1.6775915314009666,-1.0255210405616166,-0.23554009851846266,0.0
2269,-0.8442660346990292,-1.2848452677293336,1.5078636855487957,-1.4825725245512835,-1.194401875621248,0.4025411457894811,1.4478030451240078,-0.34368298104148653,0.03279813454634018,-0.10861304326530741,-1.6775915314009666,-1.0255210405616166,-0.23554009851846266,0.0
2270,-0.4975942602141757,-1.5313323165745925,1.5078636855487957,-1.4825725245512835,0.20412972035032528,0.4025411457894811,1.4478030451240078,-1.4210659438524282,0.03279813454634018,-0.10861304326530741,0.596092660985773,0.9751140741611305,-0.23554009851846266,0.0
2271,0.3931596047816284,0.5394105501434547,1.5078636855487957,0.12576015759624476,0.20412972035032528,0.4025411457894811,0.5695836485823832,0.015444673228827383,0.03279813454634018,-0.10861304326530741,-1.6775915314009666,-1.0255210405616166,-0.23554009851846266,0.0
2272,0.5290081672037684,0.26223022423390774,1.5078636855487957,0.12576015759624476,0.20412972035032528,0.4025411457894811,-1.1868551445008662,0.37457232749914127,-0.6152817429272672,-0.10861304326530741,-1.6775915314009666,0.9751140741611305,-0.23554009851846266,0.0
2273,0.34501074721428765,-0.11218352657470886,1.5078636855487957,0.12576015759624476,1.6026613163218986,0.4025411457894811,-0.3086357479592415,1.451955290310083,-1.5874015591376782,0.9245573104402203,-1.6775915314009666,0.9751140741611305,-0.23554009851846266,0.0
2274,-0.8896635289768076,1.721199985946511,1.5078636855487957,-1.4825725245512835,-1.194401875621248,-2.48421809909334,-1.1868551445008662,-1.4210659438524282,2.3010777057039657,0.9245573104402203,0.596092660985773,0.9751140741611305,-0.23554009851846266,0.0
2275,-0.8638694981371607,-0.06923339907451666,1.5078636855487957,0.12576015759624476,0.20412972035032528,0.4025411457894811,-0.3086357479592415,0.015444673228827383,-0.2912418041904635,-1.141783396970835,0.596092660985773,0.9751140741611305,-0.23554009851846266,0.0
2276,-1.4261793704414618,0.7744617386380273,1.5078636855487957,3.3424255218913017,3.0011929122934715,-2.48421809909334,-2.9432939375841154,-1.7801935981227421,-0.6152817429272672,-0.10861304326530741,0.596092660985773,0.9751140741611305,-0.23554009851846266,0.0
2277,-0.25684997237747187,0.26223022423390774,1.5078636855487957,0.12576015759624476,0.20412972035032528,0.4025411457894811,-1.1868551445008662,0.37457232749914127,-0.6152817429272672,0.9245573104402203,-1.6775915314009666,0.9751140741611305,-0.23554009851846266,0.0
2278,0.3931596047816284,0.5394105501434547,1.5078636855487957,0.12576015759624476,0.20412972035032528,0.4025411457894811,0.5695836485823832,0.015444673228827383,0.03279813454634018,-0.10861304326530741,-1.6775915314009666,-1.0255210405616166,-0.23554009851846266,0.0
2279,0.2727874608632765,-0.11218352657470886,1.5078636855487957,0.12576015759624476,1.6026613163218986,0.4025411457894811,-0.3086357479592415,1.451955290310083,-1.5874015591376782,-0.10861304326530741,-1.6775915314009666,0.9751140741611305,-0.23554009851846266,0.0
2280,0.3003010937588998,-0.11218352657470886,1.5078636855487957,0.12576015759624476,1.6026613163218986,0.4025411457894811,-0.3086357479592415,1.451955290310083,-1.5874015591376782,-0.10861304326530741,-1.6775915314009666,0.9751140741611305,-0.23554009851846266,0.0
2281,-0.7830482015062673,0.5394105501434547,1.5078636855487957,0.12576015759624476,0.20412972035032528,0.4025411457894811,0.5695836485823832,0.015444673228827383,0.03279813454634018,-0.10861304326530741,-1.6775915314009666,-1.0255210405616166,-0.23554009851846266,0.0
2282,-0.7658521809465028,0.5394105501434547,1.5078636855487957,0.12576015759624476,0.20412972035032528,0.4025411457894811,0.5695836485823832,0.015444673228827383,0.03279813454634018,0.9245573104402203,-1.6775915314009666,-1.0255210405616166,-0.23554009851846266,0.0
2283,0.02860396891461979,0.5394105501434547,1.5078636855487957,0.12576015759624476,0.20412972035032528,0.4025411457894811,0.5695836485823832,0.015444673228827383,0.03279813454634018,0.9245573104402203,-1.6775915314009666,-1.0255210405616166,-0.23554009851846266,0.0
2284,-0.3221948505045772,0.5394105501434547,1.5078636855487957,0.12576015759624476,0.20412972035032528,0.4025411457894811,0.5695836485823832,0.015444673228827383,0.03279813454634018,0.9245573104402203,-1.6775915314009666,-1.0255210405616166,-0.23554009851846266,0.0
2285,0.28654427731108817,-0.11218352657470886,1.5078636855487957,0.12576015759624476,1.6026613163218986,0.4025411457894811,-0.3086357479592415,1.451955290310083,-1.5874015591376782,-0.10861304326530741,-1.6775915314009666,0.9751140741611305,-0.23554009851846266,0.0
2286,0.3278147266545231,-0.11218352657470886,1.5078636855487957,0.12576015759624476,1.6026613163218986,0.4025411457894811,-0.3086357479592415,1.451955290310083,-1.5874015591376782,-0.10861304326530741,-1.6775915314009666,0.9751140741611305,-0.23554009851846266,0.0
2287,0.37252438010991096,-0.11218352657470886,1.5078636855487957,0.12576015759624476,1.6026613163218986,0.4025411457894811,-0.3086357479592415,1.451955290310083,-1.5874015591376782,0.9245573104402203,-1.6775915314009666,0.9751140741611305,-0.23554009851846266,0.0
2288,-0.5285470972217519,-1.132050792705702,1.5078636855487957,0.12576015759624476,-1.194401875621248,0.4025411457894811,0.5695836485823832,0.015444673228827383,0.03279813454634018,-0.10861304326530741,0.596092660985773,-1.0255210405616166,-0.23554009851846266,0.0
2289,-1.4915242485685671,0.7744617386380273,1.5078636855487957,3.3424255218913017,3.0011929122934715,-2.48421809909334,-2.9432939375841154,-1.7801935981227421,-0.6152817429272672,-0.10861304326530741,0.596092660985773,0.9751140741611305,-0.23554009851846266,0.0
2290,-1.422740166329509,-1.3607461889988168,1.5078636855487957,0.12576015759624476,0.20412972035032528,0.4025411457894811,1.4478030451240078,-1.0619382895821143,0.03279813454634018,-0.10861304326530741,0.596092660985773,0.9751140741611305,-0.23554009851846266,0.0
2291,-0.3565868916241063,0.26223022423390774,1.5078636855487957,0.12576015759624476,0.20412972035032528,0.4025411457894811,-1.1868551445008662,0.37457232749914127,-0.6152817429272672,-1.141783396970835,-1.6775915314009666,0.9751140741611305,-0.23554009851846266,0.0
2292,-0.3135968402246949,-0.12459671560777764,1.5078636855487957,0.12576015759624476,0.20412972035032528,0.4025411457894811,-1.1868551445008662,0.37457232749914127,0.03279813454634018,-1.141783396970835,0.596092660985773,0.9751140741611305,-0.23554009851846266,0.0
2293,0.3931596047816284,0.5394105501434547,1.5078636855487957,0.12576015759624476,0.20412972035032528,0.4025411457894811,0.5695836485823832,0.015444673228827383,0.03279813454634018,-0.10861304326530741,-1.6775915314009666,-1.0255210405616166,-0.23554009851846266,0.0
2294,-0.3686241060159415,0.5394105501434547,1.5078636855487957,0.12576015759624476,0.20412972035032528,0.4025411457894811,0.5695836485823832,0.015444673228827383,0.03279813454634018,0.9245573104402203,-1.6775915314009666,-1.0255210405616166,-0.23554009851846266,0.0
2295,0.5599610042113446,0.5394105501434547,1.5078636855487957,0.12576015759624476,0.20412972035032528,0.4025411457894811,0.5695836485823832,0.015444673228827383,0.03279813454634018,-0.10861304326530741,-1.6775915314009666,-1.0255210405616166,-0.23554009851846266,0.0
2296,-1.0753805510222647,-1.132050792705702,1.5078636855487957,0.12576015759624476,-1.194401875621248,0.4025411457894811,0.5695836485823832,0.015444673228827383,0.03279813454634018,-1.141783396970835,0.596092660985773,-1.0255210405616166,-0.23554009851846266,0.0
2297,-1.0702217448543354,-1.132050792705702,1.5078636855487957,0.12576015759624476,-1.194401875621248,0.4025411457894811,0.5695836485823832,0.015444673228827383,0.03279813454634018,-0.10861304326530741,0.596092660985773,-1.0255210405616166,-0.23554009851846266,0.0
2298,0.3931596047816284,0.5394105501434547,1.5078636855487957,0.12576015759624476,0.20412972035032528,0.4025411457894811,0.5695836485823832,0.015444673228827383,0.03279813454634018,-1.141783396970835,-1.6775915314009666,-1.0255210405616166,-0.23554009851846266,0.0
2299,1.0517671922206109,0.5394105501434547,1.5078636855487957,0.12576015759624476,0.20412972035032528,0.4025411457894811,0.5695836485823832,0.015444673228827383,0.03279813454634018,0.9245573104402203,-1.6775915314009666,-1.0255210405616166,-0.23554009851846266,0.0
2300,-0.7469365583307618,0.5394105501434547,1.5078636855487957,0.12576015759624476,0.20412972035032528,0.4025411457894811,0.5695836485823832,0.015444673228827383,0.03279813454634018,0.9245573104402203,-1.6775915314009666,-1.0255210405616166,-0.23554009851846266,0.0
2301,0.1713309395606656,-0.11218352657470886,1.5078636855487957,0.12576015759624476,1.6026613163218986,0.4025411457894811,-0.3086357479592415,1.451955290310083,-1.5874015591376782,1.957727664145748,-1.6775915314009666,0.9751140741611305,-0.23554009851846266,0.0
