,Transacted Price ($),Dist to CBD in Km,Sale Months Since Sep 2025,Num MRT Within 1km,Num Hawker Within 1km,Num Malls Within 1km,Num Hospitals Within 5km,Num Schools Within 2km,Num Parks Within 1km,Floor_Level_Category,Type_of_Sale_Encoded,Property_Type_Encoded,Market_Segment_Encoded,Type_of_Area_Encoded
0,-0.21123652521564898,1.347678103003596,-1.117102704844188,-1.1772266527131294,-1.1750595158959152,-1.296449651721583,-1.1435473902382058,-1.1185123504318384,-1.3743349027820564,-1.619746767149293,-1.2281785963876786,-0.33468835246990947,1.1249711845087873,0.0
1,-0.08763010983227769,1.347678103003596,-1.117102704844188,-1.1772266527131294,-1.1750595158959152,-1.296449651721583,-1.1435473902382058,-1.1185123504318384,-1.3743349027820564,0.947931434445314,-1.2281785963876786,-0.33468835246990947,1.1249711845087873,0.0
2,-0.3033623352601755,-0.6188809656603074,-1.117102704844188,-0.7236163828603639,-0.40792221536283074,0.6406856089579638,0.27656680628202235,-0.2866743345374679,0.16150720587017506,-0.15250208052380332,0.8142138309047251,2.9878542011404647,-0.888911657267599,0.0
3,-0.10012922384663635,1.347678103003596,-1.117102704844188,-1.1772266527131294,-1.1750595158959152,-1.296449651721583,-1.1435473902382058,-1.1185123504318384,-1.3743349027820564,0.21430909113256916,-1.2281785963876786,-0.33468835246990947,1.1249711845087873,0.0
4,1.4939099571437315,-0.3635130540549814,-1.117102704844188,0.18360415684516715,-0.40792221536283074,0.15640179378807706,-0.6701759913981298,-0.2866743345374679,-0.030473057711353863,-1.619746767149293,0.8142138309047251,-0.33468835246990947,-0.888911657267599,0.0
5,-0.4002213210783501,-1.1703071992896323,-1.117102704844188,0.6372144266979326,0.35921508517025375,0.15640179378807706,0.7499382051220984,0.5451636813569027,0.9294282601962908,0.21430909113256916,0.8142138309047251,-0.33468835246990947,-0.888911657267599,0.0
6,1.1685799955776466,1.347678103003596,-1.117102704844188,-1.1772266527131294,-1.1750595158959152,-1.296449651721583,-1.1435473902382058,-1.1185123504318384,-1.3743349027820564,0.21430909113256916,-1.2281785963876786,-0.33468835246990947,1.1249711845087873,0.0
7,-0.015634466936643967,1.347678103003596,-1.0661031164907004,-1.1772266527131294,-1.1750595158959152,-1.296449651721583,-1.1435473902382058,-1.1185123504318384,-1.3743349027820564,0.947931434445314,-1.2281785963876786,-0.33468835246990947,1.1249711845087873,0.0
8,0.7477370293592751,-0.3635130540549814,-1.0661031164907004,0.18360415684516715,-0.40792221536283074,0.15640179378807706,-0.6701759913981298,-0.2866743345374679,-0.030473057711353863,-0.8861244238365482,0.8142138309047251,-0.33468835246990947,-0.888911657267599,0.0
9,-0.2710767241280863,1.347678103003596,-1.0661031164907004,-1.1772266527131294,-1.1750595158959152,-1.296449651721583,-1.1435473902382058,-1.1185123504318384,-1.3743349027820564,-1.619746767149293,-1.2281785963876786,-0.33468835246990947,1.1249711845087873,0.0
10,-0.2710767241280863,1.347678103003596,-1.0661031164907004,-1.1772266527131294,-1.1750595158959152,-1.296449651721583,-1.1435473902382058,-1.1185123504318384,-1.3743349027820564,-1.619746767149293,-1.2281785963876786,-0.33468835246990947,1.1249711845087873,0.0
11,-0.2710767241280863,1.347678103003596,-1.0661031164907004,-1.1772266527131294,-1.1750595158959152,-1.296449651721583,-1.1435473902382058,-1.1185123504318384,-1.3743349027820564,-1.619746767149293,-1.2281785963876786,-0.33468835246990947,1.1249711845087873,0.0
12,-0.06003032119188108,1.347678103003596,-1.0661031164907004,-1.1772266527131294,-1.1750595158959152,-1.296449651721583,-1.1435473902382058,-1.1185123504318384,-1.3743349027820564,-1.619746767149293,-1.2281785963876786,-0.33468835246990947,1.1249711845087873,0.0
13,0.41781953923525383,1.347678103003596,-1.0661031164907004,-1.1772266527131294,-1.1750595158959152,-1.296449651721583,-1.1435473902382058,-1.1185123504318384,-1.3743349027820564,-1.2529355954929207,-1.2281785963876786,-0.33468835246990947,1.1249711845087873,0.0
14,0.4306135350508812,-0.9579011516250073,-1.0661031164907004,1.5444349664034636,1.1263523857033382,0.6406856089579638,0.7499382051220984,0.5451636813569027,0.7374479966147619,-1.2529355954929207,0.8142138309047251,-0.33468835246990947,-0.888911657267599,0.0
15,-0.3212991844857634,-0.6188809656603074,-1.0661031164907004,-0.7236163828603639,-0.40792221536283074,0.6406856089579638,0.27656680628202235,-0.2866743345374679,0.16150720587017506,0.5811202627889416,0.8142138309047251,2.9878542011404647,-0.888911657267599,0.0
16,0.10201045723811093,-0.6188809656603074,-1.0661031164907004,-0.7236163828603639,-0.40792221536283074,0.6406856089579638,0.27656680628202235,-0.2866743345374679,0.16150720587017506,0.947931434445314,0.8142138309047251,2.9878542011404647,-0.888911657267599,0.0
17,0.05896201909669999,-1.1703071992896323,-1.0661031164907004,0.6372144266979326,0.35921508517025375,0.15640179378807706,0.7499382051220984,0.5451636813569027,0.9294282601962908,0.947931434445314,0.8142138309047251,-0.33468835246990947,-0.888911657267599,0.0
18,-0.7984193738864014,-0.405631331168321,-1.0661031164907004,0.6372144266979326,1.1263523857033382,0.6406856089579638,-0.19680459255805374,0.12924467340971743,0.353487469451704,-0.15250208052380332,0.8142138309047251,-0.33468835246990947,-0.888911657267599,0.0
19,0.3281733192276726,1.347678103003596,-1.0661031164907004,-1.1772266527131294,-1.1750595158959152,-1.296449651721583,-1.1435473902382058,-1.1185123504318384,-1.3743349027820564,-0.8861244238365482,-1.2281785963876786,-0.33468835246990947,1.1249711845087873,0.0
20,2.128411649019523,1.347678103003596,-1.0661031164907004,-1.1772266527131294,-1.1750595158959152,-1.296449651721583,-1.1435473902382058,-1.1185123504318384,-1.3743349027820564,-0.15250208052380332,-1.2281785963876786,-0.33468835246990947,1.1249711845087873,0.0
21,-0.028674556323646367,1.347678103003596,-1.0661031164907004,-1.1772266527131294,-1.1750595158959152,-1.296449651721583,-1.1435473902382058,-1.1185123504318384,-1.3743349027820564,-1.2529355954929207,-1.2281785963876786,-0.33468835246990947,1.1249711845087873,0.0
22,2.096588091123485,-0.6188809656603074,-1.0661031164907004,-0.7236163828603639,-0.40792221536283074,0.6406856089579638,0.27656680628202235,-0.2866743345374679,0.16150720587017506,-0.5193132521801758,0.8142138309047251,2.9878542011404647,-0.888911657267599,0.0
23,-0.22485489862168434,1.347678103003596,-1.0661031164907004,-1.1772266527131294,-1.1750595158959152,-1.296449651721583,-1.1435473902382058,-1.1185123504318384,-1.3743349027820564,-1.2529355954929207,-1.2281785963876786,-0.33468835246990947,1.1249711845087873,0.0
24,-0.6298129911658752,-0.3635130540549814,-1.0661031164907004,0.18360415684516715,-0.40792221536283074,0.15640179378807706,-0.6701759913981298,-0.2866743345374679,-0.030473057711353863,-1.619746767149293,0.8142138309047251,-0.33468835246990947,-0.888911657267599,0.0
25,0.6164098765952418,1.347678103003596,-1.0661031164907004,-1.1772266527131294,-1.1750595158959152,-1.296449651721583,-1.1435473902382058,-1.1185123504318384,-1.3743349027820564,0.947931434445314,-1.2281785963876786,-0.33468835246990947,1.1249711845087873,0.0
26,-0.6601133518256763,1.347678103003596,-1.0661031164907004,-1.1772266527131294,-1.1750595158959152,-1.296449651721583,-1.1435473902382058,-1.1185123504318384,-1.3743349027820564,-1.619746767149293,-1.2281785963876786,-0.33468835246990947,1.1249711845087873,0.0
27,-0.7260348600995569,-0.9579011516250073,-1.0661031164907004,1.5444349664034636,1.1263523857033382,0.6406856089579638,0.7499382051220984,0.5451636813569027,0.7374479966147619,-0.5193132521801758,0.8142138309047251,-0.33468835246990947,-0.888911657267599,0.0
28,-0.39663395123323253,-0.6188809656603074,-1.0661031164907004,-0.7236163828603639,-0.40792221536283074,0.6406856089579638,0.27656680628202235,-0.2866743345374679,0.16150720587017506,-0.15250208052380332,0.8142138309047251,2.9878542011404647,-0.888911657267599,0.0
29,-0.7159098674486971,-1.2611749835376354,-1.0661031164907004,1.5444349664034636,1.5099210359698805,1.6092532392977372,0.7499382051220984,0.5451636813569027,1.1214085237778197,-0.8861244238365482,0.8142138309047251,-0.33468835246990947,-0.888911657267599,0.0
30,0.8072873687882269,0.24533660835983206,-1.0661031164907004,-0.27000611300759836,1.1263523857033382,1.1249694241278505,1.6966810028022505,2.208839713145644,1.1214085237778197,-0.8861244238365482,-1.2281785963876786,-0.33468835246990947,1.1249711845087873,0.0
31,-0.19220337576539315,1.347678103003596,-1.0661031164907004,-1.1772266527131294,-1.1750595158959152,-1.296449651721583,-1.1435473902382058,-1.1185123504318384,-1.3743349027820564,-0.8861244238365482,-1.2281785963876786,-0.33468835246990947,1.1249711845087873,0.0
32,0.7900679935316626,0.24533660835983206,-1.0661031164907004,-0.27000611300759836,1.1263523857033382,1.1249694241278505,1.6966810028022505,2.208839713145644,1.1214085237778197,-0.8861244238365482,-1.2281785963876786,-0.33468835246990947,1.1249711845087873,0.0
33,0.10416287914518149,0.24533660835983206,-1.0661031164907004,-0.27000611300759836,1.1263523857033382,1.1249694241278505,1.6966810028022505,2.208839713145644,1.1214085237778197,-0.15250208052380332,-1.2281785963876786,-0.33468835246990947,1.1249711845087873,0.0
34,-0.057417998470666455,1.347678103003596,-1.015103528137213,-1.1772266527131294,-1.1750595158959152,-1.296449651721583,-1.1435473902382058,-1.1185123504318384,-1.3743349027820564,-0.8861244238365482,-1.2281785963876786,-0.33468835246990947,1.1249711845087873,0.0
35,2.0582606316982486,1.347678103003596,-1.015103528137213,-1.1772266527131294,-1.1750595158959152,-1.296449651721583,-1.1435473902382058,-1.1185123504318384,-1.3743349027820564,-0.15250208052380332,-1.2281785963876786,-0.33468835246990947,1.1249711845087873,0.0
36,0.9924752924068556,-0.6188809656603074,-1.015103528137213,-0.7236163828603639,-0.40792221536283074,0.6406856089579638,0.27656680628202235,-0.2866743345374679,0.16150720587017506,-0.8861244238365482,0.8142138309047251,2.9878542011404647,-0.888911657267599,0.0
37,-0.026061516128462723,1.347678103003596,-1.015103528137213,-1.1772266527131294,-1.1750595158959152,-1.296449651721583,-1.1435473902382058,-1.1185123504318384,-1.3743349027820564,-0.8861244238365482,-1.2281785963876786,-0.33468835246990947,1.1249711845087873,0.0
38,0.36485991568575205,1.347678103003596,-1.015103528137213,-1.1772266527131294,-1.1750595158959152,-1.296449651721583,-1.1435473902382058,-1.1185123504318384,-1.3743349027820564,-0.5193132521801758,-1.2281785963876786,-0.33468835246990947,1.1249711845087873,0.0
39,-0.16195610817929978,1.347678103003596,-1.015103528137213,-1.1772266527131294,-1.1750595158959152,-1.296449651721583,-1.1435473902382058,-1.1185123504318384,-1.3743349027820564,0.21430909113256916,-1.2281785963876786,-0.33468835246990947,1.1249711845087873,0.0
40,3.029304250854055,-1.146156952292013,-1.015103528137213,1.090824696550698,0.35921508517025375,0.15640179378807706,0.7499382051220984,0.5451636813569027,0.7374479966147619,2.415176121070804,0.8142138309047251,2.9878542011404647,-0.888911657267599,0.0
41,0.05178727940646483,-1.1703071992896323,-1.015103528137213,0.6372144266979326,0.35921508517025375,0.15640179378807706,0.7499382051220984,0.5451636813569027,0.9294282601962908,-1.2529355954929207,0.8142138309047251,-0.33468835246990947,-0.888911657267599,0.0
42,-0.15959274892533631,1.347678103003596,-1.015103528137213,-1.1772266527131294,-1.1750595158959152,-1.296449651721583,-1.1435473902382058,-1.1185123504318384,-1.3743349027820564,0.21430909113256916,-1.2281785963876786,-0.33468835246990947,1.1249711845087873,0.0
43,1.428539468878061,-0.3635130540549814,-1.015103528137213,0.18360415684516715,-0.40792221536283074,0.15640179378807706,-0.6701759913981298,-0.2866743345374679,-0.030473057711353863,-1.619746767149293,0.8142138309047251,-0.33468835246990947,-0.888911657267599,0.0
44,-0.3679349924722919,0.24533660835983206,-1.015103528137213,-0.27000611300759836,1.1263523857033382,1.1249694241278505,1.6966810028022505,2.208839713145644,1.1214085237778197,-0.5193132521801758,-1.2281785963876786,-0.33468835246990947,1.1249711845087873,0.0
45,0.09268329564080523,0.24533660835983206,-1.015103528137213,-0.27000611300759836,1.1263523857033382,1.1249694241278505,1.6966810028022505,2.208839713145644,1.1214085237778197,-0.15250208052380332,-1.2281785963876786,-0.33468835246990947,1.1249711845087873,0.0
46,0.13429678584416915,0.24533660835983206,-1.015103528137213,-0.27000611300759836,1.1263523857033382,1.1249694241278505,1.6966810028022505,2.208839713145644,1.1214085237778197,-0.5193132521801758,-1.2281785963876786,-0.33468835246990947,1.1249711845087873,0.0
47,0.11564246264955774,0.24533660835983206,-1.015103528137213,-0.27000611300759836,1.1263523857033382,1.1249694241278505,1.6966810028022505,2.208839713145644,1.1214085237778197,0.21430909113256916,-1.2281785963876786,-0.33468835246990947,1.1249711845087873,0.0
48,2.024840694221133,1.347678103003596,-1.015103528137213,-1.1772266527131294,-1.1750595158959152,-1.296449651721583,-1.1435473902382058,-1.1185123504318384,-1.3743349027820564,-0.15250208052380332,-1.2281785963876786,-0.33468835246990947,1.1249711845087873,0.0
49,0.4822716608205743,-0.3538236715169052,-1.015103528137213,0.6372144266979326,0.742783735436796,0.6406856089579638,-0.19680459255805374,0.12924467340971743,0.16150720587017506,-0.5193132521801758,-1.2281785963876786,-0.33468835246990947,-0.888911657267599,0.0
50,1.3073667251976175,-1.146156952292013,-1.015103528137213,1.090824696550698,0.35921508517025375,0.15640179378807706,0.7499382051220984,0.5451636813569027,0.7374479966147619,0.21430909113256916,0.8142138309047251,2.9878542011404647,-0.888911657267599,0.0
51,0.6257664546252775,-1.146156952292013,-1.015103528137213,1.090824696550698,0.35921508517025375,0.15640179378807706,0.7499382051220984,0.5451636813569027,0.7374479966147619,0.5811202627889416,0.8142138309047251,2.9878542011404647,-0.888911657267599,0.0
52,-0.3786971020076446,-1.1703071992896323,-1.015103528137213,0.6372144266979326,0.35921508517025375,0.15640179378807706,0.7499382051220984,0.5451636813569027,0.9294282601962908,1.681553777758059,0.8142138309047251,-0.33468835246990947,-0.888911657267599,0.0
53,-0.03677053259010772,1.347678103003596,-1.015103528137213,-1.1772266527131294,-1.1750595158959152,-1.296449651721583,-1.1435473902382058,-1.1185123504318384,-1.3743349027820564,-0.8861244238365482,-1.2281785963876786,-0.33468835246990947,1.1249711845087873,0.0
54,1.0662416610580394,1.347678103003596,-1.015103528137213,-1.1772266527131294,-1.1750595158959152,-1.296449651721583,-1.1435473902382058,-1.1185123504318384,-1.3743349027820564,0.21430909113256916,-1.2281785963876786,-0.33468835246990947,1.1249711845087873,0.0
55,1.19974562984409,-1.146156952292013,-1.015103528137213,1.090824696550698,0.35921508517025375,0.15640179378807706,0.7499382051220984,0.5451636813569027,0.7374479966147619,-0.5193132521801758,0.8142138309047251,2.9878542011404647,-0.888911657267599,0.0
56,-0.34999814324670403,-1.1703071992896323,-1.015103528137213,0.6372144266979326,0.35921508517025375,0.15640179378807706,0.7499382051220984,0.5451636813569027,0.9294282601962908,-0.15250208052380332,0.8142138309047251,-0.33468835246990947,-0.888911657267599,0.0
57,0.16156079666706274,0.24533660835983206,-1.015103528137213,-0.27000611300759836,1.1263523857033382,1.1249694241278505,1.6966810028022505,2.208839713145644,1.1214085237778197,0.5811202627889416,-1.2281785963876786,-0.33468835246990947,1.1249711845087873,0.0
58,0.7764359881202157,0.24533660835983206,-1.015103528137213,-0.27000611300759836,1.1263523857033382,1.1249694241278505,1.6966810028022505,2.208839713145644,1.1214085237778197,0.5811202627889416,-1.2281785963876786,-0.33468835246990947,1.1249711845087873,0.0
59,0.01300063664105357,1.347678103003596,-1.015103528137213,-1.1772266527131294,-1.1750595158959152,-1.296449651721583,-1.1435473902382058,-1.1185123504318384,-1.3743349027820564,0.21430909113256916,-1.2281785963876786,-0.33468835246990947,1.1249711845087873,0.0
60,1.2966046156622648,-0.3538236715169052,-1.015103528137213,0.6372144266979326,0.742783735436796,0.6406856089579638,-0.19680459255805374,0.12924467340971743,0.16150720587017506,-0.5193132521801758,-1.2281785963876786,-0.33468835246990947,-0.888911657267599,0.0
61,2.139637964212834,1.347678103003596,-1.015103528137213,-1.1772266527131294,-1.1750595158959152,-1.296449651721583,-1.1435473902382058,-1.1185123504318384,-1.3743349027820564,0.21430909113256916,-1.2281785963876786,-0.33468835246990947,1.1249711845087873,0.0
62,-0.1553388457629959,1.347678103003596,-1.015103528137213,-1.1772266527131294,-1.1750595158959152,-1.296449651721583,-1.1435473902382058,-1.1185123504318384,-1.3743349027820564,0.21430909113256916,-1.2281785963876786,-0.33468835246990947,1.1249711845087873,0.0
63,0.015913580955289046,-1.1703071992896323,-1.015103528137213,0.6372144266979326,0.35921508517025375,0.15640179378807706,0.7499382051220984,0.5451636813569027,0.9294282601962908,1.3147426061016865,0.8142138309047251,-0.33468835246990947,-0.888911657267599,0.0
64,-0.8163562231119893,-0.637947052197572,-1.015103528137213,1.998045236256229,1.5099210359698805,2.093537054467624,0.7499382051220984,0.12924467340971743,0.7374479966147619,0.21430909113256916,0.8142138309047251,-0.33468835246990947,-0.888911657267599,0.0
65,0.288553689184225,-1.1703071992896323,-1.015103528137213,0.6372144266979326,0.35921508517025375,0.15640179378807706,0.7499382051220984,0.5451636813569027,0.9294282601962908,0.21430909113256916,0.8142138309047251,-0.33468835246990947,-0.888911657267599,0.0
66,0.4839469625382442,1.347678103003596,-1.015103528137213,-1.1772266527131294,-1.1750595158959152,-1.296449651721583,-1.1435473902382058,-1.1185123504318384,-1.3743349027820564,-1.2529355954929207,-1.2281785963876786,-0.33468835246990947,1.1249711845087873,0.0
67,-0.6943856483779915,-0.637947052197572,-1.015103528137213,1.998045236256229,1.5099210359698805,2.093537054467624,0.7499382051220984,0.12924467340971743,0.7374479966147619,-0.15250208052380332,0.8142138309047251,-0.33468835246990947,-0.888911657267599,0.0
68,-0.1309253590190327,1.347678103003596,-1.015103528137213,-1.1772266527131294,-1.1750595158959152,-1.296449651721583,-1.1435473902382058,-1.1185123504318384,-1.3743349027820564,-0.15250208052380332,-1.2281785963876786,-0.33468835246990947,1.1249711845087873,0.0
69,-0.8594046612534002,-0.637947052197572,-1.015103528137213,1.998045236256229,1.5099210359698805,2.093537054467624,0.7499382051220984,0.12924467340971743,0.7374479966147619,0.21430909113256916,0.8142138309047251,-0.33468835246990947,-0.888911657267599,0.0
70,-0.7374340865194026,-1.2611749835376354,-1.015103528137213,1.5444349664034636,1.5099210359698805,1.6092532392977372,0.7499382051220984,0.5451636813569027,1.1214085237778197,0.947931434445314,0.8142138309047251,-0.33468835246990947,-0.888911657267599,0.0
71,0.3452341327370828,1.347678103003596,-1.015103528137213,-1.1772266527131294,-1.1750595158959152,-1.296449651721583,-1.1435473902382058,-1.1185123504318384,-1.3743349027820564,-0.15250208052380332,-1.2281785963876786,-0.33468835246990947,1.1249711845087873,0.0
72,1.055423588553103,1.347678103003596,-1.015103528137213,-1.1772266527131294,-1.1750595158959152,-1.296449651721583,-1.1435473902382058,-1.1185123504318384,-1.3743349027820564,-0.15250208052380332,-1.2281785963876786,-0.33468835246990947,1.1249711845087873,0.0
73,-0.6666696289546131,1.347678103003596,-1.015103528137213,-1.1772266527131294,-1.1750595158959152,-1.296449651721583,-1.1435473902382058,-1.1185123504318384,-1.3743349027820564,-1.619746767149293,-1.2281785963876786,-0.33468835246990947,1.1249711845087873,0.0
74,-0.7030290572828178,1.347678103003596,-1.015103528137213,-1.1772266527131294,-1.1750595158959152,-1.296449651721583,-1.1435473902382058,-1.1185123504318384,-1.3743349027820564,-1.619746767149293,-1.2281785963876786,-0.33468835246990947,1.1249711845087873,0.0
75,-0.6369131135633319,1.347678103003596,-1.015103528137213,-1.1772266527131294,-1.1750595158959152,-1.296449651721583,-1.1435473902382058,-1.1185123504318384,-1.3743349027820564,-1.619746767149293,-1.2281785963876786,-0.33468835246990947,1.1249711845087873,0.0
76,-0.15062719420841847,1.347678103003596,-1.015103528137213,-1.1772266527131294,-1.1750595158959152,-1.296449651721583,-1.1435473902382058,-1.1185123504318384,-1.3743349027820564,0.21430909113256916,-1.2281785963876786,-0.33468835246990947,1.1249711845087873,0.0
77,0.015913580955289046,-1.1703071992896323,-1.015103528137213,0.6372144266979326,0.35921508517025375,0.15640179378807706,0.7499382051220984,0.5451636813569027,0.9294282601962908,0.21430909113256916,0.8142138309047251,-0.33468835246990947,-0.888911657267599,0.0
78,-0.6666696289546131,1.347678103003596,-1.015103528137213,-1.1772266527131294,-1.1750595158959152,-1.296449651721583,-1.1435473902382058,-1.1185123504318384,-1.3743349027820564,-1.619746767149293,-1.2281785963876786,-0.33468835246990947,1.1249711845087873,0.0
79,1.060832624805571,1.347678103003596,-1.015103528137213,-1.1772266527131294,-1.1750595158959152,-1.296449651721583,-1.1435473902382058,-1.1185123504318384,-1.3743349027820564,-0.15250208052380332,-1.2281785963876786,-0.33468835246990947,1.1249711845087873,0.0
80,2.0116398906650694,1.347678103003596,-1.015103528137213,-1.1772266527131294,-1.1750595158959152,-1.296449651721583,-1.1435473902382058,-1.1185123504318384,-1.3743349027820564,0.21430909113256916,-1.2281785963876786,-0.33468835246990947,1.1249711845087873,0.0
81,-0.6441624705463455,-0.405631331168321,-1.015103528137213,0.6372144266979326,1.1263523857033382,0.6406856089579638,-0.19680459255805374,0.12924467340971743,0.353487469451704,-1.2529355954929207,0.8142138309047251,-0.33468835246990947,-0.888911657267599,0.0
82,0.7605260028571194,1.347678103003596,-0.9641039397837253,-1.1772266527131294,-1.1750595158959152,-1.296449651721583,-1.1435473902382058,-1.1185123504318384,-1.3743349027820564,0.947931434445314,-1.2281785963876786,-0.33468835246990947,1.1249711845087873,0.0
83,-0.6778084123237033,1.347678103003596,-0.9641039397837253,-1.1772266527131294,-1.1750595158959152,-1.296449651721583,-1.1435473902382058,-1.1185123504318384,-1.3743349027820564,-1.619746767149293,-1.2281785963876786,-0.33468835246990947,1.1249711845087873,0.0
84,-0.6797570716235711,1.347678103003596,-0.9641039397837253,-1.1772266527131294,-1.1750595158959152,-1.296449651721583,-1.1435473902382058,-1.1185123504318384,-1.3743349027820564,-1.2529355954929207,-1.2281785963876786,-0.33468835246990947,1.1249711845087873,0.0
85,-0.1520685994121867,1.347678103003596,-0.9641039397837253,-1.1772266527131294,-1.1750595158959152,-1.296449651721583,-1.1435473902382058,-1.1185123504318384,-1.3743349027820564,-0.15250208052380332,-1.2281785963876786,-0.33468835246990947,1.1249711845087873,0.0
86,-0.6844120427345957,1.347678103003596,-0.9641039397837253,-1.1772266527131294,-1.1750595158959152,-1.296449651721583,-1.1435473902382058,-1.1185123504318384,-1.3743349027820564,-1.619746767149293,-1.2281785963876786,-0.33468835246990947,1.1249711845087873,0.0
87,0.6253402750876775,1.347678103003596,-0.9641039397837253,-1.1772266527131294,-1.1750595158959152,-1.296449651721583,-1.1435473902382058,-1.1185123504318384,-1.3743349027820564,1.3147426061016865,-1.2281785963876786,-0.33468835246990947,1.1249711845087873,0.0
88,0.36881104483316457,1.347678103003596,-0.9641039397837253,-1.1772266527131294,-1.1750595158959152,-1.296449651721583,-1.1435473902382058,-1.1185123504318384,-1.3743349027820564,-0.15250208052380332,-1.2281785963876786,-0.33468835246990947,1.1249711845087873,0.0
89,-0.1287887215392807,1.347678103003596,-0.9641039397837253,-1.1772266527131294,-1.1750595158959152,-1.296449651721583,-1.1435473902382058,-1.1185123504318384,-1.3743349027820564,-1.619746767149293,-1.2281785963876786,-0.33468835246990947,1.1249711845087873,0.0
90,-0.5580655942635235,0.13675088662421503,-0.9641039397837253,0.6372144266979326,1.893489686236423,0.6406856089579638,1.6966810028022505,1.7929207051984586,1.1214085237778197,-0.15250208052380332,0.8142138309047251,-0.33468835246990947,1.1249711845087873,0.0
91,-0.5221918958123478,0.13675088662421503,-0.9641039397837253,0.6372144266979326,1.893489686236423,0.6406856089579638,1.6966810028022505,1.7929207051984586,1.1214085237778197,-0.15250208052380332,0.8142138309047251,-0.33468835246990947,1.1249711845087873,0.0
92,-0.5724150736439939,0.13675088662421503,-0.9641039397837253,0.6372144266979326,1.893489686236423,0.6406856089579638,1.6966810028022505,1.7929207051984586,1.1214085237778197,0.21430909113256916,0.8142138309047251,-0.33468835246990947,1.1249711845087873,0.0
93,-0.3786971020076446,-0.9579011516250073,-0.9641039397837253,1.5444349664034636,1.1263523857033382,0.6406856089579638,0.7499382051220984,0.5451636813569027,0.7374479966147619,-0.5193132521801758,0.8142138309047251,-0.33468835246990947,-0.888911657267599,0.0
94,-0.6788265078857476,1.347678103003596,-0.9641039397837253,-1.1772266527131294,-1.1750595158959152,-1.296449651721583,-1.1435473902382058,-1.1185123504318384,-1.3743349027820564,-1.2529355954929207,-1.2281785963876786,-0.33468835246990947,1.1249711845087873,0.0
95,0.3707869681438553,1.347678103003596,-0.9641039397837253,-1.1772266527131294,-1.1750595158959152,-1.296449651721583,-1.1435473902382058,-1.1185123504318384,-1.3743349027820564,-0.15250208052380332,-1.2281785963876786,-0.33468835246990947,1.1249711845087873,0.0
96,-0.6571222028488173,1.347678103003596,-0.9641039397837253,-1.1772266527131294,-1.1750595158959152,-1.296449651721583,-1.1435473902382058,-1.1185123504318384,-1.3743349027820564,-1.619746767149293,-1.2281785963876786,-0.33468835246990947,1.1249711845087873,0.0
97,-0.002778050885711589,1.347678103003596,-0.9641039397837253,-1.1772266527131294,-1.1750595158959152,-1.296449651721583,-1.1435473902382058,-1.1185123504318384,-1.3743349027820564,-0.5193132521801758,-1.2281785963876786,-0.33468835246990947,1.1249711845087873,0.0
98,-0.6345267951423597,1.347678103003596,-0.9641039397837253,-1.1772266527131294,-1.1750595158959152,-1.296449651721583,-1.1435473902382058,-1.1185123504318384,-1.3743349027820564,0.21430909113256916,-1.2281785963876786,-0.33468835246990947,1.1249711845087873,0.0
99,-0.18908379894807892,1.347678103003596,-0.9641039397837253,-1.1772266527131294,-1.1750595158959152,-1.296449651721583,-1.1435473902382058,-1.1185123504318384,-1.3743349027820564,-1.619746767149293,-1.2281785963876786,-0.33468835246990947,1.1249711845087873,0.0
100,-0.6556886898587083,1.347678103003596,-0.9641039397837253,-1.1772266527131294,-1.1750595158959152,-1.296449651721583,-1.1435473902382058,-1.1185123504318384,-1.3743349027820564,-1.2529355954929207,-1.2281785963876786,-0.33468835246990947,1.1249711845087873,0.0
101,1.0743555741737263,1.347678103003596,-0.9641039397837253,-1.1772266527131294,-1.1750595158959152,-1.296449651721583,-1.1435473902382058,-1.1185123504318384,-1.3743349027820564,0.21430909113256916,-1.2281785963876786,-0.33468835246990947,1.1249711845087873,0.0
102,-0.6797570716235711,1.347678103003596,-0.9641039397837253,-1.1772266527131294,-1.1750595158959152,-1.296449651721583,-1.1435473902382058,-1.1185123504318384,-1.3743349027820564,-1.619746767149293,-1.2281785963876786,-0.33468835246990947,1.1249711845087873,0.0
103,0.372761456506608,1.347678103003596,-0.9641039397837253,-1.1772266527131294,-1.1750595158959152,-1.296449651721583,-1.1435473902382058,-1.1185123504318384,-1.3743349027820564,-0.15250208052380332,-1.2281785963876786,-0.33468835246990947,1.1249711845087873,0.0
104,-0.6618955571647307,1.347678103003596,-0.9641039397837253,-1.1772266527131294,-1.1750595158959152,-1.296449651721583,-1.1435473902382058,-1.1185123504318384,-1.3743349027820564,-1.619746767149293,-1.2281785963876786,-0.33468835246990947,1.1249711845087873,0.0
105,-0.06264336138706472,1.347678103003596,-0.9641039397837253,-1.1772266527131294,-1.1750595158959152,-1.296449651721583,-1.1435473902382058,-1.1185123504318384,-1.3743349027820564,-0.8861244238365482,-1.2281785963876786,-0.33468835246990947,1.1249711845087873,0.0
106,-0.6751028179865156,1.347678103003596,-0.9641039397837253,-1.1772266527131294,-1.1750595158959152,-1.296449651721583,-1.1435473902382058,-1.1185123504318384,-1.3743349027820564,-1.619746767149293,-1.2281785963876786,-0.33468835246990947,1.1249711845087873,0.0
107,-0.8177911710500363,-0.637947052197572,-0.9641039397837253,1.998045236256229,1.5099210359698805,2.093537054467624,0.7499382051220984,0.12924467340971743,0.7374479966147619,-0.5193132521801758,0.8142138309047251,-0.33468835246990947,-0.888911657267599,0.0
108,0.13788415568928672,-1.1703071992896323,-0.9641039397837253,0.6372144266979326,0.35921508517025375,0.15640179378807706,0.7499382051220984,0.5451636813569027,0.9294282601962908,0.21430909113256916,0.8142138309047251,-0.33468835246990947,-0.888911657267599,0.0
109,-0.0866600850261579,1.347678103003596,-0.9641039397837253,-1.1772266527131294,-1.1750595158959152,-1.296449651721583,-1.1435473902382058,-1.1185123504318384,-1.3743349027820564,1.3147426061016865,-1.2281785963876786,-0.33468835246990947,1.1249711845087873,0.0
110,-0.67044856434946,1.347678103003596,-0.9641039397837253,-1.1772266527131294,-1.1750595158959152,-1.296449651721583,-1.1435473902382058,-1.1185123504318384,-1.3743349027820564,-1.619746767149293,-1.2281785963876786,-0.33468835246990947,1.1249711845087873,0.0
111,-0.6778959441479241,1.347678103003596,-0.9641039397837253,-1.1772266527131294,-1.1750595158959152,-1.296449651721583,-1.1435473902382058,-1.1185123504318384,-1.3743349027820564,-1.2529355954929207,-1.2281785963876786,-0.33468835246990947,1.1249711845087873,0.0
112,-0.7266719769840498,-1.1703071992896323,-0.9641039397837253,0.6372144266979326,0.35921508517025375,0.15640179378807706,0.7499382051220984,0.5451636813569027,0.9294282601962908,-0.5193132521801758,0.8142138309047251,-0.33468835246990947,-0.888911657267599,0.0
113,-0.12758121284941412,-0.3635130540549814,-0.9641039397837253,0.18360415684516715,-0.40792221536283074,0.15640179378807706,-0.6701759913981298,-0.2866743345374679,-0.030473057711353863,-0.5193132521801758,0.8142138309047251,-0.33468835246990947,-0.888911657267599,0.0
114,-0.13223761890837674,1.347678103003596,-0.9641039397837253,-1.1772266527131294,-1.1750595158959152,-1.296449651721583,-1.1435473902382058,-1.1185123504318384,-1.3743349027820564,-1.2529355954929207,-1.2281785963876786,-0.33468835246990947,1.1249711845087873,0.0
115,1.077059733562976,1.347678103003596,-0.9641039397837253,-1.1772266527131294,-1.1750595158959152,-1.296449651721583,-1.1435473902382058,-1.1185123504318384,-1.3743349027820564,0.5811202627889416,-1.2281785963876786,-0.33468835246990947,1.1249711845087873,0.0
116,-0.6657950281863735,1.347678103003596,-0.9641039397837253,-1.1772266527131294,-1.1750595158959152,-1.296449651721583,-1.1435473902382058,-1.1185123504318384,-1.3743349027820564,-1.2529355954929207,-1.2281785963876786,-0.33468835246990947,1.1249711845087873,0.0
117,0.7333875499788048,-1.146156952292013,-0.9641039397837253,1.090824696550698,0.35921508517025375,0.15640179378807706,0.7499382051220984,0.5451636813569027,0.7374479966147619,1.681553777758059,0.8142138309047251,2.9878542011404647,-0.888911657267599,0.0
118,-0.30694970510529307,-0.405631331168321,-0.9641039397837253,0.6372144266979326,1.1263523857033382,0.6406856089579638,-0.19680459255805374,0.12924467340971743,0.353487469451704,0.21430909113256916,0.8142138309047251,-0.33468835246990947,-0.888911657267599,0.0
119,0.1594083747599922,-0.3635130540549814,-0.9641039397837253,0.18360415684516715,-0.40792221536283074,0.15640179378807706,-0.6701759913981298,-0.2866743345374679,-0.030473057711353863,-0.5193132521801758,0.8142138309047251,-0.33468835246990947,-0.888911657267599,0.0
120,-0.6642431319913756,1.347678103003596,-0.9641039397837253,-1.1772266527131294,-1.1750595158959152,-1.296449651721583,-1.1435473902382058,-1.1185123504318384,-1.3743349027820564,-1.2529355954929207,-1.2281785963876786,-0.33468835246990947,1.1249711845087873,0.0
121,-0.6587135601121115,1.347678103003596,-0.9641039397837253,-1.1772266527131294,-1.1750595158959152,-1.296449651721583,-1.1435473902382058,-1.1185123504318384,-1.3743349027820564,-1.2529355954929207,-1.2281785963876786,-0.33468835246990947,1.1249711845087873,0.0
122,0.14721131728659242,0.24533660835983206,-0.9641039397837253,-0.27000611300759836,1.1263523857033382,1.1249694241278505,1.6966810028022505,2.208839713145644,1.1214085237778197,-0.15250208052380332,-1.2281785963876786,-0.33468835246990947,1.1249711845087873,0.0
123,-0.6769646629361316,1.347678103003596,-0.9641039397837253,-1.1772266527131294,-1.1750595158959152,-1.296449651721583,-1.1435473902382058,-1.1185123504318384,-1.3743349027820564,-1.2529355954929207,-1.2281785963876786,-0.33468835246990947,1.1249711845087873,0.0
124,1.1359693687375898,1.347678103003596,-0.9641039397837253,-1.1772266527131294,-1.1750595158959152,-1.296449651721583,-1.1435473902382058,-1.1185123504318384,-1.3743349027820564,0.947931434445314,-1.2281785963876786,-0.33468835246990947,1.1249711845087873,0.0
125,-0.22802756851270634,-0.9579011516250073,-0.9641039397837253,1.5444349664034636,1.1263523857033382,0.6406856089579638,0.7499382051220984,0.5451636813569027,0.7374479966147619,-1.2529355954929207,0.8142138309047251,-0.33468835246990947,-0.888911657267599,0.0
126,2.0008454948011107,1.347678103003596,-0.9641039397837253,-1.1772266527131294,-1.1750595158959152,-1.296449651721583,-1.1435473902382058,-1.1185123504318384,-1.3743349027820564,0.21430909113256916,-1.2281785963876786,-0.33468835246990947,1.1249711845087873,0.0
127,-0.6890655788976823,1.347678103003596,-0.9641039397837253,-1.1772266527131294,-1.1750595158959152,-1.296449651721583,-1.1435473902382058,-1.1185123504318384,-1.3743349027820564,-1.619746767149293,-1.2281785963876786,-0.33468835246990947,1.1249711845087873,0.0
128,-0.6760340991983081,1.347678103003596,-0.9641039397837253,-1.1772266527131294,-1.1750595158959152,-1.296449651721583,-1.1435473902382058,-1.1185123504318384,-1.3743349027820564,-0.8861244238365482,-1.2281785963876786,-0.33468835246990947,1.1249711845087873,0.0
129,-0.6741715367747231,1.347678103003596,-0.9641039397837253,-1.1772266527131294,-1.1750595158959152,-1.296449651721583,-1.1435473902382058,-1.1185123504318384,-1.3743349027820564,-0.8861244238365482,-1.2281785963876786,-0.33468835246990947,1.1249711845087873,0.0
130,1.068059022621576,1.347678103003596,-0.9641039397837253,-1.1772266527131294,-1.1750595158959152,-1.296449651721583,-1.1435473902382058,-1.1185123504318384,-1.3743349027820564,0.21430909113256916,-1.2281785963876786,-0.33468835246990947,1.1249711845087873,0.0
131,-0.6082887720951697,-1.1703071992896323,-0.9641039397837253,0.6372144266979326,0.35921508517025375,0.15640179378807706,0.7499382051220984,0.5451636813569027,0.9294282601962908,2.7819872927271763,0.8142138309047251,-0.33468835246990947,-0.888911657267599,0.0
132,0.0019716267892240856,1.347678103003596,-0.9641039397837253,-1.1772266527131294,-1.1750595158959152,-1.296449651721583,-1.1435473902382058,-1.1185123504318384,-1.3743349027820564,-0.5193132521801758,-1.2281785963876786,-0.33468835246990947,1.1249711845087873,0.0
133,-0.668586719399844,1.347678103003596,-0.9641039397837253,-1.1772266527131294,-1.1750595158959152,-1.296449651721583,-1.1435473902382058,-1.1185123504318384,-1.3743349027820564,-0.5193132521801758,-1.2281785963876786,-0.33468835246990947,1.1249711845087873,0.0
134,-0.6583469309139404,1.347678103003596,-0.9641039397837253,-1.1772266527131294,-1.1750595158959152,-1.296449651721583,-1.1435473902382058,-1.1185123504318384,-1.3743349027820564,-0.5193132521801758,-1.2281785963876786,-0.33468835246990947,1.1249711845087873,0.0
135,-0.6599468978648628,0.13675088662421503,-0.9641039397837253,0.6372144266979326,1.893489686236423,0.6406856089579638,1.6966810028022505,1.7929207051984586,1.1214085237778197,0.5811202627889416,0.8142138309047251,-0.33468835246990947,1.1249711845087873,0.0
136,-0.34282340355646884,-1.1703071992896323,-0.9641039397837253,0.6372144266979326,0.35921508517025375,0.15640179378807706,0.7499382051220984,0.5451636813569027,0.9294282601962908,0.947931434445314,0.8142138309047251,-0.33468835246990947,-0.888911657267599,0.0
137,0.9607464410747287,-0.7222833601097661,-0.9641039397837253,1.5444349664034636,1.5099210359698805,2.093537054467624,1.2233096039621745,0.961082689304088,1.1214085237778197,-0.8861244238365482,0.8142138309047251,2.9878542011404647,1.1249711845087873,0.0
138,-0.3212991844857634,-0.405631331168321,-0.9641039397837253,0.6372144266979326,1.1263523857033382,0.6406856089579638,-0.19680459255805374,0.12924467340971743,0.353487469451704,0.947931434445314,0.8142138309047251,-0.33468835246990947,-0.888911657267599,0.0
139,-0.06003032119188108,1.347678103003596,-0.9641039397837253,-1.1772266527131294,-1.1750595158959152,-1.296449651721583,-1.1435473902382058,-1.1185123504318384,-1.3743349027820564,-0.8861244238365482,-1.2281785963876786,-0.33468835246990947,1.1249711845087873,0.0
140,-0.06246542784274689,1.347678103003596,-0.9641039397837253,-1.1772266527131294,-1.1750595158959152,-1.296449651721583,-1.1435473902382058,-1.1185123504318384,-1.3743349027820564,1.3147426061016865,-1.2281785963876786,-0.33468835246990947,1.1249711845087873,0.0
141,2.2034917125079887,0.24533660835983206,-0.9641039397837253,-0.27000611300759836,1.1263523857033382,1.1249694241278505,1.6966810028022505,2.208839713145644,1.1214085237778197,0.947931434445314,-1.2281785963876786,-0.33468835246990947,1.1249711845087873,0.0
142,1.3647646427194988,-1.146156952292013,-0.9641039397837253,1.090824696550698,0.35921508517025375,0.15640179378807706,0.7499382051220984,0.5451636813569027,0.7374479966147619,2.0483649494144314,0.8142138309047251,2.9878542011404647,-0.888911657267599,0.0
143,-0.6618955571647307,1.347678103003596,-0.9641039397837253,-1.1772266527131294,-1.1750595158959152,-1.296449651721583,-1.1435473902382058,-1.1185123504318384,-1.3743349027820564,-1.619746767149293,-1.2281785963876786,-0.33468835246990947,1.1249711845087873,0.0
144,-0.661140774549318,1.347678103003596,-0.9641039397837253,-1.1772266527131294,-1.1750595158959152,-1.296449651721583,-1.1435473902382058,-1.1185123504318384,-1.3743349027820564,-0.15250208052380332,-1.2281785963876786,-0.33468835246990947,1.1249711845087873,0.0
145,-0.661140774549318,1.347678103003596,-0.9641039397837253,-1.1772266527131294,-1.1750595158959152,-1.296449651721583,-1.1435473902382058,-1.1185123504318384,-1.3743349027820564,-1.2529355954929207,-1.2281785963876786,-0.33468835246990947,1.1249711845087873,0.0
146,-0.6571064184214988,1.347678103003596,-0.9641039397837253,-1.1772266527131294,-1.1750595158959152,-1.296449651721583,-1.1435473902382058,-1.1185123504318384,-1.3743349027820564,-0.8861244238365482,-1.2281785963876786,-0.33468835246990947,1.1249711845087873,0.0
147,-0.14555967556520538,1.347678103003596,-0.9641039397837253,-1.1772266527131294,-1.1750595158959152,-1.296449651721583,-1.1435473902382058,-1.1185123504318384,-1.3743349027820564,-0.8861244238365482,-1.2281785963876786,-0.33468835246990947,1.1249711845087873,0.0
148,-0.6657950281863735,1.347678103003596,-0.9641039397837253,-1.1772266527131294,-1.1750595158959152,-1.296449651721583,-1.1435473902382058,-1.1185123504318384,-1.3743349027820564,-0.5193132521801758,-1.2281785963876786,-0.33468835246990947,1.1249711845087873,0.0
149,-0.6047014022500521,-0.405631331168321,-0.9131043514302378,0.6372144266979326,1.1263523857033382,0.6406856089579638,-0.19680459255805374,0.12924467340971743,0.353487469451704,-0.8861244238365482,0.8142138309047251,-0.33468835246990947,-0.888911657267599,0.0
150,-0.6620706208131725,1.347678103003596,-0.9131043514302378,-1.1772266527131294,-1.1750595158959152,-1.296449651721583,-1.1435473902382058,-1.1185123504318384,-1.3743349027820564,-0.15250208052380332,-1.2281785963876786,-0.33468835246990947,1.1249711845087873,0.0
151,-0.8235309628022245,-0.637947052197572,-0.9131043514302378,1.998045236256229,1.5099210359698805,2.093537054467624,0.7499382051220984,0.12924467340971743,0.7374479966147619,-0.8861244238365482,0.8142138309047251,-0.33468835246990947,-0.888911657267599,0.0
152,-0.6595888783543201,1.347678103003596,-0.9131043514302378,-1.1772266527131294,-1.1750595158959152,-1.296449651721583,-1.1435473902382058,-1.1185123504318384,-1.3743349027820564,-1.2529355954929207,-1.2281785963876786,-0.33468835246990947,1.1249711845087873,0.0
153,-0.6580376996332913,1.347678103003596,-0.9131043514302378,-1.1772266527131294,-1.1750595158959152,-1.296449651721583,-1.1435473902382058,-1.1185123504318384,-1.3743349027820564,-0.8861244238365482,-1.2281785963876786,-0.33468835246990947,1.1249711845087873,0.0
154,-0.6844120427345957,1.347678103003596,-0.9131043514302378,-1.1772266527131294,-1.1750595158959152,-1.296449651721583,-1.1435473902382058,-1.1185123504318384,-1.3743349027820564,-1.2529355954929207,-1.2281785963876786,-0.33468835246990947,1.1249711845087873,0.0
155,-0.6523481310589347,1.347678103003596,-0.9131043514302378,-1.1772266527131294,-1.1750595158959152,-1.296449651721583,-1.1435473902382058,-1.1185123504318384,-1.3743349027820564,-1.619746767149293,-1.2281785963876786,-0.33468835246990947,1.1249711845087873,0.0
156,-0.6475747767430213,1.347678103003596,-0.9131043514302378,-1.1772266527131294,-1.1750595158959152,-1.296449651721583,-1.1435473902382058,-1.1185123504318384,-1.3743349027820564,-1.2529355954929207,-1.2281785963876786,-0.33468835246990947,1.1249711845087873,0.0
157,-0.6564858034382934,1.347678103003596,-0.9131043514302378,-1.1772266527131294,-1.1750595158959152,-1.296449651721583,-1.1435473902382058,-1.1185123504318384,-1.3743349027820564,0.21430909113256916,-1.2281785963876786,-0.33468835246990947,1.1249711845087873,0.0
158,-0.63548175299513,1.347678103003596,-0.9131043514302378,-1.1772266527131294,-1.1750595158959152,-1.296449651721583,-1.1435473902382058,-1.1185123504318384,-1.3743349027820564,0.21430909113256916,-1.2281785963876786,-0.33468835246990947,1.1249711845087873,0.0
159,-0.6552438559979137,1.347678103003596,-0.9131043514302378,-1.1772266527131294,-1.1750595158959152,-1.296449651721583,-1.1435473902382058,-1.1185123504318384,-1.3743349027820564,-0.8861244238365482,-1.2281785963876786,-0.33468835246990947,1.1249711845087873,0.0
160,-0.15281333739203312,1.347678103003596,-0.9131043514302378,-1.1772266527131294,-1.1750595158959152,-1.296449651721583,-1.1435473902382058,-1.1185123504318384,-1.3743349027820564,-1.2529355954929207,-1.2281785963876786,-0.33468835246990947,1.1249711845087873,0.0
161,0.0003881617395891861,1.347678103003596,-0.9131043514302378,-1.1772266527131294,-1.1750595158959152,-1.296449651721583,-1.1435473902382058,-1.1185123504318384,-1.3743349027820564,-0.5193132521801758,-1.2281785963876786,-0.33468835246990947,1.1249711845087873,0.0
162,-0.6561758546836752,1.347678103003596,-0.9131043514302378,-1.1772266527131294,-1.1750595158959152,-1.296449651721583,-1.1435473902382058,-1.1185123504318384,-1.3743349027820564,-0.8861244238365482,-1.2281785963876786,-0.33468835246990947,1.1249711845087873,0.0
163,-0.6639324657627884,1.347678103003596,-0.9131043514302378,-1.1772266527131294,-1.1750595158959152,-1.296449651721583,-1.1435473902382058,-1.1185123504318384,-1.3743349027820564,-0.15250208052380332,-1.2281785963876786,-0.33468835246990947,1.1249711845087873,0.0
164,-0.022308409796500714,1.347678103003596,-0.9131043514302378,-1.1772266527131294,-1.1750595158959152,-1.296449651721583,-1.1435473902382058,-1.1185123504318384,-1.3743349027820564,-0.15250208052380332,-1.2281785963876786,-0.33468835246990947,1.1249711845087873,0.0
165,-0.14918650647861925,1.347678103003596,-0.9131043514302378,-1.1772266527131294,-1.1750595158959152,-1.296449651721583,-1.1435473902382058,-1.1185123504318384,-1.3743349027820564,0.21430909113256916,-1.2281785963876786,-0.33468835246990947,1.1249711845087873,0.0
166,-0.6527621135390613,1.347678103003596,-0.9131043514302378,-1.1772266527131294,-1.1750595158959152,-1.296449651721583,-1.1435473902382058,-1.1185123504318384,-1.3743349027820564,0.5811202627889416,-1.2281785963876786,-0.33468835246990947,1.1249711845087873,0.0
167,-0.6074758740882661,1.347678103003596,-0.9131043514302378,-1.1772266527131294,-1.1750595158959152,-1.296449651721583,-1.1435473902382058,-1.1185123504318384,-1.3743349027820564,0.947931434445314,-1.2281785963876786,-0.33468835246990947,1.1249711845087873,0.0
168,-0.6602094933375254,1.347678103003596,-0.9131043514302378,-1.1772266527131294,-1.1750595158959152,-1.296449651721583,-1.1435473902382058,-1.1185123504318384,-1.3743349027820564,-0.15250208052380332,-1.2281785963876786,-0.33468835246990947,1.1249711845087873,0.0
169,3.029304250854055,-0.3635130540549814,-0.9131043514302378,0.18360415684516715,-0.40792221536283074,0.15640179378807706,-0.6701759913981298,-0.2866743345374679,-0.030473057711353863,0.5811202627889416,0.8142138309047251,-0.33468835246990947,-0.888911657267599,0.0
170,-0.6751028179865156,1.347678103003596,-0.9131043514302378,-1.1772266527131294,-1.1750595158959152,-1.296449651721583,-1.1435473902382058,-1.1185123504318384,-1.3743349027820564,-0.8861244238365482,-1.2281785963876786,-0.33468835246990947,1.1249711845087873,0.0
171,-0.6663783345231896,1.347678103003596,-0.9131043514302378,-1.1772266527131294,-1.1750595158959152,-1.296449651721583,-1.1435473902382058,-1.1185123504318384,-1.3743349027820564,0.21430909113256916,-1.2281785963876786,-0.33468835246990947,1.1249711845087873,0.0
172,-0.6571222028488173,1.347678103003596,-0.9131043514302378,-1.1772266527131294,-1.1750595158959152,-1.296449651721583,-1.1435473902382058,-1.1185123504318384,-1.3743349027820564,-1.2529355954929207,-1.2281785963876786,-0.33468835246990947,1.1249711845087873,0.0
173,-0.6571222028488173,1.347678103003596,-0.9131043514302378,-1.1772266527131294,-1.1750595158959152,-1.296449651721583,-1.1435473902382058,-1.1185123504318384,-1.3743349027820564,0.21430909113256916,-1.2281785963876786,-0.33468835246990947,1.1249711845087873,0.0
174,-0.09017785989628019,1.347678103003596,-0.9131043514302378,-1.1772266527131294,-1.1750595158959152,-1.296449651721583,-1.1435473902382058,-1.1185123504318384,-1.3743349027820564,-1.2529355954929207,-1.2281785963876786,-0.33468835246990947,1.1249711845087873,0.0
175,-0.664863746974581,1.347678103003596,-0.9131043514302378,-1.1772266527131294,-1.1750595158959152,-1.296449651721583,-1.1435473902382058,-1.1185123504318384,-1.3743349027820564,-0.5193132521801758,-1.2281785963876786,-0.33468835246990947,1.1249711845087873,0.0
176,-0.1463022611231447,1.347678103003596,-0.9131043514302378,-1.1772266527131294,-1.1750595158959152,-1.296449651721583,-1.1435473902382058,-1.1185123504318384,-1.3743349027820564,0.21430909113256916,-1.2281785963876786,-0.33468835246990947,1.1249711845087873,0.0
177,-0.0833927085712248,1.347678103003596,-0.9131043514302378,-1.1772266527131294,-1.1750595158959152,-1.296449651721583,-1.1435473902382058,-1.1185123504318384,-1.3743349027820564,-0.8861244238365482,-1.2281785963876786,-0.33468835246990947,1.1249711845087873,0.0
178,-0.08573239118421049,1.347678103003596,-0.9131043514302378,-1.1772266527131294,-1.1750595158959152,-1.296449651721583,-1.1435473902382058,-1.1185123504318384,-1.3743349027820564,-0.15250208052380332,-1.2281785963876786,-0.33468835246990947,1.1249711845087873,0.0
179,-0.6571222028488173,1.347678103003596,-0.9131043514302378,-1.1772266527131294,-1.1750595158959152,-1.296449651721583,-1.1435473902382058,-1.1185123504318384,-1.3743349027820564,-1.619746767149293,-1.2281785963876786,-0.33468835246990947,1.1249711845087873,0.0
180,1.997437493448249,1.347678103003596,-0.9131043514302378,-1.1772266527131294,-1.1750595158959152,-1.296449651721583,-1.1435473902382058,-1.1185123504318384,-1.3743349027820564,0.5811202627889416,-1.2281785963876786,-0.33468835246990947,1.1249711845087873,0.0
181,-0.666725591924197,1.347678103003596,-0.9131043514302378,-1.1772266527131294,-1.1750595158959152,-1.296449651721583,-1.1435473902382058,-1.1185123504318384,-1.3743349027820564,-0.5193132521801758,-1.2281785963876786,-0.33468835246990947,1.1249711845087873,0.0
182,-0.6592782121257329,1.347678103003596,-0.9131043514302378,-1.1772266527131294,-1.1750595158959152,-1.296449651721583,-1.1435473902382058,-1.1185123504318384,-1.3743349027820564,0.21430909113256916,-1.2281785963876786,-0.33468835246990947,1.1249711845087873,0.0
183,-0.6583469309139404,1.347678103003596,-0.9131043514302378,-1.1772266527131294,-1.1750595158959152,-1.296449651721583,-1.1435473902382058,-1.1185123504318384,-1.3743349027820564,0.21430909113256916,-1.2281785963876786,-0.33468835246990947,1.1249711845087873,0.0
184,-0.6093850723198376,1.347678103003596,-0.9131043514302378,-1.1772266527131294,-1.1750595158959152,-1.296449651721583,-1.1435473902382058,-1.1185123504318384,-1.3743349027820564,0.947931434445314,-1.2281785963876786,-0.33468835246990947,1.1249711845087873,0.0
185,-0.1270990703422303,1.347678103003596,-0.9131043514302378,-1.1772266527131294,-1.1750595158959152,-1.296449651721583,-1.1435473902382058,-1.1185123504318384,-1.3743349027820564,1.3147426061016865,-1.2281785963876786,-0.33468835246990947,1.1249711845087873,0.0
186,-0.5580655942635235,0.13675088662421503,-0.9131043514302378,0.6372144266979326,1.893489686236423,0.6406856089579638,1.6966810028022505,1.7929207051984586,1.1214085237778197,-0.8861244238365482,0.8142138309047251,-0.33468835246990947,1.1249711845087873,0.0
187,-0.4504444989099962,-0.637947052197572,-0.9131043514302378,1.998045236256229,1.5099210359698805,2.093537054467624,0.7499382051220984,0.12924467340971743,0.7374479966147619,-0.5193132521801758,0.8142138309047251,-0.33468835246990947,-0.888911657267599,0.0
188,0.015913580955289046,-0.3635130540549814,-0.9131043514302378,0.18360415684516715,-0.40792221536283074,0.15640179378807706,-0.6701759913981298,-0.2866743345374679,-0.030473057711353863,0.21430909113256916,0.8142138309047251,-0.33468835246990947,-0.888911657267599,0.0
189,-0.7015603880682267,-0.9579011516250073,-0.9131043514302378,1.5444349664034636,1.1263523857033382,0.6406856089579638,0.7499382051220984,0.5451636813569027,0.7374479966147619,0.5811202627889416,0.8142138309047251,-0.33468835246990947,-0.888911657267599,0.0
190,-0.6633061109878309,1.347678103003596,-0.9131043514302378,-1.1772266527131294,-1.1750595158959152,-1.296449651721583,-1.1435473902382058,-1.1185123504318384,-1.3743349027820564,-0.8861244238365482,-1.2281785963876786,-0.33468835246990947,1.1249711845087873,0.0
191,0.5546002116378349,1.347678103003596,-0.9131043514302378,-1.1772266527131294,-1.1750595158959152,-1.296449651721583,-1.1435473902382058,-1.1185123504318384,-1.3743349027820564,1.3147426061016865,-1.2281785963876786,-0.33468835246990947,1.1249711845087873,0.0
192,1.1853961504636197,-1.146156952292013,-0.9131043514302378,1.090824696550698,0.35921508517025375,0.15640179378807706,0.7499382051220984,0.5451636813569027,0.7374479966147619,-0.8861244238365482,0.8142138309047251,2.9878542011404647,-0.888911657267599,0.0
193,-0.6537981459503313,1.347678103003596,-0.9131043514302378,-1.1772266527131294,-1.1750595158959152,-1.296449651721583,-1.1435473902382058,-1.1185123504318384,-1.3743349027820564,-1.2529355954929207,-1.2281785963876786,-0.33468835246990947,1.1249711845087873,0.0
194,1.0666183348917768,1.347678103003596,-0.9131043514302378,-1.1772266527131294,-1.1750595158959152,-1.296449651721583,-1.1435473902382058,-1.1185123504318384,-1.3743349027820564,0.5811202627889416,-1.2281785963876786,-0.33468835246990947,1.1249711845087873,0.0
195,-0.2006286725836363,1.347678103003596,-0.9131043514302378,-1.1772266527131294,-1.1750595158959152,-1.296449651721583,-1.1435473902382058,-1.1185123504318384,-1.3743349027820564,-1.2529355954929207,-1.2281785963876786,-0.33468835246990947,1.1249711845087873,0.0
196,0.015913580955289046,-0.405631331168321,-0.9131043514302378,0.6372144266979326,1.1263523857033382,0.6406856089579638,-0.19680459255805374,0.12924467340971743,0.353487469451704,0.21430909113256916,0.8142138309047251,-0.33468835246990947,-0.888911657267599,0.0
197,-0.6566343205498812,1.347678103003596,-0.9131043514302378,-1.1772266527131294,-1.1750595158959152,-1.296449651721583,-1.1435473902382058,-1.1185123504318384,-1.3743349027820564,-1.2529355954929207,-1.2281785963876786,-0.33468835246990947,1.1249711845087873,0.0
198,-0.6528525152591583,1.347678103003596,-0.9131043514302378,-1.1772266527131294,-1.1750595158959152,-1.296449651721583,-1.1435473902382058,-1.1185123504318384,-1.3743349027820564,-1.2529355954929207,-1.2281785963876786,-0.33468835246990947,1.1249711845087873,0.0
199,0.9857669107964858,1.347678103003596,-0.9131043514302378,-1.1772266527131294,-1.1750595158959152,-1.296449651721583,-1.1435473902382058,-1.1185123504318384,-1.3743349027820564,-0.8861244238365482,-1.2281785963876786,-0.33468835246990947,1.1249711845087873,0.0
200,-0.12911660714312445,1.347678103003596,-0.9131043514302378,-1.1772266527131294,-1.1750595158959152,-1.296449651721583,-1.1435473902382058,-1.1185123504318384,-1.3743349027820564,-0.5193132521801758,-1.2281785963876786,-0.33468835246990947,1.1249711845087873,0.0
201,-0.10735418671470316,1.347678103003596,-0.9131043514302378,-1.1772266527131294,-1.1750595158959152,-1.296449651721583,-1.1435473902382058,-1.1185123504318384,-1.3743349027820564,0.5811202627889416,-1.2281785963876786,-0.33468835246990947,1.1249711845087873,0.0
202,0.0869435038886171,0.24533660835983206,-0.9131043514302378,-0.27000611300759836,1.1263523857033382,1.1249694241278505,1.6966810028022505,2.208839713145644,1.1214085237778197,-0.15250208052380332,-1.2281785963876786,-0.33468835246990947,1.1249711845087873,0.0
203,-0.2164296018034412,1.347678103003596,-0.9131043514302378,-1.1772266527131294,-1.1750595158959152,-1.296449651721583,-1.1435473902382058,-1.1185123504318384,-1.3743349027820564,-1.2529355954929207,-1.2281785963876786,-0.33468835246990947,1.1249711845087873,0.0
204,-0.6577765391085667,1.347678103003596,-0.9131043514302378,-1.1772266527131294,-1.1750595158959152,-1.296449651721583,-1.1435473902382058,-1.1185123504318384,-1.3743349027820564,-0.15250208052380332,-1.2281785963876786,-0.33468835246990947,1.1249711845087873,0.0
205,-0.6556886898587083,1.347678103003596,-0.9131043514302378,-1.1772266527131294,-1.1750595158959152,-1.296449651721583,-1.1435473902382058,-1.1185123504318384,-1.3743349027820564,-1.2529355954929207,-1.2281785963876786,-0.33468835246990947,1.1249711845087873,0.0
206,-0.17874141168460492,1.347678103003596,-0.9131043514302378,-1.1772266527131294,-1.1750595158959152,-1.296449651721583,-1.1435473902382058,-1.1185123504318384,-1.3743349027820564,-1.2529355954929207,-1.2281785963876786,-0.33468835246990947,1.1249711845087873,0.0
207,-0.6519083195159233,1.347678103003596,-0.9131043514302378,-1.1772266527131294,-1.1750595158959152,-1.296449651721583,-1.1435473902382058,-1.1185123504318384,-1.3743349027820564,-0.8861244238365482,-1.2281785963876786,-0.33468835246990947,1.1249711845087873,0.0
208,0.6490857935664798,1.347678103003596,-0.9131043514302378,-1.1772266527131294,-1.1750595158959152,-1.296449651721583,-1.1435473902382058,-1.1185123504318384,-1.3743349027820564,-0.5193132521801758,-1.2281785963876786,-0.33468835246990947,1.1249711845087873,0.0
209,-0.6645351438967683,1.347678103003596,-0.9131043514302378,-1.1772266527131294,-1.1750595158959152,-1.296449651721583,-1.1435473902382058,-1.1185123504318384,-1.3743349027820564,0.21430909113256916,-1.2281785963876786,-0.33468835246990947,1.1249711845087873,0.0
210,-0.6771153324696265,1.347678103003596,-0.9131043514302378,-1.1772266527131294,-1.1750595158959152,-1.296449651721583,-1.1435473902382058,-1.1185123504318384,-1.3743349027820564,-1.619746767149293,-1.2281785963876786,-0.33468835246990947,1.1249711845087873,0.0
211,-0.011950955579677238,1.347678103003596,-0.9131043514302378,-1.1772266527131294,-1.1750595158959152,-1.296449651721583,-1.1435473902382058,-1.1185123504318384,-1.3743349027820564,-0.5193132521801758,-1.2281785963876786,-0.33468835246990947,1.1249711845087873,0.0
212,-0.6547437766415043,1.347678103003596,-0.9131043514302378,-1.1772266527131294,-1.1750595158959152,-1.296449651721583,-1.1435473902382058,-1.1185123504318384,-1.3743349027820564,-1.2529355954929207,-1.2281785963876786,-0.33468835246990947,1.1249711845087873,0.0
213,-0.6547437766415043,1.347678103003596,-0.9131043514302378,-1.1772266527131294,-1.1750595158959152,-1.296449651721583,-1.1435473902382058,-1.1185123504318384,-1.3743349027820564,-1.2529355954929207,-1.2281785963876786,-0.33468835246990947,1.1249711845087873,0.0
214,-0.6500170581335774,1.347678103003596,-0.9131043514302378,-1.1772266527131294,-1.1750595158959152,-1.296449651721583,-1.1435473902382058,-1.1185123504318384,-1.3743349027820564,-0.8861244238365482,-1.2281785963876786,-0.33468835246990947,1.1249711845087873,0.0
215,0.6615935172684667,1.347678103003596,-0.9131043514302378,-1.1772266527131294,-1.1750595158959152,-1.296449651721583,-1.1435473902382058,-1.1185123504318384,-1.3743349027820564,0.5811202627889416,-1.2281785963876786,-0.33468835246990947,1.1249711845087873,0.0
216,-0.6818420509775535,1.347678103003596,-0.9131043514302378,-1.1772266527131294,-1.1750595158959152,-1.296449651721583,-1.1435473902382058,-1.1185123504318384,-1.3743349027820564,-1.619746767149293,-1.2281785963876786,-0.33468835246990947,1.1249711845087873,0.0
217,-0.27435127532270964,1.347678103003596,-0.9131043514302378,-1.1772266527131294,-1.1750595158959152,-1.296449651721583,-1.1435473902382058,-1.1185123504318384,-1.3743349027820564,-1.619746767149293,-1.2281785963876786,-0.33468835246990947,1.1249711845087873,0.0
218,-0.6509626888247504,1.347678103003596,-0.9131043514302378,-1.1772266527131294,-1.1750595158959152,-1.296449651721583,-1.1435473902382058,-1.1185123504318384,-1.3743349027820564,-0.8861244238365482,-1.2281785963876786,-0.33468835246990947,1.1249711845087873,0.0
219,-0.7069306807263678,1.347678103003596,-0.9131043514302378,-1.1772266527131294,-1.1750595158959152,-1.296449651721583,-1.1435473902382058,-1.1185123504318384,-1.3743349027820564,-1.619746767149293,-1.2281785963876786,-0.33468835246990947,1.1249711845087873,0.0
220,-0.6723886139616996,1.347678103003596,-0.8621047630767502,-1.1772266527131294,-1.1750595158959152,-1.296449651721583,-1.1435473902382058,-1.1185123504318384,-1.3743349027820564,-1.619746767149293,-1.2281785963876786,-0.33468835246990947,1.1249711845087873,0.0
221,-0.1758844303399533,1.347678103003596,-0.8621047630767502,-1.1772266527131294,-1.1750595158959152,-1.296449651721583,-1.1435473902382058,-1.1185123504318384,-1.3743349027820564,-1.619746767149293,-1.2281785963876786,-0.33468835246990947,1.1249711845087873,0.0
222,0.44835666630483273,1.347678103003596,-0.8621047630767502,-1.1772266527131294,-1.1750595158959152,-1.296449651721583,-1.1435473902382058,-1.1185123504318384,-1.3743349027820564,-1.619746767149293,-1.2281785963876786,-0.33468835246990947,1.1249711845087873,0.0
223,-0.6437154842636439,1.347678103003596,-0.8621047630767502,-1.1772266527131294,-1.1750595158959152,-1.296449651721583,-1.1435473902382058,-1.1185123504318384,-1.3743349027820564,-0.8861244238365482,-1.2281785963876786,-0.33468835246990947,1.1249711845087873,0.0
224,-0.47196871798070167,-1.1703071992896323,-0.8621047630767502,0.6372144266979326,0.35921508517025375,0.15640179378807706,0.7499382051220984,0.5451636813569027,0.9294282601962908,0.947931434445314,0.8142138309047251,-0.33468835246990947,-0.888911657267599,0.0
225,-0.08389565782351029,-1.1703071992896323,-0.8621047630767502,0.6372144266979326,0.35921508517025375,0.15640179378807706,0.7499382051220984,0.5451636813569027,0.9294282601962908,-0.8861244238365482,0.8142138309047251,-0.33468835246990947,-0.888911657267599,0.0
226,-0.6560043784050786,1.347678103003596,-0.8621047630767502,-1.1772266527131294,-1.1750595158959152,-1.296449651721583,-1.1435473902382058,-1.1185123504318384,-1.3743349027820564,-0.8861244238365482,-1.2281785963876786,-0.33468835246990947,1.1249711845087873,0.0
227,-0.7023223454233297,1.347678103003596,-0.8621047630767502,-1.1772266527131294,-1.1750595158959152,-1.296449651721583,-1.1435473902382058,-1.1185123504318384,-1.3743349027820564,-1.619746767149293,-1.2281785963876786,-0.33468835246990947,1.1249711845087873,0.0
228,-0.6552438559979137,1.347678103003596,-0.8621047630767502,-1.1772266527131294,-1.1750595158959152,-1.296449651721583,-1.1435473902382058,-1.1185123504318384,-1.3743349027820564,-0.15250208052380332,-1.2281785963876786,-0.33468835246990947,1.1249711845087873,0.0
229,-0.07735803501776801,-0.3635130540549814,-0.8621047630767502,0.18360415684516715,-0.40792221536283074,0.15640179378807706,-0.6701759913981298,-0.2866743345374679,-0.030473057711353863,-0.15250208052380332,0.8142138309047251,-0.33468835246990947,-0.888911657267599,0.0
230,-0.6418249403552668,1.347678103003596,-0.8621047630767502,-1.1772266527131294,-1.1750595158959152,-1.296449651721583,-1.1435473902382058,-1.1185123504318384,-1.3743349027820564,-0.5193132521801758,-1.2281785963876786,-0.33468835246990947,1.1249711845087873,0.0
231,-0.6399336789729209,1.347678103003596,-0.8621047630767502,-1.1772266527131294,-1.1750595158959152,-1.296449651721583,-1.1435473902382058,-1.1185123504318384,-1.3743349027820564,-0.5193132521801758,-1.2281785963876786,-0.33468835246990947,1.1249711845087873,0.0
232,-0.3370836118042807,-1.1703071992896323,-0.8621047630767502,0.6372144266979326,0.35921508517025375,0.15640179378807706,0.7499382051220984,0.5451636813569027,0.9294282601962908,2.415176121070804,0.8142138309047251,-0.33468835246990947,-0.888911657267599,0.0
233,-0.5221918958123478,-0.637947052197572,-0.8621047630767502,1.998045236256229,1.5099210359698805,2.093537054467624,0.7499382051220984,0.12924467340971743,0.7374479966147619,0.5811202627889416,0.8142138309047251,-0.33468835246990947,-0.888911657267599,0.0
234,0.08766097785764063,-0.6188809656603074,-0.8621047630767502,-0.7236163828603639,-0.40792221536283074,0.6406856089579638,0.27656680628202235,-0.2866743345374679,0.16150720587017506,0.21430909113256916,0.8142138309047251,2.9878542011404647,-0.888911657267599,0.0
235,-0.6645114672557905,1.347678103003596,-0.8621047630767502,-1.1772266527131294,-1.1750595158959152,-1.296449651721583,-1.1435473902382058,-1.1185123504318384,-1.3743349027820564,-1.2529355954929207,-1.2281785963876786,-0.33468835246990947,1.1249711845087873,0.0
236,-0.2080889669135428,1.347678103003596,-0.8621047630767502,-1.1772266527131294,-1.1750595158959152,-1.296449651721583,-1.1435473902382058,-1.1185123504318384,-1.3743349027820564,-0.8861244238365482,-1.2281785963876786,-0.33468835246990947,1.1249711845087873,0.0
237,-0.6569492916222825,1.347678103003596,-0.8621047630767502,-1.1772266527131294,-1.1750595158959152,-1.296449651721583,-1.1435473902382058,-1.1185123504318384,-1.3743349027820564,-0.8861244238365482,-1.2281785963876786,-0.33468835246990947,1.1249711845087873,0.0
238,-0.06197180575205871,1.347678103003596,-0.8621047630767502,-1.1772266527131294,-1.1750595158959152,-1.296449651721583,-1.1435473902382058,-1.1185123504318384,-1.3743349027820564,-0.8861244238365482,-1.2281785963876786,-0.33468835246990947,1.1249711845087873,0.0
239,0.5037958798912798,-0.9579011516250073,-0.8621047630767502,1.5444349664034636,1.1263523857033382,0.6406856089579638,0.7499382051220984,0.5451636813569027,0.7374479966147619,0.21430909113256916,0.8142138309047251,-0.33468835246990947,-0.888911657267599,0.0
240,-0.6629358944198148,1.347678103003596,-0.8621047630767502,-1.1772266527131294,-1.1750595158959152,-1.296449651721583,-1.1435473902382058,-1.1185123504318384,-1.3743349027820564,-1.2529355954929207,-1.2281785963876786,-0.33468835246990947,1.1249711845087873,0.0
241,-0.025751567373844566,1.347678103003596,-0.8621047630767502,-1.1772266527131294,-1.1750595158959152,-1.296449651721583,-1.1435473902382058,-1.1185123504318384,-1.3743349027820564,-0.15250208052380332,-1.2281785963876786,-0.33468835246990947,1.1249711845087873,0.0
242,-0.6613603215838392,1.347678103003596,-0.8621047630767502,-1.1772266527131294,-1.1750595158959152,-1.296449651721583,-1.1435473902382058,-1.1185123504318384,-1.3743349027820564,-1.619746767149293,-1.2281785963876786,-0.33468835246990947,1.1249711845087873,0.0
243,-0.12898315698488608,1.347678103003596,-0.8621047630767502,-1.1772266527131294,-1.1750595158959152,-1.296449651721583,-1.1435473902382058,-1.1185123504318384,-1.3743349027820564,1.3147426061016865,-1.2281785963876786,-0.33468835246990947,1.1249711845087873,0.0
244,-0.1280411136635582,1.347678103003596,-0.8621047630767502,-1.1772266527131294,-1.1750595158959152,-1.296449651721583,-1.1435473902382058,-1.1185123504318384,-1.3743349027820564,1.3147426061016865,-1.2281785963876786,-0.33468835246990947,1.1249711845087873,0.0
245,-0.2117954374375183,1.347678103003596,-0.8621047630767502,-1.1772266527131294,-1.1750595158959152,-1.296449651721583,-1.1435473902382058,-1.1185123504318384,-1.3743349027820564,-1.2529355954929207,-1.2281785963876786,-0.33468835246990947,1.1249711845087873,0.0
246,0.4350733532423314,1.347678103003596,-0.8621047630767502,-1.1772266527131294,-1.1750595158959152,-1.296449651721583,-1.1435473902382058,-1.1185123504318384,-1.3743349027820564,-0.5193132521801758,-1.2281785963876786,-0.33468835246990947,1.1249711845087873,0.0
247,-0.18677353276782319,1.347678103003596,-0.8621047630767502,-1.1772266527131294,-1.1750595158959152,-1.296449651721583,-1.1435473902382058,-1.1185123504318384,-1.3743349027820564,0.21430909113256916,-1.2281785963876786,-0.33468835246990947,1.1249711845087873,0.0
248,0.4580102785580441,1.347678103003596,-0.8621047630767502,-1.1772266527131294,-1.1750595158959152,-1.296449651721583,-1.1435473902382058,-1.1185123504318384,-1.3743349027820564,0.21430909113256916,-1.2281785963876786,-0.33468835246990947,1.1249711845087873,0.0
249,0.49191379349028136,1.347678103003596,-0.8621047630767502,-1.1772266527131294,-1.1750595158959152,-1.296449651721583,-1.1435473902382058,-1.1185123504318384,-1.3743349027820564,-0.8861244238365482,-1.2281785963876786,-0.33468835246990947,1.1249711845087873,0.0
250,-0.14474534261036368,1.347678103003596,-0.8621047630767502,-1.1772266527131294,-1.1750595158959152,-1.296449651721583,-1.1435473902382058,-1.1185123504318384,-1.3743349027820564,-0.5193132521801758,-1.2281785963876786,-0.33468835246990947,1.1249711845087873,0.0
251,-0.1525378273879281,1.347678103003596,-0.8621047630767502,-1.1772266527131294,-1.1750595158959152,-1.296449651721583,-1.1435473902382058,-1.1185123504318384,-1.3743349027820564,0.947931434445314,-1.2281785963876786,-0.33468835246990947,1.1249711845087873,0.0
252,-0.03903129306650082,1.347678103003596,-0.8621047630767502,-1.1772266527131294,-1.1750595158959152,-1.296449651721583,-1.1435473902382058,-1.1185123504318384,-1.3743349027820564,-0.15250208052380332,-1.2281785963876786,-0.33468835246990947,1.1249711845087873,0.0
253,-0.6723886139616996,1.347678103003596,-0.8621047630767502,-1.1772266527131294,-1.1750595158959152,-1.296449651721583,-1.1435473902382058,-1.1185123504318384,-1.3743349027820564,-1.619746767149293,-1.2281785963876786,-0.33468835246990947,1.1249711845087873,0.0
254,0.34601330946744235,1.347678103003596,-0.8621047630767502,-1.1772266527131294,-1.1750595158959152,-1.296449651721583,-1.1435473902382058,-1.1185123504318384,-1.3743349027820564,-0.15250208052380332,-1.2281785963876786,-0.33468835246990947,1.1249711845087873,0.0
255,-0.6814711169355683,-0.9579011516250073,-0.8621047630767502,1.5444349664034636,1.1263523857033382,0.6406856089579638,0.7499382051220984,0.5451636813569027,0.7374479966147619,0.947931434445314,0.8142138309047251,-0.33468835246990947,-0.888911657267599,0.0
256,-0.06041919208309182,1.347678103003596,-0.8621047630767502,-1.1772266527131294,-1.1750595158959152,-1.296449651721583,-1.1435473902382058,-1.1185123504318384,-1.3743349027820564,-0.5193132521801758,-1.2281785963876786,-0.33468835246990947,1.1249711845087873,0.0
257,-0.6399336789729209,1.347678103003596,-0.8621047630767502,-1.1772266527131294,-1.1750595158959152,-1.296449651721583,-1.1435473902382058,-1.1185123504318384,-1.3743349027820564,-0.5193132521801758,-1.2281785963876786,-0.33468835246990947,1.1249711845087873,0.0
258,0.12353467630881641,-1.1703071992896323,-0.8621047630767502,0.6372144266979326,0.35921508517025375,0.15640179378807706,0.7499382051220984,0.5451636813569027,0.9294282601962908,-0.5193132521801758,0.8142138309047251,-0.33468835246990947,-0.888911657267599,0.0
259,-0.11218565642210751,1.347678103003596,-0.8621047630767502,-1.1772266527131294,-1.1750595158959152,-1.296449651721583,-1.1435473902382058,-1.1185123504318384,-1.3743349027820564,0.5811202627889416,-1.2281785963876786,-0.33468835246990947,1.1249711845087873,0.0
260,-0.10739795262681359,1.347678103003596,-0.8621047630767502,-1.1772266527131294,-1.1750595158959152,-1.296449651721583,-1.1435473902382058,-1.1185123504318384,-1.3743349027820564,0.947931434445314,-1.2281785963876786,-0.33468835246990947,1.1249711845087873,0.0
261,0.573946179738585,1.347678103003596,-0.8621047630767502,-1.1772266527131294,-1.1750595158959152,-1.296449651721583,-1.1435473902382058,-1.1185123504318384,-1.3743349027820564,1.3147426061016865,-1.2281785963876786,-0.33468835246990947,1.1249711845087873,0.0
262,0.03026306033575936,-0.6188809656603074,-0.8621047630767502,-0.7236163828603639,-0.40792221536283074,0.6406856089579638,0.27656680628202235,-0.2866743345374679,0.16150720587017506,-0.15250208052380332,0.8142138309047251,2.9878542011404647,-0.888911657267599,0.0
263,-0.6836644348588732,1.347678103003596,-0.8621047630767502,-1.1772266527131294,-1.1750595158959152,-1.296449651721583,-1.1435473902382058,-1.1185123504318384,-1.3743349027820564,-1.2529355954929207,-1.2281785963876786,-0.33468835246990947,1.1249711845087873,0.0
264,-0.6774862665116117,1.347678103003596,-0.8621047630767502,-1.1772266527131294,-1.1750595158959152,-1.296449651721583,-1.1435473902382058,-1.1185123504318384,-1.3743349027820564,-0.8861244238365482,-1.2281785963876786,-0.33468835246990947,1.1249711845087873,0.0
265,-0.6774862665116117,1.347678103003596,-0.8621047630767502,-1.1772266527131294,-1.1750595158959152,-1.296449651721583,-1.1435473902382058,-1.1185123504318384,-1.3743349027820564,-0.8861244238365482,-1.2281785963876786,-0.33468835246990947,1.1249711845087873,0.0
266,-0.035065096965738826,1.347678103003596,-0.8621047630767502,-1.1772266527131294,-1.1750595158959152,-1.296449651721583,-1.1435473902382058,-1.1185123504318384,-1.3743349027820564,-0.8861244238365482,-1.2281785963876786,-0.33468835246990947,1.1249711845087873,0.0
267,-0.05886729588809396,1.347678103003596,-0.8621047630767502,-1.1772266527131294,-1.1750595158959152,-1.296449651721583,-1.1435473902382058,-1.1185123504318384,-1.3743349027820564,-0.5193132521801758,-1.2281785963876786,-0.33468835246990947,1.1249711845087873,0.0
268,-0.6812393728435737,1.347678103003596,-0.8621047630767502,-1.1772266527131294,-1.1750595158959152,-1.296449651721583,-1.1435473902382058,-1.1185123504318384,-1.3743349027820564,0.5811202627889416,-1.2281785963876786,-0.33468835246990947,1.1249711845087873,0.0
269,-0.1327520477441666,1.347678103003596,-0.8621047630767502,-1.1772266527131294,-1.1750595158959152,-1.296449651721583,-1.1435473902382058,-1.1185123504318384,-1.3743349027820564,0.947931434445314,-1.2281785963876786,-0.33468835246990947,1.1249711845087873,0.0
270,-0.02422191287188643,1.347678103003596,-0.8621047630767502,-1.1772266527131294,-1.1750595158959152,-1.296449651721583,-1.1435473902382058,-1.1185123504318384,-1.3743349027820564,1.3147426061016865,-1.2281785963876786,-0.33468835246990947,1.1249711845087873,0.0
271,0.3086429603168835,-0.3635130540549814,-0.8621047630767502,0.18360415684516715,-0.40792221536283074,0.15640179378807706,-0.6701759913981298,-0.2866743345374679,-0.030473057711353863,-1.2529355954929207,0.8142138309047251,-0.33468835246990947,-0.888911657267599,0.0
272,-0.803441691669566,-0.637947052197572,-0.8621047630767502,1.998045236256229,1.5099210359698805,2.093537054467624,0.7499382051220984,0.12924467340971743,0.7374479966147619,-0.15250208052380332,0.8142138309047251,-0.33468835246990947,-0.888911657267599,0.0
273,-0.6991102144640114,1.347678103003596,-0.8621047630767502,-1.1772266527131294,-1.1750595158959152,-1.296449651721583,-1.1435473902382058,-1.1185123504318384,-1.3743349027820564,-1.619746767149293,-1.2281785963876786,-0.33468835246990947,1.1249711845087873,0.0
274,-0.6805749919482579,1.347678103003596,-0.8621047630767502,-1.1772266527131294,-1.1750595158959152,-1.296449651721583,-1.1435473902382058,-1.1185123504318384,-1.3743349027820564,-1.2529355954929207,-1.2281785963876786,-0.33468835246990947,1.1249711845087873,0.0
275,-0.03972222049867046,1.347678103003596,-0.8621047630767502,-1.1772266527131294,-1.1750595158959152,-1.296449651721583,-1.1435473902382058,-1.1185123504318384,-1.3743349027820564,-0.8861244238365482,-1.2281785963876786,-0.33468835246990947,1.1249711845087873,0.0
276,-0.6756323137756549,1.347678103003596,-0.8621047630767502,-1.1772266527131294,-1.1750595158959152,-1.296449651721583,-1.1435473902382058,-1.1185123504318384,-1.3743349027820564,-0.8861244238365482,-1.2281785963876786,-0.33468835246990947,1.1249711845087873,0.0
277,-0.6747060548816456,1.347678103003596,-0.8621047630767502,-1.1772266527131294,-1.1750595158959152,-1.296449651721583,-1.1435473902382058,-1.1185123504318384,-1.3743349027820564,-0.8861244238365482,-1.2281785963876786,-0.33468835246990947,1.1249711845087873,0.0
278,-0.6782274171216129,1.347678103003596,-0.8621047630767502,-1.1772266527131294,-1.1750595158959152,-1.296449651721583,-1.1435473902382058,-1.1185123504318384,-1.3743349027820564,-0.5193132521801758,-1.2281785963876786,-0.33468835246990947,1.1249711845087873,0.0
279,-0.18445680932184627,1.347678103003596,-0.8621047630767502,-1.1772266527131294,-1.1750595158959152,-1.296449651721583,-1.1435473902382058,-1.1185123504318384,-1.3743349027820564,0.21430909113256916,-1.2281785963876786,-0.33468835246990947,1.1249711845087873,0.0
280,-0.011780914249018665,1.347678103003596,-0.8621047630767502,-1.1772266527131294,-1.1750595158959152,-1.296449651721583,-1.1435473902382058,-1.1185123504318384,-1.3743349027820564,0.21430909113256916,-1.2281785963876786,-0.33468835246990947,1.1249711845087873,0.0
281,1.887749355589965,1.347678103003596,-0.8621047630767502,-1.1772266527131294,-1.1750595158959152,-1.296449651721583,-1.1435473902382058,-1.1185123504318384,-1.3743349027820564,-0.8861244238365482,-1.2281785963876786,-0.33468835246990947,1.1249711845087873,0.0
282,-0.05576278602412921,1.347678103003596,-0.8621047630767502,-1.1772266527131294,-1.1750595158959152,-1.296449651721583,-1.1435473902382058,-1.1185123504318384,-1.3743349027820564,-0.5193132521801758,-1.2281785963876786,-0.33468835246990947,1.1249711845087873,0.0
283,-0.656170832365892,1.347678103003596,-0.8621047630767502,-1.1772266527131294,-1.1750595158959152,-1.296449651721583,-1.1435473902382058,-1.1185123504318384,-1.3743349027820564,-0.15250208052380332,-1.2281785963876786,-0.33468835246990947,1.1249711845087873,0.0
284,-0.6543175971039044,1.347678103003596,-0.8621047630767502,-1.1772266527131294,-1.1750595158959152,-1.296449651721583,-1.1435473902382058,-1.1185123504318384,-1.3743349027820564,-0.15250208052380332,-1.2281785963876786,-0.33468835246990947,1.1249711845087873,0.0
285,-0.0639792979173865,1.347678103003596,-0.8621047630767502,-1.1772266527131294,-1.1750595158959152,-1.296449651721583,-1.1435473902382058,-1.1185123504318384,-1.3743349027820564,0.21430909113256916,-1.2281785963876786,-0.33468835246990947,1.1249711845087873,0.0
286,1.9657351886529761,1.347678103003596,-0.8621047630767502,-1.1772266527131294,-1.1750595158959152,-1.296449651721583,-1.1435473902382058,-1.1185123504318384,-1.3743349027820564,0.5811202627889416,-1.2281785963876786,-0.33468835246990947,1.1249711845087873,0.0
287,-0.11122854614743014,1.347678103003596,-0.8621047630767502,-1.1772266527131294,-1.1750595158959152,-1.296449651721583,-1.1435473902382058,-1.1185123504318384,-1.3743349027820564,0.947931434445314,-1.2281785963876786,-0.33468835246990947,1.1249711845087873,0.0
288,-0.023203099835873035,1.347678103003596,-0.8621047630767502,-1.1772266527131294,-1.1750595158959152,-1.296449651721583,-1.1435473902382058,-1.1185123504318384,-1.3743349027820564,1.3147426061016865,-1.2281785963876786,-0.33468835246990947,1.1249711845087873,0.0
289,-0.6305304651348986,1.347678103003596,-0.8621047630767502,-1.1772266527131294,-1.1750595158959152,-1.296449651721583,-1.1435473902382058,-1.1185123504318384,-1.3743349027820564,1.3147426061016865,-1.2281785963876786,-0.33468835246990947,1.1249711845087873,0.0
290,-0.7037436613559653,1.347678103003596,-0.8621047630767502,-1.1772266527131294,-1.1750595158959152,-1.296449651721583,-1.1435473902382058,-1.1185123504318384,-1.3743349027820564,-1.619746767149293,-1.2281785963876786,-0.33468835246990947,1.1249711845087873,0.0
291,0.24091987490678482,1.347678103003596,-0.8621047630767502,-1.1772266527131294,-1.1750595158959152,-1.296449651721583,-1.1435473902382058,-1.1185123504318384,-1.3743349027820564,-1.619746767149293,-1.2281785963876786,-0.33468835246990947,1.1249711845087873,0.0
292,-0.6991102144640114,1.347678103003596,-0.8621047630767502,-1.1772266527131294,-1.1750595158959152,-1.296449651721583,-1.1435473902382058,-1.1185123504318384,-1.3743349027820564,-1.619746767149293,-1.2281785963876786,-0.33468835246990947,1.1249711845087873,0.0
293,-0.6944760500980885,1.347678103003596,-0.8621047630767502,-1.1772266527131294,-1.1750595158959152,-1.296449651721583,-1.1435473902382058,-1.1185123504318384,-1.3743349027820564,-1.619746767149293,-1.2281785963876786,-0.33468835246990947,1.1249711845087873,0.0
294,-0.6944760500980885,1.347678103003596,-0.8621047630767502,-1.1772266527131294,-1.1750595158959152,-1.296449651721583,-1.1435473902382058,-1.1185123504318384,-1.3743349027820564,-1.619746767149293,-1.2281785963876786,-0.33468835246990947,1.1249711845087873,0.0
295,-0.6898426032061347,1.347678103003596,-0.8621047630767502,-1.1772266527131294,-1.1750595158959152,-1.296449651721583,-1.1435473902382058,-1.1185123504318384,-1.3743349027820564,-1.619746767149293,-1.2281785963876786,-0.33468835246990947,1.1249711845087873,0.0
296,0.3697380212011429,1.347678103003596,-0.8621047630767502,-1.1772266527131294,-1.1750595158959152,-1.296449651721583,-1.1435473902382058,-1.1185123504318384,-1.3743349027820564,-1.619746767149293,-1.2281785963876786,-0.33468835246990947,1.1249711845087873,0.0
297,-0.6852091563141808,1.347678103003596,-0.8621047630767502,-1.1772266527131294,-1.1750595158959152,-1.296449651721583,-1.1435473902382058,-1.1185123504318384,-1.3743349027820564,-1.2529355954929207,-1.2281785963876786,-0.33468835246990947,1.1249711845087873,0.0
298,-0.6852091563141808,1.347678103003596,-0.8621047630767502,-1.1772266527131294,-1.1750595158959152,-1.296449651721583,-1.1435473902382058,-1.1185123504318384,-1.3743349027820564,-1.2529355954929207,-1.2281785963876786,-0.33468835246990947,1.1249711845087873,0.0
299,-0.6836644348588732,1.347678103003596,-0.8621047630767502,-1.1772266527131294,-1.1750595158959152,-1.296449651721583,-1.1435473902382058,-1.1185123504318384,-1.3743349027820564,-1.2529355954929207,-1.2281785963876786,-0.33468835246990947,1.1249711845087873,0.0
300,-0.6890706012154654,1.347678103003596,-0.8621047630767502,-1.1772266527131294,-1.1750595158959152,-1.296449651721583,-1.1435473902382058,-1.1185123504318384,-1.3743349027820564,-1.2529355954929207,-1.2281785963876786,-0.33468835246990947,1.1249711845087873,0.0
301,0.30254873642399777,1.347678103003596,-0.8621047630767502,-1.1772266527131294,-1.1750595158959152,-1.296449651721583,-1.1435473902382058,-1.1185123504318384,-1.3743349027820564,-1.2529355954929207,-1.2281785963876786,-0.33468835246990947,1.1249711845087873,0.0
302,-0.6821197134035656,1.347678103003596,-0.8621047630767502,-1.1772266527131294,-1.1750595158959152,-1.296449651721583,-1.1435473902382058,-1.1185123504318384,-1.3743349027820564,-1.2529355954929207,-1.2281785963876786,-0.33468835246990947,1.1249711845087873,0.0
303,-0.6821197134035656,1.347678103003596,-0.8621047630767502,-1.1772266527131294,-1.1750595158959152,-1.296449651721583,-1.1435473902382058,-1.1185123504318384,-1.3743349027820564,-1.2529355954929207,-1.2281785963876786,-0.33468835246990947,1.1249711845087873,0.0
304,-0.22106304869539506,1.347678103003596,-0.8621047630767502,-1.1772266527131294,-1.1750595158959152,-1.296449651721583,-1.1435473902382058,-1.1185123504318384,-1.3743349027820564,-1.2529355954929207,-1.2281785963876786,-0.33468835246990947,1.1249711845087873,0.0
305,-0.6805749919482579,1.347678103003596,-0.8621047630767502,-1.1772266527131294,-1.1750595158959152,-1.296449651721583,-1.1435473902382058,-1.1185123504318384,-1.3743349027820564,-1.2529355954929207,-1.2281785963876786,-0.33468835246990947,1.1249711845087873,0.0
306,-0.2164296018034412,1.347678103003596,-0.8621047630767502,-1.1772266527131294,-1.1750595158959152,-1.296449651721583,-1.1435473902382058,-1.1185123504318384,-1.3743349027820564,-1.2529355954929207,-1.2281785963876786,-0.33468835246990947,1.1249711845087873,0.0
307,-0.6790302704929503,1.347678103003596,-0.8621047630767502,-1.1772266527131294,-1.1750595158959152,-1.296449651721583,-1.1435473902382058,-1.1185123504318384,-1.3743349027820564,-1.2529355954929207,-1.2281785963876786,-0.33468835246990947,1.1249711845087873,0.0
308,-0.6790302704929503,1.347678103003596,-0.8621047630767502,-1.1772266527131294,-1.1750595158959152,-1.296449651721583,-1.1435473902382058,-1.1185123504318384,-1.3743349027820564,-1.2529355954929207,-1.2281785963876786,-0.33468835246990947,1.1249711845087873,0.0
309,-0.6790302704929503,1.347678103003596,-0.8621047630767502,-1.1772266527131294,-1.1750595158959152,-1.296449651721583,-1.1435473902382058,-1.1185123504318384,-1.3743349027820564,-1.2529355954929207,-1.2281785963876786,-0.33468835246990947,1.1249711845087873,0.0
310,-0.21411287835746426,1.347678103003596,-0.8621047630767502,-1.1772266527131294,-1.1750595158959152,-1.296449651721583,-1.1435473902382058,-1.1185123504318384,-1.3743349027820564,-1.2529355954929207,-1.2281785963876786,-0.33468835246990947,1.1249711845087873,0.0
311,-0.6774862665116117,1.347678103003596,-0.8621047630767502,-1.1772266527131294,-1.1750595158959152,-1.296449651721583,-1.1435473902382058,-1.1185123504318384,-1.3743349027820564,-0.8861244238365482,-1.2281785963876786,-0.33468835246990947,1.1249711845087873,0.0
312,0.315523535679819,1.347678103003596,-0.8621047630767502,-1.1772266527131294,-1.1750595158959152,-1.296449651721583,-1.1435473902382058,-1.1185123504318384,-1.3743349027820564,-0.8861244238365482,-1.2281785963876786,-0.33468835246990947,1.1249711845087873,0.0
313,-0.6765592901436334,1.347678103003596,-0.8621047630767502,-1.1772266527131294,-1.1750595158959152,-1.296449651721583,-1.1435473902382058,-1.1185123504318384,-1.3743349027820564,-0.8861244238365482,-1.2281785963876786,-0.33468835246990947,1.1249711845087873,0.0
314,-0.6765592901436334,1.347678103003596,-0.8621047630767502,-1.1772266527131294,-1.1750595158959152,-1.296449651721583,-1.1435473902382058,-1.1185123504318384,-1.3743349027820564,-0.8861244238365482,-1.2281785963876786,-0.33468835246990947,1.1249711845087873,0.0
315,-0.6765592901436334,1.347678103003596,-0.8621047630767502,-1.1772266527131294,-1.1750595158959152,-1.296449651721583,-1.1435473902382058,-1.1185123504318384,-1.3743349027820564,-0.8861244238365482,-1.2281785963876786,-0.33468835246990947,1.1249711845087873,0.0
316,-0.6756323137756549,1.347678103003596,-0.8621047630767502,-1.1772266527131294,-1.1750595158959152,-1.296449651721583,-1.1435473902382058,-1.1185123504318384,-1.3743349027820564,-0.8861244238365482,-1.2281785963876786,-0.33468835246990947,1.1249711845087873,0.0
317,-0.6756323137756549,1.347678103003596,-0.8621047630767502,-1.1772266527131294,-1.1750595158959152,-1.296449651721583,-1.1435473902382058,-1.1185123504318384,-1.3743349027820564,-0.8861244238365482,-1.2281785963876786,-0.33468835246990947,1.1249711845087873,0.0
318,-0.6747060548816456,1.347678103003596,-0.8621047630767502,-1.1772266527131294,-1.1750595158959152,-1.296449651721583,-1.1435473902382058,-1.1185123504318384,-1.3743349027820564,-0.8861244238365482,-1.2281785963876786,-0.33468835246990947,1.1249711845087873,0.0
319,-0.6737790785136671,1.347678103003596,-0.8621047630767502,-1.1772266527131294,-1.1750595158959152,-1.296449651721583,-1.1435473902382058,-1.1185123504318384,-1.3743349027820564,-0.8861244238365482,-1.2281785963876786,-0.33468835246990947,1.1249711845087873,0.0
320,-0.6737790785136671,1.347678103003596,-0.8621047630767502,-1.1772266527131294,-1.1750595158959152,-1.296449651721583,-1.1435473902382058,-1.1185123504318384,-1.3743349027820564,-0.8861244238365482,-1.2281785963876786,-0.33468835246990947,1.1249711845087873,0.0
321,-0.6800347340495833,1.347678103003596,-0.8621047630767502,-1.1772266527131294,-1.1750595158959152,-1.296449651721583,-1.1435473902382058,-1.1185123504318384,-1.3743349027820564,-0.5193132521801758,-1.2281785963876786,-0.33468835246990947,1.1249711845087873,0.0
322,-0.6728521021456888,1.347678103003596,-0.8621047630767502,-1.1772266527131294,-1.1750595158959152,-1.296449651721583,-1.1435473902382058,-1.1185123504318384,-1.3743349027820564,-0.5193132521801758,-1.2281785963876786,-0.33468835246990947,1.1249711845087873,0.0
323,-0.6728521021456888,1.347678103003596,-0.8621047630767502,-1.1772266527131294,-1.1750595158959152,-1.296449651721583,-1.1435473902382058,-1.1185123504318384,-1.3743349027820564,-0.5193132521801758,-1.2281785963876786,-0.33468835246990947,1.1249711845087873,0.0
324,-0.6728521021456888,1.347678103003596,-0.8621047630767502,-1.1772266527131294,-1.1750595158959152,-1.296449651721583,-1.1435473902382058,-1.1185123504318384,-1.3743349027820564,-0.5193132521801758,-1.2281785963876786,-0.33468835246990947,1.1249711845087873,0.0
325,-0.6791307168486136,1.347678103003596,-0.8621047630767502,-1.1772266527131294,-1.1750595158959152,-1.296449651721583,-1.1435473902382058,-1.1185123504318384,-1.3743349027820564,-0.5193132521801758,-1.2281785963876786,-0.33468835246990947,1.1249711845087873,0.0
326,-0.03196058710177407,1.347678103003596,-0.8621047630767502,-1.1772266527131294,-1.1750595158959152,-1.296449651721583,-1.1435473902382058,-1.1185123504318384,-1.3743349027820564,-0.5193132521801758,-1.2281785963876786,-0.33468835246990947,1.1249711845087873,0.0
327,-0.6719258432516795,1.347678103003596,-0.8621047630767502,-1.1772266527131294,-1.1750595158959152,-1.296449651721583,-1.1435473902382058,-1.1185123504318384,-1.3743349027820564,-0.5193132521801758,-1.2281785963876786,-0.33468835246990947,1.1249711845087873,0.0
328,-0.6719258432516795,1.347678103003596,-0.8621047630767502,-1.1772266527131294,-1.1750595158959152,-1.296449651721583,-1.1435473902382058,-1.1185123504318384,-1.3743349027820564,-0.5193132521801758,-1.2281785963876786,-0.33468835246990947,1.1249711845087873,0.0
329,-0.6719258432516795,1.347678103003596,-0.8621047630767502,-1.1772266527131294,-1.1750595158959152,-1.296449651721583,-1.1435473902382058,-1.1185123504318384,-1.3743349027820564,-0.5193132521801758,-1.2281785963876786,-0.33468835246990947,1.1249711845087873,0.0
330,-0.670998866883701,1.347678103003596,-0.8621047630767502,-1.1772266527131294,-1.1750595158959152,-1.296449651721583,-1.1435473902382058,-1.1185123504318384,-1.3743349027820564,-0.5193132521801758,-1.2281785963876786,-0.33468835246990947,1.1249711845087873,0.0
331,-0.670998866883701,1.347678103003596,-0.8621047630767502,-1.1772266527131294,-1.1750595158959152,-1.296449651721583,-1.1435473902382058,-1.1185123504318384,-1.3743349027820564,-0.5193132521801758,-1.2281785963876786,-0.33468835246990947,1.1249711845087873,0.0
332,-0.670998866883701,1.347678103003596,-0.8621047630767502,-1.1772266527131294,-1.1750595158959152,-1.296449651721583,-1.1435473902382058,-1.1185123504318384,-1.3743349027820564,-0.5193132521801758,-1.2281785963876786,-0.33468835246990947,1.1249711845087873,0.0
333,-0.19974833202364445,1.347678103003596,-0.8621047630767502,-1.1772266527131294,-1.1750595158959152,-1.296449651721583,-1.1435473902382058,-1.1185123504318384,-1.3743349027820564,-0.5193132521801758,-1.2281785963876786,-0.33468835246990947,1.1249711845087873,0.0
334,-0.6773241173946124,1.347678103003596,-0.8621047630767502,-1.1772266527131294,-1.1750595158959152,-1.296449651721583,-1.1435473902382058,-1.1185123504318384,-1.3743349027820564,-0.5193132521801758,-1.2281785963876786,-0.33468835246990947,1.1249711845087873,0.0
335,-0.6700718905157227,1.347678103003596,-0.8621047630767502,-1.1772266527131294,-1.1750595158959152,-1.296449651721583,-1.1435473902382058,-1.1185123504318384,-1.3743349027820564,-0.5193132521801758,-1.2281785963876786,-0.33468835246990947,1.1249711845087873,0.0
336,-0.6700718905157227,1.347678103003596,-0.8621047630767502,-1.1772266527131294,-1.1750595158959152,-1.296449651721583,-1.1435473902382058,-1.1185123504318384,-1.3743349027820564,-0.5193132521801758,-1.2281785963876786,-0.33468835246990947,1.1249711845087873,0.0
337,-0.6700718905157227,1.347678103003596,-0.8621047630767502,-1.1772266527131294,-1.1750595158959152,-1.296449651721583,-1.1435473902382058,-1.1185123504318384,-1.3743349027820564,-0.5193132521801758,-1.2281785963876786,-0.33468835246990947,1.1249711845087873,0.0
338,-0.6764201001936427,1.347678103003596,-0.8621047630767502,-1.1772266527131294,-1.1750595158959152,-1.296449651721583,-1.1435473902382058,-1.1185123504318384,-1.3743349027820564,-0.5193132521801758,-1.2281785963876786,-0.33468835246990947,1.1249711845087873,0.0
339,-0.6691449141477444,1.347678103003596,-0.8621047630767502,-1.1772266527131294,-1.1750595158959152,-1.296449651721583,-1.1435473902382058,-1.1185123504318384,-1.3743349027820564,-0.5193132521801758,-1.2281785963876786,-0.33468835246990947,1.1249711845087873,0.0
340,-0.6691449141477444,1.347678103003596,-0.8621047630767502,-1.1772266527131294,-1.1750595158959152,-1.296449651721583,-1.1435473902382058,-1.1185123504318384,-1.3743349027820564,-0.5193132521801758,-1.2281785963876786,-0.33468835246990947,1.1249711845087873,0.0
341,-0.6691449141477444,1.347678103003596,-0.8621047630767502,-1.1772266527131294,-1.1750595158959152,-1.296449651721583,-1.1435473902382058,-1.1185123504318384,-1.3743349027820564,-0.5193132521801758,-1.2281785963876786,-0.33468835246990947,1.1249711845087873,0.0
342,-0.6682186552537349,1.347678103003596,-0.8621047630767502,-1.1772266527131294,-1.1750595158959152,-1.296449651721583,-1.1435473902382058,-1.1185123504318384,-1.3743349027820564,-0.15250208052380332,-1.2281785963876786,-0.33468835246990947,1.1249711845087873,0.0
343,-0.6682186552537349,1.347678103003596,-0.8621047630767502,-1.1772266527131294,-1.1750595158959152,-1.296449651721583,-1.1435473902382058,-1.1185123504318384,-1.3743349027820564,-0.15250208052380332,-1.2281785963876786,-0.33468835246990947,1.1249711845087873,0.0
344,-0.6682186552537349,1.347678103003596,-0.8621047630767502,-1.1772266527131294,-1.1750595158959152,-1.296449651721583,-1.1435473902382058,-1.1185123504318384,-1.3743349027820564,-0.15250208052380332,-1.2281785963876786,-0.33468835246990947,1.1249711845087873,0.0
345,-0.6746127832656725,1.347678103003596,-0.8621047630767502,-1.1772266527131294,-1.1750595158959152,-1.296449651721583,-1.1435473902382058,-1.1185123504318384,-1.3743349027820564,-0.15250208052380332,-1.2281785963876786,-0.33468835246990947,1.1249711845087873,0.0
346,-0.6672916788857566,1.347678103003596,-0.8621047630767502,-1.1772266527131294,-1.1750595158959152,-1.296449651721583,-1.1435473902382058,-1.1185123504318384,-1.3743349027820564,-0.15250208052380332,-1.2281785963876786,-0.33468835246990947,1.1249711845087873,0.0
347,-0.6672916788857566,1.347678103003596,-0.8621047630767502,-1.1772266527131294,-1.1750595158959152,-1.296449651721583,-1.1435473902382058,-1.1185123504318384,-1.3743349027820564,-0.15250208052380332,-1.2281785963876786,-0.33468835246990947,1.1249711845087873,0.0
348,-0.6672916788857566,1.347678103003596,-0.8621047630767502,-1.1772266527131294,-1.1750595158959152,-1.296449651721583,-1.1435473902382058,-1.1185123504318384,-1.3743349027820564,-0.15250208052380332,-1.2281785963876786,-0.33468835246990947,1.1249711845087873,0.0
349,-0.6737094835386719,1.347678103003596,-0.8621047630767502,-1.1772266527131294,-1.1750595158959152,-1.296449651721583,-1.1435473902382058,-1.1185123504318384,-1.3743349027820564,-0.15250208052380332,-1.2281785963876786,-0.33468835246990947,1.1249711845087873,0.0
350,-0.02264705750987981,1.347678103003596,-0.8621047630767502,-1.1772266527131294,-1.1750595158959152,-1.296449651721583,-1.1435473902382058,-1.1185123504318384,-1.3743349027820564,-0.15250208052380332,-1.2281785963876786,-0.33468835246990947,1.1249711845087873,0.0
351,-0.6663647025177781,1.347678103003596,-0.8621047630767502,-1.1772266527131294,-1.1750595158959152,-1.296449651721583,-1.1435473902382058,-1.1185123504318384,-1.3743349027820564,-0.15250208052380332,-1.2281785963876786,-0.33468835246990947,1.1249711845087873,0.0
352,-0.6663647025177781,1.347678103003596,-0.8621047630767502,-1.1772266527131294,-1.1750595158959152,-1.296449651721583,-1.1435473902382058,-1.1185123504318384,-1.3743349027820564,-0.15250208052380332,-1.2281785963876786,-0.33468835246990947,1.1249711845087873,0.0
353,-0.6663647025177781,1.347678103003596,-0.8621047630767502,-1.1772266527131294,-1.1750595158959152,-1.296449651721583,-1.1435473902382058,-1.1185123504318384,-1.3743349027820564,-0.15250208052380332,-1.2281785963876786,-0.33468835246990947,1.1249711845087873,0.0
354,-0.6728061838116713,1.347678103003596,-0.8621047630767502,-1.1772266527131294,-1.1750595158959152,-1.296449651721583,-1.1435473902382058,-1.1185123504318384,-1.3743349027820564,-0.15250208052380332,-1.2281785963876786,-0.33468835246990947,1.1249711845087873,0.0
355,-0.6654384436237688,1.347678103003596,-0.8621047630767502,-1.1772266527131294,-1.1750595158959152,-1.296449651721583,-1.1435473902382058,-1.1185123504318384,-1.3743349027820564,-0.15250208052380332,-1.2281785963876786,-0.33468835246990947,1.1249711845087873,0.0
356,-0.6654384436237688,1.347678103003596,-0.8621047630767502,-1.1772266527131294,-1.1750595158959152,-1.296449651721583,-1.1435473902382058,-1.1185123504318384,-1.3743349027820564,-0.15250208052380332,-1.2281785963876786,-0.33468835246990947,1.1249711845087873,0.0
357,-0.6654384436237688,1.347678103003596,-0.8621047630767502,-1.1772266527131294,-1.1750595158959152,-1.296449651721583,-1.1435473902382058,-1.1185123504318384,-1.3743349027820564,-0.15250208052380332,-1.2281785963876786,-0.33468835246990947,1.1249711845087873,0.0
358,-0.6719021666107017,1.347678103003596,-0.8621047630767502,-1.1772266527131294,-1.1750595158959152,-1.296449651721583,-1.1435473902382058,-1.1185123504318384,-1.3743349027820564,-0.15250208052380332,-1.2281785963876786,-0.33468835246990947,1.1249711845087873,0.0
359,-0.019541830171946037,1.347678103003596,-0.8621047630767502,-1.1772266527131294,-1.1750595158959152,-1.296449651721583,-1.1435473902382058,-1.1185123504318384,-1.3743349027820564,-0.15250208052380332,-1.2281785963876786,-0.33468835246990947,1.1249711845087873,0.0
360,-0.6645114672557905,1.347678103003596,-0.8621047630767502,-1.1772266527131294,-1.1750595158959152,-1.296449651721583,-1.1435473902382058,-1.1185123504318384,-1.3743349027820564,-0.15250208052380332,-1.2281785963876786,-0.33468835246990947,1.1249711845087873,0.0
361,-0.6645114672557905,1.347678103003596,-0.8621047630767502,-1.1772266527131294,-1.1750595158959152,-1.296449651721583,-1.1435473902382058,-1.1185123504318384,-1.3743349027820564,-0.15250208052380332,-1.2281785963876786,-0.33468835246990947,1.1249711845087873,0.0
362,-0.6645114672557905,1.347678103003596,-0.8621047630767502,-1.1772266527131294,-1.1750595158959152,-1.296449651721583,-1.1435473902382058,-1.1185123504318384,-1.3743349027820564,-0.15250208052380332,-1.2281785963876786,-0.33468835246990947,1.1249711845087873,0.0
363,0.44758466431416344,1.347678103003596,-0.8621047630767502,-1.1772266527131294,-1.1750595158959152,-1.296449651721583,-1.1435473902382058,-1.1185123504318384,-1.3743349027820564,-0.15250208052380332,-1.2281785963876786,-0.33468835246990947,1.1249711845087873,0.0
364,-0.670998866883701,1.347678103003596,-0.8621047630767502,-1.1772266527131294,-1.1750595158959152,-1.296449651721583,-1.1435473902382058,-1.1185123504318384,-1.3743349027820564,0.21430909113256916,-1.2281785963876786,-0.33468835246990947,1.1249711845087873,0.0
365,0.3479590988714341,1.347678103003596,-0.8621047630767502,-1.1772266527131294,-1.1750595158959152,-1.296449651721583,-1.1435473902382058,-1.1185123504318384,-1.3743349027820564,0.21430909113256916,-1.2281785963876786,-0.33468835246990947,1.1249711845087873,0.0
366,-0.01798993397694817,1.347678103003596,-0.8621047630767502,-1.1772266527131294,-1.1750595158959152,-1.296449651721583,-1.1435473902382058,-1.1185123504318384,-1.3743349027820564,0.21430909113256916,-1.2281785963876786,-0.33468835246990947,1.1249711845087873,0.0
367,-0.663584490887812,1.347678103003596,-0.8621047630767502,-1.1772266527131294,-1.1750595158959152,-1.296449651721583,-1.1435473902382058,-1.1185123504318384,-1.3743349027820564,0.21430909113256916,-1.2281785963876786,-0.33468835246990947,1.1249711845087873,0.0
368,-0.663584490887812,1.347678103003596,-0.8621047630767502,-1.1772266527131294,-1.1750595158959152,-1.296449651721583,-1.1435473902382058,-1.1185123504318384,-1.3743349027820564,0.21430909113256916,-1.2281785963876786,-0.33468835246990947,1.1249711845087873,0.0
369,-0.663584490887812,1.347678103003596,-0.8621047630767502,-1.1772266527131294,-1.1750595158959152,-1.296449651721583,-1.1435473902382058,-1.1185123504318384,-1.3743349027820564,0.21430909113256916,-1.2281785963876786,-0.33468835246990947,1.1249711845087873,0.0
370,-0.6700948496827315,1.347678103003596,-0.8621047630767502,-1.1772266527131294,-1.1750595158959152,-1.296449651721583,-1.1435473902382058,-1.1185123504318384,-1.3743349027820564,0.21430909113256916,-1.2281785963876786,-0.33468835246990947,1.1249711845087873,0.0
371,0.3499056057493949,1.347678103003596,-0.8621047630767502,-1.1772266527131294,-1.1750595158959152,-1.296449651721583,-1.1435473902382058,-1.1185123504318384,-1.3743349027820564,0.21430909113256916,-1.2281785963876786,-0.33468835246990947,1.1249711845087873,0.0
372,-0.01643732030798128,1.347678103003596,-0.8621047630767502,-1.1772266527131294,-1.1750595158959152,-1.296449651721583,-1.1435473902382058,-1.1185123504318384,-1.3743349027820564,0.21430909113256916,-1.2281785963876786,-0.33468835246990947,1.1249711845087873,0.0
373,-0.6626582319938027,1.347678103003596,-0.8621047630767502,-1.1772266527131294,-1.1750595158959152,-1.296449651721583,-1.1435473902382058,-1.1185123504318384,-1.3743349027820564,0.21430909113256916,-1.2281785963876786,-0.33468835246990947,1.1249711845087873,0.0
374,-0.6626582319938027,1.347678103003596,-0.8621047630767502,-1.1772266527131294,-1.1750595158959152,-1.296449651721583,-1.1435473902382058,-1.1185123504318384,-1.3743349027820564,0.21430909113256916,-1.2281785963876786,-0.33468835246990947,1.1249711845087873,0.0
375,0.4517546230221281,1.347678103003596,-0.8621047630767502,-1.1772266527131294,-1.1750595158959152,-1.296449651721583,-1.1435473902382058,-1.1185123504318384,-1.3743349027820564,0.21430909113256916,-1.2281785963876786,-0.33468835246990947,1.1249711845087873,0.0
376,-0.6691915499557308,1.347678103003596,-0.8621047630767502,-1.1772266527131294,-1.1750595158959152,-1.296449651721583,-1.1435473902382058,-1.1185123504318384,-1.3743349027820564,0.21430909113256916,-1.2281785963876786,-0.33468835246990947,1.1249711845087873,0.0
377,0.3518513951533867,1.347678103003596,-0.8621047630767502,-1.1772266527131294,-1.1750595158959152,-1.296449651721583,-1.1435473902382058,-1.1185123504318384,-1.3743349027820564,0.21430909113256916,-1.2281785963876786,-0.33468835246990947,1.1249711845087873,0.0
378,-0.014885424112983417,1.347678103003596,-0.8621047630767502,-1.1772266527131294,-1.1750595158959152,-1.296449651721583,-1.1435473902382058,-1.1185123504318384,-1.3743349027820564,0.21430909113256916,-1.2281785963876786,-0.33468835246990947,1.1249711845087873,0.0
379,-0.6617312556258244,1.347678103003596,-0.8621047630767502,-1.1772266527131294,-1.1750595158959152,-1.296449651721583,-1.1435473902382058,-1.1185123504318384,-1.3743349027820564,0.21430909113256916,-1.2281785963876786,-0.33468835246990947,1.1249711845087873,0.0
380,-0.18816399731979078,1.347678103003596,-0.8621047630767502,-1.1772266527131294,-1.1750595158959152,-1.296449651721583,-1.1435473902382058,-1.1185123504318384,-1.3743349027820564,0.21430909113256916,-1.2281785963876786,-0.33468835246990947,1.1249711845087873,0.0
381,-0.18584655639984482,1.347678103003596,-0.8621047630767502,-1.1772266527131294,-1.1750595158959152,-1.296449651721583,-1.1435473902382058,-1.1185123504318384,-1.3743349027820564,0.21430909113256916,-1.2281785963876786,-0.33468835246990947,1.1249711845087873,0.0
382,0.45384031985007944,1.347678103003596,-0.8621047630767502,-1.1772266527131294,-1.1750595158959152,-1.296449651721583,-1.1435473902382058,-1.1185123504318384,-1.3743349027820564,0.21430909113256916,-1.2281785963876786,-0.33468835246990947,1.1249711845087873,0.0
383,-0.6682882502287302,1.347678103003596,-0.8621047630767502,-1.1772266527131294,-1.1750595158959152,-1.296449651721583,-1.1435473902382058,-1.1185123504318384,-1.3743349027820564,0.21430909113256916,-1.2281785963876786,-0.33468835246990947,1.1249711845087873,0.0
384,0.3537979020313475,1.347678103003596,-0.8621047630767502,-1.1772266527131294,-1.1750595158959152,-1.296449651721583,-1.1435473902382058,-1.1185123504318384,-1.3743349027820564,0.21430909113256916,-1.2281785963876786,-0.33468835246990947,1.1249711845087873,0.0
385,-0.01333281044401653,1.347678103003596,-0.8621047630767502,-1.1772266527131294,-1.1750595158959152,-1.296449651721583,-1.1435473902382058,-1.1185123504318384,-1.3743349027820564,0.21430909113256916,-1.2281785963876786,-0.33468835246990947,1.1249711845087873,0.0
386,-0.6608042792578459,1.347678103003596,-0.8621047630767502,-1.1772266527131294,-1.1750595158959152,-1.296449651721583,-1.1435473902382058,-1.1185123504318384,-1.3743349027820564,0.21430909113256916,-1.2281785963876786,-0.33468835246990947,1.1249711845087873,0.0
387,-0.6608042792578459,1.347678103003596,-0.8621047630767502,-1.1772266527131294,-1.1750595158959152,-1.296449651721583,-1.1435473902382058,-1.1185123504318384,-1.3743349027820564,0.21430909113256916,-1.2281785963876786,-0.33468835246990947,1.1249711845087873,0.0
388,-0.6608042792578459,1.347678103003596,-0.8621047630767502,-1.1772266527131294,-1.1750595158959152,-1.296449651721583,-1.1435473902382058,-1.1185123504318384,-1.3743349027820564,0.21430909113256916,-1.2281785963876786,-0.33468835246990947,1.1249711845087873,0.0
389,0.4559252992040618,1.347678103003596,-0.8621047630767502,-1.1772266527131294,-1.1750595158959152,-1.296449651721583,-1.1435473902382058,-1.1185123504318384,-1.3743349027820564,0.21430909113256916,-1.2281785963876786,-0.33468835246990947,1.1249711845087873,0.0
390,-0.6673842330277606,1.347678103003596,-0.8621047630767502,-1.1772266527131294,-1.1750595158959152,-1.296449651721583,-1.1435473902382058,-1.1185123504318384,-1.3743349027820564,0.21430909113256916,-1.2281785963876786,-0.33468835246990947,1.1249711845087873,0.0
391,0.35574369143533924,1.347678103003596,-0.8621047630767502,-1.1772266527131294,-1.1750595158959152,-1.296449651721583,-1.1435473902382058,-1.1185123504318384,-1.3743349027820564,0.21430909113256916,-1.2281785963876786,-0.33468835246990947,1.1249711845087873,0.0
392,-0.6598780203638366,1.347678103003596,-0.8621047630767502,-1.1772266527131294,-1.1750595158959152,-1.296449651721583,-1.1435473902382058,-1.1185123504318384,-1.3743349027820564,0.21430909113256916,-1.2281785963876786,-0.33468835246990947,1.1249711845087873,0.0
393,-0.6598780203638366,1.347678103003596,-0.8621047630767502,-1.1772266527131294,-1.1750595158959152,-1.296449651721583,-1.1435473902382058,-1.1185123504318384,-1.3743349027820564,0.21430909113256916,-1.2281785963876786,-0.33468835246990947,1.1249711845087873,0.0
394,-0.6598780203638366,1.347678103003596,-0.8621047630767502,-1.1772266527131294,-1.1750595158959152,-1.296449651721583,-1.1435473902382058,-1.1185123504318384,-1.3743349027820564,0.21430909113256916,-1.2281785963876786,-0.33468835246990947,1.1249711845087873,0.0
395,-0.18538378568982464,1.347678103003596,-0.8621047630767502,-1.1772266527131294,-1.1750595158959152,-1.296449651721583,-1.1435473902382058,-1.1185123504318384,-1.3743349027820564,0.21430909113256916,-1.2281785963876786,-0.33468835246990947,1.1249711845087873,0.0
396,0.5085721041030693,1.347678103003596,-0.8621047630767502,-1.1772266527131294,-1.1750595158959152,-1.296449651721583,-1.1435473902382058,-1.1185123504318384,-1.3743349027820564,0.21430909113256916,-1.2281785963876786,-0.33468835246990947,1.1249711845087873,0.0
397,-0.014892598852673654,1.347678103003596,-0.8621047630767502,-1.1772266527131294,-1.1750595158959152,-1.296449651721583,-1.1435473902382058,-1.1185123504318384,-1.3743349027820564,0.21430909113256916,-1.2281785963876786,-0.33468835246990947,1.1249711845087873,0.0
398,-0.15155704047227295,1.347678103003596,-0.8621047630767502,-1.1772266527131294,-1.1750595158959152,-1.296449651721583,-1.1435473902382058,-1.1185123504318384,-1.3743349027820564,-1.619746767149293,-1.2281785963876786,-0.33468835246990947,1.1249711845087873,0.0
399,-0.21465313625613897,1.347678103003596,-0.8621047630767502,-1.1772266527131294,-1.1750595158959152,-1.296449651721583,-1.1435473902382058,-1.1185123504318384,-1.3743349027820564,-1.619746767149293,-1.2281785963876786,-0.33468835246990947,1.1249711845087873,0.0
400,-0.11749926863669567,1.347678103003596,-0.8621047630767502,-1.1772266527131294,-1.1750595158959152,-1.296449651721583,-1.1435473902382058,-1.1185123504318384,-1.3743349027820564,-1.619746767149293,-1.2281785963876786,-0.33468835246990947,1.1249711845087873,0.0
401,-0.13939370427541728,1.347678103003596,-0.8621047630767502,-1.1772266527131294,-1.1750595158959152,-1.296449651721583,-1.1435473902382058,-1.1185123504318384,-1.3743349027820564,-1.619746767149293,-1.2281785963876786,-0.33468835246990947,1.1249711845087873,0.0
402,-0.1272303680785616,1.347678103003596,-0.8621047630767502,-1.1772266527131294,-1.1750595158959152,-1.296449651721583,-1.1435473902382058,-1.1185123504318384,-1.3743349027820564,-1.2529355954929207,-1.2281785963876786,-0.33468835246990947,1.1249711845087873,0.0
403,-0.1907124648577623,1.347678103003596,-0.8621047630767502,-1.1772266527131294,-1.1750595158959152,-1.296449651721583,-1.1435473902382058,-1.1185123504318384,-1.3743349027820564,-1.2529355954929207,-1.2281785963876786,-0.33468835246990947,1.1249711845087873,0.0
404,0.955325925238756,1.347678103003596,-0.8621047630767502,-1.1772266527131294,-1.1750595158959152,-1.296449651721583,-1.1435473902382058,-1.1185123504318384,-1.3743349027820564,-1.2529355954929207,-1.2281785963876786,-0.33468835246990947,1.1249711845087873,0.0
405,-0.11020112342378846,1.347678103003596,-0.8621047630767502,-1.1772266527131294,-1.1750595158959152,-1.296449651721583,-1.1435473902382058,-1.1185123504318384,-1.3743349027820564,-1.2529355954929207,-1.2281785963876786,-0.33468835246990947,1.1249711845087873,0.0
406,1.8286689616107237,1.347678103003596,-0.8621047630767502,-1.1772266527131294,-1.1750595158959152,-1.296449651721583,-1.1435473902382058,-1.1185123504318384,-1.3743349027820564,-1.2529355954929207,-1.2281785963876786,-0.33468835246990947,1.1249711845087873,0.0
407,0.4810246910624114,1.347678103003596,-0.8621047630767502,-1.1772266527131294,-1.1750595158959152,-1.296449651721583,-1.1435473902382058,-1.1185123504318384,-1.3743349027820564,-1.2529355954929207,-1.2281785963876786,-0.33468835246990947,1.1249711845087873,0.0
408,-0.17155949725467953,1.347678103003596,-0.8621047630767502,-1.1772266527131294,-1.1750595158959152,-1.296449651721583,-1.1435473902382058,-1.1185123504318384,-1.3743349027820564,-1.2529355954929207,-1.2281785963876786,-0.33468835246990947,1.1249711845087873,0.0
409,-0.10533593243984,1.347678103003596,-0.8621047630767502,-1.1772266527131294,-1.1750595158959152,-1.296449651721583,-1.1435473902382058,-1.1185123504318384,-1.3743349027820564,-1.2529355954929207,-1.2281785963876786,-0.33468835246990947,1.1249711845087873,0.0
410,-0.21283864458847848,1.347678103003596,-0.8621047630767502,-1.1772266527131294,-1.1750595158959152,-1.296449651721583,-1.1435473902382058,-1.1185123504318384,-1.3743349027820564,-1.2529355954929207,-1.2281785963876786,-0.33468835246990947,1.1249711845087873,0.0
411,-0.6716166119710303,1.347678103003596,-0.8621047630767502,-1.1772266527131294,-1.1750595158959152,-1.296449651721583,-1.1435473902382058,-1.1185123504318384,-1.3743349027820564,-1.2529355954929207,-1.2281785963876786,-0.33468835246990947,1.1249711845087873,0.0
412,-0.10290297821088126,1.347678103003596,-0.8621047630767502,-1.1772266527131294,-1.1750595158959152,-1.296449651721583,-1.1435473902382058,-1.1185123504318384,-1.3743349027820564,-1.2529355954929207,-1.2281785963876786,-0.33468835246990947,1.1249711845087873,0.0
413,-0.670689635603052,1.347678103003596,-0.8621047630767502,-1.1772266527131294,-1.1750595158959152,-1.296449651721583,-1.1435473902382058,-1.1185123504318384,-1.3743349027820564,-1.2529355954929207,-1.2281785963876786,-0.33468835246990947,1.1249711845087873,0.0
414,-0.6697633767090426,1.347678103003596,-0.8621047630767502,-1.1772266527131294,-1.1750595158959152,-1.296449651721583,-1.1435473902382058,-1.1185123504318384,-1.3743349027820564,-0.8861244238365482,-1.2281785963876786,-0.33468835246990947,1.1249711845087873,0.0
415,-0.6688364003410642,1.347678103003596,-0.8621047630767502,-1.1772266527131294,-1.1750595158959152,-1.296449651721583,-1.1435473902382058,-1.1185123504318384,-1.3743349027820564,-0.8861244238365482,-1.2281785963876786,-0.33468835246990947,1.1249711845087873,0.0
416,0.4955434942995713,1.347678103003596,-0.8621047630767502,-1.1772266527131294,-1.1750595158959152,-1.296449651721583,-1.1435473902382058,-1.1185123504318384,-1.3743349027820564,-0.8861244238365482,-1.2281785963876786,-0.33468835246990947,1.1249711845087873,0.0
417,-0.09560483299797407,1.347678103003596,-0.8621047630767502,-1.1772266527131294,-1.1750595158959152,-1.296449651721583,-1.1435473902382058,-1.1185123504318384,-1.3743349027820564,-0.8861244238365482,-1.2281785963876786,-0.33468835246990947,1.1249711845087873,0.0
418,-0.6679094239730858,1.347678103003596,-0.8621047630767502,-1.1772266527131294,-1.1750595158959152,-1.296449651721583,-1.1435473902382058,-1.1185123504318384,-1.3743349027820564,-0.8861244238365482,-1.2281785963876786,-0.33468835246990947,1.1249711845087873,0.0
419,-0.15719495092085972,1.347678103003596,-0.8621047630767502,-1.1772266527131294,-1.1750595158959152,-1.296449651721583,-1.1435473902382058,-1.1185123504318384,-1.3743349027820564,-0.8861244238365482,-1.2281785963876786,-0.33468835246990947,1.1249711845087873,0.0
420,0.995292095209242,1.347678103003596,-0.8621047630767502,-1.1772266527131294,-1.1750595158959152,-1.296449651721583,-1.1435473902382058,-1.1185123504318384,-1.3743349027820564,-0.8861244238365482,-1.2281785963876786,-0.33468835246990947,1.1249711845087873,0.0
421,-0.08587373355610811,1.347678103003596,-0.8621047630767502,-1.1772266527131294,-1.1750595158959152,-1.296449651721583,-1.1435473902382058,-1.1185123504318384,-1.3743349027820564,-0.8861244238365482,-1.2281785963876786,-0.33468835246990947,1.1249711845087873,0.0
422,-0.6956964733193975,1.347678103003596,-0.8621047630767502,-1.1772266527131294,-1.1750595158959152,-1.296449651721583,-1.1435473902382058,-1.1185123504318384,-1.3743349027820564,-0.8861244238365482,-1.2281785963876786,-0.33468835246990947,1.1249711845087873,0.0
423,-0.6617312556258244,1.347678103003596,-0.8621047630767502,-1.1772266527131294,-1.1750595158959152,-1.296449651721583,-1.1435473902382058,-1.1185123504318384,-1.3743349027820564,-0.8861244238365482,-1.2281785963876786,-0.33468835246990947,1.1249711845087873,0.0
424,-0.6608042792578459,1.347678103003596,-0.8621047630767502,-1.1772266527131294,-1.1750595158959152,-1.296449651721583,-1.1435473902382058,-1.1185123504318384,-1.3743349027820564,-0.5193132521801758,-1.2281785963876786,-0.33468835246990947,1.1249711845087873,0.0
425,-0.6608042792578459,1.347678103003596,-0.8621047630767502,-1.1772266527131294,-1.1750595158959152,-1.296449651721583,-1.1435473902382058,-1.1185123504318384,-1.3743349027820564,-0.5193132521801758,-1.2281785963876786,-0.33468835246990947,1.1249711845087873,0.0
426,-0.08295504945012046,1.347678103003596,-0.8621047630767502,-1.1772266527131294,-1.1750595158959152,-1.296449651721583,-1.1435473902382058,-1.1185123504318384,-1.3743349027820564,-0.5193132521801758,-1.2281785963876786,-0.33468835246990947,1.1249711845087873,0.0
427,-0.6598780203638366,1.347678103003596,-0.8621047630767502,-1.1772266527131294,-1.1750595158959152,-1.296449651721583,-1.1435473902382058,-1.1185123504318384,-1.3743349027820564,-0.5193132521801758,-1.2281785963876786,-0.33468835246990947,1.1249711845087873,0.0
428,-0.06448942190936223,1.347678103003596,-0.8621047630767502,-1.1772266527131294,-1.1750595158959152,-1.296449651721583,-1.1435473902382058,-1.1185123504318384,-1.3743349027820564,-0.5193132521801758,-1.2281785963876786,-0.33468835246990947,1.1249711845087873,0.0
429,-0.6589510439958582,1.347678103003596,-0.8621047630767502,-1.1772266527131294,-1.1750595158959152,-1.296449651721583,-1.1435473902382058,-1.1185123504318384,-1.3743349027820564,-0.5193132521801758,-1.2281785963876786,-0.33468835246990947,1.1249711845087873,0.0
430,-0.05731468221912707,1.347678103003596,-0.8621047630767502,-1.1772266527131294,-1.1750595158959152,-1.296449651721583,-1.1435473902382058,-1.1185123504318384,-1.3743349027820564,-0.5193132521801758,-1.2281785963876786,-0.33468835246990947,1.1249711845087873,0.0
431,-0.6589510439958582,1.347678103003596,-0.8621047630767502,-1.1772266527131294,-1.1750595158959152,-1.296449651721583,-1.1435473902382058,-1.1185123504318384,-1.3743349027820564,-0.5193132521801758,-1.2281785963876786,-0.33468835246990947,1.1249711845087873,0.0
432,1.9196525530965647,1.347678103003596,-0.8621047630767502,-1.1772266527131294,-1.1750595158959152,-1.296449651721583,-1.1435473902382058,-1.1185123504318384,-1.3743349027820564,-0.5193132521801758,-1.2281785963876786,-0.33468835246990947,1.1249711845087873,0.0
433,-0.6570978087338705,1.347678103003596,-0.8621047630767502,-1.1772266527131294,-1.1750595158959152,-1.296449651721583,-1.1435473902382058,-1.1185123504318384,-1.3743349027820564,-0.5193132521801758,-1.2281785963876786,-0.33468835246990947,1.1249711845087873,0.0
434,1.0086141518660705,1.347678103003596,-0.8621047630767502,-1.1772266527131294,-1.1750595158959152,-1.296449651721583,-1.1435473902382058,-1.1185123504318384,-1.3743349027820564,-0.5193132521801758,-1.2281785963876786,-0.33468835246990947,1.1249711845087873,0.0
435,-0.07857558834320091,1.347678103003596,-0.8621047630767502,-1.1772266527131294,-1.1750595158959152,-1.296449651721583,-1.1435473902382058,-1.1185123504318384,-1.3743349027820564,-0.5193132521801758,-1.2281785963876786,-0.33468835246990947,1.1249711845087873,0.0
436,1.9231968745035408,1.347678103003596,-0.8621047630767502,-1.1772266527131294,-1.1750595158959152,-1.296449651721583,-1.1435473902382058,-1.1185123504318384,-1.3743349027820564,-0.5193132521801758,-1.2281785963876786,-0.33468835246990947,1.1249711845087873,0.0
437,-0.05421017235516232,1.347678103003596,-0.8621047630767502,-1.1772266527131294,-1.1750595158959152,-1.296449651721583,-1.1435473902382058,-1.1185123504318384,-1.3743349027820564,-0.5193132521801758,-1.2281785963876786,-0.33468835246990947,1.1249711845087873,0.0
438,-0.6570978087338705,1.347678103003596,-0.8621047630767502,-1.1772266527131294,-1.1750595158959152,-1.296449651721583,-1.1435473902382058,-1.1185123504318384,-1.3743349027820564,-0.5193132521801758,-1.2281785963876786,-0.33468835246990947,1.1249711845087873,0.0
439,0.6317752991158494,1.347678103003596,-0.8621047630767502,-1.1772266527131294,-1.1750595158959152,-1.296449651721583,-1.1435473902382058,-1.1185123504318384,-1.3743349027820564,-0.5193132521801758,-1.2281785963876786,-0.33468835246990947,1.1249711845087873,0.0
440,0.5173224166292801,1.347678103003596,-0.8621047630767502,-1.1772266527131294,-1.1750595158959152,-1.296449651721583,-1.1435473902382058,-1.1185123504318384,-1.3743349027820564,-0.5193132521801758,-1.2281785963876786,-0.33468835246990947,1.1249711845087873,0.0
441,-0.14043619395240844,1.347678103003596,-0.8621047630767502,-1.1772266527131294,-1.1750595158959152,-1.296449651721583,-1.1435473902382058,-1.1185123504318384,-1.3743349027820564,-0.5193132521801758,-1.2281785963876786,-0.33468835246990947,1.1249711845087873,0.0
442,-0.656170832365892,1.347678103003596,-0.8621047630767502,-1.1772266527131294,-1.1750595158959152,-1.296449651721583,-1.1435473902382058,-1.1185123504318384,-1.3743349027820564,-0.15250208052380332,-1.2281785963876786,-0.33468835246990947,1.1249711845087873,0.0
443,-0.07711624629020708,1.347678103003596,-0.8621047630767502,-1.1772266527131294,-1.1750595158959152,-1.296449651721583,-1.1435473902382058,-1.1185123504318384,-1.3743349027820564,-0.15250208052380332,-1.2281785963876786,-0.33468835246990947,1.1249711845087873,0.0
444,-0.05837295632343676,1.347678103003596,-0.8621047630767502,-1.1772266527131294,-1.1750595158959152,-1.296449651721583,-1.1435473902382058,-1.1185123504318384,-1.3743349027820564,-0.15250208052380332,-1.2281785963876786,-0.33468835246990947,1.1249711845087873,0.0
445,-0.07565690423721325,1.347678103003596,-0.8621047630767502,-1.1772266527131294,-1.1750595158959152,-1.296449651721583,-1.1435473902382058,-1.1185123504318384,-1.3743349027820564,-0.15250208052380332,-1.2281785963876786,-0.33468835246990947,1.1249711845087873,0.0
446,-0.6893712228084863,1.347678103003596,-0.8621047630767502,-1.1772266527131294,-1.1750595158959152,-1.296449651721583,-1.1435473902382058,-1.1185123504318384,-1.3743349027820564,-0.15250208052380332,-1.2281785963876786,-0.33468835246990947,1.1249711845087873,0.0
447,-0.051105662491197565,1.347678103003596,-0.8621047630767502,-1.1772266527131294,-1.1750595158959152,-1.296449651721583,-1.1435473902382058,-1.1185123504318384,-1.3743349027820564,-0.15250208052380332,-1.2281785963876786,-0.33468835246990947,1.1249711845087873,0.0
448,-0.6552438559979137,1.347678103003596,-0.8621047630767502,-1.1772266527131294,-1.1750595158959152,-1.296449651721583,-1.1435473902382058,-1.1185123504318384,-1.3743349027820564,-0.15250208052380332,-1.2281785963876786,-0.33468835246990947,1.1249711845087873,0.0
449,-0.6543175971039044,1.347678103003596,-0.8621047630767502,-1.1772266527131294,-1.1750595158959152,-1.296449651721583,-1.1435473902382058,-1.1185123504318384,-1.3743349027820564,-0.15250208052380332,-1.2281785963876786,-0.33468835246990947,1.1249711845087873,0.0
450,-0.0741968447102504,1.347678103003596,-0.8621047630767502,-1.1772266527131294,-1.1750595158959152,-1.296449651721583,-1.1435473902382058,-1.1185123504318384,-1.3743349027820564,-0.15250208052380332,-1.2281785963876786,-0.33468835246990947,1.1249711845087873,0.0
451,-0.049553048822230675,1.347678103003596,-0.8621047630767502,-1.1772266527131294,-1.1750595158959152,-1.296449651721583,-1.1435473902382058,-1.1185123504318384,-1.3743349027820564,-0.15250208052380332,-1.2281785963876786,-0.33468835246990947,1.1249711845087873,0.0
452,-0.13612704529445321,1.347678103003596,-0.8621047630767502,-1.1772266527131294,-1.1750595158959152,-1.296449651721583,-1.1435473902382058,-1.1185123504318384,-1.3743349027820564,-0.15250208052380332,-1.2281785963876786,-0.33468835246990947,1.1249711845087873,0.0
453,-0.6533906207359259,1.347678103003596,-0.8621047630767502,-1.1772266527131294,-1.1750595158959152,-1.296449651721583,-1.1435473902382058,-1.1185123504318384,-1.3743349027820564,-0.15250208052380332,-1.2281785963876786,-0.33468835246990947,1.1249711845087873,0.0
454,-0.07273750265725656,1.347678103003596,-0.8621047630767502,-1.1772266527131294,-1.1750595158959152,-1.296449651721583,-1.1435473902382058,-1.1185123504318384,-1.3743349027820564,-0.15250208052380332,-1.2281785963876786,-0.33468835246990947,1.1249711845087873,0.0
455,-0.04800115262723281,1.347678103003596,-0.8621047630767502,-1.1772266527131294,-1.1750595158959152,-1.296449651721583,-1.1435473902382058,-1.1185123504318384,-1.3743349027820564,-0.15250208052380332,-1.2281785963876786,-0.33468835246990947,1.1249711845087873,0.0
456,-0.6533906207359259,1.347678103003596,-0.8621047630767502,-1.1772266527131294,-1.1750595158959152,-1.296449651721583,-1.1435473902382058,-1.1185123504318384,-1.3743349027820564,-0.15250208052380332,-1.2281785963876786,-0.33468835246990947,1.1249711845087873,0.0
457,-0.6524636443679476,1.347678103003596,-0.8621047630767502,-1.1772266527131294,-1.1750595158959152,-1.296449651721583,-1.1435473902382058,-1.1185123504318384,-1.3743349027820564,-0.15250208052380332,-1.2281785963876786,-0.33468835246990947,1.1249711845087873,0.0
458,-0.07127744313029372,1.347678103003596,-0.8621047630767502,-1.1772266527131294,-1.1750595158959152,-1.296449651721583,-1.1435473902382058,-1.1185123504318384,-1.3743349027820564,-0.15250208052380332,-1.2281785963876786,-0.33468835246990947,1.1249711845087873,0.0
459,-0.04644853895826592,1.347678103003596,-0.8621047630767502,-1.1772266527131294,-1.1750595158959152,-1.296449651721583,-1.1435473902382058,-1.1185123504318384,-1.3743349027820564,-0.15250208052380332,-1.2281785963876786,-0.33468835246990947,1.1249711845087873,0.0
460,-0.6524636443679476,1.347678103003596,-0.8621047630767502,-1.1772266527131294,-1.1750595158959152,-1.296449651721583,-1.1435473902382058,-1.1185123504318384,-1.3743349027820564,-0.15250208052380332,-1.2281785963876786,-0.33468835246990947,1.1249711845087873,0.0
461,0.52821151905715,1.347678103003596,-0.8621047630767502,-1.1772266527131294,-1.1750595158959152,-1.296449651721583,-1.1435473902382058,-1.1185123504318384,-1.3743349027820564,-0.15250208052380332,-1.2281785963876786,-0.33468835246990947,1.1249711845087873,0.0
462,-0.6515373854739382,1.347678103003596,-0.8621047630767502,-1.1772266527131294,-1.1750595158959152,-1.296449651721583,-1.1435473902382058,-1.1185123504318384,-1.3743349027820564,0.21430909113256916,-1.2281785963876786,-0.33468835246990947,1.1249711845087873,0.0
463,-0.06981810107729988,1.347678103003596,-0.8621047630767502,-1.1772266527131294,-1.1750595158959152,-1.296449651721583,-1.1435473902382058,-1.1185123504318384,-1.3743349027820564,0.21430909113256916,-1.2281785963876786,-0.33468835246990947,1.1249711845087873,0.0
464,-0.04489664276326806,1.347678103003596,-0.8621047630767502,-1.1772266527131294,-1.1750595158959152,-1.296449651721583,-1.1435473902382058,-1.1185123504318384,-1.3743349027820564,0.21430909113256916,-1.2281785963876786,-0.33468835246990947,1.1249711845087873,0.0
465,-0.6515373854739382,1.347678103003596,-0.8621047630767502,-1.1772266527131294,-1.1750595158959152,-1.296449651721583,-1.1435473902382058,-1.1185123504318384,-1.3743349027820564,0.21430909113256916,-1.2281785963876786,-0.33468835246990947,1.1249711845087873,0.0
466,-0.13181717916252894,1.347678103003596,-0.8621047630767502,-1.1772266527131294,-1.1750595158959152,-1.296449651721583,-1.1435473902382058,-1.1185123504318384,-1.3743349027820564,0.21430909113256916,-1.2281785963876786,-0.33468835246990947,1.1249711845087873,0.0
467,-0.6506104091059598,1.347678103003596,-0.8621047630767502,-1.1772266527131294,-1.1750595158959152,-1.296449651721583,-1.1435473902382058,-1.1185123504318384,-1.3743349027820564,0.21430909113256916,-1.2281785963876786,-0.33468835246990947,1.1249711845087873,0.0
468,-0.06835875902430605,1.347678103003596,-0.8621047630767502,-1.1772266527131294,-1.1750595158959152,-1.296449651721583,-1.1435473902382058,-1.1185123504318384,-1.3743349027820564,0.21430909113256916,-1.2281785963876786,-0.33468835246990947,1.1249711845087873,0.0
469,-0.04334402909430117,1.347678103003596,-0.8621047630767502,-1.1772266527131294,-1.1750595158959152,-1.296449651721583,-1.1435473902382058,-1.1185123504318384,-1.3743349027820564,0.21430909113256916,-1.2281785963876786,-0.33468835246990947,1.1249711845087873,0.0
470,-0.6506104091059598,1.347678103003596,-0.8621047630767502,-1.1772266527131294,-1.1750595158959152,-1.296449651721583,-1.1435473902382058,-1.1185123504318384,-1.3743349027820564,0.21430909113256916,-1.2281785963876786,-0.33468835246990947,1.1249711845087873,0.0
471,-0.6496834327379815,1.347678103003596,-0.8621047630767502,-1.1772266527131294,-1.1750595158959152,-1.296449651721583,-1.1435473902382058,-1.1185123504318384,-1.3743349027820564,0.21430909113256916,-1.2281785963876786,-0.33468835246990947,1.1249711845087873,0.0
472,-0.1756218348672907,1.347678103003596,-0.8621047630767502,-1.1772266527131294,-1.1750595158959152,-1.296449651721583,-1.1435473902382058,-1.1185123504318384,-1.3743349027820564,0.21430909113256916,-1.2281785963876786,-0.33468835246990947,1.1249711845087873,0.0
473,-0.04179141542533429,1.347678103003596,-0.8621047630767502,-1.1772266527131294,-1.1750595158959152,-1.296449651721583,-1.1435473902382058,-1.1185123504318384,-1.3743349027820564,0.21430909113256916,-1.2281785963876786,-0.33468835246990947,1.1249711845087873,0.0
474,-0.6496834327379815,1.347678103003596,-0.8621047630767502,-1.1772266527131294,-1.1750595158959152,-1.296449651721583,-1.1435473902382058,-1.1185123504318384,-1.3743349027820564,0.21430909113256916,-1.2281785963876786,-0.33468835246990947,1.1249711845087873,0.0
475,0.5347448370190782,1.347678103003596,-0.8621047630767502,-1.1772266527131294,-1.1750595158959152,-1.296449651721583,-1.1435473902382058,-1.1185123504318384,-1.3743349027820564,0.21430909113256916,-1.2281785963876786,-0.33468835246990947,1.1249711845087873,0.0
476,-0.648757173843972,1.347678103003596,-0.8621047630767502,-1.1772266527131294,-1.1750595158959152,-1.296449651721583,-1.1435473902382058,-1.1185123504318384,-1.3743349027820564,0.21430909113256916,-1.2281785963876786,-0.33468835246990947,1.1249711845087873,0.0
477,-0.06543935744434937,1.347678103003596,-0.8621047630767502,-1.1772266527131294,-1.1750595158959152,-1.296449651721583,-1.1435473902382058,-1.1185123504318384,-1.3743349027820564,0.21430909113256916,-1.2281785963876786,-0.33468835246990947,1.1249711845087873,0.0
478,-0.04023951923033642,1.347678103003596,-0.8621047630767502,-1.1772266527131294,-1.1750595158959152,-1.296449651721583,-1.1435473902382058,-1.1185123504318384,-1.3743349027820564,0.21430909113256916,-1.2281785963876786,-0.33468835246990947,1.1249711845087873,0.0
479,-0.648757173843972,1.347678103003596,-0.8621047630767502,-1.1772266527131294,-1.1750595158959152,-1.296449651721583,-1.1435473902382058,-1.1185123504318384,-1.3743349027820564,0.21430909113256916,-1.2281785963876786,-0.33468835246990947,1.1249711845087873,0.0
480,-0.6478301974759937,1.347678103003596,-0.8621047630767502,-1.1772266527131294,-1.1750595158959152,-1.296449651721583,-1.1435473902382058,-1.1185123504318384,-1.3743349027820564,0.21430909113256916,-1.2281785963876786,-0.33468835246990947,1.1249711845087873,0.0
481,-0.17279498742933802,1.347678103003596,-0.8621047630767502,-1.1772266527131294,-1.1750595158959152,-1.296449651721583,-1.1435473902382058,-1.1185123504318384,-1.3743349027820564,0.21430909113256916,-1.2281785963876786,-0.33468835246990947,1.1249711845087873,0.0
482,-0.03868690556136953,1.347678103003596,-0.8621047630767502,-1.1772266527131294,-1.1750595158959152,-1.296449651721583,-1.1435473902382058,-1.1185123504318384,-1.3743349027820564,0.21430909113256916,-1.2281785963876786,-0.33468835246990947,1.1249711845087873,0.0
483,-0.6478301974759937,1.347678103003596,-0.8621047630767502,-1.1772266527131294,-1.1750595158959152,-1.296449651721583,-1.1435473902382058,-1.1185123504318384,-1.3743349027820564,0.21430909113256916,-1.2281785963876786,-0.33468835246990947,1.1249711845087873,0.0
484,-0.149240317026296,1.347678103003596,-0.8621047630767502,-1.1772266527131294,-1.1750595158959152,-1.296449651721583,-1.1435473902382058,-1.1185123504318384,-1.3743349027820564,0.21430909113256916,-1.2281785963876786,-0.33468835246990947,1.1249711845087873,0.0
485,-0.6469032211080153,1.347678103003596,-0.8621047630767502,-1.1772266527131294,-1.1750595158959152,-1.296449651721583,-1.1435473902382058,-1.1185123504318384,-1.3743349027820564,0.5811202627889416,-1.2281785963876786,-0.33468835246990947,1.1249711845087873,0.0
486,-0.1713815637103617,1.347678103003596,-0.8621047630767502,-1.1772266527131294,-1.1750595158959152,-1.296449651721583,-1.1435473902382058,-1.1185123504318384,-1.3743349027820564,0.5811202627889416,-1.2281785963876786,-0.33468835246990947,1.1249711845087873,0.0
487,-0.037135009366371666,1.347678103003596,-0.8621047630767502,-1.1772266527131294,-1.1750595158959152,-1.296449651721583,-1.1435473902382058,-1.1185123504318384,-1.3743349027820564,0.5811202627889416,-1.2281785963876786,-0.33468835246990947,1.1249711845087873,0.0
488,-0.6469032211080153,1.347678103003596,-0.8621047630767502,-1.1772266527131294,-1.1750595158959152,-1.296449651721583,-1.1435473902382058,-1.1185123504318384,-1.3743349027820564,0.5811202627889416,-1.2281785963876786,-0.33468835246990947,1.1249711845087873,0.0
489,-0.6459762447400369,1.347678103003596,-0.8621047630767502,-1.1772266527131294,-1.1750595158959152,-1.296449651721583,-1.1435473902382058,-1.1185123504318384,-1.3743349027820564,0.5811202627889416,-1.2281785963876786,-0.33468835246990947,1.1249711845087873,0.0
490,-0.06106061381139885,1.347678103003596,-0.8621047630767502,-1.1772266527131294,-1.1750595158959152,-1.296449651721583,-1.1435473902382058,-1.1185123504318384,-1.3743349027820564,0.5811202627889416,-1.2281785963876786,-0.33468835246990947,1.1249711845087873,0.0
491,-0.6803360731165731,1.347678103003596,-0.8621047630767502,-1.1772266527131294,-1.1750595158959152,-1.296449651721583,-1.1435473902382058,-1.1185123504318384,-1.3743349027820564,0.5811202627889416,-1.2281785963876786,-0.33468835246990947,1.1249711845087873,0.0
492,-0.1699688574653544,1.347678103003596,-0.8621047630767502,-1.1772266527131294,-1.1750595158959152,-1.296449651721583,-1.1435473902382058,-1.1185123504318384,-1.3743349027820564,0.5811202627889416,-1.2281785963876786,-0.33468835246990947,1.1249711845087873,0.0
493,-0.035582395697404776,1.347678103003596,-0.8621047630767502,-1.1772266527131294,-1.1750595158959152,-1.296449651721583,-1.1435473902382058,-1.1185123504318384,-1.3743349027820564,0.5811202627889416,-1.2281785963876786,-0.33468835246990947,1.1249711845087873,0.0
494,-0.6459762447400369,1.347678103003596,-0.8621047630767502,-1.1772266527131294,-1.1750595158959152,-1.296449651721583,-1.1435473902382058,-1.1185123504318384,-1.3743349027820564,0.5811202627889416,-1.2281785963876786,-0.33468835246990947,1.1249711845087873,0.0
495,-0.04155249659364945,1.347678103003596,-0.8621047630767502,-1.1772266527131294,-1.1750595158959152,-1.296449651721583,-1.1435473902382058,-1.1185123504318384,-1.3743349027820564,0.5811202627889416,-1.2281785963876786,-0.33468835246990947,1.1249711845087873,0.0
496,-0.6450499858460276,1.347678103003596,-0.8621047630767502,-1.1772266527131294,-1.1750595158959152,-1.296449651721583,-1.1435473902382058,-1.1185123504318384,-1.3743349027820564,0.5811202627889416,-1.2281785963876786,-0.33468835246990947,1.1249711845087873,0.0
497,1.0432509251946498,1.347678103003596,-0.8621047630767502,-1.1772266527131294,-1.1750595158959152,-1.296449651721583,-1.1435473902382058,-1.1185123504318384,-1.3743349027820564,0.5811202627889416,-1.2281785963876786,-0.33468835246990947,1.1249711845087873,0.0
498,-0.059600554284435996,1.347678103003596,-0.8621047630767502,-1.1772266527131294,-1.1750595158959152,-1.296449651721583,-1.1435473902382058,-1.1185123504318384,-1.3743349027820564,0.5811202627889416,-1.2281785963876786,-0.33468835246990947,1.1249711845087873,0.0
499,1.9692795100599523,1.347678103003596,-0.8621047630767502,-1.1772266527131294,-1.1750595158959152,-1.296449651721583,-1.1435473902382058,-1.1185123504318384,-1.3743349027820564,0.5811202627889416,-1.2281785963876786,-0.33468835246990947,1.1249711845087873,0.0
500,-0.16855543374637807,1.347678103003596,-0.8621047630767502,-1.1772266527131294,-1.1750595158959152,-1.296449651721583,-1.1435473902382058,-1.1185123504318384,-1.3743349027820564,0.5811202627889416,-1.2281785963876786,-0.33468835246990947,1.1249711845087873,0.0
501,-0.03403049950240691,1.347678103003596,-0.8621047630767502,-1.1772266527131294,-1.1750595158959152,-1.296449651721583,-1.1435473902382058,-1.1185123504318384,-1.3743349027820564,0.5811202627889416,-1.2281785963876786,-0.33468835246990947,1.1249711845087873,0.0
502,-0.6450499858460276,1.347678103003596,-0.8621047630767502,-1.1772266527131294,-1.1750595158959152,-1.296449651721583,-1.1435473902382058,-1.1185123504318384,-1.3743349027820564,0.5811202627889416,-1.2281785963876786,-0.33468835246990947,1.1249711845087873,0.0
503,-0.6388718174987661,1.347678103003596,-0.8621047630767502,-1.1772266527131294,-1.1750595158959152,-1.296449651721583,-1.1435473902382058,-1.1185123504318384,-1.3743349027820564,0.5811202627889416,-1.2281785963876786,-0.33468835246990947,1.1249711845087873,0.0
504,1.061013428245765,1.347678103003596,-0.8621047630767502,-1.1772266527131294,-1.1750595158959152,-1.296449651721583,-1.1435473902382058,-1.1185123504318384,-1.3743349027820564,0.5811202627889416,-1.2281785963876786,-0.33468835246990947,1.1249711845087873,0.0
505,-0.04743721808758033,1.347678103003596,-0.8621047630767502,-1.1772266527131294,-1.1750595158959152,-1.296449651721583,-1.1435473902382058,-1.1185123504318384,-1.3743349027820564,0.5811202627889416,-1.2281785963876786,-0.33468835246990947,1.1249711845087873,0.0
506,1.9870039869907092,1.347678103003596,-0.8621047630767502,-1.1772266527131294,-1.1750595158959152,-1.296449651721583,-1.1435473902382058,-1.1185123504318384,-1.3743349027820564,0.5811202627889416,-1.2281785963876786,-0.33468835246990947,1.1249711845087873,0.0
507,-0.6749141223326623,1.347678103003596,-0.8621047630767502,-1.1772266527131294,-1.1750595158959152,-1.296449651721583,-1.1435473902382058,-1.1185123504318384,-1.3743349027820564,0.5811202627889416,-1.2281785963876786,-0.33468835246990947,1.1249711845087873,0.0
508,-0.15677809854485705,1.347678103003596,-0.8621047630767502,-1.1772266527131294,-1.1750595158959152,-1.296449651721583,-1.1435473902382058,-1.1185123504318384,-1.3743349027820564,0.5811202627889416,-1.2281785963876786,-0.33468835246990947,1.1249711845087873,0.0
509,-0.021094443840912924,1.347678103003596,-0.8621047630767502,-1.1772266527131294,-1.1750595158959152,-1.296449651721583,-1.1435473902382058,-1.1185123504318384,-1.3743349027820564,0.5811202627889416,-1.2281785963876786,-0.33468835246990947,1.1249711845087873,0.0
510,-0.6388718174987661,1.347678103003596,-0.8621047630767502,-1.1772266527131294,-1.1750595158959152,-1.296449651721583,-1.1435473902382058,-1.1185123504318384,-1.3743349027820564,0.5811202627889416,-1.2281785963876786,-0.33468835246990947,1.1249711845087873,0.0
511,0.556523759348787,1.347678103003596,-0.8621047630767502,-1.1772266527131294,-1.1750595158959152,-1.296449651721583,-1.1435473902382058,-1.1185123504318384,-1.3743349027820564,0.5811202627889416,-1.2281785963876786,-0.33468835246990947,1.1249711845087873,0.0
512,-0.13557817770815023,1.347678103003596,-0.8621047630767502,-1.1772266527131294,-1.1750595158959152,-1.296449651721583,-1.1435473902382058,-1.1185123504318384,-1.3743349027820564,0.5811202627889416,-1.2281785963876786,-0.33468835246990947,1.1249711845087873,0.0
513,-0.6379448411307876,1.347678103003596,-0.8621047630767502,-1.1772266527131294,-1.1750595158959152,-1.296449651721583,-1.1435473902382058,-1.1185123504318384,-1.3743349027820564,0.947931434445314,-1.2281785963876786,-0.33468835246990947,1.1249711845087873,0.0
514,1.0627898937930673,1.347678103003596,-0.8621047630767502,-1.1772266527131294,-1.1750595158959152,-1.296449651721583,-1.1435473902382058,-1.1185123504318384,-1.3743349027820564,0.947931434445314,-1.2281785963876786,-0.33468835246990947,1.1249711845087873,0.0
515,-0.04646432338558444,1.347678103003596,-0.8621047630767502,-1.1772266527131294,-1.1750595158959152,-1.296449651721583,-1.1435473902382058,-1.1185123504318384,-1.3743349027820564,0.947931434445314,-1.2281785963876786,-0.33468835246990947,1.1249711845087873,0.0
516,1.9893666287707035,1.347678103003596,-0.8621047630767502,-1.1772266527131294,-1.1750595158959152,-1.296449651721583,-1.1435473902382058,-1.1185123504318384,-1.3743349027820564,0.947931434445314,-1.2281785963876786,-0.33468835246990947,1.1249711845087873,0.0
517,-0.6743121616726516,1.347678103003596,-0.8621047630767502,-1.1772266527131294,-1.1750595158959152,-1.296449651721583,-1.1435473902382058,-1.1185123504318384,-1.3743349027820564,0.947931434445314,-1.2281785963876786,-0.33468835246990947,1.1249711845087873,0.0
518,-0.15536467482588073,1.347678103003596,-0.8621047630767502,-1.1772266527131294,-1.1750595158959152,-1.296449651721583,-1.1435473902382058,-1.1185123504318384,-1.3743349027820564,0.947931434445314,-1.2281785963876786,-0.33468835246990947,1.1249711845087873,0.0
519,-0.019541830171946037,1.347678103003596,-0.8621047630767502,-1.1772266527131294,-1.1750595158959152,-1.296449651721583,-1.1435473902382058,-1.1185123504318384,-1.3743349027820564,0.947931434445314,-1.2281785963876786,-0.33468835246990947,1.1249711845087873,0.0
520,-0.6379448411307876,1.347678103003596,-0.8621047630767502,-1.1772266527131294,-1.1750595158959152,-1.296449651721583,-1.1435473902382058,-1.1185123504318384,-1.3743349027820564,0.947931434445314,-1.2281785963876786,-0.33468835246990947,1.1249711845087873,0.0
521,-0.13463613438682234,1.347678103003596,-0.8621047630767502,-1.1772266527131294,-1.1750595158959152,-1.296449651721583,-1.1435473902382058,-1.1185123504318384,-1.3743349027820564,0.947931434445314,-1.2281785963876786,-0.33468835246990947,1.1249711845087873,0.0
522,1.0645663593403696,1.347678103003596,-0.8621047630767502,-1.1772266527131294,-1.1750595158959152,-1.296449651721583,-1.1435473902382058,-1.1185123504318384,-1.3743349027820564,0.947931434445314,-1.2281785963876786,-0.33468835246990947,1.1249711845087873,0.0
523,1.991729988024667,1.347678103003596,-0.8621047630767502,-1.1772266527131294,-1.1750595158959152,-1.296449651721583,-1.1435473902382058,-1.1185123504318384,-1.3743349027820564,0.947931434445314,-1.2281785963876786,-0.33468835246990947,1.1249711845087873,0.0
524,-0.6737094835386719,1.347678103003596,-0.8621047630767502,-1.1772266527131294,-1.1750595158959152,-1.296449651721583,-1.1435473902382058,-1.1185123504318384,-1.3743349027820564,0.947931434445314,-1.2281785963876786,-0.33468835246990947,1.1249711845087873,0.0
525,-0.1539512511069044,1.347678103003596,-0.8621047630767502,-1.1772266527131294,-1.1750595158959152,-1.296449651721583,-1.1435473902382058,-1.1185123504318384,-1.3743349027820564,0.947931434445314,-1.2281785963876786,-0.33468835246990947,1.1249711845087873,0.0
526,-0.01798993397694817,1.347678103003596,-0.8621047630767502,-1.1772266527131294,-1.1750595158959152,-1.296449651721583,-1.1435473902382058,-1.1185123504318384,-1.3743349027820564,0.947931434445314,-1.2281785963876786,-0.33468835246990947,1.1249711845087873,0.0
527,-0.6370178647628093,1.347678103003596,-0.8621047630767502,-1.1772266527131294,-1.1750595158959152,-1.296449651721583,-1.1435473902382058,-1.1185123504318384,-1.3743349027820564,0.947931434445314,-1.2281785963876786,-0.33468835246990947,1.1249711845087873,0.0
528,-0.11027071839878375,1.347678103003596,-0.8621047630767502,-1.1772266527131294,-1.1750595158959152,-1.296449651721583,-1.1435473902382058,-1.1185123504318384,-1.3743349027820564,0.947931434445314,-1.2281785963876786,-0.33468835246990947,1.1249711845087873,0.0
529,-0.13369409106549446,1.347678103003596,-0.8621047630767502,-1.1772266527131294,-1.1750595158959152,-1.296449651721583,-1.1435473902382058,-1.1185123504318384,-1.3743349027820564,0.947931434445314,-1.2281785963876786,-0.33468835246990947,1.1249711845087873,0.0
530,-0.028300034911816093,1.347678103003596,-0.8621047630767502,-1.1772266527131294,-1.1750595158959152,-1.296449651721583,-1.1435473902382058,-1.1185123504318384,-1.3743349027820564,0.947931434445314,-1.2281785963876786,-0.33468835246990947,1.1249711845087873,0.0
531,-0.6367093509561292,1.347678103003596,-0.8621047630767502,-1.1772266527131294,-1.1750595158959152,-1.296449651721583,-1.1435473902382058,-1.1185123504318384,-1.3743349027820564,0.947931434445314,-1.2281785963876786,-0.33468835246990947,1.1249711845087873,0.0
532,1.0663428248876716,1.347678103003596,-0.8621047630767502,-1.1772266527131294,-1.1750595158959152,-1.296449651721583,-1.1435473902382058,-1.1185123504318384,-1.3743349027820564,0.947931434445314,-1.2281785963876786,-0.33468835246990947,1.1249711845087873,0.0
533,-0.044517816507623646,1.347678103003596,-0.8621047630767502,-1.1772266527131294,-1.1750595158959152,-1.296449651721583,-1.1435473902382058,-1.1185123504318384,-1.3743349027820564,0.947931434445314,-1.2281785963876786,-0.33468835246990947,1.1249711845087873,0.0
534,1.9940933472786304,1.347678103003596,-0.8621047630767502,-1.1772266527131294,-1.1750595158959152,-1.296449651721583,-1.1435473902382058,-1.1185123504318384,-1.3743349027820564,0.947931434445314,-1.2281785963876786,-0.33468835246990947,1.1249711845087873,0.0
535,-0.6731068054046921,1.347678103003596,-0.8621047630767502,-1.1772266527131294,-1.1750595158959152,-1.296449651721583,-1.1435473902382058,-1.1185123504318384,-1.3743349027820564,0.947931434445314,-1.2281785963876786,-0.33468835246990947,1.1249711845087873,0.0
536,-0.01643732030798128,1.347678103003596,-0.8621047630767502,-1.1772266527131294,-1.1750595158959152,-1.296449651721583,-1.1435473902382058,-1.1185123504318384,-1.3743349027820564,0.947931434445314,-1.2281785963876786,-0.33468835246990947,1.1249711845087873,0.0
537,-0.6360916058688,1.347678103003596,-0.8621047630767502,-1.1772266527131294,-1.1750595158959152,-1.296449651721583,-1.1435473902382058,-1.1185123504318384,-1.3743349027820564,0.947931434445314,-1.2281785963876786,-0.33468835246990947,1.1249711845087873,0.0
538,0.6959992639790205,1.347678103003596,-0.8621047630767502,-1.1772266527131294,-1.1750595158959152,-1.296449651721583,-1.1435473902382058,-1.1185123504318384,-1.3743349027820564,0.947931434445314,-1.2281785963876786,-0.33468835246990947,1.1249711845087873,0.0
539,-0.10931289065013736,1.347678103003596,-0.8621047630767502,-1.1772266527131294,-1.1750595158959152,-1.296449651721583,-1.1435473902382058,-1.1185123504318384,-1.3743349027820564,0.947931434445314,-1.2281785963876786,-0.33468835246990947,1.1249711845087873,0.0
540,-0.027280504401833678,1.347678103003596,-0.8621047630767502,-1.1772266527131294,-1.1750595158959152,-1.296449651721583,-1.1435473902382058,-1.1185123504318384,-1.3743349027820564,0.947931434445314,-1.2281785963876786,-0.33468835246990947,1.1249711845087873,0.0
541,-0.6360916058688,1.347678103003596,-0.8621047630767502,-1.1772266527131294,-1.1750595158959152,-1.296449651721583,-1.1435473902382058,-1.1185123504318384,-1.3743349027820564,0.947931434445314,-1.2281785963876786,-0.33468835246990947,1.1249711845087873,0.0
542,1.068118572961005,1.347678103003596,-0.8621047630767502,-1.1772266527131294,-1.1750595158959152,-1.296449651721583,-1.1435473902382058,-1.1185123504318384,-1.3743349027820564,0.947931434445314,-1.2281785963876786,-0.33468835246990947,1.1249711845087873,0.0
543,1.996456706532594,1.347678103003596,-0.8621047630767502,-1.1772266527131294,-1.1750595158959152,-1.296449651721583,-1.1435473902382058,-1.1185123504318384,-1.3743349027820564,0.947931434445314,-1.2281785963876786,-0.33468835246990947,1.1249711845087873,0.0
544,-0.6725048447446814,1.347678103003596,-0.8621047630767502,-1.1772266527131294,-1.1750595158959152,-1.296449651721583,-1.1435473902382058,-1.1185123504318384,-1.3743349027820564,0.947931434445314,-1.2281785963876786,-0.33468835246990947,1.1249711845087873,0.0
545,-0.6351646295008215,1.347678103003596,-0.8621047630767502,-1.1772266527131294,-1.1750595158959152,-1.296449651721583,-1.1435473902382058,-1.1185123504318384,-1.3743349027820564,0.947931434445314,-1.2281785963876786,-0.33468835246990947,1.1249711845087873,0.0
546,-0.10835506290149097,1.347678103003596,-0.8621047630767502,-1.1772266527131294,-1.1750595158959152,-1.296449651721583,-1.1435473902382058,-1.1185123504318384,-1.3743349027820564,0.947931434445314,-1.2281785963876786,-0.33468835246990947,1.1249711845087873,0.0
547,-0.04257202710363187,1.347678103003596,-0.8621047630767502,-1.1772266527131294,-1.1750595158959152,-1.296449651721583,-1.1435473902382058,-1.1185123504318384,-1.3743349027820564,0.947931434445314,-1.2281785963876786,-0.33468835246990947,1.1249711845087873,0.0
548,1.9988193483125885,1.347678103003596,-0.8621047630767502,-1.1772266527131294,-1.1750595158959152,-1.296449651721583,-1.1435473902382058,-1.1185123504318384,-1.3743349027820564,0.947931434445314,-1.2281785963876786,-0.33468835246990947,1.1249711845087873,0.0
549,-0.6719021666107017,1.347678103003596,-0.8621047630767502,-1.1772266527131294,-1.1750595158959152,-1.296449651721583,-1.1435473902382058,-1.1185123504318384,-1.3743349027820564,0.947931434445314,-1.2281785963876786,-0.33468835246990947,1.1249711845087873,0.0
550,-0.14971169742394447,1.347678103003596,-0.8621047630767502,-1.1772266527131294,-1.1750595158959152,-1.296449651721583,-1.1435473902382058,-1.1185123504318384,-1.3743349027820564,0.947931434445314,-1.2281785963876786,-0.33468835246990947,1.1249711845087873,0.0
551,-0.01333281044401653,1.347678103003596,-0.8621047630767502,-1.1772266527131294,-1.1750595158959152,-1.296449651721583,-1.1435473902382058,-1.1185123504318384,-1.3743349027820564,0.947931434445314,-1.2281785963876786,-0.33468835246990947,1.1249711845087873,0.0
552,-0.6342376531328432,1.347678103003596,-0.8621047630767502,-1.1772266527131294,-1.1750595158959152,-1.296449651721583,-1.1435473902382058,-1.1185123504318384,-1.3743349027820564,0.947931434445314,-1.2281785963876786,-0.33468835246990947,1.1249711845087873,0.0
553,-0.025241443381868844,1.347678103003596,-0.8621047630767502,-1.1772266527131294,-1.1750595158959152,-1.296449651721583,-1.1435473902382058,-1.1185123504318384,-1.3743349027820564,1.3147426061016865,-1.2281785963876786,-0.33468835246990947,1.1249711845087873,0.0
554,-0.6348553982201725,1.347678103003596,-0.8621047630767502,-1.1772266527131294,-1.1750595158959152,-1.296449651721583,-1.1435473902382058,-1.1185123504318384,-1.3743349027820564,1.3147426061016865,-1.2281785963876786,-0.33468835246990947,1.1249711845087873,0.0
555,1.0716715040556093,1.347678103003596,-0.8621047630767502,-1.1772266527131294,-1.1750595158959152,-1.296449651721583,-1.1435473902382058,-1.1185123504318384,-1.3743349027820564,1.3147426061016865,-1.2281785963876786,-0.33468835246990947,1.1249711845087873,0.0
556,-0.04159841492766696,1.347678103003596,-0.8621047630767502,-1.1772266527131294,-1.1750595158959152,-1.296449651721583,-1.1435473902382058,-1.1185123504318384,-1.3743349027820564,1.3147426061016865,-1.2281785963876786,-0.33468835246990947,1.1249711845087873,0.0
557,2.001182707566552,1.347678103003596,-0.8621047630767502,-1.1772266527131294,-1.1750595158959152,-1.296449651721583,-1.1435473902382058,-1.1185123504318384,-1.3743349027820564,1.3147426061016865,-1.2281785963876786,-0.33468835246990947,1.1249711845087873,0.0
558,-0.671300205950691,1.347678103003596,-0.8621047630767502,-1.1772266527131294,-1.1750595158959152,-1.296449651721583,-1.1435473902382058,-1.1185123504318384,-1.3743349027820564,1.3147426061016865,-1.2281785963876786,-0.33468835246990947,1.1249711845087873,0.0
559,-0.14829827370496812,1.347678103003596,-0.8621047630767502,-1.1772266527131294,-1.1750595158959152,-1.296449651721583,-1.1435473902382058,-1.1185123504318384,-1.3743349027820564,1.3147426061016865,-1.2281785963876786,-0.33468835246990947,1.1249711845087873,0.0
560,-0.011780914249018665,1.347678103003596,-0.8621047630767502,-1.1772266527131294,-1.1750595158959152,-1.296449651721583,-1.1435473902382058,-1.1185123504318384,-1.3743349027820564,1.3147426061016865,-1.2281785963876786,-0.33468835246990947,1.1249711845087873,0.0
561,-0.6333113942388339,1.347678103003596,-0.8621047630767502,-1.1772266527131294,-1.1750595158959152,-1.296449651721583,-1.1435473902382058,-1.1185123504318384,-1.3743349027820564,1.3147426061016865,-1.2281785963876786,-0.33468835246990947,1.1249711845087873,0.0
562,0.7074673678998923,1.347678103003596,-0.8621047630767502,-1.1772266527131294,-1.1750595158959152,-1.296449651721583,-1.1435473902382058,-1.1185123504318384,-1.3743349027820564,1.3147426061016865,-1.2281785963876786,-0.33468835246990947,1.1249711845087873,0.0
563,0.5695911127466122,1.347678103003596,-0.8621047630767502,-1.1772266527131294,-1.1750595158959152,-1.296449651721583,-1.1435473902382058,-1.1185123504318384,-1.3743349027820564,1.3147426061016865,-1.2281785963876786,-0.33468835246990947,1.1249711845087873,0.0
564,-0.6342376531328432,1.347678103003596,-0.8621047630767502,-1.1772266527131294,-1.1750595158959152,-1.296449651721583,-1.1435473902382058,-1.1185123504318384,-1.3743349027820564,1.3147426061016865,-1.2281785963876786,-0.33468835246990947,1.1249711845087873,0.0
565,1.0734472521289427,1.347678103003596,-0.8621047630767502,-1.1772266527131294,-1.1750595158959152,-1.296449651721583,-1.1435473902382058,-1.1185123504318384,-1.3743349027820564,1.3147426061016865,-1.2281785963876786,-0.33468835246990947,1.1249711845087873,0.0
566,-0.04062552022567107,1.347678103003596,-0.8621047630767502,-1.1772266527131294,-1.1750595158959152,-1.296449651721583,-1.1435473902382058,-1.1185123504318384,-1.3743349027820564,1.3147426061016865,-1.2281785963876786,-0.33468835246990947,1.1249711845087873,0.0
567,2.0035460668205154,1.347678103003596,-0.8621047630767502,-1.1772266527131294,-1.1750595158959152,-1.296449651721583,-1.1435473902382058,-1.1185123504318384,-1.3743349027820564,1.3147426061016865,-1.2281785963876786,-0.33468835246990947,1.1249711845087873,0.0
568,-0.6706975278167112,1.347678103003596,-0.8621047630767502,-1.1772266527131294,-1.1750595158959152,-1.296449651721583,-1.1435473902382058,-1.1185123504318384,-1.3743349027820564,1.3147426061016865,-1.2281785963876786,-0.33468835246990947,1.1249711845087873,0.0
569,-0.1468848499859918,1.347678103003596,-0.8621047630767502,-1.1772266527131294,-1.1750595158959152,-1.296449651721583,-1.1435473902382058,-1.1185123504318384,-1.3743349027820564,1.3147426061016865,-1.2281785963876786,-0.33468835246990947,1.1249711845087873,0.0
570,-0.010228300580051777,1.347678103003596,-0.8621047630767502,-1.1772266527131294,-1.1750595158959152,-1.296449651721583,-1.1435473902382058,-1.1185123504318384,-1.3743349027820564,1.3147426061016865,-1.2281785963876786,-0.33468835246990947,1.1249711845087873,0.0
571,-0.6323844178708554,1.347678103003596,-0.8621047630767502,-1.1772266527131294,-1.1750595158959152,-1.296449651721583,-1.1435473902382058,-1.1185123504318384,-1.3743349027820564,1.3147426061016865,-1.2281785963876786,-0.33468835246990947,1.1249711845087873,0.0
572,-0.1054822971295208,1.347678103003596,-0.8621047630767502,-1.1772266527131294,-1.1750595158959152,-1.296449651721583,-1.1435473902382058,-1.1185123504318384,-1.3743349027820564,1.3147426061016865,-1.2281785963876786,-0.33468835246990947,1.1249711845087873,0.0
573,-0.6336199080455139,1.347678103003596,-0.8621047630767502,-1.1772266527131294,-1.1750595158959152,-1.296449651721583,-1.1435473902382058,-1.1185123504318384,-1.3743349027820564,1.3147426061016865,-1.2281785963876786,-0.33468835246990947,1.1249711845087873,0.0
574,1.0752237176762447,1.347678103003596,-0.8621047630767502,-1.1772266527131294,-1.1750595158959152,-1.296449651721583,-1.1435473902382058,-1.1185123504318384,-1.3743349027820564,1.3147426061016865,-1.2281785963876786,-0.33468835246990947,1.1249711845087873,0.0
575,-0.03965262552367518,1.347678103003596,-0.8621047630767502,-1.1772266527131294,-1.1750595158959152,-1.296449651721583,-1.1435473902382058,-1.1185123504318384,-1.3743349027820564,1.3147426061016865,-1.2281785963876786,-0.33468835246990947,1.1249711845087873,0.0
576,2.0059094260744788,1.347678103003596,-0.8621047630767502,-1.1772266527131294,-1.1750595158959152,-1.296449651721583,-1.1435473902382058,-1.1185123504318384,-1.3743349027820564,1.3147426061016865,-1.2281785963876786,-0.33468835246990947,1.1249711845087873,0.0
577,-0.6700948496827315,1.347678103003596,-0.8621047630767502,-1.1772266527131294,-1.1750595158959152,-1.296449651721583,-1.1435473902382058,-1.1185123504318384,-1.3743349027820564,1.3147426061016865,-1.2281785963876786,-0.33468835246990947,1.1249711845087873,0.0
578,-0.14547142626701548,1.347678103003596,-0.8621047630767502,-1.1772266527131294,-1.1750595158959152,-1.296449651721583,-1.1435473902382058,-1.1185123504318384,-1.3743349027820564,1.3147426061016865,-1.2281785963876786,-0.33468835246990947,1.1249711845087873,0.0
579,-0.008675686911084888,1.347678103003596,-0.8621047630767502,-1.1772266527131294,-1.1750595158959152,-1.296449651721583,-1.1435473902382058,-1.1185123504318384,-1.3743349027820564,1.3147426061016865,-1.2281785963876786,-0.33468835246990947,1.1249711845087873,0.0
580,0.7151134879877759,1.347678103003596,-0.8621047630767502,-1.1772266527131294,-1.1750595158959152,-1.296449651721583,-1.1435473902382058,-1.1185123504318384,-1.3743349027820564,1.3147426061016865,-1.2281785963876786,-0.33468835246990947,1.1249711845087873,0.0
581,-0.10452446938087441,1.347678103003596,-0.8621047630767502,-1.1772266527131294,-1.1750595158959152,-1.296449651721583,-1.1435473902382058,-1.1185123504318384,-1.3743349027820564,1.3147426061016865,-1.2281785963876786,-0.33468835246990947,1.1249711845087873,0.0
582,-0.02218356932589062,1.347678103003596,-0.8621047630767502,-1.1772266527131294,-1.1750595158959152,-1.296449651721583,-1.1435473902382058,-1.1185123504318384,-1.3743349027820564,1.3147426061016865,-1.2281785963876786,-0.33468835246990947,1.1249711845087873,0.0
583,-0.6330021629581847,1.347678103003596,-0.8621047630767502,-1.1772266527131294,-1.1750595158959152,-1.296449651721583,-1.1435473902382058,-1.1185123504318384,-1.3743349027820564,1.3147426061016865,-1.2281785963876786,-0.33468835246990947,1.1249711845087873,0.0
584,1.077000183223547,1.347678103003596,-0.8621047630767502,-1.1772266527131294,-1.1750595158959152,-1.296449651721583,-1.1435473902382058,-1.1185123504318384,-1.3743349027820564,1.3147426061016865,-1.2281785963876786,-0.33468835246990947,1.1249711845087873,0.0
585,-0.038679730821679296,1.347678103003596,-0.8621047630767502,-1.1772266527131294,-1.1750595158959152,-1.296449651721583,-1.1435473902382058,-1.1185123504318384,-1.3743349027820564,1.3147426061016865,-1.2281785963876786,-0.33468835246990947,1.1249711845087873,0.0
586,2.008272785328442,1.347678103003596,-0.8621047630767502,-1.1772266527131294,-1.1750595158959152,-1.296449651721583,-1.1435473902382058,-1.1185123504318384,-1.3743349027820564,1.3147426061016865,-1.2281785963876786,-0.33468835246990947,1.1249711845087873,0.0
587,-0.6694928890227207,1.347678103003596,-0.8621047630767502,-1.1772266527131294,-1.1750595158959152,-1.296449651721583,-1.1435473902382058,-1.1185123504318384,-1.3743349027820564,1.3147426061016865,-1.2281785963876786,-0.33468835246990947,1.1249711845087873,0.0
588,-0.14405800254803916,1.347678103003596,-0.8621047630767502,-1.1772266527131294,-1.1750595158959152,-1.296449651721583,-1.1435473902382058,-1.1185123504318384,-1.3743349027820564,1.3147426061016865,-1.2281785963876786,-0.33468835246990947,1.1249711845087873,0.0
589,-0.007123790716087024,1.347678103003596,-0.8621047630767502,-1.1772266527131294,-1.1750595158959152,-1.296449651721583,-1.1435473902382058,-1.1185123504318384,-1.3743349027820564,1.3147426061016865,-1.2281785963876786,-0.33468835246990947,1.1249711845087873,0.0
590,-0.10356735910619704,1.347678103003596,-0.8621047630767502,-1.1772266527131294,-1.1750595158959152,-1.296449651721583,-1.1435473902382058,-1.1185123504318384,-1.3743349027820564,1.3147426061016865,-1.2281785963876786,-0.33468835246990947,1.1249711845087873,0.0
591,0.05537464925158241,-0.6188809656603074,-0.8621047630767502,-0.7236163828603639,-0.40792221536283074,0.6406856089579638,0.27656680628202235,-0.2866743345374679,0.16150720587017506,-0.15250208052380332,0.8142138309047251,2.9878542011404647,-0.888911657267599,0.0
592,-0.10047002398192252,1.347678103003596,-0.8621047630767502,-1.1772266527131294,-1.1750595158959152,-1.296449651721583,-1.1435473902382058,-1.1185123504318384,-1.3743349027820564,-0.8861244238365482,-1.2281785963876786,-0.33468835246990947,1.1249711845087873,0.0
593,-0.12875787015861268,1.347678103003596,-0.8621047630767502,-1.1772266527131294,-1.1750595158959152,-1.296449651721583,-1.1435473902382058,-1.1185123504318384,-1.3743349027820564,-0.5193132521801758,-1.2281785963876786,-0.33468835246990947,1.1249711845087873,0.0
594,0.9934460346869445,1.347678103003596,-0.8621047630767502,-1.1772266527131294,-1.1750595158959152,-1.296449651721583,-1.1435473902382058,-1.1185123504318384,-1.3743349027820564,-0.5193132521801758,-1.2281785963876786,-0.33468835246990947,1.1249711845087873,0.0
595,-0.0814949899231576,1.347678103003596,-0.8621047630767502,-1.1772266527131294,-1.1750595158959152,-1.296449651721583,-1.1435473902382058,-1.1185123504318384,-1.3743349027820564,-0.5193132521801758,-1.2281785963876786,-0.33468835246990947,1.1249711845087873,0.0
596,1.0119920193122334,1.347678103003596,-0.8621047630767502,-1.1772266527131294,-1.1750595158959152,-1.296449651721583,-1.1435473902382058,-1.1185123504318384,-1.3743349027820564,0.21430909113256916,-1.2281785963876786,-0.33468835246990947,1.1249711845087873,0.0
597,-0.06506914087633323,1.347678103003596,-0.8621047630767502,-1.1772266527131294,-1.1750595158959152,-1.296449651721583,-1.1435473902382058,-1.1185123504318384,-1.3743349027820564,0.947931434445314,-1.2281785963876786,-0.33468835246990947,1.1249711845087873,0.0
598,-0.014885424112983417,1.347678103003596,-0.8621047630767502,-1.1772266527131294,-1.1750595158959152,-1.296449651721583,-1.1435473902382058,-1.1185123504318384,-1.3743349027820564,0.947931434445314,-1.2281785963876786,-0.33468835246990947,1.1249711845087873,0.0
599,-0.6386321811931123,1.347678103003596,-0.8621047630767502,-1.1772266527131294,-1.1750595158959152,-1.296449651721583,-1.1435473902382058,-1.1185123504318384,-1.3743349027820564,1.3147426061016865,-1.2281785963876786,-0.33468835246990947,1.1249711845087873,0.0
600,1.4508615190023206,-1.1703071992896323,-0.8621047630767502,0.6372144266979326,0.35921508517025375,0.15640179378807706,0.7499382051220984,0.5451636813569027,0.9294282601962908,3.1487984643835487,0.8142138309047251,-0.33468835246990947,-0.888911657267599,0.0
601,-0.12322973322728649,1.347678103003596,-0.8621047630767502,-1.1772266527131294,-1.1750595158959152,-1.296449651721583,-1.1435473902382058,-1.1185123504318384,-1.3743349027820564,-0.8861244238365482,-1.2281785963876786,-0.33468835246990947,1.1249711845087873,0.0
602,-0.08003564787016378,1.347678103003596,-0.8621047630767502,-1.1772266527131294,-1.1750595158959152,-1.296449651721583,-1.1435473902382058,-1.1185123504318384,-1.3743349027820564,-0.5193132521801758,-1.2281785963876786,-0.33468835246990947,1.1249711845087873,0.0
603,-0.08842291856804867,1.347678103003596,-0.8621047630767502,-1.1772266527131294,-1.1750595158959152,-1.296449651721583,-1.1435473902382058,-1.1185123504318384,-1.3743349027820564,0.21430909113256916,-1.2281785963876786,-0.33468835246990947,1.1249711845087873,0.0
604,-0.7245195550769793,-0.9579011516250073,-0.8621047630767502,1.5444349664034636,1.1263523857033382,0.6406856089579638,0.7499382051220984,0.5451636813569027,0.7374479966147619,0.5811202627889416,0.8142138309047251,-0.33468835246990947,-0.888911657267599,0.0
605,0.5310598907141734,-0.9579011516250073,-0.8621047630767502,1.5444349664034636,1.1263523857033382,0.6406856089579638,0.7499382051220984,0.5451636813569027,0.7374479966147619,-0.15250208052380332,0.8142138309047251,-0.33468835246990947,-0.888911657267599,0.0
606,1.0175072417121171,0.24533660835983206,-0.8621047630767502,-0.27000611300759836,1.1263523857033382,1.1249694241278505,1.6966810028022505,2.208839713145644,1.1214085237778197,0.5811202627889416,-1.2281785963876786,-0.33468835246990947,1.1249711845087873,0.0
607,1.4566013107545088,-1.146156952292013,-0.8621047630767502,1.090824696550698,0.35921508517025375,0.15640179378807706,0.7499382051220984,0.5451636813569027,0.7374479966147619,2.415176121070804,0.8142138309047251,2.9878542011404647,-0.888911657267599,0.0
608,-0.48568108047667913,-0.3635130540549814,-0.8621047630767502,0.18360415684516715,-0.40792221536283074,0.15640179378807706,-0.6701759913981298,-0.2866743345374679,-0.030473057711353863,0.5811202627889416,0.8142138309047251,-0.33468835246990947,-0.888911657267599,0.0
609,-0.6298129911658752,-1.1703071992896323,-0.8621047630767502,0.6372144266979326,0.35921508517025375,0.15640179378807706,0.7499382051220984,0.5451636813569027,0.9294282601962908,0.947931434445314,0.8142138309047251,-0.33468835246990947,-0.888911657267599,0.0
610,1.008897554083835,0.24533660835983206,-0.8111051747232627,-0.27000611300759836,1.1263523857033382,1.1249694241278505,1.6966810028022505,2.208839713145644,1.1214085237778197,0.21430909113256916,-1.2281785963876786,-0.33468835246990947,1.1249711845087873,0.0
611,-0.31555939273357525,-0.9579011516250073,-0.8111051747232627,1.5444349664034636,1.1263523857033382,0.6406856089579638,0.7499382051220984,0.5451636813569027,0.7374479966147619,0.947931434445314,0.8142138309047251,-0.33468835246990947,-0.888911657267599,0.0
612,-0.06444350357534473,-0.09238793091483787,-0.8111051747232627,0.18360415684516715,1.5099210359698805,0.6406856089579638,1.6966810028022505,1.3770016972512733,1.1214085237778197,-0.8861244238365482,0.8142138309047251,-0.33468835246990947,1.1249711845087873,0.0
613,-0.6656866896170509,-1.1703071992896323,-0.8111051747232627,0.6372144266979326,0.35921508517025375,0.15640179378807706,0.7499382051220984,0.5451636813569027,0.9294282601962908,0.5811202627889416,0.8142138309047251,-0.33468835246990947,-0.888911657267599,0.0
614,-0.6298129911658752,-1.1703071992896323,-0.8111051747232627,0.6372144266979326,0.35921508517025375,0.15640179378807706,0.7499382051220984,0.5451636813569027,0.9294282601962908,0.21430909113256916,0.8142138309047251,-0.33468835246990947,-0.888911657267599,0.0
615,-1.1463942488628065,0.13675088662421503,-0.8111051747232627,0.6372144266979326,1.893489686236423,0.6406856089579638,1.6966810028022505,1.7929207051984586,1.1214085237778197,-0.5193132521801758,0.8142138309047251,-0.33468835246990947,1.1249711845087873,0.0
616,-1.1141079202567483,0.13675088662421503,-0.8111051747232627,0.6372144266979326,1.893489686236423,0.6406856089579638,1.6966810028022505,1.7929207051984586,1.1214085237778197,0.21430909113256916,0.8142138309047251,-0.33468835246990947,1.1249711845087873,0.0
617,-0.3715223623174095,-0.9579011516250073,-0.8111051747232627,1.5444349664034636,1.1263523857033382,0.6406856089579638,0.7499382051220984,0.5451636813569027,0.7374479966147619,-0.5193132521801758,0.8142138309047251,-0.33468835246990947,-0.888911657267599,0.0
618,-0.4949278849894542,-0.9579011516250073,-0.8111051747232627,1.5444349664034636,1.1263523857033382,0.6406856089579638,0.7499382051220984,0.5451636813569027,0.7374479966147619,-0.8861244238365482,0.8142138309047251,-0.33468835246990947,-0.888911657267599,0.0
619,0.5037958798912798,-0.9579011516250073,-0.8111051747232627,1.5444349664034636,1.1263523857033382,0.6406856089579638,0.7499382051220984,0.5451636813569027,0.7374479966147619,0.5811202627889416,0.8142138309047251,-0.33468835246990947,-0.888911657267599,0.0
620,0.25267999073304925,0.24533660835983206,-0.8111051747232627,-0.27000611300759836,1.1263523857033382,1.1249694241278505,1.6966810028022505,2.208839713145644,1.1214085237778197,0.947931434445314,-1.2281785963876786,-0.33468835246990947,1.1249711845087873,0.0
621,-0.02067759146491026,0.24533660835983206,-0.8111051747232627,-0.27000611300759836,1.1263523857033382,1.1249694241278505,1.6966810028022505,2.208839713145644,1.1214085237778197,-1.2529355954929207,-1.2281785963876786,-0.33468835246990947,1.1249711845087873,0.0
622,-0.055833815947062534,-1.1703071992896323,-0.8111051747232627,0.6372144266979326,0.35921508517025375,0.15640179378807706,0.7499382051220984,0.5451636813569027,0.9294282601962908,0.21430909113256916,0.8142138309047251,-0.33468835246990947,-0.888911657267599,0.0
623,0.7477370293592751,-1.1703071992896323,-0.8111051747232627,0.6372144266979326,0.35921508517025375,0.15640179378807706,0.7499382051220984,0.5451636813569027,0.9294282601962908,-1.2529355954929207,0.8142138309047251,-0.33468835246990947,-0.888911657267599,0.0
624,0.30290316856469535,-1.1703071992896323,-0.8111051747232627,0.6372144266979326,0.35921508517025375,0.15640179378807706,0.7499382051220984,0.5451636813569027,0.9294282601962908,1.681553777758059,0.8142138309047251,-0.33468835246990947,-0.888911657267599,0.0
625,-0.5589265630263518,-1.1703071992896323,-0.8111051747232627,0.6372144266979326,0.35921508517025375,0.15640179378807706,0.7499382051220984,0.5451636813569027,0.9294282601962908,1.681553777758059,0.8142138309047251,-0.33468835246990947,-0.888911657267599,0.0
626,0.8984065628542135,-0.3635130540549814,-0.8111051747232627,0.18360415684516715,-0.40792221536283074,0.15640179378807706,-0.6701759913981298,-0.2866743345374679,-0.030473057711353863,-0.5193132521801758,0.8142138309047251,-0.33468835246990947,-0.888911657267599,0.0
627,-0.6168984597234519,-1.1703071992896323,-0.8111051747232627,0.6372144266979326,0.35921508517025375,0.15640179378807706,0.7499382051220984,0.5451636813569027,0.9294282601962908,2.415176121070804,0.8142138309047251,-0.33468835246990947,-0.888911657267599,0.0
628,-0.6019118634584887,0.13675088662421503,-0.8111051747232627,0.6372144266979326,1.893489686236423,0.6406856089579638,1.6966810028022505,1.7929207051984586,1.1214085237778197,-1.2529355954929207,0.8142138309047251,-0.33468835246990947,1.1249711845087873,0.0
629,-0.10533951980968513,0.24533660835983206,-0.8111051747232627,-0.27000611300759836,1.1263523857033382,1.1249694241278505,1.6966810028022505,2.208839713145644,1.1214085237778197,-1.619746767149293,-1.2281785963876786,-0.33468835246990947,1.1249711845087873,0.0
630,-0.07018329532753285,-0.9579011516250073,-0.8111051747232627,1.5444349664034636,1.1263523857033382,0.6406856089579638,0.7499382051220984,0.5451636813569027,0.7374479966147619,0.5811202627889416,0.8142138309047251,-0.33468835246990947,-0.888911657267599,0.0
631,-0.09385993630530887,0.24533660835983206,-0.8111051747232627,-0.27000611300759836,1.1263523857033382,1.1249694241278505,1.6966810028022505,2.208839713145644,1.1214085237778197,-1.2529355954929207,-1.2281785963876786,-0.33468835246990947,1.1249711845087873,0.0
632,1.5857466251787415,-1.1703071992896323,-0.8111051747232627,0.6372144266979326,0.35921508517025375,0.15640179378807706,0.7499382051220984,0.5451636813569027,0.9294282601962908,0.5811202627889416,0.8142138309047251,-0.33468835246990947,-0.888911657267599,0.0
633,0.8158970564165091,0.24533660835983206,-0.7601055863697751,-0.27000611300759836,1.1263523857033382,1.1249694241278505,1.6966810028022505,2.208839713145644,1.1214085237778197,-0.8861244238365482,-1.2281785963876786,-0.33468835246990947,1.1249711845087873,0.0
634,-0.5580655942635235,0.13675088662421503,-0.7601055863697751,0.6372144266979326,1.893489686236423,0.6406856089579638,1.6966810028022505,1.7929207051984586,1.1214085237778197,-0.15250208052380332,0.8142138309047251,-0.33468835246990947,1.1249711845087873,0.0
635,-0.7302593468291674,-0.9579011516250073,-0.7601055863697751,1.5444349664034636,1.1263523857033382,0.6406856089579638,0.7499382051220984,0.5451636813569027,0.7374479966147619,-0.15250208052380332,0.8142138309047251,-0.33468835246990947,-0.888911657267599,0.0
636,-0.46479397829046654,-0.6188809656603074,-0.7601055863697751,-0.7236163828603639,-0.40792221536283074,0.6406856089579638,0.27656680628202235,-0.2866743345374679,0.16150720587017506,-0.8861244238365482,0.8142138309047251,2.9878542011404647,-0.888911657267599,0.0
637,-0.7230846071389322,-1.2611749835376354,-0.7601055863697751,1.5444349664034636,1.5099210359698805,1.6092532392977372,0.7499382051220984,0.5451636813569027,1.1214085237778197,-0.8861244238365482,0.8142138309047251,-0.33468835246990947,-0.888911657267599,0.0
638,-0.5666752818918058,-0.3635130540549814,-0.7601055863697751,0.18360415684516715,-0.40792221536283074,0.15640179378807706,-0.6701759913981298,-0.2866743345374679,-0.030473057711353863,-0.15250208052380332,0.8142138309047251,-0.33468835246990947,-0.888911657267599,0.0
639,-0.3786971020076446,-0.637947052197572,-0.7601055863697751,1.998045236256229,1.5099210359698805,2.093537054467624,0.7499382051220984,0.12924467340971743,0.7374479966147619,-0.5193132521801758,0.8142138309047251,-0.33468835246990947,-0.888911657267599,0.0
640,0.06972412863205273,0.24533660835983206,-0.7601055863697751,-0.27000611300759836,1.1263523857033382,1.1249694241278505,1.6966810028022505,2.208839713145644,1.1214085237778197,-0.5193132521801758,-1.2281785963876786,-0.33468835246990947,1.1249711845087873,0.0
641,-0.6441624705463455,-1.1703071992896323,-0.7601055863697751,0.6372144266979326,0.35921508517025375,0.15640179378807706,0.7499382051220984,0.5451636813569027,0.9294282601962908,2.7819872927271763,0.8142138309047251,-0.33468835246990947,-0.888911657267599,0.0
642,-0.7597561366436621,0.13675088662421503,-0.7601055863697751,0.6372144266979326,1.893489686236423,0.6406856089579638,1.6966810028022505,1.7929207051984586,1.1214085237778197,-0.8861244238365482,0.8142138309047251,-0.33468835246990947,1.1249711845087873,0.0
643,-0.351433091184751,-1.1703071992896323,-0.7601055863697751,0.6372144266979326,0.35921508517025375,0.15640179378807706,0.7499382051220984,0.5451636813569027,0.9294282601962908,-0.5193132521801758,0.8142138309047251,-0.33468835246990947,-0.888911657267599,0.0
644,-0.520398210889789,-0.3635130540549814,-0.7601055863697751,0.18360415684516715,-0.40792221536283074,0.15640179378807706,-0.6701759913981298,-0.2866743345374679,-0.030473057711353863,-0.15250208052380332,0.8142138309047251,-0.33468835246990947,-0.888911657267599,0.0
645,0.015913580955289046,-1.1703071992896323,-0.7601055863697751,0.6372144266979326,0.35921508517025375,0.15640179378807706,0.7499382051220984,0.5451636813569027,0.9294282601962908,-0.8861244238365482,0.8142138309047251,-0.33468835246990947,-0.888911657267599,0.0
646,-0.31555939273357525,-1.1703071992896323,-0.7601055863697751,0.6372144266979326,0.35921508517025375,0.15640179378807706,0.7499382051220984,0.5451636813569027,0.9294282601962908,2.415176121070804,0.8142138309047251,-0.33468835246990947,-0.888911657267599,0.0
647,-0.6011140324049346,-0.637947052197572,-0.7601055863697751,1.998045236256229,1.5099210359698805,2.093537054467624,0.7499382051220984,0.12924467340971743,0.7374479966147619,0.947931434445314,0.8142138309047251,-0.33468835246990947,-0.888911657267599,0.0
648,0.08766097785764063,-1.1703071992896323,-0.7601055863697751,0.6372144266979326,0.35921508517025375,0.15640179378807706,0.7499382051220984,0.5451636813569027,0.9294282601962908,0.5811202627889416,0.8142138309047251,-0.33468835246990947,-0.888911657267599,0.0
649,0.33016717938758894,-1.1703071992896323,-0.7601055863697751,0.6372144266979326,0.35921508517025375,0.15640179378807706,0.7499382051220984,0.5451636813569027,0.9294282601962908,2.0483649494144314,0.8142138309047251,-0.33468835246990947,-0.888911657267599,0.0
650,-0.055833815947062534,-1.1703071992896323,-0.7601055863697751,0.6372144266979326,0.35921508517025375,0.15640179378807706,0.7499382051220984,0.5451636813569027,0.9294282601962908,-0.8861244238365482,0.8142138309047251,-0.33468835246990947,-0.888911657267599,0.0
651,-0.34282340355646884,-1.1703071992896323,-0.7601055863697751,0.6372144266979326,0.35921508517025375,0.15640179378807706,0.7499382051220984,0.5451636813569027,0.9294282601962908,-0.8861244238365482,0.8142138309047251,-0.33468835246990947,-0.888911657267599,0.0
652,0.09985803533104039,0.24533660835983206,-0.7601055863697751,-0.27000611300759836,1.1263523857033382,1.1249694241278505,1.6966810028022505,2.208839713145644,1.1214085237778197,-0.5193132521801758,-1.2281785963876786,-0.33468835246990947,1.1249711845087873,0.0
653,0.26415957423742553,0.24533660835983206,-0.7601055863697751,-0.27000611300759836,1.1263523857033382,1.1249694241278505,1.6966810028022505,2.208839713145644,1.1214085237778197,0.947931434445314,-1.2281785963876786,-0.33468835246990947,1.1249711845087873,0.0
654,-0.8163562231119893,-0.637947052197572,-0.7601055863697751,1.998045236256229,1.5099210359698805,2.093537054467624,0.7499382051220984,0.12924467340971743,0.7374479966147619,-0.5193132521801758,0.8142138309047251,-0.33468835246990947,-0.888911657267599,0.0
655,-0.39232910741909144,0.24533660835983206,-0.7091059980162876,-0.27000611300759836,1.1263523857033382,1.1249694241278505,1.6966810028022505,2.208839713145644,1.1214085237778197,-0.5193132521801758,-1.2281785963876786,-0.33468835246990947,1.1249711845087873,0.0
656,0.0869435038886171,0.24533660835983206,-0.7091059980162876,-0.27000611300759836,1.1263523857033382,1.1249694241278505,1.6966810028022505,2.208839713145644,1.1214085237778197,-0.8861244238365482,-1.2281785963876786,-0.33468835246990947,1.1249711845087873,0.0
657,0.21680629228187345,0.24533660835983206,-0.7091059980162876,-0.27000611300759836,1.1263523857033382,1.1249694241278505,1.6966810028022505,2.208839713145644,1.1214085237778197,0.5811202627889416,-1.2281785963876786,-0.33468835246990947,1.1249711845087873,0.0
658,-0.7733077849705783,-0.405631331168321,-0.7091059980162876,0.6372144266979326,1.1263523857033382,0.6406856089579638,-0.19680459255805374,0.12924467340971743,0.353487469451704,-1.2529355954929207,0.8142138309047251,-0.33468835246990947,-0.888911657267599,0.0
659,-0.33780108577330425,0.24533660835983206,-0.7091059980162876,-0.27000611300759836,1.1263523857033382,1.1249694241278505,1.6966810028022505,2.208839713145644,1.1214085237778197,-0.15250208052380332,-1.2281785963876786,-0.33468835246990947,1.1249711845087873,0.0
660,0.6616401530764533,-1.146156952292013,-0.7091059980162876,1.090824696550698,0.35921508517025375,0.15640179378807706,0.7499382051220984,0.5451636813569027,0.7374479966147619,2.415176121070804,0.8142138309047251,2.9878542011404647,-0.888911657267599,0.0
661,-0.6377855619096645,-1.1703071992896323,-0.7091059980162876,0.6372144266979326,0.35921508517025375,0.15640179378807706,0.7499382051220984,0.5451636813569027,0.9294282601962908,1.681553777758059,0.8142138309047251,-0.33468835246990947,-0.888911657267599,0.0
662,-0.1993286097517657,-0.3635130540549814,-0.7091059980162876,0.18360415684516715,-0.40792221536283074,0.15640179378807706,-0.6701759913981298,-0.2866743345374679,-0.030473057711353863,-0.5193132521801758,0.8142138309047251,-0.33468835246990947,-0.888911657267599,0.0
663,0.7333875499788048,-1.146156952292013,-0.7091059980162876,1.090824696550698,0.35921508517025375,0.15640179378807706,0.7499382051220984,0.5451636813569027,0.7374479966147619,1.3147426061016865,0.8142138309047251,2.9878542011404647,-0.888911657267599,0.0
664,-0.486318197361172,-0.3635130540549814,-0.7091059980162876,0.18360415684516715,-0.40792221536283074,0.15640179378807706,-0.6701759913981298,-0.2866743345374679,-0.030473057711353863,-0.15250208052380332,0.8142138309047251,-0.33468835246990947,-0.888911657267599,0.0
665,-0.8278358066163656,-0.637947052197572,-0.7091059980162876,1.998045236256229,1.5099210359698805,2.093537054467624,0.7499382051220984,0.12924467340971743,0.7374479966147619,-0.8861244238365482,0.8142138309047251,-0.33468835246990947,-0.888911657267599,0.0
666,-0.35286803912279807,0.24533660835983206,-0.7091059980162876,-0.27000611300759836,1.1263523857033382,1.1249694241278505,1.6966810028022505,2.208839713145644,1.1214085237778197,-0.15250208052380332,-1.2281785963876786,-0.33468835246990947,1.1249711845087873,0.0
667,-0.36076025278205676,-0.637947052197572,-0.7091059980162876,1.998045236256229,1.5099210359698805,2.093537054467624,0.7499382051220984,0.12924467340971743,0.7374479966147619,-0.8861244238365482,0.8142138309047251,-0.33468835246990947,-0.888911657267599,0.0
668,-0.5551956983874295,0.24533660835983206,-0.7091059980162876,-0.27000611300759836,1.1263523857033382,1.1249694241278505,1.6966810028022505,2.208839713145644,1.1214085237778197,-1.2529355954929207,-1.2281785963876786,-0.33468835246990947,1.1249711845087873,0.0
669,-0.6405751007012279,0.13675088662421503,-0.7091059980162876,0.6372144266979326,1.893489686236423,0.6406856089579638,1.6966810028022505,1.7929207051984586,1.1214085237778197,-1.2529355954929207,0.8142138309047251,-0.33468835246990947,1.1249711845087873,0.0
670,0.21752376625089698,0.24533660835983206,-0.7091059980162876,-0.27000611300759836,1.1263523857033382,1.1249694241278505,1.6966810028022505,2.208839713145644,1.1214085237778197,0.5811202627889416,-1.2281785963876786,-0.33468835246990947,1.1249711845087873,0.0
671,-0.07090076929655637,0.24533660835983206,-0.7091059980162876,-0.27000611300759836,1.1263523857033382,1.1249694241278505,1.6966810028022505,2.208839713145644,1.1214085237778197,-1.2529355954929207,-1.2281785963876786,-0.33468835246990947,1.1249711845087873,0.0
672,1.0002878664555528,0.24533660835983206,-0.7091059980162876,-0.27000611300759836,1.1263523857033382,1.1249694241278505,1.6966810028022505,2.208839713145644,1.1214085237778197,0.21430909113256916,-1.2281785963876786,-0.33468835246990947,1.1249711845087873,0.0
673,-0.4231804880871026,-0.3635130540549814,-0.7091059980162876,0.18360415684516715,-0.40792221536283074,0.15640179378807706,-0.6701759913981298,-0.2866743345374679,-0.030473057711353863,0.5811202627889416,0.8142138309047251,-0.33468835246990947,-0.888911657267599,0.0
674,-0.34282340355646884,-1.1703071992896323,-0.7091059980162876,0.6372144266979326,0.35921508517025375,0.15640179378807706,0.7499382051220984,0.5451636813569027,0.9294282601962908,-0.8861244238365482,0.8142138309047251,-0.33468835246990947,-0.888911657267599,0.0
675,-0.8235309628022245,-0.637947052197572,-0.7091059980162876,1.998045236256229,1.5099210359698805,2.093537054467624,0.7499382051220984,0.12924467340971743,0.7374479966147619,-0.5193132521801758,0.8142138309047251,-0.33468835246990947,-0.888911657267599,0.0
676,0.12138225440174587,0.24533660835983206,-0.7091059980162876,-0.27000611300759836,1.1263523857033382,1.1249694241278505,1.6966810028022505,2.208839713145644,1.1214085237778197,-0.5193132521801758,-1.2281785963876786,-0.33468835246990947,1.1249711845087873,0.0
677,0.31007790825493053,-1.1703071992896323,-0.7091059980162876,0.6372144266979326,0.35921508517025375,0.15640179378807706,0.7499382051220984,0.5451636813569027,0.9294282601962908,2.415176121070804,0.8142138309047251,-0.33468835246990947,-0.888911657267599,0.0
678,-0.7338467166742849,-0.9579011516250073,-0.7091059980162876,1.5444349664034636,1.1263523857033382,0.6406856089579638,0.7499382051220984,0.5451636813569027,0.7374479966147619,0.21430909113256916,0.8142138309047251,-0.33468835246990947,-0.888911657267599,0.0
679,-0.055833815947062534,-0.6188809656603074,-0.7091059980162876,-0.7236163828603639,-0.40792221536283074,0.6406856089579638,0.27656680628202235,-0.2866743345374679,0.16150720587017506,-0.5193132521801758,0.8142138309047251,2.9878542011404647,-0.888911657267599,0.0
680,0.22326355800308512,0.24533660835983206,-0.7091059980162876,-0.27000611300759836,1.1263523857033382,1.1249694241278505,1.6966810028022505,2.208839713145644,1.1214085237778197,0.5811202627889416,-1.2281785963876786,-0.33468835246990947,1.1249711845087873,0.0
681,-0.8716017187268,-0.637947052197572,-0.6581064096628,1.998045236256229,1.5099210359698805,2.093537054467624,0.7499382051220984,0.12924467340971743,0.7374479966147619,-0.8861244238365482,0.8142138309047251,-0.33468835246990947,-0.888911657267599,0.0
682,1.4867352174534965,-0.405631331168321,-0.6581064096628,0.6372144266979326,1.1263523857033382,0.6406856089579638,-0.19680459255805374,0.12924467340971743,0.353487469451704,1.681553777758059,0.8142138309047251,-0.33468835246990947,-0.888911657267599,0.0
683,-0.6585119499268158,-1.1703071992896323,-0.6581064096628,0.6372144266979326,0.35921508517025375,0.15640179378807706,0.7499382051220984,0.5451636813569027,0.9294282601962908,-0.5193132521801758,0.8142138309047251,-0.33468835246990947,-0.888911657267599,0.0
684,2.742314663244649,-0.6188809656603074,-0.6581064096628,-0.7236163828603639,-0.40792221536283074,0.6406856089579638,0.27656680628202235,-0.2866743345374679,0.16150720587017506,-0.15250208052380332,0.8142138309047251,2.9878542011404647,-0.888911657267599,0.0
685,-0.8594046612534002,-0.405631331168321,-0.6581064096628,0.6372144266979326,1.1263523857033382,0.6406856089579638,-0.19680459255805374,0.12924467340971743,0.353487469451704,-0.5193132521801758,0.8142138309047251,-0.33468835246990947,-0.888911657267599,0.0
686,2.957556853951704,-0.6188809656603074,-0.6581064096628,-0.7236163828603639,-0.40792221536283074,0.6406856089579638,0.27656680628202235,-0.2866743345374679,0.16150720587017506,0.21430909113256916,0.8142138309047251,2.9878542011404647,-0.888911657267599,0.0
687,0.195282073211168,-1.1703071992896323,-0.6581064096628,0.6372144266979326,0.35921508517025375,0.15640179378807706,0.7499382051220984,0.5451636813569027,0.9294282601962908,0.21430909113256916,0.8142138309047251,-0.33468835246990947,-0.888911657267599,0.0
688,-0.4217455401490556,-0.6188809656603074,-0.6581064096628,-0.7236163828603639,-0.40792221536283074,0.6406856089579638,0.27656680628202235,-0.2866743345374679,0.16150720587017506,-1.2529355954929207,0.8142138309047251,2.9878542011404647,-0.888911657267599,0.0
689,-1.0602973725799847,0.13675088662421503,-0.6581064096628,0.6372144266979326,1.893489686236423,0.6406856089579638,1.6966810028022505,1.7929207051984586,1.1214085237778197,-0.15250208052380332,0.8142138309047251,-0.33468835246990947,1.1249711845087873,0.0
690,0.5934801260192193,-1.146156952292013,-0.6581064096628,1.090824696550698,0.35921508517025375,0.15640179378807706,0.7499382051220984,0.5451636813569027,0.7374479966147619,-0.8861244238365482,0.8142138309047251,2.9878542011404647,-0.888911657267599,0.0
691,-0.12758121284941412,-1.1703071992896323,-0.6581064096628,0.6372144266979326,0.35921508517025375,0.15640179378807706,0.7499382051220984,0.5451636813569027,0.9294282601962908,-1.619746767149293,0.8142138309047251,-0.33468835246990947,-0.888911657267599,0.0
692,-0.7374340865194026,-1.2611749835376354,-0.6581064096628,1.5444349664034636,1.5099210359698805,1.6092532392977372,0.7499382051220984,0.5451636813569027,1.1214085237778197,0.21430909113256916,0.8142138309047251,-0.33468835246990947,-0.888911657267599,0.0
693,-0.7733077849705783,-0.637947052197572,-0.6581064096628,1.998045236256229,1.5099210359698805,2.093537054467624,0.7499382051220984,0.12924467340971743,0.7374479966147619,-0.15250208052380332,0.8142138309047251,-0.33468835246990947,-0.888911657267599,0.0
694,0.21178397449870887,0.24533660835983206,-0.6581064096628,-0.27000611300759836,1.1263523857033382,1.1249694241278505,1.6966810028022505,2.208839713145644,1.1214085237778197,0.21430909113256916,-1.2281785963876786,-0.33468835246990947,1.1249711845087873,0.0
695,-0.7302593468291674,-1.1703071992896323,-0.6581064096628,0.6372144266979326,0.35921508517025375,0.15640179378807706,0.7499382051220984,0.5451636813569027,0.9294282601962908,0.947931434445314,0.8142138309047251,-0.33468835246990947,-0.888911657267599,0.0
696,-0.7876572643510487,-0.637947052197572,-0.6581064096628,1.998045236256229,1.5099210359698805,2.093537054467624,0.7499382051220984,0.12924467340971743,0.7374479966147619,-0.15250208052380332,0.8142138309047251,-0.33468835246990947,-0.888911657267599,0.0
697,-0.5221918958123478,-0.9579011516250073,-0.6581064096628,1.5444349664034636,1.1263523857033382,0.6406856089579638,0.7499382051220984,0.5451636813569027,0.7374479966147619,0.21430909113256916,0.8142138309047251,-0.33468835246990947,-0.888911657267599,0.0
698,-0.47196871798070167,-0.3635130540549814,-0.6581064096628,0.18360415684516715,-0.40792221536283074,0.15640179378807706,-0.6701759913981298,-0.2866743345374679,-0.030473057711353863,-1.2529355954929207,0.8142138309047251,-0.33468835246990947,-0.888911657267599,0.0
699,-0.3177118146406458,-1.1703071992896323,-0.6581064096628,0.6372144266979326,0.35921508517025375,0.15640179378807706,0.7499382051220984,0.5451636813569027,0.9294282601962908,2.7819872927271763,0.8142138309047251,-0.33468835246990947,-0.888911657267599,0.0
700,0.12783952012295752,0.24533660835983206,-0.6581064096628,-0.27000611300759836,1.1263523857033382,1.1249694241278505,1.6966810028022505,2.208839713145644,1.1214085237778197,-0.5193132521801758,-1.2281785963876786,-0.33468835246990947,1.1249711845087873,0.0
701,0.08766097785764063,-0.3635130540549814,-0.6581064096628,0.18360415684516715,-0.40792221536283074,0.15640179378807706,-0.6701759913981298,-0.2866743345374679,-0.030473057711353863,-0.5193132521801758,0.8142138309047251,-0.33468835246990947,-0.888911657267599,0.0
702,0.022370846676500685,0.24533660835983206,-0.6581064096628,-0.27000611300759836,1.1263523857033382,1.1249694241278505,1.6966810028022505,2.208839713145644,1.1214085237778197,-1.2529355954929207,-1.2281785963876786,-0.33468835246990947,1.1249711845087873,0.0
703,-0.4934929370514072,0.24533660835983206,-0.6581064096628,-0.27000611300759836,1.1263523857033382,1.1249694241278505,1.6966810028022505,2.208839713145644,1.1214085237778197,-0.5193132521801758,-1.2281785963876786,-0.33468835246990947,1.1249711845087873,0.0
704,-0.2352023082029415,-1.1703071992896323,-0.6581064096628,0.6372144266979326,0.35921508517025375,0.15640179378807706,0.7499382051220984,0.5451636813569027,0.9294282601962908,0.947931434445314,0.8142138309047251,-0.33468835246990947,-0.888911657267599,0.0
705,0.06254938894181757,0.24533660835983206,-0.6581064096628,-0.27000611300759836,1.1263523857033382,1.1249694241278505,1.6966810028022505,2.208839713145644,1.1214085237778197,-0.8861244238365482,-1.2281785963876786,-0.33468835246990947,1.1249711845087873,0.0
706,0.13070941599905156,0.24533660835983206,-0.6071068213093125,-0.27000611300759836,1.1263523857033382,1.1249694241278505,1.6966810028022505,2.208839713145644,1.1214085237778197,-0.15250208052380332,-1.2281785963876786,-0.33468835246990947,1.1249711845087873,0.0
707,2.106632726689814,0.24533660835983206,-0.6071068213093125,-0.27000611300759836,1.1263523857033382,1.1249694241278505,1.6966810028022505,2.208839713145644,1.1214085237778197,0.21430909113256916,-1.2281785963876786,-0.33468835246990947,1.1249711845087873,0.0
708,-0.8307057024924596,-0.637947052197572,-0.6071068213093125,1.998045236256229,1.5099210359698805,2.093537054467624,0.7499382051220984,0.12924467340971743,0.7374479966147619,-0.15250208052380332,0.8142138309047251,-0.33468835246990947,-0.888911657267599,0.0
709,-1.1392195091725714,0.13675088662421503,-0.6071068213093125,0.6372144266979326,1.893489686236423,0.6406856089579638,1.6966810028022505,1.7929207051984586,1.1214085237778197,-0.15250208052380332,0.8142138309047251,-0.33468835246990947,1.1249711845087873,0.0
710,0.8668377082171788,0.24533660835983206,-0.6071068213093125,-0.27000611300759836,1.1263523857033382,1.1249694241278505,1.6966810028022505,2.208839713145644,1.1214085237778197,-0.5193132521801758,-1.2281785963876786,-0.33468835246990947,1.1249711845087873,0.0
711,-0.45259692081706676,0.24533660835983206,-0.6071068213093125,-0.27000611300759836,1.1263523857033382,1.1249694241278505,1.6966810028022505,2.208839713145644,1.1214085237778197,-1.619746767149293,-1.2281785963876786,-0.33468835246990947,1.1249711845087873,0.0
712,0.8123096865713916,0.24533660835983206,-0.6071068213093125,-0.27000611300759836,1.1263523857033382,1.1249694241278505,1.6966810028022505,2.208839713145644,1.1214085237778197,-0.8861244238365482,-1.2281785963876786,-0.33468835246990947,1.1249711845087873,0.0
713,0.9098861463585898,0.24533660835983206,-0.6071068213093125,-0.27000611300759836,1.1263523857033382,1.1249694241278505,1.6966810028022505,2.208839713145644,1.1214085237778197,-0.15250208052380332,-1.2281785963876786,-0.33468835246990947,1.1249711845087873,0.0
714,0.05178727940646483,0.24533660835983206,-0.6071068213093125,-0.27000611300759836,1.1263523857033382,1.1249694241278505,1.6966810028022505,2.208839713145644,1.1214085237778197,-0.8861244238365482,-1.2281785963876786,-0.33468835246990947,1.1249711845087873,0.0
715,0.019500950800406622,0.24533660835983206,-0.6071068213093125,-0.27000611300759836,1.1263523857033382,1.1249694241278505,1.6966810028022505,2.208839713145644,1.1214085237778197,-0.8861244238365482,-1.2281785963876786,-0.33468835246990947,1.1249711845087873,0.0
716,-0.6298129911658752,-1.1703071992896323,-0.6071068213093125,0.6372144266979326,0.35921508517025375,0.15640179378807706,0.7499382051220984,0.5451636813569027,0.9294282601962908,1.681553777758059,0.8142138309047251,-0.33468835246990947,-0.888911657267599,0.0
717,0.043177591778182645,-0.6188809656603074,-0.6071068213093125,-0.7236163828603639,-0.40792221536283074,0.6406856089579638,0.27656680628202235,-0.2866743345374679,0.16150720587017506,-0.5193132521801758,0.8142138309047251,2.9878542011404647,-0.888911657267599,0.0
718,0.2225460840340616,0.24533660835983206,-0.6071068213093125,-0.27000611300759836,1.1263523857033382,1.1249694241278505,1.6966810028022505,2.208839713145644,1.1214085237778197,0.5811202627889416,-1.2281785963876786,-0.33468835246990947,1.1249711845087873,0.0
719,-0.47986093163996035,0.24533660835983206,-0.6071068213093125,-0.27000611300759836,1.1263523857033382,1.1249694241278505,1.6966810028022505,2.208839713145644,1.1214085237778197,-1.2529355954929207,-1.2281785963876786,-0.33468835246990947,1.1249711845087873,0.0
720,-0.07664056104874449,0.24533660835983206,-0.6071068213093125,-0.27000611300759836,1.1263523857033382,1.1249694241278505,1.6966810028022505,2.208839713145644,1.1214085237778197,-1.2529355954929207,-1.2281785963876786,-0.33468835246990947,1.1249711845087873,0.0
721,0.06757170672498218,0.24533660835983206,-0.6071068213093125,-0.27000611300759836,1.1263523857033382,1.1249694241278505,1.6966810028022505,2.208839713145644,1.1214085237778197,-0.8861244238365482,-1.2281785963876786,-0.33468835246990947,1.1249711845087873,0.0
722,-0.302644861291152,0.24533660835983206,-0.6071068213093125,-0.27000611300759836,1.1263523857033382,1.1249694241278505,1.6966810028022505,2.208839713145644,1.1214085237778197,0.21430909113256916,-1.2281785963876786,-0.33468835246990947,1.1249711845087873,0.0
723,0.22828587578624973,0.24533660835983206,-0.6071068213093125,-0.27000611300759836,1.1263523857033382,1.1249694241278505,1.6966810028022505,2.208839713145644,1.1214085237778197,0.947931434445314,-1.2281785963876786,-0.33468835246990947,1.1249711845087873,0.0
724,-0.5681102298298528,0.24533660835983206,-0.6071068213093125,-0.27000611300759836,1.1263523857033382,1.1249694241278505,1.6966810028022505,2.208839713145644,1.1214085237778197,-1.619746767149293,-1.2281785963876786,-0.33468835246990947,1.1249711845087873,0.0
725,-0.4475746030339022,0.24533660835983206,-0.6071068213093125,-0.27000611300759836,1.1263523857033382,1.1249694241278505,1.6966810028022505,2.208839713145644,1.1214085237778197,-1.2529355954929207,-1.2281785963876786,-0.33468835246990947,1.1249711845087873,0.0
726,0.9787636473848472,0.24533660835983206,-0.6071068213093125,-0.27000611300759836,1.1263523857033382,1.1249694241278505,1.6966810028022505,2.208839713145644,1.1214085237778197,0.21430909113256916,-1.2281785963876786,-0.33468835246990947,1.1249711845087873,0.0
727,1.0706003154198573,0.24533660835983206,-0.6071068213093125,-0.27000611300759836,1.1263523857033382,1.1249694241278505,1.6966810028022505,2.208839713145644,1.1214085237778197,0.5811202627889416,-1.2281785963876786,-0.33468835246990947,1.1249711845087873,0.0
728,-0.5465860107591474,0.24533660835983206,-0.6071068213093125,-0.27000611300759836,1.1263523857033382,1.1249694241278505,1.6966810028022505,2.208839713145644,1.1214085237778197,-1.2529355954929207,-1.2281785963876786,-0.33468835246990947,1.1249711845087873,0.0
729,1.2356193282952659,-0.6188809656603074,-0.6071068213093125,-0.7236163828603639,-0.40792221536283074,0.6406856089579638,0.27656680628202235,-0.2866743345374679,0.16150720587017506,0.947931434445314,0.8142138309047251,2.9878542011404647,-0.888911657267599,0.0
730,-0.6886458566258035,-1.1703071992896323,-0.6071068213093125,0.6372144266979326,0.35921508517025375,0.15640179378807706,0.7499382051220984,0.5451636813569027,0.9294282601962908,2.415176121070804,0.8142138309047251,-0.33468835246990947,-0.888911657267599,0.0
731,0.8897968752259313,-0.6188809656603074,-0.6071068213093125,-0.7236163828603639,-0.40792221536283074,0.6406856089579638,0.27656680628202235,-0.2866743345374679,0.16150720587017506,1.681553777758059,0.8142138309047251,2.9878542011404647,-0.888911657267599,0.0
732,0.21680629228187345,-0.6188809656603074,-0.6071068213093125,-0.7236163828603639,-0.40792221536283074,0.6406856089579638,0.27656680628202235,-0.2866743345374679,0.16150720587017506,-0.5193132521801758,0.8142138309047251,2.9878542011404647,-0.888911657267599,0.0
733,-0.059421185792180115,0.24533660835983206,-0.6071068213093125,-0.27000611300759836,1.1263523857033382,1.1249694241278505,1.6966810028022505,2.208839713145644,1.1214085237778197,-0.8861244238365482,-1.2281785963876786,-0.33468835246990947,1.1249711845087873,0.0
734,0.8582280205888966,0.24533660835983206,-0.6071068213093125,-0.27000611300759836,1.1263523857033382,1.1249694241278505,1.6966810028022505,2.208839713145644,1.1214085237778197,-0.5193132521801758,-1.2281785963876786,-0.33468835246990947,1.1249711845087873,0.0
735,-0.4432697592197611,-1.1703071992896323,-0.6071068213093125,0.6372144266979326,0.35921508517025375,0.15640179378807706,0.7499382051220984,0.5451636813569027,0.9294282601962908,-0.15250208052380332,0.8142138309047251,-0.33468835246990947,-0.888911657267599,0.0
736,-0.5221918958123478,-0.9579011516250073,-0.6071068213093125,1.5444349664034636,1.1263523857033382,0.6406856089579638,0.7499382051220984,0.5451636813569027,0.7374479966147619,0.21430909113256916,0.8142138309047251,-0.33468835246990947,-0.888911657267599,0.0
737,-0.08238035280093262,0.24533660835983206,-0.6071068213093125,-0.27000611300759836,1.1263523857033382,1.1249694241278505,1.6966810028022505,2.208839713145644,1.1214085237778197,-1.2529355954929207,-1.2281785963876786,-0.33468835246990947,1.1249711845087873,0.0
738,-0.02426496131002784,0.24533660835983206,-0.6071068213093125,-0.27000611300759836,1.1263523857033382,1.1249694241278505,1.6966810028022505,2.208839713145644,1.1214085237778197,-0.5193132521801758,-1.2281785963876786,-0.33468835246990947,1.1249711845087873,0.0
739,0.0639843368798646,0.24533660835983206,-0.6071068213093125,-0.27000611300759836,1.1263523857033382,1.1249694241278505,1.6966810028022505,2.208839713145644,1.1214085237778197,-0.5193132521801758,-1.2281785963876786,-0.33468835246990947,1.1249711845087873,0.0
740,-0.3629126746891273,0.24533660835983206,-0.6071068213093125,-0.27000611300759836,1.1263523857033382,1.1249694241278505,1.6966810028022505,2.208839713145644,1.1214085237778197,-0.5193132521801758,-1.2281785963876786,-0.33468835246990947,1.1249711845087873,0.0
741,0.18810733352093284,0.24533660835983206,-0.6071068213093125,-0.27000611300759836,1.1263523857033382,1.1249694241278505,1.6966810028022505,2.208839713145644,1.1214085237778197,0.21430909113256916,-1.2281785963876786,-0.33468835246990947,1.1249711845087873,0.0
742,0.21106650052968534,0.24533660835983206,-0.6071068213093125,-0.27000611300759836,1.1263523857033382,1.1249694241278505,1.6966810028022505,2.208839713145644,1.1214085237778197,0.5811202627889416,-1.2281785963876786,-0.33468835246990947,1.1249711845087873,0.0
743,-0.12901616078746114,0.24533660835983206,-0.6071068213093125,-0.27000611300759836,1.1263523857033382,1.1249694241278505,1.6966810028022505,2.208839713145644,1.1214085237778197,-1.619746767149293,-1.2281785963876786,-0.33468835246990947,1.1249711845087873,0.0
744,-0.5724150736439939,0.24533660835983206,-0.6071068213093125,-0.27000611300759836,1.1263523857033382,1.1249694241278505,1.6966810028022505,2.208839713145644,1.1214085237778197,-1.619746767149293,-1.2281785963876786,-0.33468835246990947,1.1249711845087873,0.0
745,-0.462641556383396,0.24533660835983206,-0.6071068213093125,-0.27000611300759836,1.1263523857033382,1.1249694241278505,1.6966810028022505,2.208839713145644,1.1214085237778197,-1.619746767149293,-1.2281785963876786,-0.33468835246990947,1.1249711845087873,0.0
746,-0.005610638115416429,0.24533660835983206,-0.6071068213093125,-0.27000611300759836,1.1263523857033382,1.1249694241278505,1.6966810028022505,2.208839713145644,1.1214085237778197,-1.619746767149293,-1.2281785963876786,-0.33468835246990947,1.1249711845087873,0.0
747,-0.5638053860157117,0.24533660835983206,-0.6071068213093125,-0.27000611300759836,1.1263523857033382,1.1249694241278505,1.6966810028022505,2.208839713145644,1.1214085237778197,-1.619746767149293,-1.2281785963876786,-0.33468835246990947,1.1249711845087873,0.0
748,0.005868945388959823,0.24533660835983206,-0.6071068213093125,-0.27000611300759836,1.1263523857033382,1.1249694241278505,1.6966810028022505,2.208839713145644,1.1214085237778197,-1.619746767149293,-1.2281785963876786,-0.33468835246990947,1.1249711845087873,0.0
749,-0.09959972805749699,0.24533660835983206,-0.6071068213093125,-0.27000611300759836,1.1263523857033382,1.1249694241278505,1.6966810028022505,2.208839713145644,1.1214085237778197,-1.2529355954929207,-1.2281785963876786,-0.33468835246990947,1.1249711845087873,0.0
750,-0.5595005422015706,0.24533660835983206,-0.6071068213093125,-0.27000611300759836,1.1263523857033382,1.1249694241278505,1.6966810028022505,2.208839713145644,1.1214085237778197,-1.2529355954929207,-1.2281785963876786,-0.33468835246990947,1.1249711845087873,0.0
751,-0.47483861385679577,0.24533660835983206,-0.6071068213093125,-0.27000611300759836,1.1263523857033382,1.1249694241278505,1.6966810028022505,2.208839713145644,1.1214085237778197,-1.2529355954929207,-1.2281785963876786,-0.33468835246990947,1.1249711845087873,0.0
752,-0.009198007960534008,0.24533660835983206,-0.6071068213093125,-0.27000611300759836,1.1263523857033382,1.1249694241278505,1.6966810028022505,2.208839713145644,1.1214085237778197,-1.2529355954929207,-1.2281785963876786,-0.33468835246990947,1.1249711845087873,0.0
753,0.04174264384013561,0.24533660835983206,-0.6071068213093125,-0.27000611300759836,1.1263523857033382,1.1249694241278505,1.6966810028022505,2.208839713145644,1.1214085237778197,-1.2529355954929207,-1.2281785963876786,-0.33468835246990947,1.1249711845087873,0.0
754,-0.4325076496844083,0.24533660835983206,-0.6071068213093125,-0.27000611300759836,1.1263523857033382,1.1249694241278505,1.6966810028022505,2.208839713145644,1.1214085237778197,-1.2529355954929207,-1.2281785963876786,-0.33468835246990947,1.1249711845087873,0.0
755,-0.4274853319012437,0.24533660835983206,-0.6071068213093125,-0.27000611300759836,1.1263523857033382,1.1249694241278505,1.6966810028022505,2.208839713145644,1.1214085237778197,-1.2529355954929207,-1.2281785963876786,-0.33468835246990947,1.1249711845087873,0.0
756,0.03456790414990046,0.24533660835983206,-0.6071068213093125,-0.27000611300759836,1.1263523857033382,1.1249694241278505,1.6966810028022505,2.208839713145644,1.1214085237778197,-1.2529355954929207,-1.2281785963876786,-0.33468835246990947,1.1249711845087873,0.0
757,0.7692612484299807,0.24533660835983206,-0.6071068213093125,-0.27000611300759836,1.1263523857033382,1.1249694241278505,1.6966810028022505,2.208839713145644,1.1214085237778197,-1.2529355954929207,-1.2281785963876786,-0.33468835246990947,1.1249711845087873,0.0
758,0.0022815755438422443,0.24533660835983206,-0.6071068213093125,-0.27000611300759836,1.1263523857033382,1.1249694241278505,1.6966810028022505,2.208839713145644,1.1214085237778197,-1.2529355954929207,-1.2281785963876786,-0.33468835246990947,1.1249711845087873,0.0
759,-0.4224630141180791,0.24533660835983206,-0.6071068213093125,-0.27000611300759836,1.1263523857033382,1.1249694241278505,1.6966810028022505,2.208839713145644,1.1214085237778197,-1.2529355954929207,-1.2281785963876786,-0.33468835246990947,1.1249711845087873,0.0
760,-0.4174406963349145,0.24533660835983206,-0.6071068213093125,-0.27000611300759836,1.1263523857033382,1.1249694241278505,1.6966810028022505,2.208839713145644,1.1214085237778197,-0.8861244238365482,-1.2281785963876786,-0.33468835246990947,1.1249711845087873,0.0
761,0.786480623686545,0.24533660835983206,-0.6071068213093125,-0.27000611300759836,1.1263523857033382,1.1249694241278505,1.6966810028022505,2.208839713145644,1.1214085237778197,-0.8861244238365482,-1.2281785963876786,-0.33468835246990947,1.1249711845087873,0.0
762,0.013761159048218497,0.24533660835983206,-0.6071068213093125,-0.27000611300759836,1.1263523857033382,1.1249694241278505,1.6966810028022505,2.208839713145644,1.1214085237778197,-0.8861244238365482,-1.2281785963876786,-0.33468835246990947,1.1249711845087873,0.0
763,-0.4124183785517499,0.24533660835983206,-0.6071068213093125,-0.27000611300759836,1.1263523857033382,1.1249694241278505,1.6966810028022505,2.208839713145644,1.1214085237778197,-0.8861244238365482,-1.2281785963876786,-0.33468835246990947,1.1249711845087873,0.0
764,-0.40739606076858526,0.24533660835983206,-0.6071068213093125,-0.27000611300759836,1.1263523857033382,1.1249694241278505,1.6966810028022505,2.208839713145644,1.1214085237778197,-0.8861244238365482,-1.2281785963876786,-0.33468835246990947,1.1249711845087873,0.0
765,0.05752707115865296,0.24533660835983206,-0.6071068213093125,-0.27000611300759836,1.1263523857033382,1.1249694241278505,1.6966810028022505,2.208839713145644,1.1214085237778197,-0.8861244238365482,-1.2281785963876786,-0.33468835246990947,1.1249711845087873,0.0
766,0.06326686291084109,0.24533660835983206,-0.6071068213093125,-0.27000611300759836,1.1263523857033382,1.1249694241278505,1.6966810028022505,2.208839713145644,1.1214085237778197,-0.8861244238365482,-1.2281785963876786,-0.33468835246990947,1.1249711845087873,0.0
767,0.030980534304782877,0.24533660835983206,-0.6071068213093125,-0.27000611300759836,1.1263523857033382,1.1249694241278505,1.6966810028022505,2.208839713145644,1.1214085237778197,-0.8861244238365482,-1.2281785963876786,-0.33468835246990947,1.1249711845087873,0.0
768,-0.397351425202256,0.24533660835983206,-0.6071068213093125,-0.27000611300759836,1.1263523857033382,1.1249694241278505,1.6966810028022505,2.208839713145644,1.1214085237778197,-0.8861244238365482,-1.2281785963876786,-0.33468835246990947,1.1249711845087873,0.0
769,0.06900665466302922,0.24533660835983206,-0.6071068213093125,-0.27000611300759836,1.1263523857033382,1.1249694241278505,1.6966810028022505,2.208839713145644,1.1214085237778197,-0.8861244238365482,-1.2281785963876786,-0.33468835246990947,1.1249711845087873,0.0
770,0.8209193741996738,0.24533660835983206,-0.6071068213093125,-0.27000611300759836,1.1263523857033382,1.1249694241278505,1.6966810028022505,2.208839713145644,1.1214085237778197,-0.5193132521801758,-1.2281785963876786,-0.33468835246990947,1.1249711845087873,0.0
771,0.036720326056971,0.24533660835983206,-0.6071068213093125,-0.27000611300759836,1.1263523857033382,1.1249694241278505,1.6966810028022505,2.208839713145644,1.1214085237778197,-0.5193132521801758,-1.2281785963876786,-0.33468835246990947,1.1249711845087873,0.0
772,0.07474644641521734,0.24533660835983206,-0.6071068213093125,-0.27000611300759836,1.1263523857033382,1.1249694241278505,1.6966810028022505,2.208839713145644,1.1214085237778197,-0.5193132521801758,-1.2281785963876786,-0.33468835246990947,1.1249711845087873,0.0
773,-0.5078424164318774,0.24533660835983206,-0.6071068213093125,-0.27000611300759836,1.1263523857033382,1.1249694241278505,1.6966810028022505,2.208839713145644,1.1214085237778197,-0.5193132521801758,-1.2281785963876786,-0.33468835246990947,1.1249711845087873,0.0
774,0.8295290618279559,0.24533660835983206,-0.6071068213093125,-0.27000611300759836,1.1263523857033382,1.1249694241278505,1.6966810028022505,2.208839713145644,1.1214085237778197,-0.5193132521801758,-1.2281785963876786,-0.33468835246990947,1.1249711845087873,0.0
775,0.04246011780915913,0.24533660835983206,-0.6071068213093125,-0.27000611300759836,1.1263523857033382,1.1249694241278505,1.6966810028022505,2.208839713145644,1.1214085237778197,-0.5193132521801758,-1.2281785963876786,-0.33468835246990947,1.1249711845087873,0.0
776,-0.38730678963592685,0.24533660835983206,-0.6071068213093125,-0.27000611300759836,1.1263523857033382,1.1249694241278505,1.6966810028022505,2.208839713145644,1.1214085237778197,-0.5193132521801758,-1.2281785963876786,-0.33468835246990947,1.1249711845087873,0.0
777,0.08048623816740547,0.24533660835983206,-0.6071068213093125,-0.27000611300759836,1.1263523857033382,1.1249694241278505,1.6966810028022505,2.208839713145644,1.1214085237778197,-0.5193132521801758,-1.2281785963876786,-0.33468835246990947,1.1249711845087873,0.0
778,-0.009198007960534008,0.24533660835983206,-0.6071068213093125,-0.27000611300759836,1.1263523857033382,1.1249694241278505,1.6966810028022505,2.208839713145644,1.1214085237778197,-0.5193132521801758,-1.2281785963876786,-0.33468835246990947,1.1249711845087873,0.0
779,-0.37295731025545653,0.24533660835983206,-0.6071068213093125,-0.27000611300759836,1.1263523857033382,1.1249694241278505,1.6966810028022505,2.208839713145644,1.1214085237778197,-0.5193132521801758,-1.2281785963876786,-0.33468835246990947,1.1249711845087873,0.0
780,0.10201045723811093,0.24533660835983206,-0.6071068213093125,-0.27000611300759836,1.1263523857033382,1.1249694241278505,1.6966810028022505,2.208839713145644,1.1214085237778197,-0.5193132521801758,-1.2281785963876786,-0.33468835246990947,1.1249711845087873,0.0
781,0.10775024899029907,0.24533660835983206,-0.6071068213093125,-0.27000611300759836,1.1263523857033382,1.1249694241278505,1.6966810028022505,2.208839713145644,1.1214085237778197,-0.5193132521801758,-1.2281785963876786,-0.33468835246990947,1.1249711845087873,0.0
782,-0.484883249423125,0.24533660835983206,-0.6071068213093125,-0.27000611300759836,1.1263523857033382,1.1249694241278505,1.6966810028022505,2.208839713145644,1.1214085237778197,-0.5193132521801758,-1.2281785963876786,-0.33468835246990947,1.1249711845087873,0.0
783,0.8754473958454609,0.24533660835983206,-0.6071068213093125,-0.27000611300759836,1.1263523857033382,1.1249694241278505,1.6966810028022505,2.208839713145644,1.1214085237778197,-0.5193132521801758,-1.2281785963876786,-0.33468835246990947,1.1249711845087873,0.0
784,0.07546392038424085,0.24533660835983206,-0.6071068213093125,-0.27000611300759836,1.1263523857033382,1.1249694241278505,1.6966810028022505,2.208839713145644,1.1214085237778197,-0.5193132521801758,-1.2281785963876786,-0.33468835246990947,1.1249711845087873,0.0
785,0.1134900407424872,0.24533660835983206,-0.6071068213093125,-0.27000611300759836,1.1263523857033382,1.1249694241278505,1.6966810028022505,2.208839713145644,1.1214085237778197,-0.5193132521801758,-1.2281785963876786,-0.33468835246990947,1.1249711845087873,0.0
786,0.8840570834737431,0.24533660835983206,-0.6071068213093125,-0.27000611300759836,1.1263523857033382,1.1249694241278505,1.6966810028022505,2.208839713145644,1.1214085237778197,-0.15250208052380332,-1.2281785963876786,-0.33468835246990947,1.1249711845087873,0.0
787,0.08120371213642898,0.24533660835983206,-0.6071068213093125,-0.27000611300759836,1.1263523857033382,1.1249694241278505,1.6966810028022505,2.208839713145644,1.1214085237778197,-0.15250208052380332,-1.2281785963876786,-0.33468835246990947,1.1249711845087873,0.0
788,0.1407540515653808,0.24533660835983206,-0.6071068213093125,-0.27000611300759836,1.1263523857033382,1.1249694241278505,1.6966810028022505,2.208839713145644,1.1214085237778197,-0.15250208052380332,-1.2281785963876786,-0.33468835246990947,1.1249711845087873,0.0
789,-0.35789035690596266,0.24533660835983206,-0.6071068213093125,-0.27000611300759836,1.1263523857033382,1.1249694241278505,1.6966810028022505,2.208839713145644,1.1214085237778197,-0.15250208052380332,-1.2281785963876786,-0.33468835246990947,1.1249711845087873,0.0
790,0.11922983249467532,0.24533660835983206,-0.6071068213093125,-0.27000611300759836,1.1263523857033382,1.1249694241278505,1.6966810028022505,2.208839713145644,1.1214085237778197,-0.15250208052380332,-1.2281785963876786,-0.33468835246990947,1.1249711845087873,0.0
791,0.8926667711020253,0.24533660835983206,-0.6071068213093125,-0.27000611300759836,1.1263523857033382,1.1249694241278505,1.6966810028022505,2.208839713145644,1.1214085237778197,-0.15250208052380332,-1.2281785963876786,-0.33468835246990947,1.1249711845087873,0.0
792,0.12496962424686345,0.24533660835983206,-0.6071068213093125,-0.27000611300759836,1.1263523857033382,1.1249694241278505,1.6966810028022505,2.208839713145644,1.1214085237778197,-0.15250208052380332,-1.2281785963876786,-0.33468835246990947,1.1249711845087873,0.0
793,0.9012764587303075,0.24533660835983206,-0.6071068213093125,-0.27000611300759836,1.1263523857033382,1.1249694241278505,1.6966810028022505,2.208839713145644,1.1214085237778197,-0.15250208052380332,-1.2281785963876786,-0.33468835246990947,1.1249711845087873,0.0
794,0.1536685830078041,0.24533660835983206,-0.6071068213093125,-0.27000611300759836,1.1263523857033382,1.1249694241278505,1.6966810028022505,2.208839713145644,1.1214085237778197,-0.15250208052380332,-1.2281785963876786,-0.33468835246990947,1.1249711845087873,0.0
795,-0.3478457213396335,0.24533660835983206,-0.6071068213093125,-0.27000611300759836,1.1263523857033382,1.1249694241278505,1.6966810028022505,2.208839713145644,1.1214085237778197,-0.15250208052380332,-1.2281785963876786,-0.33468835246990947,1.1249711845087873,0.0
796,-0.34282340355646884,0.24533660835983206,-0.6071068213093125,-0.27000611300759836,1.1263523857033382,1.1249694241278505,1.6966810028022505,2.208839713145644,1.1214085237778197,-0.15250208052380332,-1.2281785963876786,-0.33468835246990947,1.1249711845087873,0.0
797,0.1364492077512397,0.24533660835983206,-0.6071068213093125,-0.27000611300759836,1.1263523857033382,1.1249694241278505,1.6966810028022505,2.208839713145644,1.1214085237778197,-0.15250208052380332,-1.2281785963876786,-0.33468835246990947,1.1249711845087873,0.0
798,0.918495833986872,0.24533660835983206,-0.6071068213093125,-0.27000611300759836,1.1263523857033382,1.1249694241278505,1.6966810028022505,2.208839713145644,1.1214085237778197,-0.15250208052380332,-1.2281785963876786,-0.33468835246990947,1.1249711845087873,0.0
799,0.1421889995034278,0.24533660835983206,-0.6071068213093125,-0.27000611300759836,1.1263523857033382,1.1249694241278505,1.6966810028022505,2.208839713145644,1.1214085237778197,-0.15250208052380332,-1.2281785963876786,-0.33468835246990947,1.1249711845087873,0.0
800,0.9271055216151541,0.24533660835983206,-0.6071068213093125,-0.27000611300759836,1.1263523857033382,1.1249694241278505,1.6966810028022505,2.208839713145644,1.1214085237778197,0.21430909113256916,-1.2281785963876786,-0.33468835246990947,1.1249711845087873,0.0
801,0.14792879125561595,0.24533660835983206,-0.6071068213093125,-0.27000611300759836,1.1263523857033382,1.1249694241278505,1.6966810028022505,2.208839713145644,1.1214085237778197,0.21430909113256916,-1.2281785963876786,-0.33468835246990947,1.1249711845087873,0.0
802,0.9357152092434363,0.24533660835983206,-0.6071068213093125,-0.27000611300759836,1.1263523857033382,1.1249694241278505,1.6966810028022505,2.208839713145644,1.1214085237778197,0.21430909113256916,-1.2281785963876786,-0.33468835246990947,1.1249711845087873,0.0
803,2.0564095488581677,0.24533660835983206,-0.6071068213093125,-0.27000611300759836,1.1263523857033382,1.1249694241278505,1.6966810028022505,2.208839713145644,1.1214085237778197,0.21430909113256916,-1.2281785963876786,-0.33468835246990947,1.1249711845087873,0.0
804,0.1536685830078041,0.24533660835983206,-0.6071068213093125,-0.27000611300759836,1.1263523857033382,1.1249694241278505,1.6966810028022505,2.208839713145644,1.1214085237778197,0.21430909113256916,-1.2281785963876786,-0.33468835246990947,1.1249711845087873,0.0
805,0.1823675417687447,0.24533660835983206,-0.6071068213093125,-0.27000611300759836,1.1263523857033382,1.1249694241278505,1.6966810028022505,2.208839713145644,1.1214085237778197,0.21430909113256916,-1.2281785963876786,-0.33468835246990947,1.1249711845087873,0.0
806,0.21752376625089698,0.24533660835983206,-0.6071068213093125,-0.27000611300759836,1.1263523857033382,1.1249694241278505,1.6966810028022505,2.208839713145644,1.1214085237778197,0.5811202627889416,-1.2281785963876786,-0.33468835246990947,1.1249711845087873,0.0
807,0.23976545929062598,0.24533660835983206,-0.6071068213093125,-0.27000611300759836,1.1263523857033382,1.1249694241278505,1.6966810028022505,2.208839713145644,1.1214085237778197,0.947931434445314,-1.2281785963876786,-0.33468835246990947,1.1249711845087873,0.0
808,-0.44255228525073753,0.24533660835983206,-0.6071068213093125,-0.27000611300759836,1.1263523857033382,1.1249694241278505,1.6966810028022505,2.208839713145644,1.1214085237778197,-1.2529355954929207,-1.2281785963876786,-0.33468835246990947,1.1249711845087873,0.0
809,0.7520418731734162,0.24533660835983206,-0.6071068213093125,-0.27000611300759836,1.1263523857033382,1.1249694241278505,1.6966810028022505,2.208839713145644,1.1214085237778197,-1.2529355954929207,-1.2281785963876786,-0.33468835246990947,1.1249711845087873,0.0
810,5.101369073393968,0.24533660835983206,-0.6071068213093125,-0.27000611300759836,1.1263523857033382,1.1249694241278505,1.6966810028022505,2.208839713145644,1.1214085237778197,0.947931434445314,-1.2281785963876786,-0.33468835246990947,1.1249711845087873,0.0
811,-0.34282340355646884,-1.1703071992896323,-0.6071068213093125,0.6372144266979326,0.35921508517025375,0.15640179378807706,0.7499382051220984,0.5451636813569027,0.9294282601962908,2.415176121070804,0.8142138309047251,-0.33468835246990947,-0.888911657267599,0.0
812,-0.8235309628022245,-0.637947052197572,-0.6071068213093125,1.998045236256229,1.5099210359698805,2.093537054467624,0.7499382051220984,0.12924467340971743,0.7374479966147619,-0.8861244238365482,0.8142138309047251,-0.33468835246990947,-0.888911657267599,0.0
813,-0.7015603880682267,-0.9579011516250073,-0.6071068213093125,1.5444349664034636,1.1263523857033382,0.6406856089579638,0.7499382051220984,0.5451636813569027,0.7374479966147619,0.947931434445314,0.8142138309047251,-0.33468835246990947,-0.888911657267599,0.0
814,0.5898927561741016,-0.405631331168321,-0.6071068213093125,0.6372144266979326,1.1263523857033382,0.6406856089579638,-0.19680459255805374,0.12924467340971743,0.353487469451704,1.3147426061016865,0.8142138309047251,-0.33468835246990947,-0.888911657267599,0.0
815,0.10559782708322851,-0.6188809656603074,-0.6071068213093125,-0.7236163828603639,-0.40792221536283074,0.6406856089579638,0.27656680628202235,-0.2866743345374679,0.16150720587017506,1.3147426061016865,0.8142138309047251,2.9878542011404647,-0.888911657267599,0.0
816,0.1594083747599922,-1.1703071992896323,-0.5561072329558249,0.6372144266979326,0.35921508517025375,0.15640179378807706,0.7499382051220984,0.5451636813569027,0.9294282601962908,2.7819872927271763,0.8142138309047251,-0.33468835246990947,-0.888911657267599,0.0
817,-0.8378804421826948,-0.637947052197572,-0.5561072329558249,1.998045236256229,1.5099210359698805,2.093537054467624,0.7499382051220984,0.12924467340971743,0.7374479966147619,-0.8861244238365482,0.8142138309047251,-0.33468835246990947,-0.888911657267599,0.0
818,1.2356193282952659,-0.6188809656603074,-0.5561072329558249,-0.7236163828603639,-0.40792221536283074,0.6406856089579638,0.27656680628202235,-0.2866743345374679,0.16150720587017506,0.21430909113256916,0.8142138309047251,2.9878542011404647,-0.888911657267599,0.0
819,0.17375785414046252,-0.6188809656603074,-0.5561072329558249,-0.7236163828603639,-0.40792221536283074,0.6406856089579638,0.27656680628202235,-0.2866743345374679,0.16150720587017506,-0.8861244238365482,0.8142138309047251,2.9878542011404647,-0.888911657267599,0.0
820,0.6759896324569236,-1.146156952292013,-0.5561072329558249,1.090824696550698,0.35921508517025375,0.15640179378807706,0.7499382051220984,0.5451636813569027,0.7374479966147619,2.0483649494144314,0.8142138309047251,2.9878542011404647,-0.888911657267599,0.0
821,0.015913580955289046,-0.09238793091483787,-0.5561072329558249,0.18360415684516715,1.5099210359698805,0.6406856089579638,1.6966810028022505,1.3770016972512733,1.1214085237778197,-0.8861244238365482,0.8142138309047251,-0.33468835246990947,1.1249711845087873,0.0
822,-0.7015603880682267,0.13675088662421503,-0.5561072329558249,0.6372144266979326,1.893489686236423,0.6406856089579638,1.6966810028022505,1.7929207051984586,1.1214085237778197,-0.15250208052380332,0.8142138309047251,-0.33468835246990947,1.1249711845087873,0.0
823,-0.5150171561221126,-0.6188809656603074,-0.5561072329558249,-0.7236163828603639,-0.40792221536283074,0.6406856089579638,0.27656680628202235,-0.2866743345374679,0.16150720587017506,-1.2529355954929207,0.8142138309047251,2.9878542011404647,-0.888911657267599,0.0
824,0.03743780002599452,-0.7222833601097661,-0.5561072329558249,1.5444349664034636,1.5099210359698805,2.093537054467624,1.2233096039621745,0.961082689304088,1.1214085237778197,-1.2529355954929207,0.8142138309047251,2.9878542011404647,1.1249711845087873,0.0
825,-0.2531391574285294,-0.6188809656603074,-0.5561072329558249,-0.7236163828603639,-0.40792221536283074,0.6406856089579638,0.27656680628202235,-0.2866743345374679,0.16150720587017506,2.0483649494144314,0.8142138309047251,2.9878542011404647,-0.888911657267599,0.0
826,-0.8249659107402715,-0.637947052197572,-0.5561072329558249,1.998045236256229,1.5099210359698805,2.093537054467624,0.7499382051220984,0.12924467340971743,0.7374479966147619,-0.15250208052380332,0.8142138309047251,-0.33468835246990947,-0.888911657267599,0.0
827,-0.5939392927146994,-1.1703071992896323,-0.5561072329558249,0.6372144266979326,0.35921508517025375,0.15640179378807706,0.7499382051220984,0.5451636813569027,0.9294282601962908,2.415176121070804,0.8142138309047251,-0.33468835246990947,-0.888911657267599,0.0
828,-0.3786971020076446,-1.1703071992896323,-0.5051076446023374,0.6372144266979326,0.35921508517025375,0.15640179378807706,0.7499382051220984,0.5451636813569027,0.9294282601962908,2.0483649494144314,0.8142138309047251,-0.33468835246990947,-0.888911657267599,0.0
829,-0.4504444989099962,-0.3635130540549814,-0.5051076446023374,0.18360415684516715,-0.40792221536283074,0.15640179378807706,-0.6701759913981298,-0.2866743345374679,-0.030473057711353863,0.21430909113256916,0.8142138309047251,-0.33468835246990947,-0.888911657267599,0.0
830,-0.41457080045882044,-1.1703071992896323,-0.5051076446023374,0.6372144266979326,0.35921508517025375,0.15640179378807706,0.7499382051220984,0.5451636813569027,0.9294282601962908,0.947931434445314,0.8142138309047251,-0.33468835246990947,-0.888911657267599,0.0
831,-0.7733077849705783,-1.1703071992896323,-0.5051076446023374,0.6372144266979326,0.35921508517025375,0.15640179378807706,0.7499382051220984,0.5451636813569027,0.9294282601962908,-1.2529355954929207,0.8142138309047251,-0.33468835246990947,-0.888911657267599,0.0
832,0.25546952952461266,-1.1703071992896323,-0.5051076446023374,0.6372144266979326,0.35921508517025375,0.15640179378807706,0.7499382051220984,0.5451636813569027,0.9294282601962908,0.5811202627889416,0.8142138309047251,-0.33468835246990947,-0.888911657267599,0.0
833,1.3073667251976175,-1.146156952292013,-0.5051076446023374,1.090824696550698,0.35921508517025375,0.15640179378807706,0.7499382051220984,0.5451636813569027,0.7374479966147619,1.3147426061016865,0.8142138309047251,2.9878542011404647,-0.888911657267599,0.0
834,1.19974562984409,-0.6188809656603074,-0.5051076446023374,-0.7236163828603639,-0.40792221536283074,0.6406856089579638,0.27656680628202235,-0.2866743345374679,0.16150720587017506,1.681553777758059,0.8142138309047251,2.9878542011404647,-0.888911657267599,0.0
835,1.3073667251976175,-1.1703071992896323,-0.5051076446023374,0.6372144266979326,0.35921508517025375,0.15640179378807706,0.7499382051220984,0.5451636813569027,0.9294282601962908,1.3147426061016865,0.8142138309047251,-0.33468835246990947,-0.888911657267599,0.0
836,-0.4432697592197611,-1.1703071992896323,-0.5051076446023374,0.6372144266979326,0.35921508517025375,0.15640179378807706,0.7499382051220984,0.5451636813569027,0.9294282601962908,0.21430909113256916,0.8142138309047251,-0.33468835246990947,-0.888911657267599,0.0
837,-0.16488985923863694,-0.9579011516250073,-0.5051076446023374,1.5444349664034636,1.1263523857033382,0.6406856089579638,0.7499382051220984,0.5451636813569027,0.7374479966147619,0.21430909113256916,0.8142138309047251,-0.33468835246990947,-0.888911657267599,0.0
838,-0.21367808913223602,-0.405631331168321,-0.5051076446023374,0.6372144266979326,1.1263523857033382,0.6406856089579638,-0.19680459255805374,0.12924467340971743,0.353487469451704,-1.2529355954929207,0.8142138309047251,-0.33468835246990947,-0.888911657267599,0.0
839,1.6667408265938684,-1.1703071992896323,-0.5051076446023374,0.6372144266979326,0.35921508517025375,0.15640179378807706,0.7499382051220984,0.5451636813569027,0.9294282601962908,0.947931434445314,0.8142138309047251,-0.33468835246990947,-0.888911657267599,0.0
840,-0.10605699377870864,-0.9579011516250073,-0.5051076446023374,1.5444349664034636,1.1263523857033382,0.6406856089579638,0.7499382051220984,0.5451636813569027,0.7374479966147619,-1.2529355954929207,0.8142138309047251,-0.33468835246990947,-0.888911657267599,0.0
841,-0.6621710671688358,-1.1703071992896323,-0.5051076446023374,0.6372144266979326,0.35921508517025375,0.15640179378807706,0.7499382051220984,0.5451636813569027,0.9294282601962908,1.3147426061016865,0.8142138309047251,-0.33468835246990947,-0.888911657267599,0.0
842,0.17375785414046252,-1.1703071992896323,-0.5051076446023374,0.6372144266979326,0.35921508517025375,0.15640179378807706,0.7499382051220984,0.5451636813569027,0.9294282601962908,-0.15250208052380332,0.8142138309047251,-0.33468835246990947,-0.888911657267599,0.0
843,-0.6513372102365806,-1.1703071992896323,-0.5051076446023374,0.6372144266979326,0.35921508517025375,0.15640179378807706,0.7499382051220984,0.5451636813569027,0.9294282601962908,2.415176121070804,0.8142138309047251,-0.33468835246990947,-0.888911657267599,0.0
844,1.1638719313929142,-0.6188809656603074,-0.45410805624884976,-0.7236163828603639,-0.40792221536283074,0.6406856089579638,0.27656680628202235,-0.2866743345374679,0.16150720587017506,0.21430909113256916,0.8142138309047251,2.9878542011404647,-0.888911657267599,0.0
845,-0.8055941135766366,-0.637947052197572,-0.45410805624884976,1.998045236256229,1.5099210359698805,2.093537054467624,0.7499382051220984,0.12924467340971743,0.7374479966147619,0.21430909113256916,0.8142138309047251,-0.33468835246990947,-0.888911657267599,0.0
846,-0.38300194582178576,-1.1703071992896323,-0.45410805624884976,0.6372144266979326,0.35921508517025375,0.15640179378807706,0.7499382051220984,0.5451636813569027,0.9294282601962908,2.0483649494144314,0.8142138309047251,-0.33468835246990947,-0.888911657267599,0.0
847,1.1638719313929142,-0.6188809656603074,-0.45410805624884976,-0.7236163828603639,-0.40792221536283074,0.6406856089579638,0.27656680628202235,-0.2866743345374679,0.16150720587017506,1.3147426061016865,0.8142138309047251,2.9878542011404647,-0.888911657267599,0.0
848,-0.7015603880682267,-0.9579011516250073,-0.45410805624884976,1.5444349664034636,1.1263523857033382,0.6406856089579638,0.7499382051220984,0.5451636813569027,0.7374479966147619,-0.15250208052380332,0.8142138309047251,-0.33468835246990947,-0.888911657267599,0.0
849,-0.486318197361172,-0.6188809656603074,-0.45410805624884976,-0.7236163828603639,-0.40792221536283074,0.6406856089579638,0.27656680628202235,-0.2866743345374679,0.16150720587017506,-0.8861244238365482,0.8142138309047251,2.9878542011404647,-0.888911657267599,0.0
850,-0.6441624705463455,-1.1703071992896323,-0.45410805624884976,0.6372144266979326,0.35921508517025375,0.15640179378807706,0.7499382051220984,0.5451636813569027,0.9294282601962908,0.947931434445314,0.8142138309047251,-0.33468835246990947,-0.888911657267599,0.0
851,0.031698008273806394,-0.6188809656603074,-0.45410805624884976,-0.7236163828603639,-0.40792221536283074,0.6406856089579638,0.27656680628202235,-0.2866743345374679,0.16150720587017506,-0.15250208052380332,0.8142138309047251,2.9878542011404647,-0.888911657267599,0.0
852,0.014478633017242013,-1.1703071992896323,-0.45410805624884976,0.6372144266979326,0.35921508517025375,0.15640179378807706,0.7499382051220984,0.5451636813569027,0.9294282601962908,0.21430909113256916,0.8142138309047251,-0.33468835246990947,-0.888911657267599,0.0
853,-0.46479397829046654,-0.9579011516250073,-0.45410805624884976,1.5444349664034636,1.1263523857033382,0.6406856089579638,0.7499382051220984,0.5451636813569027,0.7374479966147619,0.947931434445314,0.8142138309047251,-0.33468835246990947,-0.888911657267599,0.0
854,0.8051349468811564,-0.9579011516250073,-0.45410805624884976,1.5444349664034636,1.1263523857033382,0.6406856089579638,0.7499382051220984,0.5451636813569027,0.7374479966147619,0.5811202627889416,0.8142138309047251,-0.33468835246990947,-0.888911657267599,0.0
855,0.16658311445022736,-0.6188809656603074,-0.45410805624884976,-0.7236163828603639,-0.40792221536283074,0.6406856089579638,0.27656680628202235,-0.2866743345374679,0.16150720587017506,0.5811202627889416,0.8142138309047251,2.9878542011404647,-0.888911657267599,0.0
856,0.012326211110171466,-0.6188809656603074,-0.45410805624884976,-0.7236163828603639,-0.40792221536283074,0.6406856089579638,0.27656680628202235,-0.2866743345374679,0.16150720587017506,-0.8861244238365482,0.8142138309047251,2.9878542011404647,-0.888911657267599,0.0
857,-0.4504444989099962,-0.3635130540549814,-0.45410805624884976,0.18360415684516715,-0.40792221536283074,0.15640179378807706,-0.6701759913981298,-0.2866743345374679,-0.030473057711353863,-0.8861244238365482,0.8142138309047251,-0.33468835246990947,-0.888911657267599,0.0
858,-0.7377978458216975,-1.1703071992896323,-0.4031084678953622,0.6372144266979326,0.35921508517025375,0.15640179378807706,0.7499382051220984,0.5451636813569027,0.9294282601962908,-0.15250208052380332,0.8142138309047251,-0.33468835246990947,-0.888911657267599,0.0
859,-0.4504444989099962,-1.1703071992896323,-0.4031084678953622,0.6372144266979326,0.35921508517025375,0.15640179378807706,0.7499382051220984,0.5451636813569027,0.9294282601962908,-1.2529355954929207,0.8142138309047251,-0.33468835246990947,-0.888911657267599,0.0
860,-0.8845162501692233,-0.405631331168321,-0.4031084678953622,0.6372144266979326,1.1263523857033382,0.6406856089579638,-0.19680459255805374,0.12924467340971743,0.353487469451704,-0.8861244238365482,0.8142138309047251,-0.33468835246990947,-0.888911657267599,0.0
861,-0.5006676767416424,-0.3635130540549814,-0.4031084678953622,0.18360415684516715,-0.40792221536283074,0.15640179378807706,-0.6701759913981298,-0.2866743345374679,-0.030473057711353863,-1.2529355954929207,0.8142138309047251,-0.33468835246990947,-0.888911657267599,0.0
862,0.16514816651218034,-1.1703071992896323,-0.4031084678953622,0.6372144266979326,0.35921508517025375,0.15640179378807706,0.7499382051220984,0.5451636813569027,0.9294282601962908,0.21430909113256916,0.8142138309047251,-0.33468835246990947,-0.888911657267599,0.0
863,-0.7374340865194026,-1.2611749835376354,-0.4031084678953622,1.5444349664034636,1.5099210359698805,1.6092532392977372,0.7499382051220984,0.5451636813569027,1.1214085237778197,-1.2529355954929207,0.8142138309047251,-0.33468835246990947,-0.888911657267599,0.0
864,-0.2495517875834118,-1.1703071992896323,-0.4031084678953622,0.6372144266979326,0.35921508517025375,0.15640179378807706,0.7499382051220984,0.5451636813569027,0.9294282601962908,0.5811202627889416,0.8142138309047251,-0.33468835246990947,-0.888911657267599,0.0
865,0.9486297406858596,-1.146156952292013,-0.4031084678953622,1.090824696550698,0.35921508517025375,0.15640179378807706,0.7499382051220984,0.5451636813569027,0.7374479966147619,-0.8861244238365482,0.8142138309047251,2.9878542011404647,-0.888911657267599,0.0
866,0.10201045723811093,-0.405631331168321,-0.4031084678953622,0.6372144266979326,1.1263523857033382,0.6406856089579638,-0.19680459255805374,0.12924467340971743,0.353487469451704,0.947931434445314,0.8142138309047251,-0.33468835246990947,-0.888911657267599,0.0
867,-0.7733077849705783,-1.2611749835376354,-0.4031084678953622,1.5444349664034636,1.5099210359698805,1.6092532392977372,0.7499382051220984,0.5451636813569027,1.1214085237778197,0.5811202627889416,0.8142138309047251,-0.33468835246990947,-0.888911657267599,0.0
868,-0.7245195550769793,-0.9579011516250073,-0.4031084678953622,1.5444349664034636,1.1263523857033382,0.6406856089579638,0.7499382051220984,0.5451636813569027,0.7374479966147619,1.3147426061016865,0.8142138309047251,-0.33468835246990947,-0.888911657267599,0.0
869,0.43204848298892823,-0.405631331168321,-0.4031084678953622,0.6372144266979326,1.1263523857033382,0.6406856089579638,-0.19680459255805374,0.12924467340971743,0.353487469451704,-0.8861244238365482,0.8142138309047251,-0.33468835246990947,-0.888911657267599,0.0
870,0.20963155259163832,-1.1703071992896323,-0.4031084678953622,0.6372144266979326,0.35921508517025375,0.15640179378807706,0.7499382051220984,0.5451636813569027,0.9294282601962908,1.681553777758059,0.8142138309047251,-0.33468835246990947,-0.888911657267599,0.0
871,-1.1463942488628065,0.13675088662421503,-0.4031084678953622,0.6372144266979326,1.893489686236423,0.6406856089579638,1.6966810028022505,1.7929207051984586,1.1214085237778197,-0.5193132521801758,0.8142138309047251,-0.33468835246990947,1.1249711845087873,0.0
872,0.4822716608205743,-0.7222833601097661,-0.4031084678953622,1.5444349664034636,1.5099210359698805,2.093537054467624,1.2233096039621745,0.961082689304088,1.1214085237778197,-1.2529355954929207,0.8142138309047251,2.9878542011404647,1.1249711845087873,0.0
873,-0.14193069222988444,-0.405631331168321,-0.4031084678953622,0.6372144266979326,1.1263523857033382,0.6406856089579638,-0.19680459255805374,0.12924467340971743,0.353487469451704,1.3147426061016865,0.8142138309047251,-0.33468835246990947,-0.888911657267599,0.0
874,-0.1634549113005899,-0.9579011516250073,-0.35210887954187464,1.5444349664034636,1.1263523857033382,0.6406856089579638,0.7499382051220984,0.5451636813569027,0.7374479966147619,0.5811202627889416,0.8142138309047251,-0.33468835246990947,-0.888911657267599,0.0
875,0.23115577166234377,-1.1703071992896323,-0.35210887954187464,0.6372144266979326,0.35921508517025375,0.15640179378807706,0.7499382051220984,0.5451636813569027,0.9294282601962908,1.681553777758059,0.8142138309047251,-0.33468835246990947,-0.888911657267599,0.0
876,-0.41457080045882044,-1.1703071992896323,-0.35210887954187464,0.6372144266979326,0.35921508517025375,0.15640179378807706,0.7499382051220984,0.5451636813569027,0.9294282601962908,1.3147426061016865,0.8142138309047251,-0.33468835246990947,-0.888911657267599,0.0
877,-1.1715058377786296,0.13675088662421503,-0.35210887954187464,0.6372144266979326,1.893489686236423,0.6406856089579638,1.6966810028022505,1.7929207051984586,1.1214085237778197,-1.2529355954929207,0.8142138309047251,-0.33468835246990947,1.1249711845087873,0.0
878,-0.5760024434891114,-1.1703071992896323,-0.35210887954187464,0.6372144266979326,0.35921508517025375,0.15640179378807706,0.7499382051220984,0.5451636813569027,0.9294282601962908,1.3147426061016865,0.8142138309047251,-0.33468835246990947,-0.888911657267599,0.0
879,-0.3715223623174095,-1.1703071992896323,-0.35210887954187464,0.6372144266979326,0.35921508517025375,0.15640179378807706,0.7499382051220984,0.5451636813569027,0.9294282601962908,0.21430909113256916,0.8142138309047251,-0.33468835246990947,-0.888911657267599,0.0
880,-0.7302593468291674,-0.9579011516250073,-0.35210887954187464,1.5444349664034636,1.1263523857033382,0.6406856089579638,0.7499382051220984,0.5451636813569027,0.7374479966147619,-0.15250208052380332,0.8142138309047251,-0.33468835246990947,-0.888911657267599,0.0
881,-0.852229921563165,-0.405631331168321,-0.35210887954187464,0.6372144266979326,1.1263523857033382,0.6406856089579638,-0.19680459255805374,0.12924467340971743,0.353487469451704,1.3147426061016865,0.8142138309047251,-0.33468835246990947,-0.888911657267599,0.0
882,1.3561549550912166,-0.9579011516250073,-0.35210887954187464,1.5444349664034636,1.1263523857033382,0.6406856089579638,0.7499382051220984,0.5451636813569027,0.7374479966147619,1.3147426061016865,0.8142138309047251,-0.33468835246990947,-0.888911657267599,0.0
883,0.467922181440104,-0.7222833601097661,-0.35210887954187464,1.5444349664034636,1.5099210359698805,2.093537054467624,1.2233096039621745,0.961082689304088,1.1214085237778197,-1.2529355954929207,0.8142138309047251,2.9878542011404647,1.1249711845087873,0.0
884,-0.828553280585389,-0.637947052197572,-0.35210887954187464,1.998045236256229,1.5099210359698805,2.093537054467624,0.7499382051220984,0.12924467340971743,0.7374479966147619,-0.5193132521801758,0.8142138309047251,-0.33468835246990947,-0.888911657267599,0.0
885,-0.7733077849705783,-0.9579011516250073,-0.35210887954187464,1.5444349664034636,1.1263523857033382,0.6406856089579638,0.7499382051220984,0.5451636813569027,0.7374479966147619,-1.2529355954929207,0.8142138309047251,-0.33468835246990947,-0.888911657267599,0.0
886,-0.6011140324049346,-0.9579011516250073,-0.35210887954187464,1.5444349664034636,1.1263523857033382,0.6406856089579638,0.7499382051220984,0.5451636813569027,0.7374479966147619,-0.8861244238365482,0.8142138309047251,-0.33468835246990947,-0.888911657267599,0.0
887,0.6401159340057477,-0.405631331168321,-0.35210887954187464,0.6372144266979326,1.1263523857033382,0.6406856089579638,-0.19680459255805374,0.12924467340971743,0.353487469451704,1.3147426061016865,0.8142138309047251,-0.33468835246990947,-0.888911657267599,0.0
888,-0.6872109086877565,-0.637947052197572,-0.35210887954187464,1.998045236256229,1.5099210359698805,2.093537054467624,0.7499382051220984,0.12924467340971743,0.7374479966147619,0.5811202627889416,0.8142138309047251,-0.33468835246990947,-0.888911657267599,0.0
889,-0.34282340355646884,-1.1703071992896323,-0.3011092911883871,0.6372144266979326,0.35921508517025375,0.15640179378807706,0.7499382051220984,0.5451636813569027,0.9294282601962908,1.681553777758059,0.8142138309047251,-0.33468835246990947,-0.888911657267599,0.0
890,-0.5660381650073129,-0.405631331168321,-0.3011092911883871,0.6372144266979326,1.1263523857033382,0.6406856089579638,-0.19680459255805374,0.12924467340971743,0.353487469451704,-0.15250208052380332,0.8142138309047251,-0.33468835246990947,-0.888911657267599,0.0
891,-0.6656866896170509,-1.1703071992896323,-0.3011092911883871,0.6372144266979326,0.35921508517025375,0.15640179378807706,0.7499382051220984,0.5451636813569027,0.9294282601962908,2.415176121070804,0.8142138309047251,-0.33468835246990947,-0.888911657267599,0.0
892,0.4463979623693985,-0.405631331168321,-0.3011092911883871,0.6372144266979326,1.1263523857033382,0.6406856089579638,-0.19680459255805374,0.12924467340971743,0.353487469451704,-0.15250208052380332,0.8142138309047251,-0.33468835246990947,-0.888911657267599,0.0
893,-0.4662289262285136,-0.9579011516250073,-0.3011092911883871,1.5444349664034636,1.1263523857033382,0.6406856089579638,0.7499382051220984,0.5451636813569027,0.7374479966147619,-0.8861244238365482,0.8142138309047251,-0.33468835246990947,-0.888911657267599,0.0
894,-0.6441624705463455,0.13675088662421503,-0.3011092911883871,0.6372144266979326,1.893489686236423,0.6406856089579638,1.6966810028022505,1.7929207051984586,1.1214085237778197,-0.5193132521801758,0.8142138309047251,-0.33468835246990947,1.1249711845087873,0.0
895,0.05896201909669999,-0.6188809656603074,-0.3011092911883871,-0.7236163828603639,-0.40792221536283074,0.6406856089579638,0.27656680628202235,-0.2866743345374679,0.16150720587017506,-0.8861244238365482,0.8142138309047251,2.9878542011404647,-0.888911657267599,0.0
896,2.4911987740864183,-1.146156952292013,-0.3011092911883871,1.090824696550698,0.35921508517025375,0.15640179378807706,0.7499382051220984,0.5451636813569027,0.7374479966147619,2.415176121070804,0.8142138309047251,2.9878542011404647,-0.888911657267599,0.0
897,-0.7446088262096376,-0.637947052197572,-0.3011092911883871,1.998045236256229,1.5099210359698805,2.093537054467624,0.7499382051220984,0.12924467340971743,0.7374479966147619,-0.5193132521801758,0.8142138309047251,-0.33468835246990947,-0.888911657267599,0.0
898,-0.17780439068106021,-0.405631331168321,-0.3011092911883871,0.6372144266979326,1.1263523857033382,0.6406856089579638,-0.19680459255805374,0.12924467340971743,0.353487469451704,-0.5193132521801758,0.8142138309047251,-0.33468835246990947,-0.888911657267599,0.0
899,-0.8213785408951538,-0.637947052197572,-0.3011092911883871,1.998045236256229,1.5099210359698805,2.093537054467624,0.7499382051220984,0.12924467340971743,0.7374479966147619,-0.5193132521801758,0.8142138309047251,-0.33468835246990947,-0.888911657267599,0.0
900,0.5181453592717501,-0.7222833601097661,-0.3011092911883871,1.5444349664034636,1.5099210359698805,2.093537054467624,1.2233096039621745,0.961082689304088,1.1214085237778197,-0.8861244238365482,0.8142138309047251,2.9878542011404647,1.1249711845087873,0.0
901,-0.7876572643510487,-0.637947052197572,-0.3011092911883871,1.998045236256229,1.5099210359698805,2.093537054467624,0.7499382051220984,0.12924467340971743,0.7374479966147619,0.21430909113256916,0.8142138309047251,-0.33468835246990947,-0.888911657267599,0.0
902,0.8051349468811564,-1.146156952292013,-0.3011092911883871,1.090824696550698,0.35921508517025375,0.15640179378807706,0.7499382051220984,0.5451636813569027,0.7374479966147619,2.0483649494144314,0.8142138309047251,2.9878542011404647,-0.888911657267599,0.0
903,-0.30694970510529307,-1.1703071992896323,-0.3011092911883871,0.6372144266979326,0.35921508517025375,0.15640179378807706,0.7499382051220984,0.5451636813569027,0.9294282601962908,0.21430909113256916,0.8142138309047251,-0.33468835246990947,-0.888911657267599,0.0
904,-0.8028677124943472,-0.637947052197572,-0.3011092911883871,1.998045236256229,1.5099210359698805,2.093537054467624,0.7499382051220984,0.12924467340971743,0.7374479966147619,-0.15250208052380332,0.8142138309047251,-0.33468835246990947,-0.888911657267599,0.0
905,0.08766097785764063,-0.3635130540549814,-0.3011092911883871,0.18360415684516715,-0.40792221536283074,0.15640179378807706,-0.6701759913981298,-0.2866743345374679,-0.030473057711353863,0.21430909113256916,0.8142138309047251,-0.33468835246990947,-0.888911657267599,0.0
906,-0.486318197361172,-0.6188809656603074,-0.3011092911883871,-0.7236163828603639,-0.40792221536283074,0.6406856089579638,0.27656680628202235,-0.2866743345374679,0.16150720587017506,-0.5193132521801758,0.8142138309047251,2.9878542011404647,-0.888911657267599,0.0
907,0.23115577166234377,-1.1703071992896323,-0.2501097028348995,0.6372144266979326,0.35921508517025375,0.15640179378807706,0.7499382051220984,0.5451636813569027,0.9294282601962908,3.1487984643835487,0.8142138309047251,-0.33468835246990947,-0.888911657267599,0.0
908,-0.41457080045882044,-0.6188809656603074,-0.2501097028348995,-0.7236163828603639,-0.40792221536283074,0.6406856089579638,0.27656680628202235,-0.2866743345374679,0.16150720587017506,0.21430909113256916,0.8142138309047251,2.9878542011404647,-0.888911657267599,0.0
909,-0.2495517875834118,-0.7222833601097661,-0.2501097028348995,1.5444349664034636,1.5099210359698805,2.093537054467624,1.2233096039621745,0.961082689304088,1.1214085237778197,-1.619746767149293,0.8142138309047251,2.9878542011404647,1.1249711845087873,0.0
910,1.3938653869030926,-0.405631331168321,-0.2501097028348995,0.6372144266979326,1.1263523857033382,0.6406856089579638,-0.19680459255805374,0.12924467340971743,0.353487469451704,1.3147426061016865,0.8142138309047251,-0.33468835246990947,-0.888911657267599,0.0
911,0.2670294701135196,-1.1703071992896323,-0.2501097028348995,0.6372144266979326,0.35921508517025375,0.15640179378807706,0.7499382051220984,0.5451636813569027,0.9294282601962908,2.415176121070804,0.8142138309047251,-0.33468835246990947,-0.888911657267599,0.0
912,0.5037958798912798,-0.9579011516250073,-0.2501097028348995,1.5444349664034636,1.1263523857033382,0.6406856089579638,0.7499382051220984,0.5451636813569027,0.7374479966147619,-0.15250208052380332,0.8142138309047251,-0.33468835246990947,-0.888911657267599,0.0
913,0.2132189224367559,-1.1703071992896323,-0.2501097028348995,0.6372144266979326,0.35921508517025375,0.15640179378807706,0.7499382051220984,0.5451636813569027,0.9294282601962908,1.681553777758059,0.8142138309047251,-0.33468835246990947,-0.888911657267599,0.0
914,-0.803441691669566,-0.637947052197572,-0.2501097028348995,1.998045236256229,1.5099210359698805,2.093537054467624,0.7499382051220984,0.12924467340971743,0.7374479966147619,0.21430909113256916,0.8142138309047251,-0.33468835246990947,-0.888911657267599,0.0
915,-0.7747427329086254,-0.637947052197572,-0.2501097028348995,1.998045236256229,1.5099210359698805,2.093537054467624,0.7499382051220984,0.12924467340971743,0.7374479966147619,0.21430909113256916,0.8142138309047251,-0.33468835246990947,-0.888911657267599,0.0
916,-0.7230846071389322,-1.1703071992896323,-0.2501097028348995,0.6372144266979326,0.35921508517025375,0.15640179378807706,0.7499382051220984,0.5451636813569027,0.9294282601962908,1.3147426061016865,0.8142138309047251,-0.33468835246990947,-0.888911657267599,0.0
917,-0.2710760066541173,-0.405631331168321,-0.2501097028348995,0.6372144266979326,1.1263523857033382,0.6406856089579638,-0.19680459255805374,0.12924467340971743,0.353487469451704,-0.5193132521801758,0.8142138309047251,-0.33468835246990947,-0.888911657267599,0.0
918,-0.17780439068106021,-0.405631331168321,-0.2501097028348995,0.6372144266979326,1.1263523857033382,0.6406856089579638,-0.19680459255805374,0.12924467340971743,0.353487469451704,-0.5193132521801758,0.8142138309047251,-0.33468835246990947,-0.888911657267599,0.0
919,-0.5365413751928181,-0.9579011516250073,-0.2501097028348995,1.5444349664034636,1.1263523857033382,0.6406856089579638,0.7499382051220984,0.5451636813569027,0.7374479966147619,-0.5193132521801758,0.8142138309047251,-0.33468835246990947,-0.888911657267599,0.0
920,-0.009198007960534008,-1.1703071992896323,-0.2501097028348995,0.6372144266979326,0.35921508517025375,0.15640179378807706,0.7499382051220984,0.5451636813569027,0.9294282601962908,-0.5193132521801758,0.8142138309047251,-0.33468835246990947,-0.888911657267599,0.0
921,1.2628833391181595,-1.146156952292013,-0.2501097028348995,1.090824696550698,0.35921508517025375,0.15640179378807706,0.7499382051220984,0.5451636813569027,0.7374479966147619,-0.5193132521801758,0.8142138309047251,2.9878542011404647,-0.888911657267599,0.0
922,0.3272972835114949,-1.1703071992896323,-0.2501097028348995,0.6372144266979326,0.35921508517025375,0.15640179378807706,0.7499382051220984,0.5451636813569027,0.9294282601962908,2.7819872927271763,0.8142138309047251,-0.33468835246990947,-0.888911657267599,0.0
923,0.30290316856469535,-1.1703071992896323,-0.2501097028348995,0.6372144266979326,0.35921508517025375,0.15640179378807706,0.7499382051220984,0.5451636813569027,0.9294282601962908,2.7819872927271763,0.8142138309047251,-0.33468835246990947,-0.888911657267599,0.0
924,-0.4217455401490556,-0.6188809656603074,-0.2501097028348995,-0.7236163828603639,-0.40792221536283074,0.6406856089579638,0.27656680628202235,-0.2866743345374679,0.16150720587017506,0.21430909113256916,0.8142138309047251,2.9878542011404647,-0.888911657267599,0.0
925,-0.39304658138811494,-0.6188809656603074,-0.2501097028348995,-0.7236163828603639,-0.40792221536283074,0.6406856089579638,0.27656680628202235,-0.2866743345374679,0.16150720587017506,1.681553777758059,0.8142138309047251,2.9878542011404647,-0.888911657267599,0.0
926,11.352002291526839,-0.3635130540549814,-0.19911011448141197,0.18360415684516715,-0.40792221536283074,0.15640179378807706,-0.6701759913981298,-0.2866743345374679,-0.030473057711353863,0.5811202627889416,0.8142138309047251,-0.33468835246990947,-0.888911657267599,0.0
927,0.8051349468811564,-0.3635130540549814,-0.19911011448141197,0.18360415684516715,-0.40792221536283074,0.15640179378807706,-0.6701759913981298,-0.2866743345374679,-0.030473057711353863,0.21430909113256916,0.8142138309047251,-0.33468835246990947,-0.888911657267599,0.0
928,-0.3865893156669033,-1.1703071992896323,-0.19911011448141197,0.6372144266979326,0.35921508517025375,0.15640179378807706,0.7499382051220984,0.5451636813569027,0.9294282601962908,2.0483649494144314,0.8142138309047251,-0.33468835246990947,-0.888911657267599,0.0
929,-0.8823638282621528,-0.405631331168321,-0.19911011448141197,0.6372144266979326,1.1263523857033382,0.6406856089579638,-0.19680459255805374,0.12924467340971743,0.353487469451704,-0.5193132521801758,0.8142138309047251,-0.33468835246990947,-0.888911657267599,0.0
930,1.1279982329417386,-0.6188809656603074,-0.19911011448141197,-0.7236163828603639,-0.40792221536283074,0.6406856089579638,0.27656680628202235,-0.2866743345374679,0.16150720587017506,-0.8861244238365482,0.8142138309047251,2.9878542011404647,-0.888911657267599,0.0
931,0.4463979623693985,-0.6188809656603074,-0.19911011448141197,-0.7236163828603639,-0.40792221536283074,0.6406856089579638,0.27656680628202235,-0.2866743345374679,0.16150720587017506,1.681553777758059,0.8142138309047251,2.9878542011404647,-0.888911657267599,0.0
932,0.10201045723811093,-0.6188809656603074,-0.19911011448141197,-0.7236163828603639,-0.40792221536283074,0.6406856089579638,0.27656680628202235,-0.2866743345374679,0.16150720587017506,0.5811202627889416,0.8142138309047251,2.9878542011404647,-0.888911657267599,0.0
933,-0.5150171561221126,-1.2611749835376354,-0.19911011448141197,1.5444349664034636,1.5099210359698805,1.6092532392977372,0.7499382051220984,0.5451636813569027,1.1214085237778197,0.5811202627889416,0.8142138309047251,-0.33468835246990947,-0.888911657267599,0.0
934,-0.7015603880682267,-1.1703071992896323,-0.19911011448141197,0.6372144266979326,0.35921508517025375,0.15640179378807706,0.7499382051220984,0.5451636813569027,0.9294282601962908,0.5811202627889416,0.8142138309047251,-0.33468835246990947,-0.888911657267599,0.0
935,0.5755432767936314,-1.146156952292013,-0.19911011448141197,1.090824696550698,0.35921508517025375,0.15640179378807706,0.7499382051220984,0.5451636813569027,0.7374479966147619,-0.5193132521801758,0.8142138309047251,2.9878542011404647,-0.888911657267599,0.0
936,0.195282073211168,-0.6188809656603074,-0.19911011448141197,-0.7236163828603639,-0.40792221536283074,0.6406856089579638,0.27656680628202235,-0.2866743345374679,0.16150720587017506,0.21430909113256916,0.8142138309047251,2.9878542011404647,-0.888911657267599,0.0
937,-0.7876572643510487,0.13675088662421503,-0.19911011448141197,0.6372144266979326,1.893489686236423,0.6406856089579638,1.6966810028022505,1.7929207051984586,1.1214085237778197,-0.5193132521801758,0.8142138309047251,-0.33468835246990947,1.1249711845087873,0.0
938,-0.35717288293693916,-1.1703071992896323,-0.19911011448141197,0.6372144266979326,0.35921508517025375,0.15640179378807706,0.7499382051220984,0.5451636813569027,0.9294282601962908,1.681553777758059,0.8142138309047251,-0.33468835246990947,-0.888911657267599,0.0
939,0.1364492077512397,-1.1703071992896323,-0.19911011448141197,0.6372144266979326,0.35921508517025375,0.15640179378807706,0.7499382051220984,0.5451636813569027,0.9294282601962908,-0.8861244238365482,0.8142138309047251,-0.33468835246990947,-0.888911657267599,0.0
940,0.3477237674095944,-0.9579011516250073,-0.19911011448141197,1.5444349664034636,1.1263523857033382,0.6406856089579638,0.7499382051220984,0.5451636813569027,0.7374479966147619,-0.8861244238365482,0.8142138309047251,-0.33468835246990947,-0.888911657267599,0.0
941,-0.1993286097517657,-0.9579011516250073,-0.19911011448141197,1.5444349664034636,1.1263523857033382,0.6406856089579638,0.7499382051220984,0.5451636813569027,0.7374479966147619,-0.8861244238365482,0.8142138309047251,-0.33468835246990947,-0.888911657267599,0.0
942,0.5253200989619853,-0.9579011516250073,-0.19911011448141197,1.5444349664034636,1.1263523857033382,0.6406856089579638,0.7499382051220984,0.5451636813569027,0.7374479966147619,0.947931434445314,0.8142138309047251,-0.33468835246990947,-0.888911657267599,0.0
943,-0.36434762262717435,-0.6188809656603074,-0.19911011448141197,-0.7236163828603639,-0.40792221536283074,0.6406856089579638,0.27656680628202235,-0.2866743345374679,0.16150720587017506,0.947931434445314,0.8142138309047251,2.9878542011404647,-0.888911657267599,0.0
944,0.007303893327006854,-1.1703071992896323,-0.19911011448141197,0.6372144266979326,0.35921508517025375,0.15640179378807706,0.7499382051220984,0.5451636813569027,0.9294282601962908,1.681553777758059,0.8142138309047251,-0.33468835246990947,-0.888911657267599,0.0
945,0.05752707115865296,-0.6188809656603074,-0.1481105261279244,-0.7236163828603639,-0.40792221536283074,0.6406856089579638,0.27656680628202235,-0.2866743345374679,0.16150720587017506,0.21430909113256916,0.8142138309047251,2.9878542011404647,-0.888911657267599,0.0
946,0.1514358040162029,-0.6188809656603074,-0.1481105261279244,-0.7236163828603639,-0.40792221536283074,0.6406856089579638,0.27656680628202235,-0.2866743345374679,0.16150720587017506,-0.8861244238365482,0.8142138309047251,2.9878542011404647,-0.888911657267599,0.0
947,-0.07018329532753285,-0.7222833601097661,-0.1481105261279244,1.5444349664034636,1.5099210359698805,2.093537054467624,1.2233096039621745,0.961082689304088,1.1214085237778197,-1.619746767149293,0.8142138309047251,2.9878542011404647,1.1249711845087873,0.0
948,0.8697076040932729,-0.405631331168321,-0.1481105261279244,0.6372144266979326,1.1263523857033382,0.6406856089579638,-0.19680459255805374,0.12924467340971743,0.353487469451704,1.3147426061016865,0.8142138309047251,-0.33468835246990947,-0.888911657267599,0.0
949,-0.4576192386002314,-0.3635130540549814,-0.1481105261279244,0.18360415684516715,-0.40792221536283074,0.15640179378807706,-0.6701759913981298,-0.2866743345374679,-0.030473057711353863,-0.15250208052380332,0.8142138309047251,-0.33468835246990947,-0.888911657267599,0.0
950,-0.6298129911658752,-1.1703071992896323,-0.1481105261279244,0.6372144266979326,0.35921508517025375,0.15640179378807706,0.7499382051220984,0.5451636813569027,0.9294282601962908,-1.2529355954929207,0.8142138309047251,-0.33468835246990947,-0.888911657267599,0.0
951,-0.39304658138811494,-1.1703071992896323,-0.1481105261279244,0.6372144266979326,0.35921508517025375,0.15640179378807706,0.7499382051220984,0.5451636813569027,0.9294282601962908,-0.15250208052380332,0.8142138309047251,-0.33468835246990947,-0.888911657267599,0.0
952,2.024840694221133,-1.146156952292013,-0.09711093777443686,1.090824696550698,0.35921508517025375,0.15640179378807706,0.7499382051220984,0.5451636813569027,0.7374479966147619,-0.5193132521801758,0.8142138309047251,2.9878542011404647,-0.888911657267599,0.0
953,0.10918519692834609,-0.7222833601097661,-0.09711093777443686,1.5444349664034636,1.5099210359698805,2.093537054467624,1.2233096039621745,0.961082689304088,1.1214085237778197,-0.8861244238365482,0.8142138309047251,2.9878542011404647,1.1249711845087873,0.0
954,-0.2710760066541173,-1.2611749835376354,-0.09711093777443686,1.5444349664034636,1.5099210359698805,1.6092532392977372,0.7499382051220984,0.5451636813569027,1.1214085237778197,-1.2529355954929207,0.8142138309047251,-0.33468835246990947,-0.888911657267599,0.0
955,-0.5939392927146994,-0.9579011516250073,-0.09711093777443686,1.5444349664034636,1.1263523857033382,0.6406856089579638,0.7499382051220984,0.5451636813569027,0.7374479966147619,-0.8861244238365482,0.8142138309047251,-0.33468835246990947,-0.888911657267599,0.0
956,1.299394154453828,-1.1703071992896323,-0.09711093777443686,0.6372144266979326,0.35921508517025375,0.15640179378807706,0.7499382051220984,0.5451636813569027,0.9294282601962908,2.7819872927271763,0.8142138309047251,-0.33468835246990947,-0.888911657267599,0.0
957,0.9486297406858596,-1.1703071992896323,-0.09711093777443686,0.6372144266979326,0.35921508517025375,0.15640179378807706,0.7499382051220984,0.5451636813569027,0.9294282601962908,3.1487984643835487,0.8142138309047251,-0.33468835246990947,-0.888911657267599,0.0
958,0.4463979623693985,-0.9579011516250073,-0.09711093777443686,1.5444349664034636,1.1263523857033382,0.6406856089579638,0.7499382051220984,0.5451636813569027,0.7374479966147619,-0.15250208052380332,0.8142138309047251,-0.33468835246990947,-0.888911657267599,0.0
959,-0.4002213210783501,-0.9579011516250073,-0.09711093777443686,1.5444349664034636,1.1263523857033382,0.6406856089579638,0.7499382051220984,0.5451636813569027,0.7374479966147619,0.5811202627889416,0.8142138309047251,-0.33468835246990947,-0.888911657267599,0.0
960,1.3504151633390284,-0.9579011516250073,-0.09711093777443686,1.5444349664034636,1.1263523857033382,0.6406856089579638,0.7499382051220984,0.5451636813569027,0.7374479966147619,1.681553777758059,0.8142138309047251,-0.33468835246990947,-0.888911657267599,0.0
961,-0.7388690344574496,-0.9579011516250073,-0.09711093777443686,1.5444349664034636,1.1263523857033382,0.6406856089579638,0.7499382051220984,0.5451636813569027,0.7374479966147619,-0.5193132521801758,0.8142138309047251,-0.33468835246990947,-0.888911657267599,0.0
962,-0.6082887720951697,-1.1703071992896323,-0.09711093777443686,0.6372144266979326,0.35921508517025375,0.15640179378807706,0.7499382051220984,0.5451636813569027,0.9294282601962908,2.0483649494144314,0.8142138309047251,-0.33468835246990947,-0.888911657267599,0.0
963,-0.3786971020076446,-1.1703071992896323,-0.09711093777443686,0.6372144266979326,0.35921508517025375,0.15640179378807706,0.7499382051220984,0.5451636813569027,0.9294282601962908,0.21430909113256916,0.8142138309047251,-0.33468835246990947,-0.888911657267599,0.0
964,-0.34282340355646884,-0.9579011516250073,-0.09711093777443686,1.5444349664034636,1.1263523857033382,0.6406856089579638,0.7499382051220984,0.5451636813569027,0.7374479966147619,0.947931434445314,0.8142138309047251,-0.33468835246990947,-0.888911657267599,0.0
965,-0.8665794009436354,-0.637947052197572,-0.09711093777443686,1.998045236256229,1.5099210359698805,2.093537054467624,0.7499382051220984,0.12924467340971743,0.7374479966147619,-0.8861244238365482,0.8142138309047251,-0.33468835246990947,-0.888911657267599,0.0
966,-0.5437161148830533,-0.6188809656603074,-0.09711093777443686,-0.7236163828603639,-0.40792221536283074,0.6406856089579638,0.27656680628202235,-0.2866743345374679,0.16150720587017506,0.21430909113256916,0.8142138309047251,2.9878542011404647,-0.888911657267599,0.0
967,-0.8307057024924596,0.13675088662421503,-0.09711093777443686,0.6372144266979326,1.893489686236423,0.6406856089579638,1.6966810028022505,1.7929207051984586,1.1214085237778197,-0.8861244238365482,0.8142138309047251,-0.33468835246990947,1.1249711845087873,0.0
968,-0.8091814834217541,-0.637947052197572,-0.0461113494209493,1.998045236256229,1.5099210359698805,2.093537054467624,0.7499382051220984,0.12924467340971743,0.7374479966147619,-0.8861244238365482,0.8142138309047251,-0.33468835246990947,-0.888911657267599,0.0
969,0.05178727940646483,-1.1703071992896323,-0.0461113494209493,0.6372144266979326,0.35921508517025375,0.15640179378807706,0.7499382051220984,0.5451636813569027,0.9294282601962908,-0.8861244238365482,0.8142138309047251,-0.33468835246990947,-0.888911657267599,0.0
970,-0.8055941135766366,-0.637947052197572,-0.0461113494209493,1.998045236256229,1.5099210359698805,2.093537054467624,0.7499382051220984,0.12924467340971743,0.7374479966147619,-0.15250208052380332,0.8142138309047251,-0.33468835246990947,-0.888911657267599,0.0
971,0.30290316856469535,-0.405631331168321,-0.0461113494209493,0.6372144266979326,1.1263523857033382,0.6406856089579638,-0.19680459255805374,0.12924467340971743,0.353487469451704,0.947931434445314,0.8142138309047251,-0.33468835246990947,-0.888911657267599,0.0
972,-0.3284739241759985,-0.6188809656603074,-0.0461113494209493,-0.7236163828603639,-0.40792221536283074,0.6406856089579638,0.27656680628202235,-0.2866743345374679,0.16150720587017506,1.681553777758059,0.8142138309047251,2.9878542011404647,-0.888911657267599,0.0
973,2.024840694221133,-1.1703071992896323,-0.0461113494209493,0.6372144266979326,0.35921508517025375,0.15640179378807706,0.7499382051220984,0.5451636813569027,0.9294282601962908,2.415176121070804,0.8142138309047251,-0.33468835246990947,-0.888911657267599,0.0
974,0.2670294701135196,-1.1703071992896323,-0.0461113494209493,0.6372144266979326,0.35921508517025375,0.15640179378807706,0.7499382051220984,0.5451636813569027,0.9294282601962908,2.0483649494144314,0.8142138309047251,-0.33468835246990947,-0.888911657267599,0.0
975,-0.7302593468291674,-1.1703071992896323,-0.0461113494209493,0.6372144266979326,0.35921508517025375,0.15640179378807706,0.7499382051220984,0.5451636813569027,0.9294282601962908,-0.15250208052380332,0.8142138309047251,-0.33468835246990947,-0.888911657267599,0.0
976,-0.40165626901639717,-1.1703071992896323,-0.0461113494209493,0.6372144266979326,0.35921508517025375,0.15640179378807706,0.7499382051220984,0.5451636813569027,0.9294282601962908,0.947931434445314,0.8142138309047251,-0.33468835246990947,-0.888911657267599,0.0
977,1.6661037097093754,-1.1703071992896323,-0.0461113494209493,0.6372144266979326,0.35921508517025375,0.15640179378807706,0.7499382051220984,0.5451636813569027,0.9294282601962908,1.681553777758059,0.8142138309047251,-0.33468835246990947,-0.888911657267599,0.0
978,-0.4504444989099962,-0.637947052197572,-0.0461113494209493,1.998045236256229,1.5099210359698805,2.093537054467624,0.7499382051220984,0.12924467340971743,0.7374479966147619,-0.8861244238365482,0.8142138309047251,-0.33468835246990947,-0.888911657267599,0.0
979,0.42846111314381063,-0.6188809656603074,-0.0461113494209493,-0.7236163828603639,-0.40792221536283074,0.6406856089579638,0.27656680628202235,-0.2866743345374679,0.16150720587017506,-0.5193132521801758,0.8142138309047251,2.9878542011404647,-0.888911657267599,0.0
980,-0.4002213210783501,-1.1703071992896323,0.004888238932538258,0.6372144266979326,0.35921508517025375,0.15640179378807706,0.7499382051220984,0.5451636813569027,0.9294282601962908,1.3147426061016865,0.8142138309047251,-0.33468835246990947,-0.888911657267599,0.0
981,0.4822716608205743,-0.9579011516250073,0.004888238932538258,1.5444349664034636,1.1263523857033382,0.6406856089579638,0.7499382051220984,0.5451636813569027,0.7374479966147619,1.3147426061016865,0.8142138309047251,-0.33468835246990947,-0.888911657267599,0.0
982,-0.7948320040412838,-0.637947052197572,0.004888238932538258,1.998045236256229,1.5099210359698805,2.093537054467624,0.7499382051220984,0.12924467340971743,0.7374479966147619,-0.5193132521801758,0.8142138309047251,-0.33468835246990947,-0.888911657267599,0.0
983,-0.8055941135766366,-0.637947052197572,0.004888238932538258,1.998045236256229,1.5099210359698805,2.093537054467624,0.7499382051220984,0.12924467340971743,0.7374479966147619,0.21430909113256916,0.8142138309047251,-0.33468835246990947,-0.888911657267599,0.0
984,-0.758958305590108,-0.9579011516250073,0.004888238932538258,1.5444349664034636,1.1263523857033382,0.6406856089579638,0.7499382051220984,0.5451636813569027,0.7374479966147619,-0.5193132521801758,0.8142138309047251,-0.33468835246990947,-0.888911657267599,0.0
985,0.5037958798912798,-0.9579011516250073,0.004888238932538258,1.5444349664034636,1.1263523857033382,0.6406856089579638,0.7499382051220984,0.5451636813569027,0.7374479966147619,0.947931434445314,0.8142138309047251,-0.33468835246990947,-0.888911657267599,0.0
986,-0.6585119499268158,-1.1703071992896323,0.004888238932538258,0.6372144266979326,0.35921508517025375,0.15640179378807706,0.7499382051220984,0.5451636813569027,0.9294282601962908,2.7819872927271763,0.8142138309047251,-0.33468835246990947,-0.888911657267599,0.0
987,-0.667121637555098,-1.1703071992896323,0.004888238932538258,0.6372144266979326,0.35921508517025375,0.15640179378807706,0.7499382051220984,0.5451636813569027,0.9294282601962908,-0.5193132521801758,0.8142138309047251,-0.33468835246990947,-0.888911657267599,0.0
988,-0.5042550465867599,-0.3635130540549814,0.004888238932538258,0.18360415684516715,-0.40792221536283074,0.15640179378807706,-0.6701759913981298,-0.2866743345374679,-0.030473057711353863,0.21430909113256916,0.8142138309047251,-0.33468835246990947,-0.888911657267599,0.0
989,-0.6742963772453332,-1.1703071992896323,0.004888238932538258,0.6372144266979326,0.35921508517025375,0.15640179378807706,0.7499382051220984,0.5451636813569027,0.9294282601962908,-0.5193132521801758,0.8142138309047251,-0.33468835246990947,-0.888911657267599,0.0
990,0.1594083747599922,-1.1703071992896323,0.004888238932538258,0.6372144266979326,0.35921508517025375,0.15640179378807706,0.7499382051220984,0.5451636813569027,0.9294282601962908,-0.5193132521801758,0.8142138309047251,-0.33468835246990947,-0.888911657267599,0.0
991,1.5226089159046723,-1.1703071992896323,0.004888238932538258,0.6372144266979326,0.35921508517025375,0.15640179378807706,0.7499382051220984,0.5451636813569027,0.9294282601962908,2.0483649494144314,0.8142138309047251,-0.33468835246990947,-0.888911657267599,0.0
992,-0.6606643718338864,-1.1703071992896323,0.004888238932538258,0.6372144266979326,0.35921508517025375,0.15640179378807706,0.7499382051220984,0.5451636813569027,0.9294282601962908,-0.5193132521801758,0.8142138309047251,-0.33468835246990947,-0.888911657267599,0.0
993,0.7821757798724039,-1.1703071992896323,0.004888238932538258,0.6372144266979326,0.35921508517025375,0.15640179378807706,0.7499382051220984,0.5451636813569027,0.9294282601962908,-0.8861244238365482,0.8142138309047251,-0.33468835246990947,-0.888911657267599,0.0
994,-0.7087351277584619,-1.1703071992896323,0.004888238932538258,0.6372144266979326,0.35921508517025375,0.15640179378807706,0.7499382051220984,0.5451636813569027,0.9294282601962908,2.0483649494144314,0.8142138309047251,-0.33468835246990947,-0.888911657267599,0.0
995,-1.1535689885530418,0.13675088662421503,0.004888238932538258,0.6372144266979326,1.893489686236423,0.6406856089579638,1.6966810028022505,1.7929207051984586,1.1214085237778197,-1.2529355954929207,0.8142138309047251,-0.33468835246990947,1.1249711845087873,0.0
996,-0.2495517875834118,-0.9579011516250073,0.004888238932538258,1.5444349664034636,1.1263523857033382,0.6406856089579638,0.7499382051220984,0.5451636813569027,0.7374479966147619,-0.8861244238365482,0.8142138309047251,-0.33468835246990947,-0.888911657267599,0.0
997,-0.34999814324670403,-0.3635130540549814,0.004888238932538258,0.18360415684516715,-0.40792221536283074,0.15640179378807706,-0.6701759913981298,-0.2866743345374679,-0.030473057711353863,-0.5193132521801758,0.8142138309047251,-0.33468835246990947,-0.888911657267599,0.0
998,0.2670294701135196,-0.9579011516250073,0.055887827286025815,1.5444349664034636,1.1263523857033382,0.6406856089579638,0.7499382051220984,0.5451636813569027,0.7374479966147619,-0.8861244238365482,0.8142138309047251,-0.33468835246990947,-0.888911657267599,0.0
999,-0.8091814834217541,-0.637947052197572,0.055887827286025815,1.998045236256229,1.5099210359698805,2.093537054467624,0.7499382051220984,0.12924467340971743,0.7374479966147619,-0.5193132521801758,0.8142138309047251,-0.33468835246990947,-0.888911657267599,0.0
1000,-0.43752996746757294,-0.637947052197572,0.055887827286025815,1.998045236256229,1.5099210359698805,2.093537054467624,0.7499382051220984,0.12924467340971743,0.7374479966147619,-0.5193132521801758,0.8142138309047251,-0.33468835246990947,-0.888911657267599,0.0
1001,-0.21367808913223602,-0.9579011516250073,0.055887827286025815,1.5444349664034636,1.1263523857033382,0.6406856089579638,0.7499382051220984,0.5451636813569027,0.7374479966147619,-0.15250208052380332,0.8142138309047251,-0.33468835246990947,-0.888911657267599,0.0
1002,-0.5795898133342291,-0.405631331168321,0.055887827286025815,0.6372144266979326,1.1263523857033382,0.6406856089579638,-0.19680459255805374,0.12924467340971743,0.353487469451704,1.681553777758059,0.8142138309047251,-0.33468835246990947,-0.888911657267599,0.0
1003,3.388041235365813,-0.6188809656603074,0.055887827286025815,-0.7236163828603639,-0.40792221536283074,0.6406856089579638,0.27656680628202235,-0.2866743345374679,0.16150720587017506,0.21430909113256916,0.8142138309047251,2.9878542011404647,-0.888911657267599,0.0
1004,-0.7230846071389322,-1.1703071992896323,0.055887827286025815,0.6372144266979326,0.35921508517025375,0.15640179378807706,0.7499382051220984,0.5451636813569027,0.9294282601962908,2.0483649494144314,0.8142138309047251,-0.33468835246990947,-0.888911657267599,0.0
1005,-0.7015603880682267,-1.1703071992896323,0.055887827286025815,0.6372144266979326,0.35921508517025375,0.15640179378807706,0.7499382051220984,0.5451636813569027,0.9294282601962908,-1.619746767149293,0.8142138309047251,-0.33468835246990947,-0.888911657267599,0.0
1006,0.06613675878693515,-1.1703071992896323,0.055887827286025815,0.6372144266979326,0.35921508517025375,0.15640179378807706,0.7499382051220984,0.5451636813569027,0.9294282601962908,1.681553777758059,0.8142138309047251,-0.33468835246990947,-0.888911657267599,0.0
1007,-0.28542548603458756,-1.1703071992896323,0.055887827286025815,0.6372144266979326,0.35921508517025375,0.15640179378807706,0.7499382051220984,0.5451636813569027,0.9294282601962908,1.3147426061016865,0.8142138309047251,-0.33468835246990947,-0.888911657267599,0.0
1008,-0.055833815947062534,-0.7222833601097661,0.055887827286025815,1.5444349664034636,1.5099210359698805,2.093537054467624,1.2233096039621745,0.961082689304088,1.1214085237778197,-1.2529355954929207,0.8142138309047251,2.9878542011404647,1.1249711845087873,0.0
1009,0.13070941599905156,-0.6188809656603074,0.055887827286025815,-0.7236163828603639,-0.40792221536283074,0.6406856089579638,0.27656680628202235,-0.2866743345374679,0.16150720587017506,0.21430909113256916,0.8142138309047251,2.9878542011404647,-0.888911657267599,0.0
1010,0.697513851527629,-1.146156952292013,0.10688741563951337,1.090824696550698,0.35921508517025375,0.15640179378807706,0.7499382051220984,0.5451636813569027,0.7374479966147619,0.947931434445314,0.8142138309047251,2.9878542011404647,-0.888911657267599,0.0
1011,0.005151471419936307,-1.1703071992896323,0.10688741563951337,0.6372144266979326,0.35921508517025375,0.15640179378807706,0.7499382051220984,0.5451636813569027,0.9294282601962908,-1.2529355954929207,0.8142138309047251,-0.33468835246990947,-0.888911657267599,0.0
1012,-0.4002213210783501,-0.637947052197572,0.10688741563951337,1.998045236256229,1.5099210359698805,2.093537054467624,0.7499382051220984,0.12924467340971743,0.7374479966147619,0.21430909113256916,0.8142138309047251,-0.33468835246990947,-0.888911657267599,0.0
1013,-0.7517835658998728,-0.637947052197572,0.10688741563951337,1.998045236256229,1.5099210359698805,2.093537054467624,0.7499382051220984,0.12924467340971743,0.7374479966147619,-0.5193132521801758,0.8142138309047251,-0.33468835246990947,-0.888911657267599,0.0
1014,-0.7123224976035795,-1.1703071992896323,0.10688741563951337,0.6372144266979326,0.35921508517025375,0.15640179378807706,0.7499382051220984,0.5451636813569027,0.9294282601962908,1.3147426061016865,0.8142138309047251,-0.33468835246990947,-0.888911657267599,0.0
1015,-0.20650334944200086,-0.9579011516250073,0.10688741563951337,1.5444349664034636,1.1263523857033382,0.6406856089579638,0.7499382051220984,0.5451636813569027,0.7374479966147619,0.21430909113256916,0.8142138309047251,-0.33468835246990947,-0.888911657267599,0.0
1016,1.5226089159046723,-1.1703071992896323,0.10688741563951337,0.6372144266979326,0.35921508517025375,0.15640179378807706,0.7499382051220984,0.5451636813569027,0.9294282601962908,2.0483649494144314,0.8142138309047251,-0.33468835246990947,-0.888911657267599,0.0
1017,-0.3284739241759985,-1.1703071992896323,0.10688741563951337,0.6372144266979326,0.35921508517025375,0.15640179378807706,0.7499382051220984,0.5451636813569027,0.9294282601962908,0.5811202627889416,0.8142138309047251,-0.33468835246990947,-0.888911657267599,0.0
1018,0.3603010860865766,-0.405631331168321,0.10688741563951337,0.6372144266979326,1.1263523857033382,0.6406856089579638,-0.19680459255805374,0.12924467340971743,0.353487469451704,0.947931434445314,0.8142138309047251,-0.33468835246990947,-0.888911657267599,0.0
1019,-0.5221918958123478,-1.2611749835376354,0.10688741563951337,1.5444349664034636,1.5099210359698805,1.6092532392977372,0.7499382051220984,0.5451636813569027,1.1214085237778197,-0.15250208052380332,0.8142138309047251,-0.33468835246990947,-0.888911657267599,0.0
1020,-0.41457080045882044,-1.1703071992896323,0.15788700399300093,0.6372144266979326,0.35921508517025375,0.15640179378807706,0.7499382051220984,0.5451636813569027,0.9294282601962908,0.947931434445314,0.8142138309047251,-0.33468835246990947,-0.888911657267599,0.0
1021,-0.6764487991524037,-1.1703071992896323,0.15788700399300093,0.6372144266979326,0.35921508517025375,0.15640179378807706,0.7499382051220984,0.5451636813569027,0.9294282601962908,0.21430909113256916,0.8142138309047251,-0.33468835246990947,-0.888911657267599,0.0
1022,0.08766097785764063,-0.405631331168321,0.15788700399300093,0.6372144266979326,1.1263523857033382,0.6406856089579638,-0.19680459255805374,0.12924467340971743,0.353487469451704,1.681553777758059,0.8142138309047251,-0.33468835246990947,-0.888911657267599,0.0
1023,-0.7230846071389322,-1.1703071992896323,0.15788700399300093,0.6372144266979326,0.35921508517025375,0.15640179378807706,0.7499382051220984,0.5451636813569027,0.9294282601962908,0.947931434445314,0.8142138309047251,-0.33468835246990947,-0.888911657267599,0.0
1024,2.8140620601470006,-0.6188809656603074,0.2088865923464885,-0.7236163828603639,-0.40792221536283074,0.6406856089579638,0.27656680628202235,-0.2866743345374679,0.16150720587017506,-0.15250208052380332,0.8142138309047251,2.9878542011404647,-0.888911657267599,0.0
1025,-0.5795898133342291,-1.1703071992896323,0.2088865923464885,0.6372144266979326,0.35921508517025375,0.15640179378807706,0.7499382051220984,0.5451636813569027,0.9294282601962908,1.3147426061016865,0.8142138309047251,-0.33468835246990947,-0.888911657267599,0.0
1026,-0.29260022572482275,-0.6188809656603074,0.2088865923464885,-0.7236163828603639,-0.40792221536283074,0.6406856089579638,0.27656680628202235,-0.2866743345374679,0.16150720587017506,1.681553777758059,0.8142138309047251,2.9878542011404647,-0.888911657267599,0.0
1027,0.6616401530764533,-1.1703071992896323,0.2088865923464885,0.6372144266979326,0.35921508517025375,0.15640179378807706,0.7499382051220984,0.5451636813569027,0.9294282601962908,-0.5193132521801758,0.8142138309047251,-0.33468835246990947,-0.888911657267599,0.0
1028,0.32155749175930676,-0.3635130540549814,0.2088865923464885,0.18360415684516715,-0.40792221536283074,0.15640179378807706,-0.6701759913981298,-0.2866743345374679,-0.030473057711353863,-1.2529355954929207,0.8142138309047251,-0.33468835246990947,-0.888911657267599,0.0
1029,-0.4002213210783501,-0.3635130540549814,0.2088865923464885,0.18360415684516715,-0.40792221536283074,0.15640179378807706,-0.6701759913981298,-0.2866743345374679,-0.030473057711353863,-0.8861244238365482,0.8142138309047251,-0.33468835246990947,-0.888911657267599,0.0
1030,-0.019960117495886744,-1.1703071992896323,0.2088865923464885,0.6372144266979326,0.35921508517025375,0.15640179378807706,0.7499382051220984,0.5451636813569027,0.9294282601962908,-0.5193132521801758,0.8142138309047251,-0.33468835246990947,-0.888911657267599,0.0
1031,-0.6943856483779915,-0.9579011516250073,0.2088865923464885,1.5444349664034636,1.1263523857033382,0.6406856089579638,0.7499382051220984,0.5451636813569027,0.7374479966147619,0.5811202627889416,0.8142138309047251,-0.33468835246990947,-0.888911657267599,0.0
1032,-0.3687328235258461,-1.1703071992896323,0.2088865923464885,0.6372144266979326,0.35921508517025375,0.15640179378807706,0.7499382051220984,0.5451636813569027,0.9294282601962908,3.1487984643835487,0.8142138309047251,-0.33468835246990947,-0.888911657267599,0.0
1033,0.18093259383069768,-1.1703071992896323,0.2088865923464885,0.6372144266979326,0.35921508517025375,0.15640179378807706,0.7499382051220984,0.5451636813569027,0.9294282601962908,0.947931434445314,0.8142138309047251,-0.33468835246990947,-0.888911657267599,0.0
1034,-0.7374340865194026,-1.1703071992896323,0.2088865923464885,0.6372144266979326,0.35921508517025375,0.15640179378807706,0.7499382051220984,0.5451636813569027,0.9294282601962908,-1.2529355954929207,0.8142138309047251,-0.33468835246990947,-0.888911657267599,0.0
1035,-0.34282340355646884,-1.1703071992896323,0.25988618069997604,0.6372144266979326,0.35921508517025375,0.15640179378807706,0.7499382051220984,0.5451636813569027,0.9294282601962908,0.5811202627889416,0.8142138309047251,-0.33468835246990947,-0.888911657267599,0.0
1036,-0.803441691669566,-0.637947052197572,0.25988618069997604,1.998045236256229,1.5099210359698805,2.093537054467624,0.7499382051220984,0.12924467340971743,0.7374479966147619,-0.15250208052380332,0.8142138309047251,-0.33468835246990947,-0.888911657267599,0.0
1037,-0.6958205963160387,-0.9579011516250073,0.25988618069997604,1.5444349664034636,1.1263523857033382,0.6406856089579638,0.7499382051220984,0.5451636813569027,0.7374479966147619,0.947931434445314,0.8142138309047251,-0.33468835246990947,-0.888911657267599,0.0
1038,-0.5006676767416424,-0.637947052197572,0.25988618069997604,1.998045236256229,1.5099210359698805,2.093537054467624,0.7499382051220984,0.12924467340971743,0.7374479966147619,-0.5193132521801758,0.8142138309047251,-0.33468835246990947,-0.888911657267599,0.0
1039,1.19974562984409,-1.1703071992896323,0.25988618069997604,0.6372144266979326,0.35921508517025375,0.15640179378807706,0.7499382051220984,0.5451636813569027,0.9294282601962908,-0.8861244238365482,0.8142138309047251,-0.33468835246990947,-0.888911657267599,0.0
1040,-0.4504444989099962,-1.1703071992896323,0.25988618069997604,0.6372144266979326,0.35921508517025375,0.15640179378807706,0.7499382051220984,0.5451636813569027,0.9294282601962908,-0.15250208052380332,0.8142138309047251,-0.33468835246990947,-0.888911657267599,0.0
1041,-0.8199435929571068,-0.637947052197572,0.25988618069997604,1.998045236256229,1.5099210359698805,2.093537054467624,0.7499382051220984,0.12924467340971743,0.7374479966147619,-0.5193132521801758,0.8142138309047251,-0.33468835246990947,-0.888911657267599,0.0
1042,1.2356193282952659,-1.146156952292013,0.25988618069997604,1.090824696550698,0.35921508517025375,0.15640179378807706,0.7499382051220984,0.5451636813569027,0.7374479966147619,-0.5193132521801758,0.8142138309047251,2.9878542011404647,-0.888911657267599,0.0
1043,1.149522452012444,-0.6188809656603074,0.25988618069997604,-0.7236163828603639,-0.40792221536283074,0.6406856089579638,0.27656680628202235,-0.2866743345374679,0.16150720587017506,-1.2529355954929207,0.8142138309047251,2.9878542011404647,-0.888911657267599,0.0
1044,0.1594083747599922,-0.6188809656603074,0.25988618069997604,-0.7236163828603639,-0.40792221536283074,0.6406856089579638,0.27656680628202235,-0.2866743345374679,0.16150720587017506,-0.5193132521801758,0.8142138309047251,2.9878542011404647,-0.888911657267599,0.0
1045,-0.7302593468291674,-1.1703071992896323,0.25988618069997604,0.6372144266979326,0.35921508517025375,0.15640179378807706,0.7499382051220984,0.5451636813569027,0.9294282601962908,-1.619746767149293,0.8142138309047251,-0.33468835246990947,-0.888911657267599,0.0
1046,-0.42254337120260976,-0.3635130540549814,0.25988618069997604,0.18360415684516715,-0.40792221536283074,0.15640179378807706,-0.6701759913981298,-0.2866743345374679,-0.030473057711353863,-0.15250208052380332,0.8142138309047251,-0.33468835246990947,-0.888911657267599,0.0
1047,0.5037958798912798,-1.146156952292013,0.25988618069997604,1.090824696550698,0.35921508517025375,0.15640179378807706,0.7499382051220984,0.5451636813569027,0.7374479966147619,0.5811202627889416,0.8142138309047251,2.9878542011404647,-0.888911657267599,0.0
1048,-0.18497913037129537,-0.9579011516250073,0.25988618069997604,1.5444349664034636,1.1263523857033382,0.6406856089579638,0.7499382051220984,0.5451636813569027,0.7374479966147619,0.947931434445314,0.8142138309047251,-0.33468835246990947,-0.888911657267599,0.0
1049,0.04461253971622968,-0.6188809656603074,0.3108857690534636,-0.7236163828603639,-0.40792221536283074,0.6406856089579638,0.27656680628202235,-0.2866743345374679,0.16150720587017506,-0.15250208052380332,0.8142138309047251,2.9878542011404647,-0.888911657267599,0.0
1050,-0.3284739241759985,-1.1703071992896323,0.3108857690534636,0.6372144266979326,0.35921508517025375,0.15640179378807706,0.7499382051220984,0.5451636813569027,0.9294282601962908,-1.619746767149293,0.8142138309047251,-0.33468835246990947,-0.888911657267599,0.0
1051,0.4025516931744334,-0.3635130540549814,0.3108857690534636,0.18360415684516715,-0.40792221536283074,0.15640179378807706,-0.6701759913981298,-0.2866743345374679,-0.030473057711353863,0.21430909113256916,0.8142138309047251,-0.33468835246990947,-0.888911657267599,0.0
1052,-0.597526662559817,-1.1703071992896323,0.3108857690534636,0.6372144266979326,0.35921508517025375,0.15640179378807706,0.7499382051220984,0.5451636813569027,0.9294282601962908,0.947931434445314,0.8142138309047251,-0.33468835246990947,-0.888911657267599,0.0
1053,-0.6800361689975213,-1.1703071992896323,0.3108857690534636,0.6372144266979326,0.35921508517025375,0.15640179378807706,0.7499382051220984,0.5451636813569027,0.9294282601962908,-0.15250208052380332,0.8142138309047251,-0.33468835246990947,-0.888911657267599,0.0
1054,0.5253200989619853,-0.405631331168321,0.3108857690534636,0.6372144266979326,1.1263523857033382,0.6406856089579638,-0.19680459255805374,0.12924467340971743,0.353487469451704,-0.15250208052380332,0.8142138309047251,-0.33468835246990947,-0.888911657267599,0.0
1055,-0.39304658138811494,-1.1703071992896323,0.3108857690534636,0.6372144266979326,0.35921508517025375,0.15640179378807706,0.7499382051220984,0.5451636813569027,0.9294282601962908,2.0483649494144314,0.8142138309047251,-0.33468835246990947,-0.888911657267599,0.0
1056,0.08766097785764063,-0.6188809656603074,0.3108857690534636,-0.7236163828603639,-0.40792221536283074,0.6406856089579638,0.27656680628202235,-0.2866743345374679,0.16150720587017506,0.21430909113256916,0.8142138309047251,2.9878542011404647,-0.888911657267599,0.0
1057,-0.12758121284941412,-0.9579011516250073,0.3108857690534636,1.5444349664034636,1.1263523857033382,0.6406856089579638,0.7499382051220984,0.5451636813569027,0.7374479966147619,0.21430909113256916,0.8142138309047251,-0.33468835246990947,-0.888911657267599,0.0
1058,-0.41457080045882044,-1.1703071992896323,0.3108857690534636,0.6372144266979326,0.35921508517025375,0.15640179378807706,0.7499382051220984,0.5451636813569027,0.9294282601962908,0.5811202627889416,0.8142138309047251,-0.33468835246990947,-0.888911657267599,0.0
1059,11.92598146674565,-0.3635130540549814,0.3108857690534636,0.18360415684516715,-0.40792221536283074,0.15640179378807706,-0.6701759913981298,-0.2866743345374679,-0.030473057711353863,0.5811202627889416,0.8142138309047251,-0.33468835246990947,-0.888911657267599,0.0
1060,-0.7517835658998728,-0.405631331168321,0.3108857690534636,0.6372144266979326,1.1263523857033382,0.6406856089579638,-0.19680459255805374,0.12924467340971743,0.353487469451704,0.5811202627889416,0.8142138309047251,-0.33468835246990947,-0.888911657267599,0.0
1061,-0.5221918958123478,-0.6188809656603074,0.36188535740695116,-0.7236163828603639,-0.40792221536283074,0.6406856089579638,0.27656680628202235,-0.2866743345374679,0.16150720587017506,-1.2529355954929207,0.8142138309047251,2.9878542011404647,-0.888911657267599,0.0
1062,-0.6585119499268158,-1.1703071992896323,0.36188535740695116,0.6372144266979326,0.35921508517025375,0.15640179378807706,0.7499382051220984,0.5451636813569027,0.9294282601962908,2.7819872927271763,0.8142138309047251,-0.33468835246990947,-0.888911657267599,0.0
1063,-0.4576192386002314,-0.6188809656603074,0.36188535740695116,-0.7236163828603639,-0.40792221536283074,0.6406856089579638,0.27656680628202235,-0.2866743345374679,0.16150720587017506,-0.15250208052380332,0.8142138309047251,2.9878542011404647,-0.888911657267599,0.0
1064,-0.08453277470800316,-0.9579011516250073,0.36188535740695116,1.5444349664034636,1.1263523857033382,0.6406856089579638,0.7499382051220984,0.5451636813569027,0.7374479966147619,-0.8861244238365482,0.8142138309047251,-0.33468835246990947,-0.888911657267599,0.0
1065,2.204209186477012,-1.146156952292013,0.36188535740695116,1.090824696550698,0.35921508517025375,0.15640179378807706,0.7499382051220984,0.5451636813569027,0.7374479966147619,-0.15250208052380332,0.8142138309047251,2.9878542011404647,-0.888911657267599,0.0
1066,-0.5508908545732885,-0.9579011516250073,0.36188535740695116,1.5444349664034636,1.1263523857033382,0.6406856089579638,0.7499382051220984,0.5451636813569027,0.7374479966147619,-0.8861244238365482,0.8142138309047251,-0.33468835246990947,-0.888911657267599,0.0
1067,-0.726313239999538,-1.1703071992896323,0.4128849457604387,0.6372144266979326,0.35921508517025375,0.15640179378807706,0.7499382051220984,0.5451636813569027,0.9294282601962908,1.681553777758059,0.8142138309047251,-0.33468835246990947,-0.888911657267599,0.0
1068,-0.47914345767093686,-0.6188809656603074,0.4128849457604387,-0.7236163828603639,-0.40792221536283074,0.6406856089579638,0.27656680628202235,-0.2866743345374679,0.16150720587017506,1.3147426061016865,0.8142138309047251,2.9878542011404647,-0.888911657267599,0.0
1069,-0.14910543192011957,-0.9579011516250073,0.4128849457604387,1.5444349664034636,1.1263523857033382,0.6406856089579638,0.7499382051220984,0.5451636813569027,0.7374479966147619,-0.8861244238365482,0.8142138309047251,-0.33468835246990947,-0.888911657267599,0.0
1070,-0.7015603880682267,-1.1703071992896323,0.4128849457604387,0.6372144266979326,0.35921508517025375,0.15640179378807706,0.7499382051220984,0.5451636813569027,0.9294282601962908,0.5811202627889416,0.8142138309047251,-0.33468835246990947,-0.888911657267599,0.0
1071,0.37465056546704695,-0.3635130540549814,0.4128849457604387,0.18360415684516715,-0.40792221536283074,0.15640179378807706,-0.6701759913981298,-0.2866743345374679,-0.030473057711353863,-0.8861244238365482,0.8142138309047251,-0.33468835246990947,-0.888911657267599,0.0
1072,0.23115577166234377,-0.3635130540549814,0.4128849457604387,0.18360415684516715,-0.40792221536283074,0.15640179378807706,-0.6701759913981298,-0.2866743345374679,-0.030473057711353863,-0.5193132521801758,0.8142138309047251,-0.33468835246990947,-0.888911657267599,0.0
1073,-0.7517835658998728,-1.1703071992896323,0.4128849457604387,0.6372144266979326,0.35921508517025375,0.15640179378807706,0.7499382051220984,0.5451636813569027,0.9294282601962908,-1.619746767149293,0.8142138309047251,-0.33468835246990947,-0.888911657267599,0.0
1074,-0.6656866896170509,-1.1703071992896323,0.4128849457604387,0.6372144266979326,0.35921508517025375,0.15640179378807706,0.7499382051220984,0.5451636813569027,0.9294282601962908,1.681553777758059,0.8142138309047251,-0.33468835246990947,-0.888911657267599,0.0
1075,2.598819869439946,-0.3635130540549814,0.4128849457604387,0.18360415684516715,-0.40792221536283074,0.15640179378807706,-0.6701759913981298,-0.2866743345374679,-0.030473057711353863,0.21430909113256916,0.8142138309047251,-0.33468835246990947,-0.888911657267599,0.0
1076,-0.40739606076858526,-1.1703071992896323,0.4128849457604387,0.6372144266979326,0.35921508517025375,0.15640179378807706,0.7499382051220984,0.5451636813569027,0.9294282601962908,0.21430909113256916,0.8142138309047251,-0.33468835246990947,-0.888911657267599,0.0
1077,0.7333875499788048,-1.1703071992896323,0.4128849457604387,0.6372144266979326,0.35921508517025375,0.15640179378807706,0.7499382051220984,0.5451636813569027,0.9294282601962908,-0.8861244238365482,0.8142138309047251,-0.33468835246990947,-0.888911657267599,0.0
1078,0.7190380705983345,-1.146156952292013,0.4128849457604387,1.090824696550698,0.35921508517025375,0.15640179378807706,0.7499382051220984,0.5451636813569027,0.7374479966147619,-0.5193132521801758,0.8142138309047251,2.9878542011404647,-0.888911657267599,0.0
1079,-0.2352023082029415,-0.9579011516250073,0.4128849457604387,1.5444349664034636,1.1263523857033382,0.6406856089579638,0.7499382051220984,0.5451636813569027,0.7374479966147619,-0.5193132521801758,0.8142138309047251,-0.33468835246990947,-0.888911657267599,0.0
1080,0.653667582332664,-0.405631331168321,0.4128849457604387,0.6372144266979326,1.1263523857033382,0.6406856089579638,-0.19680459255805374,0.12924467340971743,0.353487469451704,0.947931434445314,0.8142138309047251,-0.33468835246990947,-0.888911657267599,0.0
1081,-0.7194972372938147,-1.1703071992896323,0.4128849457604387,0.6372144266979326,0.35921508517025375,0.15640179378807706,0.7499382051220984,0.5451636813569027,0.9294282601962908,-1.619746767149293,0.8142138309047251,-0.33468835246990947,-0.888911657267599,0.0
1082,0.5898927561741016,-1.1703071992896323,0.4128849457604387,0.6372144266979326,0.35921508517025375,0.15640179378807706,0.7499382051220984,0.5451636813569027,0.9294282601962908,1.681553777758059,0.8142138309047251,-0.33468835246990947,-0.888911657267599,0.0
1083,0.14505889537952188,-0.3635130540549814,0.4128849457604387,0.18360415684516715,-0.40792221536283074,0.15640179378807706,-0.6701759913981298,-0.2866743345374679,-0.030473057711353863,0.21430909113256916,0.8142138309047251,-0.33468835246990947,-0.888911657267599,0.0
1084,-0.25098673552145884,-1.2611749835376354,0.4128849457604387,1.5444349664034636,1.5099210359698805,1.6092532392977372,0.7499382051220984,0.5451636813569027,1.1214085237778197,-1.2529355954929207,0.8142138309047251,-0.33468835246990947,-0.888911657267599,0.0
1085,-0.758958305590108,-1.1703071992896323,0.4128849457604387,0.6372144266979326,0.35921508517025375,0.15640179378807706,0.7499382051220984,0.5451636813569027,0.9294282601962908,0.5811202627889416,0.8142138309047251,-0.33468835246990947,-0.888911657267599,0.0
1086,0.5898927561741016,-0.405631331168321,0.4128849457604387,0.6372144266979326,1.1263523857033382,0.6406856089579638,-0.19680459255805374,0.12924467340971743,0.353487469451704,2.0483649494144314,0.8142138309047251,-0.33468835246990947,-0.888911657267599,0.0
1087,-0.18497913037129537,-1.1703071992896323,0.4128849457604387,0.6372144266979326,0.35921508517025375,0.15640179378807706,0.7499382051220984,0.5451636813569027,0.9294282601962908,-1.2529355954929207,0.8142138309047251,-0.33468835246990947,-0.888911657267599,0.0
1088,1.3504151633390284,-0.405631331168321,0.4128849457604387,0.6372144266979326,1.1263523857033382,0.6406856089579638,-0.19680459255805374,0.12924467340971743,0.353487469451704,1.681553777758059,0.8142138309047251,-0.33468835246990947,-0.888911657267599,0.0
1089,-0.17062965099082505,-0.405631331168321,0.4128849457604387,0.6372144266979326,1.1263523857033382,0.6406856089579638,-0.19680459255805374,0.12924467340971743,0.353487469451704,-0.8861244238365482,0.8142138309047251,-0.33468835246990947,-0.888911657267599,0.0
1090,-0.3858718416978798,-0.3635130540549814,0.4638845341139263,0.18360415684516715,-0.40792221536283074,0.15640179378807706,-0.6701759913981298,-0.2866743345374679,-0.030473057711353863,-0.5193132521801758,0.8142138309047251,-0.33468835246990947,-0.888911657267599,0.0
1091,0.23115577166234377,-0.3635130540549814,0.4638845341139263,0.18360415684516715,-0.40792221536283074,0.15640179378807706,-0.6701759913981298,-0.2866743345374679,-0.030473057711353863,-0.5193132521801758,0.8142138309047251,-0.33468835246990947,-0.888911657267599,0.0
1092,0.6616401530764533,-1.146156952292013,0.4638845341139263,1.090824696550698,0.35921508517025375,0.15640179378807706,0.7499382051220984,0.5451636813569027,0.7374479966147619,-0.5193132521801758,0.8142138309047251,2.9878542011404647,-0.888911657267599,0.0
1093,-0.5221918958123478,-1.1703071992896323,0.4638845341139263,0.6372144266979326,0.35921508517025375,0.15640179378807706,0.7499382051220984,0.5451636813569027,0.9294282601962908,-0.8861244238365482,0.8142138309047251,-0.33468835246990947,-0.888911657267599,0.0
1094,-0.5939392927146994,-0.637947052197572,0.4638845341139263,1.998045236256229,1.5099210359698805,2.093537054467624,0.7499382051220984,0.12924467340971743,0.7374479966147619,0.5811202627889416,0.8142138309047251,-0.33468835246990947,-0.888911657267599,0.0
1095,-0.8020067437315189,0.13675088662421503,0.4638845341139263,0.6372144266979326,1.893489686236423,0.6406856089579638,1.6966810028022505,1.7929207051984586,1.1214085237778197,-0.8861244238365482,0.8142138309047251,-0.33468835246990947,1.1249711845087873,0.0
1096,-0.8249659107402715,-0.637947052197572,0.4638845341139263,1.998045236256229,1.5099210359698805,2.093537054467624,0.7499382051220984,0.12924467340971743,0.7374479966147619,-0.15250208052380332,0.8142138309047251,-0.33468835246990947,-0.888911657267599,0.0
1097,0.5540190577229259,-0.7222833601097661,0.4638845341139263,1.5444349664034636,1.5099210359698805,2.093537054467624,1.2233096039621745,0.961082689304088,1.1214085237778197,-1.2529355954929207,0.8142138309047251,2.9878542011404647,1.1249711845087873,0.0
1098,-0.5086402474854317,-1.1703071992896323,0.4638845341139263,0.6372144266979326,0.35921508517025375,0.15640179378807706,0.7499382051220984,0.5451636813569027,0.9294282601962908,0.21430909113256916,0.8142138309047251,-0.33468835246990947,-0.888911657267599,0.0
1099,-0.4432697592197611,-1.1703071992896323,0.4638845341139263,0.6372144266979326,0.35921508517025375,0.15640179378807706,0.7499382051220984,0.5451636813569027,0.9294282601962908,0.21430909113256916,0.8142138309047251,-0.33468835246990947,-0.888911657267599,0.0
1100,0.4535727020596337,-1.146156952292013,0.4638845341139263,1.090824696550698,0.35921508517025375,0.15640179378807706,0.7499382051220984,0.5451636813569027,0.7374479966147619,-0.15250208052380332,0.8142138309047251,2.9878542011404647,-0.888911657267599,0.0
1101,1.2743629226225357,-0.405631331168321,0.5148841224674139,0.6372144266979326,1.1263523857033382,0.6406856089579638,-0.19680459255805374,0.12924467340971743,0.353487469451704,1.3147426061016865,0.8142138309047251,-0.33468835246990947,-0.888911657267599,0.0
1102,0.7907854675006861,-1.146156952292013,0.5148841224674139,1.090824696550698,0.35921508517025375,0.15640179378807706,0.7499382051220984,0.5451636813569027,0.7374479966147619,0.5811202627889416,0.8142138309047251,2.9878542011404647,-0.888911657267599,0.0
1103,0.30290316856469535,-1.1703071992896323,0.5148841224674139,0.6372144266979326,0.35921508517025375,0.15640179378807706,0.7499382051220984,0.5451636813569027,0.9294282601962908,1.681553777758059,0.8142138309047251,-0.33468835246990947,-0.888911657267599,0.0
1104,-0.41457080045882044,-1.1703071992896323,0.5148841224674139,0.6372144266979326,0.35921508517025375,0.15640179378807706,0.7499382051220984,0.5451636813569027,0.9294282601962908,2.0483649494144314,0.8142138309047251,-0.33468835246990947,-0.888911657267599,0.0
1105,2.189859707096542,-0.6188809656603074,0.5148841224674139,-0.7236163828603639,-0.40792221536283074,0.6406856089579638,0.27656680628202235,-0.2866743345374679,0.16150720587017506,-0.8861244238365482,0.8142138309047251,2.9878542011404647,-0.888911657267599,0.0
1106,-0.8177911710500363,-0.405631331168321,0.5148841224674139,0.6372144266979326,1.1263523857033382,0.6406856089579638,-0.19680459255805374,0.12924467340971743,0.353487469451704,-0.15250208052380332,0.8142138309047251,-0.33468835246990947,-0.888911657267599,0.0
1107,-0.047941602287803864,-1.1703071992896323,0.5148841224674139,0.6372144266979326,0.35921508517025375,0.15640179378807706,0.7499382051220984,0.5451636813569027,0.9294282601962908,1.681553777758059,0.8142138309047251,-0.33468835246990947,-0.888911657267599,0.0
1108,-0.42254337120260976,-1.1703071992896323,0.5148841224674139,0.6372144266979326,0.35921508517025375,0.15640179378807706,0.7499382051220984,0.5451636813569027,0.9294282601962908,0.947931434445314,0.8142138309047251,-0.33468835246990947,-0.888911657267599,0.0
1109,-0.486318197361172,-0.6188809656603074,0.5148841224674139,-0.7236163828603639,-0.40792221536283074,0.6406856089579638,0.27656680628202235,-0.2866743345374679,0.16150720587017506,0.5811202627889416,0.8142138309047251,2.9878542011404647,-0.888911657267599,0.0
1110,1.056250836039387,-0.6188809656603074,0.616883299174389,-0.7236163828603639,-0.40792221536283074,0.6406856089579638,0.27656680628202235,-0.2866743345374679,0.16150720587017506,-0.5193132521801758,0.8142138309047251,2.9878542011404647,-0.888911657267599,0.0
1111,4.894736570315196,-1.1703071992896323,0.616883299174389,0.6372144266979326,0.35921508517025375,0.15640179378807706,0.7499382051220984,0.5451636813569027,0.9294282601962908,3.1487984643835487,0.8142138309047251,-0.33468835246990947,-0.888911657267599,0.0
1112,-0.5092773643699245,-0.637947052197572,0.616883299174389,1.998045236256229,1.5099210359698805,2.093537054467624,0.7499382051220984,0.12924467340971743,0.7374479966147619,-0.5193132521801758,0.8142138309047251,-0.33468835246990947,-0.888911657267599,0.0
1113,1.2356193282952659,-1.146156952292013,0.616883299174389,1.090824696550698,0.35921508517025375,0.15640179378807706,0.7499382051220984,0.5451636813569027,0.7374479966147619,-0.15250208052380332,0.8142138309047251,2.9878542011404647,-0.888911657267599,0.0
1114,0.08766097785764063,-0.6188809656603074,0.616883299174389,-0.7236163828603639,-0.40792221536283074,0.6406856089579638,0.27656680628202235,-0.2866743345374679,0.16150720587017506,0.5811202627889416,0.8142138309047251,2.9878542011404647,-0.888911657267599,0.0
1115,-0.486318197361172,-1.1703071992896323,0.616883299174389,0.6372144266979326,0.35921508517025375,0.15640179378807706,0.7499382051220984,0.5451636813569027,0.9294282601962908,-0.8861244238365482,0.8142138309047251,-0.33468835246990947,-0.888911657267599,0.0
1116,-0.486318197361172,-0.6188809656603074,0.616883299174389,-0.7236163828603639,-0.40792221536283074,0.6406856089579638,0.27656680628202235,-0.2866743345374679,0.16150720587017506,-0.15250208052380332,0.8142138309047251,2.9878542011404647,-0.888911657267599,0.0
1117,-0.4476549601184328,-1.1703071992896323,0.616883299174389,0.6372144266979326,0.35921508517025375,0.15640179378807706,0.7499382051220984,0.5451636813569027,0.9294282601962908,1.681553777758059,0.8142138309047251,-0.33468835246990947,-0.888911657267599,0.0
1118,12.706593145043236,-0.3635130540549814,0.616883299174389,0.18360415684516715,-0.40792221536283074,0.15640179378807706,-0.6701759913981298,-0.2866743345374679,-0.030473057711353863,0.5811202627889416,0.8142138309047251,-0.33468835246990947,-0.888911657267599,0.0
1119,1.1696117231451024,-1.146156952292013,0.616883299174389,1.090824696550698,0.35921508517025375,0.15640179378807706,0.7499382051220984,0.5451636813569027,0.7374479966147619,-0.5193132521801758,0.8142138309047251,2.9878542011404647,-0.888911657267599,0.0
1120,-0.3858718416978798,-0.3635130540549814,0.616883299174389,0.18360415684516715,-0.40792221536283074,0.15640179378807706,-0.6701759913981298,-0.2866743345374679,-0.030473057711353863,-1.2529355954929207,0.8142138309047251,-0.33468835246990947,-0.888911657267599,0.0
1121,-0.41457080045882044,-0.3635130540549814,0.616883299174389,0.18360415684516715,-0.40792221536283074,0.15640179378807706,-0.6701759913981298,-0.2866743345374679,-0.030473057711353863,-1.2529355954929207,0.8142138309047251,-0.33468835246990947,-0.888911657267599,0.0
1122,-0.4432697592197611,-1.1703071992896323,0.616883299174389,0.6372144266979326,0.35921508517025375,0.15640179378807706,0.7499382051220984,0.5451636813569027,0.9294282601962908,-0.5193132521801758,0.8142138309047251,-0.33468835246990947,-0.888911657267599,0.0
1123,0.2670294701135196,-0.3635130540549814,0.616883299174389,0.18360415684516715,-0.40792221536283074,0.15640179378807706,-0.6701759913981298,-0.2866743345374679,-0.030473057711353863,-1.2529355954929207,0.8142138309047251,-0.33468835246990947,-0.888911657267599,0.0
1124,-0.7374340865194026,-1.1703071992896323,0.616883299174389,0.6372144266979326,0.35921508517025375,0.15640179378807706,0.7499382051220984,0.5451636813569027,0.9294282601962908,2.7819872927271763,0.8142138309047251,-0.33468835246990947,-0.888911657267599,0.0
1125,1.0203771375882111,-1.1703071992896323,0.616883299174389,0.6372144266979326,0.35921508517025375,0.15640179378807706,0.7499382051220984,0.5451636813569027,0.9294282601962908,3.1487984643835487,0.8142138309047251,-0.33468835246990947,-0.888911657267599,0.0
1126,1.1337380246939266,-1.146156952292013,0.616883299174389,1.090824696550698,0.35921508517025375,0.15640179378807706,0.7499382051220984,0.5451636813569027,0.7374479966147619,-0.5193132521801758,0.8142138309047251,2.9878542011404647,-0.888911657267599,0.0
1127,2.835586279217706,-0.7129239206393064,0.616883299174389,-0.27000611300759836,1.5099210359698805,2.577820869637511,1.2233096039621745,1.7929207051984586,1.8893295781039356,-1.619746767149293,0.8142138309047251,-0.33468835246990947,1.1249711845087873,0.0
1128,-0.8809288803241057,-0.405631331168321,0.616883299174389,0.6372144266979326,1.1263523857033382,0.6406856089579638,-0.19680459255805374,0.12924467340971743,0.353487469451704,-0.5193132521801758,0.8142138309047251,-0.33468835246990947,-0.888911657267599,0.0
1129,-0.6298129911658752,-1.1703071992896323,0.616883299174389,0.6372144266979326,0.35921508517025375,0.15640179378807706,0.7499382051220984,0.5451636813569027,0.9294282601962908,-0.8861244238365482,0.8142138309047251,-0.33468835246990947,-0.888911657267599,0.0
1130,1.2212698489147955,-0.405631331168321,0.616883299174389,0.6372144266979326,1.1263523857033382,0.6406856089579638,-0.19680459255805374,0.12924467340971743,0.353487469451704,1.3147426061016865,0.8142138309047251,-0.33468835246990947,-0.888911657267599,0.0
1131,-0.6441624705463455,-1.1703071992896323,0.616883299174389,0.6372144266979326,0.35921508517025375,0.15640179378807706,0.7499382051220984,0.5451636813569027,0.9294282601962908,2.415176121070804,0.8142138309047251,-0.33468835246990947,-0.888911657267599,0.0
1132,-0.6118761419402873,-1.2611749835376354,0.7188824758813641,1.5444349664034636,1.5099210359698805,1.6092532392977372,0.7499382051220984,0.5451636813569027,1.1214085237778197,0.947931434445314,0.8142138309047251,-0.33468835246990947,-0.888911657267599,0.0
1133,2.4553250756352427,-0.6188809656603074,0.7188824758813641,-0.7236163828603639,-0.40792221536283074,0.6406856089579638,0.27656680628202235,-0.2866743345374679,0.16150720587017506,0.21430909113256916,0.8142138309047251,2.9878542011404647,-0.888911657267599,0.0
1134,0.30290316856469535,-0.6188809656603074,0.7188824758813641,-0.7236163828603639,-0.40792221536283074,0.6406856089579638,0.27656680628202235,-0.2866743345374679,0.16150720587017506,-0.15250208052380332,0.8142138309047251,2.9878542011404647,-0.888911657267599,0.0
1135,0.5540190577229259,-0.7222833601097661,0.7188824758813641,1.5444349664034636,1.5099210359698805,2.093537054467624,1.2233096039621745,0.961082689304088,1.1214085237778197,-1.2529355954929207,0.8142138309047251,2.9878542011404647,1.1249711845087873,0.0
1136,-0.42892027983929076,-0.637947052197572,0.7188824758813641,1.998045236256229,1.5099210359698805,2.093537054467624,0.7499382051220984,0.12924467340971743,0.7374479966147619,0.21430909113256916,0.8142138309047251,-0.33468835246990947,-0.888911657267599,0.0
1137,0.32084001779028326,-0.9579011516250073,0.7188824758813641,1.5444349664034636,1.1263523857033382,0.6406856089579638,0.7499382051220984,0.5451636813569027,0.7374479966147619,0.947931434445314,0.8142138309047251,-0.33468835246990947,-0.888911657267599,0.0
1138,-0.7015603880682267,-1.1703071992896323,0.7188824758813641,0.6372144266979326,0.35921508517025375,0.15640179378807706,0.7499382051220984,0.5451636813569027,0.9294282601962908,1.681553777758059,0.8142138309047251,-0.33468835246990947,-0.888911657267599,0.0
1139,0.7333875499788048,-1.146156952292013,0.7188824758813641,1.090824696550698,0.35921508517025375,0.15640179378807706,0.7499382051220984,0.5451636813569027,0.7374479966147619,1.3147426061016865,0.8142138309047251,2.9878542011404647,-0.888911657267599,0.0
1140,-0.7302593468291674,-1.1703071992896323,0.7188824758813641,0.6372144266979326,0.35921508517025375,0.15640179378807706,0.7499382051220984,0.5451636813569027,0.9294282601962908,2.415176121070804,0.8142138309047251,-0.33468835246990947,-0.888911657267599,0.0
1141,-0.39304658138811494,-0.3635130540549814,0.7698820642348516,0.18360415684516715,-0.40792221536283074,0.15640179378807706,-0.6701759913981298,-0.2866743345374679,-0.030473057711353863,-0.5193132521801758,0.8142138309047251,-0.33468835246990947,-0.888911657267599,0.0
1142,1.5226089159046723,-0.405631331168321,0.7698820642348516,0.6372144266979326,1.1263523857033382,0.6406856089579638,-0.19680459255805374,0.12924467340971743,0.353487469451704,1.681553777758059,0.8142138309047251,-0.33468835246990947,-0.888911657267599,0.0
1143,-0.41457080045882044,-1.1703071992896323,0.7698820642348516,0.6372144266979326,0.35921508517025375,0.15640179378807706,0.7499382051220984,0.5451636813569027,0.9294282601962908,2.415176121070804,0.8142138309047251,-0.33468835246990947,-0.888911657267599,0.0
1144,0.23115577166234377,-1.1703071992896323,0.7698820642348516,0.6372144266979326,0.35921508517025375,0.15640179378807706,0.7499382051220984,0.5451636813569027,0.9294282601962908,2.0483649494144314,0.8142138309047251,-0.33468835246990947,-0.888911657267599,0.0
1145,-0.5150171561221126,-0.637947052197572,0.7698820642348516,1.998045236256229,1.5099210359698805,2.093537054467624,0.7499382051220984,0.12924467340971743,0.7374479966147619,0.21430909113256916,0.8142138309047251,-0.33468835246990947,-0.888911657267599,0.0
1146,-0.8809288803241057,-0.405631331168321,0.7698820642348516,0.6372144266979326,1.1263523857033382,0.6406856089579638,-0.19680459255805374,0.12924467340971743,0.353487469451704,0.21430909113256916,0.8142138309047251,-0.33468835246990947,-0.888911657267599,0.0
1147,-0.5365413751928181,-0.6188809656603074,0.7698820642348516,-0.7236163828603639,-0.40792221536283074,0.6406856089579638,0.27656680628202235,-0.2866743345374679,0.16150720587017506,0.947931434445314,0.8142138309047251,2.9878542011404647,-0.888911657267599,0.0
1148,-0.7245195550769793,-1.1703071992896323,0.7698820642348516,0.6372144266979326,0.35921508517025375,0.15640179378807706,0.7499382051220984,0.5451636813569027,0.9294282601962908,1.3147426061016865,0.8142138309047251,-0.33468835246990947,-0.888911657267599,0.0
1149,0.08766097785764063,-1.1703071992896323,0.7698820642348516,0.6372144266979326,0.35921508517025375,0.15640179378807706,0.7499382051220984,0.5451636813569027,0.9294282601962908,-0.15250208052380332,0.8142138309047251,-0.33468835246990947,-0.888911657267599,0.0
1150,-0.8020067437315189,0.13675088662421503,0.7698820642348516,0.6372144266979326,1.893489686236423,0.6406856089579638,1.6966810028022505,1.7929207051984586,1.1214085237778197,-0.8861244238365482,0.8142138309047251,-0.33468835246990947,1.1249711845087873,0.0
1151,-0.6298129911658752,-1.1703071992896323,0.7698820642348516,0.6372144266979326,0.35921508517025375,0.15640179378807706,0.7499382051220984,0.5451636813569027,0.9294282601962908,2.7819872927271763,0.8142138309047251,-0.33468835246990947,-0.888911657267599,0.0
1152,1.0203771375882111,-0.3635130540549814,0.7698820642348516,0.18360415684516715,-0.40792221536283074,0.15640179378807706,-0.6701759913981298,-0.2866743345374679,-0.030473057711353863,-1.2529355954929207,0.8142138309047251,-0.33468835246990947,-0.888911657267599,0.0
1153,1.1238160771763004,-0.3635130540549814,0.8208816525883392,0.18360415684516715,-0.40792221536283074,0.15640179378807706,-0.6701759913981298,-0.2866743345374679,-0.030473057711353863,0.21430909113256916,0.8142138309047251,-0.33468835246990947,-0.888911657267599,0.0
1154,-0.4002213210783501,-0.3635130540549814,0.8208816525883392,0.18360415684516715,-0.40792221536283074,0.15640179378807706,-0.6701759913981298,-0.2866743345374679,-0.030473057711353863,0.21430909113256916,0.8142138309047251,-0.33468835246990947,-0.888911657267599,0.0
1155,-0.29930573743931654,-0.3635130540549814,0.8208816525883392,0.18360415684516715,-0.40792221536283074,0.15640179378807706,-0.6701759913981298,-0.2866743345374679,-0.030473057711353863,-0.15250208052380332,0.8142138309047251,-0.33468835246990947,-0.888911657267599,0.0
1156,-0.7733077849705783,-0.9579011516250073,0.8208816525883392,1.5444349664034636,1.1263523857033382,0.6406856089579638,0.7499382051220984,0.5451636813569027,0.7374479966147619,-0.8861244238365482,0.8142138309047251,-0.33468835246990947,-0.888911657267599,0.0
1157,-0.5580655942635235,-0.637947052197572,0.8208816525883392,1.998045236256229,1.5099210359698805,2.093537054467624,0.7499382051220984,0.12924467340971743,0.7374479966147619,0.947931434445314,0.8142138309047251,-0.33468835246990947,-0.888911657267599,0.0
1158,-0.03430959687635706,-0.7222833601097661,0.8208816525883392,1.5444349664034636,1.5099210359698805,2.093537054467624,1.2233096039621745,0.961082689304088,1.1214085237778197,-1.619746767149293,0.8142138309047251,2.9878542011404647,1.1249711845087873,0.0
1159,-0.4217455401490556,-1.1703071992896323,0.8208816525883392,0.6372144266979326,0.35921508517025375,0.15640179378807706,0.7499382051220984,0.5451636813569027,0.9294282601962908,0.947931434445314,0.8142138309047251,-0.33468835246990947,-0.888911657267599,0.0
1160,-0.5437161148830533,-0.9579011516250073,0.8208816525883392,1.5444349664034636,1.1263523857033382,0.6406856089579638,0.7499382051220984,0.5451636813569027,0.7374479966147619,-0.8861244238365482,0.8142138309047251,-0.33468835246990947,-0.888911657267599,0.0
1161,0.06613675878693515,-0.6188809656603074,0.8208816525883392,-0.7236163828603639,-0.40792221536283074,0.6406856089579638,0.27656680628202235,-0.2866743345374679,0.16150720587017506,-0.8861244238365482,0.8142138309047251,2.9878542011404647,-0.888911657267599,0.0
1162,-0.6692740594621686,-1.1703071992896323,0.8208816525883392,0.6372144266979326,0.35921508517025375,0.15640179378807706,0.7499382051220984,0.5451636813569027,0.9294282601962908,-0.15250208052380332,0.8142138309047251,-0.33468835246990947,-0.888911657267599,0.0
1163,2.024840694221133,-1.146156952292013,0.8208816525883392,1.090824696550698,0.35921508517025375,0.15640179378807706,0.7499382051220984,0.5451636813569027,0.7374479966147619,2.415176121070804,0.8142138309047251,2.9878542011404647,-0.888911657267599,0.0
1164,0.08766097785764063,-1.1703071992896323,0.8208816525883392,0.6372144266979326,0.35921508517025375,0.15640179378807706,0.7499382051220984,0.5451636813569027,0.9294282601962908,-1.619746767149293,0.8142138309047251,-0.33468835246990947,-0.888911657267599,0.0
1165,-0.4002213210783501,-0.3635130540549814,0.8208816525883392,0.18360415684516715,-0.40792221536283074,0.15640179378807706,-0.6701759913981298,-0.2866743345374679,-0.030473057711353863,-0.15250208052380332,0.8142138309047251,-0.33468835246990947,-0.888911657267599,0.0
1166,-0.39663395123323253,-1.1703071992896323,0.8208816525883392,0.6372144266979326,0.35921508517025375,0.15640179378807706,0.7499382051220984,0.5451636813569027,0.9294282601962908,-0.5193132521801758,0.8142138309047251,-0.33468835246990947,-0.888911657267599,0.0
1167,-0.3786971020076446,-0.3635130540549814,0.8208816525883392,0.18360415684516715,-0.40792221536283074,0.15640179378807706,-0.6701759913981298,-0.2866743345374679,-0.030473057711353863,-0.5193132521801758,0.8142138309047251,-0.33468835246990947,-0.888911657267599,0.0
1168,-0.30473127559307234,-0.3635130540549814,0.8208816525883392,0.18360415684516715,-0.40792221536283074,0.15640179378807706,-0.6701759913981298,-0.2866743345374679,-0.030473057711353863,-0.15250208052380332,0.8142138309047251,-0.33468835246990947,-0.888911657267599,0.0
1169,-0.486318197361172,-1.1703071992896323,0.8208816525883392,0.6372144266979326,0.35921508517025375,0.15640179378807706,0.7499382051220984,0.5451636813569027,0.9294282601962908,1.681553777758059,0.8142138309047251,-0.33468835246990947,-0.888911657267599,0.0
1170,-0.8558172914082827,-0.637947052197572,0.8208816525883392,1.998045236256229,1.5099210359698805,2.093537054467624,0.7499382051220984,0.12924467340971743,0.7374479966147619,-0.8861244238365482,0.8142138309047251,-0.33468835246990947,-0.888911657267599,0.0
1171,1.1853961504636197,-0.3635130540549814,0.8208816525883392,0.18360415684516715,-0.40792221536283074,0.15640179378807706,-0.6701759913981298,-0.2866743345374679,-0.030473057711353863,-0.8861244238365482,0.8142138309047251,-0.33468835246990947,-0.888911657267599,0.0
1172,1.2270096406669837,-0.405631331168321,0.8208816525883392,0.6372144266979326,1.1263523857033382,0.6406856089579638,-0.19680459255805374,0.12924467340971743,0.353487469451704,0.947931434445314,0.8142138309047251,-0.33468835246990947,-0.888911657267599,0.0
1173,2.4911987740864183,-1.146156952292013,0.8208816525883392,1.090824696550698,0.35921508517025375,0.15640179378807706,0.7499382051220984,0.5451636813569027,0.7374479966147619,0.21430909113256916,0.8142138309047251,2.9878542011404647,-0.888911657267599,0.0
1174,-0.4705337700426547,0.13675088662421503,0.8718812409418267,0.6372144266979326,1.893489686236423,0.6406856089579638,1.6966810028022505,1.7929207051984586,1.1214085237778197,-0.15250208052380332,0.8142138309047251,-0.33468835246990947,1.1249711845087873,0.0
1175,-0.5221918958123478,-0.6188809656603074,0.8718812409418267,-0.7236163828603639,-0.40792221536283074,0.6406856089579638,0.27656680628202235,-0.2866743345374679,0.16150720587017506,-0.8861244238365482,0.8142138309047251,2.9878542011404647,-0.888911657267599,0.0
1176,0.24191788119769653,-0.9579011516250073,0.8718812409418267,1.5444349664034636,1.1263523857033382,0.6406856089579638,0.7499382051220984,0.5451636813569027,0.7374479966147619,-1.2529355954929207,0.8142138309047251,-0.33468835246990947,-0.888911657267599,0.0
1177,1.2714930267464417,-0.3635130540549814,0.8718812409418267,0.18360415684516715,-0.40792221536283074,0.15640179378807706,-0.6701759913981298,-0.2866743345374679,-0.030473057711353863,0.5811202627889416,0.8142138309047251,-0.33468835246990947,-0.888911657267599,0.0
1178,-0.7015603880682267,-1.1703071992896323,0.8718812409418267,0.6372144266979326,0.35921508517025375,0.15640179378807706,0.7499382051220984,0.5451636813569027,0.9294282601962908,-0.8861244238365482,0.8142138309047251,-0.33468835246990947,-0.888911657267599,0.0
1179,0.3387768670158712,-0.3635130540549814,0.8718812409418267,0.18360415684516715,-0.40792221536283074,0.15640179378807706,-0.6701759913981298,-0.2866743345374679,-0.030473057711353863,-1.619746767149293,0.8142138309047251,-0.33468835246990947,-0.888911657267599,0.0
1180,-0.8457726558419534,-0.637947052197572,0.8718812409418267,1.998045236256229,1.5099210359698805,2.093537054467624,0.7499382051220984,0.12924467340971743,0.7374479966147619,-0.5193132521801758,0.8142138309047251,-0.33468835246990947,-0.888911657267599,0.0
1181,1.3404623644407343,-0.3635130540549814,0.8718812409418267,0.18360415684516715,-0.40792221536283074,0.15640179378807706,-0.6701759913981298,-0.2866743345374679,-0.030473057711353863,0.21430909113256916,0.8142138309047251,-0.33468835246990947,-0.888911657267599,0.0
1182,-0.20793829738004788,-0.405631331168321,0.8718812409418267,0.6372144266979326,1.1263523857033382,0.6406856089579638,-0.19680459255805374,0.12924467340971743,0.353487469451704,-0.8861244238365482,0.8142138309047251,-0.33468835246990947,-0.888911657267599,0.0
1183,-0.7087351277584619,-0.9579011516250073,0.8718812409418267,1.5444349664034636,1.1263523857033382,0.6406856089579638,0.7499382051220984,0.5451636813569027,0.7374479966147619,0.21430909113256916,0.8142138309047251,-0.33468835246990947,-0.888911657267599,0.0
1184,-0.8055941135766366,-0.405631331168321,0.8718812409418267,0.6372144266979326,1.1263523857033382,0.6406856089579638,-0.19680459255805374,0.12924467340971743,0.353487469451704,0.21430909113256916,0.8142138309047251,-0.33468835246990947,-0.888911657267599,0.0
1185,0.2670294701135196,-1.1703071992896323,0.8718812409418267,0.6372144266979326,0.35921508517025375,0.15640179378807706,0.7499382051220984,0.5451636813569027,0.9294282601962908,2.7819872927271763,0.8142138309047251,-0.33468835246990947,-0.888911657267599,0.0
1186,-0.3786971020076446,-1.1703071992896323,0.8718812409418267,0.6372144266979326,0.35921508517025375,0.15640179378807706,0.7499382051220984,0.5451636813569027,0.9294282601962908,2.415176121070804,0.8142138309047251,-0.33468835246990947,-0.888911657267599,0.0
1187,-0.5652403339537587,-0.637947052197572,0.8718812409418267,1.998045236256229,1.5099210359698805,2.093537054467624,0.7499382051220984,0.12924467340971743,0.7374479966147619,-0.8861244238365482,0.8142138309047251,-0.33468835246990947,-0.888911657267599,0.0
1188,-0.7661330452803432,0.13675088662421503,0.8718812409418267,0.6372144266979326,1.893489686236423,0.6406856089579638,1.6966810028022505,1.7929207051984586,1.1214085237778197,-0.5193132521801758,0.8142138309047251,-0.33468835246990947,1.1249711845087873,0.0
1189,-0.46479397829046654,-0.637947052197572,0.8718812409418267,1.998045236256229,1.5099210359698805,2.093537054467624,0.7499382051220984,0.12924467340971743,0.7374479966147619,-0.15250208052380332,0.8142138309047251,-0.33468835246990947,-0.888911657267599,0.0
1190,-0.41457080045882044,-1.1703071992896323,0.8718812409418267,0.6372144266979326,0.35921508517025375,0.15640179378807706,0.7499382051220984,0.5451636813569027,0.9294282601962908,0.21430909113256916,0.8142138309047251,-0.33468835246990947,-0.888911657267599,0.0
1191,-0.20793829738004788,-0.9579011516250073,0.8718812409418267,1.5444349664034636,1.1263523857033382,0.6406856089579638,0.7499382051220984,0.5451636813569027,0.7374479966147619,1.3147426061016865,0.8142138309047251,-0.33468835246990947,-0.888911657267599,0.0
1192,0.23115577166234377,-1.1703071992896323,0.8718812409418267,0.6372144266979326,0.35921508517025375,0.15640179378807706,0.7499382051220984,0.5451636813569027,0.9294282601962908,0.947931434445314,0.8142138309047251,-0.33468835246990947,-0.888911657267599,0.0
1193,1.333957745437567,-0.3635130540549814,0.9228808292953143,0.18360415684516715,-0.40792221536283074,0.15640179378807706,-0.6701759913981298,-0.2866743345374679,-0.030473057711353863,0.21430909113256916,0.8142138309047251,-0.33468835246990947,-0.888911657267599,0.0
1194,0.015913580955289046,-0.6188809656603074,0.9228808292953143,-0.7236163828603639,-0.40792221536283074,0.6406856089579638,0.27656680628202235,-0.2866743345374679,0.16150720587017506,-0.5193132521801758,0.8142138309047251,2.9878542011404647,-0.888911657267599,0.0
1195,-0.12758121284941412,-0.7222833601097661,0.9228808292953143,1.5444349664034636,1.5099210359698805,2.093537054467624,1.2233096039621745,0.961082689304088,1.1214085237778197,-1.2529355954929207,0.8142138309047251,2.9878542011404647,1.1249711845087873,0.0
1196,-0.1634549113005899,-0.7222833601097661,0.9228808292953143,1.5444349664034636,1.5099210359698805,2.093537054467624,1.2233096039621745,0.961082689304088,1.1214085237778197,-1.619746767149293,0.8142138309047251,2.9878542011404647,1.1249711845087873,0.0
1197,0.5719559069485138,-1.1703071992896323,0.9228808292953143,0.6372144266979326,0.35921508517025375,0.15640179378807706,0.7499382051220984,0.5451636813569027,0.9294282601962908,-1.619746767149293,0.8142138309047251,-0.33468835246990947,-0.888911657267599,0.0
1198,-0.5939392927146994,-0.6188809656603074,0.9228808292953143,-0.7236163828603639,-0.40792221536283074,0.6406856089579638,0.27656680628202235,-0.2866743345374679,0.16150720587017506,0.5811202627889416,0.8142138309047251,2.9878542011404647,-0.888911657267599,0.0
1199,1.5943563128070237,-0.3635130540549814,0.9228808292953143,0.18360415684516715,-0.40792221536283074,0.15640179378807706,-0.6701759913981298,-0.2866743345374679,-0.030473057711353863,0.21430909113256916,0.8142138309047251,-0.33468835246990947,-0.888911657267599,0.0
1200,1.2571435473659713,-0.3635130540549814,0.9228808292953143,0.18360415684516715,-0.40792221536283074,0.15640179378807706,-0.6701759913981298,-0.2866743345374679,-0.030473057711353863,0.21430909113256916,0.8142138309047251,-0.33468835246990947,-0.888911657267599,0.0
1201,-0.486318197361172,-1.1703071992896323,0.9228808292953143,0.6372144266979326,0.35921508517025375,0.15640179378807706,0.7499382051220984,0.5451636813569027,0.9294282601962908,-0.5193132521801758,0.8142138309047251,-0.33468835246990947,-0.888911657267599,0.0
1202,-0.6585119499268158,-1.1703071992896323,0.9228808292953143,0.6372144266979326,0.35921508517025375,0.15640179378807706,0.7499382051220984,0.5451636813569027,0.9294282601962908,0.947931434445314,0.8142138309047251,-0.33468835246990947,-0.888911657267599,0.0
1203,0.4822716608205743,-0.6188809656603074,0.9228808292953143,-0.7236163828603639,-0.40792221536283074,0.6406856089579638,0.27656680628202235,-0.2866743345374679,0.16150720587017506,0.947931434445314,0.8142138309047251,2.9878542011404647,-0.888911657267599,0.0
1204,-0.4231804880871026,-1.1703071992896323,0.9228808292953143,0.6372144266979326,0.35921508517025375,0.15640179378807706,0.7499382051220984,0.5451636813569027,0.9294282601962908,0.21430909113256916,0.8142138309047251,-0.33468835246990947,-0.888911657267599,0.0
1205,0.05178727940646483,-0.9579011516250073,0.9228808292953143,1.5444349664034636,1.1263523857033382,0.6406856089579638,0.7499382051220984,0.5451636813569027,0.7374479966147619,0.5811202627889416,0.8142138309047251,-0.33468835246990947,-0.888911657267599,0.0
1206,-1.1069331805665132,0.13675088662421503,0.9228808292953143,0.6372144266979326,1.893489686236423,0.6406856089579638,1.6966810028022505,1.7929207051984586,1.1214085237778197,0.21430909113256916,0.8142138309047251,-0.33468835246990947,1.1249711845087873,0.0
1207,-0.8809288803241057,-0.637947052197572,0.9228808292953143,1.998045236256229,1.5099210359698805,2.093537054467624,0.7499382051220984,0.12924467340971743,0.7374479966147619,-0.15250208052380332,0.8142138309047251,-0.33468835246990947,-0.888911657267599,0.0
1208,4.411517852177858,-0.6188809656603074,0.9228808292953143,-0.7236163828603639,-0.40792221536283074,0.6406856089579638,0.27656680628202235,-0.2866743345374679,0.16150720587017506,-0.5193132521801758,0.8142138309047251,2.9878542011404647,-0.888911657267599,0.0
1209,0.00802136729603037,-0.9579011516250073,0.9228808292953143,1.5444349664034636,1.1263523857033382,0.6406856089579638,0.7499382051220984,0.5451636813569027,0.7374479966147619,0.947931434445314,0.8142138309047251,-0.33468835246990947,-0.888911657267599,0.0
1210,-0.1634549113005899,-0.9579011516250073,0.9228808292953143,1.5444349664034636,1.1263523857033382,0.6406856089579638,0.7499382051220984,0.5451636813569027,0.7374479966147619,0.21430909113256916,0.8142138309047251,-0.33468835246990947,-0.888911657267599,0.0
1211,0.015913580955289046,-0.6188809656603074,0.9738804176488018,-0.7236163828603639,-0.40792221536283074,0.6406856089579638,0.27656680628202235,-0.2866743345374679,0.16150720587017506,-0.15250208052380332,0.8142138309047251,2.9878542011404647,-0.888911657267599,0.0
1212,-0.4217455401490556,-1.1703071992896323,0.9738804176488018,0.6372144266979326,0.35921508517025375,0.15640179378807706,0.7499382051220984,0.5451636813569027,0.9294282601962908,-0.15250208052380332,0.8142138309047251,-0.33468835246990947,-0.888911657267599,0.0
1213,0.6530304654481711,-0.3635130540549814,0.9738804176488018,0.18360415684516715,-0.40792221536283074,0.15640179378807706,-0.6701759913981298,-0.2866743345374679,-0.030473057711353863,0.21430909113256916,0.8142138309047251,-0.33468835246990947,-0.888911657267599,0.0
1214,-0.39304658138811494,-1.1703071992896323,0.9738804176488018,0.6372144266979326,0.35921508517025375,0.15640179378807706,0.7499382051220984,0.5451636813569027,0.9294282601962908,0.5811202627889416,0.8142138309047251,-0.33468835246990947,-0.888911657267599,0.0
1215,-0.2710760066541173,-0.405631331168321,0.9738804176488018,0.6372144266979326,1.1263523857033382,0.6406856089579638,-0.19680459255805374,0.12924467340971743,0.353487469451704,-1.2529355954929207,0.8142138309047251,-0.33468835246990947,-0.888911657267599,0.0
1216,1.2417910393768061,-0.3635130540549814,0.9738804176488018,0.18360415684516715,-0.40792221536283074,0.15640179378807706,-0.6701759913981298,-0.2866743345374679,-0.030473057711353863,-0.15250208052380332,0.8142138309047251,-0.33468835246990947,-0.888911657267599,0.0
1217,0.18093259383069768,-1.1703071992896323,0.9738804176488018,0.6372144266979326,0.35921508517025375,0.15640179378807706,0.7499382051220984,0.5451636813569027,0.9294282601962908,2.415176121070804,0.8142138309047251,-0.33468835246990947,-0.888911657267599,0.0
1218,0.697513851527629,-1.146156952292013,0.9738804176488018,1.090824696550698,0.35921508517025375,0.15640179378807706,0.7499382051220984,0.5451636813569027,0.7374479966147619,1.3147426061016865,0.8142138309047251,2.9878542011404647,-0.888911657267599,0.0
1219,1.2487491019283963,-0.405631331168321,0.9738804176488018,0.6372144266979326,1.1263523857033382,0.6406856089579638,-0.19680459255805374,0.12924467340971743,0.353487469451704,0.947931434445314,0.8142138309047251,-0.33468835246990947,-0.888911657267599,0.0
1220,-0.2868604339726346,-0.3635130540549814,0.9738804176488018,0.18360415684516715,-0.40792221536283074,0.15640179378807706,-0.6701759913981298,-0.2866743345374679,-0.030473057711353863,0.5811202627889416,0.8142138309047251,-0.33468835246990947,-0.888911657267599,0.0
1221,0.5898927561741016,-1.2611749835376354,0.9738804176488018,1.5444349664034636,1.5099210359698805,1.6092532392977372,0.7499382051220984,0.5451636813569027,1.1214085237778197,1.3147426061016865,0.8142138309047251,-0.33468835246990947,-0.888911657267599,0.0
1222,1.5283487076568603,-0.3635130540549814,0.9738804176488018,0.18360415684516715,-0.40792221536283074,0.15640179378807706,-0.6701759913981298,-0.2866743345374679,-0.030473057711353863,0.21430909113256916,0.8142138309047251,-0.33468835246990947,-0.888911657267599,0.0
1223,0.1364492077512397,-0.405631331168321,0.9738804176488018,0.6372144266979326,1.1263523857033382,0.6406856089579638,-0.19680459255805374,0.12924467340971743,0.353487469451704,0.947931434445314,0.8142138309047251,-0.33468835246990947,-0.888911657267599,0.0
1224,5.181726157924603,-0.6188809656603074,0.9738804176488018,-0.7236163828603639,-0.40792221536283074,0.6406856089579638,0.27656680628202235,-0.2866743345374679,0.16150720587017506,2.0483649494144314,0.8142138309047251,2.9878542011404647,-0.888911657267599,0.0
1225,1.2423226875878526,-0.3635130540549814,0.9738804176488018,0.18360415684516715,-0.40792221536283074,0.15640179378807706,-0.6701759913981298,-0.2866743345374679,-0.030473057711353863,0.21430909113256916,0.8142138309047251,-0.33468835246990947,-0.888911657267599,0.0
1226,-0.8235309628022245,-0.9579011516250073,0.9738804176488018,1.5444349664034636,1.1263523857033382,0.6406856089579638,0.7499382051220984,0.5451636813569027,0.7374479966147619,-0.5193132521801758,0.8142138309047251,-0.33468835246990947,-0.888911657267599,0.0
1227,1.257589816174704,-0.3635130540549814,0.9738804176488018,0.18360415684516715,-0.40792221536283074,0.15640179378807706,-0.6701759913981298,-0.2866743345374679,-0.030473057711353863,0.21430909113256916,0.8142138309047251,-0.33468835246990947,-0.888911657267599,0.0
1228,-0.15054037985816662,-1.1703071992896323,0.9738804176488018,0.6372144266979326,0.35921508517025375,0.15640179378807706,0.7499382051220984,0.5451636813569027,0.9294282601962908,-1.2529355954929207,0.8142138309047251,-0.33468835246990947,-0.888911657267599,0.0
1229,0.13429678584416915,-1.1703071992896323,0.9738804176488018,0.6372144266979326,0.35921508517025375,0.15640179378807706,0.7499382051220984,0.5451636813569027,0.9294282601962908,-0.5193132521801758,0.8142138309047251,-0.33468835246990947,-0.888911657267599,0.0
1230,-0.6298129911658752,0.13675088662421503,0.9738804176488018,0.6372144266979326,1.893489686236423,0.6406856089579638,1.6966810028022505,1.7929207051984586,1.1214085237778197,0.5811202627889416,0.8142138309047251,-0.33468835246990947,1.1249711845087873,0.0
1231,1.2643182870562064,-0.3635130540549814,0.9738804176488018,0.18360415684516715,-0.40792221536283074,0.15640179378807706,-0.6701759913981298,-0.2866743345374679,-0.030473057711353863,0.5811202627889416,0.8142138309047251,-0.33468835246990947,-0.888911657267599,0.0
1232,0.6437033038508654,-0.3635130540549814,1.0248800060022893,0.18360415684516715,-0.40792221536283074,0.15640179378807706,-0.6701759913981298,-0.2866743345374679,-0.030473057711353863,0.21430909113256916,0.8142138309047251,-0.33468835246990947,-0.888911657267599,0.0
1233,-0.30694970510529307,-0.9579011516250073,1.0248800060022893,1.5444349664034636,1.1263523857033382,0.6406856089579638,0.7499382051220984,0.5451636813569027,0.7374479966147619,-0.5193132521801758,0.8142138309047251,-0.33468835246990947,-0.888911657267599,0.0
1234,1.5226089159046723,-0.3635130540549814,1.0248800060022893,0.18360415684516715,-0.40792221536283074,0.15640179378807706,-0.6701759913981298,-0.2866743345374679,-0.030473057711353863,0.5811202627889416,0.8142138309047251,-0.33468835246990947,-0.888911657267599,0.0
1235,0.2742042098037547,-0.9579011516250073,1.0248800060022893,1.5444349664034636,1.1263523857033382,0.6406856089579638,0.7499382051220984,0.5451636813569027,0.7374479966147619,-0.5193132521801758,0.8142138309047251,-0.33468835246990947,-0.888911657267599,0.0
1236,-0.5508908545732885,-0.9579011516250073,1.0248800060022893,1.5444349664034636,1.1263523857033382,0.6406856089579638,0.7499382051220984,0.5451636813569027,0.7374479966147619,-0.5193132521801758,0.8142138309047251,-0.33468835246990947,-0.888911657267599,0.0
1237,-0.2717934806231408,-0.3635130540549814,1.0248800060022893,0.18360415684516715,-0.40792221536283074,0.15640179378807706,-0.6701759913981298,-0.2866743345374679,-0.030473057711353863,0.21430909113256916,0.8142138309047251,-0.33468835246990947,-0.888911657267599,0.0
1238,-0.25816147521169397,-0.9579011516250073,1.0248800060022893,1.5444349664034636,1.1263523857033382,0.6406856089579638,0.7499382051220984,0.5451636813569027,0.7374479966147619,-0.8861244238365482,0.8142138309047251,-0.33468835246990947,-0.888911657267599,0.0
1239,-0.02067759146491026,-0.9579011516250073,1.0248800060022893,1.5444349664034636,1.1263523857033382,0.6406856089579638,0.7499382051220984,0.5451636813569027,0.7374479966147619,0.947931434445314,0.8142138309047251,-0.33468835246990947,-0.888911657267599,0.0
1240,-0.07735803501776801,-0.405631331168321,1.0248800060022893,0.6372144266979326,1.1263523857033382,0.6406856089579638,-0.19680459255805374,0.12924467340971743,0.353487469451704,0.21430909113256916,0.8142138309047251,-0.33468835246990947,-0.888911657267599,0.0
1241,-0.12758121284941412,-0.405631331168321,1.0248800060022893,0.6372144266979326,1.1263523857033382,0.6406856089579638,-0.19680459255805374,0.12924467340971743,0.353487469451704,0.21430909113256916,0.8142138309047251,-0.33468835246990947,-0.888911657267599,0.0
1242,-0.3467243095260497,-0.3635130540549814,1.0248800060022893,0.18360415684516715,-0.40792221536283074,0.15640179378807706,-0.6701759913981298,-0.2866743345374679,-0.030473057711353863,0.21430909113256916,0.8142138309047251,-0.33468835246990947,-0.888911657267599,0.0
1243,-0.8450551818729299,-0.637947052197572,1.0248800060022893,1.998045236256229,1.5099210359698805,2.093537054467624,0.7499382051220984,0.12924467340971743,0.7374479966147619,0.21430909113256916,0.8142138309047251,-0.33468835246990947,-0.888911657267599,0.0
1244,0.5992199177714074,-0.3635130540549814,1.0248800060022893,0.18360415684516715,-0.40792221536283074,0.15640179378807706,-0.6701759913981298,-0.2866743345374679,-0.030473057711353863,0.21430909113256916,0.8142138309047251,-0.33468835246990947,-0.888911657267599,0.0
1245,-0.35717288293693916,-0.3635130540549814,1.0248800060022893,0.18360415684516715,-0.40792221536283074,0.15640179378807706,-0.6701759913981298,-0.2866743345374679,-0.030473057711353863,0.21430909113256916,0.8142138309047251,-0.33468835246990947,-0.888911657267599,0.0
1246,-0.6656866896170509,-1.2611749835376354,1.0248800060022893,1.5444349664034636,1.5099210359698805,1.6092532392977372,0.7499382051220984,0.5451636813569027,1.1214085237778197,0.21430909113256916,0.8142138309047251,-0.33468835246990947,-0.888911657267599,0.0
1247,3.0063450838453027,-0.3635130540549814,1.075879594355777,0.18360415684516715,-0.40792221536283074,0.15640179378807706,-0.6701759913981298,-0.2866743345374679,-0.030473057711353863,-0.15250208052380332,0.8142138309047251,-0.33468835246990947,-0.888911657267599,0.0
1248,-0.28542548603458756,-0.7222833601097661,1.075879594355777,1.5444349664034636,1.5099210359698805,2.093537054467624,1.2233096039621745,0.961082689304088,1.1214085237778197,-1.2529355954929207,0.8142138309047251,2.9878542011404647,1.1249711845087873,0.0
1249,0.4822716608205743,-1.146156952292013,1.075879594355777,1.090824696550698,0.35921508517025375,0.15640179378807706,0.7499382051220984,0.5451636813569027,0.7374479966147619,-0.8861244238365482,0.8142138309047251,2.9878542011404647,-0.888911657267599,0.0
1250,-0.5795898133342291,-1.1703071992896323,1.075879594355777,0.6372144266979326,0.35921508517025375,0.15640179378807706,0.7499382051220984,0.5451636813569027,0.9294282601962908,2.0483649494144314,0.8142138309047251,-0.33468835246990947,-0.888911657267599,0.0
1251,-0.4360950195295259,-0.637947052197572,1.075879594355777,1.998045236256229,1.5099210359698805,2.093537054467624,0.7499382051220984,0.12924467340971743,0.7374479966147619,-0.15250208052380332,0.8142138309047251,-0.33468835246990947,-0.888911657267599,0.0
1252,0.48520469440594244,-0.3635130540549814,1.075879594355777,0.18360415684516715,-0.40792221536283074,0.15640179378807706,-0.6701759913981298,-0.2866743345374679,-0.030473057711353863,0.5811202627889416,0.8142138309047251,-0.33468835246990947,-0.888911657267599,0.0
1253,0.6603343504528305,-0.3635130540549814,1.075879594355777,0.18360415684516715,-0.40792221536283074,0.15640179378807706,-0.6701759913981298,-0.2866743345374679,-0.030473057711353863,0.5811202627889416,0.8142138309047251,-0.33468835246990947,-0.888911657267599,0.0
1254,-0.7733077849705783,-0.9579011516250073,1.075879594355777,1.5444349664034636,1.1263523857033382,0.6406856089579638,0.7499382051220984,0.5451636813569027,0.7374479966147619,0.947931434445314,0.8142138309047251,-0.33468835246990947,-0.888911657267599,0.0
1255,-0.35817447659769597,-0.3635130540549814,1.075879594355777,0.18360415684516715,-0.40792221536283074,0.15640179378807706,-0.6701759913981298,-0.2866743345374679,-0.030473057711353863,-0.15250208052380332,0.8142138309047251,-0.33468835246990947,-0.888911657267599,0.0
1256,-0.22802756851270634,-0.405631331168321,1.075879594355777,0.6372144266979326,1.1263523857033382,0.6406856089579638,-0.19680459255805374,0.12924467340971743,0.353487469451704,-0.15250208052380332,0.8142138309047251,-0.33468835246990947,-0.888911657267599,0.0
1257,-0.8701667707887529,0.13675088662421503,1.075879594355777,0.6372144266979326,1.893489686236423,0.6406856089579638,1.6966810028022505,1.7929207051984586,1.1214085237778197,-0.5193132521801758,0.8142138309047251,-0.33468835246990947,1.1249711845087873,0.0
1258,0.8410086453323322,-0.405631331168321,1.075879594355777,0.6372144266979326,1.1263523857033382,0.6406856089579638,-0.19680459255805374,0.12924467340971743,0.353487469451704,0.947931434445314,0.8142138309047251,-0.33468835246990947,-0.888911657267599,0.0
1259,-0.3011381659562026,-0.3635130540549814,1.075879594355777,0.18360415684516715,-0.40792221536283074,0.15640179378807706,-0.6701759913981298,-0.2866743345374679,-0.030473057711353863,0.21430909113256916,0.8142138309047251,-0.33468835246990947,-0.888911657267599,0.0
1260,0.6616401530764533,-1.146156952292013,1.075879594355777,1.090824696550698,0.35921508517025375,0.15640179378807706,0.7499382051220984,0.5451636813569027,0.7374479966147619,-0.15250208052380332,0.8142138309047251,2.9878542011404647,-0.888911657267599,0.0
1261,-0.3692895833258083,-0.3635130540549814,1.075879594355777,0.18360415684516715,-0.40792221536283074,0.15640179378807706,-0.6701759913981298,-0.2866743345374679,-0.030473057711353863,-0.15250208052380332,0.8142138309047251,-0.33468835246990947,-0.888911657267599,0.0
1262,0.6616401530764533,-1.146156952292013,1.075879594355777,1.090824696550698,0.35921508517025375,0.15640179378807706,0.7499382051220984,0.5451636813569027,0.7374479966147619,1.681553777758059,0.8142138309047251,2.9878542011404647,-0.888911657267599,0.0
1263,-0.6800361689975213,-1.1703071992896323,1.075879594355777,0.6372144266979326,0.35921508517025375,0.15640179378807706,0.7499382051220984,0.5451636813569027,0.9294282601962908,2.415176121070804,0.8142138309047251,-0.33468835246990947,-0.888911657267599,0.0
1264,-0.36319105458910844,-0.3635130540549814,1.1268791827092646,0.18360415684516715,-0.40792221536283074,0.15640179378807706,-0.6701759913981298,-0.2866743345374679,-0.030473057711353863,0.21430909113256916,0.8142138309047251,-0.33468835246990947,-0.888911657267599,0.0
1265,0.6616401530764533,-1.146156952292013,1.1268791827092646,1.090824696550698,0.35921508517025375,0.15640179378807706,0.7499382051220984,0.5451636813569027,0.7374479966147619,0.947931434445314,0.8142138309047251,2.9878542011404647,-0.888911657267599,0.0
1266,-0.31720958286232936,-0.3635130540549814,1.1268791827092646,0.18360415684516715,-0.40792221536283074,0.15640179378807706,-0.6701759913981298,-0.2866743345374679,-0.030473057711353863,0.5811202627889416,0.8142138309047251,-0.33468835246990947,-0.888911657267599,0.0
1267,1.379114122099969,-0.3635130540549814,1.1268791827092646,0.18360415684516715,-0.40792221536283074,0.15640179378807706,-0.6701759913981298,-0.2866743345374679,-0.030473057711353863,-0.15250208052380332,0.8142138309047251,-0.33468835246990947,-0.888911657267599,0.0
1268,-0.3550204610298686,-0.3635130540549814,1.1268791827092646,0.18360415684516715,-0.40792221536283074,0.15640179378807706,-0.6701759913981298,-0.2866743345374679,-0.030473057711353863,-0.15250208052380332,0.8142138309047251,-0.33468835246990947,-0.888911657267599,0.0
1269,-0.8437005910194135,0.13675088662421503,1.1268791827092646,0.6372144266979326,1.893489686236423,0.6406856089579638,1.6966810028022505,1.7929207051984586,1.1214085237778197,-0.15250208052380332,0.8142138309047251,-0.33468835246990947,1.1249711845087873,0.0
1270,-0.35128457407316316,-0.3635130540549814,1.1268791827092646,0.18360415684516715,-0.40792221536283074,0.15640179378807706,-0.6701759913981298,-0.2866743345374679,-0.030473057711353863,0.21430909113256916,0.8142138309047251,-0.33468835246990947,-0.888911657267599,0.0
1271,-0.8307057024924596,-0.405631331168321,1.1268791827092646,0.6372144266979326,1.1263523857033382,0.6406856089579638,-0.19680459255805374,0.12924467340971743,0.353487469451704,0.21430909113256916,0.8142138309047251,-0.33468835246990947,-0.888911657267599,0.0
1272,1.3647646427194988,-0.405631331168321,1.177878771062752,0.6372144266979326,1.1263523857033382,0.6406856089579638,-0.19680459255805374,0.12924467340971743,0.353487469451704,2.0483649494144314,0.8142138309047251,-0.33468835246990947,-0.888911657267599,0.0
1273,-0.7804825246608135,-0.9579011516250073,1.177878771062752,1.5444349664034636,1.1263523857033382,0.6406856089579638,0.7499382051220984,0.5451636813569027,0.7374479966147619,0.5811202627889416,0.8142138309047251,-0.33468835246990947,-0.888911657267599,0.0
1274,0.13070941599905156,-1.1703071992896323,1.177878771062752,0.6372144266979326,0.35921508517025375,0.15640179378807706,0.7499382051220984,0.5451636813569027,0.9294282601962908,2.7819872927271763,0.8142138309047251,-0.33468835246990947,-0.888911657267599,0.0
1275,-0.4002213210783501,-1.1703071992896323,1.177878771062752,0.6372144266979326,0.35921508517025375,0.15640179378807706,0.7499382051220984,0.5451636813569027,0.9294282601962908,2.0483649494144314,0.8142138309047251,-0.33468835246990947,-0.888911657267599,0.0
1276,-0.5401287450379357,-0.637947052197572,1.177878771062752,1.998045236256229,1.5099210359698805,2.093537054467624,0.7499382051220984,0.12924467340971743,0.7374479966147619,-0.15250208052380332,0.8142138309047251,-0.33468835246990947,-0.888911657267599,0.0
1277,-0.3599911206872635,-0.3635130540549814,1.177878771062752,0.18360415684516715,-0.40792221536283074,0.15640179378807706,-0.6701759913981298,-0.2866743345374679,-0.030473057711353863,0.21430909113256916,0.8142138309047251,-0.33468835246990947,-0.888911657267599,0.0
1278,-0.3592047692172138,-0.3635130540549814,1.177878771062752,0.18360415684516715,-0.40792221536283074,0.15640179378807706,-0.6701759913981298,-0.2866743345374679,-0.030473057711353863,0.21430909113256916,0.8142138309047251,-0.33468835246990947,-0.888911657267599,0.0
1279,1.5382986366592784,-0.3635130540549814,1.177878771062752,0.18360415684516715,-0.40792221536283074,0.15640179378807706,-0.6701759913981298,-0.2866743345374679,-0.030473057711353863,0.5811202627889416,0.8142138309047251,-0.33468835246990947,-0.888911657267599,0.0
1280,-0.6441624705463455,-1.1703071992896323,1.177878771062752,0.6372144266979326,0.35921508517025375,0.15640179378807706,0.7499382051220984,0.5451636813569027,0.9294282601962908,0.947931434445314,0.8142138309047251,-0.33468835246990947,-0.888911657267599,0.0
1281,-1.193030056849335,0.13675088662421503,1.177878771062752,0.6372144266979326,1.893489686236423,0.6406856089579638,1.6966810028022505,1.7929207051984586,1.1214085237778197,0.21430909113256916,0.8142138309047251,-0.33468835246990947,1.1249711845087873,0.0
1282,-0.41457080045882044,0.19965109405734263,1.177878771062752,-0.27000611300759836,1.1263523857033382,1.6092532392977372,1.6966810028022505,1.7929207051984586,1.6973493145224068,-1.619746767149293,0.8142138309047251,-0.33468835246990947,1.1249711845087873,0.0
1283,-0.34282340355646884,-0.3635130540549814,1.177878771062752,0.18360415684516715,-0.40792221536283074,0.15640179378807706,-0.6701759913981298,-0.2866743345374679,-0.030473057711353863,0.21430909113256916,0.8142138309047251,-0.33468835246990947,-0.888911657267599,0.0
1284,1.601531052497259,-0.3635130540549814,1.177878771062752,0.18360415684516715,-0.40792221536283074,0.15640179378807706,-0.6701759913981298,-0.2866743345374679,-0.030473057711353863,0.5811202627889416,0.8142138309047251,-0.33468835246990947,-0.888911657267599,0.0
1285,-0.7101700756965089,-1.1703071992896323,1.177878771062752,0.6372144266979326,0.35921508517025375,0.15640179378807706,0.7499382051220984,0.5451636813569027,0.9294282601962908,-0.8861244238365482,0.8142138309047251,-0.33468835246990947,-0.888911657267599,0.0
1286,-0.30694970510529307,-0.09238793091483787,1.177878771062752,0.18360415684516715,1.5099210359698805,0.6406856089579638,1.6966810028022505,1.3770016972512733,1.1214085237778197,-0.5193132521801758,0.8142138309047251,-0.33468835246990947,1.1249711845087873,0.0
1287,-0.5042550465867599,-1.1703071992896323,1.177878771062752,0.6372144266979326,0.35921508517025375,0.15640179378807706,0.7499382051220984,0.5451636813569027,0.9294282601962908,-0.8861244238365482,0.8142138309047251,-0.33468835246990947,-0.888911657267599,0.0
1288,2.2257334055477176,-0.6188809656603074,1.177878771062752,-0.7236163828603639,-0.40792221536283074,0.6406856089579638,0.27656680628202235,-0.2866743345374679,0.16150720587017506,-1.2529355954929207,0.8142138309047251,2.9878542011404647,-0.888911657267599,0.0
1289,0.5095356716434679,-0.3635130540549814,1.177878771062752,0.18360415684516715,-0.40792221536283074,0.15640179378807706,-0.6701759913981298,-0.2866743345374679,-0.030473057711353863,0.5811202627889416,0.8142138309047251,-0.33468835246990947,-0.888911657267599,0.0
1290,1.5355234473470956,-0.405631331168321,1.177878771062752,0.6372144266979326,1.1263523857033382,0.6406856089579638,-0.19680459255805374,0.12924467340971743,0.353487469451704,2.0483649494144314,0.8142138309047251,-0.33468835246990947,-0.888911657267599,0.0
1291,-0.19215387006153054,-1.1703071992896323,1.177878771062752,0.6372144266979326,0.35921508517025375,0.15640179378807706,0.7499382051220984,0.5451636813569027,0.9294282601962908,-1.619746767149293,0.8142138309047251,-0.33468835246990947,-0.888911657267599,0.0
1292,-0.4231804880871026,-1.1703071992896323,1.177878771062752,0.6372144266979326,0.35921508517025375,0.15640179378807706,0.7499382051220984,0.5451636813569027,0.9294282601962908,1.3147426061016865,0.8142138309047251,-0.33468835246990947,-0.888911657267599,0.0
1293,-0.5939392927146994,-1.1703071992896323,1.177878771062752,0.6372144266979326,0.35921508517025375,0.15640179378807706,0.7499382051220984,0.5451636813569027,0.9294282601962908,1.681553777758059,0.8142138309047251,-0.33468835246990947,-0.888911657267599,0.0
1294,0.1594083747599922,-0.6188809656603074,1.2288783594162396,-0.7236163828603639,-0.40792221536283074,0.6406856089579638,0.27656680628202235,-0.2866743345374679,0.16150720587017506,1.3147426061016865,0.8142138309047251,2.9878542011404647,-0.888911657267599,0.0
1295,-0.35472916659844506,-0.3635130540549814,1.2288783594162396,0.18360415684516715,-0.40792221536283074,0.15640179378807706,-0.6701759913981298,-0.2866743345374679,-0.030473057711353863,-0.5193132521801758,0.8142138309047251,-0.33468835246990947,-0.888911657267599,0.0
1296,0.9925592368612314,-0.405631331168321,1.2288783594162396,0.6372144266979326,1.1263523857033382,0.6406856089579638,-0.19680459255805374,0.12924467340971743,0.353487469451704,1.3147426061016865,0.8142138309047251,-0.33468835246990947,-0.888911657267599,0.0
1297,-0.34852803908417485,-0.3635130540549814,1.2288783594162396,0.18360415684516715,-0.40792221536283074,0.15640179378807706,-0.6701759913981298,-0.2866743345374679,-0.030473057711353863,-0.15250208052380332,0.8142138309047251,-0.33468835246990947,-0.888911657267599,0.0
1298,-0.37147644398339197,-0.3635130540549814,1.2288783594162396,0.18360415684516715,-0.40792221536283074,0.15640179378807706,-0.6701759913981298,-0.2866743345374679,-0.030473057711353863,0.5811202627889416,0.8142138309047251,-0.33468835246990947,-0.888911657267599,0.0
1299,-0.12758121284941412,-1.1703071992896323,1.2288783594162396,0.6372144266979326,0.35921508517025375,0.15640179378807706,0.7499382051220984,0.5451636813569027,0.9294282601962908,-0.15250208052380332,0.8142138309047251,-0.33468835246990947,-0.888911657267599,0.0
1300,-0.35580968239579447,-0.3635130540549814,1.2288783594162396,0.18360415684516715,-0.40792221536283074,0.15640179378807706,-0.6701759913981298,-0.2866743345374679,-0.030473057711353863,0.21430909113256916,0.8142138309047251,-0.33468835246990947,-0.888911657267599,0.0
1301,-0.32518789339787085,-0.3635130540549814,1.2288783594162396,0.18360415684516715,-0.40792221536283074,0.15640179378807706,-0.6701759913981298,-0.2866743345374679,-0.030473057711353863,0.21430909113256916,0.8142138309047251,-0.33468835246990947,-0.888911657267599,0.0
1302,0.1594083747599922,-0.6188809656603074,1.2288783594162396,-0.7236163828603639,-0.40792221536283074,0.6406856089579638,0.27656680628202235,-0.2866743345374679,0.16150720587017506,1.3147426061016865,0.8142138309047251,2.9878542011404647,-0.888911657267599,0.0
1303,-0.3444018462883206,-0.3635130540549814,1.2288783594162396,0.18360415684516715,-0.40792221536283074,0.15640179378807706,-0.6701759913981298,-0.2866743345374679,-0.030473057711353863,0.5811202627889416,0.8142138309047251,-0.33468835246990947,-0.888911657267599,0.0
1304,-0.34370517906439874,-0.3635130540549814,1.2288783594162396,0.18360415684516715,-0.40792221536283074,0.15640179378807706,-0.6701759913981298,-0.2866743345374679,-0.030473057711353863,0.21430909113256916,0.8142138309047251,-0.33468835246990947,-0.888911657267599,0.0
1305,-0.14193069222988444,-1.1703071992896323,1.2288783594162396,0.6372144266979326,0.35921508517025375,0.15640179378807706,0.7499382051220984,0.5451636813569027,0.9294282601962908,-1.619746767149293,0.8142138309047251,-0.33468835246990947,-0.888911657267599,0.0
1306,0.3387768670158712,-0.7222833601097661,1.2288783594162396,1.5444349664034636,1.5099210359698805,2.093537054467624,1.2233096039621745,0.961082689304088,1.1214085237778197,-1.619746767149293,0.8142138309047251,2.9878542011404647,1.1249711845087873,0.0
1307,-0.9168025787752815,-0.637947052197572,1.2288783594162396,1.998045236256229,1.5099210359698805,2.093537054467624,0.7499382051220984,0.12924467340971743,0.7374479966147619,-0.8861244238365482,0.8142138309047251,-0.33468835246990947,-0.888911657267599,0.0
1308,-0.5052595101433929,-1.2611749835376354,1.2288783594162396,1.5444349664034636,1.5099210359698805,1.6092532392977372,0.7499382051220984,0.5451636813569027,1.1214085237778197,-0.15250208052380332,0.8142138309047251,-0.33468835246990947,-0.888911657267599,0.0
1309,0.37465056546704695,-0.9579011516250073,1.2288783594162396,1.5444349664034636,1.1263523857033382,0.6406856089579638,0.7499382051220984,0.5451636813569027,0.7374479966147619,0.947931434445314,0.8142138309047251,-0.33468835246990947,-0.888911657267599,0.0
1310,-0.04148433656659222,-1.1703071992896323,1.2288783594162396,0.6372144266979326,0.35921508517025375,0.15640179378807706,0.7499382051220984,0.5451636813569027,0.9294282601962908,-0.15250208052380332,0.8142138309047251,-0.33468835246990947,-0.888911657267599,0.0
1311,1.1638719313929142,-0.405631331168321,1.2288783594162396,0.6372144266979326,1.1263523857033382,0.6406856089579638,-0.19680459255805374,0.12924467340971743,0.353487469451704,0.947931434445314,0.8142138309047251,-0.33468835246990947,-0.888911657267599,0.0
1312,-0.35128457407316316,-0.3635130540549814,1.2288783594162396,0.18360415684516715,-0.40792221536283074,0.15640179378807706,-0.6701759913981298,-0.2866743345374679,-0.030473057711353863,-0.5193132521801758,0.8142138309047251,-0.33468835246990947,-0.888911657267599,0.0
1313,-0.4504444989099962,-1.1703071992896323,1.2288783594162396,0.6372144266979326,0.35921508517025375,0.15640179378807706,0.7499382051220984,0.5451636813569027,0.9294282601962908,-1.2529355954929207,0.8142138309047251,-0.33468835246990947,-0.888911657267599,0.0
1314,-0.40739606076858526,0.19965109405734263,1.2288783594162396,-0.27000611300759836,1.1263523857033382,1.6092532392977372,1.6966810028022505,1.7929207051984586,1.6973493145224068,-1.619746767149293,0.8142138309047251,-0.33468835246990947,1.1249711845087873,0.0
1315,-0.3526621240936883,-0.3635130540549814,1.2288783594162396,0.18360415684516715,-0.40792221536283074,0.15640179378807706,-0.6701759913981298,-0.2866743345374679,-0.030473057711353863,-0.15250208052380332,0.8142138309047251,-0.33468835246990947,-0.888911657267599,0.0
1316,-0.3106339339362288,-0.3635130540549814,1.2288783594162396,0.18360415684516715,-0.40792221536283074,0.15640179378807706,-0.6701759913981298,-0.2866743345374679,-0.030473057711353863,0.5811202627889416,0.8142138309047251,-0.33468835246990947,-0.888911657267599,0.0
1317,-0.3556295964295696,-0.3635130540549814,1.2288783594162396,0.18360415684516715,-0.40792221536283074,0.15640179378807706,-0.6701759913981298,-0.2866743345374679,-0.030473057711353863,0.21430909113256916,0.8142138309047251,-0.33468835246990947,-0.888911657267599,0.0
1318,0.6616401530764533,-1.146156952292013,1.2288783594162396,1.090824696550698,0.35921508517025375,0.15640179378807706,0.7499382051220984,0.5451636813569027,0.7374479966147619,1.3147426061016865,0.8142138309047251,2.9878542011404647,-0.888911657267599,0.0
1319,-1.1535689885530418,0.13675088662421503,1.2288783594162396,0.6372144266979326,1.893489686236423,0.6406856089579638,1.6966810028022505,1.7929207051984586,1.1214085237778197,-0.15250208052380332,0.8142138309047251,-0.33468835246990947,1.1249711845087873,0.0
1320,-0.852229921563165,-0.637947052197572,1.2288783594162396,1.998045236256229,1.5099210359698805,2.093537054467624,0.7499382051220984,0.12924467340971743,0.7374479966147619,-0.5193132521801758,0.8142138309047251,-0.33468835246990947,-0.888911657267599,0.0
1321,-0.2472759601536692,-0.3635130540549814,1.2288783594162396,0.18360415684516715,-0.40792221536283074,0.15640179378807706,-0.6701759913981298,-0.2866743345374679,-0.030473057711353863,0.5811202627889416,0.8142138309047251,-0.33468835246990947,-0.888911657267599,0.0
1322,-0.18497913037129537,-0.405631331168321,1.2288783594162396,0.6372144266979326,1.1263523857033382,0.6406856089579638,-0.19680459255805374,0.12924467340971743,0.353487469451704,-0.5193132521801758,0.8142138309047251,-0.33468835246990947,-0.888911657267599,0.0
1323,1.917219598867606,-1.1703071992896323,1.2288783594162396,0.6372144266979326,0.35921508517025375,0.15640179378807706,0.7499382051220984,0.5451636813569027,0.9294282601962908,2.415176121070804,0.8142138309047251,-0.33468835246990947,-0.888911657267599,0.0
1324,1.2714930267464417,-0.405631331168321,1.2288783594162396,0.6372144266979326,1.1263523857033382,0.6406856089579638,-0.19680459255805374,0.12924467340971743,0.353487469451704,1.681553777758059,0.8142138309047251,-0.33468835246990947,-0.888911657267599,0.0
1325,0.08766097785764063,-1.1703071992896323,1.2288783594162396,0.6372144266979326,0.35921508517025375,0.15640179378807706,0.7499382051220984,0.5451636813569027,0.9294282601962908,0.947931434445314,0.8142138309047251,-0.33468835246990947,-0.888911657267599,0.0
1326,-0.019960117495886744,-0.7222833601097661,1.2288783594162396,1.5444349664034636,1.5099210359698805,2.093537054467624,1.2233096039621745,0.961082689304088,1.1214085237778197,-0.8861244238365482,0.8142138309047251,2.9878542011404647,1.1249711845087873,0.0
1327,0.7477370293592751,-1.1703071992896323,1.2288783594162396,0.6372144266979326,0.35921508517025375,0.15640179378807706,0.7499382051220984,0.5451636813569027,0.9294282601962908,0.21430909113256916,0.8142138309047251,-0.33468835246990947,-0.888911657267599,0.0
1328,-0.2639012669638821,-0.405631331168321,1.2288783594162396,0.6372144266979326,1.1263523857033382,0.6406856089579638,-0.19680459255805374,0.12924467340971743,0.353487469451704,-1.2529355954929207,0.8142138309047251,-0.33468835246990947,-0.888911657267599,0.0
1329,-0.7015603880682267,-1.1703071992896323,1.2288783594162396,0.6372144266979326,0.35921508517025375,0.15640179378807706,0.7499382051220984,0.5451636813569027,0.9294282601962908,0.5811202627889416,0.8142138309047251,-0.33468835246990947,-0.888911657267599,0.0
1330,0.3387768670158712,-0.9579011516250073,1.2288783594162396,1.5444349664034636,1.1263523857033382,0.6406856089579638,0.7499382051220984,0.5451636813569027,0.7374479966147619,0.5811202627889416,0.8142138309047251,-0.33468835246990947,-0.888911657267599,0.0
1331,1.7522005859921972,-0.3635130540549814,1.2798779477697273,0.18360415684516715,-0.40792221536283074,0.15640179378807706,-0.6701759913981298,-0.2866743345374679,-0.030473057711353863,0.21430909113256916,0.8142138309047251,-0.33468835246990947,-0.888911657267599,0.0
1332,-0.2878648975292675,-0.3635130540549814,1.2798779477697273,0.18360415684516715,-0.40792221536283074,0.15640179378807706,-0.6701759913981298,-0.2866743345374679,-0.030473057711353863,0.21430909113256916,0.8142138309047251,-0.33468835246990947,-0.888911657267599,0.0
1333,1.6732784493996105,-0.3635130540549814,1.2798779477697273,0.18360415684516715,-0.40792221536283074,0.15640179378807706,-0.6701759913981298,-0.2866743345374679,-0.030473057711353863,0.5811202627889416,0.8142138309047251,-0.33468835246990947,-0.888911657267599,0.0
1334,-0.41457080045882044,-1.1703071992896323,1.2798779477697273,0.6372144266979326,0.35921508517025375,0.15640179378807706,0.7499382051220984,0.5451636813569027,0.9294282601962908,0.21430909113256916,0.8142138309047251,-0.33468835246990947,-0.888911657267599,0.0
1335,-0.758958305590108,-1.1703071992896323,1.2798779477697273,0.6372144266979326,0.35921508517025375,0.15640179378807706,0.7499382051220984,0.5451636813569027,0.9294282601962908,0.21430909113256916,0.8142138309047251,-0.33468835246990947,-0.888911657267599,0.0
1336,-0.6656866896170509,-1.1703071992896323,1.2798779477697273,0.6372144266979326,0.35921508517025375,0.15640179378807706,0.7499382051220984,0.5451636813569027,0.9294282601962908,0.21430909113256916,0.8142138309047251,-0.33468835246990947,-0.888911657267599,0.0
1337,0.09268329564080523,-1.1703071992896323,1.2798779477697273,0.6372144266979326,0.35921508517025375,0.15640179378807706,0.7499382051220984,0.5451636813569027,0.9294282601962908,0.21430909113256916,0.8142138309047251,-0.33468835246990947,-0.888911657267599,0.0
1338,-0.4436091244071092,-0.3635130540549814,1.2798779477697273,0.18360415684516715,-0.40792221536283074,0.15640179378807706,-0.6701759913981298,-0.2866743345374679,-0.030473057711353863,-1.619746767149293,0.8142138309047251,-0.33468835246990947,-0.888911657267599,0.0
1339,-0.8321406504305067,-1.1703071992896323,1.2798779477697273,0.6372144266979326,0.35921508517025375,0.15640179378807706,0.7499382051220984,0.5451636813569027,0.9294282601962908,-0.8861244238365482,0.8142138309047251,-0.33468835246990947,-0.888911657267599,0.0
1340,0.22039366212699105,-0.9579011516250073,1.2798779477697273,1.5444349664034636,1.1263523857033382,0.6406856089579638,0.7499382051220984,0.5451636813569027,0.7374479966147619,-0.8861244238365482,0.8142138309047251,-0.33468835246990947,-0.888911657267599,0.0
1341,-0.35717288293693916,-1.1703071992896323,1.2798779477697273,0.6372144266979326,0.35921508517025375,0.15640179378807706,0.7499382051220984,0.5451636813569027,0.9294282601962908,-0.8861244238365482,0.8142138309047251,-0.33468835246990947,-0.888911657267599,0.0
1342,-0.26533621490192916,-0.9579011516250073,1.2798779477697273,1.5444349664034636,1.1263523857033382,0.6406856089579638,0.7499382051220984,0.5451636813569027,0.7374479966147619,0.5811202627889416,0.8142138309047251,-0.33468835246990947,-0.888911657267599,0.0
1343,-0.3850445942115957,-0.3635130540549814,1.2798779477697273,0.18360415684516715,-0.40792221536283074,0.15640179378807706,-0.6701759913981298,-0.2866743345374679,-0.030473057711353863,-0.8861244238365482,0.8142138309047251,-0.33468835246990947,-0.888911657267599,0.0
1344,-0.41457080045882044,-1.1703071992896323,1.2798779477697273,0.6372144266979326,0.35921508517025375,0.15640179378807706,0.7499382051220984,0.5451636813569027,0.9294282601962908,1.681553777758059,0.8142138309047251,-0.33468835246990947,-0.888911657267599,0.0
1345,-0.4120596415672381,-0.3635130540549814,1.2798779477697273,0.18360415684516715,-0.40792221536283074,0.15640179378807706,-0.6701759913981298,-0.2866743345374679,-0.030473057711353863,-0.5193132521801758,0.8142138309047251,-0.33468835246990947,-0.888911657267599,0.0
1346,-0.37953295918155705,-0.3635130540549814,1.2798779477697273,0.18360415684516715,-0.40792221536283074,0.15640179378807706,-0.6701759913981298,-0.2866743345374679,-0.030473057711353863,-0.8861244238365482,0.8142138309047251,-0.33468835246990947,-0.888911657267599,0.0
1347,-0.3620158322278479,-0.3635130540549814,1.2798779477697273,0.18360415684516715,-0.40792221536283074,0.15640179378807706,-0.6701759913981298,-0.2866743345374679,-0.030473057711353863,0.21430909113256916,0.8142138309047251,-0.33468835246990947,-0.888911657267599,0.0
1348,0.195282073211168,-0.6188809656603074,1.2798779477697273,-0.7236163828603639,-0.40792221536283074,0.6406856089579638,0.27656680628202235,-0.2866743345374679,0.16150720587017506,-0.8861244238365482,0.8142138309047251,2.9878542011404647,-0.888911657267599,0.0
1349,-1.0602973725799847,0.13675088662421503,1.2798779477697273,0.6372144266979326,1.893489686236423,0.6406856089579638,1.6966810028022505,1.7929207051984586,1.1214085237778197,-0.15250208052380332,0.8142138309047251,-0.33468835246990947,1.1249711845087873,0.0
1350,-0.42569523434853,-0.3635130540549814,1.2798779477697273,0.18360415684516715,-0.40792221536283074,0.15640179378807706,-0.6701759913981298,-0.2866743345374679,-0.030473057711353863,-0.8861244238365482,0.8142138309047251,-0.33468835246990947,-0.888911657267599,0.0
1351,-0.4504444989099962,-1.1703071992896323,1.2798779477697273,0.6372144266979326,0.35921508517025375,0.15640179378807706,0.7499382051220984,0.5451636813569027,0.9294282601962908,-0.8861244238365482,0.8142138309047251,-0.33468835246990947,-0.888911657267599,0.0
1352,-0.42892027983929076,-1.1703071992896323,1.2798779477697273,0.6372144266979326,0.35921508517025375,0.15640179378807706,0.7499382051220984,0.5451636813569027,0.9294282601962908,-0.8861244238365482,0.8142138309047251,-0.33468835246990947,-0.888911657267599,0.0
1353,-0.3355697417296411,-0.3635130540549814,1.2798779477697273,0.18360415684516715,-0.40792221536283074,0.15640179378807706,-0.6701759913981298,-0.2866743345374679,-0.030473057711353863,0.21430909113256916,0.8142138309047251,-0.33468835246990947,-0.888911657267599,0.0
1354,-0.26799086858731613,-0.3635130540549814,1.2798779477697273,0.18360415684516715,-0.40792221536283074,0.15640179378807706,-0.6701759913981298,-0.2866743345374679,-0.030473057711353863,-0.15250208052380332,0.8142138309047251,-0.33468835246990947,-0.888911657267599,0.0
1355,2.6705672663422977,-1.146156952292013,1.2798779477697273,1.090824696550698,0.35921508517025375,0.15640179378807706,0.7499382051220984,0.5451636813569027,0.7374479966147619,0.5811202627889416,0.8142138309047251,2.9878542011404647,-0.888911657267599,0.0
1356,2.024840694221133,-1.1703071992896323,1.2798779477697273,0.6372144266979326,0.35921508517025375,0.15640179378807706,0.7499382051220984,0.5451636813569027,0.9294282601962908,1.681553777758059,0.8142138309047251,-0.33468835246990947,-0.888911657267599,0.0
1357,-0.8235309628022245,-0.637947052197572,1.2798779477697273,1.998045236256229,1.5099210359698805,2.093537054467624,0.7499382051220984,0.12924467340971743,0.7374479966147619,-0.5193132521801758,0.8142138309047251,-0.33468835246990947,-0.888911657267599,0.0
1358,-0.4318963618628003,-0.3635130540549814,1.2798779477697273,0.18360415684516715,-0.40792221536283074,0.15640179378807706,-0.6701759913981298,-0.2866743345374679,-0.030473057711353863,-1.2529355954929207,0.8142138309047251,-0.33468835246990947,-0.888911657267599,0.0
1359,-0.5939392927146994,0.13675088662421503,1.2798779477697273,0.6372144266979326,1.893489686236423,0.6406856089579638,1.6966810028022505,1.7929207051984586,1.1214085237778197,-0.15250208052380332,0.8142138309047251,-0.33468835246990947,1.1249711845087873,0.0
1360,1.2714930267464417,-0.6188809656603074,1.2798779477697273,-0.7236163828603639,-0.40792221536283074,0.6406856089579638,0.27656680628202235,-0.2866743345374679,0.16150720587017506,0.5811202627889416,0.8142138309047251,2.9878542011404647,-0.888911657267599,0.0
1361,-0.37126478916253003,-0.3635130540549814,1.2798779477697273,0.18360415684516715,-0.40792221536283074,0.15640179378807706,-0.6701759913981298,-0.2866743345374679,-0.030473057711353863,-0.5193132521801758,0.8142138309047251,-0.33468835246990947,-0.888911657267599,0.0
1362,-0.41040945143848406,-0.3635130540549814,1.2798779477697273,0.18360415684516715,-0.40792221536283074,0.15640179378807706,-0.6701759913981298,-0.2866743345374679,-0.030473057711353863,-0.5193132521801758,0.8142138309047251,-0.33468835246990947,-0.888911657267599,0.0
1363,-0.8536648695012121,0.13675088662421503,1.2798779477697273,0.6372144266979326,1.893489686236423,0.6406856089579638,1.6966810028022505,1.7929207051984586,1.1214085237778197,-0.15250208052380332,0.8142138309047251,-0.33468835246990947,1.1249711845087873,0.0
1364,0.9809878166888202,-0.405631331168321,1.2798779477697273,0.6372144266979326,1.1263523857033382,0.6406856089579638,-0.19680459255805374,0.12924467340971743,0.353487469451704,1.681553777758059,0.8142138309047251,-0.33468835246990947,-0.888911657267599,0.0
1365,-0.42913982687381197,-0.3635130540549814,1.2798779477697273,0.18360415684516715,-0.40792221536283074,0.15640179378807706,-0.6701759913981298,-0.2866743345374679,-0.030473057711353863,-1.2529355954929207,0.8142138309047251,-0.33468835246990947,-0.888911657267599,0.0
1366,1.0187628211579083,-0.405631331168321,1.2798779477697273,0.6372144266979326,1.1263523857033382,0.6406856089579638,-0.19680459255805374,0.12924467340971743,0.353487469451704,1.3147426061016865,0.8142138309047251,-0.33468835246990947,-0.888911657267599,0.0
1367,-0.35817447659769597,-0.3635130540549814,1.2798779477697273,0.18360415684516715,-0.40792221536283074,0.15640179378807706,-0.6701759913981298,-0.2866743345374679,-0.030473057711353863,-0.5193132521801758,0.8142138309047251,-0.33468835246990947,-0.888911657267599,0.0
1368,0.8309066118484811,-0.405631331168321,1.3308775361232148,0.6372144266979326,1.1263523857033382,0.6406856089579638,-0.19680459255805374,0.12924467340971743,0.353487469451704,1.3147426061016865,0.8142138309047251,-0.33468835246990947,-0.888911657267599,0.0
1369,1.6099333901484933,-0.3635130540549814,1.3308775361232148,0.18360415684516715,-0.40792221536283074,0.15640179378807706,-0.6701759913981298,-0.2866743345374679,-0.030473057711353863,-0.15250208052380332,0.8142138309047251,-0.33468835246990947,-0.888911657267599,0.0
1370,-0.46479397829046654,-1.1703071992896323,1.3308775361232148,0.6372144266979326,0.35921508517025375,0.15640179378807706,0.7499382051220984,0.5451636813569027,0.9294282601962908,-0.8861244238365482,0.8142138309047251,-0.33468835246990947,-0.888911657267599,0.0
1371,1.1638719313929142,-1.146156952292013,1.3308775361232148,1.090824696550698,0.35921508517025375,0.15640179378807706,0.7499382051220984,0.5451636813569027,0.7374479966147619,0.5811202627889416,0.8142138309047251,2.9878542011404647,-0.888911657267599,0.0
1372,-0.4394750393975957,-0.3635130540549814,1.3308775361232148,0.18360415684516715,-0.40792221536283074,0.15640179378807706,-0.6701759913981298,-0.2866743345374679,-0.030473057711353863,-1.619746767149293,0.8142138309047251,-0.33468835246990947,-0.888911657267599,0.0
1373,-0.827118332647342,-0.9579011516250073,1.3308775361232148,1.5444349664034636,1.1263523857033382,0.6406856089579638,0.7499382051220984,0.5451636813569027,0.7374479966147619,0.21430909113256916,0.8142138309047251,-0.33468835246990947,-0.888911657267599,0.0
1374,-0.39675735675590457,-0.3635130540549814,1.3308775361232148,0.18360415684516715,-0.40792221536283074,0.15640179378807706,-0.6701759913981298,-0.2866743345374679,-0.030473057711353863,-0.8861244238365482,0.8142138309047251,-0.33468835246990947,-0.888911657267599,0.0
1375,-1.2037921663846878,0.13675088662421503,1.3308775361232148,0.6372144266979326,1.893489686236423,0.6406856089579638,1.6966810028022505,1.7929207051984586,1.1214085237778197,-0.5193132521801758,0.8142138309047251,-0.33468835246990947,1.1249711845087873,0.0
1376,0.23115577166234377,-0.9579011516250073,1.3308775361232148,1.5444349664034636,1.1263523857033382,0.6406856089579638,0.7499382051220984,0.5451636813569027,0.7374479966147619,-0.5193132521801758,0.8142138309047251,-0.33468835246990947,-0.888911657267599,0.0
1377,-0.34783926407391225,-0.3635130540549814,1.3308775361232148,0.18360415684516715,-0.40792221536283074,0.15640179378807706,-0.6701759913981298,-0.2866743345374679,-0.030473057711353863,-0.5193132521801758,0.8142138309047251,-0.33468835246990947,-0.888911657267599,0.0
1378,-0.24237704789317663,-1.1703071992896323,1.3308775361232148,0.6372144266979326,0.35921508517025375,0.15640179378807706,0.7499382051220984,0.5451636813569027,0.9294282601962908,2.7819872927271763,0.8142138309047251,-0.33468835246990947,-0.888911657267599,0.0
1379,-0.42707350184302423,-0.3635130540549814,1.3308775361232148,0.18360415684516715,-0.40792221536283074,0.15640179378807706,-0.6701759913981298,-0.2866743345374679,-0.030473057711353863,-1.2529355954929207,0.8142138309047251,-0.33468835246990947,-0.888911657267599,0.0
1380,1.2463814378306186,-0.3635130540549814,1.3308775361232148,0.18360415684516715,-0.40792221536283074,0.15640179378807706,-0.6701759913981298,-0.2866743345374679,-0.030473057711353863,-0.15250208052380332,0.8142138309047251,-0.33468835246990947,-0.888911657267599,0.0
1381,-0.34282340355646884,-0.9579011516250073,1.3308775361232148,1.5444349664034636,1.1263523857033382,0.6406856089579638,0.7499382051220984,0.5451636813569027,0.7374479966147619,-0.8861244238365482,0.8142138309047251,-0.33468835246990947,-0.888911657267599,0.0
1382,-0.8091814834217541,-0.9579011516250073,1.3308775361232148,1.5444349664034636,1.1263523857033382,0.6406856089579638,0.7499382051220984,0.5451636813569027,0.7374479966147619,-0.5193132521801758,0.8142138309047251,-0.33468835246990947,-0.888911657267599,0.0
1383,3.352741516089856,-0.3635130540549814,1.3308775361232148,0.18360415684516715,-0.40792221536283074,0.15640179378807706,-0.6701759913981298,-0.2866743345374679,-0.030473057711353863,0.21430909113256916,0.8142138309047251,-0.33468835246990947,-0.888911657267599,0.0
1384,1.0921245344905628,-0.6188809656603074,1.3308775361232148,-0.7236163828603639,-0.40792221536283074,0.6406856089579638,0.27656680628202235,-0.2866743345374679,0.16150720587017506,-0.5193132521801758,0.8142138309047251,2.9878542011404647,-0.888911657267599,0.0
1385,-0.39304658138811494,-0.9579011516250073,1.3308775361232148,1.5444349664034636,1.1263523857033382,0.6406856089579638,0.7499382051220984,0.5451636813569027,0.7374479966147619,-0.15250208052380332,0.8142138309047251,-0.33468835246990947,-0.888911657267599,0.0
1386,0.7262128102885697,-1.1703071992896323,1.3308775361232148,0.6372144266979326,0.35921508517025375,0.15640179378807706,0.7499382051220984,0.5451636813569027,0.9294282601962908,0.21430909113256916,0.8142138309047251,-0.33468835246990947,-0.888911657267599,0.0
1387,0.2109316154235089,-0.3635130540549814,1.3308775361232148,0.18360415684516715,-0.40792221536283074,0.15640179378807706,-0.6701759913981298,-0.2866743345374679,-0.030473057711353863,0.21430909113256916,0.8142138309047251,-0.33468835246990947,-0.888911657267599,0.0
1388,1.2905792692704052,-0.3635130540549814,1.3818771244767023,0.18360415684516715,-0.40792221536283074,0.15640179378807706,-0.6701759913981298,-0.2866743345374679,-0.030473057711353863,-0.15250208052380332,0.8142138309047251,-0.33468835246990947,-0.888911657267599,0.0
1389,-0.486318197361172,-0.6188809656603074,1.3818771244767023,-0.7236163828603639,-0.40792221536283074,0.6406856089579638,0.27656680628202235,-0.2866743345374679,0.16150720587017506,-0.15250208052380332,0.8142138309047251,2.9878542011404647,-0.888911657267599,0.0
1390,-0.36434762262717435,-0.7222833601097661,1.3818771244767023,1.5444349664034636,1.5099210359698805,2.093537054467624,1.2233096039621745,0.961082689304088,1.1214085237778197,-1.2529355954929207,0.8142138309047251,2.9878542011404647,1.1249711845087873,0.0
1391,-0.5221918958123478,-1.2611749835376354,1.3818771244767023,1.5444349664034636,1.5099210359698805,1.6092532392977372,0.7499382051220984,0.5451636813569027,1.1214085237778197,0.947931434445314,0.8142138309047251,-0.33468835246990947,-0.888911657267599,0.0
1392,-0.39333357097572436,-0.3635130540549814,1.3818771244767023,0.18360415684516715,-0.40792221536283074,0.15640179378807706,-0.6701759913981298,-0.2866743345374679,-0.030473057711353863,-0.15250208052380332,0.8142138309047251,-0.33468835246990947,-0.888911657267599,0.0
1393,-0.38063428172400815,-0.3635130540549814,1.3818771244767023,0.18360415684516715,-0.40792221536283074,0.15640179378807706,-0.6701759913981298,-0.2866743345374679,-0.030473057711353863,-0.15250208052380332,0.8142138309047251,-0.33468835246990947,-0.888911657267599,0.0
1394,-0.3898896959244115,-0.3635130540549814,1.3818771244767023,0.18360415684516715,-0.40792221536283074,0.15640179378807706,-0.6701759913981298,-0.2866743345374679,-0.030473057711353863,-0.5193132521801758,0.8142138309047251,-0.33468835246990947,-0.888911657267599,0.0
1395,0.1594083747599922,-0.6188809656603074,1.3818771244767023,-0.7236163828603639,-0.40792221536283074,0.6406856089579638,0.27656680628202235,-0.2866743345374679,0.16150720587017506,1.681553777758059,0.8142138309047251,2.9878542011404647,-0.888911657267599,0.0
1396,5.253473554826954,-0.9579011516250073,1.3818771244767023,1.5444349664034636,1.1263523857033382,0.6406856089579638,0.7499382051220984,0.5451636813569027,0.7374479966147619,-0.5193132521801758,0.8142138309047251,-0.33468835246990947,-0.888911657267599,0.0
1397,-0.4086444654746862,-0.3635130540549814,1.3818771244767023,0.18360415684516715,-0.40792221536283074,0.15640179378807706,-0.6701759913981298,-0.2866743345374679,-0.030473057711353863,-0.15250208052380332,0.8142138309047251,-0.33468835246990947,-0.888911657267599,0.0
1398,3.0020402400311617,-0.3635130540549814,1.3818771244767023,0.18360415684516715,-0.40792221536283074,0.15640179378807706,-0.6701759913981298,-0.2866743345374679,-0.030473057711353863,0.21430909113256916,0.8142138309047251,-0.33468835246990947,-0.888911657267599,0.0
1399,-0.8450551818729299,-0.637947052197572,1.3818771244767023,1.998045236256229,1.5099210359698805,2.093537054467624,0.7499382051220984,0.12924467340971743,0.7374479966147619,0.21430909113256916,0.8142138309047251,-0.33468835246990947,-0.888911657267599,0.0
1400,0.5568050091446441,-0.3635130540549814,1.3818771244767023,0.18360415684516715,-0.40792221536283074,0.15640179378807706,-0.6701759913981298,-0.2866743345374679,-0.030473057711353863,0.21430909113256916,0.8142138309047251,-0.33468835246990947,-0.888911657267599,0.0
1401,0.06470181084888812,-1.1703071992896323,1.3818771244767023,0.6372144266979326,0.35921508517025375,0.15640179378807706,0.7499382051220984,0.5451636813569027,0.9294282601962908,1.3147426061016865,0.8142138309047251,-0.33468835246990947,-0.888911657267599,0.0
1402,-0.38888523236777855,-0.3635130540549814,1.3818771244767023,0.18360415684516715,-0.40792221536283074,0.15640179378807706,-0.6701759913981298,-0.2866743345374679,-0.030473057711353863,-0.8861244238365482,0.8142138309047251,-0.33468835246990947,-0.888911657267599,0.0
1403,1.3551519264825216,-0.3635130540549814,1.3818771244767023,0.18360415684516715,-0.40792221536283074,0.15640179378807706,-0.6701759913981298,-0.2866743345374679,-0.030473057711353863,-0.15250208052380332,0.8142138309047251,-0.33468835246990947,-0.888911657267599,0.0
1404,0.697513851527629,-0.405631331168321,1.3818771244767023,0.6372144266979326,1.1263523857033382,0.6406856089579638,-0.19680459255805374,0.12924467340971743,0.353487469451704,1.3147426061016865,0.8142138309047251,-0.33468835246990947,-0.888911657267599,0.0
1405,-0.25138062873045275,-0.3635130540549814,1.3818771244767023,0.18360415684516715,-0.40792221536283074,0.15640179378807706,-0.6701759913981298,-0.2866743345374679,-0.030473057711353863,0.5811202627889416,0.8142138309047251,-0.33468835246990947,-0.888911657267599,0.0
1406,-0.12758121284941412,-1.1703071992896323,1.3818771244767023,0.6372144266979326,0.35921508517025375,0.15640179378807706,0.7499382051220984,0.5451636813569027,0.9294282601962908,0.5811202627889416,0.8142138309047251,-0.33468835246990947,-0.888911657267599,0.0
1407,-0.41457080045882044,-0.3635130540549814,1.3818771244767023,0.18360415684516715,-0.40792221536283074,0.15640179378807706,-0.6701759913981298,-0.2866743345374679,-0.030473057711353863,-1.2529355954929207,0.8142138309047251,-0.33468835246990947,-0.888911657267599,0.0
1408,1.3073667251976175,-1.146156952292013,1.3818771244767023,1.090824696550698,0.35921508517025375,0.15640179378807706,0.7499382051220984,0.5451636813569027,0.7374479966147619,-0.8861244238365482,0.8142138309047251,2.9878542011404647,-0.888911657267599,0.0
1409,12.320592149708585,-0.6188809656603074,1.3818771244767023,-0.7236163828603639,-0.40792221536283074,0.6406856089579638,0.27656680628202235,-0.2866743345374679,0.16150720587017506,2.0483649494144314,0.8142138309047251,2.9878542011404647,-0.888911657267599,0.0
1410,1.2532835374126248,-0.405631331168321,1.3818771244767023,0.6372144266979326,1.1263523857033382,0.6406856089579638,-0.19680459255805374,0.12924467340971743,0.353487469451704,1.681553777758059,0.8142138309047251,-0.33468835246990947,-0.888911657267599,0.0
1411,-0.3687959612351201,-0.3635130540549814,1.3818771244767023,0.18360415684516715,-0.40792221536283074,0.15640179378807706,-0.6701759913981298,-0.2866743345374679,-0.030473057711353863,-0.8861244238365482,0.8142138309047251,-0.33468835246990947,-0.888911657267599,0.0
1412,1.0081284219890416,-0.405631331168321,1.3818771244767023,0.6372144266979326,1.1263523857033382,0.6406856089579638,-0.19680459255805374,0.12924467340971743,0.353487469451704,1.3147426061016865,0.8142138309047251,-0.33468835246990947,-0.888911657267599,0.0
1413,-0.6585119499268158,-1.1703071992896323,1.3818771244767023,0.6372144266979326,0.35921508517025375,0.15640179378807706,0.7499382051220984,0.5451636813569027,0.9294282601962908,0.947931434445314,0.8142138309047251,-0.33468835246990947,-0.888911657267599,0.0
1414,1.586156302815054,-0.3635130540549814,1.3818771244767023,0.18360415684516715,-0.40792221536283074,0.15640179378807706,-0.6701759913981298,-0.2866743345374679,-0.030473057711353863,-0.15250208052380332,0.8142138309047251,-0.33468835246990947,-0.888911657267599,0.0
1415,-0.5150171561221126,-1.1703071992896323,1.3818771244767023,0.6372144266979326,0.35921508517025375,0.15640179378807706,0.7499382051220984,0.5451636813569027,0.9294282601962908,1.3147426061016865,0.8142138309047251,-0.33468835246990947,-0.888911657267599,0.0
1416,-0.8091814834217541,-1.1703071992896323,1.3818771244767023,0.6372144266979326,0.35921508517025375,0.15640179378807706,0.7499382051220984,0.5451636813569027,0.9294282601962908,1.3147426061016865,0.8142138309047251,-0.33468835246990947,-0.888911657267599,0.0
1417,-0.486318197361172,-0.6188809656603074,1.4328767128301898,-0.7236163828603639,-0.40792221536283074,0.6406856089579638,0.27656680628202235,-0.2866743345374679,0.16150720587017506,2.0483649494144314,0.8142138309047251,2.9878542011404647,-0.888911657267599,0.0
1418,1.2930172458171472,-1.146156952292013,1.4328767128301898,1.090824696550698,0.35921508517025375,0.15640179378807706,0.7499382051220984,0.5451636813569027,0.7374479966147619,0.5811202627889416,0.8142138309047251,2.9878542011404647,-0.888911657267599,0.0
1419,-0.6656866896170509,-1.1703071992896323,1.4328767128301898,0.6372144266979326,0.35921508517025375,0.15640179378807706,0.7499382051220984,0.5451636813569027,0.9294282601962908,-0.5193132521801758,0.8142138309047251,-0.33468835246990947,-0.888911657267599,0.0
1420,1.5972907813403299,-0.3635130540549814,1.4328767128301898,0.18360415684516715,-0.40792221536283074,0.15640179378807706,-0.6701759913981298,-0.2866743345374679,-0.030473057711353863,0.21430909113256916,0.8142138309047251,-0.33468835246990947,-0.888911657267599,0.0
1421,-0.7948320040412838,-1.1703071992896323,1.4328767128301898,0.6372144266979326,0.35921508517025375,0.15640179378807706,0.7499382051220984,0.5451636813569027,0.9294282601962908,0.5811202627889416,0.8142138309047251,-0.33468835246990947,-0.888911657267599,0.0
1422,0.007303893327006854,-1.1703071992896323,1.4328767128301898,0.6372144266979326,0.35921508517025375,0.15640179378807706,0.7499382051220984,0.5451636813569027,0.9294282601962908,1.681553777758059,0.8142138309047251,-0.33468835246990947,-0.888911657267599,0.0
1423,-0.4086444654746862,-0.3635130540549814,1.4328767128301898,0.18360415684516715,-0.40792221536283074,0.15640179378807706,-0.6701759913981298,-0.2866743345374679,-0.030473057711353863,-0.5193132521801758,0.8142138309047251,-0.33468835246990947,-0.888911657267599,0.0
1424,-0.29260022572482275,-1.1703071992896323,1.4328767128301898,0.6372144266979326,0.35921508517025375,0.15640179378807706,0.7499382051220984,0.5451636813569027,0.9294282601962908,2.415176121070804,0.8142138309047251,-0.33468835246990947,-0.888911657267599,0.0
1425,2.240082884928188,-0.6188809656603074,1.4328767128301898,-0.7236163828603639,-0.40792221536283074,0.6406856089579638,0.27656680628202235,-0.2866743345374679,0.16150720587017506,-0.5193132521801758,0.8142138309047251,2.9878542011404647,-0.888911657267599,0.0
1426,0.9400200530575774,-1.1703071992896323,1.4328767128301898,0.6372144266979326,0.35921508517025375,0.15640179378807706,0.7499382051220984,0.5451636813569027,0.9294282601962908,2.7819872927271763,0.8142138309047251,-0.33468835246990947,-0.888911657267599,0.0
1427,-0.47196871798070167,-0.6188809656603074,1.4328767128301898,-0.7236163828603639,-0.40792221536283074,0.6406856089579638,0.27656680628202235,-0.2866743345374679,0.16150720587017506,0.5811202627889416,0.8142138309047251,2.9878542011404647,-0.888911657267599,0.0
1428,3.032314771628078,-0.3635130540549814,1.4328767128301898,0.18360415684516715,-0.40792221536283074,0.15640179378807706,-0.6701759913981298,-0.2866743345374679,-0.030473057711353863,-0.15250208052380332,0.8142138309047251,-0.33468835246990947,-0.888911657267599,0.0
1429,-0.3939075501509432,-0.3635130540549814,1.4328767128301898,0.18360415684516715,-0.40792221536283074,0.15640179378807706,-0.6701759913981298,-0.2866743345374679,-0.030473057711353863,-0.5193132521801758,0.8142138309047251,-0.33468835246990947,-0.888911657267599,0.0
1430,0.4951861922629976,-1.146156952292013,1.4328767128301898,1.090824696550698,0.35921508517025375,0.15640179378807706,0.7499382051220984,0.5451636813569027,0.7374479966147619,-0.15250208052380332,0.8142138309047251,2.9878542011404647,-0.888911657267599,0.0
1431,-0.31484191876455175,-0.3635130540549814,1.4328767128301898,0.18360415684516715,-0.40792221536283074,0.15640179378807706,-0.6701759913981298,-0.2866743345374679,-0.030473057711353863,-0.8861244238365482,0.8142138309047251,-0.33468835246990947,-0.888911657267599,0.0
1432,-0.4156039629742143,-0.3635130540549814,1.4328767128301898,0.18360415684516715,-0.40792221536283074,0.15640179378807706,-0.6701759913981298,-0.2866743345374679,-0.030473057711353863,-0.5193132521801758,0.8142138309047251,-0.33468835246990947,-0.888911657267599,0.0
1433,-0.30452464308999355,-0.3635130540549814,1.4328767128301898,0.18360415684516715,-0.40792221536283074,0.15640179378807706,-0.6701759913981298,-0.2866743345374679,-0.030473057711353863,0.21430909113256916,0.8142138309047251,-0.33468835246990947,-0.888911657267599,0.0
1434,-0.39220713684435743,-0.3635130540549814,1.4328767128301898,0.18360415684516715,-0.40792221536283074,0.15640179378807706,-0.6701759913981298,-0.2866743345374679,-0.030473057711353863,-1.2529355954929207,0.8142138309047251,-0.33468835246990947,-0.888911657267599,0.0
1435,0.5623166441746829,-0.3635130540549814,1.4328767128301898,0.18360415684516715,-0.40792221536283074,0.15640179378807706,-0.6701759913981298,-0.2866743345374679,-0.030473057711353863,0.5811202627889416,0.8142138309047251,-0.33468835246990947,-0.888911657267599,0.0
1436,-0.36088939809648096,-0.3635130540549814,1.4328767128301898,0.18360415684516715,-0.40792221536283074,0.15640179378807706,-0.6701759913981298,-0.2866743345374679,-0.030473057711353863,-0.15250208052380332,0.8142138309047251,-0.33468835246990947,-0.888911657267599,0.0
1437,-0.40725256597478054,-0.3635130540549814,1.4838763011836775,0.18360415684516715,-0.40792221536283074,0.15640179378807706,-0.6701759913981298,-0.2866743345374679,-0.030473057711353863,-0.8861244238365482,0.8142138309047251,-0.33468835246990947,-0.888911657267599,0.0
1438,-0.6441624705463455,-0.9579011516250073,1.4838763011836775,1.5444349664034636,1.1263523857033382,0.6406856089579638,0.7499382051220984,0.5451636813569027,0.7374479966147619,-0.8861244238365482,0.8142138309047251,-0.33468835246990947,-0.888911657267599,0.0
1439,-0.4662289262285136,-1.1703071992896323,1.4838763011836775,0.6372144266979326,0.35921508517025375,0.15640179378807706,0.7499382051220984,0.5451636813569027,0.9294282601962908,0.21430909113256916,0.8142138309047251,-0.33468835246990947,-0.888911657267599,0.0
1440,-0.5221918958123478,-1.1703071992896323,1.4838763011836775,0.6372144266979326,0.35921508517025375,0.15640179378807706,0.7499382051220984,0.5451636813569027,0.9294282601962908,-1.2529355954929207,0.8142138309047251,-0.33468835246990947,-0.888911657267599,0.0
1441,3.020694563225773,-0.3635130540549814,1.4838763011836775,0.18360415684516715,-0.40792221536283074,0.15640179378807706,-0.6701759913981298,-0.2866743345374679,-0.030473057711353863,0.21430909113256916,0.8142138309047251,-0.33468835246990947,-0.888911657267599,0.0
1442,-0.7876572643510487,-1.1703071992896323,1.4838763011836775,0.6372144266979326,0.35921508517025375,0.15640179378807706,0.7499382051220984,0.5451636813569027,0.9294282601962908,-0.8861244238365482,0.8142138309047251,-0.33468835246990947,-0.888911657267599,0.0
1443,0.23035794060878964,-1.1703071992896323,1.4838763011836775,0.6372144266979326,0.35921508517025375,0.15640179378807706,0.7499382051220984,0.5451636813569027,0.9294282601962908,2.415176121070804,0.8142138309047251,-0.33468835246990947,-0.888911657267599,0.0
1444,-0.1993286097517657,-1.1703071992896323,1.4838763011836775,0.6372144266979326,0.35921508517025375,0.15640179378807706,0.7499382051220984,0.5451636813569027,0.9294282601962908,1.681553777758059,0.8142138309047251,-0.33468835246990947,-0.888911657267599,0.0
1445,-0.1993286097517657,-1.1703071992896323,1.4838763011836775,0.6372144266979326,0.35921508517025375,0.15640179378807706,0.7499382051220984,0.5451636813569027,0.9294282601962908,1.681553777758059,0.8142138309047251,-0.33468835246990947,-0.888911657267599,0.0
1446,-0.41977966147393114,-0.3635130540549814,1.4838763011836775,0.18360415684516715,-0.40792221536283074,0.15640179378807706,-0.6701759913981298,-0.2866743345374679,-0.030473057711353863,-0.5193132521801758,0.8142138309047251,-0.33468835246990947,-0.888911657267599,0.0
1447,0.84887216003283,-0.405631331168321,1.4838763011836775,0.6372144266979326,1.1263523857033382,0.6406856089579638,-0.19680459255805374,0.12924467340971743,0.353487469451704,0.947931434445314,0.8142138309047251,-0.33468835246990947,-0.888911657267599,0.0
1448,-0.7697204151254607,-1.1703071992896323,1.4838763011836775,0.6372144266979326,0.35921508517025375,0.15640179378807706,0.7499382051220984,0.5451636813569027,0.9294282601962908,-0.8861244238365482,0.8142138309047251,-0.33468835246990947,-0.888911657267599,0.0
1449,-0.4128201639744031,-0.3635130540549814,1.4838763011836775,0.18360415684516715,-0.40792221536283074,0.15640179378807706,-0.6701759913981298,-0.2866743345374679,-0.030473057711353863,-0.8861244238365482,0.8142138309047251,-0.33468835246990947,-0.888911657267599,0.0
1450,-0.486318197361172,-0.3635130540549814,1.4838763011836775,0.18360415684516715,-0.40792221536283074,0.15640179378807706,-0.6701759913981298,-0.2866743345374679,-0.030473057711353863,-0.15250208052380332,0.8142138309047251,-0.33468835246990947,-0.888911657267599,0.0
1451,-0.7984193738864014,-1.1703071992896323,1.4838763011836775,0.6372144266979326,0.35921508517025375,0.15640179378807706,0.7499382051220984,0.5451636813569027,0.9294282601962908,1.3147426061016865,0.8142138309047251,-0.33468835246990947,-0.888911657267599,0.0
1452,-0.8235309628022245,-0.637947052197572,1.4838763011836775,1.998045236256229,1.5099210359698805,2.093537054467624,0.7499382051220984,0.12924467340971743,0.7374479966147619,0.21430909113256916,0.8142138309047251,-0.33468835246990947,-0.888911657267599,0.0
1453,-0.486318197361172,-0.6188809656603074,1.4838763011836775,-0.7236163828603639,-0.40792221536283074,0.6406856089579638,0.27656680628202235,-0.2866743345374679,0.16150720587017506,0.5811202627889416,0.8142138309047251,2.9878542011404647,-0.888911657267599,0.0
1454,-0.39890116897534683,-0.3635130540549814,1.4838763011836775,0.18360415684516715,-0.40792221536283074,0.15640179378807706,-0.6701759913981298,-0.2866743345374679,-0.030473057711353863,-1.2529355954929207,0.8142138309047251,-0.33468835246990947,-0.888911657267599,0.0
1455,-0.46479397829046654,-0.637947052197572,1.4838763011836775,1.998045236256229,1.5099210359698805,2.093537054467624,0.7499382051220984,0.12924467340971743,0.7374479966147619,-0.5193132521801758,0.8142138309047251,-0.33468835246990947,-0.888911657267599,0.0
1456,0.5812830685458195,-0.405631331168321,1.4838763011836775,0.6372144266979326,1.1263523857033382,0.6406856089579638,-0.19680459255805374,0.12924467340971743,0.353487469451704,1.3147426061016865,0.8142138309047251,-0.33468835246990947,-0.888911657267599,0.0
1457,1.149522452012444,-0.405631331168321,1.4838763011836775,0.6372144266979326,1.1263523857033382,0.6406856089579638,-0.19680459255805374,0.12924467340971743,0.353487469451704,1.681553777758059,0.8142138309047251,-0.33468835246990947,-0.888911657267599,0.0
1458,0.31910301331127733,-0.3635130540549814,1.534875889537165,0.18360415684516715,-0.40792221536283074,0.15640179378807706,-0.6701759913981298,-0.2866743345374679,-0.030473057711353863,-0.15250208052380332,0.8142138309047251,-0.33468835246990947,-0.888911657267599,0.0
1459,0.2670294701135196,-0.7222833601097661,1.534875889537165,1.5444349664034636,1.5099210359698805,2.093537054467624,1.2233096039621745,0.961082689304088,1.1214085237778197,-1.2529355954929207,0.8142138309047251,2.9878542011404647,1.1249711845087873,0.0
1460,-1.1822679473139823,0.13675088662421503,1.534875889537165,0.6372144266979326,1.893489686236423,0.6406856089579638,1.6966810028022505,1.7929207051984586,1.1214085237778197,-0.8861244238365482,0.8142138309047251,-0.33468835246990947,1.1249711845087873,0.0
1461,-0.019960117495886744,-0.405631331168321,1.534875889537165,0.6372144266979326,1.1263523857033382,0.6406856089579638,-0.19680459255805374,0.12924467340971743,0.353487469451704,0.21430909113256916,0.8142138309047251,-0.33468835246990947,-0.888911657267599,0.0
1462,-0.7876572643510487,-0.9579011516250073,1.534875889537165,1.5444349664034636,1.1263523857033382,0.6406856089579638,0.7499382051220984,0.5451636813569027,0.7374479966147619,-0.5193132521801758,0.8142138309047251,-0.33468835246990947,-0.888911657267599,0.0
1463,-0.6298129911658752,-1.1703071992896323,1.534875889537165,0.6372144266979326,0.35921508517025375,0.15640179378807706,0.7499382051220984,0.5451636813569027,0.9294282601962908,-0.15250208052380332,0.8142138309047251,-0.33468835246990947,-0.888911657267599,0.0
1464,1.508259436524202,-0.3635130540549814,1.534875889537165,0.18360415684516715,-0.40792221536283074,0.15640179378807706,-0.6701759913981298,-0.2866743345374679,-0.030473057711353863,-0.15250208052380332,0.8142138309047251,-0.33468835246990947,-0.888911657267599,0.0
1465,-0.8171540541655434,-0.9579011516250073,1.534875889537165,1.5444349664034636,1.1263523857033382,0.6406856089579638,0.7499382051220984,0.5451636813569027,0.7374479966147619,-1.2529355954929207,0.8142138309047251,-0.33468835246990947,-0.888911657267599,0.0
1466,0.3015701019302497,-0.3635130540549814,1.534875889537165,0.18360415684516715,-0.40792221536283074,0.15640179378807706,-0.6701759913981298,-0.2866743345374679,-0.030473057711353863,-0.5193132521801758,0.8142138309047251,-0.33468835246990947,-0.888911657267599,0.0
1467,0.5347577515505206,-0.3635130540549814,1.534875889537165,0.18360415684516715,-0.40792221536283074,0.15640179378807706,-0.6701759913981298,-0.2866743345374679,-0.030473057711353863,0.21430909113256916,0.8142138309047251,-0.33468835246990947,-0.888911657267599,0.0
1468,-0.31555939273357525,-0.3635130540549814,1.534875889537165,0.18360415684516715,-0.40792221536283074,0.15640179378807706,-0.6701759913981298,-0.2866743345374679,-0.030473057711353863,-0.15250208052380332,0.8142138309047251,-0.33468835246990947,-0.888911657267599,0.0
1469,3.2804201400122857,-0.3635130540549814,1.534875889537165,0.18360415684516715,-0.40792221536283074,0.15640179378807706,-0.6701759913981298,-0.2866743345374679,-0.030473057711353863,-0.15250208052380332,0.8142138309047251,-0.33468835246990947,-0.888911657267599,0.0
1470,-0.5939392927146994,-0.09238793091483787,1.534875889537165,0.18360415684516715,1.5099210359698805,0.6406856089579638,1.6966810028022505,1.3770016972512733,1.1214085237778197,-0.8861244238365482,0.8142138309047251,-0.33468835246990947,1.1249711845087873,0.0
1471,0.00012915363677169694,-1.1703071992896323,1.534875889537165,0.6372144266979326,0.35921508517025375,0.15640179378807706,0.7499382051220984,0.5451636813569027,0.9294282601962908,-0.5193132521801758,0.8142138309047251,-0.33468835246990947,-0.888911657267599,0.0
1472,0.03743780002599452,-1.1703071992896323,1.534875889537165,0.6372144266979326,0.35921508517025375,0.15640179378807706,0.7499382051220984,0.5451636813569027,0.9294282601962908,2.415176121070804,0.8142138309047251,-0.33468835246990947,-0.888911657267599,0.0
1473,1.311841610342417,-0.3635130540549814,1.534875889537165,0.18360415684516715,-0.40792221536283074,0.15640179378807706,-0.6701759913981298,-0.2866743345374679,-0.030473057711353863,-0.15250208052380332,0.8142138309047251,-0.33468835246990947,-0.888911657267599,0.0
1474,1.6158805318777292,-0.3635130540549814,1.534875889537165,0.18360415684516715,-0.40792221536283074,0.15640179378807706,-0.6701759913981298,-0.2866743345374679,-0.030473057711353863,0.21430909113256916,0.8142138309047251,-0.33468835246990947,-0.888911657267599,0.0
1475,1.0203771375882111,-0.6188809656603074,1.5858754778906525,-0.7236163828603639,-0.40792221536283074,0.6406856089579638,0.27656680628202235,-0.2866743345374679,0.16150720587017506,-0.5193132521801758,0.8142138309047251,2.9878542011404647,-0.888911657267599,0.0
1476,0.9203160654462845,-0.3635130540549814,1.5858754778906525,0.18360415684516715,-0.40792221536283074,0.15640179378807706,-0.6701759913981298,-0.2866743345374679,-0.030473057711353863,-1.2529355954929207,0.8142138309047251,-0.33468835246990947,-0.888911657267599,0.0
1477,-0.5221918958123478,-0.9579011516250073,1.5858754778906525,1.5444349664034636,1.1263523857033382,0.6406856089579638,0.7499382051220984,0.5451636813569027,0.7374479966147619,-0.15250208052380332,0.8142138309047251,-0.33468835246990947,-0.888911657267599,0.0
1478,-0.2973771674105813,-0.3635130540549814,1.5858754778906525,0.18360415684516715,-0.40792221536283074,0.15640179378807706,-0.6701759913981298,-0.2866743345374679,-0.030473057711353863,-0.15250208052380332,0.8142138309047251,-0.33468835246990947,-0.888911657267599,0.0
1479,-0.8464901298109769,-0.9579011516250073,1.5858754778906525,1.5444349664034636,1.1263523857033382,0.6406856089579638,0.7499382051220984,0.5451636813569027,0.7374479966147619,-0.8861244238365482,0.8142138309047251,-0.33468835246990947,-0.888911657267599,0.0
1480,-0.3486277679658691,-0.3635130540549814,1.5858754778906525,0.18360415684516715,-0.40792221536283074,0.15640179378807706,-0.6701759913981298,-0.2866743345374679,-0.030473057711353863,-0.8861244238365482,0.8142138309047251,-0.33468835246990947,-0.888911657267599,0.0
1481,-0.8802917634396128,0.13675088662421503,1.5858754778906525,0.6372144266979326,1.893489686236423,0.6406856089579638,1.6966810028022505,1.7929207051984586,1.1214085237778197,-0.5193132521801758,0.8142138309047251,-0.33468835246990947,1.1249711845087873,0.0
1482,1.5369583952851424,-0.3635130540549814,1.5858754778906525,0.18360415684516715,-0.40792221536283074,0.15640179378807706,-0.6701759913981298,-0.2866743345374679,-0.030473057711353863,-0.15250208052380332,0.8142138309047251,-0.33468835246990947,-0.888911657267599,0.0
1483,-0.690798278532874,-1.2611749835376354,1.5858754778906525,1.5444349664034636,1.5099210359698805,1.6092532392977372,0.7499382051220984,0.5451636813569027,1.1214085237778197,0.5811202627889416,0.8142138309047251,-0.33468835246990947,-0.888911657267599,0.0
1484,-0.7015603880682267,-1.2611749835376354,1.5858754778906525,1.5444349664034636,1.5099210359698805,1.6092532392977372,0.7499382051220984,0.5451636813569027,1.1214085237778197,-0.5193132521801758,0.8142138309047251,-0.33468835246990947,-0.888911657267599,0.0
1485,1.5107225246598597,-0.3635130540549814,1.5858754778906525,0.18360415684516715,-0.40792221536283074,0.15640179378807706,-0.6701759913981298,-0.2866743345374679,-0.030473057711353863,-0.15250208052380332,0.8142138309047251,-0.33468835246990947,-0.888911657267599,0.0
1486,-0.5580655942635235,-1.1703071992896323,1.5858754778906525,0.6372144266979326,0.35921508517025375,0.15640179378807706,0.7499382051220984,0.5451636813569027,0.9294282601962908,-0.15250208052380332,0.8142138309047251,-0.33468835246990947,-0.888911657267599,0.0
1487,1.219423788392498,-0.3635130540549814,1.5858754778906525,0.18360415684516715,-0.40792221536283074,0.15640179378807706,-0.6701759913981298,-0.2866743345374679,-0.030473057711353863,-0.8861244238365482,0.8142138309047251,-0.33468835246990947,-0.888911657267599,0.0
1488,0.30290316856469535,-1.1703071992896323,1.5858754778906525,0.6372144266979326,0.35921508517025375,0.15640179378807706,0.7499382051220984,0.5451636813569027,0.9294282601962908,0.947931434445314,0.8142138309047251,-0.33468835246990947,-0.888911657267599,0.0
1489,-0.8091814834217541,0.13675088662421503,1.6368750662441398,0.6372144266979326,1.893489686236423,0.6406856089579638,1.6966810028022505,1.7929207051984586,1.1214085237778197,0.5811202627889416,0.8142138309047251,-0.33468835246990947,1.1249711845087873,0.0
1490,-0.012785377805651588,-1.1703071992896323,1.6368750662441398,0.6372144266979326,0.35921508517025375,0.15640179378807706,0.7499382051220984,0.5451636813569027,0.9294282601962908,-0.5193132521801758,0.8142138309047251,-0.33468835246990947,-0.888911657267599,0.0
1491,-0.1634549113005899,-0.7222833601097661,1.6368750662441398,1.5444349664034636,1.5099210359698805,2.093537054467624,1.2233096039621745,0.961082689304088,1.1214085237778197,-1.2529355954929207,0.8142138309047251,2.9878542011404647,1.1249711845087873,0.0
1492,-0.1993286097517657,-0.405631331168321,1.6368750662441398,0.6372144266979326,1.1263523857033382,0.6406856089579638,-0.19680459255805374,0.12924467340971743,0.353487469451704,-0.5193132521801758,0.8142138309047251,-0.33468835246990947,-0.888911657267599,0.0
1493,0.23115577166234377,-0.9579011516250073,1.6368750662441398,1.5444349664034636,1.1263523857033382,0.6406856089579638,0.7499382051220984,0.5451636813569027,0.7374479966147619,0.947931434445314,0.8142138309047251,-0.33468835246990947,-0.888911657267599,0.0
1494,-0.24237704789317663,-0.9579011516250073,1.6368750662441398,1.5444349664034636,1.1263523857033382,0.6406856089579638,0.7499382051220984,0.5451636813569027,0.7374479966147619,0.5811202627889416,0.8142138309047251,-0.33468835246990947,-0.888911657267599,0.0
1495,0.015913580955289046,-0.3635130540549814,1.6368750662441398,0.18360415684516715,-0.40792221536283074,0.15640179378807706,-0.6701759913981298,-0.2866743345374679,-0.030473057711353863,-1.2529355954929207,0.8142138309047251,-0.33468835246990947,-0.888911657267599,0.0
1496,-0.6082887720951697,-0.405631331168321,1.6368750662441398,0.6372144266979326,1.1263523857033382,0.6406856089579638,-0.19680459255805374,0.12924467340971743,0.353487469451704,0.5811202627889416,0.8142138309047251,-0.33468835246990947,-0.888911657267599,0.0
1497,-0.12758121284941412,-1.1703071992896323,1.6368750662441398,0.6372144266979326,0.35921508517025375,0.15640179378807706,0.7499382051220984,0.5451636813569027,0.9294282601962908,2.7819872927271763,0.8142138309047251,-0.33468835246990947,-0.888911657267599,0.0
1498,-0.3679349924722919,-1.1703071992896323,1.6368750662441398,0.6372144266979326,0.35921508517025375,0.15640179378807706,0.7499382051220984,0.5451636813569027,0.9294282601962908,0.947931434445314,0.8142138309047251,-0.33468835246990947,-0.888911657267599,0.0
1499,-0.46479397829046654,-0.9579011516250073,1.6368750662441398,1.5444349664034636,1.1263523857033382,0.6406856089579638,0.7499382051220984,0.5451636813569027,0.7374479966147619,0.21430909113256916,0.8142138309047251,-0.33468835246990947,-0.888911657267599,0.0
1500,-0.49708030689652477,-0.3635130540549814,1.6368750662441398,0.18360415684516715,-0.40792221536283074,0.15640179378807706,-0.6701759913981298,-0.2866743345374679,-0.030473057711353863,-1.2529355954929207,0.8142138309047251,-0.33468835246990947,-0.888911657267599,0.0
1501,0.21093233289747795,-0.3635130540549814,1.6368750662441398,0.18360415684516715,-0.40792221536283074,0.15640179378807706,-0.6701759913981298,-0.2866743345374679,-0.030473057711353863,0.21430909113256916,0.8142138309047251,-0.33468835246990947,-0.888911657267599,0.0
1502,0.12353467630881641,-0.6188809656603074,1.6368750662441398,-0.7236163828603639,-0.40792221536283074,0.6406856089579638,0.27656680628202235,-0.2866743345374679,0.16150720587017506,0.21430909113256916,0.8142138309047251,2.9878542011404647,-0.888911657267599,0.0
1503,-0.4044687669749693,-0.3635130540549814,1.6368750662441398,0.18360415684516715,-0.40792221536283074,0.15640179378807706,-0.6701759913981298,-0.2866743345374679,-0.030473057711353863,-0.15250208052380332,0.8142138309047251,-0.33468835246990947,-0.888911657267599,0.0
1504,-0.9024530993948112,0.13675088662421503,1.6368750662441398,0.6372144266979326,1.893489686236423,0.6406856089579638,1.6966810028022505,1.7929207051984586,1.1214085237778197,-0.8861244238365482,0.8142138309047251,-0.33468835246990947,1.1249711845087873,0.0
1505,1.4508615190023206,-0.405631331168321,1.6368750662441398,0.6372144266979326,1.1263523857033382,0.6406856089579638,-0.19680459255805374,0.12924467340971743,0.353487469451704,1.681553777758059,0.8142138309047251,-0.33468835246990947,-0.888911657267599,0.0
1506,-0.7374340865194026,-0.637947052197572,1.6368750662441398,1.998045236256229,1.5099210359698805,2.093537054467624,0.7499382051220984,0.12924467340971743,0.7374479966147619,-0.15250208052380332,0.8142138309047251,-0.33468835246990947,-0.888911657267599,0.0
1507,-1.1894426870042174,0.13675088662421503,1.6368750662441398,0.6372144266979326,1.893489686236423,0.6406856089579638,1.6966810028022505,1.7929207051984586,1.1214085237778197,0.21430909113256916,0.8142138309047251,-0.33468835246990947,1.1249711845087873,0.0
1508,0.08766097785764063,-0.6188809656603074,1.6368750662441398,-0.7236163828603639,-0.40792221536283074,0.6406856089579638,0.27656680628202235,-0.2866743345374679,0.16150720587017506,0.5811202627889416,0.8142138309047251,2.9878542011404647,-0.888911657267599,0.0
1509,-0.35717288293693916,-0.9579011516250073,1.6368750662441398,1.5444349664034636,1.1263523857033382,0.6406856089579638,0.7499382051220984,0.5451636813569027,0.7374479966147619,-1.2529355954929207,0.8142138309047251,-0.33468835246990947,-0.888911657267599,0.0
1510,-0.4002213210783501,-1.1703071992896323,1.6368750662441398,0.6372144266979326,0.35921508517025375,0.15640179378807706,0.7499382051220984,0.5451636813569027,0.9294282601962908,2.7819872927271763,0.8142138309047251,-0.33468835246990947,-0.888911657267599,0.0
1511,-0.30694970510529307,-0.9579011516250073,1.6368750662441398,1.5444349664034636,1.1263523857033382,0.6406856089579638,0.7499382051220984,0.5451636813569027,0.7374479966147619,-0.8861244238365482,0.8142138309047251,-0.33468835246990947,-0.888911657267599,0.0
1512,-0.3912457217258659,-0.3635130540549814,1.6878746545976275,0.18360415684516715,-0.40792221536283074,0.15640179378807706,-0.6701759913981298,-0.2866743345374679,-0.030473057711353863,-0.15250208052380332,0.8142138309047251,-0.33468835246990947,-0.888911657267599,0.0
1513,3.531125634060235,-0.3635130540549814,1.6878746545976275,0.18360415684516715,-0.40792221536283074,0.15640179378807706,-0.6701759913981298,-0.2866743345374679,-0.030473057711353863,0.21430909113256916,0.8142138309047251,-0.33468835246990947,-0.888911657267599,0.0
1514,-0.7015603880682267,-0.405631331168321,1.6878746545976275,0.6372144266979326,1.1263523857033382,0.6406856089579638,-0.19680459255805374,0.12924467340971743,0.353487469451704,-0.8861244238365482,0.8142138309047251,-0.33468835246990947,-0.888911657267599,0.0
1515,-0.3786971020076446,-1.1703071992896323,1.6878746545976275,0.6372144266979326,0.35921508517025375,0.15640179378807706,0.7499382051220984,0.5451636813569027,0.9294282601962908,0.947931434445314,0.8142138309047251,-0.33468835246990947,-0.888911657267599,0.0
1516,0.5424569647121119,-0.3635130540549814,1.6878746545976275,0.18360415684516715,-0.40792221536283074,0.15640179378807706,-0.6701759913981298,-0.2866743345374679,-0.030473057711353863,0.21430909113256916,0.8142138309047251,-0.33468835246990947,-0.888911657267599,0.0
1517,-0.3056439024816703,-0.3635130540549814,1.6878746545976275,0.18360415684516715,-0.40792221536283074,0.15640179378807706,-0.6701759913981298,-0.2866743345374679,-0.030473057711353863,0.5811202627889416,0.8142138309047251,-0.33468835246990947,-0.888911657267599,0.0
1518,-0.486318197361172,-0.9579011516250073,1.6878746545976275,1.5444349664034636,1.1263523857033382,0.6406856089579638,0.7499382051220984,0.5451636813569027,0.7374479966147619,0.947931434445314,0.8142138309047251,-0.33468835246990947,-0.888911657267599,0.0
1519,-0.41421206347430867,-0.3635130540549814,1.6878746545976275,0.18360415684516715,-0.40792221536283074,0.15640179378807706,-0.6701759913981298,-0.2866743345374679,-0.030473057711353863,-0.5193132521801758,0.8142138309047251,-0.33468835246990947,-0.888911657267599,0.0
1520,0.3387768670158712,-0.6188809656603074,1.6878746545976275,-0.7236163828603639,-0.40792221536283074,0.6406856089579638,0.27656680628202235,-0.2866743345374679,0.16150720587017506,1.3147426061016865,0.8142138309047251,2.9878542011404647,-0.888911657267599,0.0
1521,0.5898927561741016,-1.146156952292013,1.6878746545976275,1.090824696550698,0.35921508517025375,0.15640179378807706,0.7499382051220984,0.5451636813569027,0.7374479966147619,-0.5193132521801758,0.8142138309047251,2.9878542011404647,-0.888911657267599,0.0
1522,-0.18497913037129537,-1.1703071992896323,1.6878746545976275,0.6372144266979326,0.35921508517025375,0.15640179378807706,0.7499382051220984,0.5451636813569027,0.9294282601962908,-0.8861244238365482,0.8142138309047251,-0.33468835246990947,-0.888911657267599,0.0
1523,-0.9163089566845933,0.13675088662421503,1.6878746545976275,0.6372144266979326,1.893489686236423,0.6406856089579638,1.6966810028022505,1.7929207051984586,1.1214085237778197,-1.2529355954929207,0.8142138309047251,-0.33468835246990947,1.1249711845087873,0.0
1524,0.08766097785764063,-0.6188809656603074,1.6878746545976275,-0.7236163828603639,-0.40792221536283074,0.6406856089579638,0.27656680628202235,-0.2866743345374679,0.16150720587017506,0.947931434445314,0.8142138309047251,2.9878542011404647,-0.888911657267599,0.0
1525,-0.7123224976035795,-1.1703071992896323,1.6878746545976275,0.6372144266979326,0.35921508517025375,0.15640179378807706,0.7499382051220984,0.5451636813569027,0.9294282601962908,2.0483649494144314,0.8142138309047251,-0.33468835246990947,-0.888911657267599,0.0
1526,-0.3476735275870678,-0.3635130540549814,1.6878746545976275,0.18360415684516715,-0.40792221536283074,0.15640179378807706,-0.6701759913981298,-0.2866743345374679,-0.030473057711353863,-0.15250208052380332,0.8142138309047251,-0.33468835246990947,-0.888911657267599,0.0
1527,-0.4121242142244502,-0.3635130540549814,1.6878746545976275,0.18360415684516715,-0.40792221536283074,0.15640179378807706,-0.6701759913981298,-0.2866743345374679,-0.030473057711353863,-0.5193132521801758,0.8142138309047251,-0.33468835246990947,-0.888911657267599,0.0
1528,-0.7388690344574496,0.13675088662421503,1.6878746545976275,0.6372144266979326,1.893489686236423,0.6406856089579638,1.6966810028022505,1.7929207051984586,1.1214085237778197,-0.5193132521801758,0.8142138309047251,-0.33468835246990947,1.1249711845087873,0.0
1529,0.5099532414934396,-0.3635130540549814,1.6878746545976275,0.18360415684516715,-0.40792221536283074,0.15640179378807706,-0.6701759913981298,-0.2866743345374679,-0.030473057711353863,0.21430909113256916,0.8142138309047251,-0.33468835246990947,-0.888911657267599,0.0
1530,-0.35128457407316316,-0.3635130540549814,1.6878746545976275,0.18360415684516715,-0.40792221536283074,0.15640179378807706,-0.6701759913981298,-0.2866743345374679,-0.030473057711353863,-0.5193132521801758,0.8142138309047251,-0.33468835246990947,-0.888911657267599,0.0
1531,-0.5652403339537587,-0.9579011516250073,1.6878746545976275,1.5444349664034636,1.1263523857033382,0.6406856089579638,0.7499382051220984,0.5451636813569027,0.7374479966147619,-0.8861244238365482,0.8142138309047251,-0.33468835246990947,-0.888911657267599,0.0
1532,0.2109316154235089,-0.3635130540549814,1.6878746545976275,0.18360415684516715,-0.40792221536283074,0.15640179378807706,-0.6701759913981298,-0.2866743345374679,-0.030473057711353863,0.5811202627889416,0.8142138309047251,-0.33468835246990947,-0.888911657267599,0.0
1533,0.015913580955289046,-0.9579011516250073,1.738874242951115,1.5444349664034636,1.1263523857033382,0.6406856089579638,0.7499382051220984,0.5451636813569027,0.7374479966147619,-0.8861244238365482,0.8142138309047251,-0.33468835246990947,-0.888911657267599,0.0
1534,-0.07018329532753285,-1.1703071992896323,1.738874242951115,0.6372144266979326,0.35921508517025375,0.15640179378807706,0.7499382051220984,0.5451636813569027,0.9294282601962908,-0.5193132521801758,0.8142138309047251,-0.33468835246990947,-0.888911657267599,0.0
1535,-0.5451510628211003,-0.6188809656603074,1.738874242951115,-0.7236163828603639,-0.40792221536283074,0.6406856089579638,0.27656680628202235,-0.2866743345374679,0.16150720587017506,-0.5193132521801758,0.8142138309047251,2.9878542011404647,-0.888911657267599,0.0
1536,1.6771033031284748,-0.3635130540549814,1.738874242951115,0.18360415684516715,-0.40792221536283074,0.15640179378807706,-0.6701759913981298,-0.2866743345374679,-0.030473057711353863,0.21430909113256916,0.8142138309047251,-0.33468835246990947,-0.888911657267599,0.0
1537,0.5237337640164743,-0.3635130540549814,1.738874242951115,0.18360415684516715,-0.40792221536283074,0.15640179378807706,-0.6701759913981298,-0.2866743345374679,-0.030473057711353863,0.21430909113256916,0.8142138309047251,-0.33468835246990947,-0.888911657267599,0.0
1538,0.5898927561741016,-0.9579011516250073,1.738874242951115,1.5444349664034636,1.1263523857033382,0.6406856089579638,0.7499382051220984,0.5451636813569027,0.7374479966147619,1.3147426061016865,0.8142138309047251,-0.33468835246990947,-0.888911657267599,0.0
1539,-0.3751097321625271,-0.9579011516250073,1.738874242951115,1.5444349664034636,1.1263523857033382,0.6406856089579638,0.7499382051220984,0.5451636813569027,0.7374479966147619,-0.15250208052380332,0.8142138309047251,-0.33468835246990947,-0.888911657267599,0.0
1540,1.1423477123222088,-1.1703071992896323,1.738874242951115,0.6372144266979326,0.35921508517025375,0.15640179378807706,0.7499382051220984,0.5451636813569027,0.9294282601962908,-0.15250208052380332,0.8142138309047251,-0.33468835246990947,-0.888911657267599,0.0
1541,-0.26533621490192916,-0.3635130540549814,1.738874242951115,0.18360415684516715,-0.40792221536283074,0.15640179378807706,-0.6701759913981298,-0.2866743345374679,-0.030473057711353863,0.5811202627889416,0.8142138309047251,-0.33468835246990947,-0.888911657267599,0.0
1542,1.9889669957699574,-0.6188809656603074,1.738874242951115,-0.7236163828603639,-0.40792221536283074,0.6406856089579638,0.27656680628202235,-0.2866743345374679,0.16150720587017506,-0.5193132521801758,0.8142138309047251,2.9878542011404647,-0.888911657267599,0.0
1543,-0.5660381650073129,-1.1703071992896323,1.738874242951115,0.6372144266979326,0.35921508517025375,0.15640179378807706,0.7499382051220984,0.5451636813569027,0.9294282601962908,-0.5193132521801758,0.8142138309047251,-0.33468835246990947,-0.888911657267599,0.0
1544,0.09403788649432163,-0.3635130540549814,1.738874242951115,0.18360415684516715,-0.40792221536283074,0.15640179378807706,-0.6701759913981298,-0.2866743345374679,-0.030473057711353863,-0.15250208052380332,0.8142138309047251,-0.33468835246990947,-0.888911657267599,0.0
1545,-0.6620993197719334,-1.1703071992896323,1.738874242951115,0.6372144266979326,0.35921508517025375,0.15640179378807706,0.7499382051220984,0.5451636813569027,0.9294282601962908,-0.8861244238365482,0.8142138309047251,-0.33468835246990947,-0.888911657267599,0.0
1546,-0.895278359704576,-0.637947052197572,1.738874242951115,1.998045236256229,1.5099210359698805,2.093537054467624,0.7499382051220984,0.12924467340971743,0.7374479966147619,0.21430909113256916,0.8142138309047251,-0.33468835246990947,-0.888911657267599,0.0
1547,-0.5903519228695818,-1.1703071992896323,1.738874242951115,0.6372144266979326,0.35921508517025375,0.15640179378807706,0.7499382051220984,0.5451636813569027,0.9294282601962908,-0.15250208052380332,0.8142138309047251,-0.33468835246990947,-0.888911657267599,0.0
1548,-0.46479397829046654,-0.6188809656603074,1.738874242951115,-0.7236163828603639,-0.40792221536283074,0.6406856089579638,0.27656680628202235,-0.2866743345374679,0.16150720587017506,1.681553777758059,0.8142138309047251,2.9878542011404647,-0.888911657267599,0.0
1549,-0.7733077849705783,-1.1703071992896323,1.738874242951115,0.6372144266979326,0.35921508517025375,0.15640179378807706,0.7499382051220984,0.5451636813569027,0.9294282601962908,0.947931434445314,0.8142138309047251,-0.33468835246990947,-0.888911657267599,0.0
1550,0.05178727940646483,-0.9579011516250073,1.738874242951115,1.5444349664034636,1.1263523857033382,0.6406856089579638,0.7499382051220984,0.5451636813569027,0.7374479966147619,-0.15250208052380332,0.8142138309047251,-0.33468835246990947,-0.888911657267599,0.0
1551,-0.6011140324049346,-0.9579011516250073,1.7898738313046025,1.5444349664034636,1.1263523857033382,0.6406856089579638,0.7499382051220984,0.5451636813569027,0.7374479966147619,-0.15250208052380332,0.8142138309047251,-0.33468835246990947,-0.888911657267599,0.0
1552,0.007303893327006854,-0.6188809656603074,1.7898738313046025,-0.7236163828603639,-0.40792221536283074,0.6406856089579638,0.27656680628202235,-0.2866743345374679,0.16150720587017506,-1.619746767149293,0.8142138309047251,2.9878542011404647,-0.888911657267599,0.0
1553,0.29429348093641317,-0.7222833601097661,1.7898738313046025,1.5444349664034636,1.5099210359698805,2.093537054467624,1.2233096039621745,0.961082689304088,1.1214085237778197,-1.2529355954929207,0.8142138309047251,2.9878542011404647,1.1249711845087873,0.0
1554,1.8813459004164301,-1.146156952292013,1.7898738313046025,1.090824696550698,0.35921508517025375,0.15640179378807706,0.7499382051220984,0.5451636813569027,0.7374479966147619,-0.8861244238365482,0.8142138309047251,2.9878542011404647,-0.888911657267599,0.0
1555,-0.5508908545732885,-0.6188809656603074,1.7898738313046025,-0.7236163828603639,-0.40792221536283074,0.6406856089579638,0.27656680628202235,-0.2866743345374679,0.16150720587017506,0.947931434445314,0.8142138309047251,2.9878542011404647,-0.888911657267599,0.0
1556,1.4508615190023206,-0.405631331168321,1.7898738313046025,0.6372144266979326,1.1263523857033382,0.6406856089579638,-0.19680459255805374,0.12924467340971743,0.353487469451704,1.681553777758059,0.8142138309047251,-0.33468835246990947,-0.888911657267599,0.0
1557,-0.40168496797515807,-0.3635130540549814,1.7898738313046025,0.18360415684516715,-0.40792221536283074,0.15640179378807706,-0.6701759913981298,-0.2866743345374679,-0.030473057711353863,-0.8861244238365482,0.8142138309047251,-0.33468835246990947,-0.888911657267599,0.0
1558,0.8969716149161664,-0.405631331168321,1.7898738313046025,0.6372144266979326,1.1263523857033382,0.6406856089579638,-0.19680459255805374,0.12924467340971743,0.353487469451704,1.3147426061016865,0.8142138309047251,-0.33468835246990947,-0.888911657267599,0.0
1559,-0.38730678963592685,-0.9579011516250073,1.7898738313046025,1.5444349664034636,1.1263523857033382,0.6406856089579638,0.7499382051220984,0.5451636813569027,0.7374479966147619,-0.15250208052380332,0.8142138309047251,-0.33468835246990947,-0.888911657267599,0.0
1560,1.6278723917959883,-0.3635130540549814,1.7898738313046025,0.18360415684516715,-0.40792221536283074,0.15640179378807706,-0.6701759913981298,-0.2866743345374679,-0.030473057711353863,-0.15250208052380332,0.8142138309047251,-0.33468835246990947,-0.888911657267599,0.0
1561,1.612337645418691,-0.3635130540549814,1.7898738313046025,0.18360415684516715,-0.40792221536283074,0.15640179378807706,-0.6701759913981298,-0.2866743345374679,-0.030473057711353863,0.21430909113256916,0.8142138309047251,-0.33468835246990947,-0.888911657267599,0.0
1562,-0.8177911710500363,-0.9579011516250073,1.7898738313046025,1.5444349664034636,1.1263523857033382,0.6406856089579638,0.7499382051220984,0.5451636813569027,0.7374479966147619,0.5811202627889416,0.8142138309047251,-0.33468835246990947,-0.888911657267599,0.0
1563,1.5226089159046723,-0.9579011516250073,1.7898738313046025,1.5444349664034636,1.1263523857033382,0.6406856089579638,0.7499382051220984,0.5451636813569027,0.7374479966147619,0.5811202627889416,0.8142138309047251,-0.33468835246990947,-0.888911657267599,0.0
1564,-0.8378804421826948,-0.9579011516250073,1.7898738313046025,1.5444349664034636,1.1263523857033382,0.6406856089579638,0.7499382051220984,0.5451636813569027,0.7374479966147619,-0.5193132521801758,0.8142138309047251,-0.33468835246990947,-0.888911657267599,0.0
1565,-0.686923919100147,-0.9579011516250073,1.7898738313046025,1.5444349664034636,1.1263523857033382,0.6406856089579638,0.7499382051220984,0.5451636813569027,0.7374479966147619,-0.5193132521801758,0.8142138309047251,-0.33468835246990947,-0.888911657267599,0.0
1566,1.035200149788237,-0.405631331168321,1.7898738313046025,0.6372144266979326,1.1263523857033382,0.6406856089579638,-0.19680459255805374,0.12924467340971743,0.353487469451704,1.3147426061016865,0.8142138309047251,-0.33468835246990947,-0.888911657267599,0.0
1567,-0.2989211713919199,-0.3635130540549814,1.7898738313046025,0.18360415684516715,-0.40792221536283074,0.15640179378807706,-0.6701759913981298,-0.2866743345374679,-0.030473057711353863,0.21430909113256916,0.8142138309047251,-0.33468835246990947,-0.888911657267599,0.0
1568,0.1594083747599922,-1.1703071992896323,1.7898738313046025,0.6372144266979326,0.35921508517025375,0.15640179378807706,0.7499382051220984,0.5451636813569027,0.9294282601962908,2.7819872927271763,0.8142138309047251,-0.33468835246990947,-0.888911657267599,0.0
1569,0.14505889537952188,-1.1703071992896323,1.7898738313046025,0.6372144266979326,0.35921508517025375,0.15640179378807706,0.7499382051220984,0.5451636813569027,0.9294282601962908,0.5811202627889416,0.8142138309047251,-0.33468835246990947,-0.888911657267599,0.0
1570,-0.8429027599658594,-0.9579011516250073,1.7898738313046025,1.5444349664034636,1.1263523857033382,0.6406856089579638,0.7499382051220984,0.5451636813569027,0.7374479966147619,0.21430909113256916,0.8142138309047251,-0.33468835246990947,-0.888911657267599,0.0
1571,-0.1132317334689438,-1.1703071992896323,1.84087341965809,0.6372144266979326,0.35921508517025375,0.15640179378807706,0.7499382051220984,0.5451636813569027,0.9294282601962908,-1.2529355954929207,0.8142138309047251,-0.33468835246990947,-0.888911657267599,0.0
1572,-0.6814711169355683,-1.2611749835376354,1.84087341965809,1.5444349664034636,1.5099210359698805,1.6092532392977372,0.7499382051220984,0.5451636813569027,1.1214085237778197,-1.2529355954929207,0.8142138309047251,-0.33468835246990947,-0.888911657267599,0.0
1573,0.5898927561741016,-0.9579011516250073,1.84087341965809,1.5444349664034636,1.1263523857033382,0.6406856089579638,0.7499382051220984,0.5451636813569027,0.7374479966147619,1.681553777758059,0.8142138309047251,-0.33468835246990947,-0.888911657267599,0.0
1574,-0.7876572643510487,0.13675088662421503,1.84087341965809,0.6372144266979326,1.893489686236423,0.6406856089579638,1.6966810028022505,1.7929207051984586,1.1214085237778197,0.5811202627889416,0.8142138309047251,-0.33468835246990947,1.1249711845087873,0.0
1575,-0.28183811618947,-0.3635130540549814,1.84087341965809,0.18360415684516715,-0.40792221536283074,0.15640179378807706,-0.6701759913981298,-0.2866743345374679,-0.030473057711353863,-0.5193132521801758,0.8142138309047251,-0.33468835246990947,-0.888911657267599,0.0
1576,0.0015641015748187285,-1.1703071992896323,1.84087341965809,0.6372144266979326,0.35921508517025375,0.15640179378807706,0.7499382051220984,0.5451636813569027,0.9294282601962908,-0.8861244238365482,0.8142138309047251,-0.33468835246990947,-0.888911657267599,0.0
1577,-0.12758121284941412,-0.405631331168321,1.84087341965809,0.6372144266979326,1.1263523857033382,0.6406856089579638,-0.19680459255805374,0.12924467340971743,0.353487469451704,-0.15250208052380332,0.8142138309047251,-0.33468835246990947,-0.888911657267599,0.0
1578,0.05816418804314584,-1.1703071992896323,1.84087341965809,0.6372144266979326,0.35921508517025375,0.15640179378807706,0.7499382051220984,0.5451636813569027,0.9294282601962908,0.5811202627889416,0.8142138309047251,-0.33468835246990947,-0.888911657267599,0.0
1579,0.08766097785764063,-0.9579011516250073,1.84087341965809,1.5444349664034636,1.1263523857033382,0.6406856089579638,0.7499382051220984,0.5451636813569027,0.7374479966147619,-0.15250208052380332,0.8142138309047251,-0.33468835246990947,-0.888911657267599,0.0
1580,0.2109316154235089,-0.3635130540549814,1.84087341965809,0.18360415684516715,-0.40792221536283074,0.15640179378807706,-0.6701759913981298,-0.2866743345374679,-0.030473057711353863,0.21430909113256916,0.8142138309047251,-0.33468835246990947,-0.888911657267599,0.0
1581,-0.41457080045882044,-0.3635130540549814,1.84087341965809,0.18360415684516715,-0.40792221536283074,0.15640179378807706,-0.6701759913981298,-0.2866743345374679,-0.030473057711353863,-0.5193132521801758,0.8142138309047251,-0.33468835246990947,-0.888911657267599,0.0
1582,-0.4934929370514072,-1.1703071992896323,1.84087341965809,0.6372144266979326,0.35921508517025375,0.15640179378807706,0.7499382051220984,0.5451636813569027,0.9294282601962908,1.681553777758059,0.8142138309047251,-0.33468835246990947,-0.888911657267599,0.0
1583,-0.46838134813558413,-0.637947052197572,1.84087341965809,1.998045236256229,1.5099210359698805,2.093537054467624,0.7499382051220984,0.12924467340971743,0.7374479966147619,-0.5193132521801758,0.8142138309047251,-0.33468835246990947,-0.888911657267599,0.0
1584,1.3290990117193398,-0.3635130540549814,1.84087341965809,0.18360415684516715,-0.40792221536283074,0.15640179378807706,-0.6701759913981298,-0.2866743345374679,-0.030473057711353863,-0.5193132521801758,0.8142138309047251,-0.33468835246990947,-0.888911657267599,0.0
1585,-0.5580655942635235,-0.6188809656603074,1.84087341965809,-0.7236163828603639,-0.40792221536283074,0.6406856089579638,0.27656680628202235,-0.2866743345374679,0.16150720587017506,-0.8861244238365482,0.8142138309047251,2.9878542011404647,-0.888911657267599,0.0
1586,-0.4263732472492573,-0.9579011516250073,1.84087341965809,1.5444349664034636,1.1263523857033382,0.6406856089579638,0.7499382051220984,0.5451636813569027,0.7374479966147619,-1.2529355954929207,0.8142138309047251,-0.33468835246990947,-0.888911657267599,0.0
1587,-0.4479333400184139,-0.9579011516250073,1.84087341965809,1.5444349664034636,1.1263523857033382,0.6406856089579638,0.7499382051220984,0.5451636813569027,0.7374479966147619,-0.8861244238365482,0.8142138309047251,-0.33468835246990947,-0.888911657267599,0.0
1588,-0.5660381650073129,-1.1703071992896323,1.84087341965809,0.6372144266979326,0.35921508517025375,0.15640179378807706,0.7499382051220984,0.5451636813569027,0.9294282601962908,0.21430909113256916,0.8142138309047251,-0.33468835246990947,-0.888911657267599,0.0
1589,-0.4002213210783501,-0.3635130540549814,1.84087341965809,0.18360415684516715,-0.40792221536283074,0.15640179378807706,-0.6701759913981298,-0.2866743345374679,-0.030473057711353863,-0.5193132521801758,0.8142138309047251,-0.33468835246990947,-0.888911657267599,0.0
1590,-0.12758121284941412,-1.1703071992896323,1.84087341965809,0.6372144266979326,0.35921508517025375,0.15640179378807706,0.7499382051220984,0.5451636813569027,0.9294282601962908,2.0483649494144314,0.8142138309047251,-0.33468835246990947,-0.888911657267599,0.0
1591,-0.7819174725988605,-0.405631331168321,1.84087341965809,0.6372144266979326,1.1263523857033382,0.6406856089579638,-0.19680459255805374,0.12924467340971743,0.353487469451704,0.947931434445314,0.8142138309047251,-0.33468835246990947,-0.888911657267599,0.0
1592,-0.4432697592197611,-0.9579011516250073,1.8918730080115778,1.5444349664034636,1.1263523857033382,0.6406856089579638,0.7499382051220984,0.5451636813569027,0.7374479966147619,-1.2529355954929207,0.8142138309047251,-0.33468835246990947,-0.888911657267599,0.0
1593,-0.26240461626449907,-0.3635130540549814,1.8918730080115778,0.18360415684516715,-0.40792221536283074,0.15640179378807706,-0.6701759913981298,-0.2866743345374679,-0.030473057711353863,0.21430909113256916,0.8142138309047251,-0.33468835246990947,-0.888911657267599,0.0
1594,0.015913580955289046,-1.1703071992896323,1.8918730080115778,0.6372144266979326,0.35921508517025375,0.15640179378807706,0.7499382051220984,0.5451636813569027,0.9294282601962908,1.681553777758059,0.8142138309047251,-0.33468835246990947,-0.888911657267599,0.0
1595,-0.6126739729938414,-1.1703071992896323,1.8918730080115778,0.6372144266979326,0.35921508517025375,0.15640179378807706,0.7499382051220984,0.5451636813569027,0.9294282601962908,-0.8861244238365482,0.8142138309047251,-0.33468835246990947,-0.888911657267599,0.0
1596,-0.8307057024924596,-0.9579011516250073,1.8918730080115778,1.5444349664034636,1.1263523857033382,0.6406856089579638,0.7499382051220984,0.5451636813569027,0.7374479966147619,-0.5193132521801758,0.8142138309047251,-0.33468835246990947,-0.888911657267599,0.0
1597,0.49617343644437395,-0.3635130540549814,1.8918730080115778,0.18360415684516715,-0.40792221536283074,0.15640179378807706,-0.6701759913981298,-0.2866743345374679,-0.030473057711353863,0.21430909113256916,0.8142138309047251,-0.33468835246990947,-0.888911657267599,0.0
1598,-0.7733077849705783,-1.1703071992896323,1.8918730080115778,0.6372144266979326,0.35921508517025375,0.15640179378807706,0.7499382051220984,0.5451636813569027,0.9294282601962908,-0.8861244238365482,0.8142138309047251,-0.33468835246990947,-0.888911657267599,0.0
1599,-0.4002213210783501,-0.9579011516250073,1.8918730080115778,1.5444349664034636,1.1263523857033382,0.6406856089579638,0.7499382051220984,0.5451636813569027,0.7374479966147619,0.947931434445314,0.8142138309047251,-0.33468835246990947,-0.888911657267599,0.0
1600,-0.3023657639172018,-0.3635130540549814,1.8918730080115778,0.18360415684516715,-0.40792221536283074,0.15640179378807706,-0.6701759913981298,-0.2866743345374679,-0.030473057711353863,0.21430909113256916,0.8142138309047251,-0.33468835246990947,-0.888911657267599,0.0
1601,-0.7460437741476847,0.13675088662421503,1.8918730080115778,0.6372144266979326,1.893489686236423,0.6406856089579638,1.6966810028022505,1.7929207051984586,1.1214085237778197,-0.5193132521801758,0.8142138309047251,-0.33468835246990947,1.1249711845087873,0.0
1602,-0.7725903110015548,-1.1703071992896323,1.8918730080115778,0.6372144266979326,0.35921508517025375,0.15640179378807706,0.7499382051220984,0.5451636813569027,0.9294282601962908,-0.15250208052380332,0.8142138309047251,-0.33468835246990947,-0.888911657267599,0.0
1603,-0.29944420991533804,-0.3635130540549814,1.8918730080115778,0.18360415684516715,-0.40792221536283074,0.15640179378807706,-0.6701759913981298,-0.2866743345374679,-0.030473057711353863,0.21430909113256916,0.8142138309047251,-0.33468835246990947,-0.888911657267599,0.0
1604,-0.4504444989099962,-0.3635130540549814,1.9428725963650653,0.18360415684516715,-0.40792221536283074,0.15640179378807706,-0.6701759913981298,-0.2866743345374679,-0.030473057711353863,-1.2529355954929207,0.8142138309047251,-0.33468835246990947,-0.888911657267599,0.0
1605,0.08766097785764063,-0.6188809656603074,1.9428725963650653,-0.7236163828603639,-0.40792221536283074,0.6406856089579638,0.27656680628202235,-0.2866743345374679,0.16150720587017506,0.947931434445314,0.8142138309047251,2.9878542011404647,-0.888911657267599,0.0
1606,1.3575899030292635,-0.3635130540549814,1.9428725963650653,0.18360415684516715,-0.40792221536283074,0.15640179378807706,-0.6701759913981298,-0.2866743345374679,-0.030473057711353863,-0.5193132521801758,0.8142138309047251,-0.33468835246990947,-0.888911657267599,0.0
1607,1.22857014654961,-0.3635130540549814,1.9428725963650653,0.18360415684516715,-0.40792221536283074,0.15640179378807706,-0.6701759913981298,-0.2866743345374679,-0.030473057711353863,-0.5193132521801758,0.8142138309047251,-0.33468835246990947,-0.888911657267599,0.0
1608,-0.6441624705463455,-1.1703071992896323,1.9428725963650653,0.6372144266979326,0.35921508517025375,0.15640179378807706,0.7499382051220984,0.5451636813569027,0.9294282601962908,-1.2529355954929207,0.8142138309047251,-0.33468835246990947,-0.888911657267599,0.0
1609,-0.8665794009436354,-1.1703071992896323,1.9428725963650653,0.6372144266979326,0.35921508517025375,0.15640179378807706,0.7499382051220984,0.5451636813569027,0.9294282601962908,-1.2529355954929207,0.8142138309047251,-0.33468835246990947,-0.888911657267599,0.0
1610,-0.2906530013728929,-0.3635130540549814,1.9428725963650653,0.18360415684516715,-0.40792221536283074,0.15640179378807706,-0.6701759913981298,-0.2866743345374679,-0.030473057711353863,0.21430909113256916,0.8142138309047251,-0.33468835246990947,-0.888911657267599,0.0
1611,0.5333794840560264,-0.3635130540549814,1.9428725963650653,0.18360415684516715,-0.40792221536283074,0.15640179378807706,-0.6701759913981298,-0.2866743345374679,-0.030473057711353863,0.21430909113256916,0.8142138309047251,-0.33468835246990947,-0.888911657267599,0.0
1612,-0.4002213210783501,-1.1703071992896323,1.9428725963650653,0.6372144266979326,0.35921508517025375,0.15640179378807706,0.7499382051220984,0.5451636813569027,0.9294282601962908,-0.8861244238365482,0.8142138309047251,-0.33468835246990947,-0.888911657267599,0.0
1613,-0.2954722740228239,-0.3635130540549814,1.9428725963650653,0.18360415684516715,-0.40792221536283074,0.15640179378807706,-0.6701759913981298,-0.2866743345374679,-0.030473057711353863,-0.15250208052380332,0.8142138309047251,-0.33468835246990947,-0.888911657267599,0.0
1614,0.18798177557635373,-0.3635130540549814,1.9428725963650653,0.18360415684516715,-0.40792221536283074,0.15640179378807706,-0.6701759913981298,-0.2866743345374679,-0.030473057711353863,-0.15250208052380332,0.8142138309047251,-0.33468835246990947,-0.888911657267599,0.0
1615,0.6514735469353901,-0.3635130540549814,1.9428725963650653,0.18360415684516715,-0.40792221536283074,0.15640179378807706,-0.6701759913981298,-0.2866743345374679,-0.030473057711353863,0.21430909113256916,0.8142138309047251,-0.33468835246990947,-0.888911657267599,0.0
1616,-1.2289037553005109,0.13675088662421503,1.9428725963650653,0.6372144266979326,1.893489686236423,0.6406856089579638,1.6966810028022505,1.7929207051984586,1.1214085237778197,-1.2529355954929207,0.8142138309047251,-0.33468835246990947,1.1249711845087873,0.0
1617,-0.2878971838578736,-0.3635130540549814,1.9428725963650653,0.18360415684516715,-0.40792221536283074,0.15640179378807706,-0.6701759913981298,-0.2866743345374679,-0.030473057711353863,0.5811202627889416,0.8142138309047251,-0.33468835246990947,-0.888911657267599,0.0
1618,0.6742533454518866,-0.3635130540549814,1.9428725963650653,0.18360415684516715,-0.40792221536283074,0.15640179378807706,-0.6701759913981298,-0.2866743345374679,-0.030473057711353863,0.5811202627889416,0.8142138309047251,-0.33468835246990947,-0.888911657267599,0.0
1619,1.2516763957220123,-0.3635130540549814,1.9428725963650653,0.18360415684516715,-0.40792221536283074,0.15640179378807706,-0.6701759913981298,-0.2866743345374679,-0.030473057711353863,-0.8861244238365482,0.8142138309047251,-0.33468835246990947,-0.888911657267599,0.0
1620,-0.26240389879053005,-0.3635130540549814,1.9428725963650653,0.18360415684516715,-0.40792221536283074,0.15640179378807706,-0.6701759913981298,-0.2866743345374679,-0.030473057711353863,0.5811202627889416,0.8142138309047251,-0.33468835246990947,-0.888911657267599,0.0
1621,0.9486297406858596,-1.1703071992896323,1.9428725963650653,0.6372144266979326,0.35921508517025375,0.15640179378807706,0.7499382051220984,0.5451636813569027,0.9294282601962908,0.21430909113256916,0.8142138309047251,-0.33468835246990947,-0.888911657267599,0.0
1622,-0.7374340865194026,-1.1703071992896323,1.9428725963650653,0.6372144266979326,0.35921508517025375,0.15640179378807706,0.7499382051220984,0.5451636813569027,0.9294282601962908,-0.8861244238365482,0.8142138309047251,-0.33468835246990947,-0.888911657267599,0.0
1623,-0.012785377805651588,-1.1703071992896323,1.9428725963650653,0.6372144266979326,0.35921508517025375,0.15640179378807706,0.7499382051220984,0.5451636813569027,0.9294282601962908,0.21430909113256916,0.8142138309047251,-0.33468835246990947,-0.888911657267599,0.0
1624,-0.30374331393772697,-0.3635130540549814,1.9428725963650653,0.18360415684516715,-0.40792221536283074,0.15640179378807706,-0.6701759913981298,-0.2866743345374679,-0.030473057711353863,0.21430909113256916,0.8142138309047251,-0.33468835246990947,-0.888911657267599,0.0
1625,2.1324617895746605,-1.146156952292013,1.9428725963650653,1.090824696550698,0.35921508517025375,0.15640179378807706,0.7499382051220984,0.5451636813569027,0.7374479966147619,0.21430909113256916,0.8142138309047251,2.9878542011404647,-0.888911657267599,0.0
1626,0.2670294701135196,-0.3635130540549814,1.9428725963650653,0.18360415684516715,-0.40792221536283074,0.15640179378807706,-0.6701759913981298,-0.2866743345374679,-0.030473057711353863,0.5811202627889416,0.8142138309047251,-0.33468835246990947,-0.888911657267599,0.0
1627,-0.21367808913223602,-1.1703071992896323,1.9428725963650653,0.6372144266979326,0.35921508517025375,0.15640179378807706,0.7499382051220984,0.5451636813569027,0.9294282601962908,-1.2529355954929207,0.8142138309047251,-0.33468835246990947,-0.888911657267599,0.0
1628,0.39902674356462087,-0.3635130540549814,1.9428725963650653,0.18360415684516715,-0.40792221536283074,0.15640179378807706,-0.6701759913981298,-0.2866743345374679,-0.030473057711353863,-0.15250208052380332,0.8142138309047251,-0.33468835246990947,-0.888911657267599,0.0
1629,1.1024855760772314,-0.3635130540549814,1.9938721847185528,0.18360415684516715,-0.40792221536283074,0.15640179378807706,-0.6701759913981298,-0.2866743345374679,-0.030473057711353863,-0.8861244238365482,0.8142138309047251,-0.33468835246990947,-0.888911657267599,0.0
1630,-0.4504444989099962,-1.1703071992896323,1.9938721847185528,0.6372144266979326,0.35921508517025375,0.15640179378807706,0.7499382051220984,0.5451636813569027,0.9294282601962908,-0.8861244238365482,0.8142138309047251,-0.33468835246990947,-0.888911657267599,0.0
1631,-0.6656866896170509,-1.1703071992896323,1.9938721847185528,0.6372144266979326,0.35921508517025375,0.15640179378807706,0.7499382051220984,0.5451636813569027,0.9294282601962908,0.21430909113256916,0.8142138309047251,-0.33468835246990947,-0.888911657267599,0.0
1632,-0.4360950195295259,-0.3635130540549814,1.9938721847185528,0.18360415684516715,-0.40792221536283074,0.15640179378807706,-0.6701759913981298,-0.2866743345374679,-0.030473057711353863,-0.8861244238365482,0.8142138309047251,-0.33468835246990947,-0.888911657267599,0.0
1633,-0.5150171561221126,-0.637947052197572,1.9938721847185528,1.998045236256229,1.5099210359698805,2.093537054467624,0.7499382051220984,0.12924467340971743,0.7374479966147619,0.21430909113256916,0.8142138309047251,-0.33468835246990947,-0.888911657267599,0.0
1634,-0.4360950195295259,-0.3635130540549814,1.9938721847185528,0.18360415684516715,-0.40792221536283074,0.15640179378807706,-0.6701759913981298,-0.2866743345374679,-0.030473057711353863,-1.2529355954929207,0.8142138309047251,-0.33468835246990947,-0.888911657267599,0.0
1635,-0.7015603880682267,-1.2611749835376354,1.9938721847185528,1.5444349664034636,1.5099210359698805,1.6092532392977372,0.7499382051220984,0.5451636813569027,1.1214085237778197,-1.2529355954929207,0.8142138309047251,-0.33468835246990947,-0.888911657267599,0.0
1636,1.2223697365093087,-0.3635130540549814,1.9938721847185528,0.18360415684516715,-0.40792221536283074,0.15640179378807706,-0.6701759913981298,-0.2866743345374679,-0.030473057711353863,-0.5193132521801758,0.8142138309047251,-0.33468835246990947,-0.888911657267599,0.0
1637,1.6366872769794112,-0.3635130540549814,1.9938721847185528,0.18360415684516715,-0.40792221536283074,0.15640179378807706,-0.6701759913981298,-0.2866743345374679,-0.030473057711353863,0.21430909113256916,0.8142138309047251,-0.33468835246990947,-0.888911657267599,0.0
