,Transacted Price ($),Dist to CBD in Km,Sale Months Since Sep 2025,Num MRT Within 1km,Num Hawker Within 1km,Num Malls Within 1km,Num Hospitals Within 5km,Num Schools Within 2km,Num Parks Within 1km,Floor_Level_Category,Type_of_Sale_Encoded,Property_Type_Encoded,Market_Segment_Encoded,Type_of_Area_Encoded
0,0.9795573429485251,1.305869306507629,-1.756882293680747,0.4116423781638197,0.06043877488129027,-0.5904073743574709,0.20829169795186836,-0.4619997323770575,0.23197536119735832,-0.7047204307332285,-1.394695464464014,-1.2949379308452873,0.0,0.0
1,1.963593309306409,1.305869306507629,-1.756882293680747,0.4116423781638197,0.06043877488129027,-0.5904073743574709,0.20829169795186836,-0.4619997323770575,0.23197536119735832,0.6150973505194979,-1.394695464464014,-1.2949379308452873,0.0,0.0
2,2.040858738387556,1.305869306507629,-1.756882293680747,0.4116423781638197,0.06043877488129027,-0.5904073743574709,0.20829169795186836,-0.4619997323770575,0.23197536119735832,1.9349151317722242,-1.394695464464014,-1.2949379308452873,0.0,0.0
3,0.35936660784901836,1.305869306507629,-1.756882293680747,0.4116423781638197,0.06043877488129027,-0.5904073743574709,0.20829169795186836,-0.4619997323770575,0.23197536119735832,-0.7047204307332285,-1.394695464464014,-1.2949379308452873,0.0,0.0
4,3.105777913114667,1.305869306507629,-1.756882293680747,0.4116423781638197,0.06043877488129027,-0.5904073743574709,0.20829169795186836,-0.4619997323770575,0.23197536119735832,0.6150973505194979,-1.394695464464014,-1.2949379308452873,0.0,0.0
5,0.8906633375842624,1.305869306507629,-1.756882293680747,0.4116423781638197,0.06043877488129027,-0.5904073743574709,0.20829169795186836,-0.4619997323770575,0.23197536119735832,0.6150973505194979,-1.394695464464014,-1.2949379308452873,0.0,0.0
6,3.0900147319308884,1.305869306507629,-1.756882293680747,0.4116423781638197,0.06043877488129027,-0.5904073743574709,0.20829169795186836,-0.4619997323770575,0.23197536119735832,0.6150973505194979,-1.394695464464014,-1.2949379308452873,0.0,0.0
7,-0.20681585073557296,-0.5403601873348578,-1.756882293680747,0.4116423781638197,1.5580367365415795,0.7492527943628847,1.3518539612170293,1.718923859768976,-0.6790078244304162,0.6150973505194979,0.7170024033772157,-1.2949379308452873,0.0,0.0
8,-0.6461176214310569,-1.4497074305130688,-1.756882293680747,-1.5419146707492228,-1.4371591867789992,-0.5904073743574709,-0.9352705653132926,-2.019802298195653,-1.5899910100581907,-0.7047204307332285,0.7170024033772157,0.7722377854413742,0.0,0.0
9,0.9291668457216902,1.305869306507629,-1.756882293680747,0.4116423781638197,0.06043877488129027,-0.5904073743574709,0.20829169795186836,-0.4619997323770575,0.23197536119735832,0.6150973505194979,-1.394695464464014,-1.2949379308452873,0.0,0.0
10,-1.0337368308682486,-1.2918626425229427,-1.756882293680747,0.4116423781638197,0.06043877488129027,-0.5904073743574709,-0.9352705653132926,1.0958028334415377,-1.1344994172443033,1.9349151317722242,0.7170024033772157,-1.2949379308452873,0.0,0.0
11,1.3744121109618777,1.305869306507629,-1.756882293680747,0.4116423781638197,0.06043877488129027,-0.5904073743574709,0.20829169795186836,-0.4619997323770575,0.23197536119735832,1.9349151317722242,-1.394695464464014,-1.2949379308452873,0.0,0.0
12,0.2841684812182032,0.7991489007540297,-1.756882293680747,2.3651994270768624,0.06043877488129027,2.0889129630832404,0.20829169795186836,0.7842423202778188,1.1429585468251326,-0.7047204307332285,0.7170024033772157,0.7722377854413742,0.0,0.0
13,-0.5169112182853264,0.44116885080095214,-1.756882293680747,0.4116423781638197,1.5580367365415795,0.7492527943628847,0.20829169795186836,-0.15043921921333844,1.1429585468251326,1.9349151317722242,0.7170024033772157,0.7722377854413742,0.0,0.0
14,-0.7236414633184952,1.7579056603707548,-1.756882293680747,-1.5419146707492228,-1.4371591867789992,-1.9300675430778265,-2.078832828578453,-3.8891653771779673,0.23197536119735832,-0.7047204307332285,0.7170024033772157,0.7722377854413742,0.0,0.0
15,0.1291207974433265,-1.2918626425229427,-1.756882293680747,0.4116423781638197,0.06043877488129027,-0.5904073743574709,-0.9352705653132926,1.0958028334415377,-1.1344994172443033,0.6150973505194979,0.7170024033772157,-1.2949379308452873,0.0,0.0
16,0.3952859879235315,-1.728821993438403,-1.756882293680747,0.4116423781638197,-1.4371591867789992,-0.5904073743574709,1.3518539612170293,-0.7735602455407765,-1.1344994172443033,0.6150973505194979,0.7170024033772157,0.7722377854413742,0.0,0.0
17,1.329189869860872,1.305869306507629,-1.7037710412536122,0.4116423781638197,0.06043877488129027,-0.5904073743574709,0.20829169795186836,-0.4619997323770575,0.23197536119735832,0.6150973505194979,-1.394695464464014,-1.2949379308452873,0.0,0.0
18,0.36815264326292807,1.305869306507629,-1.7037710412536122,0.4116423781638197,0.06043877488129027,-0.5904073743574709,0.20829169795186836,-0.4619997323770575,0.23197536119735832,-0.7047204307332285,-1.394695464464014,-1.2949379308452873,0.0,0.0
19,0.28442689402449467,1.305869306507629,-1.7037710412536122,0.4116423781638197,0.06043877488129027,-0.5904073743574709,0.20829169795186836,-0.4619997323770575,0.23197536119735832,-0.7047204307332285,-1.394695464464014,-1.2949379308452873,0.0,0.0
20,0.46993627940500876,0.04380877046339996,-1.7037710412536122,-1.5419146707492228,-1.4371591867789992,-0.5904073743574709,-2.078832828578453,0.4726818071140997,-1.1344994172443033,0.6150973505194979,0.7170024033772157,0.7722377854413742,0.0,0.0
21,1.9891761771292638,1.305869306507629,-1.7037710412536122,0.4116423781638197,0.06043877488129027,-0.5904073743574709,0.20829169795186836,-0.4619997323770575,0.23197536119735832,0.6150973505194979,-1.394695464464014,-1.2949379308452873,0.0,0.0
22,-0.7443144878218121,0.04380877046339996,-1.7037710412536122,-1.5419146707492228,-1.4371591867789992,-0.5904073743574709,-2.078832828578453,0.4726818071140997,-1.1344994172443033,0.6150973505194979,0.7170024033772157,0.7722377854413742,0.0,0.0
23,0.8268353744302716,0.7991489007540297,-1.7037710412536122,2.3651994270768624,0.06043877488129027,2.0889129630832404,0.20829169795186836,0.7842423202778188,1.1429585468251326,-0.7047204307332285,0.7170024033772157,0.7722377854413742,0.0,0.0
24,3.00008707534146,1.305869306507629,-1.7037710412536122,0.4116423781638197,0.06043877488129027,-0.5904073743574709,0.20829169795186836,-0.4619997323770575,0.23197536119735832,-0.7047204307332285,-1.394695464464014,-1.2949379308452873,0.0,0.0
25,1.2919784257549016,1.305869306507629,-1.7037710412536122,0.4116423781638197,0.06043877488129027,-0.5904073743574709,0.20829169795186836,-0.4619997323770575,0.23197536119735832,-0.7047204307332285,0.7170024033772157,0.7722377854413742,0.0,0.0
26,3.511486018992261,1.305869306507629,-1.7037710412536122,0.4116423781638197,0.06043877488129027,-0.5904073743574709,0.20829169795186836,-0.4619997323770575,0.23197536119735832,0.6150973505194979,-1.394695464464014,-1.2949379308452873,0.0,0.0
27,-0.025926886331550172,0.04380877046339996,-1.7037710412536122,-1.5419146707492228,-1.4371591867789992,-0.5904073743574709,-2.078832828578453,0.4726818071140997,-1.1344994172443033,0.6150973505194979,0.7170024033772157,0.7722377854413742,0.0,0.0
28,1.2963714434618565,1.305869306507629,-1.7037710412536122,0.4116423781638197,0.06043877488129027,-0.5904073743574709,0.20829169795186836,-0.4619997323770575,0.23197536119735832,0.6150973505194979,-1.394695464464014,-1.2949379308452873,0.0,0.0
29,0.9516487598690473,1.305869306507629,-1.7037710412536122,0.4116423781638197,0.06043877488129027,-0.5904073743574709,0.20829169795186836,-0.4619997323770575,0.23197536119735832,0.6150973505194979,-1.394695464464014,-1.2949379308452873,0.0,0.0
30,0.25910243900793145,1.305869306507629,-1.7037710412536122,0.4116423781638197,0.06043877488129027,-0.5904073743574709,0.20829169795186836,-0.4619997323770575,0.23197536119735832,-0.7047204307332285,-1.394695464464014,-1.2949379308452873,0.0,0.0
31,0.3278402454814601,1.305869306507629,-1.7037710412536122,0.4116423781638197,0.06043877488129027,-0.5904073743574709,0.20829169795186836,-0.4619997323770575,0.23197536119735832,0.6150973505194979,-1.394695464464014,-1.2949379308452873,0.0,0.0
32,0.31104341307251515,1.305869306507629,-1.7037710412536122,0.4116423781638197,0.06043877488129027,-0.5904073743574709,0.20829169795186836,-0.4619997323770575,0.23197536119735832,1.9349151317722242,-1.394695464464014,-1.2949379308452873,0.0,0.0
33,0.2663379975840924,1.305869306507629,-1.7037710412536122,0.4116423781638197,0.06043877488129027,-0.5904073743574709,0.20829169795186836,-0.4619997323770575,0.23197536119735832,0.6150973505194979,-1.394695464464014,-1.2949379308452873,0.0,0.0
34,1.9225056731060668,1.305869306507629,-1.7037710412536122,0.4116423781638197,0.06043877488129027,-0.5904073743574709,0.20829169795186836,-0.4619997323770575,0.23197536119735832,0.6150973505194979,-1.394695464464014,-1.2949379308452873,0.0,0.0
35,0.7467274044799186,1.305869306507629,-1.7037710412536122,0.4116423781638197,0.06043877488129027,-0.5904073743574709,0.20829169795186836,-0.4619997323770575,0.23197536119735832,0.6150973505194979,-1.394695464464014,-1.2949379308452873,0.0,0.0
36,1.9586834659868713,1.305869306507629,-1.7037710412536122,0.4116423781638197,0.06043877488129027,-0.5904073743574709,0.20829169795186836,-0.4619997323770575,0.23197536119735832,0.6150973505194979,-1.394695464464014,-1.2949379308452873,0.0,0.0
37,1.2261477633521518,1.305869306507629,-1.7037710412536122,0.4116423781638197,0.06043877488129027,-0.5904073743574709,0.20829169795186836,-0.4619997323770575,0.23197536119735832,1.9349151317722242,-1.394695464464014,-1.2949379308452873,0.0,0.0
38,0.9493230446124241,1.305869306507629,-1.7037710412536122,0.4116423781638197,0.06043877488129027,-0.5904073743574709,0.20829169795186836,-0.4619997323770575,0.23197536119735832,-0.7047204307332285,-1.394695464464014,-1.2949379308452873,0.0,0.0
39,0.9208976359203634,1.305869306507629,-1.7037710412536122,0.4116423781638197,0.06043877488129027,-0.5904073743574709,0.20829169795186836,-0.4619997323770575,0.23197536119735832,-0.7047204307332285,-1.394695464464014,-1.2949379308452873,0.0,0.0
40,1.3625251218724705,1.305869306507629,-1.7037710412536122,0.4116423781638197,0.06043877488129027,-0.5904073743574709,0.20829169795186836,-0.4619997323770575,0.23197536119735832,-0.7047204307332285,-1.394695464464014,-1.2949379308452873,0.0,0.0
41,1.0325319682382745,1.305869306507629,-1.7037710412536122,0.4116423781638197,0.06043877488129027,-0.5904073743574709,0.20829169795186836,-0.4619997323770575,0.23197536119735832,1.9349151317722242,-1.394695464464014,-1.2949379308452873,0.0,0.0
42,0.7586143935693258,1.305869306507629,-1.7037710412536122,0.4116423781638197,0.06043877488129027,-0.5904073743574709,0.20829169795186836,-0.4619997323770575,0.23197536119735832,-0.7047204307332285,-1.394695464464014,-1.2949379308452873,0.0,0.0
43,1.9716041063014444,1.305869306507629,-1.7037710412536122,0.4116423781638197,0.06043877488129027,-0.5904073743574709,0.20829169795186836,-0.4619997323770575,0.23197536119735832,1.9349151317722242,-1.394695464464014,-1.2949379308452873,0.0,0.0
44,0.33352532721987227,1.305869306507629,-1.7037710412536122,0.4116423781638197,0.06043877488129027,-0.5904073743574709,0.20829169795186836,-0.4619997323770575,0.23197536119735832,-0.7047204307332285,-1.394695464464014,-1.2949379308452873,0.0,0.0
45,0.8756443852826028,0.3824668092565971,-1.7037710412536122,0.4116423781638197,1.5580367365415795,0.7492527943628847,0.20829169795186836,0.16112129395038063,0.23197536119735832,-0.7047204307332285,0.7170024033772157,0.7722377854413742,0.0,0.0
46,0.24799068833739862,1.305869306507629,-1.7037710412536122,0.4116423781638197,0.06043877488129027,-0.5904073743574709,0.20829169795186836,-0.4619997323770575,0.23197536119735832,-0.7047204307332285,-1.394695464464014,-1.2949379308452873,0.0,0.0
47,0.3423113626337819,1.305869306507629,-1.7037710412536122,0.4116423781638197,0.06043877488129027,-0.5904073743574709,0.20829169795186836,-0.4619997323770575,0.23197536119735832,-0.7047204307332285,-1.394695464464014,-1.2949379308452873,0.0,0.0
48,0.30225737765860544,1.305869306507629,-1.7037710412536122,0.4116423781638197,0.06043877488129027,-0.5904073743574709,0.20829169795186836,-0.4619997323770575,0.23197536119735832,0.6150973505194979,-1.394695464464014,-1.2949379308452873,0.0,0.0
49,2.235185168718735,0.5223551462595128,-1.7037710412536122,0.4116423781638197,0.06043877488129027,0.7492527943628847,0.20829169795186836,-0.15043921921333844,0.6874669540112455,1.9349151317722242,0.7170024033772157,0.7722377854413742,0.0,0.0
50,1.8036357822119946,-1.728821993438403,-1.7037710412536122,0.4116423781638197,-1.4371591867789992,-0.5904073743574709,1.3518539612170293,-0.7735602455407765,-1.1344994172443033,1.9349151317722242,0.7170024033772157,0.7722377854413742,0.0,0.0
51,1.9514479074107105,1.305869306507629,-1.7037710412536122,0.4116423781638197,0.06043877488129027,-0.5904073743574709,0.20829169795186836,-0.4619997323770575,0.23197536119735832,0.6150973505194979,-1.394695464464014,-1.2949379308452873,0.0,0.0
52,0.7751528131719794,1.305869306507629,-1.7037710412536122,0.4116423781638197,0.06043877488129027,-0.5904073743574709,0.20829169795186836,-0.4619997323770575,0.23197536119735832,0.6150973505194979,-1.394695464464014,-1.2949379308452873,0.0,0.0
53,2.381705229885993,1.305869306507629,-1.7037710412536122,0.4116423781638197,0.06043877488129027,-0.5904073743574709,0.20829169795186836,-0.4619997323770575,0.23197536119735832,-0.7047204307332285,-1.394695464464014,-1.2949379308452873,0.0,0.0
54,2.58275039318075,1.305869306507629,-1.7037710412536122,0.4116423781638197,0.06043877488129027,-0.5904073743574709,0.20829169795186836,-0.4619997323770575,0.23197536119735832,-0.7047204307332285,-1.394695464464014,-1.2949379308452873,0.0,0.0
55,0.27641609702945935,1.305869306507629,-1.7037710412536122,0.4116423781638197,0.06043877488129027,-0.5904073743574709,0.20829169795186836,-0.4619997323770575,0.23197536119735832,0.6150973505194979,-1.394695464464014,-1.2949379308452873,0.0,0.0
56,0.8009940938011254,-1.8120955205495735,-1.7037710412536122,0.4116423781638197,-1.4371591867789992,-1.9300675430778265,1.3518539612170293,-1.0851207587044955,-1.1344994172443033,0.6150973505194979,0.7170024033772157,0.7722377854413742,0.0,0.0
57,-0.0776094475898424,1.296146928441899,-1.7037710412536122,0.4116423781638197,0.06043877488129027,0.7492527943628847,0.20829169795186836,-0.7735602455407765,-0.22351623161652892,0.6150973505194979,0.7170024033772157,-1.2949379308452873,0.0,0.0
58,0.7674004289832355,1.305869306507629,-1.7037710412536122,0.4116423781638197,0.06043877488129027,-0.5904073743574709,0.20829169795186836,-0.4619997323770575,0.23197536119735832,0.6150973505194979,-1.394695464464014,-1.2949379308452873,0.0,0.0
59,1.218847601574418,1.305869306507629,-1.7037710412536122,0.4116423781638197,0.06043877488129027,-0.5904073743574709,0.20829169795186836,-0.4619997323770575,0.23197536119735832,-0.7047204307332285,-1.394695464464014,-1.2949379308452873,0.0,0.0
60,0.9723217843723642,1.305869306507629,-1.7037710412536122,0.4116423781638197,0.06043877488129027,-0.5904073743574709,0.20829169795186836,-0.4619997323770575,0.23197536119735832,0.6150973505194979,-1.394695464464014,-1.2949379308452873,0.0,0.0
61,0.9493230446124241,1.305869306507629,-1.7037710412536122,0.4116423781638197,0.06043877488129027,-0.5904073743574709,0.20829169795186836,-0.4619997323770575,0.23197536119735832,-0.7047204307332285,-1.394695464464014,-1.2949379308452873,0.0,0.0
62,0.9560417775760022,0.3824668092565971,-1.7037710412536122,0.4116423781638197,1.5580367365415795,0.7492527943628847,0.20829169795186836,0.16112129395038063,0.23197536119735832,1.9349151317722242,0.7170024033772157,0.7722377854413742,0.0,0.0
63,-0.4703969131528633,0.7991489007540297,-1.7037710412536122,2.3651994270768624,0.06043877488129027,2.0889129630832404,0.20829169795186836,0.7842423202778188,1.1429585468251326,-0.7047204307332285,0.7170024033772157,0.7722377854413742,0.0,0.0
64,-0.36186353451044967,1.305869306507629,-1.7037710412536122,0.4116423781638197,0.06043877488129027,-0.5904073743574709,0.20829169795186836,-0.4619997323770575,0.23197536119735832,-0.7047204307332285,-1.394695464464014,-1.2949379308452873,0.0,0.0
65,0.8387223635196788,1.305869306507629,-1.7037710412536122,0.4116423781638197,0.06043877488129027,-0.5904073743574709,0.20829169795186836,-0.4619997323770575,0.23197536119735832,-0.7047204307332285,-1.394695464464014,-1.2949379308452873,0.0,0.0
66,0.3423113626337819,1.305869306507629,-1.7037710412536122,0.4116423781638197,0.06043877488129027,-0.5904073743574709,0.20829169795186836,-0.4619997323770575,0.23197536119735832,-0.7047204307332285,-1.394695464464014,-1.2949379308452873,0.0,0.0
67,0.2676300616155497,1.305869306507629,-1.7037710412536122,0.4116423781638197,0.06043877488129027,-0.5904073743574709,0.20829169795186836,-0.4619997323770575,0.23197536119735832,0.6150973505194979,-1.394695464464014,-1.2949379308452873,0.0,0.0
68,-0.38770481513959576,0.04380877046339996,-1.7037710412536122,-1.5419146707492228,-1.4371591867789992,-0.5904073743574709,-2.078832828578453,0.4726818071140997,-1.1344994172443033,1.9349151317722242,0.7170024033772157,0.7722377854413742,0.0,0.0
69,0.7684340802084013,1.305869306507629,-1.7037710412536122,0.4116423781638197,0.06043877488129027,-0.5904073743574709,0.20829169795186836,-0.4619997323770575,0.23197536119735832,-0.7047204307332285,-1.394695464464014,-1.2949379308452873,0.0,0.0
70,0.2585856133953485,1.305869306507629,-1.7037710412536122,0.4116423781638197,0.06043877488129027,-0.5904073743574709,0.20829169795186836,-0.4619997323770575,0.23197536119735832,-0.7047204307332285,-1.394695464464014,-1.2949379308452873,0.0,0.0
71,0.28442689402449467,1.305869306507629,-1.7037710412536122,0.4116423781638197,0.06043877488129027,-0.5904073743574709,0.20829169795186836,-0.4619997323770575,0.23197536119735832,0.6150973505194979,-1.394695464464014,-1.2949379308452873,0.0,0.0
72,-0.35385273751541435,1.305869306507629,-1.7037710412536122,0.4116423781638197,0.06043877488129027,-0.5904073743574709,0.20829169795186836,-0.4619997323770575,0.23197536119735832,-0.7047204307332285,-1.394695464464014,-1.2949379308452873,0.0,0.0
73,1.3271535769472953,1.305869306507629,-1.7037710412536122,0.4116423781638197,0.06043877488129027,-0.5904073743574709,0.20829169795186836,-0.4619997323770575,0.23197536119735832,1.9349151317722242,-1.394695464464014,-1.2949379308452873,0.0,0.0
74,0.9596595568640826,1.305869306507629,-1.7037710412536122,0.4116423781638197,0.06043877488129027,-0.5904073743574709,0.20829169795186836,-0.4619997323770575,0.23197536119735832,-0.7047204307332285,-1.394695464464014,-1.2949379308452873,0.0,0.0
75,0.368669468875511,1.305869306507629,-1.7037710412536122,0.4116423781638197,0.06043877488129027,-0.5904073743574709,0.20829169795186836,-0.4619997323770575,0.23197536119735832,0.6150973505194979,-1.394695464464014,-1.2949379308452873,0.0,0.0
76,1.3074831941323892,1.305869306507629,-1.7037710412536122,0.4116423781638197,0.06043877488129027,-0.5904073743574709,0.20829169795186836,-0.4619997323770575,0.23197536119735832,1.9349151317722242,-1.394695464464014,-1.2949379308452873,0.0,0.0
77,0.25057481640031326,1.305869306507629,-1.7037710412536122,0.4116423781638197,0.06043877488129027,-0.5904073743574709,0.20829169795186836,-0.4619997323770575,0.23197536119735832,-0.7047204307332285,-1.394695464464014,-1.2949379308452873,0.0,0.0
78,1.4397905509536173,1.305869306507629,-1.7037710412536122,0.4116423781638197,0.06043877488129027,-0.5904073743574709,0.20829169795186836,-0.4619997323770575,0.23197536119735832,1.9349151317722242,-1.394695464464014,-1.2949379308452873,0.0,0.0
79,1.3400432077251134,1.305869306507629,-1.7037710412536122,0.4116423781638197,0.06043877488129027,-0.5904073743574709,0.20829169795186836,-0.4619997323770575,0.23197536119735832,-0.7047204307332285,-1.394695464464014,-1.2949379308452873,0.0,0.0
80,0.35109739804769163,1.305869306507629,-1.7037710412536122,0.4116423781638197,0.06043877488129027,-0.5904073743574709,0.20829169795186836,-0.4619997323770575,0.23197536119735832,-0.7047204307332285,-1.394695464464014,-1.2949379308452873,0.0,0.0
81,0.757063916731577,1.305869306507629,-1.7037710412536122,0.4116423781638197,0.06043877488129027,-0.5904073743574709,0.20829169795186836,-0.4619997323770575,0.23197536119735832,0.6150973505194979,-1.394695464464014,-1.2949379308452873,0.0,0.0
82,0.29217927821323847,1.305869306507629,-1.7037710412536122,0.4116423781638197,0.06043877488129027,-0.5904073743574709,0.20829169795186836,-0.4619997323770575,0.23197536119735832,0.6150973505194979,-1.394695464464014,-1.2949379308452873,0.0,0.0
83,1.229959352244951,1.305869306507629,-1.7037710412536122,0.4116423781638197,0.06043877488129027,-0.5904073743574709,0.20829169795186836,-0.4619997323770575,0.23197536119735832,-0.7047204307332285,-1.394695464464014,-1.2949379308452873,0.0,0.0
84,2.395659521425732,1.305869306507629,-1.7037710412536122,0.4116423781638197,0.06043877488129027,-0.5904073743574709,0.20829169795186836,-0.4619997323770575,0.23197536119735832,-0.7047204307332285,-1.394695464464014,-1.2949379308452873,0.0,0.0
85,0.8488004629650457,1.305869306507629,-1.7037710412536122,0.4116423781638197,0.06043877488129027,-0.5904073743574709,0.20829169795186836,-0.4619997323770575,0.23197536119735832,-0.7047204307332285,-1.394695464464014,-1.2949379308452873,0.0,0.0
86,0.8813604765577698,1.305869306507629,-1.7037710412536122,0.4116423781638197,0.06043877488129027,-0.5904073743574709,0.20829169795186836,-0.4619997323770575,0.23197536119735832,1.9349151317722242,-1.394695464464014,-1.2949379308452873,0.0,0.0
87,0.24204719379269501,1.305869306507629,-1.7037710412536122,0.4116423781638197,0.06043877488129027,-0.5904073743574709,0.20829169795186836,-0.4619997323770575,0.23197536119735832,-0.7047204307332285,-1.394695464464014,-1.2949379308452873,0.0,0.0
88,1.3738952853492947,1.305869306507629,-1.7037710412536122,0.4116423781638197,0.06043877488129027,-0.5904073743574709,0.20829169795186836,-0.4619997323770575,0.23197536119735832,0.6150973505194979,-1.394695464464014,-1.2949379308452873,0.0,0.0
89,0.992994808875681,1.305869306507629,-1.7037710412536122,0.4116423781638197,0.06043877488129027,-0.5904073743574709,0.20829169795186836,-0.4619997323770575,0.23197536119735832,1.9349151317722242,-1.394695464464014,-1.2949379308452873,0.0,0.0
90,0.3875336037347876,0.04380877046339996,-1.7037710412536122,-1.5419146707492228,-1.4371591867789992,-0.5904073743574709,-2.078832828578453,0.4726818071140997,-1.1344994172443033,0.6150973505194979,0.7170024033772157,0.7722377854413742,0.0,0.0
91,-0.3489428941958766,1.305869306507629,-1.7037710412536122,0.4116423781638197,0.06043877488129027,-0.5904073743574709,0.20829169795186836,-0.4619997323770575,0.23197536119735832,-0.7047204307332285,-1.394695464464014,-1.2949379308452873,0.0,0.0
92,0.2740903817728362,1.305869306507629,-1.7037710412536122,0.4116423781638197,0.06043877488129027,-0.5904073743574709,0.20829169795186836,-0.4619997323770575,0.23197536119735832,0.6150973505194979,-1.394695464464014,-1.2949379308452873,0.0,0.0
93,-0.34868448138958513,1.305869306507629,-1.7037710412536122,0.4116423781638197,0.06043877488129027,-0.5904073743574709,0.20829169795186836,-0.4619997323770575,0.23197536119735832,-0.7047204307332285,-1.394695464464014,-1.2949379308452873,0.0,0.0
94,3.927789049927805,-1.3479224465198205,-1.7037710412536122,-1.5419146707492228,0.06043877488129027,-0.5904073743574709,-0.9352705653132926,-1.0851207587044955,-1.1344994172443033,1.9349151317722242,0.7170024033772157,0.7722377854413742,0.0,0.0
95,5.684996132709741,-1.3479224465198205,-1.7037710412536122,-1.5419146707492228,0.06043877488129027,-0.5904073743574709,-0.9352705653132926,-1.0851207587044955,-1.1344994172443033,,0.7170024033772157,0.7722377854413742,0.0,0.0
96,0.9560417775760022,0.5223551462595128,-1.7037710412536122,0.4116423781638197,0.06043877488129027,0.7492527943628847,0.20829169795186836,-0.15043921921333844,0.6874669540112455,-0.7047204307332285,0.7170024033772157,0.7722377854413742,0.0,0.0
97,0.8588785624104127,1.305869306507629,-1.7037710412536122,0.4116423781638197,0.06043877488129027,-0.5904073743574709,0.20829169795186836,-0.4619997323770575,0.23197536119735832,-0.7047204307332285,-1.394695464464014,-1.2949379308452873,0.0,0.0
98,0.8914385760031368,1.305869306507629,-1.7037710412536122,0.4116423781638197,0.06043877488129027,-0.5904073743574709,0.20829169795186836,-0.4619997323770575,0.23197536119735832,1.9349151317722242,-1.394695464464014,-1.2949379308452873,0.0,0.0
99,0.6717876906553949,-1.8120955205495735,-1.7037710412536122,0.4116423781638197,-1.4371591867789992,-1.9300675430778265,1.3518539612170293,-1.0851207587044955,-1.1344994172443033,3.25473291302495,0.7170024033772157,0.7722377854413742,0.0,0.0
100,-1.1887845146431253,-0.5403601873348578,-1.7037710412536122,0.4116423781638197,1.5580367365415795,0.7492527943628847,1.3518539612170293,1.718923859768976,-0.6790078244304162,1.9349151317722242,0.7170024033772157,-1.2949379308452873,0.0,0.0
101,-0.3566952783846204,1.305869306507629,-1.7037710412536122,0.4116423781638197,0.06043877488129027,-0.5904073743574709,0.20829169795186836,-0.4619997323770575,0.23197536119735832,-0.7047204307332285,-1.394695464464014,-1.2949379308452873,0.0,0.0
102,-0.34119051000713274,1.305869306507629,-1.7037710412536122,0.4116423781638197,0.06043877488129027,-0.5904073743574709,0.20829169795186836,-0.4619997323770575,0.23197536119735832,-0.7047204307332285,-1.394695464464014,-1.2949379308452873,0.0,0.0
103,0.35109739804769163,1.305869306507629,-1.7037710412536122,0.4116423781638197,0.06043877488129027,-0.5904073743574709,0.20829169795186836,-0.4619997323770575,0.23197536119735832,-0.7047204307332285,-1.394695464464014,-1.2949379308452873,0.0,0.0
104,0.7363908922282602,1.305869306507629,-1.7037710412536122,0.4116423781638197,0.06043877488129027,-0.5904073743574709,0.20829169795186836,-0.4619997323770575,0.23197536119735832,0.6150973505194979,-1.394695464464014,-1.2949379308452873,0.0,0.0
105,0.7854893254236378,1.305869306507629,-1.7037710412536122,0.4116423781638197,0.06043877488129027,-0.5904073743574709,0.20829169795186836,-0.4619997323770575,0.23197536119735832,1.9349151317722242,-1.394695464464014,-1.2949379308452873,0.0,0.0
106,0.9596595568640826,1.305869306507629,-1.7037710412536122,0.4116423781638197,0.06043877488129027,-0.5904073743574709,0.20829169795186836,-0.4619997323770575,0.23197536119735832,-0.7047204307332285,-1.394695464464014,-1.2949379308452873,0.0,0.0
107,-1.2510930104961224,-1.2918626425229427,-1.7037710412536122,0.4116423781638197,0.06043877488129027,-0.5904073743574709,-0.9352705653132926,1.0958028334415377,-1.1344994172443033,0.6150973505194979,0.7170024033772157,-1.2949379308452873,0.0,0.0
108,0.33068278635066617,-0.5403601873348578,-1.7037710412536122,0.4116423781638197,1.5580367365415795,0.7492527943628847,1.3518539612170293,1.718923859768976,-0.6790078244304162,1.9349151317722242,0.7170024033772157,-1.2949379308452873,0.0,0.0
109,0.9095274724435392,0.3824668092565971,-1.7037710412536122,0.4116423781638197,1.5580367365415795,0.7492527943628847,0.20829169795186836,0.16112129395038063,0.23197536119735832,-0.7047204307332285,0.7170024033772157,0.7722377854413742,0.0,0.0
110,-0.2584984119938652,-1.3479224465198205,-1.7037710412536122,-1.5419146707492228,0.06043877488129027,-0.5904073743574709,-0.9352705653132926,-1.0851207587044955,-1.1344994172443033,-0.7047204307332285,0.7170024033772157,0.7722377854413742,0.0,0.0
111,3.0755436147785664,1.305869306507629,-1.7037710412536122,0.4116423781638197,0.06043877488129027,-0.5904073743574709,0.20829169795186836,-0.4619997323770575,0.23197536119735832,1.9349151317722242,-1.394695464464014,-1.2949379308452873,0.0,0.0
112,-1.0130638063649318,-1.2918626425229427,-1.7037710412536122,0.4116423781638197,0.06043877488129027,-0.5904073743574709,-0.9352705653132926,1.0958028334415377,-1.1344994172443033,-0.7047204307332285,0.7170024033772157,-1.2949379308452873,0.0,0.0
113,1.343660987013194,0.6347224000017584,-1.7037710412536122,0.4116423781638197,0.06043877488129027,0.7492527943628847,0.20829169795186836,0.4726818071140997,1.1429585468251326,-0.7047204307332285,,0.7722377854413742,0.0,0.0
114,1.2410711029154837,1.305869306507629,-1.7037710412536122,0.4116423781638197,0.06043877488129027,-0.5904073743574709,0.20829169795186836,-0.4619997323770575,0.23197536119735832,-0.7047204307332285,-1.394695464464014,-1.2949379308452873,0.0,0.0
115,-0.3202590726975244,1.305869306507629,-1.7037710412536122,0.4116423781638197,0.06043877488129027,-0.5904073743574709,0.20829169795186836,-0.4619997323770575,0.23197536119735832,0.6150973505194979,-1.394695464464014,-1.2949379308452873,0.0,0.0
116,0.32473929180596256,1.305869306507629,-1.7037710412536122,0.4116423781638197,0.06043877488129027,-0.5904073743574709,0.20829169795186836,-0.4619997323770575,0.23197536119735832,-0.7047204307332285,-1.394695464464014,-1.2949379308452873,0.0,0.0
117,0.6149368732712734,-1.8120955205495735,-1.7037710412536122,0.4116423781638197,-1.4371591867789992,-1.9300675430778265,1.3518539612170293,-1.0851207587044955,-1.1344994172443033,0.6150973505194979,0.7170024033772157,0.7722377854413742,0.0,0.0
118,0.18080335870161873,0.04380877046339996,-1.7037710412536122,-1.5419146707492228,-1.4371591867789992,-0.5904073743574709,-2.078832828578453,0.4726818071140997,-1.1344994172443033,-0.7047204307332285,0.7170024033772157,0.7722377854413742,0.0,0.0
119,0.8712823771124029,1.305869306507629,-1.7037710412536122,0.4116423781638197,0.06043877488129027,-0.5904073743574709,0.20829169795186836,-0.4619997323770575,0.23197536119735832,0.6150973505194979,-1.394695464464014,-1.2949379308452873,0.0,0.0
120,2.611434214679102,1.305869306507629,-1.7037710412536122,0.4116423781638197,0.06043877488129027,-0.5904073743574709,0.20829169795186836,-0.4619997323770575,0.23197536119735832,0.6150973505194979,-1.394695464464014,-1.2949379308452873,0.0,0.0
121,0.7958258376752962,1.305869306507629,-1.7037710412536122,0.4116423781638197,0.06043877488129027,-0.5904073743574709,0.20829169795186836,-0.4619997323770575,0.23197536119735832,1.9349151317722242,-1.394695464464014,-1.2949379308452873,0.0,0.0
122,0.26504593355263506,1.305869306507629,-1.7037710412536122,0.4116423781638197,0.06043877488129027,-0.5904073743574709,0.20829169795186836,-0.4619997323770575,0.23197536119735832,-0.7047204307332285,-1.394695464464014,-1.2949379308452873,0.0,0.0
123,0.8612042776670359,1.305869306507629,-1.7037710412536122,0.4116423781638197,0.06043877488129027,-0.5904073743574709,0.20829169795186836,-0.4619997323770575,0.23197536119735832,0.6150973505194979,-1.394695464464014,-1.2949379308452873,0.0,0.0
124,2.893104173536795,1.305869306507629,-1.7037710412536122,0.4116423781638197,0.06043877488129027,-0.5904073743574709,0.20829169795186836,-0.4619997323770575,0.23197536119735832,0.6150973505194979,-1.394695464464014,-1.2949379308452873,0.0,0.0
125,1.3188533576092136,1.305869306507629,-1.7037710412536122,0.4116423781638197,0.06043877488129027,-0.5904073743574709,0.20829169795186836,-0.4619997323770575,0.23197536119735832,1.9349151317722242,-1.394695464464014,-1.2949379308452873,0.0,0.0
126,1.3852654488261191,1.305869306507629,-1.7037710412536122,0.4116423781638197,0.06043877488129027,-0.5904073743574709,0.20829169795186836,-0.4619997323770575,0.23197536119735832,0.6150973505194979,-1.394695464464014,-1.2949379308452873,0.0,0.0
127,0.7782537668474768,1.305869306507629,-1.7037710412536122,0.4116423781638197,0.06043877488129027,-0.5904073743574709,0.20829169795186836,-0.4619997323770575,0.23197536119735832,-0.7047204307332285,-1.394695464464014,-1.2949379308452873,0.0,0.0
128,-0.33343812581838894,1.305869306507629,-1.7037710412536122,0.4116423781638197,0.06043877488129027,-0.5904073743574709,0.20829169795186836,-0.4619997323770575,0.23197536119735832,0.6150973505194979,-1.394695464464014,-1.2949379308452873,0.0,0.0
129,0.7880734534865524,1.305869306507629,-1.7037710412536122,0.4116423781638197,0.06043877488129027,-0.5904073743574709,0.20829169795186836,-0.4619997323770575,0.23197536119735832,0.6150973505194979,-1.394695464464014,-1.2949379308452873,0.0,0.0
130,-0.3282698696925597,1.305869306507629,-1.7037710412536122,0.4116423781638197,0.06043877488129027,-0.5904073743574709,0.20829169795186836,-0.4619997323770575,0.23197536119735832,0.6150973505194979,-1.394695464464014,-1.2949379308452873,0.0,0.0
131,0.797893140125628,1.305869306507629,-1.7037710412536122,0.4116423781638197,0.06043877488129027,-0.5904073743574709,0.20829169795186836,-0.4619997323770575,0.23197536119735832,0.6150973505194979,-1.394695464464014,-1.2949379308452873,0.0,0.0
132,-0.32051748550381587,1.305869306507629,-1.7037710412536122,0.4116423781638197,0.06043877488129027,-0.5904073743574709,0.20829169795186836,-0.4619997323770575,0.23197536119735832,0.6150973505194979,-1.394695464464014,-1.2949379308452873,0.0,0.0
133,1.9354263134206398,1.305869306507629,-1.7037710412536122,0.4116423781638197,0.06043877488129027,-0.5904073743574709,0.20829169795186836,-0.4619997323770575,0.23197536119735832,0.6150973505194979,-1.394695464464014,-1.2949379308452873,0.0,0.0
134,-0.312765101315072,1.305869306507629,-1.7037710412536122,0.4116423781638197,0.06043877488129027,-0.5904073743574709,0.20829169795186836,-0.4619997323770575,0.23197536119735832,0.6150973505194979,-1.394695464464014,-1.2949379308452873,0.0,0.0
135,0.8177909262100704,1.305869306507629,-1.7037710412536122,0.4116423781638197,0.06043877488129027,-0.5904073743574709,0.20829169795186836,-0.4619997323770575,0.23197536119735832,0.6150973505194979,-1.394695464464014,-1.2949379308452873,0.0,0.0
136,-0.3050127171263282,1.305869306507629,-1.7037710412536122,0.4116423781638197,0.06043877488129027,-0.5904073743574709,0.20829169795186836,-0.4619997323770575,0.23197536119735832,0.6150973505194979,-1.394695464464014,-1.2949379308452873,0.0,0.0
137,0.8278690256554374,1.305869306507629,-1.7037710412536122,0.4116423781638197,0.06043877488129027,-0.5904073743574709,0.20829169795186836,-0.4619997323770575,0.23197536119735832,0.6150973505194979,-1.394695464464014,-1.2949379308452873,0.0,0.0
138,1.964110134918992,1.305869306507629,-1.7037710412536122,0.4116423781638197,0.06043877488129027,-0.5904073743574709,0.20829169795186836,-0.4619997323770575,0.23197536119735832,0.6150973505194979,-1.394695464464014,-1.2949379308452873,0.0,0.0
139,-0.29726033293758436,1.305869306507629,-1.7037710412536122,0.4116423781638197,0.06043877488129027,-0.5904073743574709,0.20829169795186836,-0.4619997323770575,0.23197536119735832,1.9349151317722242,-1.394695464464014,-1.2949379308452873,0.0,0.0
140,0.31026817465364076,1.305869306507629,-1.7037710412536122,0.4116423781638197,0.06043877488129027,-0.5904073743574709,0.20829169795186836,-0.4619997323770575,0.23197536119735832,1.9349151317722242,-1.394695464464014,-1.2949379308452873,0.0,0.0
141,0.8379471251008044,1.305869306507629,-1.7037710412536122,0.4116423781638197,0.06043877488129027,-0.5904073743574709,0.20829169795186836,-0.4619997323770575,0.23197536119735832,1.9349151317722242,-1.394695464464014,-1.2949379308452873,0.0,0.0
142,1.977030775233565,1.305869306507629,-1.7037710412536122,0.4116423781638197,0.06043877488129027,-0.5904073743574709,0.20829169795186836,-0.4619997323770575,0.23197536119735832,1.9349151317722242,-1.394695464464014,-1.2949379308452873,0.0,0.0
143,-0.29209207681175514,1.305869306507629,-1.7037710412536122,0.4116423781638197,0.06043877488129027,-0.5904073743574709,0.20829169795186836,-0.4619997323770575,0.23197536119735832,1.9349151317722242,-1.394695464464014,-1.2949379308452873,0.0,0.0
144,1.3188533576092136,1.305869306507629,-1.7037710412536122,0.4116423781638197,0.06043877488129027,-0.5904073743574709,0.20829169795186836,-0.4619997323770575,0.23197536119735832,1.9349151317722242,-1.394695464464014,-1.2949379308452873,0.0,0.0
145,1.9845247466160174,1.305869306507629,-1.7037710412536122,0.4116423781638197,0.06043877488129027,-0.5904073743574709,0.20829169795186836,-0.4619997323770575,0.23197536119735832,1.9349151317722242,-1.394695464464014,-1.2949379308452873,0.0,0.0
146,0.3180205588423846,1.305869306507629,-1.7037710412536122,0.4116423781638197,0.06043877488129027,-0.5904073743574709,0.20829169795186836,-0.4619997323770575,0.23197536119735832,1.9349151317722242,-1.394695464464014,-1.2949379308452873,0.0,0.0
147,-0.904530427722518,1.305869306507629,-1.7037710412536122,0.4116423781638197,0.06043877488129027,-0.5904073743574709,0.20829169795186836,-0.4619997323770575,0.23197536119735832,-0.7047204307332285,-1.394695464464014,-1.2949379308452873,0.0,0.0
148,-0.3414489228134242,1.305869306507629,-1.7037710412536122,0.4116423781638197,0.06043877488129027,-0.5904073743574709,0.20829169795186836,-0.4619997323770575,0.23197536119735832,-0.7047204307332285,-1.394695464464014,-1.2949379308452873,0.0,0.0
149,1.2317682418889913,1.305869306507629,-1.7037710412536122,0.4116423781638197,0.06043877488129027,-0.5904073743574709,0.20829169795186836,-0.4619997323770575,0.23197536119735832,-0.7047204307332285,-1.394695464464014,-1.2949379308452873,0.0,0.0
150,-0.33447177704355474,1.305869306507629,-1.7037710412536122,0.4116423781638197,0.06043877488129027,-0.5904073743574709,0.20829169795186836,-0.4619997323770575,0.23197536119735832,-0.7047204307332285,-1.394695464464014,-1.2949379308452873,0.0,0.0
151,2.409613812965471,1.305869306507629,-1.7037710412536122,0.4116423781638197,0.06043877488129027,-0.5904073743574709,0.20829169795186836,-0.4619997323770575,0.23197536119735832,-0.7047204307332285,-1.394695464464014,-1.2949379308452873,0.0,0.0
152,0.25651831094501687,1.305869306507629,-1.7037710412536122,0.4116423781638197,0.06043877488129027,-0.5904073743574709,0.20829169795186836,-0.4619997323770575,0.23197536119735832,-0.7047204307332285,-1.394695464464014,-1.2949379308452873,0.0,0.0
153,-0.32723621846739387,1.305869306507629,-1.7037710412536122,0.4116423781638197,0.06043877488129027,-0.5904073743574709,0.20829169795186836,-0.4619997323770575,0.23197536119735832,-0.7047204307332285,-1.394695464464014,-1.2949379308452873,0.0,0.0
154,1.2519244407797252,1.305869306507629,-1.7037710412536122,0.4116423781638197,0.06043877488129027,-0.5904073743574709,0.20829169795186836,-0.4619997323770575,0.23197536119735832,-0.7047204307332285,-1.394695464464014,-1.2949379308452873,0.0,0.0
155,2.4235681045052098,1.305869306507629,-1.7037710412536122,0.4116423781638197,0.06043877488129027,-0.5904073743574709,0.20829169795186836,-0.4619997323770575,0.23197536119735832,-0.7047204307332285,-1.394695464464014,-1.2949379308452873,0.0,0.0
156,0.8689566618557797,1.305869306507629,-1.7037710412536122,0.4116423781638197,0.06043877488129027,-0.5904073743574709,0.20829169795186836,-0.4619997323770575,0.23197536119735832,-0.7047204307332285,-1.394695464464014,-1.2949379308452873,0.0,0.0
157,1.2537333304237654,1.305869306507629,-1.7037710412536122,0.4116423781638197,0.06043877488129027,-0.5904073743574709,0.20829169795186836,-0.4619997323770575,0.23197536119735832,-0.7047204307332285,-1.394695464464014,-1.2949379308452873,0.0,0.0
158,1.263036191450258,1.305869306507629,-1.7037710412536122,0.4116423781638197,0.06043877488129027,-0.5904073743574709,0.20829169795186836,-0.4619997323770575,0.23197536119735832,0.6150973505194979,-1.394695464464014,-1.2949379308452873,0.0,0.0
159,2.437522396044949,1.305869306507629,-1.7037710412536122,0.4116423781638197,0.06043877488129027,-0.5904073743574709,0.20829169795186836,-0.4619997323770575,0.23197536119735832,0.6150973505194979,-1.394695464464014,-1.2949379308452873,0.0,0.0
160,0.2735735561602533,1.305869306507629,-1.7037710412536122,0.4116423781638197,0.06043877488129027,-0.5904073743574709,0.20829169795186836,-0.4619997323770575,0.23197536119735832,0.6150973505194979,-1.394695464464014,-1.2949379308452873,0.0,0.0
161,0.8790347613011467,1.305869306507629,-1.7037710412536122,0.4116423781638197,0.06043877488129027,-0.5904073743574709,0.20829169795186836,-0.4619997323770575,0.23197536119735832,0.6150973505194979,-1.394695464464014,-1.2949379308452873,0.0,0.0
162,1.2648450810942982,1.305869306507629,-1.7037710412536122,0.4116423781638197,0.06043877488129027,-0.5904073743574709,0.20829169795186836,-0.4619997323770575,0.23197536119735832,0.6150973505194979,-1.394695464464014,-1.2949379308452873,0.0,0.0
163,-0.3130235141213635,1.305869306507629,-1.7037710412536122,0.4116423781638197,0.06043877488129027,-0.5904073743574709,0.20829169795186836,-0.4619997323770575,0.23197536119735832,0.6150973505194979,-1.394695464464014,-1.2949379308452873,0.0,0.0
164,1.2741479421207909,1.305869306507629,-1.7037710412536122,0.4116423781638197,0.06043877488129027,-0.5904073743574709,0.20829169795186836,-0.4619997323770575,0.23197536119735832,0.6150973505194979,-1.394695464464014,-1.2949379308452873,0.0,0.0
165,2.451476687584688,1.305869306507629,-1.7037710412536122,0.4116423781638197,0.06043877488129027,-0.5904073743574709,0.20829169795186836,-0.4619997323770575,0.23197536119735832,0.6150973505194979,-1.394695464464014,-1.2949379308452873,0.0,0.0
166,0.28235959157416296,1.305869306507629,-1.7037710412536122,0.4116423781638197,0.06043877488129027,-0.5904073743574709,0.20829169795186836,-0.4619997323770575,0.23197536119735832,0.6150973505194979,-1.394695464464014,-1.2949379308452873,0.0,0.0
167,1.275956831764831,1.305869306507629,-1.7037710412536122,0.4116423781638197,0.06043877488129027,-0.5904073743574709,0.20829169795186836,-0.4619997323770575,0.23197536119735832,0.6150973505194979,-1.394695464464014,-1.2949379308452873,0.0,0.0
168,-0.306046368351494,1.305869306507629,-1.7037710412536122,0.4116423781638197,0.06043877488129027,-0.5904073743574709,0.20829169795186836,-0.4619997323770575,0.23197536119735832,0.6150973505194979,-1.394695464464014,-1.2949379308452873,0.0,0.0
169,1.2852596927913236,1.305869306507629,-1.7037710412536122,0.4116423781638197,0.06043877488129027,-0.5904073743574709,0.20829169795186836,-0.4619997323770575,0.23197536119735832,0.6150973505194979,-1.394695464464014,-1.2949379308452873,0.0,0.0
170,2.465689391930718,1.305869306507629,-1.7037710412536122,0.4116423781638197,0.06043877488129027,-0.5904073743574709,0.20829169795186836,-0.4619997323770575,0.23197536119735832,0.6150973505194979,-1.394695464464014,-1.2949379308452873,0.0,0.0
171,0.29088721418178115,1.305869306507629,-1.7037710412536122,0.4116423781638197,0.06043877488129027,-0.5904073743574709,0.20829169795186836,-0.4619997323770575,0.23197536119735832,0.6150973505194979,-1.394695464464014,-1.2949379308452873,0.0,0.0
172,0.8994493729981722,1.305869306507629,-1.7037710412536122,0.4116423781638197,0.06043877488129027,-0.5904073743574709,0.20829169795186836,-0.4619997323770575,0.23197536119735832,0.6150973505194979,-1.394695464464014,-1.2949379308452873,0.0,0.0
173,1.2870685824353638,1.305869306507629,-1.7037710412536122,0.4116423781638197,0.06043877488129027,-0.5904073743574709,0.20829169795186836,-0.4619997323770575,0.23197536119735832,0.6150973505194979,-1.394695464464014,-1.2949379308452873,0.0,0.0
174,-0.29881080977533314,1.305869306507629,-1.7037710412536122,0.4116423781638197,0.06043877488129027,-0.5904073743574709,0.20829169795186836,-0.4619997323770575,0.23197536119735832,0.6150973505194979,-1.394695464464014,-1.2949379308452873,0.0,0.0
175,1.2963714434618565,1.305869306507629,-1.7037710412536122,0.4116423781638197,0.06043877488129027,-0.5904073743574709,0.20829169795186836,-0.4619997323770575,0.23197536119735832,0.6150973505194979,-1.394695464464014,-1.2949379308452873,0.0,0.0
176,2.4799020962767484,1.305869306507629,-1.7037710412536122,0.4116423781638197,0.06043877488129027,-0.5904073743574709,0.20829169795186836,-0.4619997323770575,0.23197536119735832,0.6150973505194979,-1.394695464464014,-1.2949379308452873,0.0,0.0
177,0.29967324959569086,1.305869306507629,-1.7037710412536122,0.4116423781638197,0.06043877488129027,-0.5904073743574709,0.20829169795186836,-0.4619997323770575,0.23197536119735832,0.6150973505194979,-1.394695464464014,-1.2949379308452873,0.0,0.0
178,0.9095274724435392,1.305869306507629,-1.7037710412536122,0.4116423781638197,0.06043877488129027,-0.5904073743574709,0.20829169795186836,-0.4619997323770575,0.23197536119735832,0.6150973505194979,-1.394695464464014,-1.2949379308452873,0.0,0.0
179,1.2981803331058968,1.305869306507629,-1.7037710412536122,0.4116423781638197,0.06043877488129027,-0.5904073743574709,0.20829169795186836,-0.4619997323770575,0.23197536119735832,0.6150973505194979,-1.394695464464014,-1.2949379308452873,0.0,0.0
180,-0.2915752511991722,1.305869306507629,-1.7037710412536122,0.4116423781638197,0.06043877488129027,-0.5904073743574709,0.20829169795186836,-0.4619997323770575,0.23197536119735832,0.6150973505194979,-1.394695464464014,-1.2949379308452873,0.0,0.0
181,1.3074831941323892,1.305869306507629,-1.7037710412536122,0.4116423781638197,0.06043877488129027,-0.5904073743574709,0.20829169795186836,-0.4619997323770575,0.23197536119735832,0.6150973505194979,-1.394695464464014,-1.2949379308452873,0.0,0.0
182,2.4938563878164874,1.305869306507629,-1.7037710412536122,0.4116423781638197,0.06043877488129027,-0.5904073743574709,0.20829169795186836,-0.4619997323770575,0.23197536119735832,0.6150973505194979,-1.394695464464014,-1.2949379308452873,0.0,0.0
183,0.30820087220330905,1.305869306507629,-1.7037710412536122,0.4116423781638197,0.06043877488129027,-0.5904073743574709,0.20829169795186836,-0.4619997323770575,0.23197536119735832,0.6150973505194979,-1.394695464464014,-1.2949379308452873,0.0,0.0
184,0.9196055718889061,1.305869306507629,-1.7037710412536122,0.4116423781638197,0.06043877488129027,-0.5904073743574709,0.20829169795186836,-0.4619997323770575,0.23197536119735832,0.6150973505194979,-1.394695464464014,-1.2949379308452873,0.0,0.0
185,1.3092920837764295,1.305869306507629,-1.7037710412536122,0.4116423781638197,0.06043877488129027,-0.5904073743574709,0.20829169795186836,-0.4619997323770575,0.23197536119735832,0.6150973505194979,-1.394695464464014,-1.2949379308452873,0.0,0.0
186,-0.2843396926230113,1.305869306507629,-1.7037710412536122,0.4116423781638197,0.06043877488129027,-0.5904073743574709,0.20829169795186836,-0.4619997323770575,0.23197536119735832,1.9349151317722242,-1.394695464464014,-1.2949379308452873,0.0,0.0
187,2.5080690921625175,1.305869306507629,-1.7037710412536122,0.4116423781638197,0.06043877488129027,-0.5904073743574709,0.20829169795186836,-0.4619997323770575,0.23197536119735832,1.9349151317722242,-1.394695464464014,-1.2949379308452873,0.0,0.0
188,0.31698690761721876,1.305869306507629,-1.7037710412536122,0.4116423781638197,0.06043877488129027,-0.5904073743574709,0.20829169795186836,-0.4619997323770575,0.23197536119735832,1.9349151317722242,-1.394695464464014,-1.2949379308452873,0.0,0.0
189,0.9299420841405646,1.305869306507629,-1.7037710412536122,0.4116423781638197,0.06043877488129027,-0.5904073743574709,0.20829169795186836,-0.4619997323770575,0.23197536119735832,1.9349151317722242,-1.394695464464014,-1.2949379308452873,0.0,0.0
190,1.3206622472532539,1.305869306507629,-1.7037710412536122,0.4116423781638197,0.06043877488129027,-0.5904073743574709,0.20829169795186836,-0.4619997323770575,0.23197536119735832,1.9349151317722242,-1.394695464464014,-1.2949379308452873,0.0,0.0
191,-0.2771041340468504,1.305869306507629,-1.7037710412536122,0.4116423781638197,0.06043877488129027,-0.5904073743574709,0.20829169795186836,-0.4619997323770575,0.23197536119735832,1.9349151317722242,-1.394695464464014,-1.2949379308452873,0.0,0.0
192,2.522281796508548,1.305869306507629,-1.7037710412536122,0.4116423781638197,0.06043877488129027,-0.5904073743574709,0.20829169795186836,-0.4619997323770575,0.23197536119735832,1.9349151317722242,-1.394695464464014,-1.2949379308452873,0.0,0.0
193,0.3257729430311284,1.305869306507629,-1.7037710412536122,0.4116423781638197,0.06043877488129027,-0.5904073743574709,0.20829169795186836,-0.4619997323770575,0.23197536119735832,1.9349151317722242,-1.394695464464014,-1.2949379308452873,0.0,0.0
194,1.3317739979237866,1.305869306507629,-1.7037710412536122,0.4116423781638197,0.06043877488129027,-0.5904073743574709,0.20829169795186836,-0.4619997323770575,0.23197536119735832,1.9349151317722242,-1.394695464464014,-1.2949379308452873,0.0,0.0
195,0.22499194857745858,1.305869306507629,-1.7037710412536122,0.4116423781638197,0.06043877488129027,-0.5904073743574709,0.20829169795186836,-0.4619997323770575,0.23197536119735832,-0.7047204307332285,-1.394695464464014,-1.2949379308452873,0.0,0.0
196,-0.904530427722518,1.305869306507629,-1.7037710412536122,0.4116423781638197,0.06043877488129027,-0.5904073743574709,0.20829169795186836,-0.4619997323770575,0.23197536119735832,-0.7047204307332285,-1.394695464464014,-1.2949379308452873,0.0,0.0
197,0.2335195711850768,1.305869306507629,-1.7037710412536122,0.4116423781638197,0.06043877488129027,-0.5904073743574709,0.20829169795186836,-0.4619997323770575,0.23197536119735832,-0.7047204307332285,-1.394695464464014,-1.2949379308452873,0.0,0.0
198,2.937034350606343,1.305869306507629,-1.7037710412536122,0.4116423781638197,0.06043877488129027,-0.5904073743574709,0.20829169795186836,-0.4619997323770575,0.23197536119735832,-0.7047204307332285,-1.394695464464014,-1.2949379308452873,0.0,0.0
199,0.25910243900793145,1.305869306507629,-1.7037710412536122,0.4116423781638197,0.06043877488129027,-0.5904073743574709,0.20829169795186836,-0.4619997323770575,0.23197536119735832,-0.7047204307332285,-1.394695464464014,-1.2949379308452873,0.0,0.0
200,0.969996069115741,1.305869306507629,-1.7037710412536122,0.4116423781638197,0.06043877488129027,-0.5904073743574709,0.20829169795186836,-0.4619997323770575,0.23197536119735832,-0.7047204307332285,-1.394695464464014,-1.2949379308452873,0.0,0.0
201,0.2676300616155497,1.305869306507629,-1.7037710412536122,0.4116423781638197,0.06043877488129027,-0.5904073743574709,0.20829169795186836,-0.4619997323770575,0.23197536119735832,0.6150973505194979,-1.394695464464014,-1.2949379308452873,0.0,0.0
202,2.59696309752678,1.305869306507629,-1.7037710412536122,0.4116423781638197,0.06043877488129027,-0.5904073743574709,0.20829169795186836,-0.4619997323770575,0.23197536119735832,0.6150973505194979,-1.394695464464014,-1.2949379308452873,0.0,0.0
203,0.3598834334616013,1.305869306507629,-1.7037710412536122,0.4116423781638197,0.06043877488129027,-0.5904073743574709,0.20829169795186836,-0.4619997323770575,0.23197536119735832,0.6150973505194979,-1.394695464464014,-1.2949379308452873,0.0,0.0
204,0.9803325813673994,1.305869306507629,-1.7037710412536122,0.4116423781638197,0.06043877488129027,-0.5904073743574709,0.20829169795186836,-0.4619997323770575,0.23197536119735832,0.6150973505194979,-1.394695464464014,-1.2949379308452873,0.0,0.0
205,0.27641609702945935,1.305869306507629,-1.7037710412536122,0.4116423781638197,0.06043877488129027,-0.5904073743574709,0.20829169795186836,-0.4619997323770575,0.23197536119735832,0.6150973505194979,-1.394695464464014,-1.2949379308452873,0.0,0.0
206,0.990669093619058,1.305869306507629,-1.7037710412536122,0.4116423781638197,0.06043877488129027,-0.5904073743574709,0.20829169795186836,-0.4619997323770575,0.23197536119735832,0.6150973505194979,-1.394695464464014,-1.2949379308452873,0.0,0.0
207,0.2849437196370776,1.305869306507629,-1.7037710412536122,0.4116423781638197,0.06043877488129027,-0.5904073743574709,0.20829169795186836,-0.4619997323770575,0.23197536119735832,0.6150973505194979,-1.394695464464014,-1.2949379308452873,0.0,0.0
208,2.625905331831424,1.305869306507629,-1.7037710412536122,0.4116423781638197,0.06043877488129027,-0.5904073743574709,0.20829169795186836,-0.4619997323770575,0.23197536119735832,0.6150973505194979,-1.394695464464014,-1.2949379308452873,0.0,0.0
209,0.37745550428942065,1.305869306507629,-1.7037710412536122,0.4116423781638197,0.06043877488129027,-0.5904073743574709,0.20829169795186836,-0.4619997323770575,0.23197536119735832,0.6150973505194979,-1.394695464464014,-1.2949379308452873,0.0,0.0
210,1.0012640186770079,1.305869306507629,-1.7037710412536122,0.4116423781638197,0.06043877488129027,-0.5904073743574709,0.20829169795186836,-0.4619997323770575,0.23197536119735832,0.6150973505194979,-1.394695464464014,-1.2949379308452873,0.0,0.0
211,3.0135245412686156,1.305869306507629,-1.7037710412536122,0.4116423781638197,0.06043877488129027,-0.5904073743574709,0.20829169795186836,-0.4619997323770575,0.23197536119735832,0.6150973505194979,-1.394695464464014,-1.2949379308452873,0.0,0.0
212,0.29372975505098725,1.305869306507629,-1.7037710412536122,0.4116423781638197,0.06043877488129027,-0.5904073743574709,0.20829169795186836,-0.4619997323770575,0.23197536119735832,0.6150973505194979,-1.394695464464014,-1.2949379308452873,0.0,0.0
213,2.640376448983746,1.305869306507629,-1.7037710412536122,0.4116423781638197,0.06043877488129027,-0.5904073743574709,0.20829169795186836,-0.4619997323770575,0.23197536119735832,0.6150973505194979,-1.394695464464014,-1.2949379308452873,0.0,0.0
214,0.38624153970333036,1.305869306507629,-1.7037710412536122,0.4116423781638197,0.06043877488129027,-0.5904073743574709,0.20829169795186836,-0.4619997323770575,0.23197536119735832,0.6150973505194979,-1.394695464464014,-1.2949379308452873,0.0,0.0
215,1.0116005309286662,1.305869306507629,-1.7037710412536122,0.4116423781638197,0.06043877488129027,-0.5904073743574709,0.20829169795186836,-0.4619997323770575,0.23197536119735832,0.6150973505194979,-1.394695464464014,-1.2949379308452873,0.0,0.0
216,0.30225737765860544,1.305869306507629,-1.7037710412536122,0.4116423781638197,0.06043877488129027,-0.5904073743574709,0.20829169795186836,-0.4619997323770575,0.23197536119735832,0.6150973505194979,-1.394695464464014,-1.2949379308452873,0.0,0.0
217,2.6548475661360675,1.305869306507629,-1.7037710412536122,0.4116423781638197,0.06043877488129027,-0.5904073743574709,0.20829169795186836,-0.4619997323770575,0.23197536119735832,0.6150973505194979,-1.394695464464014,-1.2949379308452873,0.0,0.0
218,0.3952859879235315,1.305869306507629,-1.7037710412536122,0.4116423781638197,0.06043877488129027,-0.5904073743574709,0.20829169795186836,-0.4619997323770575,0.23197536119735832,0.6150973505194979,-1.394695464464014,-1.2949379308452873,0.0,0.0
219,1.0219370431803247,1.305869306507629,-1.7037710412536122,0.4116423781638197,0.06043877488129027,-0.5904073743574709,0.20829169795186836,-0.4619997323770575,0.23197536119735832,0.6150973505194979,-1.394695464464014,-1.2949379308452873,0.0,0.0
220,2.043184453644179,1.305869306507629,-1.7037710412536122,0.4116423781638197,0.06043877488129027,-0.5904073743574709,0.20829169795186836,-0.4619997323770575,0.23197536119735832,0.6150973505194979,-1.394695464464014,-1.2949379308452873,0.0,0.0
221,0.31104341307251515,1.305869306507629,-1.7037710412536122,0.4116423781638197,0.06043877488129027,-0.5904073743574709,0.20829169795186836,-0.4619997323770575,0.23197536119735832,1.9349151317722242,-1.394695464464014,-1.2949379308452873,0.0,0.0
222,2.6693186832883895,1.305869306507629,-1.7037710412536122,0.4116423781638197,0.06043877488129027,-0.5904073743574709,0.20829169795186836,-0.4619997323770575,0.23197536119735832,1.9349151317722242,-1.394695464464014,-1.2949379308452873,0.0,0.0
223,0.40407202333744113,1.305869306507629,-1.7037710412536122,0.4116423781638197,0.06043877488129027,-0.5904073743574709,0.20829169795186836,-0.4619997323770575,0.23197536119735832,1.9349151317722242,-1.394695464464014,-1.2949379308452873,0.0,0.0
224,1.0325319682382745,1.305869306507629,-1.7037710412536122,0.4116423781638197,0.06043877488129027,-0.5904073743574709,0.20829169795186836,-0.4619997323770575,0.23197536119735832,1.9349151317722242,-1.394695464464014,-1.2949379308452873,0.0,0.0
225,3.0600388464010786,1.305869306507629,-1.7037710412536122,0.4116423781638197,0.06043877488129027,-0.5904073743574709,0.20829169795186836,-0.4619997323770575,0.23197536119735832,1.9349151317722242,-1.394695464464014,-1.2949379308452873,0.0,0.0
226,0.31957103568013334,1.305869306507629,-1.7037710412536122,0.4116423781638197,0.06043877488129027,-0.5904073743574709,0.20829169795186836,-0.4619997323770575,0.23197536119735832,1.9349151317722242,-1.394695464464014,-1.2949379308452873,0.0,0.0
227,2.684048213247003,1.305869306507629,-1.7037710412536122,0.4116423781638197,0.06043877488129027,-0.5904073743574709,0.20829169795186836,-0.4619997323770575,0.23197536119735832,1.9349151317722242,-1.394695464464014,-1.2949379308452873,0.0,0.0
228,0.4131164715576423,1.305869306507629,-1.7037710412536122,0.4116423781638197,0.06043877488129027,-0.5904073743574709,0.20829169795186836,-0.4619997323770575,0.23197536119735832,1.9349151317722242,-1.394695464464014,-1.2949379308452873,0.0,0.0
229,-0.904530427722518,1.305869306507629,-1.7037710412536122,0.4116423781638197,0.06043877488129027,-0.5904073743574709,0.20829169795186836,-0.4619997323770575,0.23197536119735832,-0.7047204307332285,-1.394695464464014,-1.2949379308452873,0.0,0.0
230,0.969996069115741,1.305869306507629,-1.7037710412536122,0.4116423781638197,0.06043877488129027,-0.5904073743574709,0.20829169795186836,-0.4619997323770575,0.23197536119735832,-0.7047204307332285,-1.394695464464014,-1.2949379308452873,0.0,0.0
231,0.9803325813673994,1.305869306507629,-1.7037710412536122,0.4116423781638197,0.06043877488129027,-0.5904073743574709,0.20829169795186836,-0.4619997323770575,0.23197536119735832,0.6150973505194979,-1.394695464464014,-1.2949379308452873,0.0,0.0
232,0.3598834334616013,1.305869306507629,-1.7037710412536122,0.4116423781638197,0.06043877488129027,-0.5904073743574709,0.20829169795186836,-0.4619997323770575,0.23197536119735832,0.6150973505194979,-1.394695464464014,-1.2949379308452873,0.0,0.0
233,2.0067482479570833,1.305869306507629,-1.7037710412536122,0.4116423781638197,0.06043877488129027,-0.5904073743574709,0.20829169795186836,-0.4619997323770575,0.23197536119735832,0.6150973505194979,-1.394695464464014,-1.2949379308452873,0.0,0.0
234,0.990669093619058,1.305869306507629,-1.7037710412536122,0.4116423781638197,0.06043877488129027,-0.5904073743574709,0.20829169795186836,-0.4619997323770575,0.23197536119735832,0.6150973505194979,-1.394695464464014,-1.2949379308452873,0.0,0.0
235,0.368669468875511,1.305869306507629,-1.7037710412536122,0.4116423781638197,0.06043877488129027,-0.5904073743574709,0.20829169795186836,-0.4619997323770575,0.23197536119735832,0.6150973505194979,-1.394695464464014,-1.2949379308452873,0.0,0.0
236,1.0012640186770079,1.305869306507629,-1.7037710412536122,0.4116423781638197,0.06043877488129027,-0.5904073743574709,0.20829169795186836,-0.4619997323770575,0.23197536119735832,0.6150973505194979,-1.394695464464014,-1.2949379308452873,0.0,0.0
237,0.37745550428942065,1.305869306507629,-1.7037710412536122,0.4116423781638197,0.06043877488129027,-0.5904073743574709,0.20829169795186836,-0.4619997323770575,0.23197536119735832,0.6150973505194979,-1.394695464464014,-1.2949379308452873,0.0,0.0
238,1.3966356123029433,1.305869306507629,-1.7037710412536122,0.4116423781638197,0.06043877488129027,-0.5904073743574709,0.20829169795186836,-0.4619997323770575,0.23197536119735832,0.6150973505194979,-1.394695464464014,-1.2949379308452873,0.0,0.0
239,0.2849437196370776,1.305869306507629,-1.7037710412536122,0.4116423781638197,0.06043877488129027,-0.5904073743574709,0.20829169795186836,-0.4619997323770575,0.23197536119735832,0.6150973505194979,-1.394695464464014,-1.2949379308452873,0.0,0.0
240,3.545079683810151,1.305869306507629,-1.7037710412536122,0.4116423781638197,0.06043877488129027,-0.5904073743574709,0.20829169795186836,-0.4619997323770575,0.23197536119735832,0.6150973505194979,-1.394695464464014,-1.2949379308452873,0.0,0.0
241,1.0116005309286662,1.305869306507629,-1.7037710412536122,0.4116423781638197,0.06043877488129027,-0.5904073743574709,0.20829169795186836,-0.4619997323770575,0.23197536119735832,0.6150973505194979,-1.394695464464014,-1.2949379308452873,0.0,0.0
242,0.38624153970333036,1.305869306507629,-1.7037710412536122,0.4116423781638197,0.06043877488129027,-0.5904073743574709,0.20829169795186836,-0.4619997323770575,0.23197536119735832,0.6150973505194979,-1.394695464464014,-1.2949379308452873,0.0,0.0
243,1.4082641885860592,1.305869306507629,-1.7037710412536122,0.4116423781638197,0.06043877488129027,-0.5904073743574709,0.20829169795186836,-0.4619997323770575,0.23197536119735832,0.6150973505194979,-1.394695464464014,-1.2949379308452873,0.0,0.0
244,3.561876516219096,1.305869306507629,-1.7037710412536122,0.4116423781638197,0.06043877488129027,-0.5904073743574709,0.20829169795186836,-0.4619997323770575,0.23197536119735832,0.6150973505194979,-1.394695464464014,-1.2949379308452873,0.0,0.0
245,1.0219370431803247,1.305869306507629,-1.7037710412536122,0.4116423781638197,0.06043877488129027,-0.5904073743574709,0.20829169795186836,-0.4619997323770575,0.23197536119735832,0.6150973505194979,-1.394695464464014,-1.2949379308452873,0.0,0.0
246,0.3952859879235315,1.305869306507629,-1.7037710412536122,0.4116423781638197,0.06043877488129027,-0.5904073743574709,0.20829169795186836,-0.4619997323770575,0.23197536119735832,0.6150973505194979,-1.394695464464014,-1.2949379308452873,0.0,0.0
247,1.4196343520628834,1.305869306507629,-1.7037710412536122,0.4116423781638197,0.06043877488129027,-0.5904073743574709,0.20829169795186836,-0.4619997323770575,0.23197536119735832,0.6150973505194979,-1.394695464464014,-1.2949379308452873,0.0,0.0
248,0.9826582966240226,1.305869306507629,-1.7037710412536122,0.4116423781638197,0.06043877488129027,-0.5904073743574709,0.20829169795186836,-0.4619997323770575,0.23197536119735832,1.9349151317722242,-1.394695464464014,-1.2949379308452873,0.0,0.0
249,3.5786733486280413,1.305869306507629,-1.7037710412536122,0.4116423781638197,0.06043877488129027,-0.5904073743574709,0.20829169795186836,-0.4619997323770575,0.23197536119735832,1.9349151317722242,-1.394695464464014,-1.2949379308452873,0.0,0.0
250,0.40407202333744113,1.305869306507629,-1.7037710412536122,0.4116423781638197,0.06043877488129027,-0.5904073743574709,0.20829169795186836,-0.4619997323770575,0.23197536119735832,1.9349151317722242,-1.394695464464014,-1.2949379308452873,0.0,0.0
251,1.4310045155397078,1.305869306507629,-1.7037710412536122,0.4116423781638197,0.06043877488129027,-0.5904073743574709,0.20829169795186836,-0.4619997323770575,0.23197536119735832,1.9349151317722242,-1.394695464464014,-1.2949379308452873,0.0,0.0
252,1.4397905509536173,1.305869306507629,-1.7037710412536122,0.4116423781638197,0.06043877488129027,-0.5904073743574709,0.20829169795186836,-0.4619997323770575,0.23197536119735832,1.9349151317722242,-1.394695464464014,-1.2949379308452873,0.0,0.0
253,0.4131164715576423,1.305869306507629,-1.7037710412536122,0.4116423781638197,0.06043877488129027,-0.5904073743574709,0.20829169795186836,-0.4619997323770575,0.23197536119735832,1.9349151317722242,-1.394695464464014,-1.2949379308452873,0.0,0.0
254,1.4426330918228234,1.305869306507629,-1.7037710412536122,0.4116423781638197,0.06043877488129027,-0.5904073743574709,0.20829169795186836,-0.4619997323770575,0.23197536119735832,1.9349151317722242,-1.394695464464014,-1.2949379308452873,0.0,0.0
255,0.4621838952162649,0.04380877046339996,-1.7037710412536122,-1.5419146707492228,-1.4371591867789992,-0.5904073743574709,-2.078832828578453,0.4726818071140997,-1.1344994172443033,0.6150973505194979,0.7170024033772157,0.7722377854413742,0.0,0.0
256,0.2841684812182032,0.6347224000017584,-1.7037710412536122,0.4116423781638197,0.06043877488129027,0.7492527943628847,0.20829169795186836,0.4726818071140997,1.1429585468251326,-0.7047204307332285,,0.7722377854413742,0.0,0.0
257,-0.5427524989144724,1.305869306507629,-1.6506597888264773,0.4116423781638197,0.06043877488129027,-0.5904073743574709,0.20829169795186836,-0.4619997323770575,0.23197536119735832,-0.7047204307332285,0.7170024033772157,0.7722377854413742,0.0,0.0
258,-0.7624033842622144,-1.728821993438403,-1.6506597888264773,0.4116423781638197,-1.4371591867789992,-0.5904073743574709,1.3518539612170293,-0.7735602455407765,-1.1344994172443033,-0.7047204307332285,0.7170024033772157,0.7722377854413742,0.0,0.0
259,0.9043592163177099,0.44116885080095214,-1.6506597888264773,0.4116423781638197,1.5580367365415795,0.7492527943628847,0.20829169795186836,-0.15043921921333844,1.1429585468251326,0.6150973505194979,0.7170024033772157,0.7722377854413742,0.0,0.0
260,-0.10474279225044582,0.3824668092565971,-1.6506597888264773,0.4116423781638197,1.5580367365415795,0.7492527943628847,0.20829169795186836,0.16112129395038063,0.23197536119735832,1.9349151317722242,0.7170024033772157,0.7722377854413742,0.0,0.0
261,-0.6667906459343738,-0.10408600229664455,-1.6506597888264773,0.4116423781638197,0.06043877488129027,0.7492527943628847,-2.078832828578453,1.0958028334415377,-0.6790078244304162,1.9349151317722242,0.7170024033772157,-1.2949379308452873,0.0,0.0
262,0.15496207807247261,0.3824668092565971,-1.6506597888264773,0.4116423781638197,1.5580367365415795,0.7492527943628847,0.20829169795186836,0.16112129395038063,0.23197536119735832,0.6150973505194979,0.7170024033772157,0.7722377854413742,0.0,0.0
263,-0.7624033842622144,-1.3479224465198205,-1.6506597888264773,-1.5419146707492228,0.06043877488129027,-0.5904073743574709,-0.9352705653132926,-1.0851207587044955,-1.1344994172443033,-0.7047204307332285,0.7170024033772157,0.7722377854413742,0.0,0.0
264,1.602073793304655,-1.728821993438403,-1.6506597888264773,0.4116423781638197,-1.4371591867789992,-0.5904073743574709,1.3518539612170293,-0.7735602455407765,-1.1344994172443033,1.9349151317722242,0.7170024033772157,0.7722377854413742,0.0,0.0
265,1.8992485205398353,0.7991489007540297,-1.6506597888264773,2.3651994270768624,0.06043877488129027,2.0889129630832404,0.20829169795186836,0.7842423202778188,1.1429585468251326,-0.7047204307332285,0.7170024033772157,0.7722377854413742,0.0,0.0
266,1.8604865995961162,0.6060927032090964,-1.6506597888264773,0.4116423781638197,0.06043877488129027,0.7492527943628847,0.20829169795186836,0.4726818071140997,1.1429585468251326,-0.7047204307332285,,-1.2949379308452873,0.0,0.0
267,2.061738493135906,0.3824668092565971,-1.6506597888264773,0.4116423781638197,1.5580367365415795,0.7492527943628847,0.20829169795186836,0.16112129395038063,0.23197536119735832,-0.7047204307332285,0.7170024033772157,0.7722377854413742,0.0,0.0
268,0.36169232310564153,0.6060927032090964,-1.6506597888264773,0.4116423781638197,0.06043877488129027,0.7492527943628847,0.20829169795186836,0.4726818071140997,1.1429585468251326,-0.7047204307332285,,-1.2949379308452873,0.0,0.0
269,-0.439387376397888,0.04380877046339996,-1.6506597888264773,-1.5419146707492228,-1.4371591867789992,-0.5904073743574709,-2.078832828578453,0.4726818071140997,-1.1344994172443033,0.6150973505194979,0.7170024033772157,0.7722377854413742,0.0,0.0
270,0.25832720058905706,0.7991489007540297,-1.6506597888264773,2.3651994270768624,0.06043877488129027,2.0889129630832404,0.20829169795186836,0.7842423202778188,1.1429585468251326,-0.7047204307332285,0.7170024033772157,0.7722377854413742,0.0,0.0
271,-0.49106993765618023,0.04380877046339996,-1.6506597888264773,-1.5419146707492228,-1.4371591867789992,-0.5904073743574709,-2.078832828578453,0.4726818071140997,-1.1344994172443033,-0.7047204307332285,0.7170024033772157,0.7722377854413742,0.0,0.0
272,2.5065186153247687,0.2304354707659634,-1.6506597888264773,-1.5419146707492228,1.5580367365415795,-0.5904073743574709,0.20829169795186836,0.4726818071140997,1.1429585468251326,-0.7047204307332285,0.7170024033772157,0.7722377854413742,0.0,0.0
273,2.268778833536625,0.6060927032090964,-1.6506597888264773,0.4116423781638197,0.06043877488129027,0.7492527943628847,0.20829169795186836,0.4726818071140997,1.1429585468251326,-0.7047204307332285,,-1.2949379308452873,0.0,0.0
274,-0.6461176214310569,0.7991489007540297,-1.6506597888264773,2.3651994270768624,0.06043877488129027,2.0889129630832404,0.20829169795186836,0.7842423202778188,1.1429585468251326,-0.7047204307332285,0.7170024033772157,0.7722377854413742,0.0,0.0
275,-0.1580068398832418,-1.8120955205495735,-1.6506597888264773,0.4116423781638197,-1.4371591867789992,-1.9300675430778265,1.3518539612170293,-1.0851207587044955,-1.1344994172443033,1.9349151317722242,0.7170024033772157,0.7722377854413742,0.0,0.0
276,-0.1838481205123879,-1.8120955205495735,-1.6506597888264773,0.4116423781638197,-1.4371591867789992,-1.9300675430778265,1.3518539612170293,-1.0851207587044955,-1.1344994172443033,1.9349151317722242,0.7170024033772157,0.7722377854413742,0.0,0.0
277,0.40820662823810455,0.04380877046339996,-1.6506597888264773,-1.5419146707492228,-1.4371591867789992,-0.5904073743574709,-2.078832828578453,0.4726818071140997,-1.1344994172443033,-0.7047204307332285,0.7170024033772157,0.7722377854413742,0.0,0.0
278,1.931550121326268,0.6060927032090964,-1.6506597888264773,0.4116423781638197,0.06043877488129027,0.7492527943628847,0.20829169795186836,0.4726818071140997,1.1429585468251326,-0.7047204307332285,,-1.2949379308452873,0.0,0.0
279,0.3100097618473493,-0.5403601873348578,-1.6506597888264773,0.4116423781638197,1.5580367365415795,0.7492527943628847,1.3518539612170293,1.718923859768976,-0.6790078244304162,-0.7047204307332285,0.7170024033772157,-1.2949379308452873,0.0,0.0
280,-0.3360222538813035,0.6060927032090964,-1.6506597888264773,0.4116423781638197,0.06043877488129027,0.7492527943628847,0.20829169795186836,0.4726818071140997,1.1429585468251326,-0.7047204307332285,,-1.2949379308452873,0.0,0.0
281,-0.20681585073557296,0.6060927032090964,-1.6506597888264773,0.4116423781638197,0.06043877488129027,0.7492527943628847,0.20829169795186836,0.4726818071140997,1.1429585468251326,-0.7047204307332285,,-1.2949379308452873,0.0,0.0
282,1.8348727222365064,0.6060927032090964,-1.6506597888264773,0.4116423781638197,0.06043877488129027,0.7492527943628847,0.20829169795186836,0.4726818071140997,1.1429585468251326,-0.7047204307332285,,-1.2949379308452873,0.0,0.0
283,-1.3541687106696605,-1.3479224465198205,-1.6506597888264773,-1.5419146707492228,0.06043877488129027,-0.5904073743574709,-0.9352705653132926,-1.0851207587044955,-1.1344994172443033,1.9349151317722242,0.7170024033772157,0.7722377854413742,0.0,0.0
284,-0.9407082206033226,0.6347224000017584,-1.6506597888264773,0.4116423781638197,0.06043877488129027,0.7492527943628847,0.20829169795186836,0.4726818071140997,1.1429585468251326,-0.7047204307332285,,0.7722377854413742,0.0,0.0
285,-0.2584984119938652,0.7991489007540297,-1.6506597888264773,2.3651994270768624,0.06043877488129027,2.0889129630832404,0.20829169795186836,0.7842423202778188,1.1429585468251326,-0.7047204307332285,0.7170024033772157,0.7722377854413742,0.0,0.0
286,-0.2584984119938652,0.5223551462595128,-1.6506597888264773,0.4116423781638197,0.06043877488129027,0.7492527943628847,0.20829169795186836,-0.15043921921333844,0.6874669540112455,1.9349151317722242,0.7170024033772157,0.7722377854413742,0.0,0.0
287,1.9609781717067396,-0.4412736989171693,-1.6506597888264773,-1.5419146707492228,1.5580367365415795,-1.9300675430778265,0.20829169795186836,-0.4619997323770575,-0.22351623161652892,-0.7047204307332285,0.7170024033772157,0.7722377854413742,0.0,0.0
288,0.4394435682626164,0.04380877046339996,-1.5975485363993425,-1.5419146707492228,-1.4371591867789992,-0.5904073743574709,-2.078832828578453,0.4726818071140997,-1.1344994172443033,1.9349151317722242,0.7170024033772157,0.7722377854413742,0.0,0.0
289,-0.6231498912078718,-1.4497074305130688,-1.5975485363993425,-1.5419146707492228,-1.4371591867789992,-0.5904073743574709,-0.9352705653132926,-2.019802298195653,-1.5899910100581907,-0.7047204307332285,0.7170024033772157,0.7722377854413742,0.0,0.0
290,-0.7494827439476414,0.04380877046339996,-1.5975485363993425,-1.5419146707492228,-1.4371591867789992,-0.5904073743574709,-2.078832828578453,0.4726818071140997,-1.1344994172443033,0.6150973505194979,0.7170024033772157,0.7722377854413742,0.0,0.0
291,-0.0776094475898424,0.3824668092565971,-1.5975485363993425,0.4116423781638197,1.5580367365415795,0.7492527943628847,0.20829169795186836,0.16112129395038063,0.23197536119735832,1.9349151317722242,0.7170024033772157,0.7722377854413742,0.0,0.0
292,0.279000225092374,-1.2918626425229427,-1.5975485363993425,0.4116423781638197,0.06043877488129027,-0.5904073743574709,-0.9352705653132926,1.0958028334415377,-1.1344994172443033,0.6150973505194979,0.7170024033772157,-1.2949379308452873,0.0,0.0
293,1.9896930027418467,0.6060927032090964,-1.5975485363993425,0.4116423781638197,0.06043877488129027,0.7492527943628847,0.20829169795186836,0.4726818071140997,1.1429585468251326,-0.7047204307332285,,-1.2949379308452873,0.0,0.0
294,0.046428699430058944,-1.728821993438403,-1.5975485363993425,0.4116423781638197,-1.4371591867789992,-0.5904073743574709,1.3518539612170293,-0.7735602455407765,-1.1344994172443033,-0.7047204307332285,0.7170024033772157,0.7722377854413742,0.0,0.0
295,-0.41354609576874185,0.04380877046339996,-1.5975485363993425,-1.5419146707492228,-1.4371591867789992,-0.5904073743574709,-2.078832828578453,0.4726818071140997,-1.1344994172443033,-0.7047204307332285,0.7170024033772157,0.7722377854413742,0.0,0.0
296,-0.7753240245767875,-1.728821993438403,-1.5975485363993425,0.4116423781638197,-1.4371591867789992,-0.5904073743574709,1.3518539612170293,-0.7735602455407765,-1.1344994172443033,-0.7047204307332285,0.7170024033772157,0.7722377854413742,0.0,0.0
297,0.1805139363585723,0.6060927032090964,-1.5975485363993425,0.4116423781638197,0.06043877488129027,0.7492527943628847,0.20829169795186836,0.4726818071140997,1.1429585468251326,-0.7047204307332285,,-1.2949379308452873,0.0,0.0
298,-0.4652286570270341,-0.6551776670125264,-1.5975485363993425,-1.5419146707492228,1.5580367365415795,-1.9300675430778265,1.3518539612170293,0.16112129395038063,-0.6790078244304162,-0.7047204307332285,0.7170024033772157,0.7722377854413742,0.0,0.0
299,-1.436860808682928,0.7991489007540297,-1.5975485363993425,2.3651994270768624,0.06043877488129027,2.0889129630832404,0.20829169795186836,0.7842423202778188,1.1429585468251326,-0.7047204307332285,0.7170024033772157,0.7722377854413742,0.0,0.0
300,0.7493115325428332,-0.5403601873348578,-1.5975485363993425,0.4116423781638197,1.5580367365415795,0.7492527943628847,1.3518539612170293,1.718923859768976,-0.6790078244304162,1.9349151317722242,0.7170024033772157,-1.2949379308452873,0.0,0.0
301,0.18080335870161873,0.6060927032090964,-1.5975485363993425,0.4116423781638197,0.06043877488129027,0.7492527943628847,0.20829169795186836,0.4726818071140997,1.1429585468251326,-0.7047204307332285,,-1.2949379308452873,0.0,0.0
302,1.9896930027418467,0.6060927032090964,-1.5975485363993425,0.4116423781638197,0.06043877488129027,0.7492527943628847,0.20829169795186836,0.4726818071140997,1.1429585468251326,-0.7047204307332285,,-1.2949379308452873,0.0,0.0
303,3.250747497444177,-0.4412736989171693,-1.5975485363993425,-1.5419146707492228,1.5580367365415795,-1.9300675430778265,0.20829169795186836,-0.4619997323770575,-0.22351623161652892,-0.7047204307332285,0.7170024033772157,0.7722377854413742,0.0,0.0
304,0.16271446226121644,0.5223551462595128,-1.5975485363993425,0.4116423781638197,0.06043877488129027,0.7492527943628847,0.20829169795186836,-0.15043921921333844,0.6874669540112455,-0.7047204307332285,0.7170024033772157,0.7722377854413742,0.0,0.0
305,-0.27917143649718207,0.6060927032090964,-1.5975485363993425,0.4116423781638197,0.06043877488129027,0.7492527943628847,0.20829169795186836,0.4726818071140997,1.1429585468251326,-0.7047204307332285,,-1.2949379308452873,0.0,0.0
306,-0.12929200884813463,0.04380877046339996,-1.5975485363993425,-1.5419146707492228,-1.4371591867789992,-0.5904073743574709,-2.078832828578453,0.4726818071140997,-1.1344994172443033,0.6150973505194979,0.7170024033772157,0.7722377854413742,0.0,0.0
307,-0.7701557684509582,-1.3479224465198205,-1.5975485363993425,-1.5419146707492228,0.06043877488129027,-0.5904073743574709,-0.9352705653132926,-1.0851207587044955,-1.1344994172443033,0.6150973505194979,0.7170024033772157,0.7722377854413742,0.0,0.0
308,-0.5973086105787258,-1.4497074305130688,-1.5975485363993425,-1.5419146707492228,-1.4371591867789992,-0.5904073743574709,-0.9352705653132926,-2.019802298195653,-1.5899910100581907,-0.7047204307332285,0.7170024033772157,0.7722377854413742,0.0,0.0
309,0.574882888296097,0.44116885080095214,-1.5975485363993425,0.4116423781638197,1.5580367365415795,0.7492527943628847,0.20829169795186836,-0.15043921921333844,1.1429585468251326,-0.7047204307332285,0.7170024033772157,0.7722377854413742,0.0,0.0
310,-0.2584984119938652,0.6347224000017584,-1.5975485363993425,0.4116423781638197,0.06043877488129027,0.7492527943628847,0.20829169795186836,0.4726818071140997,1.1429585468251326,-0.7047204307332285,,0.7722377854413742,0.0,0.0
311,0.9043592163177099,0.3824668092565971,-1.5975485363993425,0.4116423781638197,1.5580367365415795,0.7492527943628847,0.20829169795186836,0.16112129395038063,0.23197536119735832,0.6150973505194979,0.7170024033772157,0.7722377854413742,0.0,0.0
312,-0.7107208230039221,-1.3479224465198205,-1.5975485363993425,-1.5419146707492228,0.06043877488129027,-0.5904073743574709,-0.9352705653132926,-1.0851207587044955,-1.1344994172443033,0.6150973505194979,0.7170024033772157,0.7722377854413742,0.0,0.0
313,0.05159695555588817,-0.6551776670125264,-1.5975485363993425,-1.5419146707492228,1.5580367365415795,-1.9300675430778265,1.3518539612170293,0.16112129395038063,-0.6790078244304162,-0.7047204307332285,0.7170024033772157,0.7722377854413742,0.0,0.0
314,-0.8270065858350797,-1.728821993438403,-1.5975485363993425,0.4116423781638197,-1.4371591867789992,-0.5904073743574709,1.3518539612170293,-0.7735602455407765,-1.1344994172443033,0.6150973505194979,0.7170024033772157,0.7722377854413742,0.0,0.0
315,0.1678827183870457,0.6347224000017584,-1.5975485363993425,0.4116423781638197,0.06043877488129027,0.7492527943628847,0.20829169795186836,0.4726818071140997,1.1429585468251326,-0.7047204307332285,,0.7722377854413742,0.0,0.0
316,2.6357250184704997,0.6347224000017584,-1.5975485363993425,0.4116423781638197,0.06043877488129027,0.7492527943628847,0.20829169795186836,0.4726818071140997,1.1429585468251326,-0.7047204307332285,,0.7722377854413742,0.0,0.0
317,-0.8011653052059335,-0.6551776670125264,-1.5975485363993425,-1.5419146707492228,1.5580367365415795,-1.9300675430778265,1.3518539612170293,0.16112129395038063,-0.6790078244304162,-0.7047204307332285,0.7170024033772157,0.7722377854413742,0.0,0.0
318,-0.5944350601727647,-0.10408600229664455,-1.5975485363993425,0.4116423781638197,0.06043877488129027,0.7492527943628847,-2.078832828578453,1.0958028334415377,-0.6790078244304162,1.9349151317722242,0.7170024033772157,-1.2949379308452873,0.0,0.0
319,0.5684225681388104,0.7991489007540297,-1.5975485363993425,2.3651994270768624,0.06043877488129027,2.0889129630832404,0.20829169795186836,0.7842423202778188,1.1429585468251326,-0.7047204307332285,0.7170024033772157,0.7722377854413742,0.0,0.0
320,-0.3360222538813035,0.6060927032090964,-1.5975485363993425,0.4116423781638197,0.06043877488129027,0.7492527943628847,0.20829169795186836,0.4726818071140997,1.1429585468251326,-0.7047204307332285,,-1.2949379308452873,0.0,0.0
321,1.5503912320463626,-0.6551776670125264,-1.5975485363993425,-1.5419146707492228,1.5580367365415795,-1.9300675430778265,1.3518539612170293,0.16112129395038063,-0.6790078244304162,-0.7047204307332285,0.7170024033772157,0.7722377854413742,0.0,0.0
322,2.7933568303082907,-0.5403601873348578,-1.5975485363993425,0.4116423781638197,1.5580367365415795,0.7492527943628847,1.3518539612170293,1.718923859768976,-0.6790078244304162,0.6150973505194979,0.7170024033772157,-1.2949379308452873,0.0,0.0
323,0.43921616499307986,-1.4497074305130688,-1.5975485363993425,-1.5419146707492228,-1.4371591867789992,-0.5904073743574709,-0.9352705653132926,-2.019802298195653,-1.5899910100581907,-0.7047204307332285,0.7170024033772157,0.7722377854413742,0.0,0.0
324,-0.5169112182853264,1.7579056603707548,-1.5975485363993425,-1.5419146707492228,-1.4371591867789992,-1.9300675430778265,-2.078832828578453,-3.8891653771779673,0.23197536119735832,-0.7047204307332285,0.7170024033772157,0.7722377854413742,0.0,0.0
325,-0.1680539297918538,-1.3479224465198205,-1.5975485363993425,-1.5419146707492228,0.06043877488129027,-0.5904073743574709,-0.9352705653132926,-1.0851207587044955,-1.1344994172443033,-0.7047204307332285,0.7170024033772157,0.7722377854413742,0.0,0.0
326,-0.7753240245767875,-1.728821993438403,-1.5975485363993425,0.4116423781638197,-1.4371591867789992,-0.5904073743574709,1.3518539612170293,-0.7735602455407765,-1.1344994172443033,-0.7047204307332285,0.7170024033772157,0.7722377854413742,0.0,0.0
327,-0.7882446648913605,-1.3479224465198205,-1.5444372839722074,-1.5419146707492228,0.06043877488129027,-0.5904073743574709,-0.9352705653132926,-1.0851207587044955,-1.1344994172443033,-0.7047204307332285,0.7170024033772157,0.7722377854413742,0.0,0.0
328,-0.8528478664642258,0.04380877046339996,-1.5444372839722074,-1.5419146707492228,-1.4371591867789992,-0.5904073743574709,-2.078832828578453,0.4726818071140997,-1.1344994172443033,0.6150973505194979,0.7170024033772157,0.7722377854413742,0.0,0.0
329,0.18080335870161873,0.7991489007540297,-1.5444372839722074,2.3651994270768624,0.06043877488129027,2.0889129630832404,0.20829169795186836,0.7842423202778188,1.1429585468251326,-0.7047204307332285,0.7170024033772157,0.7722377854413742,0.0,0.0
330,-0.09053008790441545,-1.728821993438403,-1.5444372839722074,0.4116423781638197,-1.4371591867789992,-0.5904073743574709,1.3518539612170293,-0.7735602455407765,-1.1344994172443033,-0.7047204307332285,0.7170024033772157,0.7722377854413742,0.0,0.0
331,1.15989847220321,0.6060927032090964,-1.5444372839722074,0.4116423781638197,0.06043877488129027,0.7492527943628847,0.20829169795186836,0.4726818071140997,1.1429585468251326,-0.7047204307332285,,-1.2949379308452873,0.0,0.0
332,1.395343548271486,0.6347224000017584,-1.5444372839722074,0.4116423781638197,0.06043877488129027,0.7492527943628847,0.20829169795186836,0.4726818071140997,1.1429585468251326,-0.7047204307332285,,0.7722377854413742,0.0,0.0
333,-0.40579371157999805,0.04380877046339996,-1.5444372839722074,-1.5419146707492228,-1.4371591867789992,-0.5904073743574709,-2.078832828578453,0.4726818071140997,-1.1344994172443033,0.6150973505194979,0.7170024033772157,0.7722377854413742,0.0,0.0
334,-0.10861898434481773,-0.5403601873348578,-1.5444372839722074,0.4116423781638197,1.5580367365415795,0.7492527943628847,1.3518539612170293,1.718923859768976,-0.6790078244304162,1.9349151317722242,0.7170024033772157,-1.2949379308452873,0.0,0.0
335,0.3358510424764954,0.6347224000017584,-1.5444372839722074,0.4116423781638197,0.06043877488129027,0.7492527943628847,0.20829169795186836,0.4726818071140997,1.1429585468251326,-0.7047204307332285,,0.7722377854413742,0.0,0.0
336,-1.0595781114973948,-0.5403601873348578,-1.5444372839722074,0.4116423781638197,1.5580367365415795,0.7492527943628847,1.3518539612170293,1.718923859768976,-0.6790078244304162,1.9349151317722242,0.7170024033772157,-1.2949379308452873,0.0,0.0
337,-0.7624033842622144,-0.10408600229664455,-1.5444372839722074,0.4116423781638197,0.06043877488129027,0.7492527943628847,-2.078832828578453,1.0958028334415377,-0.6790078244304162,0.6150973505194979,0.7170024033772157,-1.2949379308452873,0.0,0.0
338,-0.06468880727526934,0.3824668092565971,-1.5444372839722074,0.4116423781638197,1.5580367365415795,0.7492527943628847,0.20829169795186836,0.16112129395038063,0.23197536119735832,-0.7047204307332285,0.7170024033772157,0.7722377854413742,0.0,0.0
339,0.06422817352741479,0.44116885080095214,-1.5444372839722074,0.4116423781638197,1.5580367365415795,0.7492527943628847,0.20829169795186836,-0.15043921921333844,1.1429585468251326,0.6150973505194979,0.7170024033772157,0.7722377854413742,0.0,0.0
340,-0.3360222538813035,-1.4497074305130688,-1.5444372839722074,-1.5419146707492228,-1.4371591867789992,-0.5904073743574709,-0.9352705653132926,-2.019802298195653,-1.5899910100581907,-0.7047204307332285,0.7170024033772157,0.7722377854413742,0.0,0.0
341,-0.5505048831032163,0.04380877046339996,-1.5444372839722074,-1.5419146707492228,-1.4371591867789992,-0.5904073743574709,-2.078832828578453,0.4726818071140997,-1.1344994172443033,-0.7047204307332285,0.7170024033772157,0.7722377854413742,0.0,0.0
342,0.32293040216192237,-1.2918626425229427,-1.5444372839722074,0.4116423781638197,0.06043877488129027,-0.5904073743574709,-0.9352705653132926,1.0958028334415377,-1.1344994172443033,0.6150973505194979,0.7170024033772157,-1.2949379308452873,0.0,0.0
343,0.09811126068835117,0.5223551462595128,-1.5444372839722074,0.4116423781638197,0.06043877488129027,0.7492527943628847,0.20829169795186836,-0.15043921921333844,0.6874669540112455,0.6150973505194979,0.7170024033772157,0.7722377854413742,0.0,0.0
344,0.9121116005064538,0.5223551462595128,-1.5444372839722074,0.4116423781638197,0.06043877488129027,0.7492527943628847,0.20829169795186836,-0.15043921921333844,0.6874669540112455,0.6150973505194979,0.7170024033772157,0.7722377854413742,0.0,0.0
345,0.3358510424764954,0.6060927032090964,-1.5444372839722074,0.4116423781638197,0.06043877488129027,0.7492527943628847,0.20829169795186836,0.4726818071140997,1.1429585468251326,-0.7047204307332285,,-1.2949379308452873,0.0,0.0
346,-0.23265713136471908,0.04380877046339996,-1.5444372839722074,-1.5419146707492228,-1.4371591867789992,-0.5904073743574709,-2.078832828578453,0.4726818071140997,-1.1344994172443033,-0.7047204307332285,0.7170024033772157,0.7722377854413742,0.0,0.0
347,1.640835714248374,-0.5403601873348578,-1.5444372839722074,0.4116423781638197,1.5580367365415795,0.7492527943628847,1.3518539612170293,1.718923859768976,-0.6790078244304162,0.6150973505194979,0.7170024033772157,-1.2949379308452873,0.0,0.0
348,0.43921616499307986,-0.5403601873348578,-1.5444372839722074,0.4116423781638197,1.5580367365415795,0.7492527943628847,1.3518539612170293,1.718923859768976,-0.6790078244304162,1.9349151317722242,0.7170024033772157,-1.2949379308452873,0.0,0.0
349,0.33297749207053434,0.6347224000017584,-1.5444372839722074,0.4116423781638197,0.06043877488129027,0.7492527943628847,0.20829169795186836,0.4726818071140997,1.1429585468251326,-0.7047204307332285,,0.7722377854413742,0.0,0.0
350,-0.671958902060203,-0.5403601873348578,-1.5444372839722074,0.4116423781638197,1.5580367365415795,0.7492527943628847,1.3518539612170293,1.718923859768976,-0.6790078244304162,1.9349151317722242,0.7170024033772157,-1.2949379308452873,0.0,0.0
351,-0.65903826174563,-1.4497074305130688,-1.5444372839722074,-1.5419146707492228,-1.4371591867789992,-0.5904073743574709,-0.9352705653132926,-2.019802298195653,-1.5899910100581907,-0.7047204307332285,0.7170024033772157,0.7722377854413742,0.0,0.0
352,0.3358510424764954,-0.5403601873348578,-1.5444372839722074,0.4116423781638197,1.5580367365415795,0.7492527943628847,1.3518539612170293,1.718923859768976,-0.6790078244304162,0.6150973505194979,0.7170024033772157,-1.2949379308452873,0.0,0.0
353,0.23248591995991097,0.6060927032090964,-1.5444372839722074,0.4116423781638197,0.06043877488129027,0.7492527943628847,0.20829169795186836,0.4726818071140997,1.1429585468251326,-0.7047204307332285,,-1.2949379308452873,0.0,0.0
354,-0.1680539297918538,-1.8120955205495735,-1.5444372839722074,0.4116423781638197,-1.4371591867789992,-1.9300675430778265,1.3518539612170293,-1.0851207587044955,-1.1344994172443033,0.6150973505194979,0.7170024033772157,0.7722377854413742,0.0,0.0
355,0.3358510424764954,0.04380877046339996,-1.4913260315450725,-1.5419146707492228,-1.4371591867789992,-0.5904073743574709,-2.078832828578453,0.4726818071140997,-1.1344994172443033,-0.7047204307332285,0.7170024033772157,0.7722377854413742,0.0,0.0
356,0.5684225681388104,1.296146928441899,-1.4913260315450725,0.4116423781638197,0.06043877488129027,0.7492527943628847,0.20829169795186836,-0.7735602455407765,-0.22351623161652892,1.9349151317722242,0.7170024033772157,-1.2949379308452873,0.0,0.0
357,0.25832720058905706,0.44116885080095214,-1.4913260315450725,0.4116423781638197,1.5580367365415795,0.7492527943628847,0.20829169795186836,-0.15043921921333844,1.1429585468251326,0.6150973505194979,0.7170024033772157,0.7722377854413742,0.0,0.0
358,-0.5685937795436186,-1.2918626425229427,-1.4913260315450725,0.4116423781638197,0.06043877488129027,-0.5904073743574709,-0.9352705653132926,1.0958028334415377,-1.1344994172443033,0.6150973505194979,0.7170024033772157,-1.2949379308452873,0.0,0.0
359,-0.5944350601727647,-1.728821993438403,-1.4913260315450725,0.4116423781638197,-1.4371591867789992,-0.5904073743574709,1.3518539612170293,-0.7735602455407765,-1.1344994172443033,0.6150973505194979,0.7170024033772157,0.7722377854413742,0.0,0.0
360,-0.8399272261496528,-1.3479224465198205,-1.4913260315450725,-1.5419146707492228,0.06043877488129027,-0.5904073743574709,-0.9352705653132926,-1.0851207587044955,-1.1344994172443033,-0.7047204307332285,0.7170024033772157,0.7722377854413742,0.0,0.0
361,2.829534623189095,1.305869306507629,-1.4913260315450725,0.4116423781638197,0.06043877488129027,-0.5904073743574709,0.20829169795186836,-0.4619997323770575,0.23197536119735832,-0.7047204307332285,0.7170024033772157,0.7722377854413742,0.0,0.0
362,1.0025560827084652,0.6060927032090964,-1.4913260315450725,0.4116423781638197,0.06043877488129027,0.7492527943628847,0.20829169795186836,0.4726818071140997,1.1429585468251326,-0.7047204307332285,,-1.2949379308452873,0.0,0.0
363,0.5684225681388104,0.44116885080095214,-1.4913260315450725,0.4116423781638197,1.5580367365415795,0.7492527943628847,0.20829169795186836,-0.15043921921333844,1.1429585468251326,1.9349151317722242,0.7170024033772157,0.7722377854413742,0.0,0.0
364,-0.7391462316959829,0.04380877046339996,-1.4913260315450725,-1.5419146707492228,-1.4371591867789992,-0.5904073743574709,-2.078832828578453,0.4726818071140997,-1.1344994172443033,0.6150973505194979,0.7170024033772157,0.7722377854413742,0.0,0.0
365,0.3875336037347876,0.04380877046339996,-1.4913260315450725,-1.5419146707492228,-1.4371591867789992,-0.5904073743574709,-2.078832828578453,0.4726818071140997,-1.1344994172443033,0.6150973505194979,0.7170024033772157,0.7722377854413742,0.0,0.0
366,-0.439387376397888,0.04380877046339996,-1.4913260315450725,-1.5419146707492228,-1.4371591867789992,-0.5904073743574709,-2.078832828578453,0.4726818071140997,-1.1344994172443033,-0.7047204307332285,0.7170024033772157,0.7722377854413742,0.0,0.0
367,0.20147638320493563,0.04380877046339996,-1.4913260315450725,-1.5419146707492228,-1.4371591867789992,-0.5904073743574709,-2.078832828578453,0.4726818071140997,-1.1344994172443033,-0.7047204307332285,0.7170024033772157,0.7722377854413742,0.0,0.0
368,1.7054389158212395,0.6347224000017584,-1.4913260315450725,0.4116423781638197,0.06043877488129027,0.7492527943628847,0.20829169795186836,0.4726818071140997,1.1429585468251326,-0.7047204307332285,,0.7722377854413742,0.0,0.0
369,0.07743823618503429,1.305869306507629,-1.4913260315450725,0.4116423781638197,0.06043877488129027,-0.5904073743574709,0.20829169795186836,-0.4619997323770575,0.23197536119735832,-0.7047204307332285,0.7170024033772157,0.7722377854413742,0.0,0.0
370,-0.9743018854212125,-1.2918626425229427,-1.4913260315450725,0.4116423781638197,0.06043877488129027,-0.5904073743574709,-0.9352705653132926,1.0958028334415377,-1.1344994172443033,-0.7047204307332285,0.7170024033772157,-1.2949379308452873,0.0,0.0
371,0.3100097618473493,0.04380877046339996,-1.4913260315450725,-1.5419146707492228,-1.4371591867789992,-0.5904073743574709,-2.078832828578453,0.4726818071140997,-1.1344994172443033,0.6150973505194979,0.7170024033772157,0.7722377854413742,0.0,0.0
372,0.5425812875096643,0.44116885080095214,-1.4913260315450725,0.4116423781638197,1.5580367365415795,0.7492527943628847,0.20829169795186836,-0.15043921921333844,1.1429585468251326,-0.7047204307332285,0.7170024033772157,0.7722377854413742,0.0,0.0
373,0.6459464100262488,0.2304354707659634,-1.4913260315450725,-1.5419146707492228,1.5580367365415795,-0.5904073743574709,0.20829169795186836,0.4726818071140997,1.1429585468251326,-0.7047204307332285,0.7170024033772157,0.7722377854413742,0.0,0.0
374,0.43921616499307986,0.3824668092565971,-1.4913260315450725,0.4116423781638197,1.5580367365415795,0.7492527943628847,0.20829169795186836,0.16112129395038063,0.23197536119735832,-0.7047204307332285,0.7170024033772157,0.7722377854413742,0.0,0.0
375,-0.7624033842622144,0.8900159241366333,-1.4913260315450725,2.3651994270768624,0.06043877488129027,2.0889129630832404,0.20829169795186836,0.7842423202778188,1.1429585468251326,-0.7047204307332285,0.7170024033772157,-1.2949379308452873,0.0,0.0
376,-0.5298318585998993,0.04380877046339996,-1.4913260315450725,-1.5419146707492228,-1.4371591867789992,-0.5904073743574709,-2.078832828578453,0.4726818071140997,-1.1344994172443033,-0.7047204307332285,0.7170024033772157,0.7722377854413742,0.0,0.0
377,-0.4445556325237172,-0.5403601873348578,-1.4913260315450725,0.4116423781638197,1.5580367365415795,0.7492527943628847,1.3518539612170293,1.718923859768976,-0.6790078244304162,0.6150973505194979,0.7170024033772157,-1.2949379308452873,0.0,0.0
378,0.1291207974433265,0.44116885080095214,-1.4913260315450725,0.4116423781638197,1.5580367365415795,0.7492527943628847,0.20829169795186836,-0.15043921921333844,1.1429585468251326,1.9349151317722242,0.7170024033772157,0.7722377854413742,0.0,0.0
379,0.7751528131719794,0.3824668092565971,-1.4382147791179376,0.4116423781638197,1.5580367365415795,0.7492527943628847,0.20829169795186836,0.16112129395038063,0.23197536119735832,1.9349151317722242,0.7170024033772157,0.7722377854413742,0.0,0.0
380,0.18080335870161873,-1.2918626425229427,-1.4382147791179376,0.4116423781638197,0.06043877488129027,-0.5904073743574709,-0.9352705653132926,1.0958028334415377,-1.1344994172443033,0.6150973505194979,0.7170024033772157,-1.2949379308452873,0.0,0.0
381,-1.0569939834344801,-0.5403601873348578,-1.4382147791179376,0.4116423781638197,1.5580367365415795,0.7492527943628847,1.3518539612170293,1.718923859768976,-0.6790078244304162,0.6150973505194979,0.7170024033772157,-1.2949379308452873,0.0,0.0
382,-0.7753240245767875,0.04380877046339996,-1.4382147791179376,-1.5419146707492228,-1.4371591867789992,-0.5904073743574709,-2.078832828578453,0.4726818071140997,-1.1344994172443033,1.9349151317722242,0.7170024033772157,0.7722377854413742,0.0,0.0
383,0.32293040216192237,0.6060927032090964,-1.4382147791179376,0.4116423781638197,0.06043877488129027,0.7492527943628847,0.20829169795186836,0.4726818071140997,1.1429585468251326,-0.7047204307332285,,-1.2949379308452873,0.0,0.0
384,0.12624724703736545,0.5223551462595128,-1.4382147791179376,0.4116423781638197,0.06043877488129027,0.7492527943628847,0.20829169795186836,-0.15043921921333844,0.6874669540112455,-0.7047204307332285,0.7170024033772157,0.7722377854413742,0.0,0.0
385,0.2376541760857402,-0.5403601873348578,-1.4382147791179376,0.4116423781638197,1.5580367365415795,0.7492527943628847,1.3518539612170293,1.718923859768976,-0.6790078244304162,-0.7047204307332285,0.7170024033772157,-1.2949379308452873,0.0,0.0
386,-1.1112606727556869,-1.2918626425229427,-1.4382147791179376,0.4116423781638197,0.06043877488129027,-0.5904073743574709,-0.9352705653132926,1.0958028334415377,-1.1344994172443033,0.6150973505194979,0.7170024033772157,-1.2949379308452873,0.0,0.0
387,1.6149944336192281,-1.8120955205495735,-1.4382147791179376,0.4116423781638197,-1.4371591867789992,-1.9300675430778265,1.3518539612170293,-1.0851207587044955,-1.1344994172443033,1.9349151317722242,0.7170024033772157,0.7722377854413742,0.0,0.0
388,0.3100097618473493,0.6347224000017584,-1.4382147791179376,0.4116423781638197,0.06043877488129027,0.7492527943628847,0.20829169795186836,0.4726818071140997,1.1429585468251326,-0.7047204307332285,,0.7722377854413742,0.0,0.0
389,-0.6667906459343738,-0.10408600229664455,-1.4382147791179376,0.4116423781638197,0.06043877488129027,0.7492527943628847,-2.078832828578453,1.0958028334415377,-0.6790078244304162,1.9349151317722242,0.7170024033772157,-1.2949379308452873,0.0,0.0
390,-0.0776094475898424,-1.728821993438403,-1.4382147791179376,0.4116423781638197,-1.4371591867789992,-0.5904073743574709,1.3518539612170293,-0.7735602455407765,-1.1344994172443033,0.6150973505194979,0.7170024033772157,0.7722377854413742,0.0,0.0
391,1.7312801964503854,-0.6551776670125264,-1.4382147791179376,-1.5419146707492228,1.5580367365415795,-1.9300675430778265,1.3518539612170293,0.16112129395038063,-0.6790078244304162,-0.7047204307332285,0.7170024033772157,0.7722377854413742,0.0,0.0
392,-0.19389521042099991,0.7991489007540297,-1.4382147791179376,2.3651994270768624,0.06043877488129027,2.0889129630832404,0.20829169795186836,0.7842423202778188,1.1429585468251326,-0.7047204307332285,0.7170024033772157,0.7722377854413742,0.0,0.0
393,-0.7624033842622144,-1.3479224465198205,-1.4382147791179376,-1.5419146707492228,0.06043877488129027,-0.5904073743574709,-0.9352705653132926,-1.0851207587044955,-1.1344994172443033,-0.7047204307332285,0.7170024033772157,0.7722377854413742,0.0,0.0
394,4.703027468802189,-1.3479224465198205,-1.4382147791179376,-1.5419146707492228,0.06043877488129027,-0.5904073743574709,-0.9352705653132926,-1.0851207587044955,-1.1344994172443033,1.9349151317722242,0.7170024033772157,0.7722377854413742,0.0,0.0
395,0.8914385760031368,0.5223551462595128,-1.4382147791179376,0.4116423781638197,0.06043877488129027,0.7492527943628847,0.20829169795186836,-0.15043921921333844,0.6874669540112455,-0.7047204307332285,0.7170024033772157,0.7722377854413742,0.0,0.0
396,2.1964232477750154,0.7991489007540297,-1.4382147791179376,2.3651994270768624,0.06043877488129027,2.0889129630832404,0.20829169795186836,0.7842423202778188,1.1429585468251326,-0.7047204307332285,0.7170024033772157,0.7722377854413742,0.0,0.0
397,0.3100097618473493,-1.3479224465198205,-1.4382147791179376,-1.5419146707492228,0.06043877488129027,-0.5904073743574709,-0.9352705653132926,-1.0851207587044955,-1.1344994172443033,0.6150973505194979,0.7170024033772157,0.7722377854413742,0.0,0.0
398,-1.3024861494113682,-1.4497074305130688,-1.4382147791179376,-1.5419146707492228,-1.4371591867789992,-0.5904073743574709,-0.9352705653132926,-2.019802298195653,-1.5899910100581907,-0.7047204307332285,0.7170024033772157,0.7722377854413742,0.0,0.0
399,0.3358510424764954,-0.5403601873348578,-1.4382147791179376,0.4116423781638197,1.5580367365415795,0.7492527943628847,1.3518539612170293,1.718923859768976,-0.6790078244304162,1.9349151317722242,0.7170024033772157,-1.2949379308452873,0.0,0.0
400,-0.904530427722518,0.04380877046339996,-1.4382147791179376,-1.5419146707492228,-1.4371591867789992,-0.5904073743574709,-2.078832828578453,0.4726818071140997,-1.1344994172443033,-0.7047204307332285,0.7170024033772157,0.7722377854413742,0.0,0.0
401,-0.7546510000734705,0.04380877046339996,-1.4382147791179376,-1.5419146707492228,-1.4371591867789992,-0.5904073743574709,-2.078832828578453,0.4726818071140997,-1.1344994172443033,1.9349151317722242,0.7170024033772157,0.7722377854413742,0.0,0.0
402,0.046428699430058944,-1.2918626425229427,-1.4382147791179376,0.4116423781638197,0.06043877488129027,-0.5904073743574709,-0.9352705653132926,1.0958028334415377,-1.1344994172443033,0.6150973505194979,0.7170024033772157,-1.2949379308452873,0.0,0.0
403,-1.330911558103429,1.7579056603707548,-1.4382147791179376,-1.5419146707492228,-1.4371591867789992,-1.9300675430778265,-2.078832828578453,-3.8891653771779673,0.23197536119735832,-0.7047204307332285,0.7170024033772157,0.7722377854413742,0.0,0.0
404,-0.025926886331550172,0.04380877046339996,-1.4382147791179376,-1.5419146707492228,-1.4371591867789992,-0.5904073743574709,-2.078832828578453,0.4726818071140997,-1.1344994172443033,1.9349151317722242,0.7170024033772157,0.7722377854413742,0.0,0.0
405,-0.12929200884813463,-1.4497074305130688,-1.4382147791179376,-1.5419146707492228,-1.4371591867789992,-0.5904073743574709,-0.9352705653132926,-2.019802298195653,-1.5899910100581907,-0.7047204307332285,0.7170024033772157,0.7722377854413742,0.0,0.0
406,-1.2404670759014176,0.7991489007540297,-1.4382147791179376,2.3651994270768624,0.06043877488129027,2.0889129630832404,0.20829169795186836,0.7842423202778188,1.1429585468251326,-0.7047204307332285,0.7170024033772157,0.7722377854413742,0.0,0.0
407,-0.4652286570270341,0.04380877046339996,-1.4382147791179376,-1.5419146707492228,-1.4371591867789992,-0.5904073743574709,-2.078832828578453,0.4726818071140997,-1.1344994172443033,0.6150973505194979,0.7170024033772157,0.7722377854413742,0.0,0.0
408,-0.12929200884813463,0.04380877046339996,-1.4382147791179376,-1.5419146707492228,-1.4371591867789992,-0.5904073743574709,-2.078832828578453,0.4726818071140997,-1.1344994172443033,-0.7047204307332285,0.7170024033772157,0.7722377854413742,0.0,0.0
409,-0.8011653052059335,-0.10408600229664455,-1.3851035266908027,0.4116423781638197,0.06043877488129027,0.7492527943628847,-2.078832828578453,1.0958028334415377,-0.6790078244304162,1.9349151317722242,0.7170024033772157,-1.2949379308452873,0.0,0.0
410,1.6795976351920934,0.3824668092565971,-1.3851035266908027,0.4116423781638197,1.5580367365415795,0.7492527943628847,0.20829169795186836,0.16112129395038063,0.23197536119735832,1.9349151317722242,0.7170024033772157,0.7722377854413742,0.0,0.0
411,0.1291207974433265,0.6060927032090964,-1.3851035266908027,0.4116423781638197,0.06043877488129027,0.7492527943628847,0.20829169795186836,0.4726818071140997,1.1429585468251326,-0.7047204307332285,,-1.2949379308452873,0.0,0.0
412,-0.5169112182853264,0.7991489007540297,-1.3851035266908027,2.3651994270768624,0.06043877488129027,2.0889129630832404,0.20829169795186836,0.7842423202778188,1.1429585468251326,-0.7047204307332285,0.7170024033772157,0.7722377854413742,0.0,0.0
413,0.5219082630063474,-1.8120955205495735,-1.3851035266908027,0.4116423781638197,-1.4371591867789992,-1.9300675430778265,1.3518539612170293,-1.0851207587044955,-1.1344994172443033,-0.7047204307332285,0.7170024033772157,0.7722377854413742,0.0,0.0
414,3.1525506310534217,0.6347224000017584,-1.3851035266908027,0.4116423781638197,0.06043877488129027,0.7492527943628847,0.20829169795186836,0.4726818071140997,1.1429585468251326,-0.7047204307332285,,0.7722377854413742,0.0,0.0
415,0.36169232310564153,0.04380877046339996,-1.3851035266908027,-1.5419146707492228,-1.4371591867789992,-0.5904073743574709,-2.078832828578453,0.4726818071140997,-1.1344994172443033,1.9349151317722242,0.7170024033772157,0.7722377854413742,0.0,0.0
416,0.8526766550594177,0.3824668092565971,-1.3851035266908027,0.4116423781638197,1.5580367365415795,0.7492527943628847,0.20829169795186836,0.16112129395038063,0.23197536119735832,0.6150973505194979,0.7170024033772157,0.7722377854413742,0.0,0.0
417,-0.4652286570270341,0.44116885080095214,-1.3851035266908027,0.4116423781638197,1.5580367365415795,0.7492527943628847,0.20829169795186836,-0.15043921921333844,1.1429585468251326,1.9349151317722242,0.7170024033772157,0.7722377854413742,0.0,0.0
418,2.8424552635036684,0.6060927032090964,-1.3851035266908027,0.4116423781638197,0.06043877488129027,0.7492527943628847,0.20829169795186836,0.4726818071140997,1.1429585468251326,-0.7047204307332285,,-1.2949379308452873,0.0,0.0
419,1.382422907956913,-0.6551776670125264,-1.3851035266908027,-1.5419146707492228,1.5580367365415795,-1.9300675430778265,1.3518539612170293,0.16112129395038063,-0.6790078244304162,-0.7047204307332285,0.7170024033772157,0.7722377854413742,0.0,0.0
420,0.7751528131719794,0.5223551462595128,-1.3851035266908027,0.4116423781638197,0.06043877488129027,0.7492527943628847,0.20829169795186836,-0.15043921921333844,0.6874669540112455,1.9349151317722242,0.7170024033772157,0.7722377854413742,0.0,0.0
421,-1.2197940513981007,0.3824668092565971,-1.3851035266908027,0.4116423781638197,1.5580367365415795,0.7492527943628847,0.20829169795186836,0.16112129395038063,0.23197536119735832,0.6150973505194979,0.7170024033772157,0.7722377854413742,0.0,0.0
422,-0.2843396926230113,0.3824668092565971,-1.3851035266908027,0.4116423781638197,1.5580367365415795,0.7492527943628847,0.20829169795186836,0.16112129395038063,0.23197536119735832,0.6150973505194979,0.7170024033772157,0.7722377854413742,0.0,0.0
423,-0.62544459692774,-1.2918626425229427,-1.3851035266908027,0.4116423781638197,0.06043877488129027,-0.5904073743574709,-0.9352705653132926,1.0958028334415377,-1.1344994172443033,0.6150973505194979,0.7170024033772157,-1.2949379308452873,0.0,0.0
424,0.2037710889248038,-1.728821993438403,-1.3851035266908027,0.4116423781638197,-1.4371591867789992,-0.5904073743574709,1.3518539612170293,-0.7735602455407765,-1.1344994172443033,0.6150973505194979,0.7170024033772157,0.7722377854413742,0.0,0.0
425,-0.7753240245767875,-0.10408600229664455,-1.3851035266908027,0.4116423781638197,0.06043877488129027,0.7492527943628847,-2.078832828578453,1.0958028334415377,-0.6790078244304162,0.6150973505194979,0.7170024033772157,-1.2949379308452873,0.0,0.0
426,1.602073793304655,0.2304354707659634,-1.3851035266908027,-1.5419146707492228,1.5580367365415795,-0.5904073743574709,0.20829169795186836,0.4726818071140997,1.1429585468251326,-0.7047204307332285,0.7170024033772157,0.7722377854413742,0.0,0.0
427,0.8268353744302716,0.3824668092565971,-1.3851035266908027,0.4116423781638197,1.5580367365415795,0.7492527943628847,0.20829169795186836,0.16112129395038063,0.23197536119735832,-0.7047204307332285,0.7170024033772157,0.7722377854413742,0.0,0.0
428,1.7312801964503854,0.6347224000017584,-1.3851035266908027,0.4116423781638197,0.06043877488129027,0.7492527943628847,0.20829169795186836,0.4726818071140997,1.1429585468251326,-0.7047204307332285,,0.7722377854413742,0.0,0.0
429,-0.8270065858350797,-1.728821993438403,-1.3851035266908027,0.4116423781638197,-1.4371591867789992,-0.5904073743574709,1.3518539612170293,-0.7735602455407765,-1.1344994172443033,-0.7047204307332285,0.7170024033772157,0.7722377854413742,0.0,0.0
430,-0.1680539297918538,-1.728821993438403,-1.3851035266908027,0.4116423781638197,-1.4371591867789992,-0.5904073743574709,1.3518539612170293,-0.7735602455407765,-1.1344994172443033,-0.7047204307332285,0.7170024033772157,0.7722377854413742,0.0,0.0
431,0.025755674926742054,-0.5403601873348578,-1.3851035266908027,0.4116423781638197,1.5580367365415795,0.7492527943628847,1.3518539612170293,1.718923859768976,-0.6790078244304162,-0.7047204307332285,0.7170024033772157,-1.2949379308452873,0.0,0.0
432,-0.3360222538813035,-1.4497074305130688,-1.3851035266908027,-1.5419146707492228,-1.4371591867789992,-0.5904073743574709,-0.9352705653132926,-2.019802298195653,-1.5899910100581907,-0.7047204307332285,0.7170024033772157,0.7722377854413742,0.0,0.0
433,-0.6461176214310569,-1.728821993438403,-1.3851035266908027,0.4116423781638197,-1.4371591867789992,-0.5904073743574709,1.3518539612170293,-0.7735602455407765,-1.1344994172443033,0.6150973505194979,0.7170024033772157,0.7722377854413742,0.0,0.0
434,-0.12929200884813463,0.6060927032090964,-1.3851035266908027,0.4116423781638197,0.06043877488129027,0.7492527943628847,0.20829169795186836,0.4726818071140997,1.1429585468251326,-0.7047204307332285,,-1.2949379308452873,0.0,0.0
435,-1.1112606727556869,-0.5403601873348578,-1.3851035266908027,0.4116423781638197,1.5580367365415795,0.7492527943628847,1.3518539612170293,1.718923859768976,-0.6790078244304162,-0.7047204307332285,0.7170024033772157,-1.2949379308452873,0.0,0.0
436,-0.8657685067787989,0.6347224000017584,-1.3851035266908027,0.4116423781638197,0.06043877488129027,0.7492527943628847,0.20829169795186836,0.4726818071140997,1.1429585468251326,-0.7047204307332285,,0.7722377854413742,0.0,0.0
437,0.36169232310564153,-0.4412736989171693,-1.3851035266908027,-1.5419146707492228,1.5580367365415795,-1.9300675430778265,0.20829169795186836,-0.4619997323770575,-0.22351623161652892,-0.7047204307332285,0.7170024033772157,0.7722377854413742,0.0,0.0
438,0.3875336037347876,0.7991489007540297,-1.3851035266908027,2.3651994270768624,0.06043877488129027,2.0889129630832404,0.20829169795186836,0.7842423202778188,1.1429585468251326,-0.7047204307332285,0.7170024033772157,0.7722377854413742,0.0,0.0
439,-0.6512858775568862,-1.4497074305130688,-1.3851035266908027,-1.5419146707492228,-1.4371591867789992,-0.5904073743574709,-0.9352705653132926,-2.019802298195653,-1.5899910100581907,-0.7047204307332285,0.7170024033772157,0.7722377854413742,0.0,0.0
440,-0.40062545545416883,0.04380877046339996,-1.3851035266908027,-1.5419146707492228,-1.4371591867789992,-0.5904073743574709,-2.078832828578453,0.4726818071140997,-1.1344994172443033,1.9349151317722242,0.7170024033772157,0.7722377854413742,0.0,0.0
441,-0.0776094475898424,0.7991489007540297,-1.3851035266908027,2.3651994270768624,0.06043877488129027,2.0889129630832404,0.20829169795186836,0.7842423202778188,1.1429585468251326,-0.7047204307332285,0.7170024033772157,0.7722377854413742,0.0,0.0
442,1.4728673901589244,-1.4497074305130688,-1.3851035266908027,-1.5419146707492228,-1.4371591867789992,-0.5904073743574709,-0.9352705653132926,-2.019802298195653,-1.5899910100581907,-0.7047204307332285,0.7170024033772157,0.7722377854413742,0.0,0.0
443,-0.5479207550403017,-1.4497074305130688,-1.3851035266908027,-1.5419146707492228,-1.4371591867789992,-0.5904073743574709,-0.9352705653132926,-2.019802298195653,-1.5899910100581907,-0.7047204307332285,0.7170024033772157,0.7722377854413742,0.0,0.0
444,-0.7753240245767875,-1.3479224465198205,-1.3851035266908027,-1.5419146707492228,0.06043877488129027,-0.5904073743574709,-0.9352705653132926,-1.0851207587044955,-1.1344994172443033,0.6150973505194979,0.7170024033772157,0.7722377854413742,0.0,0.0
445,-0.3647370849164107,0.04380877046339996,-1.3319922742636678,-1.5419146707492228,-1.4371591867789992,-0.5904073743574709,-2.078832828578453,0.4726818071140997,-1.1344994172443033,0.6150973505194979,0.7170024033772157,0.7722377854413742,0.0,0.0
446,-0.49623819378200945,-0.6551776670125264,-1.3319922742636678,-1.5419146707492228,1.5580367365415795,-1.9300675430778265,1.3518539612170293,0.16112129395038063,-0.6790078244304162,-0.7047204307332285,0.7170024033772157,0.7722377854413742,0.0,0.0
447,-0.31018097325215743,-1.3479224465198205,-1.3319922742636678,-1.5419146707492228,0.06043877488129027,-0.5904073743574709,-0.9352705653132926,-1.0851207587044955,-1.1344994172443033,0.6150973505194979,0.7170024033772157,0.7722377854413742,0.0,0.0
448,-0.41354609576874185,0.04380877046339996,-1.3319922742636678,-1.5419146707492228,-1.4371591867789992,-0.5904073743574709,-2.078832828578453,0.4726818071140997,-1.1344994172443033,1.9349151317722242,0.7170024033772157,0.7722377854413742,0.0,0.0
449,-0.10345072821898851,0.04380877046339996,-1.3319922742636678,-1.5419146707492228,-1.4371591867789992,-0.5904073743574709,-2.078832828578453,0.4726818071140997,-1.1344994172443033,0.6150973505194979,0.7170024033772157,0.7722377854413742,0.0,0.0
450,0.15208852766651157,0.8900159241366333,-1.3319922742636678,2.3651994270768624,0.06043877488129027,2.0889129630832404,0.20829169795186836,0.7842423202778188,1.1429585468251326,-0.7047204307332285,0.7170024033772157,-1.2949379308452873,0.0,0.0
451,2.713248860357938,0.2304354707659634,-1.3319922742636678,-1.5419146707492228,1.5580367365415795,-0.5904073743574709,0.20829169795186836,0.4726818071140997,1.1429585468251326,-0.7047204307332285,0.7170024033772157,0.7722377854413742,0.0,0.0
452,-0.49623819378200945,0.3824668092565971,-1.3319922742636678,0.4116423781638197,1.5580367365415795,0.7492527943628847,0.20829169795186836,0.16112129395038063,0.23197536119735832,-0.7047204307332285,0.7170024033772157,0.7722377854413742,0.0,0.0
453,0.046428699430058944,0.3824668092565971,-1.3319922742636678,0.4116423781638197,1.5580367365415795,0.7492527943628847,0.20829169795186836,0.16112129395038063,0.23197536119735832,-0.7047204307332285,0.7170024033772157,0.7722377854413742,0.0,0.0
454,0.2841684812182032,-0.5403601873348578,-1.3319922742636678,0.4116423781638197,1.5580367365415795,0.7492527943628847,1.3518539612170293,1.718923859768976,-0.6790078244304162,-0.7047204307332285,0.7170024033772157,-1.2949379308452873,0.0,0.0
455,-0.8011653052059335,-1.728821993438403,-1.3319922742636678,0.4116423781638197,-1.4371591867789992,-0.5904073743574709,1.3518539612170293,-0.7735602455407765,-1.1344994172443033,-0.7047204307332285,0.7170024033772157,0.7722377854413742,0.0,0.0
456,0.18080335870161873,0.5223551462595128,-1.3319922742636678,0.4116423781638197,0.06043877488129027,0.7492527943628847,0.20829169795186836,-0.15043921921333844,0.6874669540112455,1.9349151317722242,0.7170024033772157,0.7722377854413742,0.0,0.0
457,-0.19935288888987557,0.6060927032090964,-1.3319922742636678,0.4116423781638197,0.06043877488129027,0.7492527943628847,0.20829169795186836,0.4726818071140997,1.1429585468251326,-0.7047204307332285,,-1.2949379308452873,0.0,0.0
458,1.9328421853577251,-1.8120955205495735,-1.3319922742636678,0.4116423781638197,-1.4371591867789992,-1.9300675430778265,1.3518539612170293,-1.0851207587044955,-1.1344994172443033,1.9349151317722242,0.7170024033772157,0.7722377854413742,0.0,0.0
459,1.4728673901589244,-0.6551776670125264,-1.3319922742636678,-1.5419146707492228,1.5580367365415795,-1.9300675430778265,1.3518539612170293,0.16112129395038063,-0.6790078244304162,-0.7047204307332285,0.7170024033772157,0.7722377854413742,0.0,0.0
460,0.3875336037347876,0.7991489007540297,-1.3319922742636678,2.3651994270768624,0.06043877488129027,2.0889129630832404,0.20829169795186836,0.7842423202778188,1.1429585468251326,-0.7047204307332285,0.7170024033772157,0.7722377854413742,0.0,0.0
461,0.07743823618503429,0.3824668092565971,-1.3319922742636678,0.4116423781638197,1.5580367365415795,0.7492527943628847,0.20829169795186836,0.16112129395038063,0.23197536119735832,0.6150973505194979,0.7170024033772157,0.7722377854413742,0.0,0.0
462,5.55578972956401,-1.3479224465198205,-1.3319922742636678,-1.5419146707492228,0.06043877488129027,-0.5904073743574709,-0.9352705653132926,-1.0851207587044955,-1.1344994172443033,,0.7170024033772157,0.7722377854413742,0.0,0.0
463,1.6795976351920934,0.2304354707659634,-1.3319922742636678,-1.5419146707492228,1.5580367365415795,-0.5904073743574709,0.20829169795186836,0.4726818071140997,1.1429585468251326,-0.7047204307332285,0.7170024033772157,0.7722377854413742,0.0,0.0
464,0.05159695555588817,0.5223551462595128,-1.3319922742636678,0.4116423781638197,0.06043877488129027,0.7492527943628847,0.20829169795186836,-0.15043921921333844,0.6874669540112455,-0.7047204307332285,0.7170024033772157,0.7722377854413742,0.0,0.0
465,0.7751528131719794,0.8900159241366333,-1.3319922742636678,2.3651994270768624,0.06043877488129027,2.0889129630832404,0.20829169795186836,0.7842423202778188,1.1429585468251326,-0.7047204307332285,0.7170024033772157,-1.2949379308452873,0.0,0.0
466,-0.20681585073557296,-1.728821993438403,-1.3319922742636678,0.4116423781638197,-1.4371591867789992,-0.5904073743574709,1.3518539612170293,-0.7735602455407765,-1.1344994172443033,0.6150973505194979,0.7170024033772157,0.7722377854413742,0.0,0.0
467,0.05159695555588817,0.3824668092565971,-1.3319922742636678,0.4116423781638197,1.5580367365415795,0.7492527943628847,0.20829169795186836,0.16112129395038063,0.23197536119735832,0.6150973505194979,0.7170024033772157,0.7722377854413742,0.0,0.0
468,0.2195652796453379,0.6060927032090964,-1.3319922742636678,0.4116423781638197,0.06043877488129027,0.7492527943628847,0.20829169795186836,0.4726818071140997,1.1429585468251326,-0.7047204307332285,,-1.2949379308452873,0.0,0.0
469,0.5374130313838351,0.3824668092565971,-1.3319922742636678,0.4116423781638197,1.5580367365415795,0.7492527943628847,0.20829169795186836,0.16112129395038063,0.23197536119735832,1.9349151317722242,0.7170024033772157,0.7722377854413742,0.0,0.0
470,0.2841684812182032,0.04380877046339996,-1.3319922742636678,-1.5419146707492228,-1.4371591867789992,-0.5904073743574709,-2.078832828578453,0.4726818071140997,-1.1344994172443033,0.6150973505194979,0.7170024033772157,0.7722377854413742,0.0,0.0
471,-0.1580068398832418,-0.10408600229664455,-1.3319922742636678,0.4116423781638197,0.06043877488129027,0.7492527943628847,-2.078832828578453,1.0958028334415377,-0.6790078244304162,0.6150973505194979,0.7170024033772157,-1.2949379308452873,0.0,0.0
472,-0.0776094475898424,-1.3479224465198205,-1.3319922742636678,-1.5419146707492228,0.06043877488129027,-0.5904073743574709,-0.9352705653132926,-1.0851207587044955,-1.1344994172443033,1.9349151317722242,0.7170024033772157,0.7722377854413742,0.0,0.0
473,-0.62544459692774,-1.4497074305130688,-1.3319922742636678,-1.5419146707492228,-1.4371591867789992,-0.5904073743574709,-0.9352705653132926,-2.019802298195653,-1.5899910100581907,-0.7047204307332285,0.7170024033772157,0.7722377854413742,0.0,0.0
474,0.18080335870161873,1.305869306507629,-1.3319922742636678,0.4116423781638197,0.06043877488129027,-0.5904073743574709,0.20829169795186836,-0.4619997323770575,0.23197536119735832,-0.7047204307332285,0.7170024033772157,0.7722377854413742,0.0,0.0
475,-0.41354609576874185,0.04380877046339996,-1.2788810218365327,-1.5419146707492228,-1.4371591867789992,-0.5904073743574709,-2.078832828578453,0.4726818071140997,-1.1344994172443033,1.9349151317722242,0.7170024033772157,0.7722377854413742,0.0,0.0
476,1.9816511962100565,0.7991489007540297,-1.2788810218365327,2.3651994270768624,0.06043877488129027,2.0889129630832404,0.20829169795186836,0.7842423202778188,1.1429585468251326,-0.7047204307332285,0.7170024033772157,0.7722377854413742,0.0,0.0
477,0.5684225681388104,0.7991489007540297,-1.2788810218365327,2.3651994270768624,0.06043877488129027,2.0889129630832404,0.20829169795186836,0.7842423202778188,1.1429585468251326,-0.7047204307332285,0.7170024033772157,0.7722377854413742,0.0,0.0
478,2.118899405887577,0.6347224000017584,-1.2788810218365327,0.4116423781638197,0.06043877488129027,0.7492527943628847,0.20829169795186836,0.4726818071140997,1.1429585468251326,-0.7047204307332285,,0.7722377854413742,0.0,0.0
479,1.0930005649104766,1.305869306507629,-1.2788810218365327,0.4116423781638197,0.06043877488129027,-0.5904073743574709,0.20829169795186836,-0.4619997323770575,0.23197536119735832,-0.7047204307332285,0.7170024033772157,0.7722377854413742,0.0,0.0
480,-0.2843396926230113,1.7579056603707548,-1.2788810218365327,-1.5419146707492228,-1.4371591867789992,-1.9300675430778265,-2.078832828578453,-3.8891653771779673,0.23197536119735832,0.6150973505194979,0.7170024033772157,0.7722377854413742,0.0,0.0
481,-0.21198410686140218,0.04380877046339996,-1.2788810218365327,-1.5419146707492228,-1.4371591867789992,-0.5904073743574709,-2.078832828578453,0.4726818071140997,-1.1344994172443033,-0.7047204307332285,0.7170024033772157,0.7722377854413742,0.0,0.0
482,0.1497938219466434,1.305869306507629,-1.2788810218365327,0.4116423781638197,0.06043877488129027,-0.5904073743574709,0.20829169795186836,-0.4619997323770575,0.23197536119735832,-0.7047204307332285,0.7170024033772157,0.7722377854413742,0.0,0.0
483,0.5684225681388104,0.6060927032090964,-1.2788810218365327,0.4116423781638197,0.06043877488129027,0.7492527943628847,0.20829169795186836,0.4726818071140997,1.1429585468251326,-0.7047204307332285,,-1.2949379308452873,0.0,0.0
484,-1.3386639422921727,-1.3479224465198205,-1.2788810218365327,-1.5419146707492228,0.06043877488129027,-0.5904073743574709,-0.9352705653132926,-1.0851207587044955,-1.1344994172443033,0.6150973505194979,0.7170024033772157,0.7722377854413742,0.0,0.0
485,0.10040596640821935,0.5223551462595128,-1.2788810218365327,0.4116423781638197,0.06043877488129027,0.7492527943628847,0.20829169795186836,-0.15043921921333844,0.6874669540112455,0.6150973505194979,0.7170024033772157,0.7722377854413742,0.0,0.0
486,-0.7701557684509582,-1.728821993438403,-1.2788810218365327,0.4116423781638197,-1.4371591867789992,-0.5904073743574709,1.3518539612170293,-0.7735602455407765,-1.1344994172443033,-0.7047204307332285,0.7170024033772157,0.7722377854413742,0.0,0.0
487,2.2481058090333077,-1.8120955205495735,-1.2788810218365327,0.4116423781638197,-1.4371591867789992,-1.9300675430778265,1.3518539612170293,-1.0851207587044955,-1.1344994172443033,0.6150973505194979,0.7170024033772157,0.7722377854413742,0.0,0.0
488,1.6795976351920934,0.7991489007540297,-1.2788810218365327,2.3651994270768624,0.06043877488129027,2.0889129630832404,0.20829169795186836,0.7842423202778188,1.1429585468251326,-0.7047204307332285,0.7170024033772157,0.7722377854413742,0.0,0.0
489,1.0283973633376113,-1.2918626425229427,-1.2788810218365327,0.4116423781638197,0.06043877488129027,-0.5904073743574709,-0.9352705653132926,1.0958028334415377,-1.1344994172443033,-0.7047204307332285,0.7170024033772157,-1.2949379308452873,0.0,0.0
490,-0.2378253874905483,0.3824668092565971,-1.2788810218365327,0.4116423781638197,1.5580367365415795,0.7492527943628847,0.20829169795186836,0.16112129395038063,0.23197536119735832,0.6150973505194979,0.7170024033772157,0.7722377854413742,0.0,0.0
491,0.8526766550594177,1.7579056603707548,-1.2788810218365327,-1.5419146707492228,-1.4371591867789992,-1.9300675430778265,-2.078832828578453,-3.8891653771779673,0.23197536119735832,-0.7047204307332285,0.7170024033772157,0.7722377854413742,0.0,0.0
492,0.5942638487679566,-0.6551776670125264,-1.2788810218365327,-1.5419146707492228,1.5580367365415795,-1.9300675430778265,1.3518539612170293,0.16112129395038063,-0.6790078244304162,-0.7047204307332285,0.7170024033772157,0.7722377854413742,0.0,0.0
493,0.36169232310564153,0.04380877046339996,-1.2788810218365327,-1.5419146707492228,-1.4371591867789992,-0.5904073743574709,-2.078832828578453,0.4726818071140997,-1.1344994172443033,-0.7047204307332285,0.7170024033772157,0.7722377854413742,0.0,0.0
494,-0.5169112182853264,-0.6551776670125264,-1.2788810218365327,-1.5419146707492228,1.5580367365415795,-1.9300675430778265,1.3518539612170293,0.16112129395038063,-0.6790078244304162,-0.7047204307332285,0.7170024033772157,0.7722377854413742,0.0,0.0
495,1.0283973633376113,-0.4412736989171693,-1.2788810218365327,-1.5419146707492228,1.5580367365415795,-1.9300675430778265,0.20829169795186836,-0.4619997323770575,-0.22351623161652892,-0.7047204307332285,0.7170024033772157,0.7722377854413742,0.0,0.0
496,1.602073793304655,-1.8120955205495735,-1.2788810218365327,0.4116423781638197,-1.4371591867789992,-1.9300675430778265,1.3518539612170293,-1.0851207587044955,-1.1344994172443033,1.9349151317722242,0.7170024033772157,0.7722377854413742,0.0,0.0
497,-0.5944350601727647,-0.6551776670125264,-1.2788810218365327,-1.5419146707492228,1.5580367365415795,-1.9300675430778265,1.3518539612170293,0.16112129395038063,-0.6790078244304162,-0.7047204307332285,0.7170024033772157,0.7722377854413742,0.0,0.0
498,0.07743823618503429,-1.728821993438403,-1.2788810218365327,0.4116423781638197,-1.4371591867789992,-0.5904073743574709,1.3518539612170293,-0.7735602455407765,-1.1344994172443033,0.6150973505194979,0.7170024033772157,0.7722377854413742,0.0,0.0
499,0.3875336037347876,-1.4497074305130688,-1.2788810218365327,-1.5419146707492228,-1.4371591867789992,-0.5904073743574709,-0.9352705653132926,-2.019802298195653,-1.5899910100581907,-0.7047204307332285,0.7170024033772157,0.7722377854413742,0.0,0.0
500,-0.5298318585998993,0.04380877046339996,-1.2788810218365327,-1.5419146707492228,-1.4371591867789992,-0.5904073743574709,-2.078832828578453,0.4726818071140997,-1.1344994172443033,0.6150973505194979,0.7170024033772157,0.7722377854413742,0.0,0.0
501,-0.3670317906362789,-1.728821993438403,-1.2257697694093979,0.4116423781638197,-1.4371591867789992,-0.5904073743574709,1.3518539612170293,-0.7735602455407765,-1.1344994172443033,-0.7047204307332285,0.7170024033772157,0.7722377854413742,0.0,0.0
502,0.025755674926742054,0.5223551462595128,-1.2257697694093979,0.4116423781638197,0.06043877488129027,0.7492527943628847,0.20829169795186836,-0.15043921921333844,0.6874669540112455,-0.7047204307332285,0.7170024033772157,0.7722377854413742,0.0,0.0
503,-0.12929200884813463,-1.728821993438403,-1.2257697694093979,0.4116423781638197,-1.4371591867789992,-0.5904073743574709,1.3518539612170293,-0.7735602455407765,-1.1344994172443033,-0.7047204307332285,0.7170024033772157,0.7722377854413742,0.0,0.0
504,-1.4084353999908672,0.7991489007540297,-1.2257697694093979,2.3651994270768624,0.06043877488129027,2.0889129630832404,0.20829169795186836,0.7842423202778188,1.1429585468251326,-0.7047204307332285,0.7170024033772157,0.7722377854413742,0.0,0.0
505,-0.439387376397888,-1.4497074305130688,-1.2257697694093979,-1.5419146707492228,-1.4371591867789992,-0.5904073743574709,-0.9352705653132926,-2.019802298195653,-1.5899910100581907,-0.7047204307332285,0.7170024033772157,0.7722377854413742,0.0,0.0
506,-0.8037494332688482,0.7991489007540297,-1.2257697694093979,2.3651994270768624,0.06043877488129027,2.0889129630832404,0.20829169795186836,0.7842423202778188,1.1429585468251326,-0.7047204307332285,0.7170024033772157,0.7722377854413742,0.0,0.0
507,0.8526766550594177,-1.2918626425229427,-1.2257697694093979,0.4116423781638197,0.06043877488129027,-0.5904073743574709,-0.9352705653132926,1.0958028334415377,-1.1344994172443033,0.6150973505194979,0.7170024033772157,-1.2949379308452873,0.0,0.0
508,0.5942638487679566,0.44116885080095214,-1.2257697694093979,0.4116423781638197,1.5580367365415795,0.7492527943628847,0.20829169795186836,-0.15043921921333844,1.1429585468251326,1.9349151317722242,0.7170024033772157,0.7722377854413742,0.0,0.0
509,-0.671958902060203,-1.728821993438403,-1.2257697694093979,0.4116423781638197,-1.4371591867789992,-0.5904073743574709,1.3518539612170293,-0.7735602455407765,-1.1344994172443033,0.6150973505194979,0.7170024033772157,0.7722377854413742,0.0,0.0
510,-0.6383652372423131,1.305869306507629,-1.2257697694093979,0.4116423781638197,0.06043877488129027,-0.5904073743574709,0.20829169795186836,-0.4619997323770575,0.23197536119735832,-0.7047204307332285,0.7170024033772157,0.7722377854413742,0.0,0.0
511,1.4728673901589244,-1.8120955205495735,-1.2257697694093979,0.4116423781638197,-1.4371591867789992,-1.9300675430778265,1.3518539612170293,-1.0851207587044955,-1.1344994172443033,1.9349151317722242,0.7170024033772157,0.7722377854413742,0.0,0.0
512,-0.7107208230039221,-1.728821993438403,-1.2257697694093979,0.4116423781638197,-1.4371591867789992,-0.5904073743574709,1.3518539612170293,-0.7735602455407765,-1.1344994172443033,0.6150973505194979,0.7170024033772157,0.7722377854413742,0.0,0.0
513,-0.0776094475898424,-0.5403601873348578,-1.2257697694093979,0.4116423781638197,1.5580367365415795,0.7492527943628847,1.3518539612170293,1.718923859768976,-0.6790078244304162,0.6150973505194979,0.7170024033772157,-1.2949379308452873,0.0,0.0
514,-0.12929200884813463,-1.8120955205495735,-1.2257697694093979,0.4116423781638197,-1.4371591867789992,-1.9300675430778265,1.3518539612170293,-1.0851207587044955,-1.1344994172443033,0.6150973505194979,0.7170024033772157,0.7722377854413742,0.0,0.0
515,0.7751528131719794,0.5223551462595128,-1.2257697694093979,0.4116423781638197,0.06043877488129027,0.7492527943628847,0.20829169795186836,-0.15043921921333844,0.6874669540112455,-0.7047204307332285,0.7170024033772157,0.7722377854413742,0.0,0.0
516,0.12266047728603997,1.305869306507629,-1.2257697694093979,0.4116423781638197,0.06043877488129027,-0.5904073743574709,0.20829169795186836,-0.4619997323770575,0.23197536119735832,-0.7047204307332285,0.7170024033772157,0.7722377854413742,0.0,0.0
517,3.023344227907691,-0.10408600229664455,-1.2257697694093979,0.4116423781638197,0.06043877488129027,0.7492527943628847,-2.078832828578453,1.0958028334415377,-0.6790078244304162,-0.7047204307332285,0.7170024033772157,-1.2949379308452873,0.0,0.0
518,0.09035887649960733,0.44116885080095214,-1.2257697694093979,0.4116423781638197,1.5580367365415795,0.7492527943628847,0.20829169795186836,-0.15043921921333844,1.1429585468251326,1.9349151317722242,0.7170024033772157,0.7722377854413742,0.0,0.0
519,-1.330911558103429,-1.3479224465198205,-1.2257697694093979,-1.5419146707492228,0.06043877488129027,-0.5904073743574709,-0.9352705653132926,-1.0851207587044955,-1.1344994172443033,0.6150973505194979,0.7170024033772157,0.7722377854413742,0.0,0.0
520,0.10040596640821935,0.3824668092565971,-1.2257697694093979,0.4116423781638197,1.5580367365415795,0.7492527943628847,0.20829169795186836,0.16112129395038063,0.23197536119735832,1.9349151317722242,0.7170024033772157,0.7722377854413742,0.0,0.0
521,-0.41354609576874185,0.04380877046339996,-1.2257697694093979,-1.5419146707492228,-1.4371591867789992,-0.5904073743574709,-2.078832828578453,0.4726818071140997,-1.1344994172443033,1.9349151317722242,0.7170024033772157,0.7722377854413742,0.0,0.0
522,0.1291207974433265,0.44116885080095214,-1.2257697694093979,0.4116423781638197,1.5580367365415795,0.7492527943628847,0.20829169795186836,-0.15043921921333844,1.1429585468251326,0.6150973505194979,0.7170024033772157,0.7722377854413742,0.0,0.0
523,-0.38770481513959576,0.7991489007540297,-1.2257697694093979,2.3651994270768624,0.06043877488129027,2.0889129630832404,0.20829169795186836,0.7842423202778188,1.1429585468251326,-0.7047204307332285,0.7170024033772157,0.7722377854413742,0.0,0.0
524,-0.11637136853356157,-1.728821993438403,-1.2257697694093979,0.4116423781638197,-1.4371591867789992,-0.5904073743574709,1.3518539612170293,-0.7735602455407765,-1.1344994172443033,0.6150973505194979,0.7170024033772157,0.7722377854413742,0.0,0.0
525,0.05159695555588817,0.5223551462595128,-1.2257697694093979,0.4116423781638197,0.06043877488129027,0.7492527943628847,0.20829169795186836,-0.15043921921333844,0.6874669540112455,-0.7047204307332285,0.7170024033772157,0.7722377854413742,0.0,0.0
526,0.7596480447944917,0.3465271102785743,-1.2257697694093979,0.4116423781638197,1.5580367365415795,0.7492527943628847,0.20829169795186836,0.16112129395038063,0.6874669540112455,-0.7047204307332285,0.7170024033772157,0.7722377854413742,0.0,0.0
527,0.3358510424764954,0.04380877046339996,-1.2257697694093979,-1.5419146707492228,-1.4371591867789992,-0.5904073743574709,-2.078832828578453,0.4726818071140997,-1.1344994172443033,1.9349151317722242,0.7170024033772157,0.7722377854413742,0.0,0.0
528,1.602073793304655,0.2304354707659634,-1.2257697694093979,-1.5419146707492228,1.5580367365415795,-0.5904073743574709,0.20829169795186836,0.4726818071140997,1.1429585468251326,-0.7047204307332285,0.7170024033772157,0.7722377854413742,0.0,0.0
529,1.9896930027418467,0.2304354707659634,-1.2257697694093979,-1.5419146707492228,1.5580367365415795,-0.5904073743574709,0.20829169795186836,0.4726818071140997,1.1429585468251326,-0.7047204307332285,0.7170024033772157,0.7722377854413742,0.0,0.0
530,-0.671958902060203,-1.728821993438403,-1.2257697694093979,0.4116423781638197,-1.4371591867789992,-0.5904073743574709,1.3518539612170293,-0.7735602455407765,-1.1344994172443033,0.6150973505194979,0.7170024033772157,0.7722377854413742,0.0,0.0
531,-0.7391462316959829,-1.728821993438403,-1.2257697694093979,0.4116423781638197,-1.4371591867789992,-0.5904073743574709,1.3518539612170293,-0.7735602455407765,-1.1344994172443033,-0.7047204307332285,0.7170024033772157,0.7722377854413742,0.0,0.0
532,-0.8916097874079449,-1.728821993438403,-1.2257697694093979,0.4116423781638197,-1.4371591867789992,-0.5904073743574709,1.3518539612170293,-0.7735602455407765,-1.1344994172443033,-0.7047204307332285,0.7170024033772157,0.7722377854413742,0.0,0.0
533,-0.781784344734074,-0.10408600229664455,-1.2257697694093979,0.4116423781638197,0.06043877488129027,0.7492527943628847,-2.078832828578453,1.0958028334415377,-0.6790078244304162,1.9349151317722242,0.7170024033772157,-1.2949379308452873,0.0,0.0
534,0.4908987262513721,0.3824668092565971,-1.2257697694093979,0.4116423781638197,1.5580367365415795,0.7492527943628847,0.20829169795186836,0.16112129395038063,0.23197536119735832,0.6150973505194979,0.7170024033772157,0.7722377854413742,0.0,0.0
535,0.05159695555588817,0.5223551462595128,-1.2257697694093979,0.4116423781638197,0.06043877488129027,0.7492527943628847,0.20829169795186836,-0.15043921921333844,0.6874669540112455,0.6150973505194979,0.7170024033772157,0.7722377854413742,0.0,0.0
536,1.2144545838674632,-1.4497074305130688,-1.2257697694093979,-1.5419146707492228,-1.4371591867789992,-0.5904073743574709,-0.9352705653132926,-2.019802298195653,-1.5899910100581907,-0.7047204307332285,0.7170024033772157,0.7722377854413742,0.0,0.0
537,0.1291207974433265,0.5223551462595128,-1.2257697694093979,0.4116423781638197,0.06043877488129027,0.7492527943628847,0.20829169795186836,-0.15043921921333844,0.6874669540112455,0.6150973505194979,0.7170024033772157,0.7722377854413742,0.0,0.0
538,-8.560570240405939e-05,0.7991489007540297,-1.2257697694093979,2.3651994270768624,0.06043877488129027,2.0889129630832404,0.20829169795186836,0.7842423202778188,1.1429585468251326,-0.7047204307332285,0.7170024033772157,0.7722377854413742,0.0,0.0
539,-0.5169112182853264,1.7579056603707548,-1.2257697694093979,-1.5419146707492228,-1.4371591867789992,-1.9300675430778265,-2.078832828578453,-3.8891653771779673,0.23197536119735832,0.6150973505194979,0.7170024033772157,0.7722377854413742,0.0,0.0
540,1.7777945015828485,-0.5403601873348578,-1.2257697694093979,0.4116423781638197,1.5580367365415795,0.7492527943628847,1.3518539612170293,1.718923859768976,-0.6790078244304162,0.6150973505194979,0.7170024033772157,-1.2949379308452873,0.0,0.0
541,0.18080335870161873,1.305869306507629,-1.2257697694093979,0.4116423781638197,0.06043877488129027,-0.5904073743574709,0.20829169795186836,-0.4619997323770575,0.23197536119735832,-0.7047204307332285,0.7170024033772157,0.7722377854413742,0.0,0.0
542,0.20664463933076485,1.7579056603707548,-1.172658516982263,-1.5419146707492228,-1.4371591867789992,-1.9300675430778265,-2.078832828578453,-3.8891653771779673,0.23197536119735832,-0.7047204307332285,0.7170024033772157,0.7722377854413742,0.0,0.0
543,0.11591073478570701,0.44116885080095214,-1.172658516982263,0.4116423781638197,1.5580367365415795,0.7492527943628847,0.20829169795186836,-0.15043921921333844,1.1429585468251326,1.9349151317722242,0.7170024033772157,0.7722377854413742,0.0,0.0
544,1.136930741980025,-1.4497074305130688,-1.172658516982263,-1.5419146707492228,-1.4371591867789992,-0.5904073743574709,-0.9352705653132926,-2.019802298195653,-1.5899910100581907,-0.7047204307332285,0.7170024033772157,0.7722377854413742,0.0,0.0
545,-1.2275464355868444,1.305869306507629,-1.172658516982263,0.4116423781638197,0.06043877488129027,-0.5904073743574709,0.20829169795186836,-0.4619997323770575,0.23197536119735832,-0.7047204307332285,0.7170024033772157,0.7722377854413742,0.0,0.0
546,-0.2843396926230113,-0.5403601873348578,-1.172658516982263,0.4116423781638197,1.5580367365415795,0.7492527943628847,1.3518539612170293,1.718923859768976,-0.6790078244304162,-0.7047204307332285,0.7170024033772157,-1.2949379308452873,0.0,0.0
547,-0.5944350601727647,0.3824668092565971,-1.172658516982263,0.4116423781638197,1.5580367365415795,0.7492527943628847,0.20829169795186836,0.16112129395038063,0.23197536119735832,-0.7047204307332285,0.7170024033772157,0.7722377854413742,0.0,0.0
548,-8.560570240405939e-05,-1.3479224465198205,-1.172658516982263,-1.5419146707492228,0.06043877488129027,-0.5904073743574709,-0.9352705653132926,-1.0851207587044955,-1.1344994172443033,-0.7047204307332285,0.7170024033772157,0.7722377854413742,0.0,0.0
549,-0.7580982269093987,-1.3479224465198205,-1.172658516982263,-1.5419146707492228,0.06043877488129027,-0.5904073743574709,-0.9352705653132926,-1.0851207587044955,-1.1344994172443033,-0.7047204307332285,0.7170024033772157,0.7722377854413742,0.0,0.0
550,-0.7753240245767875,1.7579056603707548,-1.172658516982263,-1.5419146707492228,-1.4371591867789992,-1.9300675430778265,-2.078832828578453,-3.8891653771779673,0.23197536119735832,-0.7047204307332285,0.7170024033772157,0.7722377854413742,0.0,0.0
551,-0.4264667360833149,-1.8120955205495735,-1.172658516982263,0.4116423781638197,-1.4371591867789992,-1.9300675430778265,1.3518539612170293,-1.0851207587044955,-1.1344994172443033,-0.7047204307332285,0.7170024033772157,0.7722377854413742,0.0,0.0
552,-1.0285685747424194,-1.2918626425229427,-1.172658516982263,0.4116423781638197,0.06043877488129027,-0.5904073743574709,-0.9352705653132926,1.0958028334415377,-1.1344994172443033,0.6150973505194979,0.7170024033772157,-1.2949379308452873,0.0,0.0
553,0.005082650423425163,0.7991489007540297,-1.172658516982263,2.3651994270768624,0.06043877488129027,2.0889129630832404,0.20829169795186836,0.7842423202778188,1.1429585468251326,-0.7047204307332285,0.7170024033772157,0.7722377854413742,0.0,0.0
554,0.2970891215327762,0.04380877046339996,-1.172658516982263,-1.5419146707492228,-1.4371591867789992,-0.5904073743574709,-2.078832828578453,0.4726818071140997,-1.1344994172443033,0.6150973505194979,0.7170024033772157,0.7722377854413742,0.0,0.0
555,0.511571750754689,-0.5403601873348578,-1.172658516982263,0.4116423781638197,1.5580367365415795,0.7492527943628847,1.3518539612170293,1.718923859768976,-0.6790078244304162,1.9349151317722242,0.7170024033772157,-1.2949379308452873,0.0,0.0
556,2.1447406865167236,-1.8120955205495735,-1.172658516982263,0.4116423781638197,-1.4371591867789992,-1.9300675430778265,1.3518539612170293,-1.0851207587044955,-1.1344994172443033,0.6150973505194979,0.7170024033772157,0.7722377854413742,0.0,0.0
557,0.3875336037347876,0.04380877046339996,-1.172658516982263,-1.5419146707492228,-1.4371591867789992,-0.5904073743574709,-2.078832828578453,0.4726818071140997,-1.1344994172443033,0.6150973505194979,0.7170024033772157,0.7722377854413742,0.0,0.0
558,-0.7417303597588976,-1.728821993438403,-1.172658516982263,0.4116423781638197,-1.4371591867789992,-0.5904073743574709,1.3518539612170293,-0.7735602455407765,-1.1344994172443033,-0.7047204307332285,0.7170024033772157,0.7722377854413742,0.0,0.0
559,-0.7365621036330683,-0.5403601873348578,-1.172658516982263,0.4116423781638197,1.5580367365415795,0.7492527943628847,1.3518539612170293,1.718923859768976,-0.6790078244304162,1.9349151317722242,0.7170024033772157,-1.2949379308452873,0.0,0.0
560,-0.013006246016977117,-1.3479224465198205,-1.172658516982263,-1.5419146707492228,0.06043877488129027,-0.5904073743574709,-0.9352705653132926,-1.0851207587044955,-1.1344994172443033,-0.7047204307332285,0.7170024033772157,0.7722377854413742,0.0,0.0
561,0.7751528131719794,-1.8120955205495735,-1.172658516982263,0.4116423781638197,-1.4371591867789992,-1.9300675430778265,1.3518539612170293,-1.0851207587044955,-1.1344994172443033,-0.7047204307332285,0.7170024033772157,0.7722377854413742,0.0,0.0
562,0.45988918949639673,1.305869306507629,-1.172658516982263,0.4116423781638197,0.06043877488129027,-0.5904073743574709,0.20829169795186836,-0.4619997323770575,0.23197536119735832,-0.7047204307332285,0.7170024033772157,0.7722377854413742,0.0,0.0
563,-0.8011653052059335,-1.728821993438403,-1.172658516982263,0.4116423781638197,-1.4371591867789992,-0.5904073743574709,1.3518539612170293,-0.7735602455407765,-1.1344994172443033,-0.7047204307332285,0.7170024033772157,0.7722377854413742,0.0,0.0
564,0.07743823618503429,0.5223551462595128,-1.172658516982263,0.4116423781638197,0.06043877488129027,0.7492527943628847,0.20829169795186836,-0.15043921921333844,0.6874669540112455,-0.7047204307332285,0.7170024033772157,0.7722377854413742,0.0,0.0
565,-0.5169112182853264,-1.8120955205495735,-1.172658516982263,0.4116423781638197,-1.4371591867789992,-1.9300675430778265,1.3518539612170293,-1.0851207587044955,-1.1344994172443033,-0.7047204307332285,0.7170024033772157,0.7722377854413742,0.0,0.0
566,0.1497938219466434,-0.5403601873348578,-1.172658516982263,0.4116423781638197,1.5580367365415795,0.7492527943628847,1.3518539612170293,1.718923859768976,-0.6790078244304162,-0.7047204307332285,0.7170024033772157,-1.2949379308452873,0.0,0.0
567,-1.0107691006450634,-0.5403601873348578,-1.172658516982263,0.4116423781638197,1.5580367365415795,0.7492527943628847,1.3518539612170293,1.718923859768976,-0.6790078244304162,1.9349151317722242,0.7170024033772157,-1.2949379308452873,0.0,0.0
568,0.15496207807247261,-1.3479224465198205,-1.172658516982263,-1.5419146707492228,0.06043877488129027,-0.5904073743574709,-0.9352705653132926,-1.0851207587044955,-1.1344994172443033,-0.7047204307332285,0.7170024033772157,0.7722377854413742,0.0,0.0
569,0.23248591995991097,0.5223551462595128,-1.172658516982263,0.4116423781638197,0.06043877488129027,0.7492527943628847,0.20829169795186836,-0.15043921921333844,0.6874669540112455,0.6150973505194979,0.7170024033772157,0.7722377854413742,0.0,0.0
570,1.1627720226091711,-1.2918626425229427,-1.172658516982263,0.4116423781638197,0.06043877488129027,-0.5904073743574709,-0.9352705653132926,1.0958028334415377,-1.1344994172443033,1.9349151317722242,0.7170024033772157,-1.2949379308452873,0.0,0.0
571,-0.6978001826893491,0.7991489007540297,-1.172658516982263,2.3651994270768624,0.06043877488129027,2.0889129630832404,0.20829169795186836,0.7842423202778188,1.1429585468251326,-0.7047204307332285,0.7170024033772157,0.7722377854413742,0.0,0.0
572,0.3100097618473493,-1.2918626425229427,-1.172658516982263,0.4116423781638197,0.06043877488129027,-0.5904073743574709,-0.9352705653132926,1.0958028334415377,-1.1344994172443033,0.6150973505194979,0.7170024033772157,-1.2949379308452873,0.0,0.0
573,-0.2636666681196944,0.3824668092565971,-1.172658516982263,0.4116423781638197,1.5580367365415795,0.7492527943628847,0.20829169795186836,0.16112129395038063,0.23197536119735832,0.6150973505194979,0.7170024033772157,0.7722377854413742,0.0,0.0
574,0.1291207974433265,-1.3479224465198205,-1.172658516982263,-1.5419146707492228,0.06043877488129027,-0.5904073743574709,-0.9352705653132926,-1.0851207587044955,-1.1344994172443033,0.6150973505194979,0.7170024033772157,0.7722377854413742,0.0,0.0
575,-0.10861898434481773,-1.728821993438403,-1.119547264555128,0.4116423781638197,-1.4371591867789992,-0.5904073743574709,1.3518539612170293,-0.7735602455407765,-1.1344994172443033,0.6150973505194979,0.7170024033772157,0.7722377854413742,0.0,0.0
576,-0.5091588340965825,1.305869306507629,-1.119547264555128,0.4116423781638197,0.06043877488129027,-0.5904073743574709,0.20829169795186836,-0.4619997323770575,0.23197536119735832,-0.7047204307332285,0.7170024033772157,0.7722377854413742,0.0,0.0
577,-0.15513328947728075,0.04380877046339996,-1.119547264555128,-1.5419146707492228,-1.4371591867789992,-0.5904073743574709,-2.078832828578453,0.4726818071140997,-1.1344994172443033,1.9349151317722242,0.7170024033772157,0.7722377854413742,0.0,0.0
578,-1.1112606727556869,-1.2918626425229427,-1.119547264555128,0.4116423781638197,0.06043877488129027,-0.5904073743574709,-0.9352705653132926,1.0958028334415377,-1.1344994172443033,0.6150973505194979,0.7170024033772157,-1.2949379308452873,0.0,0.0
579,0.3100097618473493,-0.5403601873348578,-1.119547264555128,0.4116423781638197,1.5580367365415795,0.7492527943628847,1.3518539612170293,1.718923859768976,-0.6790078244304162,0.6150973505194979,0.7170024033772157,-1.2949379308452873,0.0,0.0
580,0.5942638487679566,0.6060927032090964,-1.119547264555128,0.4116423781638197,0.06043877488129027,0.7492527943628847,0.20829169795186836,0.4726818071140997,1.1429585468251326,-0.7047204307332285,,-1.2949379308452873,0.0,0.0
581,-0.5685937795436186,0.5223551462595128,-1.119547264555128,0.4116423781638197,0.06043877488129027,0.7492527943628847,0.20829169795186836,-0.15043921921333844,0.6874669540112455,-0.7047204307332285,0.7170024033772157,0.7722377854413742,0.0,0.0
582,-0.5533784335091774,1.305869306507629,-1.119547264555128,0.4116423781638197,0.06043877488129027,-0.5904073743574709,0.20829169795186836,-0.4619997323770575,0.23197536119735832,-0.7047204307332285,0.7170024033772157,0.7722377854413742,0.0,0.0
583,-0.811501817457592,0.04380877046339996,-1.119547264555128,-1.5419146707492228,-1.4371591867789992,-0.5904073743574709,-2.078832828578453,0.4726818071140997,-1.1344994172443033,0.6150973505194979,0.7170024033772157,0.7722377854413742,0.0,0.0
584,-0.5556731392290455,-0.5403601873348578,-1.119547264555128,0.4116423781638197,1.5580367365415795,0.7492527943628847,1.3518539612170293,1.718923859768976,-0.6790078244304162,0.6150973505194979,0.7170024033772157,-1.2949379308452873,0.0,0.0
585,0.5684225681388104,0.5223551462595128,-1.119547264555128,0.4116423781638197,0.06043877488129027,0.7492527943628847,0.20829169795186836,-0.15043921921333844,0.6874669540112455,1.9349151317722242,0.7170024033772157,0.7722377854413742,0.0,0.0
586,-0.9174510680370911,-1.728821993438403,-1.119547264555128,0.4116423781638197,-1.4371591867789992,-0.5904073743574709,1.3518539612170293,-0.7735602455407765,-1.1344994172443033,-0.7047204307332285,0.7170024033772157,0.7722377854413742,0.0,0.0
587,-0.23265713136471908,-1.728821993438403,-1.119547264555128,0.4116423781638197,-1.4371591867789992,-0.5904073743574709,1.3518539612170293,-0.7735602455407765,-1.1344994172443033,-0.7047204307332285,0.7170024033772157,0.7722377854413742,0.0,0.0
588,0.5425812875096643,0.5223551462595128,-1.119547264555128,0.4116423781638197,0.06043877488129027,0.7492527943628847,0.20829169795186836,-0.15043921921333844,0.6874669540112455,0.6150973505194979,0.7170024033772157,0.7722377854413742,0.0,0.0
589,0.07226998005920506,0.04380877046339996,-1.119547264555128,-1.5419146707492228,-1.4371591867789992,-0.5904073743574709,-2.078832828578453,0.4726818071140997,-1.1344994172443033,-0.7047204307332285,0.7170024033772157,0.7722377854413742,0.0,0.0
590,0.05159695555588817,0.5223551462595128,-1.119547264555128,0.4116423781638197,0.06043877488129027,0.7492527943628847,0.20829169795186836,-0.15043921921333844,0.6874669540112455,-0.7047204307332285,0.7170024033772157,0.7722377854413742,0.0,0.0
591,-0.3360222538813035,0.04380877046339996,-1.119547264555128,-1.5419146707492228,-1.4371591867789992,-0.5904073743574709,-2.078832828578453,0.4726818071140997,-1.1344994172443033,1.9349151317722242,0.7170024033772157,0.7722377854413742,0.0,0.0
592,0.1497938219466434,0.04380877046339996,-1.119547264555128,-1.5419146707492228,-1.4371591867789992,-0.5904073743574709,-2.078832828578453,0.4726818071140997,-1.1344994172443033,-0.7047204307332285,0.7170024033772157,0.7722377854413742,0.0,0.0
593,-1.0337368308682486,-1.728821993438403,-1.119547264555128,0.4116423781638197,-1.4371591867789992,-0.5904073743574709,1.3518539612170293,-0.7735602455407765,-1.1344994172443033,-0.7047204307332285,0.7170024033772157,0.7722377854413742,0.0,0.0
594,-1.0595781114973948,-1.8120955205495735,-1.119547264555128,0.4116423781638197,-1.4371591867789992,-1.9300675430778265,1.3518539612170293,-1.0851207587044955,-1.1344994172443033,1.9349151317722242,0.7170024033772157,0.7722377854413742,0.0,0.0
595,0.36169232310564153,-0.10408600229664455,-1.119547264555128,0.4116423781638197,0.06043877488129027,0.7492527943628847,-2.078832828578453,1.0958028334415377,-0.6790078244304162,1.9349151317722242,0.7170024033772157,-1.2949379308452873,0.0,0.0
596,0.5632543120129813,0.3824668092565971,-1.119547264555128,0.4116423781638197,1.5580367365415795,0.7492527943628847,0.20829169795186836,0.16112129395038063,0.23197536119735832,0.6150973505194979,0.7170024033772157,0.7722377854413742,0.0,0.0
597,-0.0776094475898424,-1.728821993438403,-1.119547264555128,0.4116423781638197,-1.4371591867789992,-0.5904073743574709,1.3518539612170293,-0.7735602455407765,-1.1344994172443033,0.6150973505194979,0.7170024033772157,0.7722377854413742,0.0,0.0
598,0.20147638320493563,-0.5403601873348578,-1.119547264555128,0.4116423781638197,1.5580367365415795,0.7492527943628847,1.3518539612170293,1.718923859768976,-0.6790078244304162,0.6150973505194979,0.7170024033772157,-1.2949379308452873,0.0,0.0
599,0.09811126068835117,1.305869306507629,-1.119547264555128,0.4116423781638197,0.06043877488129027,-0.5904073743574709,0.20829169795186836,-0.4619997323770575,0.23197536119735832,-0.7047204307332285,0.7170024033772157,0.7722377854413742,0.0,0.0
600,0.025755674926742054,-1.8120955205495735,-1.119547264555128,0.4116423781638197,-1.4371591867789992,-1.9300675430778265,1.3518539612170293,-1.0851207587044955,-1.1344994172443033,0.6150973505194979,0.7170024033772157,0.7722377854413742,0.0,0.0
601,-1.0624206523666009,-0.5403601873348578,-1.119547264555128,0.4116423781638197,1.5580367365415795,0.7492527943628847,1.3518539612170293,1.718923859768976,-0.6790078244304162,-0.7047204307332285,0.7170024033772157,-1.2949379308452873,0.0,0.0
602,0.07743823618503429,-1.3479224465198205,-1.066436012127993,-1.5419146707492228,0.06043877488129027,-0.5904073743574709,-0.9352705653132926,-1.0851207587044955,-1.1344994172443033,0.6150973505194979,0.7170024033772157,0.7722377854413742,0.0,0.0
603,0.9560417775760022,-0.4412736989171693,-1.066436012127993,-1.5419146707492228,1.5580367365415795,-1.9300675430778265,0.20829169795186836,-0.4619997323770575,-0.22351623161652892,-0.7047204307332285,0.7170024033772157,0.7722377854413742,0.0,0.0
604,-0.5685937795436186,-1.4497074305130688,-1.066436012127993,-1.5419146707492228,-1.4371591867789992,-0.5904073743574709,-0.9352705653132926,-2.019802298195653,-1.5899910100581907,-0.7047204307332285,0.7170024033772157,0.7722377854413742,0.0,0.0
605,-0.12929200884813463,-1.3479224465198205,-1.066436012127993,-1.5419146707492228,0.06043877488129027,-0.5904073743574709,-0.9352705653132926,-1.0851207587044955,-1.1344994172443033,-0.7047204307332285,0.7170024033772157,0.7722377854413742,0.0,0.0
606,0.7234702519136871,0.3824668092565971,-1.066436012127993,0.4116423781638197,1.5580367365415795,0.7492527943628847,0.20829169795186836,0.16112129395038063,0.23197536119735832,1.9349151317722242,0.7170024033772157,0.7722377854413742,0.0,0.0
607,-0.2843396926230113,-1.728821993438403,-1.066436012127993,0.4116423781638197,-1.4371591867789992,-0.5904073743574709,1.3518539612170293,-0.7735602455407765,-1.1344994172443033,-0.7047204307332285,0.7170024033772157,0.7722377854413742,0.0,0.0
608,1.9380104414835544,0.7991489007540297,-1.066436012127993,2.3651994270768624,0.06043877488129027,2.0889129630832404,0.20829169795186836,0.7842423202778188,1.1429585468251326,-0.7047204307332285,0.7170024033772157,0.7722377854413742,0.0,0.0
609,-1.1112606727556869,-1.4497074305130688,-1.066436012127993,-1.5419146707492228,-1.4371591867789992,-0.5904073743574709,-0.9352705653132926,-2.019802298195653,-1.5899910100581907,-0.7047204307332285,0.7170024033772157,0.7722377854413742,0.0,0.0
610,-0.5737620356694477,0.44116885080095214,-1.066436012127993,0.4116423781638197,1.5580367365415795,0.7492527943628847,0.20829169795186836,-0.15043921921333844,1.1429585468251326,1.9349151317722242,0.7170024033772157,0.7722377854413742,0.0,0.0
611,0.976714802079319,-0.4412736989171693,-1.066436012127993,-1.5419146707492228,1.5580367365415795,-1.9300675430778265,0.20829169795186836,-0.4619997323770575,-0.22351623161652892,-0.7047204307332285,0.7170024033772157,0.7722377854413742,0.0,0.0
612,0.13428905356915574,-1.8120955205495735,-1.066436012127993,0.4116423781638197,-1.4371591867789992,-1.9300675430778265,1.3518539612170293,-1.0851207587044955,-1.1344994172443033,0.6150973505194979,0.7170024033772157,0.7722377854413742,0.0,0.0
613,0.8009940938011254,0.3824668092565971,-1.066436012127993,0.4116423781638197,1.5580367365415795,0.7492527943628847,0.20829169795186836,0.16112129395038063,0.23197536119735832,-0.7047204307332285,0.7170024033772157,0.7722377854413742,0.0,0.0
614,1.3048990660694746,-0.5403601873348578,-1.066436012127993,0.4116423781638197,1.5580367365415795,0.7492527943628847,1.3518539612170293,1.718923859768976,-0.6790078244304162,0.6150973505194979,0.7170024033772157,-1.2949379308452873,0.0,0.0
615,-0.5272477305369848,0.5223551462595128,-1.066436012127993,0.4116423781638197,0.06043877488129027,0.7492527943628847,0.20829169795186836,-0.15043921921333844,0.6874669540112455,-0.7047204307332285,0.7170024033772157,0.7722377854413742,0.0,0.0
616,1.4470467825542817,-1.728821993438403,-1.066436012127993,0.4116423781638197,-1.4371591867789992,-0.5904073743574709,1.3518539612170293,-0.7735602455407765,-1.1344994172443033,1.9349151317722242,0.7170024033772157,0.7722377854413742,0.0,0.0
617,-1.369673479047148,-1.2918626425229427,-1.066436012127993,0.4116423781638197,0.06043877488129027,-0.5904073743574709,-0.9352705653132926,1.0958028334415377,-1.1344994172443033,0.6150973505194979,0.7170024033772157,-1.2949379308452873,0.0,0.0
618,0.697628971284541,0.44116885080095214,-1.066436012127993,0.4116423781638197,1.5580367365415795,0.7492527943628847,0.20829169795186836,-0.15043921921333844,1.1429585468251326,1.9349151317722242,0.7170024033772157,0.7722377854413742,0.0,0.0
619,-0.38770481513959576,0.7991489007540297,-1.066436012127993,2.3651994270768624,0.06043877488129027,2.0889129630832404,0.20829169795186836,0.7842423202778188,1.1429585468251326,-0.7047204307332285,0.7170024033772157,0.7722377854413742,0.0,0.0
620,1.7025653654152784,-0.5403601873348578,-1.066436012127993,0.4116423781638197,1.5580367365415795,0.7492527943628847,1.3518539612170293,1.718923859768976,-0.6790078244304162,0.6150973505194979,0.7170024033772157,-1.2949379308452873,0.0,0.0
621,1.2015339435528902,-1.8120955205495735,-1.066436012127993,0.4116423781638197,-1.4371591867789992,-1.9300675430778265,1.3518539612170293,-1.0851207587044955,-1.1344994172443033,-0.7047204307332285,0.7170024033772157,0.7722377854413742,0.0,0.0
622,1.2868101696290724,-1.728821993438403,-1.066436012127993,0.4116423781638197,-1.4371591867789992,-0.5904073743574709,1.3518539612170293,-0.7735602455407765,-1.1344994172443033,1.9349151317722242,0.7170024033772157,0.7722377854413742,0.0,0.0
623,-0.7546510000734705,-1.3479224465198205,-1.066436012127993,-1.5419146707492228,0.06043877488129027,-0.5904073743574709,-0.9352705653132926,-1.0851207587044955,-1.1344994172443033,0.6150973505194979,0.7170024033772157,0.7722377854413742,0.0,0.0
624,1.4211848289006321,-1.4497074305130688,-1.066436012127993,-1.5419146707492228,-1.4371591867789992,-0.5904073743574709,-0.9352705653132926,-2.019802298195653,-1.5899910100581907,-0.7047204307332285,0.7170024033772157,0.7722377854413742,0.0,0.0
625,-0.18097457010642684,-0.6551776670125264,-1.066436012127993,-1.5419146707492228,1.5580367365415795,-1.9300675430778265,1.3518539612170293,0.16112129395038063,-0.6790078244304162,-0.7047204307332285,0.7170024033772157,0.7722377854413742,0.0,0.0
626,1.1110894613508788,-1.8120955205495735,-1.066436012127993,0.4116423781638197,-1.4371591867789992,-1.9300675430778265,1.3518539612170293,-1.0851207587044955,-1.1344994172443033,0.6150973505194979,0.7170024033772157,0.7722377854413742,0.0,0.0
627,0.33068278635066617,-0.5403601873348578,-1.066436012127993,0.4116423781638197,1.5580367365415795,0.7492527943628847,1.3518539612170293,1.718923859768976,-0.6790078244304162,1.9349151317722242,0.7170024033772157,-1.2949379308452873,0.0,0.0
628,0.3539399389168977,-1.8120955205495735,-1.066436012127993,0.4116423781638197,-1.4371591867789992,-1.9300675430778265,1.3518539612170293,-1.0851207587044955,-1.1344994172443033,1.9349151317722242,0.7170024033772157,0.7722377854413742,0.0,0.0
629,1.8294770628411408,-0.6551776670125264,-1.066436012127993,-1.5419146707492228,1.5580367365415795,-1.9300675430778265,1.3518539612170293,0.16112129395038063,-0.6790078244304162,-0.7047204307332285,0.7170024033772157,0.7722377854413742,0.0,0.0
630,-0.9885145897672429,-1.2918626425229427,-1.066436012127993,0.4116423781638197,0.06043877488129027,-0.5904073743574709,-0.9352705653132926,1.0958028334415377,-1.1344994172443033,0.6150973505194979,0.7170024033772157,-1.2949379308452873,0.0,0.0
631,0.1291207974433265,-1.3479224465198205,-1.066436012127993,-1.5419146707492228,0.06043877488129027,-0.5904073743574709,-0.9352705653132926,-1.0851207587044955,-1.1344994172443033,0.6150973505194979,0.7170024033772157,0.7722377854413742,0.0,0.0
632,-1.2146257952722714,-0.10408600229664455,-1.066436012127993,0.4116423781638197,0.06043877488129027,0.7492527943628847,-2.078832828578453,1.0958028334415377,-0.6790078244304162,1.9349151317722242,0.7170024033772157,-1.2949379308452873,0.0,0.0
633,0.3875336037347876,0.3824668092565971,-1.066436012127993,0.4116423781638197,1.5580367365415795,0.7492527943628847,0.20829169795186836,0.16112129395038063,0.23197536119735832,0.6150973505194979,0.7170024033772157,0.7722377854413742,0.0,0.0
634,-0.6748324524661641,-1.2918626425229427,-1.066436012127993,0.4116423781638197,0.06043877488129027,-0.5904073743574709,-0.9352705653132926,1.0958028334415377,-1.1344994172443033,-0.7047204307332285,0.7170024033772157,-1.2949379308452873,0.0,0.0
635,-0.15513328947728075,0.04380877046339996,-1.066436012127993,-1.5419146707492228,-1.4371591867789992,-0.5904073743574709,-2.078832828578453,0.4726818071140997,-1.1344994172443033,0.6150973505194979,0.7170024033772157,0.7722377854413742,0.0,0.0
636,-0.9303717083516642,0.04380877046339996,-1.066436012127993,-1.5419146707492228,-1.4371591867789992,-0.5904073743574709,-2.078832828578453,0.4726818071140997,-1.1344994172443033,-0.7047204307332285,0.7170024033772157,0.7722377854413742,0.0,0.0
637,-0.20681585073557296,-1.4497074305130688,-1.066436012127993,-1.5419146707492228,-1.4371591867789992,-0.5904073743574709,-0.9352705653132926,-2.019802298195653,-1.5899910100581907,-0.7047204307332285,0.7170024033772157,0.7722377854413742,0.0,0.0
638,-0.20681585073557296,-1.3479224465198205,-1.066436012127993,-1.5419146707492228,0.06043877488129027,-0.5904073743574709,-0.9352705653132926,-1.0851207587044955,-1.1344994172443033,0.6150973505194979,0.7170024033772157,0.7722377854413742,0.0,0.0
639,-0.6461176214310569,-0.5403601873348578,-1.066436012127993,0.4116423781638197,1.5580367365415795,0.7492527943628847,1.3518539612170293,1.718923859768976,-0.6790078244304162,0.6150973505194979,0.7170024033772157,-1.2949379308452873,0.0,0.0
640,-0.9691336292953833,-1.2918626425229427,-1.066436012127993,0.4116423781638197,0.06043877488129027,-0.5904073743574709,-0.9352705653132926,1.0958028334415377,-1.1344994172443033,0.6150973505194979,0.7170024033772157,-1.2949379308452873,0.0,0.0
641,-0.5737620356694477,-1.4497074305130688,-1.066436012127993,-1.5419146707492228,-1.4371591867789992,-0.5904073743574709,-0.9352705653132926,-2.019802298195653,-1.5899910100581907,-0.7047204307332285,0.7170024033772157,0.7722377854413742,0.0,0.0
642,-1.3156962120689877,0.7991489007540297,-1.066436012127993,2.3651994270768624,0.06043877488129027,2.0889129630832404,0.20829169795186836,0.7842423202778188,1.1429585468251326,-0.7047204307332285,0.7170024033772157,0.7722377854413742,0.0,0.0
643,2.5065186153247687,-1.3479224465198205,-1.066436012127993,-1.5419146707492228,0.06043877488129027,-0.5904073743574709,-0.9352705653132926,-1.0851207587044955,-1.1344994172443033,1.9349151317722242,0.7170024033772157,0.7722377854413742,0.0,0.0
644,-0.5479207550403017,-1.2918626425229427,-1.066436012127993,0.4116423781638197,0.06043877488129027,-0.5904073743574709,-0.9352705653132926,1.0958028334415377,-1.1344994172443033,0.6150973505194979,0.7170024033772157,-1.2949379308452873,0.0,0.0
645,-0.8786891470933719,0.04380877046339996,-1.066436012127993,-1.5419146707492228,-1.4371591867789992,-0.5904073743574709,-2.078832828578453,0.4726818071140997,-1.1344994172443033,-0.7047204307332285,0.7170024033772157,0.7722377854413742,0.0,0.0
646,0.2037710889248038,0.2304354707659634,-1.066436012127993,-1.5419146707492228,1.5580367365415795,-0.5904073743574709,0.20829169795186836,0.4726818071140997,1.1429585468251326,-0.7047204307332285,0.7170024033772157,0.7722377854413742,0.0,0.0
647,-0.18097457010642684,-0.6551776670125264,-1.0133247597008581,-1.5419146707492228,1.5580367365415795,-1.9300675430778265,1.3518539612170293,0.16112129395038063,-0.6790078244304162,-0.7047204307332285,0.7170024033772157,0.7722377854413742,0.0,0.0
648,-0.6306128530535692,-0.5403601873348578,-1.0133247597008581,0.4116423781638197,1.5580367365415795,0.7492527943628847,1.3518539612170293,1.718923859768976,-0.6790078244304162,1.9349151317722242,0.7170024033772157,-1.2949379308452873,0.0,0.0
649,-0.025926886331550172,0.5223551462595128,-1.0133247597008581,0.4116423781638197,0.06043877488129027,0.7492527943628847,0.20829169795186836,-0.15043921921333844,0.6874669540112455,1.9349151317722242,0.7170024033772157,0.7722377854413742,0.0,0.0
650,-1.1629432340139791,-0.10408600229664455,-1.0133247597008581,0.4116423781638197,0.06043877488129027,0.7492527943628847,-2.078832828578453,1.0958028334415377,-0.6790078244304162,-0.7047204307332285,0.7170024033772157,-1.2949379308452873,0.0,0.0
651,0.17563510257578951,0.3824668092565971,-1.0133247597008581,0.4116423781638197,1.5580367365415795,0.7492527943628847,0.20829169795186836,0.16112129395038063,0.23197536119735832,-0.7047204307332285,0.7170024033772157,0.7722377854413742,0.0,0.0
652,0.05159695555588817,0.44116885080095214,-1.0133247597008581,0.4116423781638197,1.5580367365415795,0.7492527943628847,0.20829169795186836,-0.15043921921333844,1.1429585468251326,0.6150973505194979,0.7170024033772157,0.7722377854413742,0.0,0.0
653,-0.7236414633184952,-1.2918626425229427,-1.0133247597008581,0.4116423781638197,0.06043877488129027,-0.5904073743574709,-0.9352705653132926,1.0958028334415377,-1.1344994172443033,0.6150973505194979,0.7170024033772157,-1.2949379308452873,0.0,0.0
654,1.8036357822119946,0.3824668092565971,-1.0133247597008581,0.4116423781638197,1.5580367365415795,0.7492527943628847,0.20829169795186836,0.16112129395038063,0.23197536119735832,1.9349151317722242,0.7170024033772157,0.7722377854413742,0.0,0.0
655,-0.27141905230843827,0.04380877046339996,-1.0133247597008581,-1.5419146707492228,-1.4371591867789992,-0.5904073743574709,-2.078832828578453,0.4726818071140997,-1.1344994172443033,0.6150973505194979,0.7170024033772157,0.7722377854413742,0.0,0.0
656,0.3875336037347876,-0.5403601873348578,-1.0133247597008581,0.4116423781638197,1.5580367365415795,0.7492527943628847,1.3518539612170293,1.718923859768976,-0.6790078244304162,1.9349151317722242,0.7170024033772157,-1.2949379308452873,0.0,0.0
657,1.0077243388342945,-1.8120955205495735,-1.0133247597008581,0.4116423781638197,-1.4371591867789992,-1.9300675430778265,1.3518539612170293,-1.0851207587044955,-1.1344994172443033,0.6150973505194979,0.7170024033772157,0.7722377854413742,0.0,0.0
658,0.8498031046534567,-1.8120955205495735,-1.0133247597008581,0.4116423781638197,-1.4371591867789992,-1.9300675430778265,1.3518539612170293,-1.0851207587044955,-1.1344994172443033,-0.7047204307332285,0.7170024033772157,0.7722377854413742,0.0,0.0
659,-0.904530427722518,-0.6551776670125264,-1.0133247597008581,-1.5419146707492228,1.5580367365415795,-1.9300675430778265,1.3518539612170293,0.16112129395038063,-0.6790078244304162,-0.7047204307332285,0.7170024033772157,0.7722377854413742,0.0,0.0
660,0.4908987262513721,1.7579056603707548,-1.0133247597008581,-1.5419146707492228,-1.4371591867789992,-1.9300675430778265,-2.078832828578453,-3.8891653771779673,0.23197536119735832,-0.7047204307332285,0.7170024033772157,0.7722377854413742,0.0,0.0
661,0.18080335870161873,0.8900159241366333,-1.0133247597008581,2.3651994270768624,0.06043877488129027,2.0889129630832404,0.20829169795186836,0.7842423202778188,1.1429585468251326,-0.7047204307332285,0.7170024033772157,-1.2949379308452873,0.0,0.0
662,1.441857853403949,-0.5403601873348578,-1.0133247597008581,0.4116423781638197,1.5580367365415795,0.7492527943628847,1.3518539612170293,1.718923859768976,-0.6790078244304162,-0.7047204307332285,0.7170024033772157,-1.2949379308452873,0.0,0.0
663,0.3746129634202146,-0.6551776670125264,-1.0133247597008581,-1.5419146707492228,1.5580367365415795,-1.9300675430778265,1.3518539612170293,0.16112129395038063,-0.6790078244304162,-0.7047204307332285,0.7170024033772157,0.7722377854413742,0.0,0.0
664,0.18080335870161873,0.04380877046339996,-1.0133247597008581,-1.5419146707492228,-1.4371591867789992,-0.5904073743574709,-2.078832828578453,0.4726818071140997,-1.1344994172443033,-0.7047204307332285,0.7170024033772157,0.7722377854413742,0.0,0.0
665,-0.23265713136471908,0.3824668092565971,-1.0133247597008581,0.4116423781638197,1.5580367365415795,0.7492527943628847,0.20829169795186836,0.16112129395038063,0.23197536119735832,1.9349151317722242,0.7170024033772157,0.7722377854413742,0.0,0.0
666,2.2481058090333077,0.2304354707659634,-1.0133247597008581,-1.5419146707492228,1.5580367365415795,-0.5904073743574709,0.20829169795186836,0.4726818071140997,1.1429585468251326,-0.7047204307332285,0.7170024033772157,0.7722377854413742,0.0,0.0
667,0.10327951681418039,-1.8120955205495735,-1.0133247597008581,0.4116423781638197,-1.4371591867789992,-1.9300675430778265,1.3518539612170293,-1.0851207587044955,-1.1344994172443033,0.6150973505194979,0.7170024033772157,0.7722377854413742,0.0,0.0
668,-0.49623819378200945,0.7991489007540297,-1.0133247597008581,2.3651994270768624,0.06043877488129027,2.0889129630832404,0.20829169795186836,0.7842423202778188,1.1429585468251326,-0.7047204307332285,0.7170024033772157,0.7722377854413742,0.0,0.0
669,1.2144545838674632,-1.8120955205495735,-1.0133247597008581,0.4116423781638197,-1.4371591867789992,-1.9300675430778265,1.3518539612170293,-1.0851207587044955,-1.1344994172443033,1.9349151317722242,0.7170024033772157,0.7722377854413742,0.0,0.0
670,-0.20681585073557296,-0.6551776670125264,-1.0133247597008581,-1.5419146707492228,1.5580367365415795,-1.9300675430778265,1.3518539612170293,0.16112129395038063,-0.6790078244304162,-0.7047204307332285,0.7170024033772157,0.7722377854413742,0.0,0.0
671,0.05159695555588817,0.44116885080095214,-1.0133247597008581,0.4116423781638197,1.5580367365415795,0.7492527943628847,0.20829169795186836,-0.15043921921333844,1.1429585468251326,0.6150973505194979,0.7170024033772157,0.7722377854413742,0.0,0.0
672,0.5942638487679566,0.3824668092565971,-1.0133247597008581,0.4116423781638197,1.5580367365415795,0.7492527943628847,0.20829169795186836,0.16112129395038063,0.23197536119735832,-0.7047204307332285,0.7170024033772157,0.7722377854413742,0.0,0.0
673,-0.5944350601727647,-1.4497074305130688,-1.0133247597008581,-1.5419146707492228,-1.4371591867789992,-0.5904073743574709,-0.9352705653132926,-2.019802298195653,-1.5899910100581907,-0.7047204307332285,0.7170024033772157,0.7722377854413742,0.0,0.0
674,1.2144545838674632,-0.4412736989171693,-1.0133247597008581,-1.5419146707492228,1.5580367365415795,-1.9300675430778265,0.20829169795186836,-0.4619997323770575,-0.22351623161652892,-0.7047204307332285,0.7170024033772157,0.7722377854413742,0.0,0.0
675,-0.1680539297918538,0.44116885080095214,-1.0133247597008581,0.4116423781638197,1.5580367365415795,0.7492527943628847,0.20829169795186836,-0.15043921921333844,1.1429585468251326,1.9349151317722242,0.7170024033772157,0.7722377854413742,0.0,0.0
676,-1.4471973209345863,-1.3479224465198205,-1.0133247597008581,-1.5419146707492228,0.06043877488129027,-0.5904073743574709,-0.9352705653132926,-1.0851207587044955,-1.1344994172443033,-0.7047204307332285,0.7170024033772157,0.7722377854413742,0.0,0.0
677,-0.5169112182853264,-1.8120955205495735,-1.0133247597008581,0.4116423781638197,-1.4371591867789992,-1.9300675430778265,1.3518539612170293,-1.0851207587044955,-1.1344994172443033,0.6150973505194979,0.7170024033772157,0.7722377854413742,0.0,0.0
678,-0.5169112182853264,-1.8120955205495735,-1.0133247597008581,0.4116423781638197,-1.4371591867789992,-1.9300675430778265,1.3518539612170293,-1.0851207587044955,-1.1344994172443033,-0.7047204307332285,0.7170024033772157,0.7722377854413742,0.0,0.0
679,0.465057445622226,0.5223551462595128,-0.9602135072737232,0.4116423781638197,0.06043877488129027,0.7492527943628847,0.20829169795186836,-0.15043921921333844,0.6874669540112455,1.9349151317722242,0.7170024033772157,0.7722377854413742,0.0,0.0
680,-0.0776094475898424,0.7991489007540297,-0.9602135072737232,2.3651994270768624,0.06043877488129027,2.0889129630832404,0.20829169795186836,0.7842423202778188,1.1429585468251326,-0.7047204307332285,0.7170024033772157,0.7722377854413742,0.0,0.0
681,1.343660987013194,-0.5403601873348578,-0.9602135072737232,0.4116423781638197,1.5580367365415795,0.7492527943628847,1.3518539612170293,1.718923859768976,-0.6790078244304162,0.6150973505194979,0.7170024033772157,-1.2949379308452873,0.0,0.0
682,-0.33372754816143535,-1.4497074305130688,-0.9602135072737232,-1.5419146707492228,-1.4371591867789992,-0.5904073743574709,-0.9352705653132926,-2.019802298195653,-1.5899910100581907,-0.7047204307332285,0.7170024033772157,0.7722377854413742,0.0,0.0
683,0.020587418800912832,-0.10408600229664455,-0.9602135072737232,0.4116423781638197,0.06043877488129027,0.7492527943628847,-2.078832828578453,1.0958028334415377,-0.6790078244304162,1.9349151317722242,0.7170024033772157,-1.2949379308452873,0.0,0.0
684,-0.3747841748250227,0.04380877046339996,-0.9602135072737232,-1.5419146707492228,-1.4371591867789992,-0.5904073743574709,-2.078832828578453,0.4726818071140997,-1.1344994172443033,0.6150973505194979,0.7170024033772157,0.7722377854413742,0.0,0.0
685,-0.21198410686140218,-1.8120955205495735,-0.9602135072737232,0.4116423781638197,-1.4371591867789992,-1.9300675430778265,1.3518539612170293,-1.0851207587044955,-1.1344994172443033,0.6150973505194979,0.7170024033772157,0.7722377854413742,0.0,0.0
686,1.8604865995961162,0.7991489007540297,-0.9602135072737232,2.3651994270768624,0.06043877488129027,2.0889129630832404,0.20829169795186836,0.7842423202778188,1.1429585468251326,-0.7047204307332285,0.7170024033772157,0.7722377854413742,0.0,0.0
687,1.8604865995961162,0.2304354707659634,-0.9602135072737232,-1.5419146707492228,1.5580367365415795,-0.5904073743574709,0.20829169795186836,0.4726818071140997,1.1429585468251326,-0.7047204307332285,0.7170024033772157,0.7722377854413742,0.0,0.0
688,0.4908987262513721,1.305869306507629,-0.9602135072737232,0.4116423781638197,0.06043877488129027,-0.5904073743574709,0.20829169795186836,-0.4619997323770575,0.23197536119735832,-0.7047204307332285,0.7170024033772157,0.7722377854413742,0.0,0.0
689,1.0335656194634404,0.3824668092565971,-0.9602135072737232,0.4116423781638197,1.5580367365415795,0.7492527943628847,0.20829169795186836,0.16112129395038063,0.23197536119735832,1.9349151317722242,0.7170024033772157,0.7722377854413742,0.0,0.0
690,0.697628971284541,-1.2918626425229427,-0.9602135072737232,0.4116423781638197,0.06043877488129027,-0.5904073743574709,-0.9352705653132926,1.0958028334415377,-1.1344994172443033,-0.7047204307332285,0.7170024033772157,-1.2949379308452873,0.0,0.0
691,-0.2843396926230113,-0.5403601873348578,-0.9602135072737232,0.4116423781638197,1.5580367365415795,0.7492527943628847,1.3518539612170293,1.718923859768976,-0.6790078244304162,0.6150973505194979,0.7170024033772157,-1.2949379308452873,0.0,0.0
692,-0.0776094475898424,-1.728821993438403,-0.9602135072737232,0.4116423781638197,-1.4371591867789992,-0.5904073743574709,1.3518539612170293,-0.7735602455407765,-1.1344994172443033,0.6150973505194979,0.7170024033772157,0.7722377854413742,0.0,0.0
693,-0.18097457010642684,0.04380877046339996,-0.9602135072737232,-1.5419146707492228,-1.4371591867789992,-0.5904073743574709,-2.078832828578453,0.4726818071140997,-1.1344994172443033,1.9349151317722242,0.7170024033772157,0.7722377854413742,0.0,0.0
694,-0.5169112182853264,1.7579056603707548,-0.9602135072737232,-1.5419146707492228,-1.4371591867789992,-1.9300675430778265,-2.078832828578453,-3.8891653771779673,0.23197536119735832,-0.7047204307332285,0.7170024033772157,0.7722377854413742,0.0,0.0
695,0.23248591995991097,0.04380877046339996,-0.9602135072737232,-1.5419146707492228,-1.4371591867789992,-0.5904073743574709,-2.078832828578453,0.4726818071140997,-1.1344994172443033,-0.7047204307332285,0.7170024033772157,0.7722377854413742,0.0,0.0
696,-0.3360222538813035,-0.6551776670125264,-0.9602135072737232,-1.5419146707492228,1.5580367365415795,-1.9300675430778265,1.3518539612170293,0.16112129395038063,-0.6790078244304162,-0.7047204307332285,0.7170024033772157,0.7722377854413742,0.0,0.0
697,-1.2533877162159905,-1.4497074305130688,-0.9602135072737232,-1.5419146707492228,-1.4371591867789992,-0.5904073743574709,-0.9352705653132926,-2.019802298195653,-1.5899910100581907,-0.7047204307332285,0.7170024033772157,0.7722377854413742,0.0,0.0
698,0.3358510424764954,0.5223551462595128,-0.9602135072737232,0.4116423781638197,0.06043877488129027,0.7492527943628847,0.20829169795186836,-0.15043921921333844,0.6874669540112455,-0.7047204307332285,0.7170024033772157,0.7722377854413742,0.0,0.0
699,-0.025926886331550172,0.04380877046339996,-0.9602135072737232,-1.5419146707492228,-1.4371591867789992,-0.5904073743574709,-2.078832828578453,0.4726818071140997,-1.1344994172443033,1.9349151317722242,0.7170024033772157,0.7722377854413742,0.0,0.0
700,0.697628971284541,0.5223551462595128,-0.9602135072737232,0.4116423781638197,0.06043877488129027,0.7492527943628847,0.20829169795186836,-0.15043921921333844,0.6874669540112455,1.9349151317722242,0.7170024033772157,0.7722377854413742,0.0,0.0
701,-0.3360222538813035,-1.3479224465198205,-0.9602135072737232,-1.5419146707492228,0.06043877488129027,-0.5904073743574709,-0.9352705653132926,-1.0851207587044955,-1.1344994172443033,-0.7047204307332285,0.7170024033772157,0.7722377854413742,0.0,0.0
702,-0.62544459692774,-1.4497074305130688,-0.9602135072737232,-1.5419146707492228,-1.4371591867789992,-0.5904073743574709,-0.9352705653132926,-2.019802298195653,-1.5899910100581907,-0.7047204307332285,0.7170024033772157,0.7722377854413742,0.0,0.0
703,-0.3360222538813035,0.44116885080095214,-0.9602135072737232,0.4116423781638197,1.5580367365415795,0.7492527943628847,0.20829169795186836,-0.15043921921333844,1.1429585468251326,-0.7047204307332285,0.7170024033772157,0.7722377854413742,0.0,0.0
704,-1.160648528294111,-1.2918626425229427,-0.9602135072737232,0.4116423781638197,0.06043877488129027,-0.5904073743574709,-0.9352705653132926,1.0958028334415377,-1.1344994172443033,0.6150973505194979,0.7170024033772157,-1.2949379308452873,0.0,0.0
705,-0.49158676326876316,-0.6551776670125264,-0.9602135072737232,-1.5419146707492228,1.5580367365415795,-1.9300675430778265,1.3518539612170293,0.16112129395038063,-0.6790078244304162,-0.7047204307332285,0.7170024033772157,0.7722377854413742,0.0,0.0
706,-0.41871435189457107,-1.4497074305130688,-0.9071022548465882,-1.5419146707492228,-1.4371591867789992,-0.5904073743574709,-0.9352705653132926,-2.019802298195653,-1.5899910100581907,-0.7047204307332285,0.7170024033772157,0.7722377854413742,0.0,0.0
707,0.41360228763347023,-0.5403601873348578,-0.9071022548465882,0.4116423781638197,1.5580367365415795,0.7492527943628847,1.3518539612170293,1.718923859768976,-0.6790078244304162,1.9349151317722242,0.7170024033772157,-1.2949379308452873,0.0,0.0
708,-0.5685937795436186,0.04380877046339996,-0.9071022548465882,-1.5419146707492228,-1.4371591867789992,-0.5904073743574709,-2.078832828578453,0.4726818071140997,-1.1344994172443033,0.6150973505194979,0.7170024033772157,0.7722377854413742,0.0,0.0
709,-0.5685937795436186,0.3824668092565971,-0.9071022548465882,0.4116423781638197,1.5580367365415795,0.7492527943628847,0.20829169795186836,0.16112129395038063,0.23197536119735832,-0.7047204307332285,0.7170024033772157,0.7722377854413742,0.0,0.0
710,1.2144545838674632,-1.8120955205495735,-0.9071022548465882,0.4116423781638197,-1.4371591867789992,-1.9300675430778265,1.3518539612170293,-1.0851207587044955,-1.1344994172443033,1.9349151317722242,0.7170024033772157,0.7722377854413742,0.0,0.0
711,0.24540656027448401,0.04380877046339996,-0.9071022548465882,-1.5419146707492228,-1.4371591867789992,-0.5904073743574709,-2.078832828578453,0.4726818071140997,-1.1344994172443033,1.9349151317722242,0.7170024033772157,0.7722377854413742,0.0,0.0
712,0.19372399901619178,-1.2918626425229427,-0.9071022548465882,0.4116423781638197,0.06043877488129027,-0.5904073743574709,-0.9352705653132926,1.0958028334415377,-1.1344994172443033,0.6150973505194979,0.7170024033772157,-1.2949379308452873,0.0,0.0
713,-0.41871435189457107,1.305869306507629,-0.9071022548465882,0.4116423781638197,0.06043877488129027,-0.5904073743574709,0.20829169795186836,-0.4619997323770575,0.23197536119735832,-0.7047204307332285,0.7170024033772157,0.7722377854413742,0.0,0.0
714,-0.1680539297918538,1.305869306507629,-0.9071022548465882,0.4116423781638197,0.06043877488129027,-0.5904073743574709,0.20829169795186836,-0.4619997323770575,0.23197536119735832,-0.7047204307332285,0.7170024033772157,0.7722377854413742,0.0,0.0
715,1.343660987013194,-1.728821993438403,-0.9071022548465882,0.4116423781638197,-1.4371591867789992,-0.5904073743574709,1.3518539612170293,-0.7735602455407765,-1.1344994172443033,1.9349151317722242,0.7170024033772157,0.7722377854413742,0.0,0.0
716,0.3875336037347876,0.44116885080095214,-0.9071022548465882,0.4116423781638197,1.5580367365415795,0.7492527943628847,0.20829169795186836,-0.15043921921333844,1.1429585468251326,3.25473291302495,0.7170024033772157,0.7722377854413742,0.0,0.0
717,0.40820662823810455,1.305869306507629,-0.9071022548465882,0.4116423781638197,0.06043877488129027,-0.5904073743574709,0.20829169795186836,-0.4619997323770575,0.23197536119735832,-0.7047204307332285,0.7170024033772157,0.7722377854413742,0.0,0.0
718,0.2841684812182032,-0.5403601873348578,-0.9071022548465882,0.4116423781638197,1.5580367365415795,0.7492527943628847,1.3518539612170293,1.718923859768976,-0.6790078244304162,0.6150973505194979,0.7170024033772157,-1.2949379308452873,0.0,0.0
719,-0.62544459692774,0.04380877046339996,-0.9071022548465882,-1.5419146707492228,-1.4371591867789992,-0.5904073743574709,-2.078832828578453,0.4726818071140997,-1.1344994172443033,-0.7047204307332285,0.7170024033772157,0.7722377854413742,0.0,0.0
720,1.2661371451257555,-0.5403601873348578,-0.9071022548465882,0.4116423781638197,1.5580367365415795,0.7492527943628847,1.3518539612170293,1.718923859768976,-0.6790078244304162,0.6150973505194979,0.7170024033772157,-1.2949379308452873,0.0,0.0
721,0.1291207974433265,0.04380877046339996,-0.9071022548465882,-1.5419146707492228,-1.4371591867789992,-0.5904073743574709,-2.078832828578453,0.4726818071140997,-1.1344994172443033,-0.7047204307332285,0.7170024033772157,0.7722377854413742,0.0,0.0
722,-0.41354609576874185,1.7579056603707548,-0.9071022548465882,-1.5419146707492228,-1.4371591867789992,-1.9300675430778265,-2.078832828578453,-3.8891653771779673,0.23197536119735832,0.6150973505194979,0.7170024033772157,0.7722377854413742,0.0,0.0
723,-0.8528478664642258,-1.3479224465198205,-0.9071022548465882,-1.5419146707492228,0.06043877488129027,-0.5904073743574709,-0.9352705653132926,-1.0851207587044955,-1.1344994172443033,1.9349151317722242,0.7170024033772157,0.7722377854413742,0.0,0.0
724,0.10327951681418039,-1.3479224465198205,-0.9071022548465882,-1.5419146707492228,0.06043877488129027,-0.5904073743574709,-0.9352705653132926,-1.0851207587044955,-1.1344994172443033,0.6150973505194979,0.7170024033772157,0.7722377854413742,0.0,0.0
725,-0.4652286570270341,0.04380877046339996,-0.9071022548465882,-1.5419146707492228,-1.4371591867789992,-0.5904073743574709,-2.078832828578453,0.4726818071140997,-1.1344994172443033,0.6150973505194979,0.7170024033772157,0.7722377854413742,0.0,0.0
726,-0.4652286570270341,1.305869306507629,-0.9071022548465882,0.4116423781638197,0.06043877488129027,-0.5904073743574709,0.20829169795186836,-0.4619997323770575,0.23197536119735832,-0.7047204307332285,0.7170024033772157,0.7722377854413742,0.0,0.0
727,-0.10345072821898851,0.04380877046339996,-0.9071022548465882,-1.5419146707492228,-1.4371591867789992,-0.5904073743574709,-2.078832828578453,0.4726818071140997,-1.1344994172443033,1.9349151317722242,0.7170024033772157,0.7722377854413742,0.0,0.0
728,0.3875336037347876,0.5223551462595128,-0.9071022548465882,0.4116423781638197,0.06043877488129027,0.7492527943628847,0.20829169795186836,-0.15043921921333844,0.6874669540112455,-0.7047204307332285,0.7170024033772157,0.7722377854413742,0.0,0.0
729,-1.4213560403054404,-1.4497074305130688,-0.9071022548465882,-1.5419146707492228,-1.4371591867789992,-0.5904073743574709,-0.9352705653132926,-2.019802298195653,-1.5899910100581907,-0.7047204307332285,0.7170024033772157,0.7722377854413742,0.0,0.0
730,-0.2584984119938652,-1.3479224465198205,-0.9071022548465882,-1.5419146707492228,0.06043877488129027,-0.5904073743574709,-0.9352705653132926,-1.0851207587044955,-1.1344994172443033,0.6150973505194979,0.7170024033772157,0.7722377854413742,0.0,0.0
731,-0.36186353451044967,0.3824668092565971,-0.9071022548465882,0.4116423781638197,1.5580367365415795,0.7492527943628847,0.20829169795186836,0.16112129395038063,0.23197536119735832,1.9349151317722242,0.7170024033772157,0.7722377854413742,0.0,0.0
732,-0.9355399644774933,0.04380877046339996,-0.9071022548465882,-1.5419146707492228,-1.4371591867789992,-0.5904073743574709,-2.078832828578453,0.4726818071140997,-1.1344994172443033,-0.7047204307332285,0.7170024033772157,0.7722377854413742,0.0,0.0
733,-0.8657685067787989,-0.10408600229664455,-0.9071022548465882,0.4116423781638197,0.06043877488129027,0.7492527943628847,-2.078832828578453,1.0958028334415377,-0.6790078244304162,1.9349151317722242,0.7170024033772157,-1.2949379308452873,0.0,0.0
734,-1.3179909177888558,-1.3479224465198205,-0.8539910024194534,-1.5419146707492228,0.06043877488129027,-0.5904073743574709,-0.9352705653132926,-1.0851207587044955,-1.1344994172443033,0.6150973505194979,0.7170024033772157,0.7722377854413742,0.0,0.0
735,-0.8270065858350797,-1.728821993438403,-0.8539910024194534,0.4116423781638197,-1.4371591867789992,-0.5904073743574709,1.3518539612170293,-0.7735602455407765,-1.1344994172443033,-0.7047204307332285,0.7170024033772157,0.7722377854413742,0.0,0.0
736,0.20664463933076485,0.7991489007540297,-0.8539910024194534,2.3651994270768624,0.06043877488129027,2.0889129630832404,0.20829169795186836,0.7842423202778188,1.1429585468251326,-0.7047204307332285,0.7170024033772157,0.7722377854413742,0.0,0.0
737,-1.3179909177888558,0.3824668092565971,-0.8539910024194534,0.4116423781638197,1.5580367365415795,0.7492527943628847,0.20829169795186836,0.16112129395038063,0.23197536119735832,-0.7047204307332285,0.7170024033772157,0.7722377854413742,0.0,0.0
738,1.9896930027418467,-1.8120955205495735,-0.8539910024194534,0.4116423781638197,-1.4371591867789992,-1.9300675430778265,1.3518539612170293,-1.0851207587044955,-1.1344994172443033,0.6150973505194979,0.7170024033772157,0.7722377854413742,0.0,0.0
739,-0.16030154560310997,0.6060927032090964,-0.8539910024194534,0.4116423781638197,0.06043877488129027,0.7492527943628847,0.20829169795186836,0.4726818071140997,1.1429585468251326,-0.7047204307332285,,-1.2949379308452873,0.0,0.0
740,-0.7236414633184952,-1.3479224465198205,-0.8539910024194534,-1.5419146707492228,0.06043877488129027,-0.5904073743574709,-0.9352705653132926,-1.0851207587044955,-1.1344994172443033,0.6150973505194979,0.7170024033772157,0.7722377854413742,0.0,0.0
741,-0.36186353451044967,0.7991489007540297,-0.8539910024194534,2.3651994270768624,0.06043877488129027,2.0889129630832404,0.20829169795186836,0.7842423202778188,1.1429585468251326,-0.7047204307332285,0.7170024033772157,0.7722377854413742,0.0,0.0
742,1.5216764010112556,0.44116885080095214,-0.8539910024194534,0.4116423781638197,1.5580367365415795,0.7492527943628847,0.20829169795186836,-0.15043921921333844,1.1429585468251326,3.25473291302495,0.7170024033772157,0.7722377854413742,0.0,0.0
743,0.5684225681388104,-1.4497074305130688,-0.8539910024194534,-1.5419146707492228,-1.4371591867789992,-0.5904073743574709,-0.9352705653132926,-2.019802298195653,-1.5899910100581907,-0.7047204307332285,0.7170024033772157,0.7722377854413742,0.0,0.0
744,-1.369673479047148,0.3824668092565971,-0.8539910024194534,0.4116423781638197,1.5580367365415795,0.7492527943628847,0.20829169795186836,0.16112129395038063,0.23197536119735832,-0.7047204307332285,0.7170024033772157,0.7722377854413742,0.0,0.0
745,-0.4652286570270341,0.04380877046339996,-0.8539910024194534,-1.5419146707492228,-1.4371591867789992,-0.5904073743574709,-2.078832828578453,0.4726818071140997,-1.1344994172443033,1.9349151317722242,0.7170024033772157,0.7722377854413742,0.0,0.0
746,-0.8270065858350797,0.04380877046339996,-0.8539910024194534,-1.5419146707492228,-1.4371591867789992,-0.5904073743574709,-2.078832828578453,0.4726818071140997,-1.1344994172443033,1.9349151317722242,0.7170024033772157,0.7722377854413742,0.0,0.0
747,-0.1486729693199942,0.04380877046339996,-0.8539910024194534,-1.5419146707492228,-1.4371591867789992,-0.5904073743574709,-2.078832828578453,0.4726818071140997,-1.1344994172443033,0.6150973505194979,0.7170024033772157,0.7722377854413742,0.0,0.0
748,-1.1629432340139791,-1.8120955205495735,-0.8539910024194534,0.4116423781638197,-1.4371591867789992,-1.9300675430778265,1.3518539612170293,-1.0851207587044955,-1.1344994172443033,-0.7047204307332285,0.7170024033772157,0.7722377854413742,0.0,0.0
749,-1.0337368308682486,-1.8120955205495735,-0.8539910024194534,0.4116423781638197,-1.4371591867789992,-1.9300675430778265,1.3518539612170293,-1.0851207587044955,-1.1344994172443033,0.6150973505194979,0.7170024033772157,0.7722377854413742,0.0,0.0
750,0.279000225092374,-0.5403601873348578,-0.8539910024194534,0.4116423781638197,1.5580367365415795,0.7492527943628847,1.3518539612170293,1.718923859768976,-0.6790078244304162,0.6150973505194979,0.7170024033772157,-1.2949379308452873,0.0,0.0
751,1.0852481807217327,1.305869306507629,-0.8539910024194534,0.4116423781638197,0.06043877488129027,-0.5904073743574709,0.20829169795186836,-0.4619997323770575,0.23197536119735832,-0.7047204307332285,0.7170024033772157,0.7722377854413742,0.0,0.0
752,-0.025926886331550172,-1.2918626425229427,-0.8539910024194534,0.4116423781638197,0.06043877488129027,-0.5904073743574709,-0.9352705653132926,1.0958028334415377,-1.1344994172443033,-0.7047204307332285,0.7170024033772157,-1.2949379308452873,0.0,0.0
753,0.7699845570461501,0.3824668092565971,-0.8539910024194534,0.4116423781638197,1.5580367365415795,0.7492527943628847,0.20829169795186836,0.16112129395038063,0.23197536119735832,1.9349151317722242,0.7170024033772157,0.7722377854413742,0.0,0.0
754,-0.2584984119938652,-1.4497074305130688,-0.8539910024194534,-1.5419146707492228,-1.4371591867789992,-0.5904073743574709,-0.9352705653132926,-2.019802298195653,-1.5899910100581907,-0.7047204307332285,0.7170024033772157,0.7722377854413742,0.0,0.0
755,0.05159695555588817,-1.8120955205495735,-0.8539910024194534,0.4116423781638197,-1.4371591867789992,-1.9300675430778265,1.3518539612170293,-1.0851207587044955,-1.1344994172443033,1.9349151317722242,0.7170024033772157,0.7722377854413742,0.0,0.0
756,-1.175863874328552,-0.5403601873348578,-0.8539910024194534,0.4116423781638197,1.5580367365415795,0.7492527943628847,1.3518539612170293,1.718923859768976,-0.6790078244304162,0.6150973505194979,0.7170024033772157,-1.2949379308452873,0.0,0.0
757,-0.6073557004873377,0.04380877046339996,-0.8539910024194534,-1.5419146707492228,-1.4371591867789992,-0.5904073743574709,-2.078832828578453,0.4726818071140997,-1.1344994172443033,-0.7047204307332285,0.7170024033772157,0.7722377854413742,0.0,0.0
758,-0.2895079487488405,0.6060927032090964,-0.8539910024194534,0.4116423781638197,0.06043877488129027,0.7492527943628847,0.20829169795186836,0.4726818071140997,1.1429585468251326,-0.7047204307332285,,-1.2949379308452873,0.0,0.0
759,1.0542386439667573,0.2304354707659634,-0.8539910024194534,-1.5419146707492228,1.5580367365415795,-0.5904073743574709,0.20829169795186836,0.4726818071140997,1.1429585468251326,-0.7047204307332285,0.7170024033772157,0.7722377854413742,0.0,0.0
760,0.7493115325428332,-1.4497074305130688,-0.8539910024194534,-1.5419146707492228,-1.4371591867789992,-0.5904073743574709,-0.9352705653132926,-2.019802298195653,-1.5899910100581907,-0.7047204307332285,0.7170024033772157,0.7722377854413742,0.0,0.0
761,0.2841684812182032,-0.5403601873348578,-0.8539910024194534,0.4116423781638197,1.5580367365415795,0.7492527943628847,1.3518539612170293,1.718923859768976,-0.6790078244304162,0.6150973505194979,0.7170024033772157,-1.2949379308452873,0.0,0.0
762,-0.5427524989144724,0.04380877046339996,-0.8539910024194534,-1.5419146707492228,-1.4371591867789992,-0.5904073743574709,-2.078832828578453,0.4726818071140997,-1.1344994172443033,1.9349151317722242,0.7170024033772157,0.7722377854413742,0.0,0.0
763,-0.38770481513959576,0.3824668092565971,-0.8539910024194534,0.4116423781638197,1.5580367365415795,0.7492527943628847,0.20829169795186836,0.16112129395038063,0.23197536119735832,-0.7047204307332285,0.7170024033772157,0.7722377854413742,0.0,0.0
764,0.18080335870161873,0.3824668092565971,-0.8539910024194534,0.4116423781638197,1.5580367365415795,0.7492527943628847,0.20829169795186836,0.16112129395038063,0.23197536119735832,1.9349151317722242,0.7170024033772157,0.7722377854413742,0.0,0.0
765,-0.23553068177068012,1.7579056603707548,-0.8539910024194534,-1.5419146707492228,-1.4371591867789992,-1.9300675430778265,-2.078832828578453,-3.8891653771779673,0.23197536119735832,-0.7047204307332285,0.7170024033772157,0.7722377854413742,0.0,0.0
766,0.15496207807247261,-1.4497074305130688,-0.8539910024194534,-1.5419146707492228,-1.4371591867789992,-0.5904073743574709,-0.9352705653132926,-2.019802298195653,-1.5899910100581907,-0.7047204307332285,0.7170024033772157,0.7722377854413742,0.0,0.0
767,-0.8838574032192011,0.04380877046339996,-0.8539910024194534,-1.5419146707492228,-1.4371591867789992,-0.5904073743574709,-2.078832828578453,0.4726818071140997,-1.1344994172443033,0.6150973505194979,0.7170024033772157,0.7722377854413742,0.0,0.0
768,1.2919784257549016,-0.5403601873348578,-0.8008797499923184,0.4116423781638197,1.5580367365415795,0.7492527943628847,1.3518539612170293,1.718923859768976,-0.6790078244304162,0.6150973505194979,0.7170024033772157,-1.2949379308452873,0.0,0.0
769,1.0077243388342945,0.2304354707659634,-0.8008797499923184,-1.5419146707492228,1.5580367365415795,-0.5904073743574709,0.20829169795186836,0.4726818071140997,1.1429585468251326,-0.7047204307332285,0.7170024033772157,0.7722377854413742,0.0,0.0
770,-1.2146257952722714,-1.8120955205495735,-0.8008797499923184,0.4116423781638197,-1.4371591867789992,-1.9300675430778265,1.3518539612170293,-1.0851207587044955,-1.1344994172443033,-0.7047204307332285,0.7170024033772157,0.7722377854413742,0.0,0.0
771,-0.439387376397888,0.3824668092565971,-0.8008797499923184,0.4116423781638197,1.5580367365415795,0.7492527943628847,0.20829169795186836,0.16112129395038063,0.23197536119735832,-0.7047204307332285,0.7170024033772157,0.7722377854413742,0.0,0.0
772,0.6459464100262488,0.3465271102785743,-0.8008797499923184,0.4116423781638197,1.5580367365415795,0.7492527943628847,0.20829169795186836,0.16112129395038063,0.6874669540112455,-0.7047204307332285,0.7170024033772157,0.7722377854413742,0.0,0.0
773,-0.14221264916270768,0.3465271102785743,-0.8008797499923184,0.4116423781638197,1.5580367365415795,0.7492527943628847,0.20829169795186836,0.16112129395038063,0.6874669540112455,-0.7047204307332285,0.7170024033772157,0.7722377854413742,0.0,0.0
774,0.3875336037347876,-0.5403601873348578,-0.8008797499923184,0.4116423781638197,1.5580367365415795,0.7492527943628847,1.3518539612170293,1.718923859768976,-0.6790078244304162,1.9349151317722242,0.7170024033772157,-1.2949379308452873,0.0,0.0
775,0.25832720058905706,-1.3479224465198205,-0.8008797499923184,-1.5419146707492228,0.06043877488129027,-0.5904073743574709,-0.9352705653132926,-1.0851207587044955,-1.1344994172443033,-0.7047204307332285,0.7170024033772157,0.7722377854413742,0.0,0.0
776,2.2429375529074784,0.7991489007540297,-0.8008797499923184,2.3651994270768624,0.06043877488129027,2.0889129630832404,0.20829169795186836,0.7842423202778188,1.1429585468251326,-0.7047204307332285,0.7170024033772157,0.7722377854413742,0.0,0.0
777,-0.6331969811164838,0.44116885080095214,-0.8008797499923184,0.4116423781638197,1.5580367365415795,0.7492527943628847,0.20829169795186836,-0.15043921921333844,1.1429585468251326,1.9349151317722242,0.7170024033772157,0.7722377854413742,0.0,0.0
778,1.2661371451257555,-1.3479224465198205,-0.8008797499923184,-1.5419146707492228,0.06043877488129027,-0.5904073743574709,-0.9352705653132926,-1.0851207587044955,-1.1344994172443033,1.9349151317722242,0.7170024033772157,0.7722377854413742,0.0,0.0
779,-0.2843396926230113,0.3824668092565971,-0.8008797499923184,0.4116423781638197,1.5580367365415795,0.7492527943628847,0.20829169795186836,0.16112129395038063,0.23197536119735832,1.9349151317722242,0.7170024033772157,0.7722377854413742,0.0,0.0
780,-0.5944350601727647,0.3824668092565971,-0.8008797499923184,0.4116423781638197,1.5580367365415795,0.7492527943628847,0.20829169795186836,0.16112129395038063,0.23197536119735832,-0.7047204307332285,0.7170024033772157,0.7722377854413742,0.0,0.0
781,-0.858016122590055,0.04380877046339996,-0.8008797499923184,-1.5419146707492228,-1.4371591867789992,-0.5904073743574709,-2.078832828578453,0.4726818071140997,-1.1344994172443033,0.6150973505194979,0.7170024033772157,0.7722377854413742,0.0,0.0
782,-0.38770481513959576,0.3824668092565971,-0.8008797499923184,0.4116423781638197,1.5580367365415795,0.7492527943628847,0.20829169795186836,0.16112129395038063,0.23197536119735832,0.6150973505194979,0.7170024033772157,0.7722377854413742,0.0,0.0
783,-0.010422117954062504,0.5223551462595128,-0.8008797499923184,0.4116423781638197,0.06043877488129027,0.7492527943628847,0.20829169795186836,-0.15043921921333844,0.6874669540112455,-0.7047204307332285,0.7170024033772157,0.7722377854413742,0.0,0.0
784,-0.671958902060203,-0.5403601873348578,-0.8008797499923184,0.4116423781638197,1.5580367365415795,0.7492527943628847,1.3518539612170293,1.718923859768976,-0.6790078244304162,0.6150973505194979,0.7170024033772157,-1.2949379308452873,0.0,0.0
785,1.136930741980025,-1.8120955205495735,-0.8008797499923184,0.4116423781638197,-1.4371591867789992,-1.9300675430778265,1.3518539612170293,-1.0851207587044955,-1.1344994172443033,0.6150973505194979,0.7170024033772157,0.7722377854413742,0.0,0.0
786,0.9560417775760022,-1.8120955205495735,-0.8008797499923184,0.4116423781638197,-1.4371591867789992,-1.9300675430778265,1.3518539612170293,-1.0851207587044955,-1.1344994172443033,0.6150973505194979,0.7170024033772157,0.7722377854413742,0.0,0.0
787,-0.9820542696099563,-1.728821993438403,-0.8008797499923184,0.4116423781638197,-1.4371591867789992,-0.5904073743574709,1.3518539612170293,-0.7735602455407765,-1.1344994172443033,-0.7047204307332285,0.7170024033772157,0.7722377854413742,0.0,0.0
788,1.343660987013194,0.2304354707659634,-0.8008797499923184,-1.5419146707492228,1.5580367365415795,-0.5904073743574709,0.20829169795186836,0.4726818071140997,1.1429585468251326,-0.7047204307332285,0.7170024033772157,0.7722377854413742,0.0,0.0
789,-0.031095142457379394,-1.3479224465198205,-0.8008797499923184,-1.5419146707492228,0.06043877488129027,-0.5904073743574709,-0.9352705653132926,-1.0851207587044955,-1.1344994172443033,-0.7047204307332285,0.7170024033772157,0.7722377854413742,0.0,0.0
790,0.697628971284541,-1.4497074305130688,-0.8008797499923184,-1.5419146707492228,-1.4371591867789992,-0.5904073743574709,-0.9352705653132926,-2.019802298195653,-1.5899910100581907,-0.7047204307332285,0.7170024033772157,0.7722377854413742,0.0,0.0
791,-0.8838574032192011,-1.3479224465198205,-0.8008797499923184,-1.5419146707492228,0.06043877488129027,-0.5904073743574709,-0.9352705653132926,-1.0851207587044955,-1.1344994172443033,-0.7047204307332285,0.7170024033772157,0.7722377854413742,0.0,0.0
792,-1.1689745889128218,-0.5403601873348578,-0.7477684975651835,0.4116423781638197,1.5580367365415795,0.7492527943628847,1.3518539612170293,1.718923859768976,-0.6790078244304162,0.6150973505194979,0.7170024033772157,-1.2949379308452873,0.0,0.0
793,-0.9562129889808102,0.04380877046339996,-0.7477684975651835,-1.5419146707492228,-1.4371591867789992,-0.5904073743574709,-2.078832828578453,0.4726818071140997,-1.1344994172443033,-0.7047204307332285,0.7170024033772157,0.7722377854413742,0.0,0.0
794,-0.5169112182853264,-1.3479224465198205,-0.7477684975651835,-1.5419146707492228,0.06043877488129027,-0.5904073743574709,-0.9352705653132926,-1.0851207587044955,-1.1344994172443033,-0.7047204307332285,0.7170024033772157,0.7722377854413742,0.0,0.0
795,-1.085419392126541,-1.8120955205495735,-0.7477684975651835,0.4116423781638197,-1.4371591867789992,-1.9300675430778265,1.3518539612170293,-1.0851207587044955,-1.1344994172443033,0.6150973505194979,0.7170024033772157,0.7722377854413742,0.0,0.0
796,-0.31018097325215743,-1.728821993438403,-0.7477684975651835,0.4116423781638197,-1.4371591867789992,-0.5904073743574709,1.3518539612170293,-0.7735602455407765,-1.1344994172443033,-0.7047204307332285,0.7170024033772157,0.7722377854413742,0.0,0.0
797,1.3048990660694746,0.2304354707659634,-0.7477684975651835,-1.5419146707492228,1.5580367365415795,-0.5904073743574709,0.20829169795186836,0.4726818071140997,1.1429585468251326,-0.7047204307332285,0.7170024033772157,0.7722377854413742,0.0,0.0
798,1.4728673901589244,-1.4497074305130688,-0.7477684975651835,-1.5419146707492228,-1.4371591867789992,-0.5904073743574709,-0.9352705653132926,-2.019802298195653,-1.5899910100581907,-0.7047204307332285,0.7170024033772157,0.7722377854413742,0.0,0.0
799,0.20147638320493563,0.04380877046339996,-0.7477684975651835,-1.5419146707492228,-1.4371591867789992,-0.5904073743574709,-2.078832828578453,0.4726818071140997,-1.1344994172443033,1.9349151317722242,0.7170024033772157,0.7722377854413742,0.0,0.0
800,0.697628971284541,0.3824668092565971,-0.7477684975651835,0.4116423781638197,1.5580367365415795,0.7492527943628847,0.20829169795186836,0.16112129395038063,0.23197536119735832,1.9349151317722242,0.7170024033772157,0.7722377854413742,0.0,0.0
801,1.0025560827084652,-1.4497074305130688,-0.7477684975651835,-1.5419146707492228,-1.4371591867789992,-0.5904073743574709,-0.9352705653132926,-2.019802298195653,-1.5899910100581907,-0.7047204307332285,0.7170024033772157,0.7722377854413742,0.0,0.0
802,0.697628971284541,0.3824668092565971,-0.7477684975651835,0.4116423781638197,1.5580367365415795,0.7492527943628847,0.20829169795186836,0.16112129395038063,0.23197536119735832,1.9349151317722242,0.7170024033772157,0.7722377854413742,0.0,0.0
803,0.10327951681418039,-1.3479224465198205,-0.7477684975651835,-1.5419146707492228,0.06043877488129027,-0.5904073743574709,-0.9352705653132926,-1.0851207587044955,-1.1344994172443033,0.6150973505194979,0.7170024033772157,0.7722377854413742,0.0,0.0
804,-8.560570240405939e-05,-0.4714789280978181,-0.7477684975651835,-1.5419146707492228,1.5580367365415795,-1.9300675430778265,0.20829169795186836,0.7842423202778188,-0.22351623161652892,-0.7047204307332285,0.7170024033772157,-1.2949379308452873,0.0,0.0
805,-0.40837783964291263,0.7991489007540297,-0.7477684975651835,2.3651994270768624,0.06043877488129027,2.0889129630832404,0.20829169795186836,0.7842423202778188,1.1429585468251326,-0.7047204307332285,0.7170024033772157,0.7722377854413742,0.0,0.0
806,0.3186226606810437,0.3465271102785743,-0.7477684975651835,0.4116423781638197,1.5580367365415795,0.7492527943628847,0.20829169795186836,0.16112129395038063,0.6874669540112455,-0.7047204307332285,0.7170024033772157,0.7722377854413742,0.0,0.0
807,-1.2792289968451367,-0.10408600229664455,-0.7477684975651835,0.4116423781638197,0.06043877488129027,0.7492527943628847,-2.078832828578453,1.0958028334415377,-0.6790078244304162,1.9349151317722242,0.7170024033772157,-1.2949379308452873,0.0,0.0
808,0.8268353744302716,-1.4497074305130688,-0.7477684975651835,-1.5419146707492228,-1.4371591867789992,-0.5904073743574709,-0.9352705653132926,-2.019802298195653,-1.5899910100581907,-0.7047204307332285,0.7170024033772157,0.7722377854413742,0.0,0.0
809,0.36169232310564153,0.7991489007540297,-0.7477684975651835,2.3651994270768624,0.06043877488129027,2.0889129630832404,0.20829169795186836,0.7842423202778188,1.1429585468251326,-0.7047204307332285,0.7170024033772157,0.7722377854413742,0.0,0.0
810,0.24540656027448401,1.305869306507629,-0.7477684975651835,0.4116423781638197,0.06043877488129027,-0.5904073743574709,0.20829169795186836,-0.4619997323770575,0.23197536119735832,-0.7047204307332285,0.7170024033772157,0.7722377854413742,0.0,0.0
811,-1.137101953384833,-1.8120955205495735,-0.7477684975651835,0.4116423781638197,-1.4371591867789992,-1.9300675430778265,1.3518539612170293,-1.0851207587044955,-1.1344994172443033,1.9349151317722242,0.7170024033772157,0.7722377854413742,0.0,0.0
812,-0.8786891470933719,-0.6551776670125264,-0.7477684975651835,-1.5419146707492228,1.5580367365415795,-1.9300675430778265,1.3518539612170293,0.16112129395038063,-0.6790078244304162,-0.7047204307332285,0.7170024033772157,0.7722377854413742,0.0,0.0
813,-0.10861898434481773,1.305869306507629,-0.7477684975651835,0.4116423781638197,0.06043877488129027,-0.5904073743574709,0.20829169795186836,-0.4619997323770575,0.23197536119735832,-0.7047204307332285,0.7170024033772157,0.7722377854413742,0.0,0.0
814,0.16529859032413108,0.04380877046339996,-0.7477684975651835,-1.5419146707492228,-1.4371591867789992,-0.5904073743574709,-2.078832828578453,0.4726818071140997,-1.1344994172443033,1.9349151317722242,0.7170024033772157,0.7722377854413742,0.0,0.0
815,0.035802764835354065,0.44116885080095214,-0.7477684975651835,0.4116423781638197,1.5580367365415795,0.7492527943628847,0.20829169795186836,-0.15043921921333844,1.1429585468251326,0.6150973505194979,0.7170024033772157,0.7722377854413742,0.0,0.0
816,0.7751528131719794,-1.2918626425229427,-0.7477684975651835,0.4116423781638197,0.06043877488129027,-0.5904073743574709,-0.9352705653132926,1.0958028334415377,-1.1344994172443033,0.6150973505194979,0.7170024033772157,-1.2949379308452873,0.0,0.0
817,-0.20681585073557296,1.305869306507629,-0.6946572451380485,0.4116423781638197,0.06043877488129027,-0.5904073743574709,0.20829169795186836,-0.4619997323770575,0.23197536119735832,-0.7047204307332285,0.7170024033772157,0.7722377854413742,0.0,0.0
818,-0.5944350601727647,-1.4497074305130688,-0.6946572451380485,-1.5419146707492228,-1.4371591867789992,-0.5904073743574709,-0.9352705653132926,-2.019802298195653,-1.5899910100581907,-0.7047204307332285,0.7170024033772157,0.7722377854413742,0.0,0.0
819,0.09811126068835117,-1.3479224465198205,-0.6946572451380485,-1.5419146707492228,0.06043877488129027,-0.5904073743574709,-0.9352705653132926,-1.0851207587044955,-1.1344994172443033,0.6150973505194979,0.7170024033772157,0.7722377854413742,0.0,0.0
820,-0.6978001826893491,-1.4497074305130688,-0.6946572451380485,-1.5419146707492228,-1.4371591867789992,-0.5904073743574709,-0.9352705653132926,-2.019802298195653,-1.5899910100581907,-0.7047204307332285,0.7170024033772157,0.7722377854413742,0.0,0.0
821,1.2144545838674632,-1.8120955205495735,-0.6946572451380485,0.4116423781638197,-1.4371591867789992,-1.9300675430778265,1.3518539612170293,-1.0851207587044955,-1.1344994172443033,-0.7047204307332285,0.7170024033772157,0.7722377854413742,0.0,0.0
822,-1.3955147596762942,-1.3479224465198205,-0.6946572451380485,-1.5419146707492228,0.06043877488129027,-0.5904073743574709,-0.9352705653132926,-1.0851207587044955,-1.1344994172443033,0.6150973505194979,0.7170024033772157,0.7722377854413742,0.0,0.0
823,-0.6978001826893491,0.3824668092565971,-0.6946572451380485,0.4116423781638197,1.5580367365415795,0.7492527943628847,0.20829169795186836,0.16112129395038063,0.23197536119735832,1.9349151317722242,0.7170024033772157,0.7722377854413742,0.0,0.0
824,-0.5298318585998993,1.7579056603707548,-0.6946572451380485,-1.5419146707492228,-1.4371591867789992,-1.9300675430778265,-2.078832828578453,-3.8891653771779673,0.23197536119735832,-0.7047204307332285,0.7170024033772157,0.7722377854413742,0.0,0.0
825,-0.5944350601727647,-0.5403601873348578,-0.6946572451380485,0.4116423781638197,1.5580367365415795,0.7492527943628847,1.3518539612170293,1.718923859768976,-0.6790078244304162,0.6150973505194979,0.7170024033772157,-1.2949379308452873,0.0,0.0
826,-0.6512858775568862,-0.5403601873348578,-0.6946572451380485,0.4116423781638197,1.5580367365415795,0.7492527943628847,1.3518539612170293,1.718923859768976,-0.6790078244304162,0.6150973505194979,0.7170024033772157,-1.2949379308452873,0.0,0.0
827,-0.9562129889808102,0.04380877046339996,-0.6946572451380485,-1.5419146707492228,-1.4371591867789992,-0.5904073743574709,-2.078832828578453,0.4726818071140997,-1.1344994172443033,-0.7047204307332285,0.7170024033772157,0.7722377854413742,0.0,0.0
828,0.36169232310564153,-1.8120955205495735,-0.6946572451380485,0.4116423781638197,-1.4371591867789992,-1.9300675430778265,1.3518539612170293,-1.0851207587044955,-1.1344994172443033,0.6150973505194979,0.7170024033772157,0.7722377854413742,0.0,0.0
829,-0.15513328947728075,0.04380877046339996,-0.6946572451380485,-1.5419146707492228,-1.4371591867789992,-0.5904073743574709,-2.078832828578453,0.4726818071140997,-1.1344994172443033,0.6150973505194979,0.7170024033772157,0.7722377854413742,0.0,0.0
830,1.1110894613508788,-1.4497074305130688,-0.6946572451380485,-1.5419146707492228,-1.4371591867789992,-0.5904073743574709,-0.9352705653132926,-2.019802298195653,-1.5899910100581907,-0.7047204307332285,0.7170024033772157,0.7722377854413742,0.0,0.0
831,0.4908987262513721,1.305869306507629,-0.6946572451380485,0.4116423781638197,0.06043877488129027,-0.5904073743574709,0.20829169795186836,-0.4619997323770575,0.23197536119735832,-0.7047204307332285,0.7170024033772157,0.7722377854413742,0.0,0.0
832,-1.3128226616630265,-1.3479224465198205,-0.6946572451380485,-1.5419146707492228,0.06043877488129027,-0.5904073743574709,-0.9352705653132926,-1.0851207587044955,-1.1344994172443033,0.6150973505194979,0.7170024033772157,0.7722377854413742,0.0,0.0
833,-0.7546510000734705,-1.728821993438403,-0.6946572451380485,0.4116423781638197,-1.4371591867789992,-0.5904073743574709,1.3518539612170293,-0.7735602455407765,-1.1344994172443033,-0.7047204307332285,0.7170024033772157,0.7722377854413742,0.0,0.0
834,-0.18097457010642684,-0.6551776670125264,-0.6946572451380485,-1.5419146707492228,1.5580367365415795,-1.9300675430778265,1.3518539612170293,0.16112129395038063,-0.6790078244304162,-0.7047204307332285,0.7170024033772157,0.7722377854413742,0.0,0.0
835,1.343660987013194,-0.5403601873348578,-0.6946572451380485,0.4116423781638197,1.5580367365415795,0.7492527943628847,1.3518539612170293,1.718923859768976,-0.6790078244304162,-0.7047204307332285,0.7170024033772157,-1.2949379308452873,0.0,0.0
836,-0.5427524989144724,0.04380877046339996,-0.6946572451380485,-1.5419146707492228,-1.4371591867789992,-0.5904073743574709,-2.078832828578453,0.4726818071140997,-1.1344994172443033,1.9349151317722242,0.7170024033772157,0.7722377854413742,0.0,0.0
837,0.8009940938011254,-1.8120955205495735,-0.6946572451380485,0.4116423781638197,-1.4371591867789992,-1.9300675430778265,1.3518539612170293,-1.0851207587044955,-1.1344994172443033,1.9349151317722242,0.7170024033772157,0.7722377854413742,0.0,0.0
838,-0.671958902060203,0.04380877046339996,-0.6415459927109136,-1.5419146707492228,-1.4371591867789992,-0.5904073743574709,-2.078832828578453,0.4726818071140997,-1.1344994172443033,-0.7047204307332285,0.7170024033772157,0.7722377854413742,0.0,0.0
839,-0.7624033842622144,-1.3479224465198205,-0.6415459927109136,-1.5419146707492228,0.06043877488129027,-0.5904073743574709,-0.9352705653132926,-1.0851207587044955,-1.1344994172443033,-0.7047204307332285,0.7170024033772157,0.7722377854413742,0.0,0.0
840,0.07743823618503429,0.04380877046339996,-0.6415459927109136,-1.5419146707492228,-1.4371591867789992,-0.5904073743574709,-2.078832828578453,0.4726818071140997,-1.1344994172443033,-0.7047204307332285,0.7170024033772157,0.7722377854413742,0.0,0.0
841,0.3875336037347876,0.3824668092565971,-0.6415459927109136,0.4116423781638197,1.5580367365415795,0.7492527943628847,0.20829169795186836,0.16112129395038063,0.23197536119735832,1.9349151317722242,0.7170024033772157,0.7722377854413742,0.0,0.0
842,-0.9303717083516642,0.04380877046339996,-0.6415459927109136,-1.5419146707492228,-1.4371591867789992,-0.5904073743574709,-2.078832828578453,0.4726818071140997,-1.1344994172443033,0.6150973505194979,0.7170024033772157,0.7722377854413742,0.0,0.0
843,0.022882124520781005,0.7991489007540297,-0.6415459927109136,2.3651994270768624,0.06043877488129027,2.0889129630832404,0.20829169795186836,0.7842423202778188,1.1429585468251326,-0.7047204307332285,0.7170024033772157,0.7722377854413742,0.0,0.0
844,-0.6461176214310569,0.04380877046339996,-0.6415459927109136,-1.5419146707492228,-1.4371591867789992,-0.5904073743574709,-2.078832828578453,0.4726818071140997,-1.1344994172443033,-0.7047204307332285,0.7170024033772157,0.7722377854413742,0.0,0.0
845,0.05159695555588817,-0.4412736989171693,-0.6415459927109136,-1.5419146707492228,1.5580367365415795,-1.9300675430778265,0.20829169795186836,-0.4619997323770575,-0.22351623161652892,-0.7047204307332285,0.7170024033772157,0.7722377854413742,0.0,0.0
846,-0.5944350601727647,0.04380877046339996,-0.6415459927109136,-1.5419146707492228,-1.4371591867789992,-0.5904073743574709,-2.078832828578453,0.4726818071140997,-1.1344994172443033,0.6150973505194979,0.7170024033772157,0.7722377854413742,0.0,0.0
847,0.6172315789911416,-1.8120955205495735,-0.6415459927109136,0.4116423781638197,-1.4371591867789992,-1.9300675430778265,1.3518539612170293,-1.0851207587044955,-1.1344994172443033,-0.7047204307332285,0.7170024033772157,0.7722377854413742,0.0,0.0
848,-0.12929200884813463,0.3824668092565971,-0.6415459927109136,0.4116423781638197,1.5580367365415795,0.7492527943628847,0.20829169795186836,0.16112129395038063,0.23197536119735832,0.6150973505194979,0.7170024033772157,0.7722377854413742,0.0,0.0
849,-0.6461176214310569,1.305869306507629,-0.6415459927109136,0.4116423781638197,0.06043877488129027,-0.5904073743574709,0.20829169795186836,-0.4619997323770575,0.23197536119735832,-0.7047204307332285,0.7170024033772157,0.7722377854413742,0.0,0.0
850,-0.5479207550403017,-1.4497074305130688,-0.6415459927109136,-1.5419146707492228,-1.4371591867789992,-0.5904073743574709,-0.9352705653132926,-2.019802298195653,-1.5899910100581907,-0.7047204307332285,0.7170024033772157,0.7722377854413742,0.0,0.0
851,1.3255720905727915,-0.5403601873348578,-0.6415459927109136,0.4116423781638197,1.5580367365415795,0.7492527943628847,1.3518539612170293,1.718923859768976,-0.6790078244304162,0.6150973505194979,0.7170024033772157,-1.2949379308452873,0.0,0.0
852,0.7958258376752962,-1.8120955205495735,-0.6415459927109136,0.4116423781638197,-1.4371591867789992,-1.9300675430778265,1.3518539612170293,-1.0851207587044955,-1.1344994172443033,-0.7047204307332285,0.7170024033772157,0.7722377854413742,0.0,0.0
853,0.3100097618473493,-0.10408600229664455,-0.6415459927109136,0.4116423781638197,0.06043877488129027,0.7492527943628847,-2.078832828578453,1.0958028334415377,-0.6790078244304162,0.6150973505194979,0.7170024033772157,-1.2949379308452873,0.0,0.0
854,-0.2843396926230113,0.04380877046339996,-0.6415459927109136,-1.5419146707492228,-1.4371591867789992,-0.5904073743574709,-2.078832828578453,0.4726818071140997,-1.1344994172443033,1.9349151317722242,0.7170024033772157,0.7722377854413742,0.0,0.0
855,-0.15513328947728075,0.04380877046339996,-0.6415459927109136,-1.5419146707492228,-1.4371591867789992,-0.5904073743574709,-2.078832828578453,0.4726818071140997,-1.1344994172443033,0.6150973505194979,0.7170024033772157,0.7722377854413742,0.0,0.0
856,-0.6202763408019107,1.305869306507629,-0.6415459927109136,0.4116423781638197,0.06043877488129027,-0.5904073743574709,0.20829169795186836,-0.4619997323770575,0.23197536119735832,-0.7047204307332285,0.7170024033772157,0.7722377854413742,0.0,0.0
857,1.0852481807217327,-1.728821993438403,-0.6415459927109136,0.4116423781638197,-1.4371591867789992,-0.5904073743574709,1.3518539612170293,-0.7735602455407765,-1.1344994172443033,1.9349151317722242,0.7170024033772157,0.7722377854413742,0.0,0.0
858,-0.5944350601727647,-0.5403601873348578,-0.6415459927109136,0.4116423781638197,1.5580367365415795,0.7492527943628847,1.3518539612170293,1.718923859768976,-0.6790078244304162,0.6150973505194979,0.7170024033772157,-1.2949379308452873,0.0,0.0
859,-0.9303717083516642,-0.10408600229664455,-0.6415459927109136,0.4116423781638197,0.06043877488129027,0.7492527943628847,-2.078832828578453,1.0958028334415377,-0.6790078244304162,-0.7047204307332285,0.7170024033772157,-1.2949379308452873,0.0,0.0
860,-0.6771271581860322,0.44116885080095214,-0.5884347402837787,0.4116423781638197,1.5580367365415795,0.7492527943628847,0.20829169795186836,-0.15043921921333844,1.1429585468251326,0.6150973505194979,0.7170024033772157,0.7722377854413742,0.0,0.0
861,-0.4652286570270341,-1.4497074305130688,-0.5884347402837787,-1.5419146707492228,-1.4371591867789992,-0.5904073743574709,-0.9352705653132926,-2.019802298195653,-1.5899910100581907,-0.7047204307332285,0.7170024033772157,0.7722377854413742,0.0,0.0
862,-1.0595781114973948,-1.728821993438403,-0.5884347402837787,0.4116423781638197,-1.4371591867789992,-0.5904073743574709,1.3518539612170293,-0.7735602455407765,-1.1344994172443033,-0.7047204307332285,0.7170024033772157,0.7722377854413742,0.0,0.0
863,-0.3647370849164107,0.04380877046339996,-0.5884347402837787,-1.5419146707492228,-1.4371591867789992,-0.5904073743574709,-2.078832828578453,0.4726818071140997,-1.1344994172443033,0.6150973505194979,0.7170024033772157,0.7722377854413742,0.0,0.0
864,0.22961236955394992,-0.5403601873348578,-0.5884347402837787,0.4116423781638197,1.5580367365415795,0.7492527943628847,1.3518539612170293,1.718923859768976,-0.6790078244304162,0.6150973505194979,0.7170024033772157,-1.2949379308452873,0.0,0.0
865,1.1082159109449177,0.2304354707659634,-0.5884347402837787,-1.5419146707492228,1.5580367365415795,-0.5904073743574709,0.20829169795186836,0.4726818071140997,1.1429585468251326,-0.7047204307332285,0.7170024033772157,0.7722377854413742,0.0,0.0
866,-0.38770481513959576,-1.728821993438403,-0.5884347402837787,0.4116423781638197,-1.4371591867789992,-0.5904073743574709,1.3518539612170293,-0.7735602455407765,-1.1344994172443033,0.6150973505194979,0.7170024033772157,0.7722377854413742,0.0,0.0
867,-0.20681585073557296,-1.728821993438403,-0.5884347402837787,0.4116423781638197,-1.4371591867789992,-0.5904073743574709,1.3518539612170293,-0.7735602455407765,-1.1344994172443033,-0.7047204307332285,0.7170024033772157,0.7722377854413742,0.0,0.0
868,-8.560570240405939e-05,-0.5403601873348578,-0.5884347402837787,0.4116423781638197,1.5580367365415795,0.7492527943628847,1.3518539612170293,1.718923859768976,-0.6790078244304162,1.9349151317722242,0.7170024033772157,-1.2949379308452873,0.0,0.0
869,-0.4652286570270341,-0.6551776670125264,-0.5884347402837787,-1.5419146707492228,1.5580367365415795,-1.9300675430778265,1.3518539612170293,0.16112129395038063,-0.6790078244304162,-0.7047204307332285,0.7170024033772157,0.7722377854413742,0.0,0.0
870,-0.7107208230039221,-1.728821993438403,-0.5884347402837787,0.4116423781638197,-1.4371591867789992,-0.5904073743574709,1.3518539612170293,-0.7735602455407765,-1.1344994172443033,0.6150973505194979,0.7170024033772157,0.7722377854413742,0.0,0.0
871,1.1110894613508788,-1.8120955205495735,-0.5884347402837787,0.4116423781638197,-1.4371591867789992,-1.9300675430778265,1.3518539612170293,-1.0851207587044955,-1.1344994172443033,1.9349151317722242,0.7170024033772157,0.7722377854413742,0.0,0.0
872,0.07743823618503429,0.44116885080095214,-0.5884347402837787,0.4116423781638197,1.5580367365415795,0.7492527943628847,0.20829169795186836,-0.15043921921333844,1.1429585468251326,1.9349151317722242,0.7170024033772157,0.7722377854413742,0.0,0.0
873,-1.106381838972904,-1.8120955205495735,-0.5884347402837787,0.4116423781638197,-1.4371591867789992,-1.9300675430778265,1.3518539612170293,-1.0851207587044955,-1.1344994172443033,3.25473291302495,0.7170024033772157,0.7722377854413742,0.0,0.0
874,-0.904530427722518,-1.728821993438403,-0.5884347402837787,0.4116423781638197,-1.4371591867789992,-0.5904073743574709,1.3518539612170293,-0.7735602455407765,-1.1344994172443033,0.6150973505194979,0.7170024033772157,0.7722377854413742,0.0,0.0
875,-0.5427524989144724,-0.5403601873348578,-0.5884347402837787,0.4116423781638197,1.5580367365415795,0.7492527943628847,1.3518539612170293,1.718923859768976,-0.6790078244304162,0.6150973505194979,0.7170024033772157,-1.2949379308452873,0.0,0.0
876,2.2997883702916,-0.5403601873348578,-0.5884347402837787,0.4116423781638197,1.5580367365415795,0.7492527943628847,1.3518539612170293,1.718923859768976,-0.6790078244304162,1.9349151317722242,0.7170024033772157,-1.2949379308452873,0.0,0.0
877,0.1291207974433265,0.5223551462595128,-0.5884347402837787,0.4116423781638197,0.06043877488129027,0.7492527943628847,0.20829169795186836,-0.15043921921333844,0.6874669540112455,0.6150973505194979,0.7170024033772157,0.7722377854413742,0.0,0.0
878,-0.054641717366657336,-0.5403601873348578,-0.5884347402837787,0.4116423781638197,1.5580367365415795,0.7492527943628847,1.3518539612170293,1.718923859768976,-0.6790078244304162,0.6150973505194979,0.7170024033772157,-1.2949379308452873,0.0,0.0
879,-0.8815626974993329,-1.728821993438403,-0.5884347402837787,0.4116423781638197,-1.4371591867789992,-0.5904073743574709,1.3518539612170293,-0.7735602455407765,-1.1344994172443033,-0.7047204307332285,0.7170024033772157,0.7722377854413742,0.0,0.0
880,-1.2714766126563928,1.305869306507629,-0.5884347402837787,0.4116423781638197,0.06043877488129027,-0.5904073743574709,0.20829169795186836,-0.4619997323770575,0.23197536119735832,-0.7047204307332285,0.7170024033772157,0.7722377854413742,0.0,0.0
881,-1.4471973209345863,-1.3479224465198205,-0.5884347402837787,-1.5419146707492228,0.06043877488129027,-0.5904073743574709,-0.9352705653132926,-1.0851207587044955,-1.1344994172443033,-0.7047204307332285,0.7170024033772157,0.7722377854413742,0.0,0.0
882,-0.6512858775568862,-0.4714789280978181,-0.5884347402837787,-1.5419146707492228,1.5580367365415795,-1.9300675430778265,0.20829169795186836,0.7842423202778188,-0.22351623161652892,-0.7047204307332285,0.7170024033772157,-1.2949379308452873,0.0,0.0
883,0.20664463933076485,-0.5403601873348578,-0.5884347402837787,0.4116423781638197,1.5580367365415795,0.7492527943628847,1.3518539612170293,1.718923859768976,-0.6790078244304162,0.6150973505194979,0.7170024033772157,-1.2949379308452873,0.0,0.0
884,1.0852481807217327,-1.728821993438403,-0.5884347402837787,0.4116423781638197,-1.4371591867789992,-0.5904073743574709,1.3518539612170293,-0.7735602455407765,-1.1344994172443033,1.9349151317722242,0.7170024033772157,0.7722377854413742,0.0,0.0
885,-0.20681585073557296,-1.728821993438403,-0.5884347402837787,0.4116423781638197,-1.4371591867789992,-0.5904073743574709,1.3518539612170293,-0.7735602455407765,-1.1344994172443033,-0.7047204307332285,0.7170024033772157,0.7722377854413742,0.0,0.0
886,-0.4652286570270341,1.7579056603707548,-0.5884347402837787,-1.5419146707492228,-1.4371591867789992,-1.9300675430778265,-2.078832828578453,-3.8891653771779673,0.23197536119735832,-0.7047204307332285,0.7170024033772157,0.7722377854413742,0.0,0.0
887,1.188613303238317,-0.5403601873348578,-0.5884347402837787,0.4116423781638197,1.5580367365415795,0.7492527943628847,1.3518539612170293,1.718923859768976,-0.6790078244304162,-0.7047204307332285,0.7170024033772157,-1.2949379308452873,0.0,0.0
888,-0.2584984119938652,0.04380877046339996,-0.5884347402837787,-1.5419146707492228,-1.4371591867789992,-0.5904073743574709,-2.078832828578453,0.4726818071140997,-1.1344994172443033,1.9349151317722242,0.7170024033772157,0.7722377854413742,0.0,0.0
889,-1.4471973209345863,0.7991489007540297,-0.5884347402837787,2.3651994270768624,0.06043877488129027,2.0889129630832404,0.20829169795186836,0.7842423202778188,1.1429585468251326,-0.7047204307332285,0.7170024033772157,0.7722377854413742,0.0,0.0
890,-0.2843396926230113,0.04380877046339996,-0.5884347402837787,-1.5419146707492228,-1.4371591867789992,-0.5904073743574709,-2.078832828578453,0.4726818071140997,-1.1344994172443033,1.9349151317722242,0.7170024033772157,0.7722377854413742,0.0,0.0
891,-0.19389521042099991,-0.6551776670125264,-0.5884347402837787,-1.5419146707492228,1.5580367365415795,-1.9300675430778265,1.3518539612170293,0.16112129395038063,-0.6790078244304162,-0.7047204307332285,0.7170024033772157,0.7722377854413742,0.0,0.0
892,-0.18097457010642684,-1.728821993438403,-0.5884347402837787,0.4116423781638197,-1.4371591867789992,-0.5904073743574709,1.3518539612170293,-0.7735602455407765,-1.1344994172443033,0.6150973505194979,0.7170024033772157,0.7722377854413742,0.0,0.0
893,-0.7236414633184952,0.7991489007540297,-0.5353234878566437,2.3651994270768624,0.06043877488129027,2.0889129630832404,0.20829169795186836,0.7842423202778188,1.1429585468251326,-0.7047204307332285,0.7170024033772157,0.7722377854413742,0.0,0.0
894,-0.7546510000734705,-1.3479224465198205,-0.5353234878566437,-1.5419146707492228,0.06043877488129027,-0.5904073743574709,-0.9352705653132926,-1.0851207587044955,-1.1344994172443033,1.9349151317722242,0.7170024033772157,0.7722377854413742,0.0,0.0
895,-0.6512858775568862,-1.2918626425229427,-0.5353234878566437,0.4116423781638197,0.06043877488129027,-0.5904073743574709,-0.9352705653132926,1.0958028334415377,-1.1344994172443033,0.6150973505194979,0.7170024033772157,-1.2949379308452873,0.0,0.0
896,0.14204143775789957,-0.5403601873348578,-0.5353234878566437,0.4116423781638197,1.5580367365415795,0.7492527943628847,1.3518539612170293,1.718923859768976,-0.6790078244304162,0.6150973505194979,0.7170024033772157,-1.2949379308452873,0.0,0.0
897,2.558201176583061,0.2304354707659634,-0.5353234878566437,-1.5419146707492228,1.5580367365415795,-0.5904073743574709,0.20829169795186836,0.4726818071140997,1.1429585468251326,-0.7047204307332285,0.7170024033772157,0.7722377854413742,0.0,0.0
898,-1.343832198418002,-1.4497074305130688,-0.5353234878566437,-1.5419146707492228,-1.4371591867789992,-0.5904073743574709,-0.9352705653132926,-2.019802298195653,-1.5899910100581907,-0.7047204307332285,0.7170024033772157,0.7722377854413742,0.0,0.0
899,-0.6461176214310569,0.3824668092565971,-0.5353234878566437,0.4116423781638197,1.5580367365415795,0.7492527943628847,0.20829169795186836,0.16112129395038063,0.23197536119735832,-0.7047204307332285,0.7170024033772157,0.7722377854413742,0.0,0.0
900,-0.4652286570270341,0.3824668092565971,-0.5353234878566437,0.4116423781638197,1.5580367365415795,0.7492527943628847,0.20829169795186836,0.16112129395038063,0.23197536119735832,-0.7047204307332285,0.7170024033772157,0.7722377854413742,0.0,0.0
901,0.3100097618473493,1.305869306507629,-0.5353234878566437,0.4116423781638197,0.06043877488129027,-0.5904073743574709,0.20829169795186836,-0.4619997323770575,0.23197536119735832,-0.7047204307332285,0.7170024033772157,0.7722377854413742,0.0,0.0
902,0.18080335870161873,0.3824668092565971,-0.5353234878566437,0.4116423781638197,1.5580367365415795,0.7492527943628847,0.20829169795186836,0.16112129395038063,0.23197536119735832,0.6150973505194979,0.7170024033772157,0.7722377854413742,0.0,0.0
903,0.8526766550594177,-1.3479224465198205,-0.5353234878566437,-1.5419146707492228,0.06043877488129027,-0.5904073743574709,-0.9352705653132926,-1.0851207587044955,-1.1344994172443033,-0.7047204307332285,0.7170024033772157,0.7722377854413742,0.0,0.0
904,2.5065186153247687,-1.4497074305130688,-0.5353234878566437,-1.5419146707492228,-1.4371591867789992,-0.5904073743574709,-0.9352705653132926,-2.019802298195653,-1.5899910100581907,-0.7047204307332285,0.7170024033772157,0.7722377854413742,0.0,0.0
905,0.07226998005920506,-0.5403601873348578,-0.5353234878566437,0.4116423781638197,1.5580367365415795,0.7492527943628847,1.3518539612170293,1.718923859768976,-0.6790078244304162,-0.7047204307332285,0.7170024033772157,-1.2949379308452873,0.0,0.0
906,0.14204143775789957,-0.5403601873348578,-0.5353234878566437,0.4116423781638197,1.5580367365415795,0.7492527943628847,1.3518539612170293,1.718923859768976,-0.6790078244304162,0.6150973505194979,0.7170024033772157,-1.2949379308452873,0.0,0.0
907,0.697628971284541,-1.8120955205495735,-0.5353234878566437,0.4116423781638197,-1.4371591867789992,-1.9300675430778265,1.3518539612170293,-1.0851207587044955,-1.1344994172443033,1.9349151317722242,0.7170024033772157,0.7722377854413742,0.0,0.0
908,2.480677334695623,-0.4412736989171693,-0.5353234878566437,-1.5419146707492228,1.5580367365415795,-1.9300675430778265,0.20829169795186836,-0.4619997323770575,-0.22351623161652892,-0.7047204307332285,0.7170024033772157,0.7722377854413742,0.0,0.0
909,0.2195652796453379,-1.2918626425229427,-0.5353234878566437,0.4116423781638197,0.06043877488129027,-0.5904073743574709,-0.9352705653132926,1.0958028334415377,-1.1344994172443033,1.9349151317722242,0.7170024033772157,-1.2949379308452873,0.0,0.0
910,0.1779298082956577,0.7991489007540297,-0.5353234878566437,2.3651994270768624,0.06043877488129027,2.0889129630832404,0.20829169795186836,0.7842423202778188,1.1429585468251326,-0.7047204307332285,0.7170024033772157,0.7722377854413742,0.0,0.0
911,-0.41354609576874185,0.04380877046339996,-0.5353234878566437,-1.5419146707492228,-1.4371591867789992,-0.5904073743574709,-2.078832828578453,0.4726818071140997,-1.1344994172443033,0.6150973505194979,0.7170024033772157,0.7722377854413742,0.0,0.0
912,-0.6978001826893491,-0.5403601873348578,-0.5353234878566437,0.4116423781638197,1.5580367365415795,0.7492527943628847,1.3518539612170293,1.718923859768976,-0.6790078244304162,-0.7047204307332285,0.7170024033772157,-1.2949379308452873,0.0,0.0
913,-0.0776094475898424,0.44116885080095214,-0.5353234878566437,0.4116423781638197,1.5580367365415795,0.7492527943628847,0.20829169795186836,-0.15043921921333844,1.1429585468251326,-0.7047204307332285,0.7170024033772157,0.7722377854413742,0.0,0.0
914,-0.2843396926230113,0.44116885080095214,-0.5353234878566437,0.4116423781638197,1.5580367365415795,0.7492527943628847,0.20829169795186836,-0.15043921921333844,1.1429585468251326,1.9349151317722242,0.7170024033772157,0.7722377854413742,0.0,0.0
915,0.5684225681388104,-0.5403601873348578,-0.5353234878566437,0.4116423781638197,1.5580367365415795,0.7492527943628847,1.3518539612170293,1.718923859768976,-0.6790078244304162,1.9349151317722242,0.7170024033772157,-1.2949379308452873,0.0,0.0
916,0.05159695555588817,0.04380877046339996,-0.5353234878566437,-1.5419146707492228,-1.4371591867789992,-0.5904073743574709,-2.078832828578453,0.4726818071140997,-1.1344994172443033,-0.7047204307332285,0.7170024033772157,0.7722377854413742,0.0,0.0
917,0.25832720058905706,0.44116885080095214,-0.5353234878566437,0.4116423781638197,1.5580367365415795,0.7492527943628847,0.20829169795186836,-0.15043921921333844,1.1429585468251326,-0.7047204307332285,0.7170024033772157,0.7722377854413742,0.0,0.0
918,3.0750267891659835,-0.5403601873348578,-0.4822122354295088,0.4116423781638197,1.5580367365415795,0.7492527943628847,1.3518539612170293,1.718923859768976,-0.6790078244304162,0.6150973505194979,0.7170024033772157,-1.2949379308452873,0.0,0.0
919,-0.6978001826893491,-0.5403601873348578,-0.4822122354295088,0.4116423781638197,1.5580367365415795,0.7492527943628847,1.3518539612170293,1.718923859768976,-0.6790078244304162,1.9349151317722242,0.7170024033772157,-1.2949379308452873,0.0,0.0
920,-0.6073557004873377,-1.4497074305130688,-0.4822122354295088,-1.5419146707492228,-1.4371591867789992,-0.5904073743574709,-0.9352705653132926,-2.019802298195653,-1.5899910100581907,-0.7047204307332285,0.7170024033772157,0.7722377854413742,0.0,0.0
921,0.18080335870161873,0.3824668092565971,-0.4822122354295088,0.4116423781638197,1.5580367365415795,0.7492527943628847,0.20829169795186836,0.16112129395038063,0.23197536119735832,-0.7047204307332285,0.7170024033772157,0.7722377854413742,0.0,0.0
922,0.697628971284541,0.5223551462595128,-0.4822122354295088,0.4116423781638197,0.06043877488129027,0.7492527943628847,0.20829169795186836,-0.15043921921333844,0.6874669540112455,1.9349151317722242,0.7170024033772157,0.7722377854413742,0.0,0.0
923,-0.2584984119938652,1.7579056603707548,-0.4822122354295088,-1.5419146707492228,-1.4371591867789992,-1.9300675430778265,-2.078832828578453,-3.8891653771779673,0.23197536119735832,0.6150973505194979,0.7170024033772157,0.7722377854413742,0.0,0.0
924,-0.046599910834867066,0.3824668092565971,-0.4822122354295088,0.4116423781638197,1.5580367365415795,0.7492527943628847,0.20829169795186836,0.16112129395038063,0.23197536119735832,1.9349151317722242,0.7170024033772157,0.7722377854413742,0.0,0.0
925,0.18080335870161873,0.44116885080095214,-0.4822122354295088,0.4116423781638197,1.5580367365415795,0.7492527943628847,0.20829169795186836,-0.15043921921333844,1.1429585468251326,0.6150973505194979,0.7170024033772157,0.7722377854413742,0.0,0.0
926,0.7622321728574063,-0.4412736989171693,-0.4822122354295088,-1.5419146707492228,1.5580367365415795,-1.9300675430778265,0.20829169795186836,-0.4619997323770575,-0.22351623161652892,-0.7047204307332285,0.7170024033772157,0.7722377854413742,0.0,0.0
927,-8.560570240405939e-05,-0.5403601873348578,-0.4822122354295088,0.4116423781638197,1.5580367365415795,0.7492527943628847,1.3518539612170293,1.718923859768976,-0.6790078244304162,-0.7047204307332285,0.7170024033772157,-1.2949379308452873,0.0,0.0
928,0.20893934505063302,-1.8120955205495735,-0.4822122354295088,0.4116423781638197,-1.4371591867789992,-1.9300675430778265,1.3518539612170293,-1.0851207587044955,-1.1344994172443033,1.9349151317722242,0.7170024033772157,0.7722377854413742,0.0,0.0
929,-0.9562129889808102,-1.728821993438403,-0.4822122354295088,0.4116423781638197,-1.4371591867789992,-0.5904073743574709,1.3518539612170293,-0.7735602455407765,-1.1344994172443033,0.6150973505194979,0.7170024033772157,0.7722377854413742,0.0,0.0
930,-0.12929200884813463,-1.2918626425229427,-0.4822122354295088,0.4116423781638197,0.06043877488129027,-0.5904073743574709,-0.9352705653132926,1.0958028334415377,-1.1344994172443033,0.6150973505194979,0.7170024033772157,-1.2949379308452873,0.0,0.0
931,-0.62544459692774,0.8900159241366333,-0.4822122354295088,2.3651994270768624,0.06043877488129027,2.0889129630832404,0.20829169795186836,0.7842423202778188,1.1429585468251326,-0.7047204307332285,0.7170024033772157,-1.2949379308452873,0.0,0.0
932,1.9896930027418467,1.305869306507629,-0.4822122354295088,0.4116423781638197,0.06043877488129027,-0.5904073743574709,0.20829169795186836,-0.4619997323770575,0.23197536119735832,-0.7047204307332285,0.7170024033772157,0.7722377854413742,0.0,0.0
933,1.8863278802252623,-0.5403601873348578,-0.4822122354295088,0.4116423781638197,1.5580367365415795,0.7492527943628847,1.3518539612170293,1.718923859768976,-0.6790078244304162,0.6150973505194979,0.7170024033772157,-1.2949379308452873,0.0,0.0
934,-0.41871435189457107,0.04380877046339996,-0.4822122354295088,-1.5419146707492228,-1.4371591867789992,-0.5904073743574709,-2.078832828578453,0.4726818071140997,-1.1344994172443033,-0.7047204307332285,0.7170024033772157,0.7722377854413742,0.0,0.0
935,-1.1399755037907942,0.8900159241366333,-0.4822122354295088,2.3651994270768624,0.06043877488129027,2.0889129630832404,0.20829169795186836,0.7842423202778188,1.1429585468251326,-0.7047204307332285,0.7170024033772157,-1.2949379308452873,0.0,0.0
936,1.7519532209537023,-0.5403601873348578,-0.4822122354295088,0.4116423781638197,1.5580367365415795,0.7492527943628847,1.3518539612170293,1.718923859768976,-0.6790078244304162,0.6150973505194979,0.7170024033772157,-1.2949379308452873,0.0,0.0
937,-0.9355399644774933,0.04380877046339996,-0.4822122354295088,-1.5419146707492228,-1.4371591867789992,-0.5904073743574709,-2.078832828578453,0.4726818071140997,-1.1344994172443033,-0.7047204307332285,0.7170024033772157,0.7722377854413742,0.0,0.0
938,-0.34119051000713274,-0.6551776670125264,-0.4822122354295088,-1.5419146707492228,1.5580367365415795,-1.9300675430778265,1.3518539612170293,0.16112129395038063,-0.6790078244304162,-0.7047204307332285,0.7170024033772157,0.7722377854413742,0.0,0.0
939,-0.41871435189457107,-1.728821993438403,-0.4822122354295088,0.4116423781638197,-1.4371591867789992,-0.5904073743574709,1.3518539612170293,-0.7735602455407765,-1.1344994172443033,-0.7047204307332285,0.7170024033772157,0.7722377854413742,0.0,0.0
940,0.18080335870161873,-0.5403601873348578,-0.42910098300237387,0.4116423781638197,1.5580367365415795,0.7492527943628847,1.3518539612170293,1.718923859768976,-0.6790078244304162,0.6150973505194979,0.7170024033772157,-1.2949379308452873,0.0,0.0
941,-0.0776094475898424,-1.728821993438403,-0.42910098300237387,0.4116423781638197,-1.4371591867789992,-0.5904073743574709,1.3518539612170293,-0.7735602455407765,-1.1344994172443033,0.6150973505194979,0.7170024033772157,0.7722377854413742,0.0,0.0
942,-1.369673479047148,-1.4497074305130688,-0.42910098300237387,-1.5419146707492228,-1.4371591867789992,-0.5904073743574709,-0.9352705653132926,-2.019802298195653,-1.5899910100581907,-0.7047204307332285,0.7170024033772157,0.7722377854413742,0.0,0.0
943,0.18080335870161873,0.5223551462595128,-0.42910098300237387,0.4116423781638197,0.06043877488129027,0.7492527943628847,0.20829169795186836,-0.15043921921333844,0.6874669540112455,-0.7047204307332285,0.7170024033772157,0.7722377854413742,0.0,0.0
944,1.185739752832356,-1.8120955205495735,-0.42910098300237387,0.4116423781638197,-1.4371591867789992,-1.9300675430778265,1.3518539612170293,-1.0851207587044955,-1.1344994172443033,3.25473291302495,0.7170024033772157,0.7722377854413742,0.0,0.0
945,-0.45230801671246107,-1.4497074305130688,-0.42910098300237387,-1.5419146707492228,-1.4371591867789992,-0.5904073743574709,-0.9352705653132926,-2.019802298195653,-1.5899910100581907,-0.7047204307332285,0.7170024033772157,0.7722377854413742,0.0,0.0
946,0.05159695555588817,0.5223551462595128,-0.42910098300237387,0.4116423781638197,0.06043877488129027,0.7492527943628847,0.20829169795186836,-0.15043921921333844,0.6874669540112455,1.9349151317722242,0.7170024033772157,0.7722377854413742,0.0,0.0
947,-0.23265713136471908,0.44116885080095214,-0.42910098300237387,0.4116423781638197,1.5580367365415795,0.7492527943628847,0.20829169795186836,-0.15043921921333844,1.1429585468251326,1.9349151317722242,0.7170024033772157,0.7722377854413742,0.0,0.0
948,0.15496207807247261,-1.4497074305130688,-0.42910098300237387,-1.5419146707492228,-1.4371591867789992,-0.5904073743574709,-0.9352705653132926,-2.019802298195653,-1.5899910100581907,-0.7047204307332285,0.7170024033772157,0.7722377854413742,0.0,0.0
949,0.1291207974433265,1.305869306507629,-0.42910098300237387,0.4116423781638197,0.06043877488129027,-0.5904073743574709,0.20829169795186836,-0.4619997323770575,0.23197536119735832,-0.7047204307332285,0.7170024033772157,0.7722377854413742,0.0,0.0
950,-0.2843396926230113,0.44116885080095214,-0.42910098300237387,0.4116423781638197,1.5580367365415795,0.7492527943628847,0.20829169795186836,-0.15043921921333844,1.1429585468251326,1.9349151317722242,0.7170024033772157,0.7722377854413742,0.0,0.0
951,1.7829627577086777,0.2304354707659634,-0.42910098300237387,-1.5419146707492228,1.5580367365415795,-0.5904073743574709,0.20829169795186836,0.4726818071140997,1.1429585468251326,-0.7047204307332285,0.7170024033772157,0.7722377854413742,0.0,0.0
952,-0.10861898434481773,0.5223551462595128,-0.42910098300237387,0.4116423781638197,0.06043877488129027,0.7492527943628847,0.20829169795186836,-0.15043921921333844,0.6874669540112455,1.9349151317722242,0.7170024033772157,0.7722377854413742,0.0,0.0
953,-0.38770481513959576,0.3824668092565971,-0.42910098300237387,0.4116423781638197,1.5580367365415795,0.7492527943628847,0.20829169795186836,0.16112129395038063,0.23197536119735832,0.6150973505194979,0.7170024033772157,0.7722377854413742,0.0,0.0
954,0.6330257697116757,-0.5403601873348578,-0.42910098300237387,0.4116423781638197,1.5580367365415795,0.7492527943628847,1.3518539612170293,1.718923859768976,-0.6790078244304162,0.6150973505194979,0.7170024033772157,-1.2949379308452873,0.0,0.0
955,-0.025926886331550172,0.7991489007540297,-0.42910098300237387,2.3651994270768624,0.06043877488129027,2.0889129630832404,0.20829169795186836,0.7842423202778188,1.1429585468251326,-0.7047204307332285,0.7170024033772157,0.7722377854413742,0.0,0.0
956,0.25832720058905706,-0.5403601873348578,-0.42910098300237387,0.4116423781638197,1.5580367365415795,0.7492527943628847,1.3518539612170293,1.718923859768976,-0.6790078244304162,1.9349151317722242,0.7170024033772157,-1.2949379308452873,0.0,0.0
957,-0.12929200884813463,-1.3479224465198205,-0.42910098300237387,-1.5419146707492228,0.06043877488129027,-0.5904073743574709,-0.9352705653132926,-1.0851207587044955,-1.1344994172443033,0.6150973505194979,0.7170024033772157,0.7722377854413742,0.0,0.0
958,0.022882124520781005,-1.728821993438403,-0.42910098300237387,0.4116423781638197,-1.4371591867789992,-0.5904073743574709,1.3518539612170293,-0.7735602455407765,-1.1344994172443033,0.6150973505194979,0.7170024033772157,0.7722377854413742,0.0,0.0
959,0.18080335870161873,0.04380877046339996,-0.42910098300237387,-1.5419146707492228,-1.4371591867789992,-0.5904073743574709,-2.078832828578453,0.4726818071140997,-1.1344994172443033,1.9349151317722242,0.7170024033772157,0.7722377854413742,0.0,0.0
960,1.1627720226091711,-0.5403601873348578,-0.42910098300237387,0.4116423781638197,1.5580367365415795,0.7492527943628847,1.3518539612170293,1.718923859768976,-0.6790078244304162,0.6150973505194979,0.7170024033772157,-1.2949379308452873,0.0,0.0
961,-1.2275464355868444,-1.2918626425229427,-0.42910098300237387,0.4116423781638197,0.06043877488129027,-0.5904073743574709,-0.9352705653132926,1.0958028334415377,-1.1344994172443033,1.9349151317722242,0.7170024033772157,-1.2949379308452873,0.0,0.0
962,-0.7443144878218121,-1.4497074305130688,-0.42910098300237387,-1.5419146707492228,-1.4371591867789992,-0.5904073743574709,-0.9352705653132926,-2.019802298195653,-1.5899910100581907,-0.7047204307332285,0.7170024033772157,0.7722377854413742,0.0,0.0
963,-1.1112606727556869,-1.8120955205495735,-0.42910098300237387,0.4116423781638197,-1.4371591867789992,-1.9300675430778265,1.3518539612170293,-1.0851207587044955,-1.1344994172443033,1.9349151317722242,0.7170024033772157,0.7722377854413742,0.0,0.0
964,-1.3050702774742828,1.305869306507629,-0.42910098300237387,0.4116423781638197,0.06043877488129027,-0.5904073743574709,0.20829169795186836,-0.4619997323770575,0.23197536119735832,-0.7047204307332285,0.7170024033772157,0.7722377854413742,0.0,0.0
965,-0.20681585073557296,-1.728821993438403,-0.42910098300237387,0.4116423781638197,-1.4371591867789992,-0.5904073743574709,1.3518539612170293,-0.7735602455407765,-1.1344994172443033,0.6150973505194979,0.7170024033772157,0.7722377854413742,0.0,0.0
966,0.18080335870161873,-1.4497074305130688,-0.42910098300237387,-1.5419146707492228,-1.4371591867789992,-0.5904073743574709,-0.9352705653132926,-2.019802298195653,-1.5899910100581907,-0.7047204307332285,0.7170024033772157,0.7722377854413742,0.0,0.0
967,-0.5944350601727647,-0.5403601873348578,-0.42910098300237387,0.4116423781638197,1.5580367365415795,0.7492527943628847,1.3518539612170293,1.718923859768976,-0.6790078244304162,0.6150973505194979,0.7170024033772157,-1.2949379308452873,0.0,0.0
968,0.5167400068805182,-1.8120955205495735,-0.42910098300237387,0.4116423781638197,-1.4371591867789992,-1.9300675430778265,1.3518539612170293,-1.0851207587044955,-1.1344994172443033,-0.7047204307332285,0.7170024033772157,0.7722377854413742,0.0,0.0
969,-0.24557777167929212,-1.3479224465198205,-0.42910098300237387,-1.5419146707492228,0.06043877488129027,-0.5904073743574709,-0.9352705653132926,-1.0851207587044955,-1.1344994172443033,0.6150973505194979,0.7170024033772157,0.7722377854413742,0.0,0.0
970,-0.38770481513959576,-1.8120955205495735,-0.42910098300237387,0.4116423781638197,-1.4371591867789992,-1.9300675430778265,1.3518539612170293,-1.0851207587044955,-1.1344994172443033,0.6150973505194979,0.7170024033772157,0.7722377854413742,0.0,0.0
971,-0.705552566878093,0.5223551462595128,-0.42910098300237387,0.4116423781638197,0.06043877488129027,0.7492527943628847,0.20829169795186836,-0.15043921921333844,0.6874669540112455,-0.7047204307332285,0.7170024033772157,0.7722377854413742,0.0,0.0
972,-0.013006246016977117,-0.6551776670125264,-0.42910098300237387,-1.5419146707492228,1.5580367365415795,-1.9300675430778265,1.3518539612170293,0.16112129395038063,-0.6790078244304162,-0.7047204307332285,0.7170024033772157,0.7722377854413742,0.0,0.0
973,0.930200496946856,-1.3479224465198205,-0.42910098300237387,-1.5419146707492228,0.06043877488129027,-0.5904073743574709,-0.9352705653132926,-1.0851207587044955,-1.1344994172443033,0.6150973505194979,0.7170024033772157,0.7722377854413742,0.0,0.0
974,1.183445047112488,-1.4497074305130688,-0.37598973057523893,-1.5419146707492228,-1.4371591867789992,-0.5904073743574709,-0.9352705653132926,-2.019802298195653,-1.5899910100581907,-0.7047204307332285,0.7170024033772157,0.7722377854413742,0.0,0.0
975,0.7493115325428332,-0.4412736989171693,-0.37598973057523893,-1.5419146707492228,1.5580367365415795,-1.9300675430778265,0.20829169795186836,-0.4619997323770575,-0.22351623161652892,-0.7047204307332285,0.7170024033772157,0.7722377854413742,0.0,0.0
976,0.3100097618473493,0.7991489007540297,-0.37598973057523893,2.3651994270768624,0.06043877488129027,2.0889129630832404,0.20829169795186836,0.7842423202778188,1.1429585468251326,-0.7047204307332285,0.7170024033772157,0.7722377854413742,0.0,0.0
977,0.9560417775760022,-0.4412736989171693,-0.37598973057523893,-1.5419146707492228,1.5580367365415795,-1.9300675430778265,0.20829169795186836,-0.4619997323770575,-0.22351623161652892,-0.7047204307332285,0.7170024033772157,0.7722377854413742,0.0,0.0
978,-0.65903826174563,1.7579056603707548,-0.37598973057523893,-1.5419146707492228,-1.4371591867789992,-1.9300675430778265,-2.078832828578453,-3.8891653771779673,0.23197536119735832,-0.7047204307332285,0.7170024033772157,0.7722377854413742,0.0,0.0
979,2.971661666649399,-0.5403601873348578,-0.37598973057523893,0.4116423781638197,1.5580367365415795,0.7492527943628847,1.3518539612170293,1.718923859768976,-0.6790078244304162,1.9349151317722242,0.7170024033772157,-1.2949379308452873,0.0,0.0
980,-1.2146257952722714,-1.2918626425229427,-0.37598973057523893,0.4116423781638197,0.06043877488129027,-0.5904073743574709,-0.9352705653132926,1.0958028334415377,-1.1344994172443033,0.6150973505194979,0.7170024033772157,-1.2949379308452873,0.0,0.0
981,0.05159695555588817,-0.6551776670125264,-0.37598973057523893,-1.5419146707492228,1.5580367365415795,-1.9300675430778265,1.3518539612170293,0.16112129395038063,-0.6790078244304162,-0.7047204307332285,0.7170024033772157,0.7722377854413742,0.0,0.0
982,-0.3360222538813035,-1.728821993438403,-0.37598973057523893,0.4116423781638197,-1.4371591867789992,-0.5904073743574709,1.3518539612170293,-0.7735602455407765,-1.1344994172443033,-0.7047204307332285,0.7170024033772157,0.7722377854413742,0.0,0.0
983,-0.7236414633184952,0.44116885080095214,-0.37598973057523893,0.4116423781638197,1.5580367365415795,0.7492527943628847,0.20829169795186836,-0.15043921921333844,1.1429585468251326,-0.7047204307332285,0.7170024033772157,0.7722377854413742,0.0,0.0
984,-0.0776094475898424,-0.5403601873348578,-0.37598973057523893,0.4116423781638197,1.5580367365415795,0.7492527943628847,1.3518539612170293,1.718923859768976,-0.6790078244304162,-0.7047204307332285,0.7170024033772157,-1.2949379308452873,0.0,0.0
985,-0.7753240245767875,-1.3479224465198205,-0.37598973057523893,-1.5419146707492228,0.06043877488129027,-0.5904073743574709,-0.9352705653132926,-1.0851207587044955,-1.1344994172443033,0.6150973505194979,0.7170024033772157,0.7722377854413742,0.0,0.0
986,-0.638882062854896,1.305869306507629,-0.37598973057523893,0.4116423781638197,0.06043877488129027,-0.5904073743574709,0.20829169795186836,-0.4619997323770575,0.23197536119735832,-0.7047204307332285,0.7170024033772157,0.7722377854413742,0.0,0.0
987,1.2273752241820364,0.3824668092565971,-0.37598973057523893,0.4116423781638197,1.5580367365415795,0.7492527943628847,0.20829169795186836,0.16112129395038063,0.23197536119735832,0.6150973505194979,0.7170024033772157,0.7722377854413742,0.0,0.0
988,2.6357250184704997,-0.4412736989171693,-0.37598973057523893,-1.5419146707492228,1.5580367365415795,-1.9300675430778265,0.20829169795186836,-0.4619997323770575,-0.22351623161652892,-0.7047204307332285,0.7170024033772157,0.7722377854413742,0.0,0.0
989,-0.7624033842622144,0.04380877046339996,-0.37598973057523893,-1.5419146707492228,-1.4371591867789992,-0.5904073743574709,-2.078832828578453,0.4726818071140997,-1.1344994172443033,-0.7047204307332285,0.7170024033772157,0.7722377854413742,0.0,0.0
990,0.9043592163177099,-1.8120955205495735,-0.37598973057523893,0.4116423781638197,-1.4371591867789992,-1.9300675430778265,1.3518539612170293,-1.0851207587044955,-1.1344994172443033,1.9349151317722242,0.7170024033772157,0.7722377854413742,0.0,0.0
991,-8.560570240405939e-05,0.7991489007540297,-0.37598973057523893,2.3651994270768624,0.06043877488129027,2.0889129630832404,0.20829169795186836,0.7842423202778188,1.1429585468251326,-0.7047204307332285,0.7170024033772157,0.7722377854413742,0.0,0.0
992,0.09035887649960733,-1.2918626425229427,-0.37598973057523893,0.4116423781638197,0.06043877488129027,-0.5904073743574709,-0.9352705653132926,1.0958028334415377,-1.1344994172443033,1.9349151317722242,0.7170024033772157,-1.2949379308452873,0.0,0.0
993,-1.5247211628220247,0.7991489007540297,-0.37598973057523893,2.3651994270768624,0.06043877488129027,2.0889129630832404,0.20829169795186836,0.7842423202778188,1.1429585468251326,-0.7047204307332285,0.7170024033772157,0.7722377854413742,0.0,0.0
994,-0.12929200884813463,-1.3479224465198205,-0.37598973057523893,-1.5419146707492228,0.06043877488129027,-0.5904073743574709,-0.9352705653132926,-1.0851207587044955,-1.1344994172443033,0.6150973505194979,0.7170024033772157,0.7722377854413742,0.0,0.0
995,-1.4058512719279526,-1.2918626425229427,-0.37598973057523893,0.4116423781638197,0.06043877488129027,-0.5904073743574709,-0.9352705653132926,1.0958028334415377,-1.1344994172443033,0.6150973505194979,0.7170024033772157,-1.2949379308452873,0.0,0.0
996,-0.09857189443620573,0.44116885080095214,-0.37598973057523893,0.4116423781638197,1.5580367365415795,0.7492527943628847,0.20829169795186836,-0.15043921921333844,1.1429585468251326,0.6150973505194979,0.7170024033772157,0.7722377854413742,0.0,0.0
997,-1.2714766126563928,1.305869306507629,-0.37598973057523893,0.4116423781638197,0.06043877488129027,-0.5904073743574709,0.20829169795186836,-0.4619997323770575,0.23197536119735832,-0.7047204307332285,0.7170024033772157,0.7722377854413742,0.0,0.0
998,-1.4213560403054404,-1.4497074305130688,-0.37598973057523893,-1.5419146707492228,-1.4371591867789992,-0.5904073743574709,-0.9352705653132926,-2.019802298195653,-1.5899910100581907,-0.7047204307332285,0.7170024033772157,0.7722377854413742,0.0,0.0
999,-0.9820542696099563,-1.4497074305130688,-0.37598973057523893,-1.5419146707492228,-1.4371591867789992,-0.5904073743574709,-0.9352705653132926,-2.019802298195653,-1.5899910100581907,-0.7047204307332285,0.7170024033772157,0.7722377854413742,0.0,0.0
1000,0.697628971284541,0.2304354707659634,-0.37598973057523893,-1.5419146707492228,1.5580367365415795,-0.5904073743574709,0.20829169795186836,0.4726818071140997,1.1429585468251326,-0.7047204307332285,0.7170024033772157,0.7722377854413742,0.0,0.0
1001,-0.8528478664642258,0.04380877046339996,-0.37598973057523893,-1.5419146707492228,-1.4371591867789992,-0.5904073743574709,-2.078832828578453,0.4726818071140997,-1.1344994172443033,1.9349151317722242,0.7170024033772157,0.7722377854413742,0.0,0.0
1002,0.8268353744302716,-1.8120955205495735,-0.37598973057523893,0.4116423781638197,-1.4371591867789992,-1.9300675430778265,1.3518539612170293,-1.0851207587044955,-1.1344994172443033,-0.7047204307332285,0.7170024033772157,0.7722377854413742,0.0,0.0
1003,0.15496207807247261,0.04380877046339996,-0.322878478148104,-1.5419146707492228,-1.4371591867789992,-0.5904073743574709,-2.078832828578453,0.4726818071140997,-1.1344994172443033,0.6150973505194979,0.7170024033772157,0.7722377854413742,0.0,0.0
1004,-1.343832198418002,1.305869306507629,-0.322878478148104,0.4116423781638197,0.06043877488129027,-0.5904073743574709,0.20829169795186836,-0.4619997323770575,0.23197536119735832,-0.7047204307332285,0.7170024033772157,0.7722377854413742,0.0,0.0
1005,-0.5944350601727647,0.04380877046339996,-0.322878478148104,-1.5419146707492228,-1.4371591867789992,-0.5904073743574709,-2.078832828578453,0.4726818071140997,-1.1344994172443033,0.6150973505194979,0.7170024033772157,0.7722377854413742,0.0,0.0
1006,-0.5169112182853264,-1.4497074305130688,-0.322878478148104,-1.5419146707492228,-1.4371591867789992,-0.5904073743574709,-0.9352705653132926,-2.019802298195653,-1.5899910100581907,-0.7047204307332285,0.7170024033772157,0.7722377854413742,0.0,0.0
1007,-0.7753240245767875,-0.10408600229664455,-0.322878478148104,0.4116423781638197,0.06043877488129027,0.7492527943628847,-2.078832828578453,1.0958028334415377,-0.6790078244304162,-0.7047204307332285,0.7170024033772157,-1.2949379308452873,0.0,0.0
1008,-0.20681585073557296,-1.8120955205495735,-0.322878478148104,0.4116423781638197,-1.4371591867789992,-1.9300675430778265,1.3518539612170293,-1.0851207587044955,-1.1344994172443033,0.6150973505194979,0.7170024033772157,0.7722377854413742,0.0,0.0
1009,-0.20681585073557296,0.44116885080095214,-0.322878478148104,0.4116423781638197,1.5580367365415795,0.7492527943628847,0.20829169795186836,-0.15043921921333844,1.1429585468251326,0.6150973505194979,0.7170024033772157,0.7722377854413742,0.0,0.0
1010,1.741616708702044,0.6347224000017584,-0.322878478148104,0.4116423781638197,0.06043877488129027,0.7492527943628847,0.20829169795186836,0.4726818071140997,1.1429585468251326,-0.7047204307332285,-1.394695464464014,0.7722377854413742,0.0,0.0
1011,2.0387914359372243,0.6347224000017584,-0.322878478148104,0.4116423781638197,0.06043877488129027,0.7492527943628847,0.20829169795186836,0.4726818071140997,1.1429585468251326,-0.7047204307332285,-1.394695464464014,0.7722377854413742,0.0,0.0
1012,-0.31845018305348416,-0.5403601873348578,-0.322878478148104,0.4116423781638197,1.5580367365415795,0.7492527943628847,1.3518539612170293,1.718923859768976,-0.6790078244304162,0.6150973505194979,0.7170024033772157,-1.2949379308452873,0.0,0.0
1013,-0.0776094475898424,0.7991489007540297,-0.322878478148104,2.3651994270768624,0.06043877488129027,2.0889129630832404,0.20829169795186836,0.7842423202778188,1.1429585468251326,-0.7047204307332285,0.7170024033772157,0.7722377854413742,0.0,0.0
1014,-0.2584984119938652,0.7991489007540297,-0.322878478148104,2.3651994270768624,0.06043877488129027,2.0889129630832404,0.20829169795186836,0.7842423202778188,1.1429585468251326,-0.7047204307332285,0.7170024033772157,0.7722377854413742,0.0,0.0
1015,-1.5247211628220247,-1.3479224465198205,-0.322878478148104,-1.5419146707492228,0.06043877488129027,-0.5904073743574709,-0.9352705653132926,-1.0851207587044955,-1.1344994172443033,0.6150973505194979,0.7170024033772157,0.7722377854413742,0.0,0.0
1016,-0.12929200884813463,1.7579056603707548,-0.322878478148104,-1.5419146707492228,-1.4371591867789992,-1.9300675430778265,-2.078832828578453,-3.8891653771779673,0.23197536119735832,-0.7047204307332285,0.7170024033772157,0.7722377854413742,0.0,0.0
1017,-0.0776094475898424,0.7991489007540297,-0.322878478148104,2.3651994270768624,0.06043877488129027,2.0889129630832404,0.20829169795186836,0.7842423202778188,1.1429585468251326,-0.7047204307332285,0.7170024033772157,0.7722377854413742,0.0,0.0
1018,0.046428699430058944,0.04380877046339996,-0.322878478148104,-1.5419146707492228,-1.4371591867789992,-0.5904073743574709,-2.078832828578453,0.4726818071140997,-1.1344994172443033,-0.7047204307332285,0.7170024033772157,0.7722377854413742,0.0,0.0
1019,-1.2275464355868444,-0.5403601873348578,-0.322878478148104,0.4116423781638197,1.5580367365415795,0.7492527943628847,1.3518539612170293,1.718923859768976,-0.6790078244304162,0.6150973505194979,0.7170024033772157,-1.2949379308452873,0.0,0.0
1020,-1.356752838732575,1.7579056603707548,-0.322878478148104,-1.5419146707492228,-1.4371591867789992,-1.9300675430778265,-2.078832828578453,-3.8891653771779673,0.23197536119735832,-0.7047204307332285,0.7170024033772157,0.7722377854413742,0.0,0.0
1021,1.8604865995961162,-0.5403601873348578,-0.322878478148104,0.4116423781638197,1.5580367365415795,0.7492527943628847,1.3518539612170293,1.718923859768976,-0.6790078244304162,0.6150973505194979,0.7170024033772157,-1.2949379308452873,0.0,0.0
1022,-0.8657685067787989,0.04380877046339996,-0.322878478148104,-1.5419146707492228,-1.4371591867789992,-0.5904073743574709,-2.078832828578453,0.4726818071140997,-1.1344994172443033,-0.7047204307332285,0.7170024033772157,0.7722377854413742,0.0,0.0
1023,-1.2146257952722714,-0.5403601873348578,-0.322878478148104,0.4116423781638197,1.5580367365415795,0.7492527943628847,1.3518539612170293,1.718923859768976,-0.6790078244304162,1.9349151317722242,0.7170024033772157,-1.2949379308452873,0.0,0.0
1024,0.7338041800372826,-1.3479224465198205,-0.322878478148104,-1.5419146707492228,0.06043877488129027,-0.5904073743574709,-0.9352705653132926,-1.0851207587044955,-1.1344994172443033,-0.7047204307332285,0.7170024033772157,0.7722377854413742,0.0,0.0
1025,-1.5247211628220247,-1.3479224465198205,-0.322878478148104,-1.5419146707492228,0.06043877488129027,-0.5904073743574709,-0.9352705653132926,-1.0851207587044955,-1.1344994172443033,-0.7047204307332285,0.7170024033772157,0.7722377854413742,0.0,0.0
1026,-0.12929200884813463,-1.3479224465198205,-0.322878478148104,-1.5419146707492228,0.06043877488129027,-0.5904073743574709,-0.9352705653132926,-1.0851207587044955,-1.1344994172443033,-0.7047204307332285,0.7170024033772157,0.7722377854413742,0.0,0.0
1027,0.05159695555588817,-1.2918626425229427,-0.322878478148104,0.4116423781638197,0.06043877488129027,-0.5904073743574709,-0.9352705653132926,1.0958028334415377,-1.1344994172443033,0.6150973505194979,0.7170024033772157,-1.2949379308452873,0.0,0.0
1028,0.10040596640821935,-1.3479224465198205,-0.322878478148104,-1.5419146707492228,0.06043877488129027,-0.5904073743574709,-0.9352705653132926,-1.0851207587044955,-1.1344994172443033,-0.7047204307332285,0.7170024033772157,0.7722377854413742,0.0,0.0
1029,-0.2636666681196944,-0.5403601873348578,-0.2697672257209691,0.4116423781638197,1.5580367365415795,0.7492527943628847,1.3518539612170293,1.718923859768976,-0.6790078244304162,0.6150973505194979,0.7170024033772157,-1.2949379308452873,0.0,0.0
1030,0.3875336037347876,0.44116885080095214,-0.2697672257209691,0.4116423781638197,1.5580367365415795,0.7492527943628847,0.20829169795186836,-0.15043921921333844,1.1429585468251326,-0.7047204307332285,0.7170024033772157,0.7722377854413742,0.0,0.0
1031,-0.49623819378200945,1.305869306507629,-0.2697672257209691,0.4116423781638197,0.06043877488129027,-0.5904073743574709,0.20829169795186836,-0.4619997323770575,0.23197536119735832,-0.7047204307332285,0.7170024033772157,0.7722377854413742,0.0,0.0
1032,-0.6461176214310569,-1.4497074305130688,-0.2697672257209691,-1.5419146707492228,-1.4371591867789992,-0.5904073743574709,-0.9352705653132926,-2.019802298195653,-1.5899910100581907,-0.7047204307332285,0.7170024033772157,0.7722377854413742,0.0,0.0
1033,-0.20681585073557296,-0.10408600229664455,-0.2697672257209691,0.4116423781638197,0.06043877488129027,0.7492527943628847,-2.078832828578453,1.0958028334415377,-0.6790078244304162,0.6150973505194979,0.7170024033772157,-1.2949379308452873,0.0,0.0
1034,-0.8838574032192011,-0.10408600229664455,-0.2697672257209691,0.4116423781638197,0.06043877488129027,0.7492527943628847,-2.078832828578453,1.0958028334415377,-0.6790078244304162,0.6150973505194979,0.7170024033772157,-1.2949379308452873,0.0,0.0
1035,-0.3360222538813035,-1.8120955205495735,-0.2697672257209691,0.4116423781638197,-1.4371591867789992,-1.9300675430778265,1.3518539612170293,-1.0851207587044955,-1.1344994172443033,1.9349151317722242,0.7170024033772157,0.7722377854413742,0.0,0.0
1036,1.0077243388342945,-0.4412736989171693,-0.2697672257209691,-1.5419146707492228,1.5580367365415795,-1.9300675430778265,0.20829169795186836,-0.4619997323770575,-0.22351623161652892,-0.7047204307332285,0.7170024033772157,0.7722377854413742,0.0,0.0
1037,-0.8528478664642258,-1.728821993438403,-0.2697672257209691,0.4116423781638197,-1.4371591867789992,-0.5904073743574709,1.3518539612170293,-0.7735602455407765,-1.1344994172443033,-0.7047204307332285,0.7170024033772157,0.7722377854413742,0.0,0.0
1038,-0.5996033162985939,0.3824668092565971,-0.2697672257209691,0.4116423781638197,1.5580367365415795,0.7492527943628847,0.20829169795186836,0.16112129395038063,0.23197536119735832,0.6150973505194979,0.7170024033772157,0.7722377854413742,0.0,0.0
1039,-0.9096986838483473,0.04380877046339996,-0.2697672257209691,-1.5419146707492228,-1.4371591867789992,-0.5904073743574709,-2.078832828578453,0.4726818071140997,-1.1344994172443033,0.6150973505194979,0.7170024033772157,0.7722377854413742,0.0,0.0
1040,-1.0647463676232238,-1.2918626425229427,-0.2697672257209691,0.4116423781638197,0.06043877488129027,-0.5904073743574709,-0.9352705653132926,1.0958028334415377,-1.1344994172443033,0.6150973505194979,0.7170024033772157,-1.2949379308452873,0.0,0.0
1041,-0.0776094475898424,-0.6551776670125264,-0.2697672257209691,-1.5419146707492228,1.5580367365415795,-1.9300675430778265,1.3518539612170293,0.16112129395038063,-0.6790078244304162,-0.7047204307332285,0.7170024033772157,0.7722377854413742,0.0,0.0
1042,-0.7804922807026167,-1.2918626425229427,-0.2697672257209691,0.4116423781638197,0.06043877488129027,-0.5904073743574709,-0.9352705653132926,1.0958028334415377,-1.1344994172443033,-0.7047204307332285,0.7170024033772157,-1.2949379308452873,0.0,0.0
1043,-0.4264667360833149,-1.728821993438403,-0.2697672257209691,0.4116423781638197,-1.4371591867789992,-0.5904073743574709,1.3518539612170293,-0.7735602455407765,-1.1344994172443033,-0.7047204307332285,0.7170024033772157,0.7722377854413742,0.0,0.0
1044,0.025755674926742054,0.7991489007540297,-0.2697672257209691,2.3651994270768624,0.06043877488129027,2.0889129630832404,0.20829169795186836,0.7842423202778188,1.1429585468251326,-0.7047204307332285,0.7170024033772157,0.7722377854413742,0.0,0.0
1045,-0.8373430980867381,0.7991489007540297,-0.2697672257209691,2.3651994270768624,0.06043877488129027,2.0889129630832404,0.20829169795186836,0.7842423202778188,1.1429585468251326,-0.7047204307332285,0.7170024033772157,0.7722377854413742,0.0,0.0
1046,-1.5789878521432317,0.7991489007540297,-0.2697672257209691,2.3651994270768624,0.06043877488129027,2.0889129630832404,0.20829169795186836,0.7842423202778188,1.1429585468251326,-0.7047204307332285,0.7170024033772157,0.7722377854413742,0.0,0.0
1047,-1.5712354679544878,0.7991489007540297,-0.2697672257209691,2.3651994270768624,0.06043877488129027,2.0889129630832404,0.20829169795186836,0.7842423202778188,1.1429585468251326,-0.7047204307332285,0.7170024033772157,0.7722377854413742,0.0,0.0
1048,-0.9303717083516642,-0.6551776670125264,-0.2697672257209691,-1.5419146707492228,1.5580367365415795,-1.9300675430778265,1.3518539612170293,0.16112129395038063,-0.6790078244304162,-0.7047204307332285,0.7170024033772157,0.7722377854413742,0.0,0.0
1049,-0.8011653052059335,-1.3479224465198205,-0.2697672257209691,-1.5419146707492228,0.06043877488129027,-0.5904073743574709,-0.9352705653132926,-1.0851207587044955,-1.1344994172443033,1.9349151317722242,0.7170024033772157,0.7722377854413742,0.0,0.0
1050,1.2661371451257555,0.3824668092565971,-0.2697672257209691,0.4116423781638197,1.5580367365415795,0.7492527943628847,0.20829169795186836,0.16112129395038063,0.23197536119735832,1.9349151317722242,0.7170024033772157,0.7722377854413742,0.0,0.0
1051,-0.38770481513959576,-0.10408600229664455,-0.2697672257209691,0.4116423781638197,0.06043877488129027,0.7492527943628847,-2.078832828578453,1.0958028334415377,-0.6790078244304162,1.9349151317722242,0.7170024033772157,-1.2949379308452873,0.0,0.0
1052,0.4908987262513721,-1.8120955205495735,-0.2697672257209691,0.4116423781638197,-1.4371591867789992,-1.9300675430778265,1.3518539612170293,-1.0851207587044955,-1.1344994172443033,-0.7047204307332285,0.7170024033772157,0.7722377854413742,0.0,0.0
1053,-0.6978001826893491,-1.728821993438403,-0.21665597329383415,0.4116423781638197,-1.4371591867789992,-0.5904073743574709,1.3518539612170293,-0.7735602455407765,-1.1344994172443033,0.6150973505194979,0.7170024033772157,0.7722377854413742,0.0,0.0
1054,-0.9303717083516642,0.04380877046339996,-0.21665597329383415,-1.5419146707492228,-1.4371591867789992,-0.5904073743574709,-2.078832828578453,0.4726818071140997,-1.1344994172443033,0.6150973505194979,0.7170024033772157,0.7722377854413742,0.0,0.0
1055,1.8579024715332015,0.6347224000017584,-0.21665597329383415,0.4116423781638197,0.06043877488129027,0.7492527943628847,0.20829169795186836,0.4726818071140997,1.1429585468251326,-0.7047204307332285,-1.394695464464014,0.7722377854413742,0.0,0.0
1056,-0.2843396926230113,0.7991489007540297,-0.21665597329383415,2.3651994270768624,0.06043877488129027,2.0889129630832404,0.20829169795186836,0.7842423202778188,1.1429585468251326,-0.7047204307332285,0.7170024033772157,0.7722377854413742,0.0,0.0
1057,0.4929660287017038,1.296146928441899,-0.21665597329383415,0.4116423781638197,0.06043877488129027,0.7492527943628847,0.20829169795186836,-0.7735602455407765,-0.22351623161652892,0.6150973505194979,0.7170024033772157,-1.2949379308452873,0.0,0.0
1058,-0.6461176214310569,-0.5403601873348578,-0.21665597329383415,0.4116423781638197,1.5580367365415795,0.7492527943628847,1.3518539612170293,1.718923859768976,-0.6790078244304162,1.9349151317722242,0.7170024033772157,-1.2949379308452873,0.0,0.0
1059,3.408379309281968,0.6347224000017584,-0.21665597329383415,0.4116423781638197,0.06043877488129027,0.7492527943628847,0.20829169795186836,0.4726818071140997,1.1429585468251326,-0.7047204307332285,-1.394695464464014,0.7722377854413742,0.0,0.0
1060,-0.9096986838483473,-0.6551776670125264,-0.21665597329383415,-1.5419146707492228,1.5580367365415795,-1.9300675430778265,1.3518539612170293,0.16112129395038063,-0.6790078244304162,-0.7047204307332285,0.7170024033772157,0.7722377854413742,0.0,0.0
1061,1.5193816952913874,0.6347224000017584,-0.21665597329383415,0.4116423781638197,0.06043877488129027,0.7492527943628847,0.20829169795186836,0.4726818071140997,1.1429585468251326,-0.7047204307332285,-1.394695464464014,0.7722377854413742,0.0,0.0
1062,-0.4652286570270341,-1.728821993438403,-0.21665597329383415,0.4116423781638197,-1.4371591867789992,-0.5904073743574709,1.3518539612170293,-0.7735602455407765,-1.1344994172443033,-0.7047204307332285,0.7170024033772157,0.7722377854413742,0.0,0.0
1063,-0.2584984119938652,-1.3479224465198205,-0.21665597329383415,-1.5419146707492228,0.06043877488129027,-0.5904073743574709,-0.9352705653132926,-1.0851207587044955,-1.1344994172443033,0.6150973505194979,0.7170024033772157,0.7722377854413742,0.0,0.0
1064,-0.2584984119938652,0.04380877046339996,-0.21665597329383415,-1.5419146707492228,-1.4371591867789992,-0.5904073743574709,-2.078832828578453,0.4726818071140997,-1.1344994172443033,1.9349151317722242,0.7170024033772157,0.7722377854413742,0.0,0.0
1065,-0.7236414633184952,-1.4497074305130688,-0.21665597329383415,-1.5419146707492228,-1.4371591867789992,-0.5904073743574709,-0.9352705653132926,-2.019802298195653,-1.5899910100581907,-0.7047204307332285,0.7170024033772157,0.7722377854413742,0.0,0.0
1066,1.0684513483127878,-0.5403601873348578,-0.21665597329383415,0.4116423781638197,1.5580367365415795,0.7492527943628847,1.3518539612170293,1.718923859768976,-0.6790078244304162,0.6150973505194979,0.7170024033772157,-1.2949379308452873,0.0,0.0
1067,-0.0776094475898424,1.305869306507629,-0.21665597329383415,0.4116423781638197,0.06043877488129027,-0.5904073743574709,0.20829169795186836,-0.4619997323770575,0.23197536119735832,-0.7047204307332285,0.7170024033772157,0.7722377854413742,0.0,0.0
1068,-0.16030154560310997,-1.8120955205495735,-0.21665597329383415,0.4116423781638197,-1.4371591867789992,-1.9300675430778265,1.3518539612170293,-1.0851207587044955,-1.1344994172443033,0.6150973505194979,0.7170024033772157,0.7722377854413742,0.0,0.0
1069,-0.3360222538813035,-1.728821993438403,-0.21665597329383415,0.4116423781638197,-1.4371591867789992,-0.5904073743574709,1.3518539612170293,-0.7735602455407765,-1.1344994172443033,0.6150973505194979,0.7170024033772157,0.7722377854413742,0.0,0.0
1070,-0.6848795423747761,0.04380877046339996,-0.21665597329383415,-1.5419146707492228,-1.4371591867789992,-0.5904073743574709,-2.078832828578453,0.4726818071140997,-1.1344994172443033,0.6150973505194979,0.7170024033772157,0.7722377854413742,0.0,0.0
1071,-0.11637136853356157,-1.2918626425229427,-0.21665597329383415,0.4116423781638197,0.06043877488129027,-0.5904073743574709,-0.9352705653132926,1.0958028334415377,-1.1344994172443033,1.9349151317722242,0.7170024033772157,-1.2949379308452873,0.0,0.0
1072,-0.8786891470933719,-0.6551776670125264,-0.21665597329383415,-1.5419146707492228,1.5580367365415795,-1.9300675430778265,1.3518539612170293,0.16112129395038063,-0.6790078244304162,-0.7047204307332285,0.7170024033772157,0.7722377854413742,0.0,0.0
1073,1.9380104414835544,-0.5403601873348578,-0.16354472086669922,0.4116423781638197,1.5580367365415795,0.7492527943628847,1.3518539612170293,1.718923859768976,-0.6790078244304162,1.9349151317722242,0.7170024033772157,-1.2949379308452873,0.0,0.0
1074,-1.1629432340139791,-1.4497074305130688,-0.16354472086669922,-1.5419146707492228,-1.4371591867789992,-0.5904073743574709,-0.9352705653132926,-2.019802298195653,-1.5899910100581907,-0.7047204307332285,0.7170024033772157,0.7722377854413742,0.0,0.0
1075,-1.4006830158021235,-1.2918626425229427,-0.16354472086669922,0.4116423781638197,0.06043877488129027,-0.5904073743574709,-0.9352705653132926,1.0958028334415377,-1.1344994172443033,0.6150973505194979,0.7170024033772157,-1.2949379308452873,0.0,0.0
1076,0.05159695555588817,0.04380877046339996,-0.16354472086669922,-1.5419146707492228,-1.4371591867789992,-0.5904073743574709,-2.078832828578453,0.4726818071140997,-1.1344994172443033,0.6150973505194979,0.7170024033772157,0.7722377854413742,0.0,0.0
1077,-0.5220794744111555,-1.4497074305130688,-0.16354472086669922,-1.5419146707492228,-1.4371591867789992,-0.5904073743574709,-0.9352705653132926,-2.019802298195653,-1.5899910100581907,-0.7047204307332285,0.7170024033772157,0.7722377854413742,0.0,0.0
1078,-0.3360222538813035,0.04380877046339996,-0.16354472086669922,-1.5419146707492228,-1.4371591867789992,-0.5904073743574709,-2.078832828578453,0.4726818071140997,-1.1344994172443033,0.6150973505194979,0.7170024033772157,0.7722377854413742,0.0,0.0
1079,-1.2921496371597097,-1.8120955205495735,-0.16354472086669922,0.4116423781638197,-1.4371591867789992,-1.9300675430778265,1.3518539612170293,-1.0851207587044955,-1.1344994172443033,0.6150973505194979,0.7170024033772157,0.7722377854413742,0.0,0.0
1080,-0.9285938282443789,0.04380877046339996,-0.16354472086669922,-1.5419146707492228,-1.4371591867789992,-0.5904073743574709,-2.078832828578453,0.4726818071140997,-1.1344994172443033,-0.7047204307332285,0.7170024033772157,0.7722377854413742,0.0,0.0
1081,-0.9252034522258349,0.04380877046339996,-0.16354472086669922,-1.5419146707492228,-1.4371591867789992,-0.5904073743574709,-2.078832828578453,0.4726818071140997,-1.1344994172443033,0.6150973505194979,0.7170024033772157,0.7722377854413742,0.0,0.0
1082,0.1497938219466434,0.04380877046339996,-0.16354472086669922,-1.5419146707492228,-1.4371591867789992,-0.5904073743574709,-2.078832828578453,0.4726818071140997,-1.1344994172443033,0.6150973505194979,0.7170024033772157,0.7722377854413742,0.0,0.0
1083,-0.41354609576874185,1.7579056603707548,-0.16354472086669922,-1.5419146707492228,-1.4371591867789992,-1.9300675430778265,-2.078832828578453,-3.8891653771779673,0.23197536119735832,-0.7047204307332285,0.7170024033772157,0.7722377854413742,0.0,0.0
1084,-0.6848795423747761,0.04380877046339996,-0.16354472086669922,-1.5419146707492228,-1.4371591867789992,-0.5904073743574709,-2.078832828578453,0.4726818071140997,-1.1344994172443033,1.9349151317722242,0.7170024033772157,0.7722377854413742,0.0,0.0
1085,2.041375564000139,-0.5403601873348578,-0.16354472086669922,0.4116423781638197,1.5580367365415795,0.7492527943628847,1.3518539612170293,1.718923859768976,-0.6790078244304162,0.6150973505194979,0.7170024033772157,-1.2949379308452873,0.0,0.0
1086,-0.8218383297092504,0.7991489007540297,-0.16354472086669922,2.3651994270768624,0.06043877488129027,2.0889129630832404,0.20829169795186836,0.7842423202778188,1.1429585468251326,-0.7047204307332285,0.7170024033772157,0.7722377854413742,0.0,0.0
1087,-0.3722000467621081,-0.6551776670125264,-0.16354472086669922,-1.5419146707492228,1.5580367365415795,-1.9300675430778265,1.3518539612170293,0.16112129395038063,-0.6790078244304162,-0.7047204307332285,0.7170024033772157,0.7722377854413742,0.0,0.0
1088,-0.9303717083516642,-1.728821993438403,-0.16354472086669922,0.4116423781638197,-1.4371591867789992,-0.5904073743574709,1.3518539612170293,-0.7735602455407765,-1.1344994172443033,-0.7047204307332285,0.7170024033772157,0.7722377854413742,0.0,0.0
1089,-1.4782068576895617,-1.3479224465198205,-0.16354472086669922,-1.5419146707492228,0.06043877488129027,-0.5904073743574709,-0.9352705653132926,-1.0851207587044955,-1.1344994172443033,1.9349151317722242,0.7170024033772157,0.7722377854413742,0.0,0.0
1090,-0.9096986838483473,0.04380877046339996,-0.16354472086669922,-1.5419146707492228,-1.4371591867789992,-0.5904073743574709,-2.078832828578453,0.4726818071140997,-1.1344994172443033,1.9349151317722242,0.7170024033772157,0.7722377854413742,0.0,0.0
1091,-0.9174510680370911,0.04380877046339996,-0.16354472086669922,-1.5419146707492228,-1.4371591867789992,-0.5904073743574709,-2.078832828578453,0.4726818071140997,-1.1344994172443033,0.6150973505194979,0.7170024033772157,0.7722377854413742,0.0,0.0
1092,-0.439387376397888,-0.6551776670125264,-0.16354472086669922,-1.5419146707492228,1.5580367365415795,-1.9300675430778265,1.3518539612170293,0.16112129395038063,-0.6790078244304162,-0.7047204307332285,0.7170024033772157,0.7722377854413742,0.0,0.0
1093,0.25832720058905706,-0.5403601873348578,-0.16354472086669922,0.4116423781638197,1.5580367365415795,0.7492527943628847,1.3518539612170293,1.718923859768976,-0.6790078244304162,1.9349151317722242,0.7170024033772157,-1.2949379308452873,0.0,0.0
1094,-0.8011653052059335,-1.728821993438403,-0.16354472086669922,0.4116423781638197,-1.4371591867789992,-0.5904073743574709,1.3518539612170293,-0.7735602455407765,-1.1344994172443033,0.6150973505194979,0.7170024033772157,0.7722377854413742,0.0,0.0
1095,1.9044167766656646,0.6060927032090964,-0.16354472086669922,0.4116423781638197,0.06043877488129027,0.7492527943628847,0.20829169795186836,0.4726818071140997,1.1429585468251326,-0.7047204307332285,-1.394695464464014,-1.2949379308452873,0.0,0.0
1096,-0.671958902060203,-0.5403601873348578,-0.16354472086669922,0.4116423781638197,1.5580367365415795,0.7492527943628847,1.3518539612170293,1.718923859768976,-0.6790078244304162,0.6150973505194979,0.7170024033772157,-1.2949379308452873,0.0,0.0
1097,1.9044167766656646,0.6060927032090964,-0.16354472086669922,0.4116423781638197,0.06043877488129027,0.7492527943628847,0.20829169795186836,0.4726818071140997,1.1429585468251326,-0.7047204307332285,-1.394695464464014,-1.2949379308452873,0.0,0.0
1098,1.8630707276590308,0.6060927032090964,-0.16354472086669922,0.4116423781638197,0.06043877488129027,0.7492527943628847,0.20829169795186836,0.4726818071140997,1.1429585468251326,-0.7047204307332285,-1.394695464464014,-1.2949379308452873,0.0,0.0
1099,-0.0934036383103765,0.5223551462595128,-0.16354472086669922,0.4116423781638197,0.06043877488129027,0.7492527943628847,0.20829169795186836,-0.15043921921333844,0.6874669540112455,1.9349151317722242,0.7170024033772157,0.7722377854413742,0.0,0.0
1100,-0.44226092680384904,0.04380877046339996,-0.16354472086669922,-1.5419146707492228,-1.4371591867789992,-0.5904073743574709,-2.078832828578453,0.4726818071140997,-1.1344994172443033,-0.7047204307332285,0.7170024033772157,0.7722377854413742,0.0,0.0
1101,0.5684225681388104,0.5223551462595128,-0.16354472086669922,0.4116423781638197,0.06043877488129027,0.7492527943628847,0.20829169795186836,-0.15043921921333844,0.6874669540112455,-0.7047204307332285,0.7170024033772157,0.7722377854413742,0.0,0.0
1102,0.697628971284541,-0.5403601873348578,-0.16354472086669922,0.4116423781638197,1.5580367365415795,0.7492527943628847,1.3518539612170293,1.718923859768976,-0.6790078244304162,0.6150973505194979,0.7170024033772157,-1.2949379308452873,0.0,0.0
1103,1.8863278802252623,-0.5403601873348578,-0.16354472086669922,0.4116423781638197,1.5580367365415795,0.7492527943628847,1.3518539612170293,1.718923859768976,-0.6790078244304162,1.9349151317722242,0.7170024033772157,-1.2949379308452873,0.0,0.0
1104,-0.05693642308652551,-1.3479224465198205,-0.16354472086669922,-1.5419146707492228,0.06043877488129027,-0.5904073743574709,-0.9352705653132926,-1.0851207587044955,-1.1344994172443033,1.9349151317722242,0.7170024033772157,0.7722377854413742,0.0,0.0
1105,-1.6797688465969014,0.7991489007540297,-0.16354472086669922,2.3651994270768624,0.06043877488129027,2.0889129630832404,0.20829169795186836,0.7842423202778188,1.1429585468251326,-0.7047204307332285,0.7170024033772157,0.7722377854413742,0.0,0.0
1106,-0.36186353451044967,-1.728821993438403,-0.16354472086669922,0.4116423781638197,-1.4371591867789992,-0.5904073743574709,1.3518539612170293,-0.7735602455407765,-1.1344994172443033,-0.7047204307332285,0.7170024033772157,0.7722377854413742,0.0,0.0
1107,0.41337488436393377,-0.10408600229664455,-0.1104334684395643,0.4116423781638197,0.06043877488129027,0.7492527943628847,-2.078832828578453,1.0958028334415377,-0.6790078244304162,1.9349151317722242,0.7170024033772157,-1.2949379308452873,0.0,0.0
1108,-0.7675716403880436,-0.10408600229664455,-0.1104334684395643,0.4116423781638197,0.06043877488129027,0.7492527943628847,-2.078832828578453,1.0958028334415377,-0.6790078244304162,-0.7047204307332285,0.7170024033772157,-1.2949379308452873,0.0,0.0
1109,0.20664463933076485,-0.5403601873348578,-0.1104334684395643,0.4116423781638197,1.5580367365415795,0.7492527943628847,1.3518539612170293,1.718923859768976,-0.6790078244304162,1.9349151317722242,0.7170024033772157,-1.2949379308452873,0.0,0.0
1110,-1.5376418031365977,0.7991489007540297,-0.1104334684395643,2.3651994270768624,0.06043877488129027,2.0889129630832404,0.20829169795186836,0.7842423202778188,1.1429585468251326,-0.7047204307332285,0.7170024033772157,0.7722377854413742,0.0,0.0
1111,-0.8528478664642258,-1.728821993438403,-0.1104334684395643,0.4116423781638197,-1.4371591867789992,-0.5904073743574709,1.3518539612170293,-0.7735602455407765,-1.1344994172443033,0.6150973505194979,0.7170024033772157,0.7722377854413742,0.0,0.0
1112,0.4908987262513721,0.3824668092565971,-0.1104334684395643,0.4116423781638197,1.5580367365415795,0.7492527943628847,0.20829169795186836,0.16112129395038063,0.23197536119735832,0.6150973505194979,0.7170024033772157,0.7722377854413742,0.0,0.0
1113,-0.7236414633184952,1.296146928441899,-0.1104334684395643,0.4116423781638197,0.06043877488129027,0.7492527943628847,0.20829169795186836,-0.7735602455407765,-0.22351623161652892,0.6150973505194979,0.7170024033772157,-1.2949379308452873,0.0,0.0
1114,-1.4084353999908672,-1.3479224465198205,-0.1104334684395643,-1.5419146707492228,0.06043877488129027,-0.5904073743574709,-0.9352705653132926,-1.0851207587044955,-1.1344994172443033,0.6150973505194979,0.7170024033772157,0.7722377854413742,0.0,0.0
1115,0.465057445622226,0.44116885080095214,-0.1104334684395643,0.4116423781638197,1.5580367365415795,0.7492527943628847,0.20829169795186836,-0.15043921921333844,1.1429585468251326,-0.7047204307332285,0.7170024033772157,0.7722377854413742,0.0,0.0
1116,0.07743823618503429,0.04380877046339996,-0.1104334684395643,-1.5419146707492228,-1.4371591867789992,-0.5904073743574709,-2.078832828578453,0.4726818071140997,-1.1344994172443033,-0.7047204307332285,0.7170024033772157,0.7722377854413742,0.0,0.0
1117,0.10327951681418039,0.04380877046339996,-0.1104334684395643,-1.5419146707492228,-1.4371591867789992,-0.5904073743574709,-2.078832828578453,0.4726818071140997,-1.1344994172443033,-0.7047204307332285,0.7170024033772157,0.7722377854413742,0.0,0.0
1118,-1.2456353320272466,-1.8120955205495735,-0.1104334684395643,0.4116423781638197,-1.4371591867789992,-1.9300675430778265,1.3518539612170293,-1.0851207587044955,-1.1344994172443033,-0.7047204307332285,0.7170024033772157,0.7722377854413742,0.0,0.0
1119,-1.3050702774742828,-1.8120955205495735,-0.1104334684395643,0.4116423781638197,-1.4371591867789992,-1.9300675430778265,1.3518539612170293,-1.0851207587044955,-1.1344994172443033,-0.7047204307332285,0.7170024033772157,0.7722377854413742,0.0,0.0
1120,0.025755674926742054,-1.8120955205495735,-0.1104334684395643,0.4116423781638197,-1.4371591867789992,-1.9300675430778265,1.3518539612170293,-1.0851207587044955,-1.1344994172443033,1.9349151317722242,0.7170024033772157,0.7722377854413742,0.0,0.0
1121,1.728696068387471,0.6347224000017584,-0.1104334684395643,0.4116423781638197,0.06043877488129027,0.7492527943628847,0.20829169795186836,0.4726818071140997,1.1429585468251326,-0.7047204307332285,-1.394695464464014,0.7722377854413742,0.0,0.0
1122,1.3850070360198277,0.6347224000017584,-0.1104334684395643,0.4116423781638197,0.06043877488129027,0.7492527943628847,0.20829169795186836,0.4726818071140997,1.1429585468251326,-0.7047204307332285,-1.394695464464014,0.7722377854413742,0.0,0.0
1123,-1.1629432340139791,-1.728821993438403,-0.1104334684395643,0.4116423781638197,-1.4371591867789992,-0.5904073743574709,1.3518539612170293,-0.7735602455407765,-1.1344994172443033,-0.7047204307332285,0.7170024033772157,0.7722377854413742,0.0,0.0
1124,-0.4424883300733855,-1.3479224465198205,-0.1104334684395643,-1.5419146707492228,0.06043877488129027,-0.5904073743574709,-0.9352705653132926,-1.0851207587044955,-1.1344994172443033,-0.7047204307332285,0.7170024033772157,0.7722377854413742,0.0,0.0
1125,1.8372294470298847,0.6060927032090964,-0.1104334684395643,0.4116423781638197,0.06043877488129027,0.7492527943628847,0.20829169795186836,0.4726818071140997,1.1429585468251326,-0.7047204307332285,-1.394695464464014,-1.2949379308452873,0.0,0.0
1126,1.741616708702044,0.6347224000017584,-0.1104334684395643,0.4116423781638197,0.06043877488129027,0.7492527943628847,0.20829169795186836,0.4726818071140997,1.1429585468251326,-0.7047204307332285,-1.394695464464014,0.7722377854413742,0.0,0.0
1127,-1.369673479047148,-1.8120955205495735,-0.1104334684395643,0.4116423781638197,-1.4371591867789992,-1.9300675430778265,1.3518539612170293,-1.0851207587044955,-1.1344994172443033,1.9349151317722242,0.7170024033772157,0.7722377854413742,0.0,0.0
1128,-0.8399272261496528,-0.10408600229664455,-0.1104334684395643,0.4116423781638197,0.06043877488129027,0.7492527943628847,-2.078832828578453,1.0958028334415377,-0.6790078244304162,1.9349151317722242,0.7170024033772157,-1.2949379308452873,0.0,0.0
1129,0.7157178677249433,0.2304354707659634,-0.1104334684395643,-1.5419146707492228,1.5580367365415795,-0.5904073743574709,0.20829169795186836,0.4726818071140997,1.1429585468251326,-0.7047204307332285,0.7170024033772157,0.7722377854413742,0.0,0.0
1130,-0.3360222538813035,-1.728821993438403,-0.1104334684395643,0.4116423781638197,-1.4371591867789992,-0.5904073743574709,1.3518539612170293,-0.7735602455407765,-1.1344994172443033,-0.7047204307332285,0.7170024033772157,0.7722377854413742,0.0,0.0
1131,-0.26137196239982624,0.04380877046339996,-0.1104334684395643,-1.5419146707492228,-1.4371591867789992,-0.5904073743574709,-2.078832828578453,0.4726818071140997,-1.1344994172443033,0.6150973505194979,0.7170024033772157,0.7722377854413742,0.0,0.0
1132,-0.025926886331550172,-1.3479224465198205,-0.1104334684395643,-1.5419146707492228,0.06043877488129027,-0.5904073743574709,-0.9352705653132926,-1.0851207587044955,-1.1344994172443033,-0.7047204307332285,0.7170024033772157,0.7722377854413742,0.0,0.0
1133,-0.9303717083516642,-0.10408600229664455,-0.05732221601242936,0.4116423781638197,0.06043877488129027,0.7492527943628847,-2.078832828578453,1.0958028334415377,-0.6790078244304162,0.6150973505194979,0.7170024033772157,-1.2949379308452873,0.0,0.0
1134,1.8682389837848599,0.6347224000017584,-0.05732221601242936,0.4116423781638197,0.06043877488129027,0.7492527943628847,0.20829169795186836,0.4726818071140997,1.1429585468251326,-0.7047204307332285,-1.394695464464014,0.7722377854413742,0.0,0.0
1135,0.3875336037347876,-1.8120955205495735,-0.05732221601242936,0.4116423781638197,-1.4371591867789992,-1.9300675430778265,1.3518539612170293,-1.0851207587044955,-1.1344994172443033,0.6150973505194979,0.7170024033772157,0.7722377854413742,0.0,0.0
1136,-1.5634830837657439,0.3824668092565971,-0.05732221601242936,0.4116423781638197,1.5580367365415795,0.7492527943628847,0.20829169795186836,0.16112129395038063,0.23197536119735832,1.9349151317722242,0.7170024033772157,0.7722377854413742,0.0,0.0
1137,0.1291207974433265,0.04380877046339996,-0.05732221601242936,-1.5419146707492228,-1.4371591867789992,-0.5904073743574709,-2.078832828578453,0.4726818071140997,-1.1344994172443033,1.9349151317722242,0.7170024033772157,0.7722377854413742,0.0,0.0
1138,-0.0776094475898424,0.2304354707659634,-0.05732221601242936,-1.5419146707492228,1.5580367365415795,-0.5904073743574709,0.20829169795186836,0.4726818071140997,1.1429585468251326,-0.7047204307332285,0.7170024033772157,0.7722377854413742,0.0,0.0
1139,1.8604865995961162,-1.8120955205495735,-0.05732221601242936,0.4116423781638197,-1.4371591867789992,-1.9300675430778265,1.3518539612170293,-1.0851207587044955,-1.1344994172443033,0.6150973505194979,0.7170024033772157,0.7722377854413742,0.0,0.0
1140,-0.0776094475898424,-1.3479224465198205,-0.05732221601242936,-1.5419146707492228,0.06043877488129027,-0.5904073743574709,-0.9352705653132926,-1.0851207587044955,-1.1344994172443033,1.9349151317722242,0.7170024033772157,0.7722377854413742,0.0,0.0
1141,-0.8011653052059335,0.44116885080095214,-0.05732221601242936,0.4116423781638197,1.5580367365415795,0.7492527943628847,0.20829169795186836,-0.15043921921333844,1.1429585468251326,-0.7047204307332285,0.7170024033772157,0.7722377854413742,0.0,0.0
1142,1.8630707276590308,0.6060927032090964,-0.05732221601242936,0.4116423781638197,0.06043877488129027,0.7492527943628847,0.20829169795186836,0.4726818071140997,1.1429585468251326,-0.7047204307332285,-1.394695464464014,-1.2949379308452873,0.0,0.0
1143,0.6201051293971026,-0.5403601873348578,-0.05732221601242936,0.4116423781638197,1.5580367365415795,0.7492527943628847,1.3518539612170293,1.718923859768976,-0.6790078244304162,-0.7047204307332285,0.7170024033772157,-1.2949379308452873,0.0,0.0
1144,-1.3179909177888558,-0.10408600229664455,-0.05732221601242936,0.4116423781638197,0.06043877488129027,0.7492527943628847,-2.078832828578453,1.0958028334415377,-0.6790078244304162,-0.7047204307332285,0.7170024033772157,-1.2949379308452873,0.0,0.0
1145,-0.12929200884813463,-1.8120955205495735,-0.05732221601242936,0.4116423781638197,-1.4371591867789992,-1.9300675430778265,1.3518539612170293,-1.0851207587044955,-1.1344994172443033,-0.7047204307332285,0.7170024033772157,0.7722377854413742,0.0,0.0
1146,-0.05693642308652551,-0.5403601873348578,-0.05732221601242936,0.4116423781638197,1.5580367365415795,0.7492527943628847,1.3518539612170293,1.718923859768976,-0.6790078244304162,1.9349151317722242,0.7170024033772157,-1.2949379308452873,0.0,0.0
1147,0.41337488436393377,-1.4497074305130688,-0.05732221601242936,-1.5419146707492228,-1.4371591867789992,-0.5904073743574709,-0.9352705653132926,-2.019802298195653,-1.5899910100581907,-0.7047204307332285,0.7170024033772157,0.7722377854413742,0.0,0.0
1148,0.6201051293971026,-1.8120955205495735,-0.05732221601242936,0.4116423781638197,-1.4371591867789992,-1.9300675430778265,1.3518539612170293,-1.0851207587044955,-1.1344994172443033,1.9349151317722242,0.7170024033772157,0.7722377854413742,0.0,0.0
1149,-0.904530427722518,-1.728821993438403,-0.05732221601242936,0.4116423781638197,-1.4371591867789992,-0.5904073743574709,1.3518539612170293,-0.7735602455407765,-1.1344994172443033,-0.7047204307332285,0.7170024033772157,0.7722377854413742,0.0,0.0
1150,0.6872924590328826,0.6347224000017584,0.0489002888418405,0.4116423781638197,0.06043877488129027,0.7492527943628847,0.20829169795186836,0.4726818071140997,1.1429585468251326,-0.7047204307332285,-1.394695464464014,0.7722377854413742,0.0,0.0
1151,-0.8011653052059335,-0.10408600229664455,0.0489002888418405,0.4116423781638197,0.06043877488129027,0.7492527943628847,-2.078832828578453,1.0958028334415377,-0.6790078244304162,1.9349151317722242,0.7170024033772157,-1.2949379308452873,0.0,0.0
1152,-1.4988798821928786,-1.4497074305130688,0.0489002888418405,-1.5419146707492228,-1.4371591867789992,-0.5904073743574709,-0.9352705653132926,-2.019802298195653,-1.5899910100581907,-0.7047204307332285,0.7170024033772157,0.7722377854413742,0.0,0.0
1153,-0.6926319265635199,0.04380877046339996,0.0489002888418405,-1.5419146707492228,-1.4371591867789992,-0.5904073743574709,-2.078832828578453,0.4726818071140997,-1.1344994172443033,1.9349151317722242,0.7170024033772157,0.7722377854413742,0.0,0.0
1154,-0.904530427722518,-0.10408600229664455,0.0489002888418405,0.4116423781638197,0.06043877488129027,0.7492527943628847,-2.078832828578453,1.0958028334415377,-0.6790078244304162,1.9349151317722242,0.7170024033772157,-1.2949379308452873,0.0,0.0
1155,-0.1008666001560739,0.04380877046339996,0.0489002888418405,-1.5419146707492228,-1.4371591867789992,-0.5904073743574709,-2.078832828578453,0.4726818071140997,-1.1344994172443033,-0.7047204307332285,0.7170024033772157,0.7722377854413742,0.0,0.0
1156,0.09035887649960733,-0.5403601873348578,0.0489002888418405,0.4116423781638197,1.5580367365415795,0.7492527943628847,1.3518539612170293,1.718923859768976,-0.6790078244304162,0.6150973505194979,0.7170024033772157,-1.2949379308452873,0.0,0.0
1157,1.0852481807217327,-0.6551776670125264,0.0489002888418405,-1.5419146707492228,1.5580367365415795,-1.9300675430778265,1.3518539612170293,0.16112129395038063,-0.6790078244304162,-0.7047204307332285,0.7170024033772157,0.7722377854413742,0.0,0.0
1158,-0.8011653052059335,-1.728821993438403,0.0489002888418405,0.4116423781638197,-1.4371591867789992,-0.5904073743574709,1.3518539612170293,-0.7735602455407765,-1.1344994172443033,0.6150973505194979,0.7170024033772157,0.7722377854413742,0.0,0.0
1159,-0.2378253874905483,0.04380877046339996,0.0489002888418405,-1.5419146707492228,-1.4371591867789992,-0.5904073743574709,-2.078832828578453,0.4726818071140997,-1.1344994172443033,1.9349151317722242,0.7170024033772157,0.7722377854413742,0.0,0.0
1160,0.8268353744302716,-1.4497074305130688,0.0489002888418405,-1.5419146707492228,-1.4371591867789992,-0.5904073743574709,-0.9352705653132926,-2.019802298195653,-1.5899910100581907,-0.7047204307332285,0.7170024033772157,0.7722377854413742,0.0,0.0
1161,-0.20681585073557296,0.5223551462595128,0.0489002888418405,0.4116423781638197,0.06043877488129027,0.7492527943628847,0.20829169795186836,-0.15043921921333844,0.6874669540112455,-0.7047204307332285,0.7170024033772157,0.7722377854413742,0.0,0.0
1162,1.7467849648278733,0.6347224000017584,0.0489002888418405,0.4116423781638197,0.06043877488129027,0.7492527943628847,0.20829169795186836,0.4726818071140997,1.1429585468251326,-0.7047204307332285,-1.394695464464014,0.7722377854413742,0.0,0.0
1163,0.025755674926742054,0.04380877046339996,0.0489002888418405,-1.5419146707492228,-1.4371591867789992,-0.5904073743574709,-2.078832828578453,0.4726818071140997,-1.1344994172443033,0.6150973505194979,0.7170024033772157,0.7722377854413742,0.0,0.0
1164,1.5038769269138996,0.6347224000017584,0.0489002888418405,0.4116423781638197,0.06043877488129027,0.7492527943628847,0.20829169795186836,0.4726818071140997,1.1429585468251326,-0.7047204307332285,-1.394695464464014,0.7722377854413742,0.0,0.0
1165,1.8088040383378239,0.6347224000017584,0.0489002888418405,0.4116423781638197,0.06043877488129027,0.7492527943628847,0.20829169795186836,0.4726818071140997,1.1429585468251326,-0.7047204307332285,-1.394695464464014,0.7722377854413742,0.0,0.0
1166,2.284283601914112,0.6347224000017584,0.0489002888418405,0.4116423781638197,0.06043877488129027,0.7492527943628847,0.20829169795186836,0.4726818071140997,1.1429585468251326,-0.7047204307332285,-1.394695464464014,0.7722377854413742,0.0,0.0
1167,0.10327951681418039,-1.8120955205495735,0.0489002888418405,0.4116423781638197,-1.4371591867789992,-1.9300675430778265,1.3518539612170293,-1.0851207587044955,-1.1344994172443033,-0.7047204307332285,0.7170024033772157,0.7722377854413742,0.0,0.0
1168,-1.2146257952722714,-1.4497074305130688,0.0489002888418405,-1.5419146707492228,-1.4371591867789992,-0.5904073743574709,-0.9352705653132926,-2.019802298195653,-1.5899910100581907,-0.7047204307332285,0.7170024033772157,0.7722377854413742,0.0,0.0
1169,0.15496207807247261,-0.5403601873348578,0.0489002888418405,0.4116423781638197,1.5580367365415795,0.7492527943628847,1.3518539612170293,1.718923859768976,-0.6790078244304162,0.6150973505194979,0.7170024033772157,-1.2949379308452873,0.0,0.0
1170,0.11620015712875345,-0.5403601873348578,0.0489002888418405,0.4116423781638197,1.5580367365415795,0.7492527943628847,1.3518539612170293,1.718923859768976,-0.6790078244304162,0.6150973505194979,0.7170024033772157,-1.2949379308452873,0.0,0.0
1171,-1.4782068576895617,-1.3479224465198205,0.0489002888418405,-1.5419146707492228,0.06043877488129027,-0.5904073743574709,-0.9352705653132926,-1.0851207587044955,-1.1344994172443033,0.6150973505194979,0.7170024033772157,0.7722377854413742,0.0,0.0
1172,1.7261119403245564,0.6347224000017584,0.0489002888418405,0.4116423781638197,0.06043877488129027,0.7492527943628847,0.20829169795186836,0.4726818071140997,1.1429585468251326,-0.7047204307332285,-1.394695464464014,0.7722377854413742,0.0,0.0
1173,-0.31018097325215743,-0.5403601873348578,0.0489002888418405,0.4116423781638197,1.5580367365415795,0.7492527943628847,1.3518539612170293,1.718923859768976,-0.6790078244304162,1.9349151317722242,0.7170024033772157,-1.2949379308452873,0.0,0.0
1174,-0.7882446648913605,-1.4497074305130688,0.0489002888418405,-1.5419146707492228,-1.4371591867789992,-0.5904073743574709,-0.9352705653132926,-2.019802298195653,-1.5899910100581907,-0.7047204307332285,0.7170024033772157,0.7722377854413742,0.0,0.0
1175,0.42112726855267757,1.305869306507629,0.0489002888418405,0.4116423781638197,0.06043877488129027,-0.5904073743574709,0.20829169795186836,-0.4619997323770575,0.23197536119735832,-0.7047204307332285,0.7170024033772157,0.7722377854413742,0.0,0.0
1176,-0.6978001826893491,-1.4497074305130688,0.0489002888418405,-1.5419146707492228,-1.4371591867789992,-0.5904073743574709,-0.9352705653132926,-2.019802298195653,-1.5899910100581907,-0.7047204307332285,0.7170024033772157,0.7722377854413742,0.0,0.0
1177,0.2195652796453379,0.3824668092565971,0.0489002888418405,0.4116423781638197,1.5580367365415795,0.7492527943628847,0.20829169795186836,0.16112129395038063,0.23197536119735832,-0.7047204307332285,0.7170024033772157,0.7722377854413742,0.0,0.0
1178,-0.6525779415883434,1.305869306507629,0.0489002888418405,0.4116423781638197,0.06043877488129027,-0.5904073743574709,0.20829169795186836,-0.4619997323770575,0.23197536119735832,-0.7047204307332285,0.7170024033772157,0.7722377854413742,0.0,0.0
1179,1.488372158536412,0.6347224000017584,0.0489002888418405,0.4116423781638197,0.06043877488129027,0.7492527943628847,0.20829169795186836,0.4726818071140997,1.1429585468251326,-0.7047204307332285,-1.394695464464014,0.7722377854413742,0.0,0.0
1180,-0.9820542696099563,0.04380877046339996,0.0489002888418405,-1.5419146707492228,-1.4371591867789992,-0.5904073743574709,-2.078832828578453,0.4726818071140997,-1.1344994172443033,1.9349151317722242,0.7170024033772157,0.7722377854413742,0.0,0.0
1181,0.10327951681418039,1.7579056603707548,0.0489002888418405,-1.5419146707492228,-1.4371591867789992,-1.9300675430778265,-2.078832828578453,-3.8891653771779673,0.23197536119735832,0.6150973505194979,0.7170024033772157,0.7722377854413742,0.0,0.0
1182,1.8062199102749092,0.6347224000017584,0.0489002888418405,0.4116423781638197,0.06043877488129027,0.7492527943628847,0.20829169795186836,0.4726818071140997,1.1429585468251326,-0.7047204307332285,-1.394695464464014,0.7722377854413742,0.0,0.0
1183,-0.8011653052059335,-1.728821993438403,0.0489002888418405,0.4116423781638197,-1.4371591867789992,-0.5904073743574709,1.3518539612170293,-0.7735602455407765,-1.1344994172443033,-0.7047204307332285,0.7170024033772157,0.7722377854413742,0.0,0.0
1184,1.9121691608544082,0.6060927032090964,0.0489002888418405,0.4116423781638197,0.06043877488129027,0.7492527943628847,0.20829169795186836,0.4726818071140997,1.1429585468251326,-0.7047204307332285,-1.394695464464014,-1.2949379308452873,0.0,0.0
1185,-1.628086285338609,0.7991489007540297,0.0489002888418405,2.3651994270768624,0.06043877488129027,2.0889129630832404,0.20829169795186836,0.7842423202778188,1.1429585468251326,-0.7047204307332285,0.7170024033772157,0.7722377854413742,0.0,0.0
1186,-0.0776094475898424,0.04380877046339996,0.0489002888418405,-1.5419146707492228,-1.4371591867789992,-0.5904073743574709,-2.078832828578453,0.4726818071140997,-1.1344994172443033,-0.7047204307332285,0.7170024033772157,0.7722377854413742,0.0,0.0
1187,2.227432784529991,0.6060927032090964,0.0489002888418405,0.4116423781638197,0.06043877488129027,0.7492527943628847,0.20829169795186836,0.4726818071140997,1.1429585468251326,-0.7047204307332285,-1.394695464464014,-1.2949379308452873,0.0,0.0
1188,1.674429379066264,0.6347224000017584,0.0489002888418405,0.4116423781638197,0.06043877488129027,0.7492527943628847,0.20829169795186836,0.4726818071140997,1.1429585468251326,-0.7047204307332285,-1.394695464464014,0.7722377854413742,0.0,0.0
1189,0.0826064923108635,-1.8120955205495735,0.0489002888418405,0.4116423781638197,-1.4371591867789992,-1.9300675430778265,1.3518539612170293,-1.0851207587044955,-1.1344994172443033,1.9349151317722242,0.7170024033772157,0.7722377854413742,0.0,0.0
1190,-1.0337368308682486,0.04380877046339996,0.0489002888418405,-1.5419146707492228,-1.4371591867789992,-0.5904073743574709,-2.078832828578453,0.4726818071140997,-1.1344994172443033,1.9349151317722242,0.7170024033772157,0.7722377854413742,0.0,0.0
1191,1.0025560827084652,0.2304354707659634,0.0489002888418405,-1.5419146707492228,1.5580367365415795,-0.5904073743574709,0.20829169795186836,0.4726818071140997,1.1429585468251326,-0.7047204307332285,0.7170024033772157,0.7722377854413742,0.0,0.0
1192,-0.38770481513959576,-0.6551776670125264,0.0489002888418405,-1.5419146707492228,1.5580367365415795,-1.9300675430778265,1.3518539612170293,0.16112129395038063,-0.6790078244304162,-0.7047204307332285,0.7170024033772157,0.7722377854413742,0.0,0.0
1193,-1.4988798821928786,-1.3479224465198205,0.0489002888418405,-1.5419146707492228,0.06043877488129027,-0.5904073743574709,-0.9352705653132926,-1.0851207587044955,-1.1344994172443033,0.6150973505194979,0.7170024033772157,0.7722377854413742,0.0,0.0
1194,-0.4703969131528633,0.04380877046339996,0.0489002888418405,-1.5419146707492228,-1.4371591867789992,-0.5904073743574709,-2.078832828578453,0.4726818071140997,-1.1344994172443033,-0.7047204307332285,0.7170024033772157,0.7722377854413742,0.0,0.0
1195,0.4262955246785068,-1.728821993438403,0.0489002888418405,0.4116423781638197,-1.4371591867789992,-0.5904073743574709,1.3518539612170293,-0.7735602455407765,-1.1344994172443033,1.9349151317722242,0.7170024033772157,0.7722377854413742,0.0,0.0
1196,-0.27141905230843827,-1.2918626425229427,0.0489002888418405,0.4116423781638197,0.06043877488129027,-0.5904073743574709,-0.9352705653132926,1.0958028334415377,-1.1344994172443033,0.6150973505194979,0.7170024033772157,-1.2949379308452873,0.0,0.0
1197,-0.44226092680384904,0.04380877046339996,0.0489002888418405,-1.5419146707492228,-1.4371591867789992,-0.5904073743574709,-2.078832828578453,0.4726818071140997,-1.1344994172443033,-0.7047204307332285,0.7170024033772157,0.7722377854413742,0.0,0.0
1198,2.16541371102004,0.6347224000017584,0.0489002888418405,0.4116423781638197,0.06043877488129027,0.7492527943628847,0.20829169795186836,0.4726818071140997,1.1429585468251326,-0.7047204307332285,-1.394695464464014,0.7722377854413742,0.0,0.0
1199,-0.15513328947728075,-1.4497074305130688,0.0489002888418405,-1.5419146707492228,-1.4371591867789992,-0.5904073743574709,-0.9352705653132926,-2.019802298195653,-1.5899910100581907,-0.7047204307332285,0.7170024033772157,0.7722377854413742,0.0,0.0
1200,1.6666769948775202,0.6347224000017584,0.15512279369611037,0.4116423781638197,0.06043877488129027,0.7492527943628847,0.20829169795186836,0.4726818071140997,1.1429585468251326,-0.7047204307332285,-1.394695464464014,0.7722377854413742,0.0,0.0
1201,-0.20681585073557296,-1.8120955205495735,0.15512279369611037,0.4116423781638197,-1.4371591867789992,-1.9300675430778265,1.3518539612170293,-1.0851207587044955,-1.1344994172443033,0.6150973505194979,0.7170024033772157,0.7722377854413742,0.0,0.0
1202,-0.05952055114944012,-1.2918626425229427,0.15512279369611037,0.4116423781638197,0.06043877488129027,-0.5904073743574709,-0.9352705653132926,1.0958028334415377,-1.1344994172443033,-0.7047204307332285,0.7170024033772157,-1.2949379308452873,0.0,0.0
1203,1.9457628256722983,0.6060927032090964,0.15512279369611037,0.4116423781638197,0.06043877488129027,0.7492527943628847,0.20829169795186836,0.4726818071140997,1.1429585468251326,-0.7047204307332285,-1.394695464464014,-1.2949379308452873,0.0,0.0
1204,-0.18097457010642684,0.3824668092565971,0.15512279369611037,0.4116423781638197,1.5580367365415795,0.7492527943628847,0.20829169795186836,0.16112129395038063,0.23197536119735832,1.9349151317722242,0.7170024033772157,0.7722377854413742,0.0,0.0
1205,-0.7006737330953101,0.5223551462595128,0.15512279369611037,0.4116423781638197,0.06043877488129027,0.7492527943628847,0.20829169795186836,-0.15043921921333844,0.6874669540112455,-0.7047204307332285,0.7170024033772157,0.7722377854413742,0.0,0.0
1206,1.5736483846125942,0.6347224000017584,0.15512279369611037,0.4116423781638197,0.06043877488129027,0.7492527943628847,0.20829169795186836,0.4726818071140997,1.1429585468251326,-0.7047204307332285,-1.394695464464014,0.7722377854413742,0.0,0.0
1207,-1.0518257273086509,-1.2918626425229427,0.15512279369611037,0.4116423781638197,0.06043877488129027,-0.5904073743574709,-0.9352705653132926,1.0958028334415377,-1.1344994172443033,1.9349151317722242,0.7170024033772157,-1.2949379308452873,0.0,0.0
1208,-0.8838574032192011,-1.728821993438403,0.15512279369611037,0.4116423781638197,-1.4371591867789992,-0.5904073743574709,1.3518539612170293,-0.7735602455407765,-1.1344994172443033,0.6150973505194979,0.7170024033772157,0.7722377854413742,0.0,0.0
1209,-0.7365621036330683,0.04380877046339996,0.15512279369611037,-1.5419146707492228,-1.4371591867789992,-0.5904073743574709,-2.078832828578453,0.4726818071140997,-1.1344994172443033,-0.7047204307332285,0.7170024033772157,0.7722377854413742,0.0,0.0
1210,0.5684225681388104,0.2304354707659634,0.15512279369611037,-1.5419146707492228,1.5580367365415795,-0.5904073743574709,0.20829169795186836,0.4726818071140997,1.1429585468251326,-0.7047204307332285,0.7170024033772157,0.7722377854413742,0.0,0.0
1211,1.4676991340330952,0.6060927032090964,0.15512279369611037,0.4116423781638197,0.06043877488129027,0.7492527943628847,0.20829169795186836,0.4726818071140997,1.1429585468251326,-0.7047204307332285,-1.394695464464014,-1.2949379308452873,0.0,0.0
1212,1.8165564225265678,0.6060927032090964,0.15512279369611037,0.4116423781638197,0.06043877488129027,0.7492527943628847,0.20829169795186836,0.4726818071140997,1.1429585468251326,-0.7047204307332285,-1.394695464464014,-1.2949379308452873,0.0,0.0
1213,2.160245454894211,0.6060927032090964,0.15512279369611037,0.4116423781638197,0.06043877488129027,0.7492527943628847,0.20829169795186836,0.4726818071140997,1.1429585468251326,-0.7047204307332285,-1.394695464464014,-1.2949379308452873,0.0,0.0
1214,1.9044167766656646,0.6347224000017584,0.15512279369611037,0.4116423781638197,0.06043877488129027,0.7492527943628847,0.20829169795186836,0.4726818071140997,1.1429585468251326,-0.7047204307332285,-1.394695464464014,0.7722377854413742,0.0,0.0
1215,3.664207987510515,0.6347224000017584,0.15512279369611037,0.4116423781638197,0.06043877488129027,0.7492527943628847,0.20829169795186836,0.4726818071140997,1.1429585468251326,-0.7047204307332285,-1.394695464464014,0.7722377854413742,0.0,0.0
1216,-0.0776094475898424,-1.8120955205495735,0.15512279369611037,0.4116423781638197,-1.4371591867789992,-1.9300675430778265,1.3518539612170293,-1.0851207587044955,-1.1344994172443033,1.9349151317722242,0.7170024033772157,0.7722377854413742,0.0,0.0
1217,-0.9820542696099563,0.04380877046339996,0.15512279369611037,-1.5419146707492228,-1.4371591867789992,-0.5904073743574709,-2.078832828578453,0.4726818071140997,-1.1344994172443033,0.6150973505194979,0.7170024033772157,0.7722377854413742,0.0,0.0
1218,-1.542810059262427,-1.3479224465198205,0.15512279369611037,-1.5419146707492228,0.06043877488129027,-0.5904073743574709,-0.9352705653132926,-1.0851207587044955,-1.1344994172443033,0.6150973505194979,0.7170024033772157,0.7722377854413742,0.0,0.0
1219,0.5167400068805182,1.305869306507629,0.15512279369611037,0.4116423781638197,0.06043877488129027,-0.5904073743574709,0.20829169795186836,-0.4619997323770575,0.23197536119735832,-0.7047204307332285,0.7170024033772157,0.7722377854413742,0.0,0.0
1220,0.697628971284541,-0.4412736989171693,0.15512279369611037,-1.5419146707492228,1.5580367365415795,-1.9300675430778265,0.20829169795186836,-0.4619997323770575,-0.22351623161652892,-0.7047204307332285,0.7170024033772157,0.7722377854413742,0.0,0.0
1221,-0.5944350601727647,0.7991489007540297,0.15512279369611037,2.3651994270768624,0.06043877488129027,2.0889129630832404,0.20829169795186836,0.7842423202778188,1.1429585468251326,-0.7047204307332285,0.7170024033772157,0.7722377854413742,0.0,0.0
1222,-0.3647370849164107,0.04380877046339996,0.15512279369611037,-1.5419146707492228,-1.4371591867789992,-0.5904073743574709,-2.078832828578453,0.4726818071140997,-1.1344994172443033,0.6150973505194979,0.7170024033772157,0.7722377854413742,0.0,0.0
1223,-0.4652286570270341,1.305869306507629,0.15512279369611037,0.4116423781638197,0.06043877488129027,-0.5904073743574709,0.20829169795186836,-0.4619997323770575,0.23197536119735832,-0.7047204307332285,0.7170024033772157,0.7722377854413742,0.0,0.0
1224,-0.10345072821898851,-1.3479224465198205,0.15512279369611037,-1.5419146707492228,0.06043877488129027,-0.5904073743574709,-0.9352705653132926,-1.0851207587044955,-1.1344994172443033,-0.7047204307332285,0.7170024033772157,0.7722377854413742,0.0,0.0
1225,-0.9820542696099563,0.7991489007540297,0.15512279369611037,2.3651994270768624,0.06043877488129027,2.0889129630832404,0.20829169795186836,0.7842423202778188,1.1429585468251326,-0.7047204307332285,0.7170024033772157,0.7722377854413742,0.0,0.0
1226,0.2841684812182032,-1.3479224465198205,0.15512279369611037,-1.5419146707492228,0.06043877488129027,-0.5904073743574709,-0.9352705653132926,-1.0851207587044955,-1.1344994172443033,-0.7047204307332285,0.7170024033772157,0.7722377854413742,0.0,0.0
1227,-0.3360222538813035,-1.8120955205495735,0.15512279369611037,0.4116423781638197,-1.4371591867789992,-1.9300675430778265,1.3518539612170293,-1.0851207587044955,-1.1344994172443033,0.6150973505194979,0.7170024033772157,0.7722377854413742,0.0,0.0
1228,2.253274065159137,0.6060927032090964,0.15512279369611037,0.4116423781638197,0.06043877488129027,0.7492527943628847,0.20829169795186836,0.4726818071140997,1.1429585468251326,-0.7047204307332285,-1.394695464464014,-1.2949379308452873,0.0,0.0
1229,2.0000295149935052,0.6060927032090964,0.15512279369611037,0.4116423781638197,0.06043877488129027,0.7492527943628847,0.20829169795186836,0.4726818071140997,1.1429585468251326,-0.7047204307332285,-1.394695464464014,-1.2949379308452873,0.0,0.0
1230,0.697628971284541,-0.4412736989171693,0.15512279369611037,-1.5419146707492228,1.5580367365415795,-1.9300675430778265,0.20829169795186836,-0.4619997323770575,-0.22351623161652892,-0.7047204307332285,0.7170024033772157,0.7722377854413742,0.0,0.0
1231,-1.1629432340139791,-1.728821993438403,0.15512279369611037,0.4116423781638197,-1.4371591867789992,-0.5904073743574709,1.3518539612170293,-0.7735602455407765,-1.1344994172443033,0.6150973505194979,0.7170024033772157,0.7722377854413742,0.0,0.0
1232,-0.3360222538813035,0.44116885080095214,0.15512279369611037,0.4116423781638197,1.5580367365415795,0.7492527943628847,0.20829169795186836,-0.15043921921333844,1.1429585468251326,-0.7047204307332285,0.7170024033772157,0.7722377854413742,0.0,0.0
1233,-1.2249623075239298,-1.728821993438403,0.15512279369611037,0.4116423781638197,-1.4371591867789992,-0.5904073743574709,1.3518539612170293,-0.7735602455407765,-1.1344994172443033,0.6150973505194979,0.7170024033772157,0.7722377854413742,0.0,0.0
1234,1.8708231118477745,0.6060927032090964,0.15512279369611037,0.4116423781638197,0.06043877488129027,0.7492527943628847,0.20829169795186836,0.4726818071140997,1.1429585468251326,-0.7047204307332285,-1.394695464464014,-1.2949379308452873,0.0,0.0
1235,1.2402958644966093,1.305869306507629,0.15512279369611037,0.4116423781638197,0.06043877488129027,-0.5904073743574709,0.20829169795186836,-0.4619997323770575,0.23197536119735832,-0.7047204307332285,0.7170024033772157,0.7722377854413742,0.0,0.0
1236,-0.20681585073557296,-1.2918626425229427,0.15512279369611037,0.4116423781638197,0.06043877488129027,-0.5904073743574709,-0.9352705653132926,1.0958028334415377,-1.1344994172443033,0.6150973505194979,0.7170024033772157,-1.2949379308452873,0.0,0.0
1237,-0.10632427862494956,-1.4497074305130688,0.15512279369611037,-1.5419146707492228,-1.4371591867789992,-0.5904073743574709,-0.9352705653132926,-2.019802298195653,-1.5899910100581907,-0.7047204307332285,0.7170024033772157,0.7722377854413742,0.0,0.0
1238,1.9457628256722983,0.6060927032090964,0.15512279369611037,0.4116423781638197,0.06043877488129027,0.7492527943628847,0.20829169795186836,0.4726818071140997,1.1429585468251326,-0.7047204307332285,-1.394695464464014,-1.2949379308452873,0.0,0.0
1239,-0.38770481513959576,-1.8120955205495735,0.15512279369611037,0.4116423781638197,-1.4371591867789992,-1.9300675430778265,1.3518539612170293,-1.0851207587044955,-1.1344994172443033,-0.7047204307332285,0.7170024033772157,0.7722377854413742,0.0,0.0
1240,-0.6461176214310569,-0.6551776670125264,0.15512279369611037,-1.5419146707492228,1.5580367365415795,-1.9300675430778265,1.3518539612170293,0.16112129395038063,-0.6790078244304162,-0.7047204307332285,0.7170024033772157,0.7722377854413742,0.0,0.0
1241,1.8294770628411408,0.6060927032090964,0.15512279369611037,0.4116423781638197,0.06043877488129027,0.7492527943628847,0.20829169795186836,0.4726818071140997,1.1429585468251326,-0.7047204307332285,-1.394695464464014,-1.2949379308452873,0.0,0.0
1242,-0.6667906459343738,0.04380877046339996,0.15512279369611037,-1.5419146707492228,-1.4371591867789992,-0.5904073743574709,-2.078832828578453,0.4726818071140997,-1.1344994172443033,1.9349151317722242,0.7170024033772157,0.7722377854413742,0.0,0.0
1243,-0.9820542696099563,0.7991489007540297,0.15512279369611037,2.3651994270768624,0.06043877488129027,2.0889129630832404,0.20829169795186836,0.7842423202778188,1.1429585468251326,-0.7047204307332285,0.7170024033772157,0.7722377854413742,0.0,0.0
1244,-1.2533877162159905,-0.5403601873348578,0.15512279369611037,0.4116423781638197,1.5580367365415795,0.7492527943628847,1.3518539612170293,1.718923859768976,-0.6790078244304162,-0.7047204307332285,0.7170024033772157,-1.2949379308452873,0.0,0.0
1245,-0.5220794744111555,1.305869306507629,0.15512279369611037,0.4116423781638197,0.06043877488129027,-0.5904073743574709,0.20829169795186836,-0.4619997323770575,0.23197536119735832,-0.7047204307332285,0.7170024033772157,0.7722377854413742,0.0,0.0
1246,1.328156218635706,0.6347224000017584,0.15512279369611037,0.4116423781638197,0.06043877488129027,0.7492527943628847,0.20829169795186836,0.4726818071140997,1.1429585468251326,-0.7047204307332285,-1.394695464464014,0.7722377854413742,0.0,0.0
1247,-0.5944350601727647,1.305869306507629,0.2082340461232453,0.4116423781638197,0.06043877488129027,-0.5904073743574709,0.20829169795186836,-0.4619997323770575,0.23197536119735832,-0.7047204307332285,0.7170024033772157,0.7722377854413742,0.0,0.0
1248,-0.2584984119938652,0.44116885080095214,0.2082340461232453,0.4116423781638197,1.5580367365415795,0.7492527943628847,0.20829169795186836,-0.15043921921333844,1.1429585468251326,-0.7047204307332285,0.7170024033772157,0.7722377854413742,0.0,0.0
1249,-0.10345072821898851,-1.8120955205495735,0.2082340461232453,0.4116423781638197,-1.4371591867789992,-1.9300675430778265,1.3518539612170293,-1.0851207587044955,-1.1344994172443033,-0.7047204307332285,0.7170024033772157,0.7722377854413742,0.0,0.0
1250,-0.9691336292953833,0.04380877046339996,0.2082340461232453,-1.5419146707492228,-1.4371591867789992,-0.5904073743574709,-2.078832828578453,0.4726818071140997,-1.1344994172443033,0.6150973505194979,0.7170024033772157,0.7722377854413742,0.0,0.0
1251,0.6614511784037365,0.6347224000017584,0.2082340461232453,0.4116423781638197,0.06043877488129027,0.7492527943628847,0.20829169795186836,0.4726818071140997,1.1429585468251326,-0.7047204307332285,-1.394695464464014,0.7722377854413742,0.0,0.0
1252,-1.581571980206146,-1.3479224465198205,0.2082340461232453,-1.5419146707492228,0.06043877488129027,-0.5904073743574709,-0.9352705653132926,-1.0851207587044955,-1.1344994172443033,-0.7047204307332285,0.7170024033772157,0.7722377854413742,0.0,0.0
1253,0.06451759587046123,0.04380877046339996,0.2082340461232453,-1.5419146707492228,-1.4371591867789992,-0.5904073743574709,-2.078832828578453,0.4726818071140997,-1.1344994172443033,1.9349151317722242,0.7170024033772157,0.7722377854413742,0.0,0.0
1254,-1.1164289288815161,-1.2918626425229427,0.2082340461232453,0.4116423781638197,0.06043877488129027,-0.5904073743574709,-0.9352705653132926,1.0958028334415377,-1.1344994172443033,0.6150973505194979,0.7170024033772157,-1.2949379308452873,0.0,0.0
1255,-1.2149152176153177,-0.5403601873348578,0.2082340461232453,0.4116423781638197,1.5580367365415795,0.7492527943628847,1.3518539612170293,1.718923859768976,-0.6790078244304162,-0.7047204307332285,0.7170024033772157,-1.2949379308452873,0.0,0.0
1256,0.1497938219466434,-1.8120955205495735,0.2082340461232453,0.4116423781638197,-1.4371591867789992,-1.9300675430778265,1.3518539612170293,-1.0851207587044955,-1.1344994172443033,-0.7047204307332285,0.7170024033772157,0.7722377854413742,0.0,0.0
1257,-0.42905086414622956,0.04380877046339996,0.2082340461232453,-1.5419146707492228,-1.4371591867789992,-0.5904073743574709,-2.078832828578453,0.4726818071140997,-1.1344994172443033,1.9349151317722242,0.7170024033772157,0.7722377854413742,0.0,0.0
1258,-1.0595781114973948,0.04380877046339996,0.2082340461232453,-1.5419146707492228,-1.4371591867789992,-0.5904073743574709,-2.078832828578453,0.4726818071140997,-1.1344994172443033,0.6150973505194979,0.7170024033772157,0.7722377854413742,0.0,0.0
1259,0.3100097618473493,0.3824668092565971,0.2082340461232453,0.4116423781638197,1.5580367365415795,0.7492527943628847,0.20829169795186836,0.16112129395038063,0.23197536119735832,1.9349151317722242,0.7170024033772157,0.7722377854413742,0.0,0.0
1260,0.1291207974433265,-1.8120955205495735,0.2082340461232453,0.4116423781638197,-1.4371591867789992,-1.9300675430778265,1.3518539612170293,-1.0851207587044955,-1.1344994172443033,-0.7047204307332285,0.7170024033772157,0.7722377854413742,0.0,0.0
1261,1.9302580572948107,0.6347224000017584,0.2082340461232453,0.4116423781638197,0.06043877488129027,0.7492527943628847,0.20829169795186836,0.4726818071140997,1.1429585468251326,-0.7047204307332285,-1.394695464464014,0.7722377854413742,0.0,0.0
1262,2.087889869132602,0.6347224000017584,0.2082340461232453,0.4116423781638197,0.06043877488129027,0.7492527943628847,0.20829169795186836,0.4726818071140997,1.1429585468251326,-0.7047204307332285,-1.394695464464014,0.7722377854413742,0.0,0.0
1263,-0.7675716403880436,-0.10408600229664455,0.2082340461232453,0.4116423781638197,0.06043877488129027,0.7492527943628847,-2.078832828578453,1.0958028334415377,-0.6790078244304162,0.6150973505194979,0.7170024033772157,-1.2949379308452873,0.0,0.0
1264,0.6717876906553949,-1.728821993438403,0.2082340461232453,0.4116423781638197,-1.4371591867789992,-0.5904073743574709,1.3518539612170293,-0.7735602455407765,-1.1344994172443033,1.9349151317722242,0.7170024033772157,0.7722377854413742,0.0,0.0
1265,-0.7523562943536024,-0.5403601873348578,0.2082340461232453,0.4116423781638197,1.5580367365415795,0.7492527943628847,1.3518539612170293,1.718923859768976,-0.6790078244304162,0.6150973505194979,0.7170024033772157,-1.2949379308452873,0.0,0.0
1266,2.2481058090333077,0.6347224000017584,0.2082340461232453,0.4116423781638197,0.06043877488129027,0.7492527943628847,0.20829169795186836,0.4726818071140997,1.1429585468251326,-0.7047204307332285,-1.394695464464014,0.7722377854413742,0.0,0.0
1267,-0.40062545545416883,0.04380877046339996,0.2082340461232453,-1.5419146707492228,-1.4371591867789992,-0.5904073743574709,-2.078832828578453,0.4726818071140997,-1.1344994172443033,0.6150973505194979,0.7170024033772157,0.7722377854413742,0.0,0.0
1268,0.1291207974433265,-1.3479224465198205,0.2082340461232453,-1.5419146707492228,0.06043877488129027,-0.5904073743574709,-0.9352705653132926,-1.0851207587044955,-1.1344994172443033,0.6150973505194979,0.7170024033772157,0.7722377854413742,0.0,0.0
1269,-1.0208161905536755,-1.728821993438403,0.2082340461232453,0.4116423781638197,-1.4371591867789992,-0.5904073743574709,1.3518539612170293,-0.7735602455407765,-1.1344994172443033,0.6150973505194979,0.7170024033772157,0.7722377854413742,0.0,0.0
1270,1.9044167766656646,0.6060927032090964,0.2082340461232453,0.4116423781638197,0.06043877488129027,0.7492527943628847,0.20829169795186836,0.4726818071140997,1.1429585468251326,-0.7047204307332285,-1.394695464464014,-1.2949379308452873,0.0,0.0
1271,1.498724175556448,0.2304354707659634,0.2082340461232453,-1.5419146707492228,1.5580367365415795,-0.5904073743574709,0.20829169795186836,0.4726818071140997,1.1429585468251326,-0.7047204307332285,0.7170024033772157,0.7722377854413742,0.0,0.0
1272,0.5038193665659452,0.6060927032090964,0.2082340461232453,0.4116423781638197,0.06043877488129027,0.7492527943628847,0.20829169795186836,0.4726818071140997,1.1429585468251326,-0.7047204307332285,-1.394695464464014,-1.2949379308452873,0.0,0.0
1273,-0.0776094475898424,0.3824668092565971,0.2082340461232453,0.4116423781638197,1.5580367365415795,0.7492527943628847,0.20829169795186836,0.16112129395038063,0.23197536119735832,1.9349151317722242,0.7170024033772157,0.7722377854413742,0.0,0.0
1274,1.348829243139023,0.6060927032090964,0.2082340461232453,0.4116423781638197,0.06043877488129027,0.7492527943628847,0.20829169795186836,0.4726818071140997,1.1429585468251326,-0.7047204307332285,-1.394695464464014,-1.2949379308452873,0.0,0.0
1275,1.7131913000099832,0.6060927032090964,0.2082340461232453,0.4116423781638197,0.06043877488129027,0.7492527943628847,0.20829169795186836,0.4726818071140997,1.1429585468251326,-0.7047204307332285,-1.394695464464014,-1.2949379308452873,0.0,0.0
1276,3.3024300587024693,0.6347224000017584,0.2082340461232453,0.4116423781638197,0.06043877488129027,0.7492527943628847,0.20829169795186836,0.4726818071140997,1.1429585468251326,-0.7047204307332285,-1.394695464464014,0.7722377854413742,0.0,0.0
1277,-1.382594119361721,-1.4497074305130688,0.2082340461232453,-1.5419146707492228,-1.4371591867789992,-0.5904073743574709,-0.9352705653132926,-2.019802298195653,-1.5899910100581907,-0.7047204307332285,0.7170024033772157,0.7722377854413742,0.0,0.0
1278,-0.9303717083516642,-1.3479224465198205,0.2082340461232453,-1.5419146707492228,0.06043877488129027,-0.5904073743574709,-0.9352705653132926,-1.0851207587044955,-1.1344994172443033,0.6150973505194979,0.7170024033772157,0.7722377854413742,0.0,0.0
1279,0.7751528131719794,-0.5403601873348578,0.2082340461232453,0.4116423781638197,1.5580367365415795,0.7492527943628847,1.3518539612170293,1.718923859768976,-0.6790078244304162,1.9349151317722242,0.7170024033772157,-1.2949379308452873,0.0,0.0
1280,-0.36186353451044967,0.3465271102785743,0.2082340461232453,0.4116423781638197,1.5580367365415795,0.7492527943628847,0.20829169795186836,0.16112129395038063,0.6874669540112455,-0.7047204307332285,0.7170024033772157,0.7722377854413742,0.0,0.0
1281,-0.6231498912078718,0.3824668092565971,0.2082340461232453,0.4116423781638197,1.5580367365415795,0.7492527943628847,0.20829169795186836,0.16112129395038063,0.23197536119735832,1.9349151317722242,0.7170024033772157,0.7722377854413742,0.0,0.0
1282,-0.5220794744111555,-1.728821993438403,0.2082340461232453,0.4116423781638197,-1.4371591867789992,-0.5904073743574709,1.3518539612170293,-0.7735602455407765,-1.1344994172443033,0.6150973505194979,0.7170024033772157,0.7722377854413742,0.0,0.0
1283,-1.550562443451171,0.7991489007540297,0.2082340461232453,2.3651994270768624,0.06043877488129027,2.0889129630832404,0.20829169795186836,0.7842423202778188,1.1429585468251326,-0.7047204307332285,0.7170024033772157,0.7722377854413742,0.0,0.0
1284,0.03867631524131511,0.04380877046339996,0.2082340461232453,-1.5419146707492228,-1.4371591867789992,-0.5904073743574709,-2.078832828578453,0.4726818071140997,-1.1344994172443033,0.6150973505194979,0.7170024033772157,0.7722377854413742,0.0,0.0
1285,1.441857853403949,0.6060927032090964,0.2082340461232453,0.4116423781638197,0.06043877488129027,0.7492527943628847,0.20829169795186836,0.4726818071140997,1.1429585468251326,-0.7047204307332285,-1.394695464464014,-1.2949379308452873,0.0,0.0
1286,1.8708231118477745,0.6060927032090964,0.2082340461232453,0.4116423781638197,0.06043877488129027,0.7492527943628847,0.20829169795186836,0.4726818071140997,1.1429585468251326,-0.7047204307332285,-1.394695464464014,-1.2949379308452873,0.0,0.0
1287,0.7183019957878579,0.6347224000017584,0.2082340461232453,0.4116423781638197,0.06043877488129027,0.7492527943628847,0.20829169795186836,0.4726818071140997,1.1429585468251326,-0.7047204307332285,-1.394695464464014,0.7722377854413742,0.0,0.0
1288,-0.0776094475898424,-0.5403601873348578,0.2082340461232453,0.4116423781638197,1.5580367365415795,0.7492527943628847,1.3518539612170293,1.718923859768976,-0.6790078244304162,0.6150973505194979,0.7170024033772157,-1.2949379308452873,0.0,0.0
1289,-1.1500225936994062,-1.728821993438403,0.2082340461232453,0.4116423781638197,-1.4371591867789992,-0.5904073743574709,1.3518539612170293,-0.7735602455407765,-1.1344994172443033,-0.7047204307332285,0.7170024033772157,0.7722377854413742,0.0,0.0
1290,1.6795976351920934,-0.5403601873348578,0.2082340461232453,0.4116423781638197,1.5580367365415795,0.7492527943628847,1.3518539612170293,1.718923859768976,-0.6790078244304162,1.9349151317722242,0.7170024033772157,-1.2949379308452873,0.0,0.0
1291,-1.58932436439489,-1.3479224465198205,0.2082340461232453,-1.5419146707492228,0.06043877488129027,-0.5904073743574709,-0.9352705653132926,-1.0851207587044955,-1.1344994172443033,1.9349151317722242,0.7170024033772157,0.7722377854413742,0.0,0.0
1292,-0.38770481513959576,0.44116885080095214,0.26134529855038025,0.4116423781638197,1.5580367365415795,0.7492527943628847,0.20829169795186836,-0.15043921921333844,1.1429585468251326,0.6150973505194979,0.7170024033772157,0.7722377854413742,0.0,0.0
1293,0.3100097618473493,-1.8120955205495735,0.26134529855038025,0.4116423781638197,-1.4371591867789992,-1.9300675430778265,1.3518539612170293,-1.0851207587044955,-1.1344994172443033,0.6150973505194979,0.7170024033772157,0.7722377854413742,0.0,0.0
1294,-0.0776094475898424,0.44116885080095214,0.26134529855038025,0.4116423781638197,1.5580367365415795,0.7492527943628847,0.20829169795186836,-0.15043921921333844,1.1429585468251326,3.25473291302495,0.7170024033772157,0.7722377854413742,0.0,0.0
1295,1.8785754960365184,0.6060927032090964,0.26134529855038025,0.4116423781638197,0.06043877488129027,0.7492527943628847,0.20829169795186836,0.4726818071140997,1.1429585468251326,-0.7047204307332285,-1.394695464464014,-1.2949379308452873,0.0,0.0
1296,-0.47814929734160716,-1.728821993438403,0.26134529855038025,0.4116423781638197,-1.4371591867789992,-0.5904073743574709,1.3518539612170293,-0.7735602455407765,-1.1344994172443033,-0.7047204307332285,0.7170024033772157,0.7722377854413742,0.0,0.0
1297,-0.8657685067787989,-1.728821993438403,0.26134529855038025,0.4116423781638197,-1.4371591867789992,-0.5904073743574709,1.3518539612170293,-0.7735602455407765,-1.1344994172443033,-0.7047204307332285,0.7170024033772157,0.7722377854413742,0.0,0.0
1298,2.160245454894211,0.6060927032090964,0.26134529855038025,0.4116423781638197,0.06043877488129027,0.7492527943628847,0.20829169795186836,0.4726818071140997,1.1429585468251326,-0.7047204307332285,-1.394695464464014,-1.2949379308452873,0.0,0.0
1299,2.160245454894211,0.6060927032090964,0.26134529855038025,0.4116423781638197,0.06043877488129027,0.7492527943628847,0.20829169795186836,0.4726818071140997,1.1429585468251326,-0.7047204307332285,-1.394695464464014,-1.2949379308452873,0.0,0.0
1300,0.8268353744302716,1.305869306507629,0.26134529855038025,0.4116423781638197,0.06043877488129027,-0.5904073743574709,0.20829169795186836,-0.4619997323770575,0.23197536119735832,-0.7047204307332285,0.7170024033772157,0.7722377854413742,0.0,0.0
1301,0.18080335870161873,0.3824668092565971,0.26134529855038025,0.4116423781638197,1.5580367365415795,0.7492527943628847,0.20829169795186836,0.16112129395038063,0.23197536119735832,-0.7047204307332285,0.7170024033772157,0.7722377854413742,0.0,0.0
1302,0.5138664564745572,-0.6551776670125264,0.26134529855038025,-1.5419146707492228,1.5580367365415795,-1.9300675430778265,1.3518539612170293,0.16112129395038063,-0.6790078244304162,-0.7047204307332285,0.7170024033772157,0.7722377854413742,0.0,0.0
1303,-1.5712354679544878,-1.3479224465198205,0.26134529855038025,-1.5419146707492228,0.06043877488129027,-0.5904073743574709,-0.9352705653132926,-1.0851207587044955,-1.1344994172443033,1.9349151317722242,0.7170024033772157,0.7722377854413742,0.0,0.0
1304,1.534886463668875,0.6347224000017584,0.26134529855038025,0.4116423781638197,0.06043877488129027,0.7492527943628847,0.20829169795186836,0.4726818071140997,1.1429585468251326,-0.7047204307332285,-1.394695464464014,0.7722377854413742,0.0,0.0
1305,-0.5039905779707533,-1.728821993438403,0.26134529855038025,0.4116423781638197,-1.4371591867789992,-0.5904073743574709,1.3518539612170293,-0.7735602455407765,-1.1344994172443033,0.6150973505194979,0.7170024033772157,0.7722377854413742,0.0,0.0
1306,-0.6231498912078718,0.7991489007540297,0.26134529855038025,2.3651994270768624,0.06043877488129027,2.0889129630832404,0.20829169795186836,0.7842423202778188,1.1429585468251326,-0.7047204307332285,0.7170024033772157,0.7722377854413742,0.0,0.0
1307,0.1291207974433265,0.3824668092565971,0.26134529855038025,0.4116423781638197,1.5580367365415795,0.7492527943628847,0.20829169795186836,0.16112129395038063,0.23197536119735832,1.9349151317722242,0.7170024033772157,0.7722377854413742,0.0,0.0
1308,0.811330606052784,0.6060927032090964,0.26134529855038025,0.4116423781638197,0.06043877488129027,0.7492527943628847,0.20829169795186836,0.4726818071140997,1.1429585468251326,-0.7047204307332285,-1.394695464464014,-1.2949379308452873,0.0,0.0
1309,-0.37765772523098373,0.44116885080095214,0.26134529855038025,0.4116423781638197,1.5580367365415795,0.7492527943628847,0.20829169795186836,-0.15043921921333844,1.1429585468251326,-0.7047204307332285,0.7170024033772157,0.7722377854413742,0.0,0.0
1310,-1.0130638063649318,-1.728821993438403,0.26134529855038025,0.4116423781638197,-1.4371591867789992,-0.5904073743574709,1.3518539612170293,-0.7735602455407765,-1.1344994172443033,0.6150973505194979,0.7170024033772157,0.7722377854413742,0.0,0.0
1311,-1.5634830837657439,-1.3479224465198205,0.26134529855038025,-1.5419146707492228,0.06043877488129027,-0.5904073743574709,-0.9352705653132926,-1.0851207587044955,-1.1344994172443033,0.6150973505194979,0.7170024033772157,0.7722377854413742,0.0,0.0
1312,1.7726262454570194,0.6060927032090964,0.26134529855038025,0.4116423781638197,0.06043877488129027,0.7492527943628847,0.20829169795186836,0.4726818071140997,1.1429585468251326,-0.7047204307332285,-1.394695464464014,-1.2949379308452873,0.0,0.0
1313,2.0827216130067727,0.6347224000017584,0.26134529855038025,0.4116423781638197,0.06043877488129027,0.7492527943628847,0.20829169795186836,0.4726818071140997,1.1429585468251326,-0.7047204307332285,-1.394695464464014,0.7722377854413742,0.0,0.0
1314,-0.439387376397888,0.04380877046339996,0.26134529855038025,-1.5419146707492228,-1.4371591867789992,-0.5904073743574709,-2.078832828578453,0.4726818071140997,-1.1344994172443033,-0.7047204307332285,0.7170024033772157,0.7722377854413742,0.0,0.0
1315,-0.1861428262322561,-1.3479224465198205,0.26134529855038025,-1.5419146707492228,0.06043877488129027,-0.5904073743574709,-0.9352705653132926,-1.0851207587044955,-1.1344994172443033,0.6150973505194979,0.7170024033772157,0.7722377854413742,0.0,0.0
1316,1.33590860282445,0.6060927032090964,0.26134529855038025,0.4116423781638197,0.06043877488129027,0.7492527943628847,0.20829169795186836,0.4726818071140997,1.1429585468251326,-0.7047204307332285,-1.394695464464014,-1.2949379308452873,0.0,0.0
1317,0.10327951681418039,-0.5403601873348578,0.26134529855038025,0.4116423781638197,1.5580367365415795,0.7492527943628847,1.3518539612170293,1.718923859768976,-0.6790078244304162,0.6150973505194979,0.7170024033772157,-1.2949379308452873,0.0,0.0
1318,-0.9820542696099563,0.04380877046339996,0.26134529855038025,-1.5419146707492228,-1.4371591867789992,-0.5904073743574709,-2.078832828578453,0.4726818071140997,-1.1344994172443033,0.6150973505194979,0.7170024033772157,0.7722377854413742,0.0,0.0
1319,-1.369673479047148,0.7991489007540297,0.26134529855038025,2.3651994270768624,0.06043877488129027,2.0889129630832404,0.20829169795186836,0.7842423202778188,1.1429585468251326,-0.7047204307332285,0.7170024033772157,0.7722377854413742,0.0,0.0
1320,-0.5169112182853264,-0.10408600229664455,0.26134529855038025,0.4116423781638197,0.06043877488129027,0.7492527943628847,-2.078832828578453,1.0958028334415377,-0.6790078244304162,1.9349151317722242,0.7170024033772157,-1.2949379308452873,0.0,0.0
1321,-0.38770481513959576,0.04380877046339996,0.26134529855038025,-1.5419146707492228,-1.4371591867789992,-0.5904073743574709,-2.078832828578453,0.4726818071140997,-1.1344994172443033,-0.7047204307332285,0.7170024033772157,0.7722377854413742,0.0,0.0
1322,-0.9820542696099563,-1.728821993438403,0.26134529855038025,0.4116423781638197,-1.4371591867789992,-0.5904073743574709,1.3518539612170293,-0.7735602455407765,-1.1344994172443033,0.6150973505194979,0.7170024033772157,0.7722377854413742,0.0,0.0
1323,2.253274065159137,0.6060927032090964,0.26134529855038025,0.4116423781638197,0.06043877488129027,0.7492527943628847,0.20829169795186836,0.4726818071140997,1.1429585468251326,-0.7047204307332285,-1.394695464464014,-1.2949379308452873,0.0,0.0
1324,1.8165564225265678,0.6060927032090964,0.26134529855038025,0.4116423781638197,0.06043877488129027,0.7492527943628847,0.20829169795186836,0.4726818071140997,1.1429585468251326,-0.7047204307332285,-1.394695464464014,-1.2949379308452873,0.0,0.0
1325,-1.0337368308682486,0.04380877046339996,0.26134529855038025,-1.5419146707492228,-1.4371591867789992,-0.5904073743574709,-2.078832828578453,0.4726818071140997,-1.1344994172443033,-0.7047204307332285,0.7170024033772157,0.7722377854413742,0.0,0.0
1326,1.3591657553906815,0.6347224000017584,0.26134529855038025,0.4116423781638197,0.06043877488129027,0.7492527943628847,0.20829169795186836,0.4726818071140997,1.1429585468251326,-0.7047204307332285,-1.394695464464014,0.7722377854413742,0.0,0.0
1327,0.8811020637514784,0.6060927032090964,0.26134529855038025,0.4116423781638197,0.06043877488129027,0.7492527943628847,0.20829169795186836,0.4726818071140997,1.1429585468251326,-0.7047204307332285,-1.394695464464014,-1.2949379308452873,0.0,0.0
1328,-0.19647933848391452,0.6347224000017584,0.26134529855038025,0.4116423781638197,0.06043877488129027,0.7492527943628847,0.20829169795186836,0.4726818071140997,1.1429585468251326,-0.7047204307332285,-1.394695464464014,0.7722377854413742,0.0,0.0
1329,1.116257717476708,0.6060927032090964,0.26134529855038025,0.4116423781638197,0.06043877488129027,0.7492527943628847,0.20829169795186836,0.4726818071140997,1.1429585468251326,-0.7047204307332285,-1.394695464464014,-1.2949379308452873,0.0,0.0
1330,0.4728098298109698,-1.3479224465198205,0.26134529855038025,-1.5419146707492228,0.06043877488129027,-0.5904073743574709,-0.9352705653132926,-1.0851207587044955,-1.1344994172443033,-0.7047204307332285,0.7170024033772157,0.7722377854413742,0.0,0.0
1331,-0.65903826174563,0.3824668092565971,0.26134529855038025,0.4116423781638197,1.5580367365415795,0.7492527943628847,0.20829169795186836,0.16112129395038063,0.23197536119735832,1.9349151317722242,0.7170024033772157,0.7722377854413742,0.0,0.0
1332,-1.4782068576895617,-1.2918626425229427,0.26134529855038025,0.4116423781638197,0.06043877488129027,-0.5904073743574709,-0.9352705653132926,1.0958028334415377,-1.1344994172443033,1.9349151317722242,0.7170024033772157,-1.2949379308452873,0.0,0.0
1333,1.9457628256722983,0.6060927032090964,0.26134529855038025,0.4116423781638197,0.06043877488129027,0.7492527943628847,0.20829169795186836,0.4726818071140997,1.1429585468251326,-0.7047204307332285,-1.394695464464014,-1.2949379308452873,0.0,0.0
1334,0.6459464100262488,-1.2918626425229427,0.26134529855038025,0.4116423781638197,0.06043877488129027,-0.5904073743574709,-0.9352705653132926,1.0958028334415377,-1.1344994172443033,0.6150973505194979,0.7170024033772157,-1.2949379308452873,0.0,0.0
1335,-1.330911558103429,-0.10408600229664455,0.26134529855038025,0.4116423781638197,0.06043877488129027,0.7492527943628847,-2.078832828578453,1.0958028334415377,-0.6790078244304162,-0.7047204307332285,0.7170024033772157,-1.2949379308452873,0.0,0.0
1336,1.9044167766656646,0.6060927032090964,0.26134529855038025,0.4116423781638197,0.06043877488129027,0.7492527943628847,0.20829169795186836,0.4726818071140997,1.1429585468251326,-0.7047204307332285,-1.394695464464014,-1.2949379308452873,0.0,0.0
1337,1.8604865995961162,-0.5403601873348578,0.26134529855038025,0.4116423781638197,1.5580367365415795,0.7492527943628847,1.3518539612170293,1.718923859768976,-0.6790078244304162,1.9349151317722242,0.7170024033772157,-1.2949379308452873,0.0,0.0
1338,-0.0776094475898424,0.04380877046339996,0.26134529855038025,-1.5419146707492228,-1.4371591867789992,-0.5904073743574709,-2.078832828578453,0.4726818071140997,-1.1344994172443033,-0.7047204307332285,0.7170024033772157,0.7722377854413742,0.0,0.0
1339,-1.5118005225074518,-1.3479224465198205,0.26134529855038025,-1.5419146707492228,0.06043877488129027,-0.5904073743574709,-0.9352705653132926,-1.0851207587044955,-1.1344994172443033,0.6150973505194979,0.7170024033772157,0.7722377854413742,0.0,0.0
1340,0.930200496946856,0.6060927032090964,0.3144565509775152,0.4116423781638197,0.06043877488129027,0.7492527943628847,0.20829169795186836,0.4726818071140997,1.1429585468251326,-0.7047204307332285,-1.394695464464014,-1.2949379308452873,0.0,0.0
1341,-0.3360222538813035,1.305869306507629,0.3144565509775152,0.4116423781638197,0.06043877488129027,-0.5904073743574709,0.20829169795186836,-0.4619997323770575,0.23197536119735832,-0.7047204307332285,0.7170024033772157,0.7722377854413742,0.0,0.0
1342,-0.12929200884813463,-1.8120955205495735,0.3144565509775152,0.4116423781638197,-1.4371591867789992,-1.9300675430778265,1.3518539612170293,-1.0851207587044955,-1.1344994172443033,1.9349151317722242,0.7170024033772157,0.7722377854413742,0.0,0.0
1343,0.465057445622226,0.6060927032090964,0.3144565509775152,0.4116423781638197,0.06043877488129027,0.7492527943628847,0.20829169795186836,0.4726818071140997,1.1429585468251326,-0.7047204307332285,-1.394695464464014,-1.2949379308452873,0.0,0.0
1344,-0.3360222538813035,0.5223551462595128,0.3144565509775152,0.4116423781638197,0.06043877488129027,0.7492527943628847,0.20829169795186836,-0.15043921921333844,0.6874669540112455,0.6150973505194979,0.7170024033772157,0.7722377854413742,0.0,0.0
1345,1.0852481807217327,0.2304354707659634,0.3144565509775152,-1.5419146707492228,1.5580367365415795,-0.5904073743574709,0.20829169795186836,0.4726818071140997,1.1429585468251326,-0.7047204307332285,0.7170024033772157,0.7722377854413742,0.0,0.0
1346,1.4211848289006321,0.6060927032090964,0.3144565509775152,0.4116423781638197,0.06043877488129027,0.7492527943628847,0.20829169795186836,0.4726818071140997,1.1429585468251326,-0.7047204307332285,-1.394695464464014,-1.2949379308452873,0.0,0.0
1347,1.7235278122616418,0.6060927032090964,0.3144565509775152,0.4116423781638197,0.06043877488129027,0.7492527943628847,0.20829169795186836,0.4726818071140997,1.1429585468251326,-0.7047204307332285,-1.394695464464014,-1.2949379308452873,0.0,0.0
1348,0.07743823618503429,0.7991489007540297,0.3144565509775152,2.3651994270768624,0.06043877488129027,2.0889129630832404,0.20829169795186836,0.7842423202778188,1.1429585468251326,-0.7047204307332285,0.7170024033772157,0.7722377854413742,0.0,0.0
1349,-1.12418131307026,-1.2918626425229427,0.3144565509775152,0.4116423781638197,0.06043877488129027,-0.5904073743574709,-0.9352705653132926,1.0958028334415377,-1.1344994172443033,-0.7047204307332285,0.7170024033772157,-1.2949379308452873,0.0,0.0
1350,-0.8815626974993329,0.04380877046339996,0.3144565509775152,-1.5419146707492228,-1.4371591867789992,-0.5904073743574709,-2.078832828578453,0.4726818071140997,-1.1344994172443033,-0.7047204307332285,0.7170024033772157,0.7722377854413742,0.0,0.0
1351,1.116257717476708,0.6060927032090964,0.3144565509775152,0.4116423781638197,0.06043877488129027,0.7492527943628847,0.20829169795186836,0.4726818071140997,1.1429585468251326,-0.7047204307332285,-1.394695464464014,-1.2949379308452873,0.0,0.0
1352,-0.41354609576874185,0.04380877046339996,0.3144565509775152,-1.5419146707492228,-1.4371591867789992,-0.5904073743574709,-2.078832828578453,0.4726818071140997,-1.1344994172443033,-0.7047204307332285,0.7170024033772157,0.7722377854413742,0.0,0.0
1353,1.188613303238317,0.6060927032090964,0.3144565509775152,0.4116423781638197,0.06043877488129027,0.7492527943628847,0.20829169795186836,0.4726818071140997,1.1429585468251326,-0.7047204307332285,-1.394695464464014,-1.2949379308452873,0.0,0.0
1354,2.240353424844564,0.6060927032090964,0.3144565509775152,0.4116423781638197,0.06043877488129027,0.7492527943628847,0.20829169795186836,0.4726818071140997,1.1429585468251326,-0.7047204307332285,-1.394695464464014,-1.2949379308452873,0.0,0.0
1355,1.1085053332879642,0.6060927032090964,0.3144565509775152,0.4116423781638197,0.06043877488129027,0.7492527943628847,0.20829169795186836,0.4726818071140997,1.1429585468251326,-0.7047204307332285,-1.394695464464014,-1.2949379308452873,0.0,0.0
1356,-0.9691336292953833,-1.728821993438403,0.3144565509775152,0.4116423781638197,-1.4371591867789992,-0.5904073743574709,1.3518539612170293,-0.7735602455407765,-1.1344994172443033,-0.7047204307332285,0.7170024033772157,0.7722377854413742,0.0,0.0
1357,-0.5427524989144724,-0.5403601873348578,0.3144565509775152,0.4116423781638197,1.5580367365415795,0.7492527943628847,1.3518539612170293,1.718923859768976,-0.6790078244304162,0.6150973505194979,0.7170024033772157,-1.2949379308452873,0.0,0.0
1358,0.15496207807247261,0.3824668092565971,0.3144565509775152,0.4116423781638197,1.5580367365415795,0.7492527943628847,0.20829169795186836,0.16112129395038063,0.23197536119735832,1.9349151317722242,0.7170024033772157,0.7722377854413742,0.0,0.0
1359,-0.8270065858350797,-0.5403601873348578,0.3144565509775152,0.4116423781638197,1.5580367365415795,0.7492527943628847,1.3518539612170293,1.718923859768976,-0.6790078244304162,0.6150973505194979,0.7170024033772157,-1.2949379308452873,0.0,0.0
1360,-0.5685937795436186,-1.728821993438403,0.3144565509775152,0.4116423781638197,-1.4371591867789992,-0.5904073743574709,1.3518539612170293,-0.7735602455407765,-1.1344994172443033,-0.7047204307332285,0.7170024033772157,0.7722377854413742,0.0,0.0
1361,0.40820662823810455,0.7991489007540297,0.3144565509775152,2.3651994270768624,0.06043877488129027,2.0889129630832404,0.20829169795186836,0.7842423202778188,1.1429585468251326,-0.7047204307332285,0.7170024033772157,0.7722377854413742,0.0,0.0
1362,0.23248591995991097,0.44116885080095214,0.3144565509775152,0.4116423781638197,1.5580367365415795,0.7492527943628847,0.20829169795186836,-0.15043921921333844,1.1429585468251326,1.9349151317722242,0.7170024033772157,0.7722377854413742,0.0,0.0
1363,-0.0776094475898424,-0.5403601873348578,0.3144565509775152,0.4116423781638197,1.5580367365415795,0.7492527943628847,1.3518539612170293,1.718923859768976,-0.6790078244304162,0.6150973505194979,0.7170024033772157,-1.2949379308452873,0.0,0.0
1364,0.25832720058905706,-1.3479224465198205,0.3144565509775152,-1.5419146707492228,0.06043877488129027,-0.5904073743574709,-0.9352705653132926,-1.0851207587044955,-1.1344994172443033,0.6150973505194979,0.7170024033772157,0.7722377854413742,0.0,0.0
1365,2.105978765573004,0.6060927032090964,0.3144565509775152,0.4116423781638197,0.06043877488129027,0.7492527943628847,0.20829169795186836,0.4726818071140997,1.1429585468251326,-0.7047204307332285,-1.394695464464014,-1.2949379308452873,0.0,0.0
1366,1.9199215450431522,0.6347224000017584,0.3144565509775152,0.4116423781638197,0.06043877488129027,0.7492527943628847,0.20829169795186836,0.4726818071140997,1.1429585468251326,-0.7047204307332285,-1.394695464464014,0.7722377854413742,0.0,0.0
1367,-0.8011653052059335,0.04380877046339996,0.3144565509775152,-1.5419146707492228,-1.4371591867789992,-0.5904073743574709,-2.078832828578453,0.4726818071140997,-1.1344994172443033,-0.7047204307332285,0.7170024033772157,0.7722377854413742,0.0,0.0
1368,-0.48360697581048284,0.7991489007540297,0.3144565509775152,2.3651994270768624,0.06043877488129027,2.0889129630832404,0.20829169795186836,0.7842423202778188,1.1429585468251326,-0.7047204307332285,0.7170024033772157,0.7722377854413742,0.0,0.0
1369,-1.0595781114973948,-1.3479224465198205,0.3144565509775152,-1.5419146707492228,0.06043877488129027,-0.5904073743574709,-0.9352705653132926,-1.0851207587044955,-1.1344994172443033,-0.7047204307332285,0.7170024033772157,0.7722377854413742,0.0,0.0
1370,-1.0023965257212202,-1.3479224465198205,0.3144565509775152,-1.5419146707492228,0.06043877488129027,-0.5904073743574709,-0.9352705653132926,-1.0851207587044955,-1.1344994172443033,0.6150973505194979,0.7170024033772157,0.7722377854413742,0.0,0.0
1371,-0.9484606047920664,-1.2918626425229427,0.3144565509775152,0.4116423781638197,0.06043877488129027,-0.5904073743574709,-0.9352705653132926,1.0958028334415377,-1.1344994172443033,-0.7047204307332285,0.7170024033772157,-1.2949379308452873,0.0,0.0
1372,1.9070009047285792,0.6060927032090964,0.3144565509775152,0.4116423781638197,0.06043877488129027,0.7492527943628847,0.20829169795186836,0.4726818071140997,1.1429585468251326,-0.7047204307332285,-1.394695464464014,-1.2949379308452873,0.0,0.0
1373,1.5969055371788257,0.6347224000017584,0.3144565509775152,0.4116423781638197,0.06043877488129027,0.7492527943628847,0.20829169795186836,0.4726818071140997,1.1429585468251326,-0.7047204307332285,-1.394695464464014,0.7722377854413742,0.0,0.0
1374,1.188613303238317,-0.10408600229664455,0.3144565509775152,0.4116423781638197,0.06043877488129027,0.7492527943628847,-2.078832828578453,1.0958028334415377,-0.6790078244304162,1.9349151317722242,0.7170024033772157,-1.2949379308452873,0.0,0.0
1375,0.05159695555588817,-0.5403601873348578,0.3144565509775152,0.4116423781638197,1.5580367365415795,0.7492527943628847,1.3518539612170293,1.718923859768976,-0.6790078244304162,-0.7047204307332285,0.7170024033772157,-1.2949379308452873,0.0,0.0
1376,-1.085419392126541,-1.3479224465198205,0.3144565509775152,-1.5419146707492228,0.06043877488129027,-0.5904073743574709,-0.9352705653132926,-1.0851207587044955,-1.1344994172443033,-0.7047204307332285,0.7170024033772157,0.7722377854413742,0.0,0.0
1377,0.5399971594467498,-1.8120955205495735,0.3144565509775152,0.4116423781638197,-1.4371591867789992,-1.9300675430778265,1.3518539612170293,-1.0851207587044955,-1.1344994172443033,0.6150973505194979,0.7170024033772157,0.7722377854413742,0.0,0.0
1378,-8.560570240405939e-05,-1.8120955205495735,0.3144565509775152,0.4116423781638197,-1.4371591867789992,-1.9300675430778265,1.3518539612170293,-1.0851207587044955,-1.1344994172443033,0.6150973505194979,0.7170024033772157,0.7722377854413742,0.0,0.0
1379,-0.65903826174563,0.3824668092565971,0.3144565509775152,0.4116423781638197,1.5580367365415795,0.7492527943628847,0.20829169795186836,0.16112129395038063,0.23197536119735832,1.9349151317722242,0.7170024033772157,0.7722377854413742,0.0,0.0
1380,-1.6539275659677553,-1.3479224465198205,0.3144565509775152,-1.5419146707492228,0.06043877488129027,-0.5904073743574709,-0.9352705653132926,-1.0851207587044955,-1.1344994172443033,0.6150973505194979,0.7170024033772157,0.7722377854413742,0.0,0.0
1381,0.05159695555588817,0.3824668092565971,0.3144565509775152,0.4116423781638197,1.5580367365415795,0.7492527943628847,0.20829169795186836,0.16112129395038063,0.23197536119735832,-0.7047204307332285,0.7170024033772157,0.7722377854413742,0.0,0.0
1382,2.4341630295631598,0.6347224000017584,0.3144565509775152,0.4116423781638197,0.06043877488129027,0.7492527943628847,0.20829169795186836,0.4726818071140997,1.1429585468251326,-0.7047204307332285,-1.394695464464014,0.7722377854413742,0.0,0.0
1383,-0.9820542696099563,-1.4497074305130688,0.3144565509775152,-1.5419146707492228,-1.4371591867789992,-0.5904073743574709,-0.9352705653132926,-2.019802298195653,-1.5899910100581907,-0.7047204307332285,0.7170024033772157,0.7722377854413742,0.0,0.0
1384,0.5658384400758958,0.6347224000017584,0.3144565509775152,0.4116423781638197,0.06043877488129027,0.7492527943628847,0.20829169795186836,0.4726818071140997,1.1429585468251326,-0.7047204307332285,-1.394695464464014,0.7722377854413742,0.0,0.0
1385,-0.41871435189457107,-1.728821993438403,0.3144565509775152,0.4116423781638197,-1.4371591867789992,-0.5904073743574709,1.3518539612170293,-0.7735602455407765,-1.1344994172443033,-0.7047204307332285,0.7170024033772157,0.7722377854413742,0.0,0.0
1386,-0.8011653052059335,0.04380877046339996,0.3144565509775152,-1.5419146707492228,-1.4371591867789992,-0.5904073743574709,-2.078832828578453,0.4726818071140997,-1.1344994172443033,-0.7047204307332285,0.7170024033772157,0.7722377854413742,0.0,0.0
1387,0.3823653476089584,-0.10408600229664455,0.3144565509775152,0.4116423781638197,0.06043877488129027,0.7492527943628847,-2.078832828578453,1.0958028334415377,-0.6790078244304162,1.9349151317722242,0.7170024033772157,-1.2949379308452873,0.0,0.0
1388,2.0181184114339072,0.6347224000017584,0.3675678034046501,0.4116423781638197,0.06043877488129027,0.7492527943628847,0.20829169795186836,0.4726818071140997,1.1429585468251326,-0.7047204307332285,-1.394695464464014,0.7722377854413742,0.0,0.0
1389,0.15496207807247261,0.3824668092565971,0.3675678034046501,0.4116423781638197,1.5580367365415795,0.7492527943628847,0.20829169795186836,0.16112129395038063,0.23197536119735832,0.6150973505194979,0.7170024033772157,0.7722377854413742,0.0,0.0
1390,-1.2921496371597097,-0.5403601873348578,0.3675678034046501,0.4116423781638197,1.5580367365415795,0.7492527943628847,1.3518539612170293,1.718923859768976,-0.6790078244304162,0.6150973505194979,0.7170024033772157,-1.2949379308452873,0.0,0.0
1391,-0.8140859455205066,-1.4497074305130688,0.3675678034046501,-1.5419146707492228,-1.4371591867789992,-0.5904073743574709,-0.9352705653132926,-2.019802298195653,-1.5899910100581907,-0.7047204307332285,0.7170024033772157,0.7722377854413742,0.0,0.0
1392,0.5839273365162981,0.6060927032090964,0.3675678034046501,0.4116423781638197,0.06043877488129027,0.7492527943628847,0.20829169795186836,0.4726818071140997,1.1429585468251326,-0.7047204307332285,-1.394695464464014,-1.2949379308452873,0.0,0.0
1393,-0.8786891470933719,-1.4497074305130688,0.3675678034046501,-1.5419146707492228,-1.4371591867789992,-0.5904073743574709,-0.9352705653132926,-2.019802298195653,-1.5899910100581907,-0.7047204307332285,0.7170024033772157,0.7722377854413742,0.0,0.0
1394,0.07226998005920506,0.04380877046339996,0.3675678034046501,-1.5419146707492228,-1.4371591867789992,-0.5904073743574709,-2.078832828578453,0.4726818071140997,-1.1344994172443033,0.6150973505194979,0.7170024033772157,0.7722377854413742,0.0,0.0
1395,0.07743823618503429,-1.3479224465198205,0.3675678034046501,-1.5419146707492228,0.06043877488129027,-0.5904073743574709,-0.9352705653132926,-1.0851207587044955,-1.1344994172443033,0.6150973505194979,0.7170024033772157,0.7722377854413742,0.0,0.0
1396,1.1627720226091711,-0.5403601873348578,0.3675678034046501,0.4116423781638197,1.5580367365415795,0.7492527943628847,1.3518539612170293,1.718923859768976,-0.6790078244304162,-0.7047204307332285,0.7170024033772157,-1.2949379308452873,0.0,0.0
1397,0.020587418800912832,0.6347224000017584,0.3675678034046501,0.4116423781638197,0.06043877488129027,0.7492527943628847,0.20829169795186836,0.4726818071140997,1.1429585468251326,-0.7047204307332285,-1.394695464464014,0.7722377854413742,0.0,0.0
1398,-0.8528478664642258,-1.2918626425229427,0.3675678034046501,0.4116423781638197,0.06043877488129027,-0.5904073743574709,-0.9352705653132926,1.0958028334415377,-1.1344994172443033,0.6150973505194979,0.7170024033772157,-1.2949379308452873,0.0,0.0
1399,0.41337488436393377,-0.5403601873348578,0.3675678034046501,0.4116423781638197,1.5580367365415795,0.7492527943628847,1.3518539612170293,1.718923859768976,-0.6790078244304162,-0.7047204307332285,0.7170024033772157,-1.2949379308452873,0.0,0.0
1400,1.9767723624272735,0.6060927032090964,0.3675678034046501,0.4116423781638197,0.06043877488129027,0.7492527943628847,0.20829169795186836,0.4726818071140997,1.1429585468251326,-0.7047204307332285,-1.394695464464014,-1.2949379308452873,0.0,0.0
1401,-0.8786891470933719,-1.4497074305130688,0.3675678034046501,-1.5419146707492228,-1.4371591867789992,-0.5904073743574709,-0.9352705653132926,-2.019802298195653,-1.5899910100581907,-0.7047204307332285,0.7170024033772157,0.7722377854413742,0.0,0.0
1402,-0.3360222538813035,-1.2918626425229427,0.3675678034046501,0.4116423781638197,0.06043877488129027,-0.5904073743574709,-0.9352705653132926,1.0958028334415377,-1.1344994172443033,-0.7047204307332285,0.7170024033772157,-1.2949379308452873,0.0,0.0
1403,-1.550562443451171,0.3824668092565971,0.3675678034046501,0.4116423781638197,1.5580367365415795,0.7492527943628847,0.20829169795186836,0.16112129395038063,0.23197536119735832,-0.7047204307332285,0.7170024033772157,0.7722377854413742,0.0,0.0
1404,0.3358510424764954,-0.5403601873348578,0.3675678034046501,0.4116423781638197,1.5580367365415795,0.7492527943628847,1.3518539612170293,1.718923859768976,-0.6790078244304162,1.9349151317722242,0.7170024033772157,-1.2949379308452873,0.0,0.0
1405,0.15208852766651157,-1.3479224465198205,0.3675678034046501,-1.5419146707492228,0.06043877488129027,-0.5904073743574709,-0.9352705653132926,-1.0851207587044955,-1.1344994172443033,1.9349151317722242,0.7170024033772157,0.7722377854413742,0.0,0.0
1406,-1.0208161905536755,0.04380877046339996,0.3675678034046501,-1.5419146707492228,-1.4371591867789992,-0.5904073743574709,-2.078832828578453,0.4726818071140997,-1.1344994172443033,1.9349151317722242,0.7170024033772157,0.7722377854413742,0.0,0.0
1407,-0.7753240245767875,0.04380877046339996,0.3675678034046501,-1.5419146707492228,-1.4371591867789992,-0.5904073743574709,-2.078832828578453,0.4726818071140997,-1.1344994172443033,-0.7047204307332285,0.7170024033772157,0.7722377854413742,0.0,0.0
1408,1.847565959281543,0.6060927032090964,0.3675678034046501,0.4116423781638197,0.06043877488129027,0.7492527943628847,0.20829169795186836,0.4726818071140997,1.1429585468251326,-0.7047204307332285,-1.394695464464014,-1.2949379308452873,0.0,0.0
1409,-0.38770481513959576,-0.5403601873348578,0.3675678034046501,0.4116423781638197,1.5580367365415795,0.7492527943628847,1.3518539612170293,1.718923859768976,-0.6790078244304162,0.6150973505194979,0.7170024033772157,-1.2949379308452873,0.0,0.0
1410,-0.10345072821898851,0.3824668092565971,0.3675678034046501,0.4116423781638197,1.5580367365415795,0.7492527943628847,0.20829169795186836,0.16112129395038063,0.23197536119735832,-0.7047204307332285,0.7170024033772157,0.7722377854413742,0.0,0.0
1411,-0.38770481513959576,-1.3479224465198205,0.3675678034046501,-1.5419146707492228,0.06043877488129027,-0.5904073743574709,-0.9352705653132926,-1.0851207587044955,-1.1344994172443033,-0.7047204307332285,0.7170024033772157,0.7722377854413742,0.0,0.0
1412,-0.6978001826893491,0.44116885080095214,0.3675678034046501,0.4116423781638197,1.5580367365415795,0.7492527943628847,0.20829169795186836,-0.15043921921333844,1.1429585468251326,-0.7047204307332285,0.7170024033772157,0.7722377854413742,0.0,0.0
1413,-1.0337368308682486,-1.3479224465198205,0.3675678034046501,-1.5419146707492228,0.06043877488129027,-0.5904073743574709,-0.9352705653132926,-1.0851207587044955,-1.1344994172443033,0.6150973505194979,0.7170024033772157,0.7722377854413742,0.0,0.0
1414,2.5091027433876834,0.6347224000017584,0.3675678034046501,0.4116423781638197,0.06043877488129027,0.7492527943628847,0.20829169795186836,0.4726818071140997,1.1429585468251326,-0.7047204307332285,-1.394695464464014,0.7722377854413742,0.0,0.0
1415,0.36169232310564153,0.7991489007540297,0.3675678034046501,2.3651994270768624,0.06043877488129027,2.0889129630832404,0.20829169795186836,0.7842423202778188,1.1429585468251326,-0.7047204307332285,0.7170024033772157,0.7722377854413742,0.0,0.0
1416,1.2144545838674632,0.6060927032090964,0.3675678034046501,0.4116423781638197,0.06043877488129027,0.7492527943628847,0.20829169795186836,0.4726818071140997,1.1429585468251326,-0.7047204307332285,-1.394695464464014,-1.2949379308452873,0.0,0.0
1417,1.8889120082881767,0.6347224000017584,0.3675678034046501,0.4116423781638197,0.06043877488129027,0.7492527943628847,0.20829169795186836,0.4726818071140997,1.1429585468251326,-0.7047204307332285,-1.394695464464014,0.7722377854413742,0.0,0.0
1418,0.930200496946856,0.3824668092565971,0.3675678034046501,0.4116423781638197,1.5580367365415795,0.7492527943628847,0.20829169795186836,0.16112129395038063,0.23197536119735832,1.9349151317722242,0.7170024033772157,0.7722377854413742,0.0,0.0
1419,-1.0595781114973948,-1.3479224465198205,0.3675678034046501,-1.5419146707492228,0.06043877488129027,-0.5904073743574709,-0.9352705653132926,-1.0851207587044955,-1.1344994172443033,-0.7047204307332285,0.7170024033772157,0.7722377854413742,0.0,0.0
1420,1.2144545838674632,-0.6551776670125264,0.3675678034046501,-1.5419146707492228,1.5580367365415795,-1.9300675430778265,1.3518539612170293,0.16112129395038063,-0.6790078244304162,-0.7047204307332285,0.7170024033772157,0.7722377854413742,0.0,0.0
1421,0.3746129634202146,0.7991489007540297,0.3675678034046501,2.3651994270768624,0.06043877488129027,2.0889129630832404,0.20829169795186836,0.7842423202778188,1.1429585468251326,-0.7047204307332285,0.7170024033772157,0.7722377854413742,0.0,0.0
1422,1.8501500873444576,-0.5403601873348578,0.3675678034046501,0.4116423781638197,1.5580367365415795,0.7492527943628847,1.3518539612170293,1.718923859768976,-0.6790078244304162,-0.7047204307332285,0.7170024033772157,-1.2949379308452873,0.0,0.0
1423,2.240353424844564,0.6060927032090964,0.3675678034046501,0.4116423781638197,0.06043877488129027,0.7492527943628847,0.20829169795186836,0.4726818071140997,1.1429585468251326,-0.7047204307332285,-1.394695464464014,-1.2949379308452873,0.0,0.0
1424,0.3100097618473493,-0.5403601873348578,0.3675678034046501,0.4116423781638197,1.5580367365415795,0.7492527943628847,1.3518539612170293,1.718923859768976,-0.6790078244304162,0.6150973505194979,0.7170024033772157,-1.2949379308452873,0.0,0.0
1425,2.2481058090333077,0.8900159241366333,0.3675678034046501,2.3651994270768624,0.06043877488129027,2.0889129630832404,0.20829169795186836,0.7842423202778188,1.1429585468251326,-0.7047204307332285,0.7170024033772157,-1.2949379308452873,0.0,0.0
1426,-0.904530427722518,-0.5403601873348578,0.3675678034046501,0.4116423781638197,1.5580367365415795,0.7492527943628847,1.3518539612170293,1.718923859768976,-0.6790078244304162,1.9349151317722242,0.7170024033772157,-1.2949379308452873,0.0,0.0
1427,0.9870513143309775,0.3824668092565971,0.3675678034046501,0.4116423781638197,1.5580367365415795,0.7492527943628847,0.20829169795186836,0.16112129395038063,0.23197536119735832,0.6150973505194979,0.7170024033772157,0.7722377854413742,0.0,0.0
1428,1.2144545838674632,0.6060927032090964,0.3675678034046501,0.4116423781638197,0.06043877488129027,0.7492527943628847,0.20829169795186836,0.4726818071140997,1.1429585468251326,-0.7047204307332285,-1.394695464464014,-1.2949379308452873,0.0,0.0
1429,0.8397560147448446,0.6060927032090964,0.3675678034046501,0.4116423781638197,0.06043877488129027,0.7492527943628847,0.20829169795186836,0.4726818071140997,1.1429585468251326,-0.7047204307332285,-1.394695464464014,-1.2949379308452873,0.0,0.0
1430,-1.356752838732575,-1.8120955205495735,0.3675678034046501,0.4116423781638197,-1.4371591867789992,-1.9300675430778265,1.3518539612170293,-1.0851207587044955,-1.1344994172443033,1.9349151317722242,0.7170024033772157,0.7722377854413742,0.0,0.0
1431,-0.8528478664642258,0.7991489007540297,0.3675678034046501,2.3651994270768624,0.06043877488129027,2.0889129630832404,0.20829169795186836,0.7842423202778188,1.1429585468251326,-0.7047204307332285,0.7170024033772157,0.7722377854413742,0.0,0.0
1432,0.9948036985197213,0.6060927032090964,0.3675678034046501,0.4116423781638197,0.06043877488129027,0.7492527943628847,0.20829169795186836,0.4726818071140997,1.1429585468251326,-0.7047204307332285,-1.394695464464014,-1.2949379308452873,0.0,0.0
1433,1.30231493800656,0.6060927032090964,0.3675678034046501,0.4116423781638197,0.06043877488129027,0.7492527943628847,0.20829169795186836,0.4726818071140997,1.1429585468251326,-0.7047204307332285,-1.394695464464014,-1.2949379308452873,0.0,0.0
1434,-0.439387376397888,-0.10408600229664455,0.3675678034046501,0.4116423781638197,0.06043877488129027,0.7492527943628847,-2.078832828578453,1.0958028334415377,-0.6790078244304162,0.6150973505194979,0.7170024033772157,-1.2949379308452873,0.0,0.0
1435,0.9818830582051482,0.6060927032090964,0.3675678034046501,0.4116423781638197,0.06043877488129027,0.7492527943628847,0.20829169795186836,0.4726818071140997,1.1429585468251326,-0.7047204307332285,-1.394695464464014,-1.2949379308452873,0.0,0.0
1436,-1.085419392126541,-1.3479224465198205,0.3675678034046501,-1.5419146707492228,0.06043877488129027,-0.5904073743574709,-0.9352705653132926,-1.0851207587044955,-1.1344994172443033,1.9349151317722242,0.7170024033772157,0.7722377854413742,0.0,0.0
1437,-0.8270065858350797,-1.3479224465198205,0.3675678034046501,-1.5419146707492228,0.06043877488129027,-0.5904073743574709,-0.9352705653132926,-1.0851207587044955,-1.1344994172443033,-0.7047204307332285,0.7170024033772157,0.7722377854413742,0.0,0.0
1438,-0.31018097325215743,-1.3479224465198205,0.3675678034046501,-1.5419146707492228,0.06043877488129027,-0.5904073743574709,-0.9352705653132926,-1.0851207587044955,-1.1344994172443033,-0.7047204307332285,0.7170024033772157,0.7722377854413742,0.0,0.0
1439,3.7520683416496117,0.6347224000017584,0.3675678034046501,0.4116423781638197,0.06043877488129027,0.7492527943628847,0.20829169795186836,0.4726818071140997,1.1429585468251326,-0.7047204307332285,-1.394695464464014,0.7722377854413742,0.0,0.0
1440,-0.5039905779707533,0.44116885080095214,0.3675678034046501,0.4116423781638197,1.5580367365415795,0.7492527943628847,0.20829169795186836,-0.15043921921333844,1.1429585468251326,1.9349151317722242,0.7170024033772157,0.7722377854413742,0.0,0.0
1441,1.6382515861854596,0.6060927032090964,0.3675678034046501,0.4116423781638197,0.06043877488129027,0.7492527943628847,0.20829169795186836,0.4726818071140997,1.1429585468251326,-0.7047204307332285,-1.394695464464014,-1.2949379308452873,0.0,0.0
1442,0.9043592163177099,0.6060927032090964,0.3675678034046501,0.4116423781638197,0.06043877488129027,0.7492527943628847,0.20829169795186836,0.4726818071140997,1.1429585468251326,-0.7047204307332285,-1.394695464464014,-1.2949379308452873,0.0,0.0
1443,1.0490703878409282,0.6060927032090964,0.3675678034046501,0.4116423781638197,0.06043877488129027,0.7492527943628847,0.20829169795186836,0.4726818071140997,1.1429585468251326,-0.7047204307332285,-1.394695464464014,-1.2949379308452873,0.0,0.0
1444,1.7648738612682755,0.6060927032090964,0.3675678034046501,0.4116423781638197,0.06043877488129027,0.7492527943628847,0.20829169795186836,0.4726818071140997,1.1429585468251326,-0.7047204307332285,-1.394695464464014,-1.2949379308452873,0.0,0.0
1445,0.9586259056389167,0.6060927032090964,0.3675678034046501,0.4116423781638197,0.06043877488129027,0.7492527943628847,0.20829169795186836,0.4726818071140997,1.1429585468251326,-0.7047204307332285,-1.394695464464014,-1.2949379308452873,0.0,0.0
1446,0.7518956606057479,0.6347224000017584,0.3675678034046501,0.4116423781638197,0.06043877488129027,0.7492527943628847,0.20829169795186836,0.4726818071140997,1.1429585468251326,-0.7047204307332285,-1.394695464464014,0.7722377854413742,0.0,0.0
1447,-0.7624033842622144,0.04380877046339996,0.3675678034046501,-1.5419146707492228,-1.4371591867789992,-0.5904073743574709,-2.078832828578453,0.4726818071140997,-1.1344994172443033,0.6150973505194979,0.7170024033772157,0.7722377854413742,0.0,0.0
1448,-0.6848795423747761,-1.4497074305130688,0.3675678034046501,-1.5419146707492228,-1.4371591867789992,-0.5904073743574709,-0.9352705653132926,-2.019802298195653,-1.5899910100581907,-0.7047204307332285,0.7170024033772157,0.7722377854413742,0.0,0.0
1449,0.41337488436393377,-1.4497074305130688,0.3675678034046501,-1.5419146707492228,-1.4371591867789992,-0.5904073743574709,-0.9352705653132926,-2.019802298195653,-1.5899910100581907,-0.7047204307332285,0.7170024033772157,0.7722377854413742,0.0,0.0
1450,1.9380104414835544,-0.5403601873348578,0.3675678034046501,0.4116423781638197,1.5580367365415795,0.7492527943628847,1.3518539612170293,1.718923859768976,-0.6790078244304162,0.6150973505194979,0.7170024033772157,-1.2949379308452873,0.0,0.0
1451,-0.0776094475898424,-1.2918626425229427,0.3675678034046501,0.4116423781638197,0.06043877488129027,-0.5904073743574709,-0.9352705653132926,1.0958028334415377,-1.1344994172443033,-0.7047204307332285,0.7170024033772157,-1.2949379308452873,0.0,0.0
1452,1.1188418455396227,0.6060927032090964,0.3675678034046501,0.4116423781638197,0.06043877488129027,0.7492527943628847,0.20829169795186836,0.4726818071140997,1.1429585468251326,-0.7047204307332285,-1.394695464464014,-1.2949379308452873,0.0,0.0
1453,-1.2404670759014176,-1.8120955205495735,0.3675678034046501,0.4116423781638197,-1.4371591867789992,-1.9300675430778265,1.3518539612170293,-1.0851207587044955,-1.1344994172443033,3.25473291302495,0.7170024033772157,0.7722377854413742,0.0,0.0
1454,-0.0776094475898424,0.04380877046339996,0.42067905583178505,-1.5419146707492228,-1.4371591867789992,-0.5904073743574709,-2.078832828578453,0.4726818071140997,-1.1344994172443033,1.9349151317722242,0.7170024033772157,0.7722377854413742,0.0,0.0
1455,0.11620015712875345,1.305869306507629,0.42067905583178505,0.4116423781638197,0.06043877488129027,-0.5904073743574709,0.20829169795186836,-0.4619997323770575,0.23197536119735832,-0.7047204307332285,0.7170024033772157,0.7722377854413742,0.0,0.0
1456,-0.3360222538813035,0.7991489007540297,0.42067905583178505,2.3651994270768624,0.06043877488129027,2.0889129630832404,0.20829169795186836,0.7842423202778188,1.1429585468251326,-0.7047204307332285,0.7170024033772157,0.7722377854413742,0.0,0.0
1457,-0.7494827439476414,-1.3479224465198205,0.42067905583178505,-1.5419146707492228,0.06043877488129027,-0.5904073743574709,-0.9352705653132926,-1.0851207587044955,-1.1344994172443033,-0.7047204307332285,0.7170024033772157,0.7722377854413742,0.0,0.0
1458,-0.41871435189457107,0.04380877046339996,0.42067905583178505,-1.5419146707492228,-1.4371591867789992,-0.5904073743574709,-2.078832828578453,0.4726818071140997,-1.1344994172443033,0.6150973505194979,0.7170024033772157,0.7722377854413742,0.0,0.0
1459,0.9457052653243437,0.6060927032090964,0.42067905583178505,0.4116423781638197,0.06043877488129027,0.7492527943628847,0.20829169795186836,0.4726818071140997,1.1429585468251326,-0.7047204307332285,-1.394695464464014,-1.2949379308452873,0.0,0.0
1460,0.5632543120129813,0.6060927032090964,0.42067905583178505,0.4116423781638197,0.06043877488129027,0.7492527943628847,0.20829169795186836,0.4726818071140997,1.1429585468251326,-0.7047204307332285,-1.394695464464014,-1.2949379308452873,0.0,0.0
1461,1.8268929347782261,0.6347224000017584,0.42067905583178505,0.4116423781638197,0.06043877488129027,0.7492527943628847,0.20829169795186836,0.4726818071140997,1.1429585468251326,-0.7047204307332285,-1.394695464464014,0.7722377854413742,0.0,0.0
1462,-1.3619210948584042,-0.5403601873348578,0.42067905583178505,0.4116423781638197,1.5580367365415795,0.7492527943628847,1.3518539612170293,1.718923859768976,-0.6790078244304162,0.6150973505194979,0.7170024033772157,-1.2949379308452873,0.0,0.0
1463,0.604600361019615,0.6060927032090964,0.42067905583178505,0.4116423781638197,0.06043877488129027,0.7492527943628847,0.20829169795186836,0.4726818071140997,1.1429585468251326,-0.7047204307332285,-1.394695464464014,-1.2949379308452873,0.0,0.0
1464,-0.3360222538813035,-0.10408600229664455,0.42067905583178505,0.4116423781638197,0.06043877488129027,0.7492527943628847,-2.078832828578453,1.0958028334415377,-0.6790078244304162,1.9349151317722242,0.7170024033772157,-1.2949379308452873,0.0,0.0
1465,-0.8916097874079449,-1.4497074305130688,0.42067905583178505,-1.5419146707492228,-1.4371591867789992,-0.5904073743574709,-0.9352705653132926,-2.019802298195653,-1.5899910100581907,-0.7047204307332285,0.7170024033772157,0.7722377854413742,0.0,0.0
1466,0.14204143775789957,0.7991489007540297,0.42067905583178505,2.3651994270768624,0.06043877488129027,2.0889129630832404,0.20829169795186836,0.7842423202778188,1.1429585468251326,-0.7047204307332285,0.7170024033772157,0.7722377854413742,0.0,0.0
1467,-0.5944350601727647,0.04380877046339996,0.42067905583178505,-1.5419146707492228,-1.4371591867789992,-0.5904073743574709,-2.078832828578453,0.4726818071140997,-1.1344994172443033,-0.7047204307332285,0.7170024033772157,0.7722377854413742,0.0,0.0
1468,1.1188418455396227,0.6060927032090964,0.42067905583178505,0.4116423781638197,0.06043877488129027,0.7492527943628847,0.20829169795186836,0.4726818071140997,1.1429585468251326,-0.7047204307332285,-1.394695464464014,-1.2949379308452873,0.0,0.0
1469,-0.12929200884813463,0.3824668092565971,0.42067905583178505,0.4116423781638197,1.5580367365415795,0.7492527943628847,0.20829169795186836,0.16112129395038063,0.23197536119735832,-0.7047204307332285,0.7170024033772157,0.7722377854413742,0.0,0.0
1470,-0.7365621036330683,-1.4497074305130688,0.42067905583178505,-1.5419146707492228,-1.4371591867789992,-0.5904073743574709,-0.9352705653132926,-2.019802298195653,-1.5899910100581907,-0.7047204307332285,0.7170024033772157,0.7722377854413742,0.0,0.0
1471,0.07226998005920506,0.04380877046339996,0.42067905583178505,-1.5419146707492228,-1.4371591867789992,-0.5904073743574709,-2.078832828578453,0.4726818071140997,-1.1344994172443033,0.6150973505194979,0.7170024033772157,0.7722377854413742,0.0,0.0
1472,-1.3955147596762942,-1.2918626425229427,0.42067905583178505,0.4116423781638197,0.06043877488129027,-0.5904073743574709,-0.9352705653132926,1.0958028334415377,-1.1344994172443033,-0.7047204307332285,0.7170024033772157,-1.2949379308452873,0.0,0.0
1473,1.175692662923744,0.6060927032090964,0.42067905583178505,0.4116423781638197,0.06043877488129027,0.7492527943628847,0.20829169795186836,0.4726818071140997,1.1429585468251326,-0.7047204307332285,-1.394695464464014,-1.2949379308452873,0.0,0.0
1474,1.3178197063840478,0.6060927032090964,0.42067905583178505,0.4116423781638197,0.06043877488129027,0.7492527943628847,0.20829169795186836,0.4726818071140997,1.1429585468251326,-0.7047204307332285,-1.394695464464014,-1.2949379308452873,0.0,0.0
1475,-1.369673479047148,-0.10408600229664455,0.42067905583178505,0.4116423781638197,0.06043877488129027,0.7492527943628847,-2.078832828578453,1.0958028334415377,-0.6790078244304162,0.6150973505194979,0.7170024033772157,-1.2949379308452873,0.0,0.0
1476,-0.013006246016977117,-0.5403601873348578,0.42067905583178505,0.4116423781638197,1.5580367365415795,0.7492527943628847,1.3518539612170293,1.718923859768976,-0.6790078244304162,1.9349151317722242,0.7170024033772157,-1.2949379308452873,0.0,0.0
1477,-0.5169112182853264,-1.728821993438403,0.42067905583178505,0.4116423781638197,-1.4371591867789992,-0.5904073743574709,1.3518539612170293,-0.7735602455407765,-1.1344994172443033,0.6150973505194979,0.7170024033772157,0.7722377854413742,0.0,0.0
1478,0.8268353744302716,0.5223551462595128,0.42067905583178505,0.4116423781638197,0.06043877488129027,0.7492527943628847,0.20829169795186836,-0.15043921921333844,0.6874669540112455,-0.7047204307332285,0.7170024033772157,0.7722377854413742,0.0,0.0
1479,1.3100673221953039,0.6347224000017584,0.42067905583178505,0.4116423781638197,0.06043877488129027,0.7492527943628847,0.20829169795186836,0.4726818071140997,1.1429585468251326,-0.7047204307332285,-1.394695464464014,0.7722377854413742,0.0,0.0
1480,0.7286385080395164,0.6060927032090964,0.42067905583178505,0.4116423781638197,0.06043877488129027,0.7492527943628847,0.20829169795186836,0.4726818071140997,1.1429585468251326,-0.7047204307332285,-1.394695464464014,-1.2949379308452873,0.0,0.0
1481,1.1420989981058542,0.6060927032090964,0.42067905583178505,0.4116423781638197,0.06043877488129027,0.7492527943628847,0.20829169795186836,0.4726818071140997,1.1429585468251326,-0.7047204307332285,-1.394695464464014,-1.2949379308452873,0.0,0.0
1482,0.9250322408210268,0.6060927032090964,0.42067905583178505,0.4116423781638197,0.06043877488129027,0.7492527943628847,0.20829169795186836,0.4726818071140997,1.1429585468251326,-0.7047204307332285,-1.394695464464014,-1.2949379308452873,0.0,0.0
1483,0.883686191814393,0.6060927032090964,0.42067905583178505,0.4116423781638197,0.06043877488129027,0.7492527943628847,0.20829169795186836,0.4726818071140997,1.1429585468251326,-0.7047204307332285,-1.394695464464014,-1.2949379308452873,0.0,0.0
1484,0.7958258376752962,0.6060927032090964,0.42067905583178505,0.4116423781638197,0.06043877488129027,0.7492527943628847,0.20829169795186836,0.4726818071140997,1.1429585468251326,-0.7047204307332285,-1.394695464464014,-1.2949379308452873,0.0,0.0
1485,0.9379528811355998,0.6060927032090964,0.42067905583178505,0.4116423781638197,0.06043877488129027,0.7492527943628847,0.20829169795186836,0.4726818071140997,1.1429585468251326,-0.7047204307332285,-1.394695464464014,-1.2949379308452873,0.0,0.0
1486,0.7286385080395164,0.6060927032090964,0.42067905583178505,0.4116423781638197,0.06043877488129027,0.7492527943628847,0.20829169795186836,0.4726818071140997,1.1429585468251326,-0.7047204307332285,-1.394695464464014,-1.2949379308452873,0.0,0.0
1487,-0.6461176214310569,-0.6551776670125264,0.42067905583178505,-1.5419146707492228,1.5580367365415795,-1.9300675430778265,1.3518539612170293,0.16112129395038063,-0.6790078244304162,-0.7047204307332285,0.7170024033772157,0.7722377854413742,0.0,0.0
1488,-0.7365621036330683,1.305869306507629,0.42067905583178505,0.4116423781638197,0.06043877488129027,-0.5904073743574709,0.20829169795186836,-0.4619997323770575,0.23197536119735832,-0.7047204307332285,0.7170024033772157,0.7722377854413742,0.0,0.0
1489,1.8320611909040554,0.6060927032090964,0.42067905583178505,0.4116423781638197,0.06043877488129027,0.7492527943628847,0.20829169795186836,0.4726818071140997,1.1429585468251326,-0.7047204307332285,-1.394695464464014,-1.2949379308452873,0.0,0.0
1490,0.1291207974433265,-1.4497074305130688,0.42067905583178505,-1.5419146707492228,-1.4371591867789992,-0.5904073743574709,-0.9352705653132926,-2.019802298195653,-1.5899910100581907,-0.7047204307332285,0.7170024033772157,0.7722377854413742,0.0,0.0
1491,-1.4159603809100745,1.305869306507629,0.42067905583178505,0.4116423781638197,0.06043877488129027,-0.5904073743574709,0.20829169795186836,-0.4619997323770575,0.23197536119735832,-0.7047204307332285,0.7170024033772157,0.7722377854413742,0.0,0.0
1492,-0.4626445289641195,0.3824668092565971,0.42067905583178505,0.4116423781638197,1.5580367365415795,0.7492527943628847,0.20829169795186836,0.16112129395038063,0.23197536119735832,0.6150973505194979,0.7170024033772157,0.7722377854413742,0.0,0.0
1493,-0.4652286570270341,0.7991489007540297,0.42067905583178505,2.3651994270768624,0.06043877488129027,2.0889129630832404,0.20829169795186836,0.7842423202778188,1.1429585468251326,-0.7047204307332285,0.7170024033772157,0.7722377854413742,0.0,0.0
1494,-0.0776094475898424,0.3824668092565971,0.42067905583178505,0.4116423781638197,1.5580367365415795,0.7492527943628847,0.20829169795186836,0.16112129395038063,0.23197536119735832,-0.7047204307332285,0.7170024033772157,0.7722377854413742,0.0,0.0
1495,0.8139147341156985,0.6060927032090964,0.42067905583178505,0.4116423781638197,0.06043877488129027,0.7492527943628847,0.20829169795186836,0.4726818071140997,1.1429585468251326,-0.7047204307332285,-1.394695464464014,-1.2949379308452873,0.0,0.0
1496,0.34877168279106846,-0.5403601873348578,0.42067905583178505,0.4116423781638197,1.5580367365415795,0.7492527943628847,1.3518539612170293,1.718923859768976,-0.6790078244304162,0.6150973505194979,0.7170024033772157,-1.2949379308452873,0.0,0.0
1497,0.7544797886686625,0.6347224000017584,0.42067905583178505,0.4116423781638197,0.06043877488129027,0.7492527943628847,0.20829169795186836,0.4726818071140997,1.1429585468251326,-0.7047204307332285,-1.394695464464014,0.7722377854413742,0.0,0.0
1498,1.399219740365858,0.6347224000017584,0.42067905583178505,0.4116423781638197,0.06043877488129027,0.7492527943628847,0.20829169795186836,0.4726818071140997,1.1429585468251326,-0.7047204307332285,-1.394695464464014,0.7722377854413742,0.0,0.0
1499,1.188613303238317,0.2304354707659634,0.42067905583178505,-1.5419146707492228,1.5580367365415795,-0.5904073743574709,0.20829169795186836,0.4726818071140997,1.1429585468251326,-0.7047204307332285,0.7170024033772157,0.7722377854413742,0.0,0.0
1500,-0.7365621036330683,0.3824668092565971,0.42067905583178505,0.4116423781638197,1.5580367365415795,0.7492527943628847,0.20829169795186836,0.16112129395038063,0.23197536119735832,0.6150973505194979,0.7170024033772157,0.7722377854413742,0.0,0.0
1501,-0.3360222538813035,0.7991489007540297,0.42067905583178505,2.3651994270768624,0.06043877488129027,2.0889129630832404,0.20829169795186836,0.7842423202778188,1.1429585468251326,-0.7047204307332285,0.7170024033772157,0.7722377854413742,0.0,0.0
1502,-0.7882446648913605,0.04380877046339996,0.42067905583178505,-1.5419146707492228,-1.4371591867789992,-0.5904073743574709,-2.078832828578453,0.4726818071140997,-1.1344994172443033,0.6150973505194979,0.7170024033772157,0.7722377854413742,0.0,0.0
1503,1.0619910281555012,0.6060927032090964,0.42067905583178505,0.4116423781638197,0.06043877488129027,0.7492527943628847,0.20829169795186836,0.4726818071140997,1.1429585468251326,-0.7047204307332285,-1.394695464464014,-1.2949379308452873,0.0,0.0
1504,1.348829243139023,0.6060927032090964,0.42067905583178505,0.4116423781638197,0.06043877488129027,0.7492527943628847,0.20829169795186836,0.4726818071140997,1.1429585468251326,-0.7047204307332285,-1.394695464464014,-1.2949379308452873,0.0,0.0
1505,0.5890955926421273,0.6060927032090964,0.42067905583178505,0.4116423781638197,0.06043877488129027,0.7492527943628847,0.20829169795186836,0.4726818071140997,1.1429585468251326,-0.7047204307332285,-1.394695464464014,-1.2949379308452873,0.0,0.0
1506,1.5581436162351066,0.6347224000017584,0.42067905583178505,0.4116423781638197,0.06043877488129027,0.7492527943628847,0.20829169795186836,0.4726818071140997,1.1429585468251326,-0.7047204307332285,-1.394695464464014,0.7722377854413742,0.0,0.0
1507,1.4211848289006321,-0.4412736989171693,0.42067905583178505,-1.5419146707492228,1.5580367365415795,-1.9300675430778265,0.20829169795186836,-0.4619997323770575,-0.22351623161652892,-0.7047204307332285,0.7170024033772157,0.7722377854413742,0.0,0.0
1508,0.5374130313838351,-1.8120955205495735,0.42067905583178505,0.4116423781638197,-1.4371591867789992,-1.9300675430778265,1.3518539612170293,-1.0851207587044955,-1.1344994172443033,1.9349151317722242,0.7170024033772157,0.7722377854413742,0.0,0.0
1509,-0.5298318585998993,-1.4497074305130688,0.42067905583178505,-1.5419146707492228,-1.4371591867789992,-0.5904073743574709,-0.9352705653132926,-2.019802298195653,-1.5899910100581907,-0.7047204307332285,0.7170024033772157,0.7722377854413742,0.0,0.0
1510,0.6898765870957971,0.6060927032090964,0.42067905583178505,0.4116423781638197,0.06043877488129027,0.7492527943628847,0.20829169795186836,0.4726818071140997,1.1429585468251326,-0.7047204307332285,-1.394695464464014,-1.2949379308452873,0.0,0.0
1511,-0.904530427722518,0.04380877046339996,0.42067905583178505,-1.5419146707492228,-1.4371591867789992,-0.5904073743574709,-2.078832828578453,0.4726818071140997,-1.1344994172443033,-0.7047204307332285,0.7170024033772157,0.7722377854413742,0.0,0.0
1512,0.7027972274103702,0.6060927032090964,0.42067905583178505,0.4116423781638197,0.06043877488129027,0.7492527943628847,0.20829169795186836,0.4726818071140997,1.1429585468251326,-0.7047204307332285,-1.394695464464014,-1.2949379308452873,0.0,0.0
1513,-0.47814929734160716,-1.3479224465198205,0.47379030825891993,-1.5419146707492228,0.06043877488129027,-0.5904073743574709,-0.9352705653132926,-1.0851207587044955,-1.1344994172443033,0.6150973505194979,0.7170024033772157,0.7722377854413742,0.0,0.0
1514,0.5890955926421273,0.6060927032090964,0.47379030825891993,0.4116423781638197,0.06043877488129027,0.7492527943628847,0.20829169795186836,0.4726818071140997,1.1429585468251326,-0.7047204307332285,-1.394695464464014,-1.2949379308452873,0.0,0.0
1515,1.1059212052250496,0.6060927032090964,0.47379030825891993,0.4116423781638197,0.06043877488129027,0.7492527943628847,0.20829169795186836,0.4726818071140997,1.1429585468251326,-0.7047204307332285,-1.394695464464014,-1.2949379308452873,0.0,0.0
1516,1.7648738612682755,0.6060927032090964,0.47379030825891993,0.4116423781638197,0.06043877488129027,0.7492527943628847,0.20829169795186836,0.4726818071140997,1.1429585468251326,-0.7047204307332285,-1.394695464464014,-1.2949379308452873,0.0,0.0
1517,2.118899405887577,0.6060927032090964,0.47379030825891993,0.4116423781638197,0.06043877488129027,0.7492527943628847,0.20829169795186836,0.4726818071140997,1.1429585468251326,-0.7047204307332285,-1.394695464464014,-1.2949379308452873,0.0,0.0
1518,0.02805038064661023,0.04380877046339996,0.47379030825891993,-1.5419146707492228,-1.4371591867789992,-0.5904073743574709,-2.078832828578453,0.4726818071140997,-1.1344994172443033,0.6150973505194979,0.7170024033772157,0.7722377854413742,0.0,0.0
1519,1.1782767909866587,0.6060927032090964,0.47379030825891993,0.4116423781638197,0.06043877488129027,0.7492527943628847,0.20829169795186836,0.4726818071140997,1.1429585468251326,-0.7047204307332285,-1.394695464464014,-1.2949379308452873,0.0,0.0
1520,-0.5996033162985939,1.305869306507629,0.47379030825891993,0.4116423781638197,0.06043877488129027,-0.5904073743574709,0.20829169795186836,-0.4619997323770575,0.23197536119735832,-0.7047204307332285,0.7170024033772157,0.7722377854413742,0.0,0.0
1521,-0.2843396926230113,-1.2918626425229427,0.47379030825891993,0.4116423781638197,0.06043877488129027,-0.5904073743574709,-0.9352705653132926,1.0958028334415377,-1.1344994172443033,0.6150973505194979,0.7170024033772157,-1.2949379308452873,0.0,0.0
1522,-1.0337368308682486,-1.3479224465198205,0.47379030825891993,-1.5419146707492228,0.06043877488129027,-0.5904073743574709,-0.9352705653132926,-1.0851207587044955,-1.1344994172443033,1.9349151317722242,0.7170024033772157,0.7722377854413742,0.0,0.0
1523,-1.0724987518119677,-1.3479224465198205,0.47379030825891993,-1.5419146707492228,0.06043877488129027,-0.5904073743574709,-0.9352705653132926,-1.0851207587044955,-1.1344994172443033,0.6150973505194979,0.7170024033772157,0.7722377854413742,0.0,0.0
1524,3.4264682057223705,0.6347224000017584,0.47379030825891993,0.4116423781638197,0.06043877488129027,0.7492527943628847,0.20829169795186836,0.4726818071140997,1.1429585468251326,-0.7047204307332285,-1.394695464464014,0.7722377854413742,0.0,0.0
1525,-0.10345072821898851,0.04380877046339996,0.47379030825891993,-1.5419146707492228,-1.4371591867789992,-0.5904073743574709,-2.078832828578453,0.4726818071140997,-1.1344994172443033,-0.7047204307332285,0.7170024033772157,0.7722377854413742,0.0,0.0
1526,0.18597161482744795,-1.8120955205495735,0.47379030825891993,0.4116423781638197,-1.4371591867789992,-1.9300675430778265,1.3518539612170293,-1.0851207587044955,-1.1344994172443033,-0.7047204307332285,0.7170024033772157,0.7722377854413742,0.0,0.0
1527,-0.2404095155534629,0.6060927032090964,0.47379030825891993,0.4116423781638197,0.06043877488129027,0.7492527943628847,0.20829169795186836,0.4726818071140997,1.1429585468251326,-0.7047204307332285,-1.394695464464014,-1.2949379308452873,0.0,0.0
1528,1.0206449791488674,0.6060927032090964,0.47379030825891993,0.4116423781638197,0.06043877488129027,0.7492527943628847,0.20829169795186836,0.4726818071140997,1.1429585468251326,-0.7047204307332285,-1.394695464464014,-1.2949379308452873,0.0,0.0
1529,-1.343832198418002,-0.5403601873348578,0.47379030825891993,0.4116423781638197,1.5580367365415795,0.7492527943628847,1.3518539612170293,1.718923859768976,-0.6790078244304162,1.9349151317722242,0.7170024033772157,-1.2949379308452873,0.0,0.0
1530,-1.4006830158021235,-1.4497074305130688,0.47379030825891993,-1.5419146707492228,-1.4371591867789992,-0.5904073743574709,-0.9352705653132926,-2.019802298195653,-1.5899910100581907,-0.7047204307332285,0.7170024033772157,0.7722377854413742,0.0,0.0
1531,1.3927594202085714,0.6060927032090964,0.47379030825891993,0.4116423781638197,0.06043877488129027,0.7492527943628847,0.20829169795186836,0.4726818071140997,1.1429585468251326,-0.7047204307332285,-1.394695464464014,-1.2949379308452873,0.0,0.0
1532,0.604600361019615,0.6060927032090964,0.47379030825891993,0.4116423781638197,0.06043877488129027,0.7492527943628847,0.20829169795186836,0.4726818071140997,1.1429585468251326,-0.7047204307332285,-1.394695464464014,-1.2949379308452873,0.0,0.0
1533,0.05676521168171739,0.6060927032090964,0.47379030825891993,0.4116423781638197,0.06043877488129027,0.7492527943628847,0.20829169795186836,0.4726818071140997,1.1429585468251326,-0.7047204307332285,-1.394695464464014,-1.2949379308452873,0.0,0.0
1534,1.5193816952913874,0.6347224000017584,0.47379030825891993,0.4116423781638197,0.06043877488129027,0.7492527943628847,0.20829169795186836,0.4726818071140997,1.1429585468251326,-0.7047204307332285,-1.394695464464014,0.7722377854413742,0.0,0.0
1535,-1.6203339011498654,-1.3479224465198205,0.47379030825891993,-1.5419146707492228,0.06043877488129027,-0.5904073743574709,-0.9352705653132926,-1.0851207587044955,-1.1344994172443033,-0.7047204307332285,0.7170024033772157,0.7722377854413742,0.0,0.0
1536,-0.7494827439476414,0.04380877046339996,0.47379030825891993,-1.5419146707492228,-1.4371591867789992,-0.5904073743574709,-2.078832828578453,0.4726818071140997,-1.1344994172443033,1.9349151317722242,0.7170024033772157,0.7722377854413742,0.0,0.0
1537,0.3875336037347876,0.7991489007540297,0.47379030825891993,2.3651994270768624,0.06043877488129027,2.0889129630832404,0.20829169795186836,0.7842423202778188,1.1429585468251326,-0.7047204307332285,0.7170024033772157,0.7722377854413742,0.0,0.0
1538,-0.8993621715966889,1.296146928441899,0.47379030825891993,0.4116423781638197,0.06043877488129027,0.7492527943628847,0.20829169795186836,-0.7735602455407765,-0.22351623161652892,0.6150973505194979,0.7170024033772157,-1.2949379308452873,0.0,0.0
1539,-0.10345072821898851,0.3824668092565971,0.47379030825891993,0.4116423781638197,1.5580367365415795,0.7492527943628847,0.20829169795186836,0.16112129395038063,0.23197536119735832,-0.7047204307332285,0.7170024033772157,0.7722377854413742,0.0,0.0
1540,-0.7339779755701537,0.04380877046339996,0.47379030825891993,-1.5419146707492228,-1.4371591867789992,-0.5904073743574709,-2.078832828578453,0.4726818071140997,-1.1344994172443033,1.9349151317722242,0.7170024033772157,0.7722377854413742,0.0,0.0
1541,1.2661371451257555,1.305869306507629,0.47379030825891993,0.4116423781638197,0.06043877488129027,-0.5904073743574709,0.20829169795186836,-0.4619997323770575,0.23197536119735832,-0.7047204307332285,0.7170024033772157,0.7722377854413742,0.0,0.0
1542,-0.3360222538813035,0.5223551462595128,0.47379030825891993,0.4116423781638197,0.06043877488129027,0.7492527943628847,0.20829169795186836,-0.15043921921333844,0.6874669540112455,1.9349151317722242,0.7170024033772157,0.7722377854413742,0.0,0.0
1543,-1.0595781114973948,-1.728821993438403,0.47379030825891993,0.4116423781638197,-1.4371591867789992,-0.5904073743574709,1.3518539612170293,-0.7735602455407765,-1.1344994172443033,-0.7047204307332285,0.7170024033772157,0.7722377854413742,0.0,0.0
1544,-0.6461176214310569,-0.6551776670125264,0.47379030825891993,-1.5419146707492228,1.5580367365415795,-1.9300675430778265,1.3518539612170293,0.16112129395038063,-0.6790078244304162,-0.7047204307332285,0.7170024033772157,0.7722377854413742,0.0,0.0
1545,0.20664463933076485,-1.8120955205495735,0.47379030825891993,0.4116423781638197,-1.4371591867789992,-1.9300675430778265,1.3518539612170293,-1.0851207587044955,-1.1344994172443033,-0.7047204307332285,0.7170024033772157,0.7722377854413742,0.0,0.0
1546,-0.6978001826893491,-0.6551776670125264,0.47379030825891993,-1.5419146707492228,1.5580367365415795,-1.9300675430778265,1.3518539612170293,0.16112129395038063,-0.6790078244304162,-0.7047204307332285,0.7170024033772157,0.7722377854413742,0.0,0.0
1547,-1.369673479047148,-0.10408600229664455,0.47379030825891993,0.4116423781638197,0.06043877488129027,0.7492527943628847,-2.078832828578453,1.0958028334415377,-0.6790078244304162,0.6150973505194979,0.7170024033772157,-1.2949379308452873,0.0,0.0
1548,-1.098340032441114,-0.10408600229664455,0.47379030825891993,0.4116423781638197,0.06043877488129027,0.7492527943628847,-2.078832828578453,1.0958028334415377,-0.6790078244304162,0.6150973505194979,0.7170024033772157,-1.2949379308452873,0.0,0.0
1549,1.3462451150761083,0.6347224000017584,0.47379030825891993,0.4116423781638197,0.06043877488129027,0.7492527943628847,0.20829169795186836,0.4726818071140997,1.1429585468251326,-0.7047204307332285,-1.394695464464014,0.7722377854413742,0.0,0.0
1550,0.028339802989656666,0.6060927032090964,0.47379030825891993,0.4116423781638197,0.06043877488129027,0.7492527943628847,0.20829169795186836,0.4726818071140997,1.1429585468251326,-0.7047204307332285,-1.394695464464014,-1.2949379308452873,0.0,0.0
1551,0.23248591995991097,-1.8120955205495735,0.47379030825891993,0.4116423781638197,-1.4371591867789992,-1.9300675430778265,1.3518539612170293,-1.0851207587044955,-1.1344994172443033,1.9349151317722242,0.7170024033772157,0.7722377854413742,0.0,0.0
1552,0.9741306740164044,0.6060927032090964,0.47379030825891993,0.4116423781638197,0.06043877488129027,0.7492527943628847,0.20829169795186836,0.4726818071140997,1.1429585468251326,-0.7047204307332285,-1.394695464464014,-1.2949379308452873,0.0,0.0
1553,-0.5427524989144724,-1.8120955205495735,0.47379030825891993,0.4116423781638197,-1.4371591867789992,-1.9300675430778265,1.3518539612170293,-1.0851207587044955,-1.1344994172443033,0.6150973505194979,0.7170024033772157,0.7722377854413742,0.0,0.0
1554,-1.2533877162159905,1.7579056603707548,0.47379030825891993,-1.5419146707492228,-1.4371591867789992,-1.9300675430778265,-2.078832828578453,-3.8891653771779673,0.23197536119735832,-0.7047204307332285,,0.7722377854413742,0.0,0.0
1555,-1.6332545414644384,0.3824668092565971,0.47379030825891993,0.4116423781638197,1.5580367365415795,0.7492527943628847,0.20829169795186836,0.16112129395038063,0.23197536119735832,-0.7047204307332285,0.7170024033772157,0.7722377854413742,0.0,0.0
1556,0.41337488436393377,0.6060927032090964,0.47379030825891993,0.4116423781638197,0.06043877488129027,0.7492527943628847,0.20829169795186836,0.4726818071140997,1.1429585468251326,-0.7047204307332285,-1.394695464464014,-1.2949379308452873,0.0,0.0
1557,0.7674004289832355,0.6347224000017584,0.47379030825891993,0.4116423781638197,0.06043877488129027,0.7492527943628847,0.20829169795186836,0.4726818071140997,1.1429585468251326,-0.7047204307332285,-1.394695464464014,0.7722377854413742,0.0,0.0
1558,-0.62544459692774,-1.728821993438403,0.47379030825891993,0.4116423781638197,-1.4371591867789992,-0.5904073743574709,1.3518539612170293,-0.7735602455407765,-1.1344994172443033,0.6150973505194979,0.7170024033772157,0.7722377854413742,0.0,0.0
1559,0.03867631524131511,0.44116885080095214,0.47379030825891993,0.4116423781638197,1.5580367365415795,0.7492527943628847,0.20829169795186836,-0.15043921921333844,1.1429585468251326,-0.7047204307332285,0.7170024033772157,0.7722377854413742,0.0,0.0
1560,-0.7598192561992998,-1.4497074305130688,0.47379030825891993,-1.5419146707492228,-1.4371591867789992,-0.5904073743574709,-0.9352705653132926,-2.019802298195653,-1.5899910100581907,-0.7047204307332285,0.7170024033772157,0.7722377854413742,0.0,0.0
1561,-0.439387376397888,-1.8120955205495735,0.47379030825891993,0.4116423781638197,-1.4371591867789992,-1.9300675430778265,1.3518539612170293,-1.0851207587044955,-1.1344994172443033,-0.7047204307332285,0.7170024033772157,0.7722377854413742,0.0,0.0
1562,0.41337488436393377,0.6060927032090964,0.47379030825891993,0.4116423781638197,0.06043877488129027,0.7492527943628847,0.20829169795186836,0.4726818071140997,1.1429585468251326,-0.7047204307332285,-1.394695464464014,-1.2949379308452873,0.0,0.0
1563,0.028339802989656666,0.6060927032090964,0.47379030825891993,0.4116423781638197,0.06043877488129027,0.7492527943628847,0.20829169795186836,0.4726818071140997,1.1429585468251326,-0.7047204307332285,-1.394695464464014,-1.2949379308452873,0.0,0.0
1564,1.6899341474437517,0.6347224000017584,0.47379030825891993,0.4116423781638197,0.06043877488129027,0.7492527943628847,0.20829169795186836,0.4726818071140997,1.1429585468251326,-0.7047204307332285,-1.394695464464014,0.7722377854413742,0.0,0.0
1565,-0.10861898434481773,0.3824668092565971,0.47379030825891993,0.4116423781638197,1.5580367365415795,0.7492527943628847,0.20829169795186836,0.16112129395038063,0.23197536119735832,1.9349151317722242,0.7170024033772157,0.7722377854413742,0.0,0.0
1566,-0.41354609576874185,0.7991489007540297,0.47379030825891993,2.3651994270768624,0.06043877488129027,2.0889129630832404,0.20829169795186836,0.7842423202778188,1.1429585468251326,-0.7047204307332285,0.7170024033772157,0.7722377854413742,0.0,0.0
1567,-0.65903826174563,0.44116885080095214,0.47379030825891993,0.4116423781638197,1.5580367365415795,0.7492527943628847,0.20829169795186836,-0.15043921921333844,1.1429585468251326,3.25473291302495,0.7170024033772157,0.7722377854413742,0.0,0.0
1568,0.9612100337018313,0.6060927032090964,0.47379030825891993,0.4116423781638197,0.06043877488129027,0.7492527943628847,0.20829169795186836,0.4726818071140997,1.1429585468251326,-0.7047204307332285,-1.394695464464014,-1.2949379308452873,0.0,0.0
1569,-0.18097457010642684,-1.8120955205495735,0.47379030825891993,0.4116423781638197,-1.4371591867789992,-1.9300675430778265,1.3518539612170293,-1.0851207587044955,-1.1344994172443033,1.9349151317722242,0.7170024033772157,0.7722377854413742,0.0,0.0
1570,-1.1009241605040285,-1.3479224465198205,0.47379030825891993,-1.5419146707492228,0.06043877488129027,-0.5904073743574709,-0.9352705653132926,-1.0851207587044955,-1.1344994172443033,1.9349151317722242,0.7170024033772157,0.7722377854413742,0.0,0.0
1571,-0.7804922807026167,0.04380877046339996,0.47379030825891993,-1.5419146707492228,-1.4371591867789992,-0.5904073743574709,-2.078832828578453,0.4726818071140997,-1.1344994172443033,0.6150973505194979,0.7170024033772157,0.7722377854413742,0.0,0.0
1572,-1.085419392126541,-1.728821993438403,0.47379030825891993,0.4116423781638197,-1.4371591867789992,-0.5904073743574709,1.3518539612170293,-0.7735602455407765,-1.1344994172443033,-0.7047204307332285,0.7170024033772157,0.7722377854413742,0.0,0.0
1573,0.03867631524131511,0.6060927032090964,0.47379030825891993,0.4116423781638197,0.06043877488129027,0.7492527943628847,0.20829169795186836,0.4726818071140997,1.1429585468251326,-0.7047204307332285,-1.394695464464014,-1.2949379308452873,0.0,0.0
1574,2.105978765573004,0.6060927032090964,0.47379030825891993,0.4116423781638197,0.06043877488129027,0.7492527943628847,0.20829169795186836,0.4726818071140997,1.1429585468251326,-0.7047204307332285,-1.394695464464014,-1.2949379308452873,0.0,0.0
1575,1.4573626217814368,0.6347224000017584,0.47379030825891993,0.4116423781638197,0.06043877488129027,0.7492527943628847,0.20829169795186836,0.4726818071140997,1.1429585468251326,-0.7047204307332285,-1.394695464464014,0.7722377854413742,0.0,0.0
1576,0.7751528131719794,0.6060927032090964,0.47379030825891993,0.4116423781638197,0.06043877488129027,0.7492527943628847,0.20829169795186836,0.4726818071140997,1.1429585468251326,-0.7047204307332285,-1.394695464464014,-1.2949379308452873,0.0,0.0
1577,-0.6151080846760816,0.44116885080095214,0.47379030825891993,0.4116423781638197,1.5580367365415795,0.7492527943628847,0.20829169795186836,-0.15043921921333844,1.1429585468251326,0.6150973505194979,0.7170024033772157,0.7722377854413742,0.0,0.0
1578,-0.11637136853356157,0.04380877046339996,0.47379030825891993,-1.5419146707492228,-1.4371591867789992,-0.5904073743574709,-2.078832828578453,0.4726818071140997,-1.1344994172443033,0.6150973505194979,0.7170024033772157,0.7722377854413742,0.0,0.0
1579,-0.8528478664642258,-1.3479224465198205,0.47379030825891993,-1.5419146707492228,0.06043877488129027,-0.5904073743574709,-0.9352705653132926,-1.0851207587044955,-1.1344994172443033,-0.7047204307332285,0.7170024033772157,0.7722377854413742,0.0,0.0
1580,0.27124784090363013,1.305869306507629,0.47379030825891993,0.4116423781638197,0.06043877488129027,-0.5904073743574709,0.20829169795186836,-0.4619997323770575,0.23197536119735832,-0.7047204307332285,0.7170024033772157,0.7722377854413742,0.0,0.0
1581,-0.904530427722518,-0.5403601873348578,0.5269015606860549,0.4116423781638197,1.5580367365415795,0.7492527943628847,1.3518539612170293,1.718923859768976,-0.6790078244304162,0.6150973505194979,0.7170024033772157,-1.2949379308452873,0.0,0.0
1582,0.9560417775760022,-0.5403601873348578,0.5269015606860549,0.4116423781638197,1.5580367365415795,0.7492527943628847,1.3518539612170293,1.718923859768976,-0.6790078244304162,-0.7047204307332285,0.7170024033772157,-1.2949379308452873,0.0,0.0
1583,0.09811126068835117,-1.3479224465198205,0.5269015606860549,-1.5419146707492228,0.06043877488129027,-0.5904073743574709,-0.9352705653132926,-1.0851207587044955,-1.1344994172443033,0.6150973505194979,0.7170024033772157,0.7722377854413742,0.0,0.0
1584,-1.0078955502391025,0.04380877046339996,0.5269015606860549,-1.5419146707492228,-1.4371591867789992,-0.5904073743574709,-2.078832828578453,0.4726818071140997,-1.1344994172443033,1.9349151317722242,0.7170024033772157,0.7722377854413742,0.0,0.0
1585,-0.7804922807026167,0.04380877046339996,0.5269015606860549,-1.5419146707492228,-1.4371591867789992,-0.5904073743574709,-2.078832828578453,0.4726818071140997,-1.1344994172443033,0.6150973505194979,0.7170024033772157,0.7722377854413742,0.0,0.0
1586,1.2661371451257555,0.7991489007540297,0.5269015606860549,2.3651994270768624,0.06043877488129027,2.0889129630832404,0.20829169795186836,0.7842423202778188,1.1429585468251326,-0.7047204307332285,0.7170024033772157,0.7722377854413742,0.0,0.0
1587,0.043844571367144335,0.6060927032090964,0.5269015606860549,0.4116423781638197,0.06043877488129027,0.7492527943628847,0.20829169795186836,0.4726818071140997,1.1429585468251326,-0.7047204307332285,-1.394695464464014,-1.2949379308452873,0.0,0.0
1588,1.0335656194634404,0.6060927032090964,0.5269015606860549,0.4116423781638197,0.06043877488129027,0.7492527943628847,0.20829169795186836,0.4726818071140997,1.1429585468251326,-0.7047204307332285,-1.394695464464014,-1.2949379308452873,0.0,0.0
1589,-0.22232061911306064,0.6347224000017584,0.5269015606860549,0.4116423781638197,0.06043877488129027,0.7492527943628847,0.20829169795186836,0.4726818071140997,1.1429585468251326,-0.7047204307332285,-1.394695464464014,0.7722377854413742,0.0,0.0
1590,0.5555019278242374,-1.3479224465198205,0.5269015606860549,-1.5419146707492228,0.06043877488129027,-0.5904073743574709,-0.9352705653132926,-1.0851207587044955,-1.1344994172443033,-0.7047204307332285,0.7170024033772157,0.7722377854413742,0.0,0.0
1591,-1.1112606727556869,-1.728821993438403,0.5269015606860549,0.4116423781638197,-1.4371591867789992,-0.5904073743574709,1.3518539612170293,-0.7735602455407765,-1.1344994172443033,0.6150973505194979,0.7170024033772157,0.7722377854413742,0.0,0.0
1592,-0.8140859455205066,0.04380877046339996,0.5269015606860549,-1.5419146707492228,-1.4371591867789992,-0.5904073743574709,-2.078832828578453,0.4726818071140997,-1.1344994172443033,0.6150973505194979,0.7170024033772157,0.7722377854413742,0.0,0.0
1593,-0.12929200884813463,0.04380877046339996,0.5269015606860549,-1.5419146707492228,-1.4371591867789992,-0.5904073743574709,-2.078832828578453,0.4726818071140997,-1.1344994172443033,0.6150973505194979,0.7170024033772157,0.7722377854413742,0.0,0.0
1594,-0.49623819378200945,0.3824668092565971,0.5269015606860549,0.4116423781638197,1.5580367365415795,0.7492527943628847,0.20829169795186836,0.16112129395038063,0.23197536119735832,-0.7047204307332285,0.7170024033772157,0.7722377854413742,0.0,0.0
1595,-0.7753240245767875,-1.4497074305130688,0.5269015606860549,-1.5419146707492228,-1.4371591867789992,-0.5904073743574709,-0.9352705653132926,-2.019802298195653,-1.5899910100581907,-0.7047204307332285,0.7170024033772157,0.7722377854413742,0.0,0.0
1596,-0.5427524989144724,-0.10408600229664455,0.5269015606860549,0.4116423781638197,0.06043877488129027,0.7492527943628847,-2.078832828578453,1.0958028334415377,-0.6790078244304162,-0.7047204307332285,0.7170024033772157,-1.2949379308452873,0.0,0.0
1597,-0.7624033842622144,0.3824668092565971,0.5269015606860549,0.4116423781638197,1.5580367365415795,0.7492527943628847,0.20829169795186836,0.16112129395038063,0.23197536119735832,0.6150973505194979,0.7170024033772157,0.7722377854413742,0.0,0.0
1598,-1.4006830158021235,-1.8120955205495735,0.5269015606860549,0.4116423781638197,-1.4371591867789992,-1.9300675430778265,1.3518539612170293,-1.0851207587044955,-1.1344994172443033,0.6150973505194979,0.7170024033772157,0.7722377854413742,0.0,0.0
1599,0.3588187726996805,-1.8120955205495735,0.5269015606860549,0.4116423781638197,-1.4371591867789992,-1.9300675430778265,1.3518539612170293,-1.0851207587044955,-1.1344994172443033,-0.7047204307332285,0.7170024033772157,0.7722377854413742,0.0,0.0
1600,0.20147638320493563,0.3824668092565971,0.5269015606860549,0.4116423781638197,1.5580367365415795,0.7492527943628847,0.20829169795186836,0.16112129395038063,0.23197536119735832,0.6150973505194979,0.7170024033772157,0.7722377854413742,0.0,0.0
1601,0.9612100337018313,0.6060927032090964,0.5269015606860549,0.4116423781638197,0.06043877488129027,0.7492527943628847,0.20829169795186836,0.4726818071140997,1.1429585468251326,-0.7047204307332285,-1.394695464464014,-1.2949379308452873,0.0,0.0
1602,1.0594069000925865,0.6060927032090964,0.5269015606860549,0.4116423781638197,0.06043877488129027,0.7492527943628847,0.20829169795186836,0.4726818071140997,1.1429585468251326,-0.7047204307332285,-1.394695464464014,-1.2949379308452873,0.0,0.0
1603,-1.1112606727556869,-1.3479224465198205,0.5269015606860549,-1.5419146707492228,0.06043877488129027,-0.5904073743574709,-0.9352705653132926,-1.0851207587044955,-1.1344994172443033,-0.7047204307332285,0.7170024033772157,0.7722377854413742,0.0,0.0
1604,-0.9691336292953833,-1.3479224465198205,0.5269015606860549,-1.5419146707492228,0.06043877488129027,-0.5904073743574709,-0.9352705653132926,-1.0851207587044955,-1.1344994172443033,0.6150973505194979,0.7170024033772157,0.7722377854413742,0.0,0.0
1605,0.5632543120129813,0.6060927032090964,0.5269015606860549,0.4116423781638197,0.06043877488129027,0.7492527943628847,0.20829169795186836,0.4726818071140997,1.1429585468251326,-0.7047204307332285,-1.394695464464014,-1.2949379308452873,0.0,0.0
1606,-0.10345072821898851,-1.2918626425229427,0.5269015606860549,0.4116423781638197,0.06043877488129027,-0.5904073743574709,-0.9352705653132926,1.0958028334415377,-1.1344994172443033,0.6150973505194979,0.7170024033772157,-1.2949379308452873,0.0,0.0
1607,-0.3670317906362789,0.7991489007540297,0.5269015606860549,2.3651994270768624,0.06043877488129027,2.0889129630832404,0.20829169795186836,0.7842423202778188,1.1429585468251326,-0.7047204307332285,0.7170024033772157,0.7722377854413742,0.0,0.0
1608,-0.8916097874079449,0.5223551462595128,0.5269015606860549,0.4116423781638197,0.06043877488129027,0.7492527943628847,0.20829169795186836,-0.15043921921333844,0.6874669540112455,-0.7047204307332285,0.7170024033772157,0.7722377854413742,0.0,0.0
1609,-0.5685937795436186,0.44116885080095214,0.5269015606860549,0.4116423781638197,1.5580367365415795,0.7492527943628847,0.20829169795186836,-0.15043921921333844,1.1429585468251326,-0.7047204307332285,0.7170024033772157,0.7722377854413742,0.0,0.0
1610,0.41337488436393377,0.6060927032090964,0.5269015606860549,0.4116423781638197,0.06043877488129027,0.7492527943628847,0.20829169795186836,0.4726818071140997,1.1429585468251326,-0.7047204307332285,-1.394695464464014,-1.2949379308452873,0.0,0.0
1611,0.5684225681388104,-1.2918626425229427,0.5269015606860549,0.4116423781638197,0.06043877488129027,-0.5904073743574709,-0.9352705653132926,1.0958028334415377,-1.1344994172443033,0.6150973505194979,0.7170024033772157,-1.2949379308452873,0.0,0.0
1612,-1.137101953384833,0.04380877046339996,0.5269015606860549,-1.5419146707492228,-1.4371591867789992,-0.5904073743574709,-2.078832828578453,0.4726818071140997,-1.1344994172443033,-0.7047204307332285,0.7170024033772157,0.7722377854413742,0.0,0.0
1613,1.343660987013194,0.7991489007540297,0.5269015606860549,2.3651994270768624,0.06043877488129027,2.0889129630832404,0.20829169795186836,0.7842423202778188,1.1429585468251326,-0.7047204307332285,0.7170024033772157,0.7722377854413742,0.0,0.0
1614,0.36169232310564153,-0.5403601873348578,0.5269015606860549,0.4116423781638197,1.5580367365415795,0.7492527943628847,1.3518539612170293,1.718923859768976,-0.6790078244304162,-0.7047204307332285,0.7170024033772157,-1.2949379308452873,0.0,0.0
1615,-1.4213560403054404,1.305869306507629,0.5269015606860549,0.4116423781638197,0.06043877488129027,-0.5904073743574709,0.20829169795186836,-0.4619997323770575,0.23197536119735832,-0.7047204307332285,0.7170024033772157,0.7722377854413742,0.0,0.0
1616,0.11620015712875345,0.5223551462595128,0.5269015606860549,0.4116423781638197,0.06043877488129027,0.7492527943628847,0.20829169795186836,-0.15043921921333844,0.6874669540112455,-0.7047204307332285,0.7170024033772157,0.7722377854413742,0.0,0.0
1617,-0.7107208230039221,-1.4497074305130688,0.5269015606860549,-1.5419146707492228,-1.4371591867789992,-0.5904073743574709,-0.9352705653132926,-2.019802298195653,-1.5899910100581907,-0.7047204307332285,0.7170024033772157,0.7722377854413742,0.0,0.0
1618,-0.5944350601727647,-1.3479224465198205,0.5269015606860549,-1.5419146707492228,0.06043877488129027,-0.5904073743574709,-0.9352705653132926,-1.0851207587044955,-1.1344994172443033,-0.7047204307332285,0.7170024033772157,0.7722377854413742,0.0,0.0
1619,-0.4419715044608026,0.6060927032090964,0.5269015606860549,0.4116423781638197,0.06043877488129027,0.7492527943628847,0.20829169795186836,0.4726818071140997,1.1429585468251326,-0.7047204307332285,-1.394695464464014,-1.2949379308452873,0.0,0.0
1620,0.757063916731577,0.6347224000017584,0.5269015606860549,0.4116423781638197,0.06043877488129027,0.7492527943628847,0.20829169795186836,0.4726818071140997,1.1429585468251326,-0.7047204307332285,-1.394695464464014,0.7722377854413742,0.0,0.0
1621,1.0800799245959034,0.6060927032090964,0.5269015606860549,0.4116423781638197,0.06043877488129027,0.7492527943628847,0.20829169795186836,0.4726818071140997,1.1429585468251326,-0.7047204307332285,-1.394695464464014,-1.2949379308452873,0.0,0.0
1622,-0.2429936436163775,0.6347224000017584,0.5269015606860549,0.4116423781638197,0.06043877488129027,0.7492527943628847,0.20829169795186836,0.4726818071140997,1.1429585468251326,-0.7047204307332285,-1.394695464464014,0.7722377854413742,0.0,0.0
1623,1.7312801964503854,-1.4497074305130688,0.5269015606860549,-1.5419146707492228,-1.4371591867789992,-0.5904073743574709,-0.9352705653132926,-2.019802298195653,-1.5899910100581907,-0.7047204307332285,0.7170024033772157,0.7722377854413742,0.0,0.0
1624,-0.025926886331550172,0.04380877046339996,0.5269015606860549,-1.5419146707492228,-1.4371591867789992,-0.5904073743574709,-2.078832828578453,0.4726818071140997,-1.1344994172443033,1.9349151317722242,0.7170024033772157,0.7722377854413742,0.0,0.0
1625,-1.0518257273086509,0.04380877046339996,0.5269015606860549,-1.5419146707492228,-1.4371591867789992,-0.5904073743574709,-2.078832828578453,0.4726818071140997,-1.1344994172443033,1.9349151317722242,0.7170024033772157,0.7722377854413742,0.0,0.0
1626,-1.3955147596762942,0.3824668092565971,0.5269015606860549,0.4116423781638197,1.5580367365415795,0.7492527943628847,0.20829169795186836,0.16112129395038063,0.23197536119735832,1.9349151317722242,0.7170024033772157,0.7722377854413742,0.0,0.0
1627,0.9560417775760022,0.2304354707659634,0.5269015606860549,-1.5419146707492228,1.5580367365415795,-0.5904073743574709,0.20829169795186836,0.4726818071140997,1.1429585468251326,-0.7047204307332285,0.7170024033772157,0.7722377854413742,0.0,0.0
1628,1.0077243388342945,0.6060927032090964,0.5269015606860549,0.4116423781638197,0.06043877488129027,0.7492527943628847,0.20829169795186836,0.4726818071140997,1.1429585468251326,-0.7047204307332285,-1.394695464464014,-1.2949379308452873,0.0,0.0
1629,0.05159695555588817,0.5223551462595128,0.5269015606860549,0.4116423781638197,0.06043877488129027,0.7492527943628847,0.20829169795186836,-0.15043921921333844,0.6874669540112455,-0.7047204307332285,0.7170024033772157,0.7722377854413742,0.0,0.0
1630,0.18080335870161873,-0.10408600229664455,0.5269015606860549,0.4116423781638197,0.06043877488129027,0.7492527943628847,-2.078832828578453,1.0958028334415377,-0.6790078244304162,0.6150973505194979,0.7170024033772157,-1.2949379308452873,0.0,0.0
1631,1.242879992559524,0.6060927032090964,0.5269015606860549,0.4116423781638197,0.06043877488129027,0.7492527943628847,0.20829169795186836,0.4726818071140997,1.1429585468251326,-0.7047204307332285,-1.394695464464014,-1.2949379308452873,0.0,0.0
1632,0.18080335870161873,-1.8120955205495735,0.5269015606860549,0.4116423781638197,-1.4371591867789992,-1.9300675430778265,1.3518539612170293,-1.0851207587044955,-1.1344994172443033,-0.7047204307332285,0.7170024033772157,0.7722377854413742,0.0,0.0
1633,-1.1112606727556869,-1.3479224465198205,0.5269015606860549,-1.5419146707492228,0.06043877488129027,-0.5904073743574709,-0.9352705653132926,-1.0851207587044955,-1.1344994172443033,0.6150973505194979,0.7170024033772157,0.7722377854413742,0.0,0.0
1634,-0.10345072821898851,-1.3479224465198205,0.5269015606860549,-1.5419146707492228,0.06043877488129027,-0.5904073743574709,-0.9352705653132926,-1.0851207587044955,-1.1344994172443033,-0.7047204307332285,0.7170024033772157,0.7722377854413742,0.0,0.0
1635,0.524492391069262,0.6347224000017584,0.5269015606860549,0.4116423781638197,0.06043877488129027,0.7492527943628847,0.20829169795186836,0.4726818071140997,1.1429585468251326,-0.7047204307332285,-1.394695464464014,0.7722377854413742,0.0,0.0
1636,0.48056221399971366,0.6060927032090964,0.5269015606860549,0.4116423781638197,0.06043877488129027,0.7492527943628847,0.20829169795186836,0.4726818071140997,1.1429585468251326,-0.7047204307332285,-1.394695464464014,-1.2949379308452873,0.0,0.0
1637,-0.8528478664642258,-0.6551776670125264,0.5269015606860549,-1.5419146707492228,1.5580367365415795,-1.9300675430778265,1.3518539612170293,0.16112129395038063,-0.6790078244304162,-0.7047204307332285,0.7170024033772157,0.7722377854413742,0.0,0.0
1638,0.41337488436393377,0.6060927032090964,0.5269015606860549,0.4116423781638197,0.06043877488129027,0.7492527943628847,0.20829169795186836,0.4726818071140997,1.1429585468251326,-0.7047204307332285,-1.394695464464014,-1.2949379308452873,0.0,0.0
1639,1.8863278802252623,-0.5403601873348578,0.5269015606860549,0.4116423781638197,1.5580367365415795,0.7492527943628847,1.3518539612170293,1.718923859768976,-0.6790078244304162,0.6150973505194979,0.7170024033772157,-1.2949379308452873,0.0,0.0
1640,0.05159695555588817,0.04380877046339996,0.5269015606860549,-1.5419146707492228,-1.4371591867789992,-0.5904073743574709,-2.078832828578453,0.4726818071140997,-1.1344994172443033,1.9349151317722242,0.7170024033772157,0.7722377854413742,0.0,0.0
1641,0.10327951681418039,0.7991489007540297,0.5800128131131899,2.3651994270768624,0.06043877488129027,2.0889129630832404,0.20829169795186836,0.7842423202778188,1.1429585468251326,-0.7047204307332285,0.7170024033772157,0.7722377854413742,0.0,0.0
1642,-0.847969032681443,0.7991489007540297,0.5800128131131899,2.3651994270768624,0.06043877488129027,2.0889129630832404,0.20829169795186836,0.7842423202778188,1.1429585468251326,-0.7047204307332285,0.7170024033772157,0.7722377854413742,0.0,0.0
1643,-1.550562443451171,-1.3479224465198205,0.5800128131131899,-1.5419146707492228,0.06043877488129027,-0.5904073743574709,-0.9352705653132926,-1.0851207587044955,-1.1344994172443033,-0.7047204307332285,0.7170024033772157,0.7722377854413742,0.0,0.0
1644,-0.2817555645600967,0.6347224000017584,0.5800128131131899,0.4116423781638197,0.06043877488129027,0.7492527943628847,0.20829169795186836,0.4726818071140997,1.1429585468251326,-0.7047204307332285,-1.394695464464014,0.7722377854413742,0.0,0.0
1645,-0.8270065858350797,0.04380877046339996,0.5800128131131899,-1.5419146707492228,-1.4371591867789992,-0.5904073743574709,-2.078832828578453,0.4726818071140997,-1.1344994172443033,1.9349151317722242,0.7170024033772157,0.7722377854413742,0.0,0.0
1646,-1.0544098553715655,-1.2918626425229427,0.5800128131131899,0.4116423781638197,0.06043877488129027,-0.5904073743574709,-0.9352705653132926,1.0958028334415377,-1.1344994172443033,1.9349151317722242,0.7170024033772157,-1.2949379308452873,0.0,0.0
1647,-1.1629432340139791,-1.3479224465198205,0.5800128131131899,-1.5419146707492228,0.06043877488129027,-0.5904073743574709,-0.9352705653132926,-1.0851207587044955,-1.1344994172443033,0.6150973505194979,0.7170024033772157,0.7722377854413742,0.0,0.0
1648,-0.8011653052059335,0.3824668092565971,0.5800128131131899,0.4116423781638197,1.5580367365415795,0.7492527943628847,0.20829169795186836,0.16112129395038063,0.23197536119735832,-0.7047204307332285,0.7170024033772157,0.7722377854413742,0.0,0.0
1649,0.34101929860232466,-0.5403601873348578,0.5800128131131899,0.4116423781638197,1.5580367365415795,0.7492527943628847,1.3518539612170293,1.718923859768976,-0.6790078244304162,-0.7047204307332285,,-1.2949379308452873,0.0,0.0
1650,-0.7443144878218121,0.04380877046339996,0.5800128131131899,-1.5419146707492228,-1.4371591867789992,-0.5904073743574709,-2.078832828578453,0.4726818071140997,-1.1344994172443033,-0.7047204307332285,0.7170024033772157,0.7722377854413742,0.0,0.0
1651,0.43921616499307986,-0.4412736989171693,0.5800128131131899,-1.5419146707492228,1.5580367365415795,-1.9300675430778265,0.20829169795186836,-0.4619997323770575,-0.22351623161652892,-0.7047204307332285,0.7170024033772157,0.7722377854413742,0.0,0.0
1652,0.558086055887152,0.6347224000017584,0.5800128131131899,0.4116423781638197,0.06043877488129027,0.7492527943628847,0.20829169795186836,0.4726818071140997,1.1429585468251326,-0.7047204307332285,-1.394695464464014,0.7722377854413742,0.0,0.0
1653,0.6407781539004196,0.6060927032090964,0.5800128131131899,0.4116423781638197,0.06043877488129027,0.7492527943628847,0.20829169795186836,0.4726818071140997,1.1429585468251326,-0.7047204307332285,-1.394695464464014,-1.2949379308452873,0.0,0.0
1654,1.0930005649104766,0.6060927032090964,0.5800128131131899,0.4116423781638197,0.06043877488129027,0.7492527943628847,0.20829169795186836,0.4726818071140997,1.1429585468251326,-0.7047204307332285,-1.394695464464014,-1.2949379308452873,0.0,0.0
1655,-0.16030154560310997,0.5223551462595128,0.5800128131131899,0.4116423781638197,0.06043877488129027,0.7492527943628847,0.20829169795186836,-0.15043921921333844,0.6874669540112455,-0.7047204307332285,0.7170024033772157,0.7722377854413742,0.0,0.0
1656,-0.23265713136471908,-1.3479224465198205,0.5800128131131899,-1.5419146707492228,0.06043877488129027,-0.5904073743574709,-0.9352705653132926,-1.0851207587044955,-1.1344994172443033,0.6150973505194979,0.7170024033772157,0.7722377854413742,0.0,0.0
1657,2.558201176583061,-0.5403601873348578,0.5800128131131899,0.4116423781638197,1.5580367365415795,0.7492527943628847,1.3518539612170293,1.718923859768976,-0.6790078244304162,0.6150973505194979,,-1.2949379308452873,0.0,0.0
1658,0.39758069364339965,1.305869306507629,0.5800128131131899,0.4116423781638197,0.06043877488129027,-0.5904073743574709,0.20829169795186836,-0.4619997323770575,0.23197536119735832,-0.7047204307332285,0.7170024033772157,0.7722377854413742,0.0,0.0
1659,-1.1526067217623208,-1.728821993438403,0.5800128131131899,0.4116423781638197,-1.4371591867789992,-0.5904073743574709,1.3518539612170293,-0.7735602455407765,-1.1344994172443033,-0.7047204307332285,0.7170024033772157,0.7722377854413742,0.0,0.0
1660,-0.0026697337653186705,0.6060927032090964,0.5800128131131899,0.4116423781638197,0.06043877488129027,0.7492527943628847,0.20829169795186836,0.4726818071140997,1.1429585468251326,-0.7047204307332285,-1.394695464464014,-1.2949379308452873,0.0,0.0
1661,0.9844671862680628,0.6060927032090964,0.5800128131131899,0.4116423781638197,0.06043877488129027,0.7492527943628847,0.20829169795186836,0.4726818071140997,1.1429585468251326,-0.7047204307332285,-1.394695464464014,-1.2949379308452873,0.0,0.0
1662,-0.8140859455205066,0.04380877046339996,0.5800128131131899,-1.5419146707492228,-1.4371591867789992,-0.5904073743574709,-2.078832828578453,0.4726818071140997,-1.1344994172443033,-0.7047204307332285,0.7170024033772157,0.7722377854413742,0.0,0.0
1663,0.604600361019615,0.6347224000017584,0.5800128131131899,0.4116423781638197,0.06043877488129027,0.7492527943628847,0.20829169795186836,0.4726818071140997,1.1429585468251326,-0.7047204307332285,-1.394695464464014,0.7722377854413742,0.0,0.0
1664,-1.1293495691960893,-1.728821993438403,0.5800128131131899,0.4116423781638197,-1.4371591867789992,-0.5904073743574709,1.3518539612170293,-0.7735602455407765,-1.1344994172443033,-0.7047204307332285,0.7170024033772157,0.7722377854413742,0.0,0.0
1665,-0.0776094475898424,0.04380877046339996,0.5800128131131899,-1.5419146707492228,-1.4371591867789992,-0.5904073743574709,-2.078832828578453,0.4726818071140997,-1.1344994172443033,-0.7047204307332285,0.7170024033772157,0.7722377854413742,0.0,0.0
1666,-1.0337368308682486,0.04380877046339996,0.5800128131131899,-1.5419146707492228,-1.4371591867789992,-0.5904073743574709,-2.078832828578453,0.4726818071140997,-1.1344994172443033,0.6150973505194979,0.7170024033772157,0.7722377854413742,0.0,0.0
1667,0.41337488436393377,0.6347224000017584,0.5800128131131899,0.4116423781638197,0.06043877488129027,0.7492527943628847,0.20829169795186836,0.4726818071140997,1.1429585468251326,-0.7047204307332285,-1.394695464464014,0.7722377854413742,0.0,0.0
1668,1.0852481807217327,-0.6551776670125264,0.5800128131131899,-1.5419146707492228,1.5580367365415795,-1.9300675430778265,1.3518539612170293,0.16112129395038063,-0.6790078244304162,-0.7047204307332285,0.7170024033772157,0.7722377854413742,0.0,0.0
1669,0.3875336037347876,-0.5403601873348578,0.5800128131131899,0.4116423781638197,1.5580367365415795,0.7492527943628847,1.3518539612170293,1.718923859768976,-0.6790078244304162,-0.7047204307332285,,-1.2949379308452873,0.0,0.0
1670,0.9870513143309775,0.6060927032090964,0.5800128131131899,0.4116423781638197,0.06043877488129027,0.7492527943628847,0.20829169795186836,0.4726818071140997,1.1429585468251326,-0.7047204307332285,-1.394695464464014,-1.2949379308452873,0.0,0.0
1671,0.5296606471950913,0.6347224000017584,0.5800128131131899,0.4116423781638197,0.06043877488129027,0.7492527943628847,0.20829169795186836,0.4726818071140997,1.1429585468251326,-0.7047204307332285,-1.394695464464014,0.7722377854413742,0.0,0.0
1672,-1.4601179612491595,-0.5403601873348578,0.5800128131131899,0.4116423781638197,1.5580367365415795,0.7492527943628847,1.3518539612170293,1.718923859768976,-0.6790078244304162,-0.7047204307332285,,-1.2949379308452873,0.0,0.0
1673,-0.10345072821898851,0.5223551462595128,0.5800128131131899,0.4116423781638197,0.06043877488129027,0.7492527943628847,0.20829169795186836,-0.15043921921333844,0.6874669540112455,0.6150973505194979,0.7170024033772157,0.7722377854413742,0.0,0.0
1674,0.6201051293971026,-1.4497074305130688,0.6331240655403247,-1.5419146707492228,-1.4371591867789992,-0.5904073743574709,-0.9352705653132926,-2.019802298195653,-1.5899910100581907,-0.7047204307332285,0.7170024033772157,0.7722377854413742,0.0,0.0
1675,0.8991909601918807,0.6347224000017584,0.6331240655403247,0.4116423781638197,0.06043877488129027,0.7492527943628847,0.20829169795186836,0.4726818071140997,1.1429585468251326,-0.7047204307332285,-1.394695464464014,0.7722377854413742,0.0,0.0
1676,-0.6978001826893491,-0.5403601873348578,0.6331240655403247,0.4116423781638197,1.5580367365415795,0.7492527943628847,1.3518539612170293,1.718923859768976,-0.6790078244304162,0.6150973505194979,,-1.2949379308452873,0.0,0.0
1677,-1.2146257952722714,-1.728821993438403,0.6331240655403247,0.4116423781638197,-1.4371591867789992,-0.5904073743574709,1.3518539612170293,-0.7735602455407765,-1.1344994172443033,0.6150973505194979,0.7170024033772157,0.7722377854413742,0.0,0.0
1678,1.2661371451257555,1.305869306507629,0.6331240655403247,0.4116423781638197,0.06043877488129027,-0.5904073743574709,0.20829169795186836,-0.4619997323770575,0.23197536119735832,-0.7047204307332285,0.7170024033772157,0.7722377854413742,0.0,0.0
1679,0.4908987262513721,-1.3479224465198205,0.6331240655403247,-1.5419146707492228,0.06043877488129027,-0.5904073743574709,-0.9352705653132926,-1.0851207587044955,-1.1344994172443033,-0.7047204307332285,0.7170024033772157,0.7722377854413742,0.0,0.0
1680,-0.36186353451044967,-1.3479224465198205,0.6331240655403247,-1.5419146707492228,0.06043877488129027,-0.5904073743574709,-0.9352705653132926,-1.0851207587044955,-1.1344994172443033,0.6150973505194979,0.7170024033772157,0.7722377854413742,0.0,0.0
1681,-0.8838574032192011,0.44116885080095214,0.6331240655403247,0.4116423781638197,1.5580367365415795,0.7492527943628847,0.20829169795186836,-0.15043921921333844,1.1429585468251326,0.6150973505194979,0.7170024033772157,0.7722377854413742,0.0,0.0
1682,-1.4006830158021235,-0.6551776670125264,0.6331240655403247,-1.5419146707492228,1.5580367365415795,-1.9300675430778265,1.3518539612170293,0.16112129395038063,-0.6790078244304162,-0.7047204307332285,0.7170024033772157,0.7722377854413742,0.0,0.0
1683,0.8733496795627346,0.2304354707659634,0.6331240655403247,-1.5419146707492228,1.5580367365415795,-0.5904073743574709,0.20829169795186836,0.4726818071140997,1.1429585468251326,-0.7047204307332285,0.7170024033772157,0.7722377854413742,0.0,0.0
1684,-0.03884752664612323,-0.5403601873348578,0.6331240655403247,0.4116423781638197,1.5580367365415795,0.7492527943628847,1.3518539612170293,1.718923859768976,-0.6790078244304162,0.6150973505194979,,-1.2949379308452873,0.0,0.0
1685,-0.15513328947728075,0.3824668092565971,0.6331240655403247,0.4116423781638197,1.5580367365415795,0.7492527943628847,0.20829169795186836,0.16112129395038063,0.23197536119735832,-0.7047204307332285,0.7170024033772157,0.7722377854413742,0.0,0.0
1686,0.41337488436393377,-0.5403601873348578,0.6331240655403247,0.4116423781638197,1.5580367365415795,0.7492527943628847,1.3518539612170293,1.718923859768976,-0.6790078244304162,1.9349151317722242,,-1.2949379308452873,0.0,0.0
1687,-0.173222185917683,0.6060927032090964,0.6331240655403247,0.4116423781638197,0.06043877488129027,0.7492527943628847,0.20829169795186836,0.4726818071140997,1.1429585468251326,-0.7047204307332285,-1.394695464464014,-1.2949379308452873,0.0,0.0
1688,-0.9691336292953833,1.305869306507629,0.6331240655403247,0.4116423781638197,0.06043877488129027,-0.5904073743574709,0.20829169795186836,-0.4619997323770575,0.23197536119735832,-0.7047204307332285,0.7170024033772157,0.7722377854413742,0.0,0.0
1689,0.23248591995991097,-1.8120955205495735,0.6331240655403247,0.4116423781638197,-1.4371591867789992,-1.9300675430778265,1.3518539612170293,-1.0851207587044955,-1.1344994172443033,0.6150973505194979,0.7170024033772157,0.7722377854413742,0.0,0.0
1690,-0.5146165125654582,1.305869306507629,0.6331240655403247,0.4116423781638197,0.06043877488129027,-0.5904073743574709,0.20829169795186836,-0.4619997323770575,0.23197536119735832,-0.7047204307332285,0.7170024033772157,0.7722377854413742,0.0,0.0
1691,-1.1348072476649649,0.04380877046339996,0.6331240655403247,-1.5419146707492228,-1.4371591867789992,-0.5904073743574709,-2.078832828578453,0.4726818071140997,-1.1344994172443033,0.6150973505194979,0.7170024033772157,0.7722377854413742,0.0,0.0
1692,-0.9872225257357856,1.305869306507629,0.6331240655403247,0.4116423781638197,0.06043877488129027,-0.5904073743574709,0.20829169795186836,-0.4619997323770575,0.23197536119735832,-0.7047204307332285,0.7170024033772157,0.7722377854413742,0.0,0.0
1693,-0.0776094475898424,0.6060927032090964,0.6331240655403247,0.4116423781638197,0.06043877488129027,0.7492527943628847,0.20829169795186836,0.4726818071140997,1.1429585468251326,-0.7047204307332285,-1.394695464464014,-1.2949379308452873,0.0,0.0
1694,3.2094014484375433,0.6347224000017584,0.6331240655403247,0.4116423781638197,0.06043877488129027,0.7492527943628847,0.20829169795186836,0.4726818071140997,1.1429585468251326,-0.7047204307332285,-1.394695464464014,0.7722377854413742,0.0,0.0
1695,-0.5194953463482409,0.6060927032090964,0.6331240655403247,0.4116423781638197,0.06043877488129027,0.7492527943628847,0.20829169795186836,0.4726818071140997,1.1429585468251326,-0.7047204307332285,-1.394695464464014,-1.2949379308452873,0.0,0.0
1696,-1.2456353320272466,0.6347224000017584,0.6331240655403247,0.4116423781638197,0.06043877488129027,0.7492527943628847,0.20829169795186836,0.4726818071140997,1.1429585468251326,-0.7047204307332285,-1.394695464464014,0.7722377854413742,0.0,0.0
1697,-0.5169112182853264,0.6347224000017584,0.6331240655403247,0.4116423781638197,0.06043877488129027,0.7492527943628847,0.20829169795186836,0.4726818071140997,1.1429585468251326,-0.7047204307332285,-1.394695464464014,0.7722377854413742,0.0,0.0
1698,-0.6461176214310569,0.8900159241366333,0.6331240655403247,2.3651994270768624,0.06043877488129027,2.0889129630832404,0.20829169795186836,0.7842423202778188,1.1429585468251326,-0.7047204307332285,0.7170024033772157,-1.2949379308452873,0.0,0.0
1699,0.33297749207053434,-1.4497074305130688,0.6331240655403247,-1.5419146707492228,-1.4371591867789992,-0.5904073743574709,-0.9352705653132926,-2.019802298195653,-1.5899910100581907,-0.7047204307332285,0.7170024033772157,0.7722377854413742,0.0,0.0
1700,-0.013006246016977117,-0.5403601873348578,0.6331240655403247,0.4116423781638197,1.5580367365415795,0.7492527943628847,1.3518539612170293,1.718923859768976,-0.6790078244304162,1.9349151317722242,,-1.2949379308452873,0.0,0.0
1701,-0.0776094475898424,-0.5403601873348578,0.6331240655403247,0.4116423781638197,1.5580367365415795,0.7492527943628847,1.3518539612170293,1.718923859768976,-0.6790078244304162,0.6150973505194979,,-1.2949379308452873,0.0,0.0
1702,1.7235278122616418,0.6060927032090964,0.6331240655403247,0.4116423781638197,0.06043877488129027,0.7492527943628847,0.20829169795186836,0.4726818071140997,1.1429585468251326,-0.7047204307332285,-1.394695464464014,-1.2949379308452873,0.0,0.0
1703,0.5399971594467498,0.6347224000017584,0.6331240655403247,0.4116423781638197,0.06043877488129027,0.7492527943628847,0.20829169795186836,0.4726818071140997,1.1429585468251326,-0.7047204307332285,-1.394695464464014,0.7722377854413742,0.0,0.0
1704,-0.439387376397888,-1.8120955205495735,0.6331240655403247,0.4116423781638197,-1.4371591867789992,-1.9300675430778265,1.3518539612170293,-1.0851207587044955,-1.1344994172443033,0.6150973505194979,0.7170024033772157,0.7722377854413742,0.0,0.0
1705,0.10327951681418039,0.04380877046339996,0.6331240655403247,-1.5419146707492228,-1.4371591867789992,-0.5904073743574709,-2.078832828578453,0.4726818071140997,-1.1344994172443033,1.9349151317722242,0.7170024033772157,0.7722377854413742,0.0,0.0
1706,-1.0337368308682486,0.04380877046339996,0.6331240655403247,-1.5419146707492228,-1.4371591867789992,-0.5904073743574709,-2.078832828578453,0.4726818071140997,-1.1344994172443033,1.9349151317722242,0.7170024033772157,0.7722377854413742,0.0,0.0
1707,-0.671958902060203,0.44116885080095214,0.6331240655403247,0.4116423781638197,1.5580367365415795,0.7492527943628847,0.20829169795186836,-0.15043921921333844,1.1429585468251326,-0.7047204307332285,0.7170024033772157,0.7722377854413742,0.0,0.0
1708,-1.4213560403054404,-1.8120955205495735,0.6331240655403247,0.4116423781638197,-1.4371591867789992,-1.9300675430778265,1.3518539612170293,-1.0851207587044955,-1.1344994172443033,0.6150973505194979,0.7170024033772157,0.7722377854413742,0.0,0.0
1709,-0.5427524989144724,-1.8120955205495735,0.6331240655403247,0.4116423781638197,-1.4371591867789992,-1.9300675430778265,1.3518539612170293,-1.0851207587044955,-1.1344994172443033,1.9349151317722242,0.7170024033772157,0.7722377854413742,0.0,0.0
1710,-1.2275464355868444,0.04380877046339996,0.6331240655403247,-1.5419146707492228,-1.4371591867789992,-0.5904073743574709,-2.078832828578453,0.4726818071140997,-1.1344994172443033,-0.7047204307332285,0.7170024033772157,0.7722377854413742,0.0,0.0
1711,0.6433622819633341,0.6347224000017584,0.6862353179674597,0.4116423781638197,0.06043877488129027,0.7492527943628847,0.20829169795186836,0.4726818071140997,1.1429585468251326,-0.7047204307332285,-1.394695464464014,0.7722377854413742,0.0,0.0
1712,-0.5944350601727647,0.6347224000017584,0.6862353179674597,0.4116423781638197,0.06043877488129027,0.7492527943628847,0.20829169795186836,0.4726818071140997,1.1429585468251326,-0.7047204307332285,-1.394695464464014,0.7722377854413742,0.0,0.0
1713,0.7932417096123816,0.6347224000017584,0.6862353179674597,0.4116423781638197,0.06043877488129027,0.7492527943628847,0.20829169795186836,0.4726818071140997,1.1429585468251326,-0.7047204307332285,-1.394695464464014,0.7722377854413742,0.0,0.0
1714,-1.2120416672093568,0.6347224000017584,0.6862353179674597,0.4116423781638197,0.06043877488129027,0.7492527943628847,0.20829169795186836,0.4726818071140997,1.1429585468251326,-0.7047204307332285,-1.394695464464014,0.7722377854413742,0.0,0.0
1715,-0.671958902060203,-1.8120955205495735,0.6862353179674597,0.4116423781638197,-1.4371591867789992,-1.9300675430778265,1.3518539612170293,-1.0851207587044955,-1.1344994172443033,0.6150973505194979,0.7170024033772157,0.7722377854413742,0.0,0.0
1716,0.5167400068805182,-1.4497074305130688,0.6862353179674597,-1.5419146707492228,-1.4371591867789992,-0.5904073743574709,-0.9352705653132926,-2.019802298195653,-1.5899910100581907,-0.7047204307332285,0.7170024033772157,0.7722377854413742,0.0,0.0
1717,1.9767723624272735,0.6060927032090964,0.6862353179674597,0.4116423781638197,0.06043877488129027,0.7492527943628847,0.20829169795186836,0.4726818071140997,1.1429585468251326,-0.7047204307332285,-1.394695464464014,-1.2949379308452873,0.0,0.0
1718,-0.2843396926230113,0.44116885080095214,0.6862353179674597,0.4116423781638197,1.5580367365415795,0.7492527943628847,0.20829169795186836,-0.15043921921333844,1.1429585468251326,-0.7047204307332285,0.7170024033772157,0.7722377854413742,0.0,0.0
1719,-0.9820542696099563,0.7991489007540297,0.6862353179674597,2.3651994270768624,0.06043877488129027,2.0889129630832404,0.20829169795186836,0.7842423202778188,1.1429585468251326,-0.7047204307332285,0.7170024033772157,0.7722377854413742,0.0,0.0
1720,-0.11637136853356157,-0.5403601873348578,0.6862353179674597,0.4116423781638197,1.5580367365415795,0.7492527943628847,1.3518539612170293,1.718923859768976,-0.6790078244304162,0.6150973505194979,,-1.2949379308452873,0.0,0.0
1721,-0.5685937795436186,-1.8120955205495735,0.6862353179674597,0.4116423781638197,-1.4371591867789992,-1.9300675430778265,1.3518539612170293,-1.0851207587044955,-1.1344994172443033,1.9349151317722242,0.7170024033772157,0.7722377854413742,0.0,0.0
1722,1.136930741980025,0.7991489007540297,0.6862353179674597,2.3651994270768624,0.06043877488129027,2.0889129630832404,0.20829169795186836,0.7842423202778188,1.1429585468251326,-0.7047204307332285,0.7170024033772157,0.7722377854413742,0.0,0.0
1723,-0.5220794744111555,-0.10408600229664455,0.6862353179674597,0.4116423781638197,0.06043877488129027,0.7492527943628847,-2.078832828578453,1.0958028334415377,-0.6790078244304162,1.9349151317722242,0.7170024033772157,-1.2949379308452873,0.0,0.0
1724,-1.085419392126541,0.5223551462595128,0.6862353179674597,0.4116423781638197,0.06043877488129027,0.7492527943628847,0.20829169795186836,-0.15043921921333844,0.6874669540112455,0.6150973505194979,0.7170024033772157,0.7722377854413742,0.0,0.0
1725,0.5038193665659452,-1.2918626425229427,0.6862353179674597,0.4116423781638197,0.06043877488129027,-0.5904073743574709,-0.9352705653132926,1.0958028334415377,-1.1344994172443033,0.6150973505194979,0.7170024033772157,-1.2949379308452873,0.0,0.0
1726,-0.62544459692774,0.44116885080095214,0.6862353179674597,0.4116423781638197,1.5580367365415795,0.7492527943628847,0.20829169795186836,-0.15043921921333844,1.1429585468251326,0.6150973505194979,0.7170024033772157,0.7722377854413742,0.0,0.0
1727,0.03867631524131511,0.6060927032090964,0.6862353179674597,0.4116423781638197,0.06043877488129027,0.7492527943628847,0.20829169795186836,0.4726818071140997,1.1429585468251326,-0.7047204307332285,-1.394695464464014,-1.2949379308452873,0.0,0.0
1728,0.8655972953739908,-0.5403601873348578,0.6862353179674597,0.4116423781638197,1.5580367365415795,0.7492527943628847,1.3518539612170293,1.718923859768976,-0.6790078244304162,1.9349151317722242,,-1.2949379308452873,0.0,0.0
1729,-1.250803588153076,0.6347224000017584,0.6862353179674597,0.4116423781638197,0.06043877488129027,0.7492527943628847,0.20829169795186836,0.4726818071140997,1.1429585468251326,-0.7047204307332285,-1.394695464464014,0.7722377854413742,0.0,0.0
1730,1.3720863957052545,0.6347224000017584,0.6862353179674597,0.4116423781638197,0.06043877488129027,0.7492527943628847,0.20829169795186836,0.4726818071140997,1.1429585468251326,-0.7047204307332285,-1.394695464464014,0.7722377854413742,0.0,0.0
1731,-0.8528478664642258,0.04380877046339996,0.6862353179674597,-1.5419146707492228,-1.4371591867789992,-0.5904073743574709,-2.078832828578453,0.4726818071140997,-1.1344994172443033,1.9349151317722242,0.7170024033772157,0.7722377854413742,0.0,0.0
1732,-1.0724987518119677,0.04380877046339996,0.6862353179674597,-1.5419146707492228,-1.4371591867789992,-0.5904073743574709,-2.078832828578453,0.4726818071140997,-1.1344994172443033,0.6150973505194979,0.7170024033772157,0.7722377854413742,0.0,0.0
1733,-0.5685937795436186,0.44116885080095214,0.6862353179674597,0.4116423781638197,1.5580367365415795,0.7492527943628847,0.20829169795186836,-0.15043921921333844,1.1429585468251326,1.9349151317722242,0.7170024033772157,0.7722377854413742,0.0,0.0
1734,-0.8399272261496528,0.04380877046339996,0.6862353179674597,-1.5419146707492228,-1.4371591867789992,-0.5904073743574709,-2.078832828578453,0.4726818071140997,-1.1344994172443033,-0.7047204307332285,0.7170024033772157,0.7722377854413742,0.0,0.0
1735,-8.560570240405939e-05,0.04380877046339996,0.6862353179674597,-1.5419146707492228,-1.4371591867789992,-0.5904073743574709,-2.078832828578453,0.4726818071140997,-1.1344994172443033,1.9349151317722242,0.7170024033772157,0.7722377854413742,0.0,0.0
1736,-1.1551908498252352,-1.3479224465198205,0.6862353179674597,-1.5419146707492228,0.06043877488129027,-0.5904073743574709,-0.9352705653132926,-1.0851207587044955,-1.1344994172443033,-0.7047204307332285,0.7170024033772157,0.7722377854413742,0.0,0.0
1737,-0.3360222538813035,-1.2918626425229427,0.6862353179674597,0.4116423781638197,0.06043877488129027,-0.5904073743574709,-0.9352705653132926,1.0958028334415377,-1.1344994172443033,-0.7047204307332285,0.7170024033772157,-1.2949379308452873,0.0,0.0
1738,-1.0724987518119677,0.04380877046339996,0.6862353179674597,-1.5419146707492228,-1.4371591867789992,-0.5904073743574709,-2.078832828578453,0.4726818071140997,-1.1344994172443033,1.9349151317722242,0.7170024033772157,0.7722377854413742,0.0,0.0
1739,0.18080335870161873,-1.8120955205495735,0.6862353179674597,0.4116423781638197,-1.4371591867789992,-1.9300675430778265,1.3518539612170293,-1.0851207587044955,-1.1344994172443033,1.9349151317722242,0.7170024033772157,0.7722377854413742,0.0,0.0
1740,0.8087464779898693,0.6347224000017584,0.6862353179674597,0.4116423781638197,0.06043877488129027,0.7492527943628847,0.20829169795186836,0.4726818071140997,1.1429585468251326,-0.7047204307332285,-1.394695464464014,0.7722377854413742,0.0,0.0
1741,0.9715465459534898,0.6060927032090964,0.6862353179674597,0.4116423781638197,0.06043877488129027,0.7492527943628847,0.20829169795186836,0.4726818071140997,1.1429585468251326,-0.7047204307332285,-1.394695464464014,-1.2949379308452873,0.0,0.0
1742,-1.369673479047148,-0.10408600229664455,0.6862353179674597,0.4116423781638197,0.06043877488129027,0.7492527943628847,-2.078832828578453,1.0958028334415377,-0.6790078244304162,0.6150973505194979,0.7170024033772157,-1.2949379308452873,0.0,0.0
1743,-0.4703969131528633,0.6060927032090964,0.6862353179674597,0.4116423781638197,0.06043877488129027,0.7492527943628847,0.20829169795186836,0.4726818071140997,1.1429585468251326,-0.7047204307332285,-1.394695464464014,-1.2949379308452873,0.0,0.0
1744,-8.560570240405939e-05,-1.4497074305130688,0.6862353179674597,-1.5419146707492228,-1.4371591867789992,-0.5904073743574709,-0.9352705653132926,-2.019802298195653,-1.5899910100581907,-0.7047204307332285,0.7170024033772157,0.7722377854413742,0.0,0.0
1745,-0.36186353451044967,0.7991489007540297,0.6862353179674597,2.3651994270768624,0.06043877488129027,2.0889129630832404,0.20829169795186836,0.7842423202778188,1.1429585468251326,-0.7047204307332285,0.7170024033772157,0.7722377854413742,0.0,0.0
1746,-8.560570240405939e-05,0.7991489007540297,0.6862353179674597,2.3651994270768624,0.06043877488129027,2.0889129630832404,0.20829169795186836,0.7842423202778188,1.1429585468251326,-0.7047204307332285,0.7170024033772157,0.7722377854413742,0.0,0.0
1747,-1.369673479047148,-0.5403601873348578,0.6862353179674597,0.4116423781638197,1.5580367365415795,0.7492527943628847,1.3518539612170293,1.718923859768976,-0.6790078244304162,1.9349151317722242,,-1.2949379308452873,0.0,0.0
1748,-1.6074132608352922,-1.3479224465198205,0.6862353179674597,-1.5419146707492228,0.06043877488129027,-0.5904073743574709,-0.9352705653132926,-1.0851207587044955,-1.1344994172443033,1.9349151317722242,0.7170024033772157,0.7722377854413742,0.0,0.0
1749,0.025755674926742054,0.7991489007540297,0.6862353179674597,2.3651994270768624,0.06043877488129027,2.0889129630832404,0.20829169795186836,0.7842423202778188,1.1429585468251326,-0.7047204307332285,0.7170024033772157,0.7722377854413742,0.0,0.0
1750,-0.9949749099245294,1.305869306507629,0.6862353179674597,0.4116423781638197,0.06043877488129027,-0.5904073743574709,0.20829169795186836,-0.4619997323770575,0.23197536119735832,-0.7047204307332285,0.7170024033772157,0.7722377854413742,0.0,0.0
1751,-1.1577749778881499,-0.10408600229664455,0.6862353179674597,0.4116423781638197,0.06043877488129027,0.7492527943628847,-2.078832828578453,1.0958028334415377,-0.6790078244304162,-0.7047204307332285,0.7170024033772157,-1.2949379308452873,0.0,0.0
1752,-0.7107208230039221,-1.728821993438403,0.6862353179674597,0.4116423781638197,-1.4371591867789992,-0.5904073743574709,1.3518539612170293,-0.7735602455407765,-1.1344994172443033,-0.7047204307332285,0.7170024033772157,0.7722377854413742,0.0,0.0
1753,-1.0970479684096566,0.04380877046339996,0.6862353179674597,-1.5419146707492228,-1.4371591867789992,-0.5904073743574709,-2.078832828578453,0.4726818071140997,-1.1344994172443033,0.6150973505194979,0.7170024033772157,0.7722377854413742,0.0,0.0
1754,-1.0466574711828216,1.305869306507629,0.6862353179674597,0.4116423781638197,0.06043877488129027,-0.5904073743574709,0.20829169795186836,-0.4619997323770575,0.23197536119735832,-0.7047204307332285,0.7170024033772157,0.7722377854413742,0.0,0.0
1755,0.010250906549254386,0.6060927032090964,0.6862353179674597,0.4116423781638197,0.06043877488129027,0.7492527943628847,0.20829169795186836,0.4726818071140997,1.1429585468251326,-0.7047204307332285,-1.394695464464014,-1.2949379308452873,0.0,0.0
1756,3.0595220207884957,0.6347224000017584,0.6862353179674597,0.4116423781638197,0.06043877488129027,0.7492527943628847,0.20829169795186836,0.4726818071140997,1.1429585468251326,-0.7047204307332285,-1.394695464464014,0.7722377854413742,0.0,0.0
1757,-1.1112606727556869,0.04380877046339996,0.6862353179674597,-1.5419146707492228,-1.4371591867789992,-0.5904073743574709,-2.078832828578453,0.4726818071140997,-1.1344994172443033,1.9349151317722242,0.7170024033772157,0.7722377854413742,0.0,0.0
1758,-0.0776094475898424,-0.5403601873348578,0.6862353179674597,0.4116423781638197,1.5580367365415795,0.7492527943628847,1.3518539612170293,1.718923859768976,-0.6790078244304162,1.9349151317722242,,-1.2949379308452873,0.0,0.0
1759,-1.2146257952722714,0.04380877046339996,0.6862353179674597,-1.5419146707492228,-1.4371591867789992,-0.5904073743574709,-2.078832828578453,0.4726818071140997,-1.1344994172443033,0.6150973505194979,0.7170024033772157,0.7722377854413742,0.0,0.0
1760,0.012835034612168996,0.2304354707659634,0.6862353179674597,-1.5419146707492228,1.5580367365415795,-0.5904073743574709,0.20829169795186836,0.4726818071140997,1.1429585468251326,-0.7047204307332285,0.7170024033772157,0.7722377854413742,0.0,0.0
1761,-0.7753240245767875,-0.6551776670125264,0.6862353179674597,-1.5419146707492228,1.5580367365415795,-1.9300675430778265,1.3518539612170293,0.16112129395038063,-0.6790078244304162,-0.7047204307332285,0.7170024033772157,0.7722377854413742,0.0,0.0
1762,-0.0776094475898424,-1.8120955205495735,0.6862353179674597,0.4116423781638197,-1.4371591867789992,-1.9300675430778265,1.3518539612170293,-1.0851207587044955,-1.1344994172443033,-0.7047204307332285,0.7170024033772157,0.7722377854413742,0.0,0.0
1763,-0.8270065858350797,0.04380877046339996,0.6862353179674597,-1.5419146707492228,-1.4371591867789992,-0.5904073743574709,-2.078832828578453,0.4726818071140997,-1.1344994172443033,-0.7047204307332285,0.7170024033772157,0.7722377854413742,0.0,0.0
1764,1.9845247466160174,0.6347224000017584,0.6862353179674597,0.4116423781638197,0.06043877488129027,0.7492527943628847,0.20829169795186836,0.4726818071140997,1.1429585468251326,-0.7047204307332285,-1.394695464464014,0.7722377854413742,0.0,0.0
1765,-1.0078955502391025,1.305869306507629,0.6862353179674597,0.4116423781638197,0.06043877488129027,-0.5904073743574709,0.20829169795186836,-0.4619997323770575,0.23197536119735832,-0.7047204307332285,0.7170024033772157,0.7722377854413742,0.0,0.0
1766,-1.1939527707689546,0.04380877046339996,0.6862353179674597,-1.5419146707492228,-1.4371591867789992,-0.5904073743574709,-2.078832828578453,0.4726818071140997,-1.1344994172443033,0.6150973505194979,0.7170024033772157,0.7722377854413742,0.0,0.0
1767,-8.560570240405939e-05,-1.8120955205495735,0.6862353179674597,0.4116423781638197,-1.4371591867789992,-1.9300675430778265,1.3518539612170293,-1.0851207587044955,-1.1344994172443033,-0.7047204307332285,0.7170024033772157,0.7722377854413742,0.0,0.0
1768,-0.980762205578499,1.305869306507629,0.6862353179674597,0.4116423781638197,0.06043877488129027,-0.5904073743574709,0.20829169795186836,-0.4619997323770575,0.23197536119735832,-0.7047204307332285,0.7170024033772157,0.7722377854413742,0.0,0.0
1769,0.43921616499307986,-1.8120955205495735,0.6862353179674597,0.4116423781638197,-1.4371591867789992,-1.9300675430778265,1.3518539612170293,-1.0851207587044955,-1.1344994172443033,-0.7047204307332285,0.7170024033772157,0.7722377854413742,0.0,0.0
1770,-0.14221264916270768,0.5223551462595128,0.6862353179674597,0.4116423781638197,0.06043877488129027,0.7492527943628847,0.20829169795186836,-0.15043921921333844,0.6874669540112455,0.6150973505194979,0.7170024033772157,0.7722377854413742,0.0,0.0
1771,0.1291207974433265,-1.728821993438403,0.6862353179674597,0.4116423781638197,-1.4371591867789992,-0.5904073743574709,1.3518539612170293,-0.7735602455407765,-1.1344994172443033,1.9349151317722242,0.7170024033772157,0.7722377854413742,0.0,0.0
1772,-1.529889418947854,-1.3479224465198205,0.6862353179674597,-1.5419146707492228,0.06043877488129027,-0.5904073743574709,-0.9352705653132926,-1.0851207587044955,-1.1344994172443033,1.9349151317722242,0.7170024033772157,0.7722377854413742,0.0,0.0
1773,3.2920935464508108,0.6347224000017584,0.7393465703945946,0.4116423781638197,0.06043877488129027,0.7492527943628847,0.20829169795186836,0.4726818071140997,1.1429585468251326,-0.7047204307332285,-1.394695464464014,0.7722377854413742,0.0,0.0
1774,-0.5169112182853264,-1.728821993438403,0.7393465703945946,0.4116423781638197,-1.4371591867789992,-0.5904073743574709,1.3518539612170293,-0.7735602455407765,-1.1344994172443033,0.6150973505194979,0.7170024033772157,0.7722377854413742,0.0,0.0
1775,-0.12929200884813463,0.04380877046339996,0.7393465703945946,-1.5419146707492228,-1.4371591867789992,-0.5904073743574709,-2.078832828578453,0.4726818071140997,-1.1344994172443033,-0.7047204307332285,0.7170024033772157,0.7722377854413742,0.0,0.0
1776,-0.6461176214310569,-1.4497074305130688,0.7393465703945946,-1.5419146707492228,-1.4371591867789992,-0.5904073743574709,-0.9352705653132926,-2.019802298195653,-1.5899910100581907,-0.7047204307332285,0.7170024033772157,0.7722377854413742,0.0,0.0
1777,-1.0595781114973948,-1.3479224465198205,0.7393465703945946,-1.5419146707492228,0.06043877488129027,-0.5904073743574709,-0.9352705653132926,-1.0851207587044955,-1.1344994172443033,-0.7047204307332285,0.7170024033772157,0.7722377854413742,0.0,0.0
1778,0.8420507204647127,-0.4412736989171693,0.7393465703945946,-1.5419146707492228,1.5580367365415795,-1.9300675430778265,0.20829169795186836,-0.4619997323770575,-0.22351623161652892,-0.7047204307332285,0.7170024033772157,0.7722377854413742,0.0,0.0
1779,-0.6073557004873377,0.5223551462595128,0.7393465703945946,0.4116423781638197,0.06043877488129027,0.7492527943628847,0.20829169795186836,-0.15043921921333844,0.6874669540112455,1.9349151317722242,0.7170024033772157,0.7722377854413742,0.0,0.0
1780,-0.7003843107522637,0.6347224000017584,0.7393465703945946,0.4116423781638197,0.06043877488129027,0.7492527943628847,0.20829169795186836,0.4726818071140997,1.1429585468251326,-0.7047204307332285,-1.394695464464014,0.7722377854413742,0.0,0.0
1781,2.0930581252584313,0.6347224000017584,0.7393465703945946,0.4116423781638197,0.06043877488129027,0.7492527943628847,0.20829169795186836,0.4726818071140997,1.1429585468251326,-0.7047204307332285,-1.394695464464014,0.7722377854413742,0.0,0.0
1782,-0.20164759460974374,0.6347224000017584,0.7393465703945946,0.4116423781638197,0.06043877488129027,0.7492527943628847,0.20829169795186836,0.4726818071140997,1.1429585468251326,-0.7047204307332285,-1.394695464464014,0.7722377854413742,0.0,0.0
1783,-0.5427524989144724,-1.8120955205495735,0.7393465703945946,0.4116423781638197,-1.4371591867789992,-1.9300675430778265,1.3518539612170293,-1.0851207587044955,-1.1344994172443033,1.9349151317722242,0.7170024033772157,0.7722377854413742,0.0,0.0
1784,0.5064034946288598,0.6060927032090964,0.7393465703945946,0.4116423781638197,0.06043877488129027,0.7492527943628847,0.20829169795186836,0.4726818071140997,1.1429585468251326,-0.7047204307332285,-1.394695464464014,-1.2949379308452873,0.0,0.0
1785,2.240353424844564,0.6060927032090964,0.7393465703945946,0.4116423781638197,0.06043877488129027,0.7492527943628847,0.20829169795186836,0.4726818071140997,1.1429585468251326,-0.7047204307332285,-1.394695464464014,-1.2949379308452873,0.0,0.0
1786,-0.22748887523888986,0.6060927032090964,0.7393465703945946,0.4116423781638197,0.06043877488129027,0.7492527943628847,0.20829169795186836,0.4726818071140997,1.1429585468251326,-0.7047204307332285,-1.394695464464014,-1.2949379308452873,0.0,0.0
1787,-0.7288097194443245,0.6347224000017584,0.7393465703945946,0.4116423781638197,0.06043877488129027,0.7492527943628847,0.20829169795186836,0.4726818071140997,1.1429585468251326,-0.7047204307332285,-1.394695464464014,0.7722377854413742,0.0,0.0
1788,-0.7081366949410076,0.6347224000017584,0.7393465703945946,0.4116423781638197,0.06043877488129027,0.7492527943628847,0.20829169795186836,0.4726818071140997,1.1429585468251326,-0.7047204307332285,-1.394695464464014,0.7722377854413742,0.0,0.0
1789,-0.578930291795277,0.6347224000017584,0.7393465703945946,0.4116423781638197,0.06043877488129027,0.7492527943628847,0.20829169795186836,0.4726818071140997,1.1429585468251326,-0.7047204307332285,-1.394695464464014,0.7722377854413742,0.0,0.0
1790,-0.16030154560310997,0.6347224000017584,0.7393465703945946,0.4116423781638197,0.06043877488129027,0.7492527943628847,0.20829169795186836,0.4726818071140997,1.1429585468251326,-0.7047204307332285,-1.394695464464014,0.7722377854413742,0.0,0.0
1791,-0.40837783964291263,0.6347224000017584,0.7393465703945946,0.4116423781638197,0.06043877488129027,0.7492527943628847,0.20829169795186836,0.4726818071140997,1.1429585468251326,-0.7047204307332285,-1.394695464464014,0.7722377854413742,0.0,0.0
1792,-0.3075968451892428,0.6347224000017584,0.7393465703945946,0.4116423781638197,0.06043877488129027,0.7492527943628847,0.20829169795186836,0.4726818071140997,1.1429585468251326,-0.7047204307332285,-1.394695464464014,0.7722377854413742,0.0,0.0
1793,-1.2921496371597097,0.6347224000017584,0.7393465703945946,0.4116423781638197,0.06043877488129027,0.7492527943628847,0.20829169795186836,0.4726818071140997,1.1429585468251326,-0.7047204307332285,-1.394695464464014,0.7722377854413742,0.0,0.0
1794,-0.2429936436163775,0.6347224000017584,0.7393465703945946,0.4116423781638197,0.06043877488129027,0.7492527943628847,0.20829169795186836,0.4726818071140997,1.1429585468251326,-0.7047204307332285,-1.394695464464014,0.7722377854413742,0.0,0.0
1795,0.33068278635066617,0.6347224000017584,0.7393465703945946,0.4116423781638197,0.06043877488129027,0.7492527943628847,0.20829169795186836,0.4726818071140997,1.1429585468251326,-0.7047204307332285,-1.394695464464014,0.7722377854413742,0.0,0.0
1796,-0.31534922937798665,0.6347224000017584,0.7393465703945946,0.4116423781638197,0.06043877488129027,0.7492527943628847,0.20829169795186836,0.4726818071140997,1.1429585468251326,-0.7047204307332285,-1.394695464464014,0.7722377854413742,0.0,0.0
1797,0.7002130993474556,0.6347224000017584,0.7393465703945946,0.4116423781638197,0.06043877488129027,0.7492527943628847,0.20829169795186836,0.4726818071140997,1.1429585468251326,-0.7047204307332285,-1.394695464464014,0.7722377854413742,0.0,0.0
1798,-1.276644868782222,0.6347224000017584,0.7393465703945946,0.4116423781638197,0.06043877488129027,0.7492527943628847,0.20829169795186836,0.4726818071140997,1.1429585468251326,-0.7047204307332285,-1.394695464464014,0.7722377854413742,0.0,0.0
1799,-0.2817555645600967,0.6347224000017584,0.7393465703945946,0.4116423781638197,0.06043877488129027,0.7492527943628847,0.20829169795186836,0.4726818071140997,1.1429585468251326,-0.7047204307332285,-1.394695464464014,0.7722377854413742,0.0,0.0
1800,-0.752066872010556,0.6347224000017584,0.7393465703945946,0.4116423781638197,0.06043877488129027,0.7492527943628847,0.20829169795186836,0.4726818071140997,1.1429585468251326,-0.7047204307332285,-1.394695464464014,0.7722377854413742,0.0,0.0
1801,-0.29209207681175514,0.6347224000017584,0.7393465703945946,0.4116423781638197,0.06043877488129027,0.7492527943628847,0.20829169795186836,0.4726818071140997,1.1429585468251326,-0.7047204307332285,-1.394695464464014,0.7722377854413742,0.0,0.0
1802,1.5142134391655582,0.6347224000017584,0.7393465703945946,0.4116423781638197,0.06043877488129027,0.7492527943628847,0.20829169795186836,0.4726818071140997,1.1429585468251326,-0.7047204307332285,-1.394695464464014,0.7722377854413742,0.0,0.0
1803,0.6872924590328826,0.6347224000017584,0.7393465703945946,0.4116423781638197,0.06043877488129027,0.7492527943628847,0.20829169795186836,0.4726818071140997,1.1429585468251326,-0.7047204307332285,-1.394695464464014,0.7722377854413742,0.0,0.0
1804,-1.2611401004047345,0.6347224000017584,0.7393465703945946,0.4116423781638197,0.06043877488129027,0.7492527943628847,0.20829169795186836,0.4726818071140997,1.1429585468251326,-0.7047204307332285,-1.394695464464014,0.7722377854413742,0.0,0.0
1805,-0.2610825400567798,0.6347224000017584,0.7393465703945946,0.4116423781638197,0.06043877488129027,0.7492527943628847,0.20829169795186836,0.4726818071140997,1.1429585468251326,-0.7047204307332285,-1.394695464464014,0.7722377854413742,0.0,0.0
1806,-0.731393847507239,0.6347224000017584,0.7393465703945946,0.4116423781638197,0.06043877488129027,0.7492527943628847,0.20829169795186836,0.4726818071140997,1.1429585468251326,-0.7047204307332285,-1.394695464464014,0.7722377854413742,0.0,0.0
1807,-0.27141905230843827,0.6347224000017584,0.7393465703945946,0.4116423781638197,0.06043877488129027,0.7492527943628847,0.20829169795186836,0.4726818071140997,1.1429585468251326,-0.7047204307332285,-1.394695464464014,0.7722377854413742,0.0,0.0
1808,0.7131337396620286,0.6347224000017584,0.7393465703945946,0.4116423781638197,0.06043877488129027,0.7492527943628847,0.20829169795186836,0.4726818071140997,1.1429585468251326,-0.7047204307332285,-1.394695464464014,0.7722377854413742,0.0,0.0
1809,-1.2456353320272466,0.6347224000017584,0.7393465703945946,0.4116423781638197,0.06043877488129027,0.7492527943628847,0.20829169795186836,0.4726818071140997,1.1429585468251326,-0.7047204307332285,-1.394695464464014,0.7722377854413742,0.0,0.0
1810,-0.20939997879848757,0.6347224000017584,0.7393465703945946,0.4116423781638197,0.06043877488129027,0.7492527943628847,0.20829169795186836,0.4726818071140997,1.1429585468251326,-0.7047204307332285,-1.394695464464014,0.7722377854413742,0.0,0.0
1811,-0.7107208230039221,0.6347224000017584,0.7393465703945946,0.4116423781638197,0.06043877488129027,0.7492527943628847,0.20829169795186836,0.4726818071140997,1.1429585468251326,-0.7047204307332285,-1.394695464464014,0.7722377854413742,0.0,0.0
1812,0.8888544479402223,0.6347224000017584,0.7393465703945946,0.4116423781638197,0.06043877488129027,0.7492527943628847,0.20829169795186836,0.4726818071140997,1.1429585468251326,-0.7047204307332285,-1.394695464464014,0.7722377854413742,0.0,0.0
1813,-1.230130563649759,0.6347224000017584,0.7393465703945946,0.4116423781638197,0.06043877488129027,0.7492527943628847,0.20829169795186836,0.4726818071140997,1.1429585468251326,-0.7047204307332285,-1.394695464464014,0.7722377854413742,0.0,0.0
1814,-0.2946762048746698,0.6347224000017584,0.7393465703945946,0.4116423781638197,0.06043877488129027,0.7492527943628847,0.20829169795186836,0.4726818071140997,1.1429585468251326,-0.7047204307332285,-1.394695464464014,0.7722377854413742,0.0,0.0
1815,0.6562829222779072,0.6347224000017584,0.7393465703945946,0.4116423781638197,0.06043877488129027,0.7492527943628847,0.20829169795186836,0.4726818071140997,1.1429585468251326,-0.7047204307332285,-1.394695464464014,0.7722377854413742,0.0,0.0
1816,-1.2818131249080513,0.6347224000017584,0.7393465703945946,0.4116423781638197,0.06043877488129027,0.7492527943628847,0.20829169795186836,0.4726818071140997,1.1429585468251326,-0.7047204307332285,-1.394695464464014,0.7722377854413742,0.0,0.0
1817,-0.23265713136471908,0.6347224000017584,0.7393465703945946,0.4116423781638197,0.06043877488129027,0.7492527943628847,0.20829169795186836,0.4726818071140997,1.1429585468251326,-0.7047204307332285,-1.394695464464014,0.7722377854413742,0.0,0.0
1818,0.43921616499307986,0.6347224000017584,0.7393465703945946,0.4116423781638197,0.06043877488129027,0.7492527943628847,0.20829169795186836,0.4726818071140997,1.1429585468251326,-0.7047204307332285,-1.394695464464014,0.7722377854413742,0.0,0.0
1819,-0.7624033842622144,0.6347224000017584,0.7393465703945946,0.4116423781638197,0.06043877488129027,0.7492527943628847,0.20829169795186836,0.4726818071140997,1.1429585468251326,-0.7047204307332285,-1.394695464464014,0.7722377854413742,0.0,0.0
1820,-0.299844461000499,0.6347224000017584,0.7393465703945946,0.4116423781638197,0.06043877488129027,0.7492527943628847,0.20829169795186836,0.4726818071140997,1.1429585468251326,-0.7047204307332285,-1.394695464464014,0.7722377854413742,0.0,0.0
1821,0.6821242029070533,0.6347224000017584,0.7393465703945946,0.4116423781638197,0.06043877488129027,0.7492527943628847,0.20829169795186836,0.4726818071140997,1.1429585468251326,-0.7047204307332285,-1.394695464464014,0.7722377854413742,0.0,0.0
1822,-1.2663083565305635,0.6347224000017584,0.7393465703945946,0.4116423781638197,0.06043877488129027,0.7492527943628847,0.20829169795186836,0.4726818071140997,1.1429585468251326,-0.7047204307332285,-1.394695464464014,0.7722377854413742,0.0,0.0
1823,-0.21198410686140218,0.6347224000017584,0.7393465703945946,0.4116423781638197,0.06043877488129027,0.7492527943628847,0.20829169795186836,0.4726818071140997,1.1429585468251326,-0.7047204307332285,-1.394695464464014,0.7722377854413742,0.0,0.0
1824,0.465057445622226,0.6347224000017584,0.7393465703945946,0.4116423781638197,0.06043877488129027,0.7492527943628847,0.20829169795186836,0.4726818071140997,1.1429585468251326,-0.7047204307332285,-1.394695464464014,0.7722377854413742,0.0,0.0
1825,-0.7417303597588976,0.6347224000017584,0.7393465703945946,0.4116423781638197,0.06043877488129027,0.7492527943628847,0.20829169795186836,0.4726818071140997,1.1429585468251326,-0.7047204307332285,-1.394695464464014,0.7722377854413742,0.0,0.0
1826,-0.27917143649718207,0.6347224000017584,0.7393465703945946,0.4116423781638197,0.06043877488129027,0.7492527943628847,0.20829169795186836,0.4726818071140997,1.1429585468251326,-0.7047204307332285,-1.394695464464014,0.7722377854413742,0.0,0.0
1827,0.7079654835361995,0.6347224000017584,0.7393465703945946,0.4116423781638197,0.06043877488129027,0.7492527943628847,0.20829169795186836,0.4726818071140997,1.1429585468251326,-0.7047204307332285,-1.394695464464014,0.7722377854413742,0.0,0.0
1828,-0.1913110823580853,0.6347224000017584,0.7393465703945946,0.4116423781638197,0.06043877488129027,0.7492527943628847,0.20829169795186836,0.4726818071140997,1.1429585468251326,-0.7047204307332285,-1.394695464464014,0.7722377854413742,0.0,0.0
1829,-0.7210573352555806,0.6347224000017584,0.7393465703945946,0.4116423781638197,0.06043877488129027,0.7492527943628847,0.20829169795186836,0.4726818071140997,1.1429585468251326,-0.7047204307332285,-1.394695464464014,0.7722377854413742,0.0,0.0
1830,-0.2584984119938652,0.6347224000017584,0.7393465703945946,0.4116423781638197,0.06043877488129027,0.7492527943628847,0.20829169795186836,0.4726818071140997,1.1429585468251326,-0.7047204307332285,-1.394695464464014,0.7722377854413742,0.0,0.0
1831,0.7338067641653455,0.6347224000017584,0.7393465703945946,0.4116423781638197,0.06043877488129027,0.7492527943628847,0.20829169795186836,0.4726818071140997,1.1429585468251326,-0.7047204307332285,-1.394695464464014,0.7722377854413742,0.0,0.0
1832,-1.2352988197755883,0.6347224000017584,0.7393465703945946,0.4116423781638197,0.06043877488129027,0.7492527943628847,0.20829169795186836,0.4726818071140997,1.1429585468251326,-0.7047204307332285,-1.394695464464014,0.7722377854413742,0.0,0.0
1833,-0.1706380578547684,0.6347224000017584,0.7393465703945946,0.4116423781638197,0.06043877488129027,0.7492527943628847,0.20829169795186836,0.4726818071140997,1.1429585468251326,-0.7047204307332285,-1.394695464464014,0.7722377854413742,0.0,0.0
1834,-0.7003843107522637,0.6347224000017584,0.7393465703945946,0.4116423781638197,0.06043877488129027,0.7492527943628847,0.20829169795186836,0.4726818071140997,1.1429585468251326,-0.7047204307332285,-1.394695464464014,0.7722377854413742,0.0,0.0
1835,-0.2378253874905483,0.6347224000017584,0.7393465703945946,0.4116423781638197,0.06043877488129027,0.7492527943628847,0.20829169795186836,0.4726818071140997,1.1429585468251326,-0.7047204307332285,-1.394695464464014,0.7722377854413742,0.0,0.0
1836,0.8655972953739908,0.6347224000017584,0.7393465703945946,0.4116423781638197,0.06043877488129027,0.7492527943628847,0.20829169795186836,0.4726818071140997,1.1429585468251326,-0.7047204307332285,-1.394695464464014,0.7722377854413742,0.0,0.0
1837,-1.2197940513981007,0.6347224000017584,0.7393465703945946,0.4116423781638197,0.06043877488129027,0.7492527943628847,0.20829169795186836,0.4726818071140997,1.1429585468251326,-0.7047204307332285,-1.394695464464014,0.7722377854413742,0.0,0.0
1838,2.0310390517484804,0.6347224000017584,0.7393465703945946,0.4116423781638197,0.06043877488129027,0.7492527943628847,0.20829169795186836,0.4726818071140997,1.1429585468251326,-0.7047204307332285,-1.394695464464014,0.7722377854413742,0.0,0.0
1839,1.9173374169802375,0.6347224000017584,0.7393465703945946,0.4116423781638197,0.06043877488129027,0.7492527943628847,0.20829169795186836,0.4726818071140997,1.1429585468251326,-0.7047204307332285,-1.394695464464014,0.7722377854413742,0.0,0.0
1840,2.245521680970393,0.6347224000017584,0.7393465703945946,0.4116423781638197,0.06043877488129027,0.7492527943628847,0.20829169795186836,0.4726818071140997,1.1429585468251326,-0.7047204307332285,-1.394695464464014,0.7722377854413742,0.0,0.0
1841,3.191312551997141,0.6347224000017584,0.7393465703945946,0.4116423781638197,0.06043877488129027,0.7492527943628847,0.20829169795186836,0.4726818071140997,1.1429585468251326,-0.7047204307332285,-1.394695464464014,0.7722377854413742,0.0,0.0
1842,2.2765312177253687,0.6347224000017584,0.7393465703945946,0.4116423781638197,0.06043877488129027,0.7492527943628847,0.20829169795186836,0.4726818071140997,1.1429585468251326,-0.7047204307332285,-1.394695464464014,0.7722377854413742,0.0,0.0
1843,3.142214118801763,0.6347224000017584,0.7393465703945946,0.4116423781638197,0.06043877488129027,0.7492527943628847,0.20829169795186836,0.4726818071140997,1.1429585468251326,-0.7047204307332285,-1.394695464464014,0.7722377854413742,0.0,0.0
1844,2.307540754480344,0.6347224000017584,0.7393465703945946,0.4116423781638197,0.06043877488129027,0.7492527943628847,0.20829169795186836,0.4726818071140997,1.1429585468251326,-0.7047204307332285,-1.394695464464014,0.7722377854413742,0.0,0.0
1845,-0.2946762048746698,0.6347224000017584,0.7393465703945946,0.4116423781638197,0.06043877488129027,0.7492527943628847,0.20829169795186836,0.4726818071140997,1.1429585468251326,-0.7047204307332285,-1.394695464464014,0.7722377854413742,0.0,0.0
1846,-0.6978001826893491,0.6347224000017584,0.7393465703945946,0.4116423781638197,0.06043877488129027,0.7492527943628847,0.20829169795186836,0.4726818071140997,1.1429585468251326,-0.7047204307332285,-1.394695464464014,0.7722377854413742,0.0,0.0
1847,-0.19389521042099991,0.6347224000017584,0.7393465703945946,0.4116423781638197,0.06043877488129027,0.7492527943628847,0.20829169795186836,0.4726818071140997,1.1429585468251326,-0.7047204307332285,-1.394695464464014,0.7722377854413742,0.0,0.0
1848,0.6485305380891634,0.6347224000017584,0.7393465703945946,0.4116423781638197,0.06043877488129027,0.7492527943628847,0.20829169795186836,0.4726818071140997,1.1429585468251326,-0.7047204307332285,-1.394695464464014,0.7722377854413742,0.0,0.0
1849,-1.3179909177888558,0.6347224000017584,0.7393465703945946,0.4116423781638197,0.06043877488129027,0.7492527943628847,0.20829169795186836,0.4726818071140997,1.1429585468251326,-0.7047204307332285,-1.394695464464014,0.7722377854413742,0.0,0.0
1850,-0.27400318037135285,0.6347224000017584,0.7393465703945946,0.4116423781638197,0.06043877488129027,0.7492527943628847,0.20829169795186836,0.4726818071140997,1.1429585468251326,-0.7047204307332285,-1.394695464464014,0.7722377854413742,0.0,0.0
1851,0.5916797207050419,0.6347224000017584,0.7393465703945946,0.4116423781638197,0.06043877488129027,0.7492527943628847,0.20829169795186836,0.4726818071140997,1.1429585468251326,-0.7047204307332285,-1.394695464464014,0.7722377854413742,0.0,0.0
1852,-0.6771271581860322,0.6347224000017584,0.7393465703945946,0.4116423781638197,0.06043877488129027,0.7492527943628847,0.20829169795186836,0.4726818071140997,1.1429585468251326,-0.7047204307332285,-1.394695464464014,0.7722377854413742,0.0,0.0
1853,-0.173222185917683,0.6347224000017584,0.7393465703945946,0.4116423781638197,0.06043877488129027,0.7492527943628847,0.20829169795186836,0.4726818071140997,1.1429585468251326,-0.7047204307332285,-1.394695464464014,0.7722377854413742,0.0,0.0
1854,-0.2843396926230113,0.6347224000017584,0.7393465703945946,0.4116423781638197,0.06043877488129027,0.7492527943628847,0.20829169795186836,0.4726818071140997,1.1429585468251326,-0.7047204307332285,-1.394695464464014,0.7722377854413742,0.0,0.0
1855,0.5787590803904689,0.6347224000017584,0.7393465703945946,0.4116423781638197,0.06043877488129027,0.7492527943628847,0.20829169795186836,0.4726818071140997,1.1429585468251326,-0.7047204307332285,-1.394695464464014,0.7722377854413742,0.0,0.0
1856,-0.6564541336827153,0.6347224000017584,0.7393465703945946,0.4116423781638197,0.06043877488129027,0.7492527943628847,0.20829169795186836,0.4726818071140997,1.1429585468251326,-0.7047204307332285,-1.394695464464014,0.7722377854413742,0.0,0.0
1857,-0.18355869816934148,0.6347224000017584,0.7393465703945946,0.4116423781638197,0.06043877488129027,0.7492527943628847,0.20829169795186836,0.4726818071140997,1.1429585468251326,-0.7047204307332285,-1.394695464464014,0.7722377854413742,0.0,0.0
1858,-1.2869813810338806,0.6347224000017584,0.7393465703945946,0.4116423781638197,0.06043877488129027,0.7492527943628847,0.20829169795186836,0.4726818071140997,1.1429585468251326,-0.7047204307332285,-1.394695464464014,0.7722377854413742,0.0,0.0
1859,-0.2636666681196944,0.6347224000017584,0.7393465703945946,0.4116423781638197,0.06043877488129027,0.7492527943628847,0.20829169795186836,0.4726818071140997,1.1429585468251326,-0.7047204307332285,-1.394695464464014,0.7722377854413742,0.0,0.0
1860,1.2687212731886701,0.6347224000017584,0.7393465703945946,0.4116423781638197,0.06043877488129027,0.7492527943628847,0.20829169795186836,0.4726818071140997,1.1429585468251326,-0.7047204307332285,-1.394695464464014,0.7722377854413742,0.0,0.0
1861,-0.6357811091793985,0.6347224000017584,0.7393465703945946,0.4116423781638197,0.06043877488129027,0.7492527943628847,0.20829169795186836,0.4726818071140997,1.1429585468251326,-0.7047204307332285,-1.394695464464014,0.7722377854413742,0.0,0.0
1862,-0.13187613691104924,0.6347224000017584,0.7393465703945946,0.4116423781638197,0.06043877488129027,0.7492527943628847,0.20829169795186836,0.4726818071140997,1.1429585468251326,-0.7047204307332285,-1.394695464464014,0.7722377854413742,0.0,0.0
1863,-1.2714766126563928,0.6347224000017584,0.7393465703945946,0.4116423781638197,0.06043877488129027,0.7492527943628847,0.20829169795186836,0.4726818071140997,1.1429585468251326,-0.7047204307332285,-1.394695464464014,0.7722377854413742,0.0,0.0
1864,1.4160165727748029,0.6347224000017584,0.7393465703945946,0.4116423781638197,0.06043877488129027,0.7492527943628847,0.20829169795186836,0.4726818071140997,1.1429585468251326,-0.7047204307332285,-1.394695464464014,0.7722377854413742,0.0,0.0
1865,-0.6151080846760816,0.6347224000017584,0.7393465703945946,0.4116423781638197,0.06043877488129027,0.7492527943628847,0.20829169795186836,0.4726818071140997,1.1429585468251326,-0.7047204307332285,-1.394695464464014,0.7722377854413742,0.0,0.0
1866,-0.11120311240773234,0.6347224000017584,0.7393465703945946,0.4116423781638197,0.06043877488129027,0.7492527943628847,0.20829169795186836,0.4726818071140997,1.1429585468251326,-0.7047204307332285,-1.394695464464014,0.7722377854413742,0.0,0.0
1867,0.8216671183044424,0.6347224000017584,0.7393465703945946,0.4116423781638197,0.06043877488129027,0.7492527943628847,0.20829169795186836,0.4726818071140997,1.1429585468251326,-0.7047204307332285,-1.394695464464014,0.7722377854413742,0.0,0.0
1868,-1.2559718442789052,0.6347224000017584,0.7393465703945946,0.4116423781638197,0.06043877488129027,0.7492527943628847,0.20829169795186836,0.4726818071140997,1.1429585468251326,-0.7047204307332285,-1.394695464464014,0.7722377854413742,0.0,0.0
1869,-0.13962852109979307,0.6347224000017584,0.7393465703945946,0.4116423781638197,0.06043877488129027,0.7492527943628847,0.20829169795186836,0.4726818071140997,1.1429585468251326,-0.7047204307332285,-1.394695464464014,0.7722377854413742,0.0,0.0
1870,0.6562829222779072,0.6347224000017584,0.7393465703945946,0.4116423781638197,0.06043877488129027,0.7492527943628847,0.20829169795186836,0.4726818071140997,1.1429585468251326,-0.7047204307332285,-1.394695464464014,0.7722377854413742,0.0,0.0
1871,-1.369673479047148,0.6347224000017584,0.7393465703945946,0.4116423781638197,0.06043877488129027,0.7492527943628847,0.20829169795186836,0.4726818071140997,1.1429585468251326,-0.7047204307332285,-1.394695464464014,0.7722377854413742,0.0,0.0
1872,-0.32051748550381587,0.6347224000017584,0.7393465703945946,0.4116423781638197,0.06043877488129027,0.7492527943628847,0.20829169795186836,0.4726818071140997,1.1429585468251326,-0.7047204307332285,-1.394695464464014,0.7722377854413742,0.0,0.0
1873,0.4728098298109698,0.6347224000017584,0.7393465703945946,0.4116423781638197,0.06043877488129027,0.7492527943628847,0.20829169795186836,0.4726818071140997,1.1429585468251326,-0.7047204307332285,-1.394695464464014,0.7722377854413742,0.0,0.0
1874,-0.6099398285502523,0.6347224000017584,0.7393465703945946,0.4116423781638197,0.06043877488129027,0.7492527943628847,0.20829169795186836,0.4726818071140997,1.1429585468251326,-0.7047204307332285,-1.394695464464014,0.7722377854413742,0.0,0.0
1875,-0.1499650333514515,0.6347224000017584,0.7393465703945946,0.4116423781638197,0.06043877488129027,0.7492527943628847,0.20829169795186836,0.4726818071140997,1.1429585468251326,-0.7047204307332285,-1.394695464464014,0.7722377854413742,0.0,0.0
1876,0.6821242029070533,0.6347224000017584,0.7393465703945946,0.4116423781638197,0.06043877488129027,0.7492527943628847,0.20829169795186836,0.4726818071140997,1.1429585468251326,-0.7047204307332285,-1.394695464464014,0.7722377854413742,0.0,0.0
1877,-1.3154067897259412,0.6347224000017584,0.7393465703945946,0.4116423781638197,0.06043877488129027,0.7492527943628847,0.20829169795186836,0.4726818071140997,1.1429585468251326,-0.7047204307332285,-1.394695464464014,0.7722377854413742,0.0,0.0
1878,-0.299844461000499,0.6347224000017584,0.7393465703945946,0.4116423781638197,0.06043877488129027,0.7492527943628847,0.20829169795186836,0.4726818071140997,1.1429585468251326,-0.7047204307332285,-1.394695464464014,0.7722377854413742,0.0,0.0
1879,0.5555019278242374,0.6347224000017584,0.7393465703945946,0.4116423781638197,0.06043877488129027,0.7492527943628847,0.20829169795186836,0.4726818071140997,1.1429585468251326,-0.7047204307332285,-1.394695464464014,0.7722377854413742,0.0,0.0
1880,-0.6151080846760816,0.6347224000017584,0.7393465703945946,0.4116423781638197,0.06043877488129027,0.7492527943628847,0.20829169795186836,0.4726818071140997,1.1429585468251326,-0.7047204307332285,-1.394695464464014,0.7722377854413742,0.0,0.0
1881,1.8449818312186284,0.6347224000017584,0.7393465703945946,0.4116423781638197,0.06043877488129027,0.7492527943628847,0.20829169795186836,0.4726818071140997,1.1429585468251326,-0.7047204307332285,-1.394695464464014,0.7722377854413742,0.0,0.0
1882,0.6692035625924803,0.6347224000017584,0.7393465703945946,0.4116423781638197,0.06043877488129027,0.7492527943628847,0.20829169795186836,0.4726818071140997,1.1429585468251326,-0.7047204307332285,-1.394695464464014,0.7722377854413742,0.0,0.0
1883,-1.2999020213484536,0.6347224000017584,0.7393465703945946,0.4116423781638197,0.06043877488129027,0.7492527943628847,0.20829169795186836,0.4726818071140997,1.1429585468251326,-0.7047204307332285,-1.394695464464014,0.7722377854413742,0.0,0.0
1884,-0.27917143649718207,0.6347224000017584,0.7393465703945946,0.4116423781638197,0.06043877488129027,0.7492527943628847,0.20829169795186836,0.4726818071140997,1.1429585468251326,-0.7047204307332285,-1.394695464464014,0.7722377854413742,0.0,0.0
1885,0.5425812875096643,0.6347224000017584,0.7393465703945946,0.4116423781638197,0.06043877488129027,0.7492527943628847,0.20829169795186836,0.4726818071140997,1.1429585468251326,-0.7047204307332285,-1.394695464464014,0.7722377854413742,0.0,0.0
1886,-0.13962852109979307,0.6347224000017584,0.7393465703945946,0.4116423781638197,0.06043877488129027,0.7492527943628847,0.20829169795186836,0.4726818071140997,1.1429585468251326,-0.7047204307332285,-1.394695464464014,0.7722377854413742,0.0,0.0
1887,0.6950448432216264,0.6347224000017584,0.7393465703945946,0.4116423781638197,0.06043877488129027,0.7492527943628847,0.20829169795186836,0.4726818071140997,1.1429585468251326,-0.7047204307332285,-1.394695464464014,0.7722377854413742,0.0,0.0
1888,-1.284397252970966,0.6347224000017584,0.7393465703945946,0.4116423781638197,0.06043877488129027,0.7492527943628847,0.20829169795186836,0.4726818071140997,1.1429585468251326,-0.7047204307332285,-1.394695464464014,0.7722377854413742,0.0,0.0
1889,-0.2584984119938652,0.6347224000017584,0.7393465703945946,0.4116423781638197,0.06043877488129027,0.7492527943628847,0.20829169795186836,0.4726818071140997,1.1429585468251326,-0.7047204307332285,-1.394695464464014,0.7722377854413742,0.0,0.0
1890,-0.5737620356694477,0.6347224000017584,0.7393465703945946,0.4116423781638197,0.06043877488129027,0.7492527943628847,0.20829169795186836,0.4726818071140997,1.1429585468251326,-0.7047204307332285,-1.394695464464014,0.7722377854413742,0.0,0.0
1891,-0.11895549659647618,0.6347224000017584,0.7393465703945946,0.4116423781638197,0.06043877488129027,0.7492527943628847,0.20829169795186836,0.4726818071140997,1.1429585468251326,-0.7047204307332285,-1.394695464464014,0.7722377854413742,0.0,0.0
1892,0.8294195024931862,0.6347224000017584,0.7393465703945946,0.4116423781638197,0.06043877488129027,0.7492527943628847,0.20829169795186836,0.4726818071140997,1.1429585468251326,-0.7047204307332285,-1.394695464464014,0.7722377854413742,0.0,0.0
1893,-1.2688924845934781,0.6347224000017584,0.7393465703945946,0.4116423781638197,0.06043877488129027,0.7492527943628847,0.20829169795186836,0.4726818071140997,1.1429585468251326,-0.7047204307332285,-1.394695464464014,0.7722377854413742,0.0,0.0
1894,-0.18355869816934148,0.6347224000017584,0.7393465703945946,0.4116423781638197,0.06043877488129027,0.7492527943628847,0.20829169795186836,0.4726818071140997,1.1429585468251326,-0.7047204307332285,-1.394695464464014,0.7722377854413742,0.0,0.0
1895,-0.23007300330180447,0.6347224000017584,0.7393465703945946,0.4116423781638197,0.06043877488129027,0.7492527943628847,0.20829169795186836,0.4726818071140997,1.1429585468251326,-0.7047204307332285,-1.394695464464014,0.7722377854413742,0.0,0.0
1896,-0.731393847507239,0.6347224000017584,0.7393465703945946,0.4116423781638197,0.06043877488129027,0.7492527943628847,0.20829169795186836,0.4726818071140997,1.1429585468251326,-0.7047204307332285,-1.394695464464014,0.7722377854413742,0.0,0.0
1897,-0.31018097325215743,0.6347224000017584,0.7393465703945946,0.4116423781638197,0.06043877488129027,0.7492527943628847,0.20829169795186836,0.4726818071140997,1.1429585468251326,-0.7047204307332285,-1.394695464464014,0.7722377854413742,0.0,0.0
1898,0.7415591483540894,0.6347224000017584,0.7393465703945946,0.4116423781638197,0.06043877488129027,0.7492527943628847,0.20829169795186836,0.4726818071140997,1.1429585468251326,-0.7047204307332285,-1.394695464464014,0.7722377854413742,0.0,0.0
1899,-1.2430512039643322,0.6347224000017584,0.7393465703945946,0.4116423781638197,0.06043877488129027,0.7492527943628847,0.20829169795186836,0.4726818071140997,1.1429585468251326,-0.7047204307332285,-1.394695464464014,0.7722377854413742,0.0,0.0
1900,-0.19389521042099991,0.6347224000017584,0.7393465703945946,0.4116423781638197,0.06043877488129027,0.7492527943628847,0.20829169795186836,0.4726818071140997,1.1429585468251326,-0.7047204307332285,-1.394695464464014,0.7722377854413742,0.0,0.0
1901,-0.18097457010642684,0.6347224000017584,0.7393465703945946,0.4116423781638197,0.06043877488129027,0.7492527943628847,0.20829169795186836,0.4726818071140997,1.1429585468251326,-0.7047204307332285,-1.394695464464014,0.7722377854413742,0.0,0.0
1902,-0.17839044204351223,0.6347224000017584,0.7393465703945946,0.4116423781638197,0.06043877488129027,0.7492527943628847,0.20829169795186836,0.4726818071140997,1.1429585468251326,-0.7047204307332285,-1.394695464464014,0.7722377854413742,0.0,0.0
1903,-0.7365621036330683,0.6347224000017584,0.7393465703945946,0.4116423781638197,0.06043877488129027,0.7492527943628847,0.20829169795186836,0.4726818071140997,1.1429585468251326,-0.7047204307332285,-1.394695464464014,0.7722377854413742,0.0,0.0
1904,-0.2869238206859259,0.6347224000017584,0.7393465703945946,0.4116423781638197,0.06043877488129027,0.7492527943628847,0.20829169795186836,0.4726818071140997,1.1429585468251326,-0.7047204307332285,-1.394695464464014,0.7722377854413742,0.0,0.0
1905,-1.2275464355868444,0.6347224000017584,0.7393465703945946,0.4116423781638197,0.06043877488129027,0.7492527943628847,0.20829169795186836,0.4726818071140997,1.1429585468251326,-0.7047204307332285,-1.394695464464014,0.7722377854413742,0.0,0.0
1906,-0.173222185917683,0.6347224000017584,0.7393465703945946,0.4116423781638197,0.06043877488129027,0.7492527943628847,0.20829169795186836,0.4726818071140997,1.1429585468251326,-0.7047204307332285,-1.394695464464014,0.7722377854413742,0.0,0.0
1907,-0.02334275826863556,0.6347224000017584,0.7393465703945946,0.4116423781638197,0.06043877488129027,0.7492527943628847,0.20829169795186836,0.4726818071140997,1.1429585468251326,-0.7047204307332285,-1.394695464464014,0.7722377854413742,0.0,0.0
1908,-0.15771741754019536,0.6347224000017584,0.7393465703945946,0.4116423781638197,0.06043877488129027,0.7492527943628847,0.20829169795186836,0.4726818071140997,1.1429585468251326,-0.7047204307332285,-1.394695464464014,0.7722377854413742,0.0,0.0
1909,-0.6642065178714591,0.6347224000017584,0.7393465703945946,0.4116423781638197,0.06043877488129027,0.7492527943628847,0.20829169795186836,0.4726818071140997,1.1429585468251326,-0.7047204307332285,-1.394695464464014,0.7722377854413742,0.0,0.0
1910,-0.29726033293758436,0.6347224000017584,0.7393465703945946,0.4116423781638197,0.06043877488129027,0.7492527943628847,0.20829169795186836,0.4726818071140997,1.1429585468251326,-0.7047204307332285,-1.394695464464014,0.7722377854413742,0.0,0.0
1911,1.640835714248374,0.6347224000017584,0.7393465703945946,0.4116423781638197,0.06043877488129027,0.7492527943628847,0.20829169795186836,0.4726818071140997,1.1429585468251326,-0.7047204307332285,-1.394695464464014,0.7722377854413742,0.0,0.0
1912,-0.18355869816934148,0.6347224000017584,0.7393465703945946,0.4116423781638197,0.06043877488129027,0.7492527943628847,0.20829169795186836,0.4726818071140997,1.1429585468251326,-0.7047204307332285,-1.394695464464014,0.7722377854413742,0.0,0.0
1913,-8.560570240405939e-05,0.6347224000017584,0.7393465703945946,0.4116423781638197,0.06043877488129027,0.7492527943628847,0.20829169795186836,0.4726818071140997,1.1429585468251326,-0.7047204307332285,-1.394695464464014,0.7722377854413742,0.0,0.0
1914,-0.19647933848391452,0.6347224000017584,0.7393465703945946,0.4116423781638197,0.06043877488129027,0.7492527943628847,0.20829169795186836,0.4726818071140997,1.1429585468251326,-0.7047204307332285,-1.394695464464014,0.7722377854413742,0.0,0.0
1915,-0.21715236298723142,0.6347224000017584,0.7393465703945946,0.4116423781638197,0.06043877488129027,0.7492527943628847,0.20829169795186836,0.4726818071140997,1.1429585468251326,-0.7047204307332285,-1.394695464464014,0.7722377854413742,0.0,0.0
1916,0.8190829902415278,0.6347224000017584,0.7393465703945946,0.4116423781638197,0.06043877488129027,0.7492527943628847,0.20829169795186836,0.4726818071140997,1.1429585468251326,-0.7047204307332285,-1.394695464464014,0.7722377854413742,0.0,0.0
1917,-1.1965368988318692,0.6347224000017584,0.7393465703945946,0.4116423781638197,0.06043877488129027,0.7492527943628847,0.20829169795186836,0.4726818071140997,1.1429585468251326,-0.7047204307332285,-1.394695464464014,0.7722377854413742,0.0,0.0
1918,0.0800223642479489,0.6347224000017584,0.7393465703945946,0.4116423781638197,0.06043877488129027,0.7492527943628847,0.20829169795186836,0.4726818071140997,1.1429585468251326,-0.7047204307332285,-1.394695464464014,0.7722377854413742,0.0,0.0
1919,0.06710172393337584,0.6347224000017584,0.7393465703945946,0.4116423781638197,0.06043877488129027,0.7492527943628847,0.20829169795186836,0.4726818071140997,1.1429585468251326,-0.7047204307332285,-1.394695464464014,0.7722377854413742,0.0,0.0
1920,-0.6228604688648254,0.6347224000017584,0.7393465703945946,0.4116423781638197,0.06043877488129027,0.7492527943628847,0.20829169795186836,0.4726818071140997,1.1429585468251326,-0.7047204307332285,-1.394695464464014,0.7722377854413742,0.0,0.0
1921,-0.22490474717597525,0.6347224000017584,0.7393465703945946,0.4116423781638197,0.06043877488129027,0.7492527943628847,0.20829169795186836,0.4726818071140997,1.1429585468251326,-0.7047204307332285,-1.394695464464014,0.7722377854413742,0.0,0.0
1922,0.9534576495130875,0.6347224000017584,0.7393465703945946,0.4116423781638197,0.06043877488129027,0.7492527943628847,0.20829169795186836,0.4726818071140997,1.1429585468251326,-0.7047204307332285,-1.394695464464014,0.7722377854413742,0.0,0.0
1923,-1.1810321304543814,0.6347224000017584,0.7393465703945946,0.4116423781638197,0.06043877488129027,0.7492527943628847,0.20829169795186836,0.4726818071140997,1.1429585468251326,-0.7047204307332285,-1.394695464464014,0.7722377854413742,0.0,0.0
1924,-0.9613812451066395,-1.2918626425229427,0.7393465703945946,0.4116423781638197,0.06043877488129027,-0.5904073743574709,-0.9352705653132926,1.0958028334415377,-1.1344994172443033,-0.7047204307332285,0.7170024033772157,-1.2949379308452873,0.0,0.0
1925,-0.8011653052059335,0.7991489007540297,0.7393465703945946,2.3651994270768624,0.06043877488129027,2.0889129630832404,0.20829169795186836,0.7842423202778188,1.1429585468251326,-0.7047204307332285,0.7170024033772157,0.7722377854413742,0.0,0.0
1926,-1.5247211628220247,0.8900159241366333,0.7393465703945946,2.3651994270768624,0.06043877488129027,2.0889129630832404,0.20829169795186836,0.7842423202778188,1.1429585468251326,-0.7047204307332285,0.7170024033772157,-1.2949379308452873,0.0,0.0
1927,0.43921616499307986,-1.3479224465198205,0.7393465703945946,-1.5419146707492228,0.06043877488129027,-0.5904073743574709,-0.9352705653132926,-1.0851207587044955,-1.1344994172443033,0.6150973505194979,0.7170024033772157,0.7722377854413742,0.0,0.0
1928,0.10327951681418039,0.04380877046339996,0.7393465703945946,-1.5419146707492228,-1.4371591867789992,-0.5904073743574709,-2.078832828578453,0.4726818071140997,-1.1344994172443033,1.9349151317722242,0.7170024033772157,0.7722377854413742,0.0,0.0
1929,-0.6564541336827153,1.296146928441899,0.7393465703945946,0.4116423781638197,0.06043877488129027,0.7492527943628847,0.20829169795186836,-0.7735602455407765,-0.22351623161652892,0.6150973505194979,0.7170024033772157,-1.2949379308452873,0.0,0.0
1930,-1.4988798821928786,-1.8120955205495735,0.7393465703945946,0.4116423781638197,-1.4371591867789992,-1.9300675430778265,1.3518539612170293,-1.0851207587044955,-1.1344994172443033,-0.7047204307332285,0.7170024033772157,0.7722377854413742,0.0,0.0
1931,-0.5039905779707533,0.6060927032090964,0.7393465703945946,0.4116423781638197,0.06043877488129027,0.7492527943628847,0.20829169795186836,0.4726818071140997,1.1429585468251326,-0.7047204307332285,-1.394695464464014,-1.2949379308452873,0.0,0.0
1932,-0.4884858095932656,0.6060927032090964,0.7393465703945946,0.4116423781638197,0.06043877488129027,0.7492527943628847,0.20829169795186836,0.4726818071140997,1.1429585468251326,-0.7047204307332285,-1.394695464464014,-1.2949379308452873,0.0,0.0
1933,0.3694447072943854,0.6060927032090964,0.7393465703945946,0.4116423781638197,0.06043877488129027,0.7492527943628847,0.20829169795186836,0.4726818071140997,1.1429585468251326,-0.7047204307332285,-1.394695464464014,-1.2949379308452873,0.0,0.0
1934,1.8062199102749092,0.6060927032090964,0.7393465703945946,0.4116423781638197,0.06043877488129027,0.7492527943628847,0.20829169795186836,0.4726818071140997,1.1429585468251326,-0.7047204307332285,-1.394695464464014,-1.2949379308452873,0.0,0.0
1935,-0.1473809052885369,0.6060927032090964,0.7393465703945946,0.4116423781638197,0.06043877488129027,0.7492527943628847,0.20829169795186836,0.4726818071140997,1.1429585468251326,-0.7047204307332285,-1.394695464464014,-1.2949379308452873,0.0,0.0
1936,0.38494947567187304,0.6060927032090964,0.7393465703945946,0.4116423781638197,0.06043877488129027,0.7492527943628847,0.20829169795186836,0.4726818071140997,1.1429585468251326,-0.7047204307332285,-1.394695464464014,-1.2949379308452873,0.0,0.0
1937,1.5529753601092773,0.6060927032090964,0.7393465703945946,0.4116423781638197,0.06043877488129027,0.7492527943628847,0.20829169795186836,0.4726818071140997,1.1429585468251326,-0.7047204307332285,-1.394695464464014,-1.2949379308452873,0.0,0.0
1938,-0.0776094475898424,0.6060927032090964,0.7393465703945946,0.4116423781638197,0.06043877488129027,0.7492527943628847,0.20829169795186836,0.4726818071140997,1.1429585468251326,-0.7047204307332285,-1.394695464464014,-1.2949379308452873,0.0,0.0
1939,-0.0776094475898424,0.5223551462595128,0.7393465703945946,0.4116423781638197,0.06043877488129027,0.7492527943628847,0.20829169795186836,-0.15043921921333844,0.6874669540112455,0.6150973505194979,0.7170024033772157,0.7722377854413742,0.0,0.0
1940,0.6895871647527507,-0.4412736989171693,0.7393465703945946,-1.5419146707492228,1.5580367365415795,-1.9300675430778265,0.20829169795186836,-0.4619997323770575,-0.22351623161652892,-0.7047204307332285,0.7170024033772157,0.7722377854413742,0.0,0.0
1941,-1.12418131307026,0.7991489007540297,0.7393465703945946,2.3651994270768624,0.06043877488129027,2.0889129630832404,0.20829169795186836,0.7842423202778188,1.1429585468251326,-0.7047204307332285,0.7170024033772157,0.7722377854413742,0.0,0.0
1942,-0.3256857416296451,0.6060927032090964,0.7393465703945946,0.4116423781638197,0.06043877488129027,0.7492527943628847,0.20829169795186836,0.4726818071140997,1.1429585468251326,-0.7047204307332285,-1.394695464464014,-1.2949379308452873,0.0,0.0
1943,1.0283973633376113,0.6060927032090964,0.7393465703945946,0.4116423781638197,0.06043877488129027,0.7492527943628847,0.20829169795186836,0.4726818071140997,1.1429585468251326,-0.7047204307332285,-1.394695464464014,-1.2949379308452873,0.0,0.0
1944,0.3100097618473493,-1.4497074305130688,0.7393465703945946,-1.5419146707492228,-1.4371591867789992,-0.5904073743574709,-0.9352705653132926,-2.019802298195653,-1.5899910100581907,-0.7047204307332285,0.7170024033772157,0.7722377854413742,0.0,0.0
1945,1.6770135071291787,0.6060927032090964,0.7393465703945946,0.4116423781638197,0.06043877488129027,0.7492527943628847,0.20829169795186836,0.4726818071140997,1.1429585468251326,-0.7047204307332285,-1.394695464464014,-1.2949379308452873,0.0,0.0
1946,0.9586259056389167,0.6060927032090964,0.7393465703945946,0.4116423781638197,0.06043877488129027,0.7492527943628847,0.20829169795186836,0.4726818071140997,1.1429585468251326,-0.7047204307332285,-1.394695464464014,-1.2949379308452873,0.0,0.0
1947,-0.6202763408019107,0.5223551462595128,0.7393465703945946,0.4116423781638197,0.06043877488129027,0.7492527943628847,0.20829169795186836,-0.15043921921333844,0.6874669540112455,0.6150973505194979,0.7170024033772157,0.7722377854413742,0.0,0.0
1948,-1.5376418031365977,-1.2918626425229427,0.7393465703945946,0.4116423781638197,0.06043877488129027,-0.5904073743574709,-0.9352705653132926,1.0958028334415377,-1.1344994172443033,1.9349151317722242,0.7170024033772157,-1.2949379308452873,0.0,0.0
1949,-0.2636666681196944,0.5223551462595128,0.7393465703945946,0.4116423781638197,0.06043877488129027,0.7492527943628847,0.20829169795186836,-0.15043921921333844,0.6874669540112455,1.9349151317722242,0.7170024033772157,0.7722377854413742,0.0,0.0
1950,1.7777945015828485,0.6060927032090964,0.7393465703945946,0.4116423781638197,0.06043877488129027,0.7492527943628847,0.20829169795186836,0.4726818071140997,1.1429585468251326,-0.7047204307332285,-1.394695464464014,-1.2949379308452873,0.0,0.0
1951,0.025755674926742054,0.6060927032090964,0.7393465703945946,0.4116423781638197,0.06043877488129027,0.7492527943628847,0.20829169795186836,0.4726818071140997,1.1429585468251326,-0.7047204307332285,-1.394695464464014,-1.2949379308452873,0.0,0.0
1952,-0.5143270902224117,0.6060927032090964,0.7393465703945946,0.4116423781638197,0.06043877488129027,0.7492527943628847,0.20829169795186836,0.4726818071140997,1.1429585468251326,-0.7047204307332285,-1.394695464464014,-1.2949379308452873,0.0,0.0
1953,0.37484036668975107,-1.728821993438403,0.7393465703945946,0.4116423781638197,-1.4371591867789992,-0.5904073743574709,1.3518539612170293,-0.7735602455407765,-1.1344994172443033,1.9349151317722242,0.7170024033772157,0.7722377854413742,0.0,0.0
1954,0.7699845570461501,-0.5403601873348578,0.7393465703945946,0.4116423781638197,1.5580367365415795,0.7492527943628847,1.3518539612170293,1.718923859768976,-0.6790078244304162,1.9349151317722242,,-1.2949379308452873,0.0,0.0
1955,1.2144545838674632,-0.5403601873348578,0.7393465703945946,0.4116423781638197,1.5580367365415795,0.7492527943628847,1.3518539612170293,1.718923859768976,-0.6790078244304162,0.6150973505194979,,-1.2949379308452873,0.0,0.0
1956,1.648588098437118,0.6060927032090964,0.7393465703945946,0.4116423781638197,0.06043877488129027,0.7492527943628847,0.20829169795186836,0.4726818071140997,1.1429585468251326,-0.7047204307332285,-1.394695464464014,-1.2949379308452873,0.0,0.0
1957,-1.6668482062823284,0.3824668092565971,0.7393465703945946,0.4116423781638197,1.5580367365415795,0.7492527943628847,0.20829169795186836,0.16112129395038063,0.23197536119735832,0.6150973505194979,0.7170024033772157,0.7722377854413742,0.0,0.0
1958,-1.4859592418783056,-0.5403601873348578,0.7393465703945946,0.4116423781638197,1.5580367365415795,0.7492527943628847,1.3518539612170293,1.718923859768976,-0.6790078244304162,0.6150973505194979,,-1.2949379308452873,0.0,0.0
1959,-0.9562129889808102,1.305869306507629,0.7393465703945946,0.4116423781638197,0.06043877488129027,-0.5904073743574709,0.20829169795186836,-0.4619997323770575,0.23197536119735832,-0.7047204307332285,0.7170024033772157,0.7722377854413742,0.0,0.0
1960,1.0852481807217327,0.3824668092565971,0.7393465703945946,0.4116423781638197,1.5580367365415795,0.7492527943628847,0.20829169795186836,0.16112129395038063,0.23197536119735832,-0.7047204307332285,0.7170024033772157,0.7722377854413742,0.0,0.0
1961,-0.7236414633184952,0.7991489007540297,0.7393465703945946,2.3651994270768624,0.06043877488129027,2.0889129630832404,0.20829169795186836,0.7842423202778188,1.1429585468251326,-0.7047204307332285,0.7170024033772157,0.7722377854413742,0.0,0.0
1962,-0.0776094475898424,0.44116885080095214,0.7393465703945946,0.4116423781638197,1.5580367365415795,0.7492527943628847,0.20829169795186836,-0.15043921921333844,1.1429585468251326,0.6150973505194979,0.7170024033772157,0.7722377854413742,0.0,0.0
1963,-0.8247118801152115,0.3824668092565971,0.7393465703945946,0.4116423781638197,1.5580367365415795,0.7492527943628847,0.20829169795186836,0.16112129395038063,0.23197536119735832,1.9349151317722242,0.7170024033772157,0.7722377854413742,0.0,0.0
1964,-0.38770481513959576,0.04380877046339996,0.7393465703945946,-1.5419146707492228,-1.4371591867789992,-0.5904073743574709,-2.078832828578453,0.4726818071140997,-1.1344994172443033,1.9349151317722242,0.7170024033772157,0.7722377854413742,0.0,0.0
1965,-0.9820542696099563,1.305869306507629,0.7393465703945946,0.4116423781638197,0.06043877488129027,-0.5904073743574709,0.20829169795186836,-0.4619997323770575,0.23197536119735832,-0.7047204307332285,0.7170024033772157,0.7722377854413742,0.0,0.0
1966,0.3875336037347876,-1.8120955205495735,0.7393465703945946,0.4116423781638197,-1.4371591867789992,-1.9300675430778265,1.3518539612170293,-1.0851207587044955,-1.1344994172443033,1.9349151317722242,0.7170024033772157,0.7722377854413742,0.0,0.0
1967,-0.8528478664642258,0.04380877046339996,0.7393465703945946,-1.5419146707492228,-1.4371591867789992,-0.5904073743574709,-2.078832828578453,0.4726818071140997,-1.1344994172443033,1.9349151317722242,0.7170024033772157,0.7722377854413742,0.0,0.0
1968,-0.8528478664642258,0.04380877046339996,0.7393465703945946,-1.5419146707492228,-1.4371591867789992,-0.5904073743574709,-2.078832828578453,0.4726818071140997,-1.1344994172443033,1.9349151317722242,0.7170024033772157,0.7722377854413742,0.0,0.0
1969,-0.41354609576874185,-1.4497074305130688,0.7393465703945946,-1.5419146707492228,-1.4371591867789992,-0.5904073743574709,-0.9352705653132926,-2.019802298195653,-1.5899910100581907,-0.7047204307332285,0.7170024033772157,0.7722377854413742,0.0,0.0
1970,-8.560570240405939e-05,-1.3479224465198205,0.7393465703945946,-1.5419146707492228,0.06043877488129027,-0.5904073743574709,-0.9352705653132926,-1.0851207587044955,-1.1344994172443033,-0.7047204307332285,0.7170024033772157,0.7722377854413742,0.0,0.0
1971,-1.1112606727556869,0.04380877046339996,0.7393465703945946,-1.5419146707492228,-1.4371591867789992,-0.5904073743574709,-2.078832828578453,0.4726818071140997,-1.1344994172443033,1.9349151317722242,0.7170024033772157,0.7722377854413742,0.0,0.0
1972,-1.7084836776320085,0.7991489007540297,0.7393465703945946,2.3651994270768624,0.06043877488129027,2.0889129630832404,0.20829169795186836,0.7842423202778188,1.1429585468251326,-0.7047204307332285,0.7170024033772157,0.7722377854413742,0.0,0.0
1973,0.06451759587046123,0.04380877046339996,0.7393465703945946,-1.5419146707492228,-1.4371591867789992,-0.5904073743574709,-2.078832828578453,0.4726818071140997,-1.1344994172443033,1.9349151317722242,0.7170024033772157,0.7722377854413742,0.0,0.0
1974,-0.41871435189457107,0.2304354707659634,0.7393465703945946,-1.5419146707492228,1.5580367365415795,-0.5904073743574709,0.20829169795186836,0.4726818071140997,1.1429585468251326,-0.7047204307332285,0.7170024033772157,0.7722377854413742,0.0,0.0
1975,0.5684225681388104,-0.6551776670125264,0.7393465703945946,-1.5419146707492228,1.5580367365415795,-1.9300675430778265,1.3518539612170293,0.16112129395038063,-0.6790078244304162,-0.7047204307332285,0.7170024033772157,0.7722377854413742,0.0,0.0
1976,-0.2843396926230113,0.6060927032090964,0.7393465703945946,0.4116423781638197,0.06043877488129027,0.7492527943628847,0.20829169795186836,0.4726818071140997,1.1429585468251326,-0.7047204307332285,-1.394695464464014,-1.2949379308452873,0.0,0.0
1977,-1.12418131307026,0.04380877046339996,0.7393465703945946,-1.5419146707492228,-1.4371591867789992,-0.5904073743574709,-2.078832828578453,0.4726818071140997,-1.1344994172443033,1.9349151317722242,0.7170024033772157,0.7722377854413742,0.0,0.0
1978,-0.15513328947728075,0.04380877046339996,0.7393465703945946,-1.5419146707492228,-1.4371591867789992,-0.5904073743574709,-2.078832828578453,0.4726818071140997,-1.1344994172443033,-0.7047204307332285,0.7170024033772157,0.7722377854413742,0.0,0.0
1979,0.8268353744302716,0.2304354707659634,0.7393465703945946,-1.5419146707492228,1.5580367365415795,-0.5904073743574709,0.20829169795186836,0.4726818071140997,1.1429585468251326,-0.7047204307332285,0.7170024033772157,0.7722377854413742,0.0,0.0
1980,-0.18097457010642684,-0.5403601873348578,0.7393465703945946,0.4116423781638197,1.5580367365415795,0.7492527943628847,1.3518539612170293,1.718923859768976,-0.6790078244304162,0.6150973505194979,,-1.2949379308452873,0.0,0.0
1981,-0.671958902060203,-1.728821993438403,0.7393465703945946,0.4116423781638197,-1.4371591867789992,-0.5904073743574709,1.3518539612170293,-0.7735602455407765,-1.1344994172443033,0.6150973505194979,0.7170024033772157,0.7722377854413742,0.0,0.0
1982,-0.8786891470933719,-0.6551776670125264,0.7393465703945946,-1.5419146707492228,1.5580367365415795,-1.9300675430778265,1.3518539612170293,0.16112129395038063,-0.6790078244304162,-0.7047204307332285,0.7170024033772157,0.7722377854413742,0.0,0.0
1983,0.8785179356885638,0.3824668092565971,0.7393465703945946,0.4116423781638197,1.5580367365415795,0.7492527943628847,0.20829169795186836,0.16112129395038063,0.23197536119735832,1.9349151317722242,0.7170024033772157,0.7722377854413742,0.0,0.0
1984,-0.7236414633184952,0.3824668092565971,0.7393465703945946,0.4116423781638197,1.5580367365415795,0.7492527943628847,0.20829169795186836,0.16112129395038063,0.23197536119735832,-0.7047204307332285,0.7170024033772157,0.7722377854413742,0.0,0.0
1985,-0.23265713136471908,0.6060927032090964,0.7393465703945946,0.4116423781638197,0.06043877488129027,0.7492527943628847,0.20829169795186836,0.4726818071140997,1.1429585468251326,-0.7047204307332285,-1.394695464464014,-1.2949379308452873,0.0,0.0
1986,-0.4626445289641195,0.04380877046339996,0.7393465703945946,-1.5419146707492228,-1.4371591867789992,-0.5904073743574709,-2.078832828578453,0.4726818071140997,-1.1344994172443033,0.6150973505194979,0.7170024033772157,0.7722377854413742,0.0,0.0
1987,-0.12153962465939079,0.6060927032090964,0.7924578228217296,0.4116423781638197,0.06043877488129027,0.7492527943628847,0.20829169795186836,0.4726818071140997,1.1429585468251326,-0.7047204307332285,-1.394695464464014,-1.2949379308452873,0.0,0.0
1988,-0.17580631398059762,0.6060927032090964,0.7924578228217296,0.4116423781638197,0.06043877488129027,0.7492527943628847,0.20829169795186836,0.4726818071140997,1.1429585468251326,-0.7047204307332285,-1.394695464464014,-1.2949379308452873,0.0,0.0
1989,-0.1241237527223054,0.6060927032090964,0.7924578228217296,0.4116423781638197,0.06043877488129027,0.7492527943628847,0.20829169795186836,0.4726818071140997,1.1429585468251326,-0.7047204307332285,-1.394695464464014,-1.2949379308452873,0.0,0.0
1990,-1.1629432340139791,0.7991489007540297,0.7924578228217296,2.3651994270768624,0.06043877488129027,2.0889129630832404,0.20829169795186836,0.7842423202778188,1.1429585468251326,-0.7047204307332285,0.7170024033772157,0.7722377854413742,0.0,0.0
1991,-1.085419392126541,-0.10408600229664455,0.7924578228217296,0.4116423781638197,0.06043877488129027,0.7492527943628847,-2.078832828578453,1.0958028334415377,-0.6790078244304162,0.6150973505194979,0.7170024033772157,-1.2949379308452873,0.0,0.0
1992,-0.832174841960909,0.04380877046339996,0.7924578228217296,-1.5419146707492228,-1.4371591867789992,-0.5904073743574709,-2.078832828578453,0.4726818071140997,-1.1344994172443033,1.9349151317722242,0.7170024033772157,0.7722377854413742,0.0,0.0
1993,-0.8735208909675427,0.04380877046339996,0.7924578228217296,-1.5419146707492228,-1.4371591867789992,-0.5904073743574709,-2.078832828578453,0.4726818071140997,-1.1344994172443033,1.9349151317722242,0.7170024033772157,0.7722377854413742,0.0,0.0
1994,-1.067619918029185,-1.4497074305130688,0.7924578228217296,-1.5419146707492228,-1.4371591867789992,-0.5904073743574709,-0.9352705653132926,-2.019802298195653,-1.5899910100581907,-0.7047204307332285,0.7170024033772157,0.7722377854413742,0.0,0.0
1995,-1.0130638063649318,0.44116885080095214,0.7924578228217296,0.4116423781638197,1.5580367365415795,0.7492527943628847,0.20829169795186836,-0.15043921921333844,1.1429585468251326,-0.7047204307332285,0.7170024033772157,0.7722377854413742,0.0,0.0
1996,-0.31534922937798665,0.3824668092565971,0.7924578228217296,0.4116423781638197,1.5580367365415795,0.7492527943628847,0.20829169795186836,0.16112129395038063,0.23197536119735832,-0.7047204307332285,0.7170024033772157,0.7722377854413742,0.0,0.0
1997,-0.9329558364145788,-1.3479224465198205,0.7924578228217296,-1.5419146707492228,0.06043877488129027,-0.5904073743574709,-0.9352705653132926,-1.0851207587044955,-1.1344994172443033,1.9349151317722242,0.7170024033772157,0.7722377854413742,0.0,0.0
1998,0.45213680530765293,0.6060927032090964,0.7924578228217296,0.4116423781638197,0.06043877488129027,0.7492527943628847,0.20829169795186836,0.4726818071140997,1.1429585468251326,-0.7047204307332285,-1.394695464464014,-1.2949379308452873,0.0,0.0
1999,0.3875336037347876,-1.4497074305130688,0.7924578228217296,-1.5419146707492228,-1.4371591867789992,-0.5904073743574709,-0.9352705653132926,-2.019802298195653,-1.5899910100581907,-0.7047204307332285,0.7170024033772157,0.7722377854413742,0.0,0.0
2000,-0.05693642308652551,1.305869306507629,0.7924578228217296,0.4116423781638197,0.06043877488129027,-0.5904073743574709,0.20829169795186836,-0.4619997323770575,0.23197536119735832,-0.7047204307332285,0.7170024033772157,0.7722377854413742,0.0,0.0
2001,0.9457052653243437,0.6060927032090964,0.7924578228217296,0.4116423781638197,0.06043877488129027,0.7492527943628847,0.20829169795186836,0.4726818071140997,1.1429585468251326,-0.7047204307332285,-1.394695464464014,-1.2949379308452873,0.0,0.0
2002,-0.3747841748250227,0.3465271102785743,0.7924578228217296,0.4116423781638197,1.5580367365415795,0.7492527943628847,0.20829169795186836,0.16112129395038063,0.6874669540112455,-0.7047204307332285,0.7170024033772157,0.7722377854413742,0.0,0.0
2003,2.5065186153247687,-1.3479224465198205,0.7924578228217296,-1.5419146707492228,0.06043877488129027,-0.5904073743574709,-0.9352705653132926,-1.0851207587044955,-1.1344994172443033,1.9349151317722242,0.7170024033772157,0.7722377854413742,0.0,0.0
2004,-1.1629432340139791,-1.3479224465198205,0.7924578228217296,-1.5419146707492228,0.06043877488129027,-0.5904073743574709,-0.9352705653132926,-1.0851207587044955,-1.1344994172443033,-0.7047204307332285,0.7170024033772157,0.7722377854413742,0.0,0.0
2005,-0.2843396926230113,0.6060927032090964,0.7924578228217296,0.4116423781638197,0.06043877488129027,0.7492527943628847,0.20829169795186836,0.4726818071140997,1.1429585468251326,-0.7047204307332285,-1.394695464464014,-1.2949379308452873,0.0,0.0
2006,-1.1887845146431253,0.04380877046339996,0.7924578228217296,-1.5419146707492228,-1.4371591867789992,-0.5904073743574709,-2.078832828578453,0.4726818071140997,-1.1344994172443033,1.9349151317722242,0.7170024033772157,0.7722377854413742,0.0,0.0
2007,-0.5556731392290455,0.04380877046339996,0.7924578228217296,-1.5419146707492228,-1.4371591867789992,-0.5904073743574709,-2.078832828578453,0.4726818071140997,-1.1344994172443033,0.6150973505194979,0.7170024033772157,0.7722377854413742,0.0,0.0
2008,-1.4342766806200133,-1.2918626425229427,0.7924578228217296,0.4116423781638197,0.06043877488129027,-0.5904073743574709,-0.9352705653132926,1.0958028334415377,-1.1344994172443033,0.6150973505194979,0.7170024033772157,-1.2949379308452873,0.0,0.0
2009,2.9297987920301822,-1.3479224465198205,0.7924578228217296,-1.5419146707492228,0.06043877488129027,-0.5904073743574709,-0.9352705653132926,-1.0851207587044955,-1.1344994172443033,1.9349151317722242,0.7170024033772157,0.7722377854413742,0.0,0.0
2010,-0.5375842427886433,0.6060927032090964,0.7924578228217296,0.4116423781638197,0.06043877488129027,0.7492527943628847,0.20829169795186836,0.4726818071140997,1.1429585468251326,-0.7047204307332285,-1.394695464464014,-1.2949379308452873,0.0,0.0
2011,-0.6848795423747761,0.5223551462595128,0.7924578228217296,0.4116423781638197,0.06043877488129027,0.7492527943628847,0.20829169795186836,-0.15043921921333844,0.6874669540112455,-0.7047204307332285,0.7170024033772157,0.7722377854413742,0.0,0.0
2012,-0.21198410686140218,0.04380877046339996,0.7924578228217296,-1.5419146707492228,-1.4371591867789992,-0.5904073743574709,-2.078832828578453,0.4726818071140997,-1.1344994172443033,-0.7047204307332285,0.7170024033772157,0.7722377854413742,0.0,0.0
2013,-1.175863874328552,-1.2918626425229427,0.7924578228217296,0.4116423781638197,0.06043877488129027,-0.5904073743574709,-0.9352705653132926,1.0958028334415377,-1.1344994172443033,0.6150973505194979,0.7170024033772157,-1.2949379308452873,0.0,0.0
2014,-1.137101953384833,0.04380877046339996,0.7924578228217296,-1.5419146707492228,-1.4371591867789992,-0.5904073743574709,-2.078832828578453,0.4726818071140997,-1.1344994172443033,1.9349151317722242,0.7170024033772157,0.7722377854413742,0.0,0.0
2015,-0.9252034522258349,0.04380877046339996,0.7924578228217296,-1.5419146707492228,-1.4371591867789992,-0.5904073743574709,-2.078832828578453,0.4726818071140997,-1.1344994172443033,-0.7047204307332285,0.7170024033772157,0.7722377854413742,0.0,0.0
2016,-0.08277770371567163,0.04380877046339996,0.7924578228217296,-1.5419146707492228,-1.4371591867789992,-0.5904073743574709,-2.078832828578453,0.4726818071140997,-1.1344994172443033,1.9349151317722242,0.7170024033772157,0.7722377854413742,0.0,0.0
2017,-0.9303717083516642,-1.2918626425229427,0.7924578228217296,0.4116423781638197,0.06043877488129027,-0.5904073743574709,-0.9352705653132926,1.0958028334415377,-1.1344994172443033,0.6150973505194979,0.7170024033772157,-1.2949379308452873,0.0,0.0
2018,-1.4988798821928786,-1.8120955205495735,0.7924578228217296,0.4116423781638197,-1.4371591867789992,-1.9300675430778265,1.3518539612170293,-1.0851207587044955,-1.1344994172443033,-0.7047204307332285,0.7170024033772157,0.7722377854413742,0.0,0.0
2019,-0.4884858095932656,0.6060927032090964,0.7924578228217296,0.4116423781638197,0.06043877488129027,0.7492527943628847,0.20829169795186836,0.4726818071140997,1.1429585468251326,-0.7047204307332285,-1.394695464464014,-1.2949379308452873,0.0,0.0
2020,0.524492391069262,0.6060927032090964,0.7924578228217296,0.4116423781638197,0.06043877488129027,0.7492527943628847,0.20829169795186836,0.4726818071140997,1.1429585468251326,-0.7047204307332285,-1.394695464464014,-1.2949379308452873,0.0,0.0
2021,-0.12929200884813463,-0.5403601873348578,0.7924578228217296,0.4116423781638197,1.5580367365415795,0.7492527943628847,1.3518539612170293,1.718923859768976,-0.6790078244304162,1.9349151317722242,,-1.2949379308452873,0.0,0.0
2022,1.2661371451257555,-0.5403601873348578,0.7924578228217296,0.4116423781638197,1.5580367365415795,0.7492527943628847,1.3518539612170293,1.718923859768976,-0.6790078244304162,0.6150973505194979,,-1.2949379308452873,0.0,0.0
2023,-0.3360222538813035,-1.2918626425229427,0.7924578228217296,0.4116423781638197,0.06043877488129027,-0.5904073743574709,-0.9352705653132926,1.0958028334415377,-1.1344994172443033,0.6150973505194979,0.7170024033772157,-1.2949379308452873,0.0,0.0
2024,-0.9949749099245294,-1.3479224465198205,0.7924578228217296,-1.5419146707492228,0.06043877488129027,-0.5904073743574709,-0.9352705653132926,-1.0851207587044955,-1.1344994172443033,0.6150973505194979,0.7170024033772157,0.7722377854413742,0.0,0.0
2025,-0.4652286570270341,0.44116885080095214,0.7924578228217296,0.4116423781638197,1.5580367365415795,0.7492527943628847,0.20829169795186836,-0.15043921921333844,1.1429585468251326,3.25473291302495,0.7170024033772157,0.7722377854413742,0.0,0.0
2026,-1.1500225936994062,-1.3479224465198205,0.7924578228217296,-1.5419146707492228,0.06043877488129027,-0.5904073743574709,-0.9352705653132926,-1.0851207587044955,-1.1344994172443033,0.6150973505194979,0.7170024033772157,0.7722377854413742,0.0,0.0
2027,0.34360342666523924,0.6060927032090964,0.7924578228217296,0.4116423781638197,0.06043877488129027,0.7492527943628847,0.20829169795186836,0.4726818071140997,1.1429585468251326,-0.7047204307332285,-1.394695464464014,-1.2949379308452873,0.0,0.0
2028,-1.0337368308682486,-0.6551776670125264,0.7924578228217296,-1.5419146707492228,1.5580367365415795,-1.9300675430778265,1.3518539612170293,0.16112129395038063,-0.6790078244304162,-0.7047204307332285,0.7170024033772157,0.7722377854413742,0.0,0.0
2029,0.3694447072943854,0.6060927032090964,0.7924578228217296,0.4116423781638197,0.06043877488129027,0.7492527943628847,0.20829169795186836,0.4726818071140997,1.1429585468251326,-0.7047204307332285,-1.394695464464014,-1.2949379308452873,0.0,0.0
2030,-0.2843396926230113,0.6060927032090964,0.7924578228217296,0.4116423781638197,0.06043877488129027,0.7492527943628847,0.20829169795186836,0.4726818071140997,1.1429585468251326,-0.7047204307332285,-1.394695464464014,-1.2949379308452873,0.0,0.0
2031,0.5348289033209205,0.6060927032090964,0.7924578228217296,0.4116423781638197,0.06043877488129027,0.7492527943628847,0.20829169795186836,0.4726818071140997,1.1429585468251326,-0.7047204307332285,-1.394695464464014,-1.2949379308452873,0.0,0.0
2032,-0.65903826174563,0.3824668092565971,0.7924578228217296,0.4116423781638197,1.5580367365415795,0.7492527943628847,0.20829169795186836,0.16112129395038063,0.23197536119735832,-0.7047204307332285,0.7170024033772157,0.7722377854413742,0.0,0.0
2033,-1.550562443451171,-0.5403601873348578,0.7924578228217296,0.4116423781638197,1.5580367365415795,0.7492527943628847,1.3518539612170293,1.718923859768976,-0.6790078244304162,-0.7047204307332285,,-1.2949379308452873,0.0,0.0
2034,-0.8399272261496528,0.3824668092565971,0.7924578228217296,0.4116423781638197,1.5580367365415795,0.7492527943628847,0.20829169795186836,0.16112129395038063,0.23197536119735832,-0.7047204307332285,0.7170024033772157,0.7722377854413742,0.0,0.0
2035,0.09811126068835117,-1.8120955205495735,0.7924578228217296,0.4116423781638197,-1.4371591867789992,-1.9300675430778265,1.3518539612170293,-1.0851207587044955,-1.1344994172443033,0.6150973505194979,0.7170024033772157,0.7722377854413742,0.0,0.0
2036,-0.5714673299495796,-1.8120955205495735,0.7924578228217296,0.4116423781638197,-1.4371591867789992,-1.9300675430778265,1.3518539612170293,-1.0851207587044955,-1.1344994172443033,0.6150973505194979,0.7170024033772157,0.7722377854413742,0.0,0.0
2037,0.9043592163177099,1.305869306507629,0.7924578228217296,0.4116423781638197,0.06043877488129027,-0.5904073743574709,0.20829169795186836,-0.4619997323770575,0.23197536119735832,-0.7047204307332285,0.7170024033772157,0.7722377854413742,0.0,0.0
2038,-1.1500225936994062,-1.3479224465198205,0.7924578228217296,-1.5419146707492228,0.06043877488129027,-0.5904073743574709,-0.9352705653132926,-1.0851207587044955,-1.1344994172443033,0.6150973505194979,0.7170024033772157,0.7722377854413742,0.0,0.0
2039,0.41337488436393377,-0.4412736989171693,0.7924578228217296,-1.5419146707492228,1.5580367365415795,-1.9300675430778265,0.20829169795186836,-0.4619997323770575,-0.22351623161652892,-0.7047204307332285,0.7170024033772157,0.7722377854413742,0.0,0.0
2040,-0.5039905779707533,0.6060927032090964,0.7924578228217296,0.4116423781638197,0.06043877488129027,0.7492527943628847,0.20829169795186836,0.4726818071140997,1.1429585468251326,-0.7047204307332285,-1.394695464464014,-1.2949379308452873,0.0,0.0
2041,-0.31793335744090123,0.6060927032090964,0.7924578228217296,0.4116423781638197,0.06043877488129027,0.7492527943628847,0.20829169795186836,0.4726818071140997,1.1429585468251326,-0.7047204307332285,-1.394695464464014,-1.2949379308452873,0.0,0.0
2042,-0.8786891470933719,-1.4497074305130688,0.7924578228217296,-1.5419146707492228,-1.4371591867789992,-0.5904073743574709,-0.9352705653132926,-2.019802298195653,-1.5899910100581907,-0.7047204307332285,0.7170024033772157,0.7722377854413742,0.0,0.0
2043,0.059349339744632,0.6060927032090964,0.7924578228217296,0.4116423781638197,0.06043877488129027,0.7492527943628847,0.20829169795186836,0.4726818071140997,1.1429585468251326,-0.7047204307332285,-1.394695464464014,-1.2949379308452873,0.0,0.0
2044,0.43921616499307986,-1.8120955205495735,0.7924578228217296,0.4116423781638197,-1.4371591867789992,-1.9300675430778265,1.3518539612170293,-1.0851207587044955,-1.1344994172443033,1.9349151317722242,0.7170024033772157,0.7722377854413742,0.0,0.0
2045,-0.48073342540452174,0.6060927032090964,0.7924578228217296,0.4116423781638197,0.06043877488129027,0.7492527943628847,0.20829169795186836,0.4726818071140997,1.1429585468251326,-0.7047204307332285,-1.394695464464014,-1.2949379308452873,0.0,0.0
2046,0.9327846250097707,0.6060927032090964,0.7924578228217296,0.4116423781638197,0.06043877488129027,0.7492527943628847,0.20829169795186836,0.4726818071140997,1.1429585468251326,-0.7047204307332285,-1.394695464464014,-1.2949379308452873,0.0,0.0
2047,0.9250322408210268,0.6060927032090964,0.7924578228217296,0.4116423781638197,0.06043877488129027,0.7492527943628847,0.20829169795186836,0.4726818071140997,1.1429585468251326,-0.7047204307332285,-1.394695464464014,-1.2949379308452873,0.0,0.0
2048,-0.5039905779707533,0.6060927032090964,0.7924578228217296,0.4116423781638197,0.06043877488129027,0.7492527943628847,0.20829169795186836,0.4726818071140997,1.1429585468251326,-0.7047204307332285,-1.394695464464014,-1.2949379308452873,0.0,0.0
2049,-0.6306128530535692,0.6060927032090964,0.8455690752488645,0.4116423781638197,0.06043877488129027,0.7492527943628847,0.20829169795186836,0.4726818071140997,1.1429585468251326,-0.7047204307332285,-1.394695464464014,-1.2949379308452873,0.0,0.0
2050,-0.5944350601727647,-1.8120955205495735,0.8455690752488645,0.4116423781638197,-1.4371591867789992,-1.9300675430778265,1.3518539612170293,-1.0851207587044955,-1.1344994172443033,-0.7047204307332285,0.7170024033772157,0.7722377854413742,0.0,0.0
2051,-1.0078955502391025,-1.4497074305130688,0.8455690752488645,-1.5419146707492228,-1.4371591867789992,-0.5904073743574709,-0.9352705653132926,-2.019802298195653,-1.5899910100581907,-0.7047204307332285,0.7170024033772157,0.7722377854413742,0.0,0.0
2052,-1.4454917964130627,-0.5403601873348578,0.8455690752488645,0.4116423781638197,1.5580367365415795,0.7492527943628847,1.3518539612170293,1.718923859768976,-0.6790078244304162,0.6150973505194979,,-1.2949379308452873,0.0,0.0
2053,-0.5401683708515578,0.6060927032090964,0.8455690752488645,0.4116423781638197,0.06043877488129027,0.7492527943628847,0.20829169795186836,0.4726818071140997,1.1429585468251326,-0.7047204307332285,-1.394695464464014,-1.2949379308452873,0.0,0.0
2054,-0.4342191202720588,0.6060927032090964,0.8455690752488645,0.4116423781638197,0.06043877488129027,0.7492527943628847,0.20829169795186836,0.4726818071140997,1.1429585468251326,-0.7047204307332285,-1.394695464464014,-1.2949379308452873,0.0,0.0
2055,-0.41096196770582727,0.6060927032090964,0.8455690752488645,0.4116423781638197,0.06043877488129027,0.7492527943628847,0.20829169795186836,0.4726818071140997,1.1429585468251326,-0.7047204307332285,-1.394695464464014,-1.2949379308452873,0.0,0.0
2056,-0.8192542016463359,0.44116885080095214,0.8455690752488645,0.4116423781638197,1.5580367365415795,0.7492527943628847,0.20829169795186836,-0.15043921921333844,1.1429585468251326,-0.7047204307332285,0.7170024033772157,0.7722377854413742,0.0,0.0
2057,0.007666778486339775,0.6060927032090964,0.8455690752488645,0.4116423781638197,0.06043877488129027,0.7492527943628847,0.20829169795186836,0.4726818071140997,1.1429585468251326,-0.7047204307332285,-1.394695464464014,-1.2949379308452873,0.0,0.0
2058,-0.41354609576874185,-0.5403601873348578,0.8455690752488645,0.4116423781638197,1.5580367365415795,0.7492527943628847,1.3518539612170293,1.718923859768976,-0.6790078244304162,0.6150973505194979,,-1.2949379308452873,0.0,0.0
2059,-0.9303717083516642,-1.4497074305130688,0.8455690752488645,-1.5419146707492228,-1.4371591867789992,-0.5904073743574709,-0.9352705653132926,-2.019802298195653,-1.5899910100581907,-0.7047204307332285,0.7170024033772157,0.7722377854413742,0.0,0.0
2060,-0.9562129889808102,-0.10408600229664455,0.8455690752488645,0.4116423781638197,0.06043877488129027,0.7492527943628847,-2.078832828578453,1.0958028334415377,-0.6790078244304162,1.9349151317722242,0.7170024033772157,-1.2949379308452873,0.0,0.0
2061,-0.8838574032192011,-0.5403601873348578,0.8455690752488645,0.4116423781638197,1.5580367365415795,0.7492527943628847,1.3518539612170293,1.718923859768976,-0.6790078244304162,1.9349151317722242,,-1.2949379308452873,0.0,0.0
2062,-0.20164759460974374,0.6060927032090964,0.8455690752488645,0.4116423781638197,0.06043877488129027,0.7492527943628847,0.20829169795186836,0.4726818071140997,1.1429585468251326,-0.7047204307332285,-1.394695464464014,-1.2949379308452873,0.0,0.0
2063,-0.4342191202720588,0.6060927032090964,0.8455690752488645,0.4116423781638197,0.06043877488129027,0.7492527943628847,0.20829169795186836,0.4726818071140997,1.1429585468251326,-0.7047204307332285,-1.394695464464014,-1.2949379308452873,0.0,0.0
2064,-0.2843396926230113,0.6060927032090964,0.8455690752488645,0.4116423781638197,0.06043877488129027,0.7492527943628847,0.20829169795186836,0.4726818071140997,1.1429585468251326,-0.7047204307332285,-1.394695464464014,-1.2949379308452873,0.0,0.0
2065,-0.1241237527223054,0.6060927032090964,0.8455690752488645,0.4116423781638197,0.06043877488129027,0.7492527943628847,0.20829169795186836,0.4726818071140997,1.1429585468251326,-0.7047204307332285,-1.394695464464014,-1.2949379308452873,0.0,0.0
2066,-0.5298318585998993,-1.2918626425229427,0.8455690752488645,0.4116423781638197,0.06043877488129027,-0.5904073743574709,-0.9352705653132926,1.0958028334415377,-1.1344994172443033,0.6150973505194979,0.7170024033772157,-1.2949379308452873,0.0,0.0
2067,1.648588098437118,0.6060927032090964,0.8455690752488645,0.4116423781638197,0.06043877488129027,0.7492527943628847,0.20829169795186836,0.4726818071140997,1.1429585468251326,-0.7047204307332285,-1.394695464464014,-1.2949379308452873,0.0,0.0
2068,0.25832720058905706,1.305869306507629,0.8455690752488645,0.4116423781638197,0.06043877488129027,-0.5904073743574709,0.20829169795186836,-0.4619997323770575,0.23197536119735832,-0.7047204307332285,0.7170024033772157,0.7722377854413742,0.0,0.0
2069,-0.41354609576874185,-1.3479224465198205,0.8455690752488645,-1.5419146707492228,0.06043877488129027,-0.5904073743574709,-0.9352705653132926,-1.0851207587044955,-1.1344994172443033,-0.7047204307332285,0.7170024033772157,0.7722377854413742,0.0,0.0
2070,1.7106071719470686,0.6060927032090964,0.8455690752488645,0.4116423781638197,0.06043877488129027,0.7492527943628847,0.20829169795186836,0.4726818071140997,1.1429585468251326,-0.7047204307332285,-1.394695464464014,-1.2949379308452873,0.0,0.0
2071,-1.1629432340139791,-1.728821993438403,0.8455690752488645,0.4116423781638197,-1.4371591867789992,-0.5904073743574709,1.3518539612170293,-0.7735602455407765,-1.1344994172443033,0.6150973505194979,0.7170024033772157,0.7722377854413742,0.0,0.0
2072,-1.2533877162159905,-0.6551776670125264,0.8455690752488645,-1.5419146707492228,1.5580367365415795,-1.9300675430778265,1.3518539612170293,0.16112129395038063,-0.6790078244304162,-0.7047204307332285,0.7170024033772157,0.7722377854413742,0.0,0.0
2073,1.0852481807217327,-0.5403601873348578,0.8455690752488645,0.4116423781638197,1.5580367365415795,0.7492527943628847,1.3518539612170293,1.718923859768976,-0.6790078244304162,0.6150973505194979,,-1.2949379308452873,0.0,0.0
2074,-0.3360222538813035,-1.8120955205495735,0.8455690752488645,0.4116423781638197,-1.4371591867789992,-1.9300675430778265,1.3518539612170293,-1.0851207587044955,-1.1344994172443033,0.6150973505194979,0.7170024033772157,0.7722377854413742,0.0,0.0
2075,-1.7314514078551937,0.3824668092565971,0.8455690752488645,0.4116423781638197,1.5580367365415795,0.7492527943628847,0.20829169795186836,0.16112129395038063,0.23197536119735832,0.6150973505194979,0.7170024033772157,0.7722377854413742,0.0,0.0
2076,-0.9303717083516642,0.04380877046339996,0.8455690752488645,-1.5419146707492228,-1.4371591867789992,-0.5904073743574709,-2.078832828578453,0.4726818071140997,-1.1344994172443033,1.9349151317722242,0.7170024033772157,0.7722377854413742,0.0,0.0
2077,-0.8011653052059335,0.3824668092565971,0.8455690752488645,0.4116423781638197,1.5580367365415795,0.7492527943628847,0.20829169795186836,0.16112129395038063,0.23197536119735832,-0.7047204307332285,0.7170024033772157,0.7722377854413742,0.0,0.0
2078,0.511571750754689,-0.6551776670125264,0.8455690752488645,-1.5419146707492228,1.5580367365415795,-1.9300675430778265,1.3518539612170293,0.16112129395038063,-0.6790078244304162,-0.7047204307332285,0.7170024033772157,0.7722377854413742,0.0,0.0
2079,-0.2610825400567798,0.6060927032090964,0.8455690752488645,0.4116423781638197,0.06043877488129027,0.7492527943628847,0.20829169795186836,0.4726818071140997,1.1429585468251326,-0.7047204307332285,-1.394695464464014,-1.2949379308452873,0.0,0.0
2080,0.5477495436354936,0.6060927032090964,0.8455690752488645,0.4116423781638197,0.06043877488129027,0.7492527943628847,0.20829169795186836,0.4726818071140997,1.1429585468251326,-0.7047204307332285,-1.394695464464014,-1.2949379308452873,0.0,0.0
2081,-1.2663083565305635,-1.728821993438403,0.8455690752488645,0.4116423781638197,-1.4371591867789992,-0.5904073743574709,1.3518539612170293,-0.7735602455407765,-1.1344994172443033,-0.7047204307332285,0.7170024033772157,0.7722377854413742,0.0,0.0
2082,0.8655972953739908,-1.8120955205495735,0.8455690752488645,0.4116423781638197,-1.4371591867789992,-1.9300675430778265,1.3518539612170293,-1.0851207587044955,-1.1344994172443033,1.9349151317722242,0.7170024033772157,0.7722377854413742,0.0,0.0
2083,-0.5143270902224117,0.6060927032090964,0.8455690752488645,0.4116423781638197,0.06043877488129027,0.7492527943628847,0.20829169795186836,0.4726818071140997,1.1429585468251326,-0.7047204307332285,-1.394695464464014,-1.2949379308452873,0.0,0.0
2084,2.2481058090333077,-0.5403601873348578,0.8455690752488645,0.4116423781638197,1.5580367365415795,0.7492527943628847,1.3518539612170293,1.718923859768976,-0.6790078244304162,0.6150973505194979,,-1.2949379308452873,0.0,0.0
2085,-0.6642065178714591,-1.2918626425229427,0.8455690752488645,0.4116423781638197,0.06043877488129027,-0.5904073743574709,-0.9352705653132926,1.0958028334415377,-1.1344994172443033,0.6150973505194979,0.7170024033772157,-1.2949379308452873,0.0,0.0
2086,-0.6461176214310569,0.5223551462595128,0.8455690752488645,0.4116423781638197,0.06043877488129027,0.7492527943628847,0.20829169795186836,-0.15043921921333844,0.6874669540112455,0.6150973505194979,0.7170024033772157,0.7722377854413742,0.0,0.0
2087,-0.4652286570270341,-0.6551776670125264,0.8455690752488645,-1.5419146707492228,1.5580367365415795,-1.9300675430778265,1.3518539612170293,0.16112129395038063,-0.6790078244304162,-0.7047204307332285,0.7170024033772157,0.7722377854413742,0.0,0.0
2088,1.0852481807217327,-0.6551776670125264,0.8455690752488645,-1.5419146707492228,1.5580367365415795,-1.9300675430778265,1.3518539612170293,0.16112129395038063,-0.6790078244304162,-0.7047204307332285,0.7170024033772157,0.7722377854413742,0.0,0.0
2089,0.7260543799766017,0.6060927032090964,0.8455690752488645,0.4116423781638197,0.06043877488129027,0.7492527943628847,0.20829169795186836,0.4726818071140997,1.1429585468251326,-0.7047204307332285,-1.394695464464014,-1.2949379308452873,0.0,0.0
2090,1.7390325806391294,0.6060927032090964,0.8455690752488645,0.4116423781638197,0.06043877488129027,0.7492527943628847,0.20829169795186836,0.4726818071140997,1.1429585468251326,-0.7047204307332285,-1.394695464464014,-1.2949379308452873,0.0,0.0
2091,1.4728673901589244,-1.4497074305130688,0.8455690752488645,-1.5419146707492228,-1.4371591867789992,-0.5904073743574709,-0.9352705653132926,-2.019802298195653,-1.5899910100581907,-0.7047204307332285,0.7170024033772157,0.7722377854413742,0.0,0.0
2092,0.7751528131719794,-0.5403601873348578,0.8455690752488645,0.4116423781638197,1.5580367365415795,0.7492527943628847,1.3518539612170293,1.718923859768976,-0.6790078244304162,0.6150973505194979,,-1.2949379308452873,0.0,0.0
2093,1.1653561506720858,0.6060927032090964,0.8455690752488645,0.4116423781638197,0.06043877488129027,0.7492527943628847,0.20829169795186836,0.4726818071140997,1.1429585468251326,-0.7047204307332285,-1.394695464464014,-1.2949379308452873,0.0,0.0
2094,1.4211848289006321,-0.5403601873348578,0.8455690752488645,0.4116423781638197,1.5580367365415795,0.7492527943628847,1.3518539612170293,1.718923859768976,-0.6790078244304162,1.9349151317722242,,-1.2949379308452873,0.0,0.0
2095,-0.9303717083516642,0.04380877046339996,0.8455690752488645,-1.5419146707492228,-1.4371591867789992,-0.5904073743574709,-2.078832828578453,0.4726818071140997,-1.1344994172443033,0.6150973505194979,0.7170024033772157,0.7722377854413742,0.0,0.0
2096,-0.532415986662814,0.6060927032090964,0.8455690752488645,0.4116423781638197,0.06043877488129027,0.7492527943628847,0.20829169795186836,0.4726818071140997,1.1429585468251326,-0.7047204307332285,-1.394695464464014,-1.2949379308452873,0.0,0.0
2097,1.2196228399932925,0.6060927032090964,0.8455690752488645,0.4116423781638197,0.06043877488129027,0.7492527943628847,0.20829169795186836,0.4726818071140997,1.1429585468251326,-0.7047204307332285,-1.394695464464014,-1.2949379308452873,0.0,0.0
2098,-0.22232061911306064,0.6060927032090964,0.8455690752488645,0.4116423781638197,0.06043877488129027,0.7492527943628847,0.20829169795186836,0.4726818071140997,1.1429585468251326,-0.7047204307332285,-1.394695464464014,-1.2949379308452873,0.0,0.0
2099,-0.2352412594276337,0.6060927032090964,0.8455690752488645,0.4116423781638197,0.06043877488129027,0.7492527943628847,0.20829169795186836,0.4726818071140997,1.1429585468251326,-0.7047204307332285,-1.394695464464014,-1.2949379308452873,0.0,0.0
2100,-0.2817555645600967,0.6060927032090964,0.8455690752488645,0.4116423781638197,0.06043877488129027,0.7492527943628847,0.20829169795186836,0.4726818071140997,1.1429585468251326,-0.7047204307332285,-1.394695464464014,-1.2949379308452873,0.0,0.0
2101,-0.5427524989144724,0.6060927032090964,0.8455690752488645,0.4116423781638197,0.06043877488129027,0.7492527943628847,0.20829169795186836,0.4726818071140997,1.1429585468251326,-0.7047204307332285,-1.394695464464014,-1.2949379308452873,0.0,0.0
2102,-0.5169112182853264,0.6060927032090964,0.8455690752488645,0.4116423781638197,0.06043877488129027,0.7492527943628847,0.20829169795186836,0.4726818071140997,1.1429585468251326,-0.7047204307332285,-1.394695464464014,-1.2949379308452873,0.0,0.0
2103,-0.2352412594276337,0.6060927032090964,0.8455690752488645,0.4116423781638197,0.06043877488129027,0.7492527943628847,0.20829169795186836,0.4726818071140997,1.1429585468251326,-0.7047204307332285,-1.394695464464014,-1.2949379308452873,0.0,0.0
2104,-1.2869813810338806,-1.728821993438403,0.8455690752488645,0.4116423781638197,-1.4371591867789992,-0.5904073743574709,1.3518539612170293,-0.7735602455407765,-1.1344994172443033,-0.7047204307332285,0.7170024033772157,0.7722377854413742,0.0,0.0
2105,-0.2636666681196944,-1.4497074305130688,0.8455690752488645,-1.5419146707492228,-1.4371591867789992,-0.5904073743574709,-0.9352705653132926,-2.019802298195653,-1.5899910100581907,-0.7047204307332285,0.7170024033772157,0.7722377854413742,0.0,0.0
2106,-1.1422702095106623,-1.3479224465198205,0.8455690752488645,-1.5419146707492228,0.06043877488129027,-0.5904073743574709,-0.9352705653132926,-1.0851207587044955,-1.1344994172443033,0.6150973505194979,0.7170024033772157,0.7722377854413742,0.0,0.0
2107,0.4908987262513721,-0.4412736989171693,0.8455690752488645,-1.5419146707492228,1.5580367365415795,-1.9300675430778265,0.20829169795186836,-0.4619997323770575,-0.22351623161652892,-0.7047204307332285,0.7170024033772157,0.7722377854413742,0.0,0.0
2108,0.4621838952162649,-0.6551776670125264,0.8455690752488645,-1.5419146707492228,1.5580367365415795,-1.9300675430778265,1.3518539612170293,0.16112129395038063,-0.6790078244304162,-0.7047204307332285,0.7170024033772157,0.7722377854413742,0.0,0.0
2109,-1.2663083565305635,0.04380877046339996,0.8455690752488645,-1.5419146707492228,-1.4371591867789992,-0.5904073743574709,-2.078832828578453,0.4726818071140997,-1.1344994172443033,-0.7047204307332285,0.7170024033772157,0.7722377854413742,0.0,0.0
2110,1.1627720226091711,-0.5403601873348578,0.8455690752488645,0.4116423781638197,1.5580367365415795,0.7492527943628847,1.3518539612170293,1.718923859768976,-0.6790078244304162,0.6150973505194979,,-1.2949379308452873,0.0,0.0
2111,-1.09058764825237,-1.3479224465198205,0.8986803276759994,-1.5419146707492228,0.06043877488129027,-0.5904073743574709,-0.9352705653132926,-1.0851207587044955,-1.1344994172443033,0.6150973505194979,0.7170024033772157,0.7722377854413742,0.0,0.0
2112,-0.6487017494939715,0.6060927032090964,0.8986803276759994,0.4116423781638197,0.06043877488129027,0.7492527943628847,0.20829169795186836,0.4726818071140997,1.1429585468251326,-0.7047204307332285,-1.394695464464014,-1.2949379308452873,0.0,0.0
2113,-1.4988798821928786,-0.10408600229664455,0.8986803276759994,0.4116423781638197,0.06043877488129027,0.7492527943628847,-2.078832828578453,1.0958028334415377,-0.6790078244304162,0.6150973505194979,0.7170024033772157,-1.2949379308452873,0.0,0.0
2114,-1.4859592418783056,-0.6551776670125264,0.8986803276759994,-1.5419146707492228,1.5580367365415795,-1.9300675430778265,1.3518539612170293,0.16112129395038063,-0.6790078244304162,-0.7047204307332285,0.7170024033772157,0.7722377854413742,0.0,0.0
2115,-1.3955147596762942,1.7579056603707548,0.8986803276759994,-1.5419146707492228,-1.4371591867789992,-1.9300675430778265,-2.078832828578453,-3.8891653771779673,0.23197536119735832,-0.7047204307332285,,0.7722377854413742,0.0,0.0
2116,-0.8037494332688482,0.6060927032090964,0.8986803276759994,0.4116423781638197,0.06043877488129027,0.7492527943628847,0.20829169795186836,0.4726818071140997,1.1429585468251326,-0.7047204307332285,-1.394695464464014,-1.2949379308452873,0.0,0.0
2117,0.31776214603609315,0.6060927032090964,0.8986803276759994,0.4116423781638197,0.06043877488129027,0.7492527943628847,0.20829169795186836,0.4726818071140997,1.1429585468251326,-0.7047204307332285,-1.394695464464014,-1.2949379308452873,0.0,0.0
2118,0.046428699430058944,-1.8120955205495735,0.8986803276759994,0.4116423781638197,-1.4371591867789992,-1.9300675430778265,1.3518539612170293,-1.0851207587044955,-1.1344994172443033,-0.7047204307332285,0.7170024033772157,0.7722377854413742,0.0,0.0
2119,0.4418002930559945,0.6060927032090964,0.8986803276759994,0.4116423781638197,0.06043877488129027,0.7492527943628847,0.20829169795186836,0.4726818071140997,1.1429585468251326,-0.7047204307332285,-1.394695464464014,-1.2949379308452873,0.0,0.0
2120,-0.2145682349243168,0.6060927032090964,0.8986803276759994,0.4116423781638197,0.06043877488129027,0.7492527943628847,0.20829169795186836,0.4726818071140997,1.1429585468251326,-0.7047204307332285,-1.394695464464014,-1.2949379308452873,0.0,0.0
2121,0.2557430725261425,0.6060927032090964,0.8986803276759994,0.4116423781638197,0.06043877488129027,0.7492527943628847,0.20829169795186836,0.4726818071140997,1.1429585468251326,-0.7047204307332285,-1.394695464464014,-1.2949379308452873,0.0,0.0
2122,0.20147638320493563,0.6060927032090964,0.8986803276759994,0.4116423781638197,0.06043877488129027,0.7492527943628847,0.20829169795186836,0.4726818071140997,1.1429585468251326,-0.7047204307332285,-1.394695464464014,-1.2949379308452873,0.0,0.0
2123,0.3591081950427269,0.6060927032090964,0.8986803276759994,0.4116423781638197,0.06043877488129027,0.7492527943628847,0.20829169795186836,0.4726818071140997,1.1429585468251326,-0.7047204307332285,-1.394695464464014,-1.2949379308452873,0.0,0.0
2124,-0.25074602780512134,0.6060927032090964,0.8986803276759994,0.4116423781638197,0.06043877488129027,0.7492527943628847,0.20829169795186836,0.4726818071140997,1.1429585468251326,-0.7047204307332285,-1.394695464464014,-1.2949379308452873,0.0,0.0
2125,-0.5840985479211063,0.6060927032090964,0.8986803276759994,0.4116423781638197,0.06043877488129027,0.7492527943628847,0.20829169795186836,0.4726818071140997,1.1429585468251326,-0.7047204307332285,-1.394695464464014,-1.2949379308452873,0.0,0.0
2126,-0.34119051000713274,0.6060927032090964,0.8986803276759994,0.4116423781638197,0.06043877488129027,0.7492527943628847,0.20829169795186836,0.4726818071140997,1.1429585468251326,-0.7047204307332285,-1.394695464464014,-1.2949379308452873,0.0,0.0
2127,-0.23265713136471908,0.6060927032090964,0.8986803276759994,0.4116423781638197,0.06043877488129027,0.7492527943628847,0.20829169795186836,0.4726818071140997,1.1429585468251326,-0.7047204307332285,-1.394695464464014,-1.2949379308452873,0.0,0.0
2128,-0.5608413953548748,0.6060927032090964,0.8986803276759994,0.4116423781638197,0.06043877488129027,0.7492527943628847,0.20829169795186836,0.4726818071140997,1.1429585468251326,-0.7047204307332285,-1.394695464464014,-1.2949379308452873,0.0,0.0
2129,-0.3024285890634136,0.6060927032090964,0.8986803276759994,0.4116423781638197,0.06043877488129027,0.7492527943628847,0.20829169795186836,0.4726818071140997,1.1429585468251326,-0.7047204307332285,-1.394695464464014,-1.2949379308452873,0.0,0.0
2130,0.8061623499269547,0.6060927032090964,0.8986803276759994,0.4116423781638197,0.06043877488129027,0.7492527943628847,0.20829169795186836,0.4726818071140997,1.1429585468251326,-0.7047204307332285,-1.394695464464014,-1.2949379308452873,0.0,0.0
2131,-0.3075968451892428,0.6060927032090964,0.8986803276759994,0.4116423781638197,0.06043877488129027,0.7492527943628847,0.20829169795186836,0.4726818071140997,1.1429585468251326,-0.7047204307332285,-1.394695464464014,-1.2949379308452873,0.0,0.0
2132,-0.6047715724244231,0.6060927032090964,0.8986803276759994,0.4116423781638197,0.06043877488129027,0.7492527943628847,0.20829169795186836,0.4726818071140997,1.1429585468251326,-0.7047204307332285,-1.394695464464014,-1.2949379308452873,0.0,0.0
2133,-0.31793335744090123,0.6060927032090964,0.8986803276759994,0.4116423781638197,0.06043877488129027,0.7492527943628847,0.20829169795186836,0.4726818071140997,1.1429585468251326,-0.7047204307332285,-1.394695464464014,-1.2949379308452873,0.0,0.0
2134,-0.6538700056198007,0.6060927032090964,0.8986803276759994,0.4116423781638197,0.06043877488129027,0.7492527943628847,0.20829169795186836,0.4726818071140997,1.1429585468251326,-0.7047204307332285,-1.394695464464014,-1.2949379308452873,0.0,0.0
2135,-0.3722000467621081,0.6060927032090964,0.8986803276759994,0.4116423781638197,0.06043877488129027,0.7492527943628847,0.20829169795186836,0.4726818071140997,1.1429585468251326,-0.7047204307332285,-1.394695464464014,-1.2949379308452873,0.0,0.0
2136,0.3694447072943854,0.6060927032090964,0.8986803276759994,0.4116423781638197,0.06043877488129027,0.7492527943628847,0.20829169795186836,0.4726818071140997,1.1429585468251326,-0.7047204307332285,-1.394695464464014,-1.2949379308452873,0.0,0.0
2137,-0.5815144198581916,0.6060927032090964,0.8986803276759994,0.4116423781638197,0.06043877488129027,0.7492527943628847,0.20829169795186836,0.4726818071140997,1.1429585468251326,-0.7047204307332285,-1.394695464464014,-1.2949379308452873,0.0,0.0
2138,-0.2946762048746698,0.6060927032090964,0.8986803276759994,0.4116423781638197,0.06043877488129027,0.7492527943628847,0.20829169795186836,0.4726818071140997,1.1429585468251326,-0.7047204307332285,-1.394695464464014,-1.2949379308452873,0.0,0.0
2139,0.31776214603609315,0.6060927032090964,0.8986803276759994,0.4116423781638197,0.06043877488129027,0.7492527943628847,0.20829169795186836,0.4726818071140997,1.1429585468251326,-0.7047204307332285,-1.394695464464014,-1.2949379308452873,0.0,0.0
2140,-0.6306128530535692,0.6060927032090964,0.8986803276759994,0.4116423781638197,0.06043877488129027,0.7492527943628847,0.20829169795186836,0.4726818071140997,1.1429585468251326,-0.7047204307332285,-1.394695464464014,-1.2949379308452873,0.0,0.0
2141,-0.3489428941958766,0.6060927032090964,0.8986803276759994,0.4116423781638197,0.06043877488129027,0.7492527943628847,0.20829169795186836,0.4726818071140997,1.1429585468251326,-0.7047204307332285,-1.394695464464014,-1.2949379308452873,0.0,0.0
2142,-0.5815144198581916,0.6060927032090964,0.8986803276759994,0.4116423781638197,0.06043877488129027,0.7492527943628847,0.20829169795186836,0.4726818071140997,1.1429585468251326,-0.7047204307332285,-1.394695464464014,-1.2949379308452873,0.0,0.0
2143,-0.2636666681196944,0.6060927032090964,0.8986803276759994,0.4116423781638197,0.06043877488129027,0.7492527943628847,0.20829169795186836,0.4726818071140997,1.1429585468251326,-0.7047204307332285,-1.394695464464014,-1.2949379308452873,0.0,0.0
2144,0.3591081950427269,0.6060927032090964,0.8986803276759994,0.4116423781638197,0.06043877488129027,0.7492527943628847,0.20829169795186836,0.4726818071140997,1.1429585468251326,-0.7047204307332285,-1.394695464464014,-1.2949379308452873,0.0,0.0
2145,-0.31793335744090123,0.6060927032090964,0.8986803276759994,0.4116423781638197,0.06043877488129027,0.7492527943628847,0.20829169795186836,0.4726818071140997,1.1429585468251326,-0.7047204307332285,-1.394695464464014,-1.2949379308452873,0.0,0.0
2146,-0.24816189974220676,0.6060927032090964,0.8986803276759994,0.4116423781638197,0.06043877488129027,0.7492527943628847,0.20829169795186836,0.4726818071140997,1.1429585468251326,-0.7047204307332285,-1.394695464464014,-1.2949379308452873,0.0,0.0
2147,0.3797812195460438,0.6060927032090964,0.8986803276759994,0.4116423781638197,0.06043877488129027,0.7492527943628847,0.20829169795186836,0.4726818071140997,1.1429585468251326,-0.7047204307332285,-1.394695464464014,-1.2949379308452873,0.0,0.0
2148,-0.5840985479211063,0.6060927032090964,0.8986803276759994,0.4116423781638197,0.06043877488129027,0.7492527943628847,0.20829169795186836,0.4726818071140997,1.1429585468251326,-0.7047204307332285,-1.394695464464014,-1.2949379308452873,0.0,0.0
2149,-0.3024285890634136,0.6060927032090964,0.8986803276759994,0.4116423781638197,0.06043877488129027,0.7492527943628847,0.20829169795186836,0.4726818071140997,1.1429585468251326,-0.7047204307332285,-1.394695464464014,-1.2949379308452873,0.0,0.0
2150,0.46247331755931137,0.6060927032090964,0.8986803276759994,0.4116423781638197,0.06043877488129027,0.7492527943628847,0.20829169795186836,0.4726818071140997,1.1429585468251326,-0.7047204307332285,-1.394695464464014,-1.2949379308452873,0.0,0.0
2151,-0.5350001147257286,0.6060927032090964,0.8986803276759994,0.4116423781638197,0.06043877488129027,0.7492527943628847,0.20829169795186836,0.4726818071140997,1.1429585468251326,-0.7047204307332285,-1.394695464464014,-1.2949379308452873,0.0,0.0
2152,-0.5117429621594971,0.6060927032090964,0.8986803276759994,0.4116423781638197,0.06043877488129027,0.7492527943628847,0.20829169795186836,0.4726818071140997,1.1429585468251326,-0.7047204307332285,-1.394695464464014,-1.2949379308452873,0.0,0.0
2153,-0.15771741754019536,0.6060927032090964,0.8986803276759994,0.4116423781638197,0.06043877488129027,0.7492527943628847,0.20829169795186836,0.4726818071140997,1.1429585468251326,-0.7047204307332285,-1.394695464464014,-1.2949379308452873,0.0,0.0
2154,0.5219082630063474,0.6060927032090964,0.8986803276759994,0.4116423781638197,0.06043877488129027,0.7492527943628847,0.20829169795186836,0.4726818071140997,1.1429585468251326,-0.7047204307332285,-1.394695464464014,-1.2949379308452873,0.0,0.0
2155,-0.5608413953548748,0.6060927032090964,0.8986803276759994,0.4116423781638197,0.06043877488129027,0.7492527943628847,0.20829169795186836,0.4726818071140997,1.1429585468251326,-0.7047204307332285,-1.394695464464014,-1.2949379308452873,0.0,0.0
2156,-0.5117429621594971,0.6060927032090964,0.8986803276759994,0.4116423781638197,0.06043877488129027,0.7492527943628847,0.20829169795186836,0.4726818071140997,1.1429585468251326,-0.7047204307332285,-1.394695464464014,-1.2949379308452873,0.0,0.0
2157,-0.2145682349243168,0.6060927032090964,0.8986803276759994,0.4116423781638197,0.06043877488129027,0.7492527943628847,0.20829169795186836,0.4726818071140997,1.1429585468251326,-0.7047204307332285,-1.394695464464014,-1.2949379308452873,0.0,0.0
2158,-0.1654698017289392,0.6060927032090964,0.8986803276759994,0.4116423781638197,0.06043877488129027,0.7492527943628847,0.20829169795186836,0.4726818071140997,1.1429585468251326,-0.7047204307332285,-1.394695464464014,-1.2949379308452873,0.0,0.0
2159,0.3565240669798123,0.6060927032090964,0.8986803276759994,0.4116423781638197,0.06043877488129027,0.7492527943628847,0.20829169795186836,0.4726818071140997,1.1429585468251326,-0.7047204307332285,-1.394695464464014,-1.2949379308452873,0.0,0.0
2160,-0.3489428941958766,0.6060927032090964,0.8986803276759994,0.4116423781638197,0.06043877488129027,0.7492527943628847,0.20829169795186836,0.4726818071140997,1.1429585468251326,-0.7047204307332285,-1.394695464464014,-1.2949379308452873,0.0,0.0
2161,-0.1887269542951707,0.6060927032090964,0.8986803276759994,0.4116423781638197,0.06043877488129027,0.7492527943628847,0.20829169795186836,0.4726818071140997,1.1429585468251326,-0.7047204307332285,-1.394695464464014,-1.2949379308452873,0.0,0.0
2162,-0.13962852109979307,0.6060927032090964,0.8986803276759994,0.4116423781638197,0.06043877488129027,0.7492527943628847,0.20829169795186836,0.4726818071140997,1.1429585468251326,-0.7047204307332285,-1.394695464464014,-1.2949379308452873,0.0,0.0
2163,-0.5815144198581916,0.6060927032090964,0.8986803276759994,0.4116423781638197,0.06043877488129027,0.7492527943628847,0.20829169795186836,0.4726818071140997,1.1429585468251326,-0.7047204307332285,-1.394695464464014,-1.2949379308452873,0.0,0.0
2164,0.3875336037347876,0.6060927032090964,0.8986803276759994,0.4116423781638197,0.06043877488129027,0.7492527943628847,0.20829169795186836,0.4726818071140997,1.1429585468251326,-0.7047204307332285,-1.394695464464014,-1.2949379308452873,0.0,0.0
2165,-0.31793335744090123,0.6060927032090964,0.8986803276759994,0.4116423781638197,0.06043877488129027,0.7492527943628847,0.20829169795186836,0.4726818071140997,1.1429585468251326,-0.7047204307332285,-1.394695464464014,-1.2949379308452873,0.0,0.0
2166,-0.15254916141436614,0.6060927032090964,0.8986803276759994,0.4116423781638197,0.06043877488129027,0.7492527943628847,0.20829169795186836,0.4726818071140997,1.1429585468251326,-0.7047204307332285,-1.394695464464014,-1.2949379308452873,0.0,0.0
2167,-0.5505048831032163,0.6060927032090964,0.8986803276759994,0.4116423781638197,0.06043877488129027,0.7492527943628847,0.20829169795186836,0.4726818071140997,1.1429585468251326,-0.7047204307332285,-1.394695464464014,-1.2949379308452873,0.0,0.0
2168,0.4288796527414214,0.6060927032090964,0.8986803276759994,0.4116423781638197,0.06043877488129027,0.7492527943628847,0.20829169795186836,0.4726818071140997,1.1429585468251326,-0.7047204307332285,-1.394695464464014,-1.2949379308452873,0.0,0.0
2169,0.3591081950427269,0.6060927032090964,0.8986803276759994,0.4116423781638197,0.06043877488129027,0.7492527943628847,0.20829169795186836,0.4726818071140997,1.1429585468251326,-0.7047204307332285,-1.394695464464014,-1.2949379308452873,0.0,0.0
2170,-0.3024285890634136,0.6060927032090964,0.8986803276759994,0.4116423781638197,0.06043877488129027,0.7492527943628847,0.20829169795186836,0.4726818071140997,1.1429585468251326,-0.7047204307332285,-1.394695464464014,-1.2949379308452873,0.0,0.0
2171,-0.13704439303687846,0.6060927032090964,0.8986803276759994,0.4116423781638197,0.06043877488129027,0.7492527943628847,0.20829169795186836,0.4726818071140997,1.1429585468251326,-0.7047204307332285,-1.394695464464014,-1.2949379308452873,0.0,0.0
2172,-0.08794595984150085,0.6060927032090964,0.8986803276759994,0.4116423781638197,0.06043877488129027,0.7492527943628847,0.20829169795186836,0.4726818071140997,1.1429585468251326,-0.7047204307332285,-1.394695464464014,-1.2949379308452873,0.0,0.0
2173,0.4495526772447383,0.6060927032090964,0.8986803276759994,0.4116423781638197,0.06043877488129027,0.7492527943628847,0.20829169795186836,0.4726818071140997,1.1429585468251326,-0.7047204307332285,-1.394695464464014,-1.2949379308452873,0.0,0.0
2174,-0.049184038897781675,0.6060927032090964,0.8986803276759994,0.4116423781638197,0.06043877488129027,0.7492527943628847,0.20829169795186836,0.4726818071140997,1.1429585468251326,-0.7047204307332285,-1.394695464464014,-1.2949379308452873,0.0,0.0
2175,0.002498522360510552,0.6060927032090964,0.8986803276759994,0.4116423781638197,0.06043877488129027,0.7492527943628847,0.20829169795186836,0.4726818071140997,1.1429585468251326,-0.7047204307332285,-1.394695464464014,-1.2949379308452873,0.0,0.0
2176,-0.5117429621594971,0.6060927032090964,0.8986803276759994,0.4116423781638197,0.06043877488129027,0.7492527943628847,0.20829169795186836,0.4726818071140997,1.1429585468251326,-0.7047204307332285,-1.394695464464014,-1.2949379308452873,0.0,0.0
2177,-0.41354609576874185,0.6060927032090964,0.8986803276759994,0.4116423781638197,0.06043877488129027,0.7492527943628847,0.20829169795186836,0.4726818071140997,1.1429585468251326,-0.7047204307332285,-1.394695464464014,-1.2949379308452873,0.0,0.0
2178,-0.6978001826893491,0.6060927032090964,0.8986803276759994,0.4116423781638197,0.06043877488129027,0.7492527943628847,0.20829169795186836,0.4726818071140997,1.1429585468251326,-0.7047204307332285,-1.394695464464014,-1.2949379308452873,0.0,0.0
2179,0.18338748676453334,0.6060927032090964,0.8986803276759994,0.4116423781638197,0.06043877488129027,0.7492527943628847,0.20829169795186836,0.4726818071140997,1.1429585468251326,-0.7047204307332285,-1.394695464464014,-1.2949379308452873,0.0,0.0
2180,-0.49106993765618023,0.6060927032090964,0.8986803276759994,0.4116423781638197,0.06043877488129027,0.7492527943628847,0.20829169795186836,0.4726818071140997,1.1429585468251326,-0.7047204307332285,-1.394695464464014,-1.2949379308452873,0.0,0.0
2181,-0.7494827439476414,0.6060927032090964,0.8986803276759994,0.4116423781638197,0.06043877488129027,0.7492527943628847,0.20829169795186836,0.4726818071140997,1.1429585468251326,-0.7047204307332285,-1.394695464464014,-1.2949379308452873,0.0,0.0
2182,-0.3902889432025104,0.6060927032090964,0.8986803276759994,0.4116423781638197,0.06043877488129027,0.7492527943628847,0.20829169795186836,0.4726818071140997,1.1429585468251326,-0.7047204307332285,-1.394695464464014,-1.2949379308452873,0.0,0.0
2183,0.21439702351950868,0.6060927032090964,0.8986803276759994,0.4116423781638197,0.06043877488129027,0.7492527943628847,0.20829169795186836,0.4726818071140997,1.1429585468251326,-0.7047204307332285,-1.394695464464014,-1.2949379308452873,0.0,0.0
2184,-0.4678127850899487,0.6060927032090964,0.8986803276759994,0.4116423781638197,0.06043877488129027,0.7492527943628847,0.20829169795186836,0.4726818071140997,1.1429585468251326,-0.7047204307332285,-1.394695464464014,-1.2949379308452873,0.0,0.0
2185,-0.718473207192666,0.6060927032090964,0.8986803276759994,0.4116423781638197,0.06043877488129027,0.7492527943628847,0.20829169795186836,0.4726818071140997,1.1429585468251326,-0.7047204307332285,-1.394695464464014,-1.2949379308452873,0.0,0.0
2186,0.3591081950427269,0.6060927032090964,0.8986803276759994,0.4116423781638197,0.06043877488129027,0.7492527943628847,0.20829169795186836,0.4726818071140997,1.1429585468251326,-0.7047204307332285,-1.394695464464014,-1.2949379308452873,0.0,0.0
2187,-0.35927940644753503,0.6060927032090964,0.8986803276759994,0.4116423781638197,0.06043877488129027,0.7492527943628847,0.20829169795186836,0.4726818071140997,1.1429585468251326,-0.7047204307332285,-1.394695464464014,-1.2949379308452873,0.0,0.0
2188,-0.6435334933681423,0.6060927032090964,0.8986803276759994,0.4116423781638197,0.06043877488129027,0.7492527943628847,0.20829169795186836,0.4726818071140997,1.1429585468251326,-0.7047204307332285,-1.394695464464014,-1.2949379308452873,0.0,0.0
2189,-0.43680324833497336,0.6060927032090964,0.8986803276759994,0.4116423781638197,0.06043877488129027,0.7492527943628847,0.20829169795186836,0.4726818071140997,1.1429585468251326,-0.7047204307332285,-1.394695464464014,-1.2949379308452873,0.0,0.0
2190,-0.7029684388151783,0.6060927032090964,0.8986803276759994,0.4116423781638197,0.06043877488129027,0.7492527943628847,0.20829169795186836,0.4726818071140997,1.1429585468251326,-0.7047204307332285,-1.394695464464014,-1.2949379308452873,0.0,0.0
2191,0.3797812195460438,0.6060927032090964,0.8986803276759994,0.4116423781638197,0.06043877488129027,0.7492527943628847,0.20829169795186836,0.4726818071140997,1.1429585468251326,-0.7047204307332285,-1.394695464464014,-1.2949379308452873,0.0,0.0
2192,-0.3437746380700474,0.6060927032090964,0.8986803276759994,0.4116423781638197,0.06043877488129027,0.7492527943628847,0.20829169795186836,0.4726818071140997,1.1429585468251326,-0.7047204307332285,-1.394695464464014,-1.2949379308452873,0.0,0.0
2193,-0.6280287249906547,0.6060927032090964,0.8986803276759994,0.4116423781638197,0.06043877488129027,0.7492527943628847,0.20829169795186836,0.4726818071140997,1.1429585468251326,-0.7047204307332285,-1.394695464464014,-1.2949379308452873,0.0,0.0
2194,0.27641609702945935,0.6060927032090964,0.8986803276759994,0.4116423781638197,0.06043877488129027,0.7492527943628847,0.20829169795186836,0.4726818071140997,1.1429585468251326,-0.7047204307332285,-1.394695464464014,-1.2949379308452873,0.0,0.0
2195,-0.4212984799574857,0.6060927032090964,0.8986803276759994,0.4116423781638197,0.06043877488129027,0.7492527943628847,0.20829169795186836,0.4726818071140997,1.1429585468251326,-0.7047204307332285,-1.394695464464014,-1.2949379308452873,0.0,0.0
2196,-0.6797112862489468,0.6060927032090964,0.8986803276759994,0.4116423781638197,0.06043877488129027,0.7492527943628847,0.20829169795186836,0.4726818071140997,1.1429585468251326,-0.7047204307332285,-1.394695464464014,-1.2949379308452873,0.0,0.0
2197,-0.6047715724244231,0.6060927032090964,0.8986803276759994,0.4116423781638197,0.06043877488129027,0.7492527943628847,0.20829169795186836,0.4726818071140997,1.1429585468251326,-0.7047204307332285,-1.394695464464014,-1.2949379308452873,0.0,0.0
2198,0.40303837211227533,0.6060927032090964,0.8986803276759994,0.4116423781638197,0.06043877488129027,0.7492527943628847,0.20829169795186836,0.4726818071140997,1.1429585468251326,-0.7047204307332285,-1.394695464464014,-1.2949379308452873,0.0,0.0
2199,-0.3437746380700474,0.6060927032090964,0.8986803276759994,0.4116423781638197,0.06043877488129027,0.7492527943628847,0.20829169795186836,0.4726818071140997,1.1429585468251326,-0.7047204307332285,-1.394695464464014,-1.2949379308452873,0.0,0.0
2200,-0.6978001826893491,0.6060927032090964,0.8986803276759994,0.4116423781638197,0.06043877488129027,0.7492527943628847,0.20829169795186836,0.4726818071140997,1.1429585468251326,-0.7047204307332285,-1.394695464464014,-1.2949379308452873,0.0,0.0
2201,-0.40062545545416883,0.6060927032090964,0.8986803276759994,0.4116423781638197,0.06043877488129027,0.7492527943628847,0.20829169795186836,0.4726818071140997,1.1429585468251326,-0.7047204307332285,-1.394695464464014,-1.2949379308452873,0.0,0.0
2202,-0.7727398965138729,0.6060927032090964,0.8986803276759994,0.4116423781638197,0.06043877488129027,0.7492527943628847,0.20829169795186836,0.4726818071140997,1.1429585468251326,-0.7047204307332285,-1.394695464464014,-1.2949379308452873,0.0,0.0
2203,-0.49106993765618023,0.6060927032090964,0.8986803276759994,0.4116423781638197,0.06043877488129027,0.7492527943628847,0.20829169795186836,0.4726818071140997,1.1429585468251326,-0.7047204307332285,-1.394695464464014,-1.2949379308452873,0.0,0.0
2204,0.1704668464499603,0.6060927032090964,0.8986803276759994,0.4116423781638197,0.06043877488129027,0.7492527943628847,0.20829169795186836,0.4726818071140997,1.1429585468251326,-0.7047204307332285,-1.394695464464014,-1.2949379308452873,0.0,0.0
2205,-0.6745430301231177,0.6060927032090964,0.8986803276759994,0.4116423781638197,0.06043877488129027,0.7492527943628847,0.20829169795186836,0.4726818071140997,1.1429585468251326,-0.7047204307332285,-1.394695464464014,-1.2949379308452873,0.0,0.0
2206,-0.3773683028879373,0.6060927032090964,0.8986803276759994,0.4116423781638197,0.06043877488129027,0.7492527943628847,0.20829169795186836,0.4726818071140997,1.1429585468251326,-0.7047204307332285,-1.394695464464014,-1.2949379308452873,0.0,0.0
2207,0.31776214603609315,0.6060927032090964,0.8986803276759994,0.4116423781638197,0.06043877488129027,0.7492527943628847,0.20829169795186836,0.4726818071140997,1.1429585468251326,-0.7047204307332285,-1.394695464464014,-1.2949379308452873,0.0,0.0
2208,-0.7494827439476414,0.6060927032090964,0.8986803276759994,0.4116423781638197,0.06043877488129027,0.7492527943628847,0.20829169795186836,0.4726818071140997,1.1429585468251326,-0.7047204307332285,-1.394695464464014,-1.2949379308452873,0.0,0.0
2209,-0.4678127850899487,0.6060927032090964,0.8986803276759994,0.4116423781638197,0.06043877488129027,0.7492527943628847,0.20829169795186836,0.4726818071140997,1.1429585468251326,-0.7047204307332285,-1.394695464464014,-1.2949379308452873,0.0,0.0
2210,-0.6435334933681423,0.6060927032090964,0.8986803276759994,0.4116423781638197,0.06043877488129027,0.7492527943628847,0.20829169795186836,0.4726818071140997,1.1429585468251326,-0.7047204307332285,-1.394695464464014,-1.2949379308452873,0.0,0.0
2211,-0.34635876613296196,0.6060927032090964,0.8986803276759994,0.4116423781638197,0.06043877488129027,0.7492527943628847,0.20829169795186836,0.4726818071140997,1.1429585468251326,-0.7047204307332285,-1.394695464464014,-1.2949379308452873,0.0,0.0
2212,-0.718473207192666,0.6060927032090964,0.8986803276759994,0.4116423781638197,0.06043877488129027,0.7492527943628847,0.20829169795186836,0.4726818071140997,1.1429585468251326,-0.7047204307332285,-1.394695464464014,-1.2949379308452873,0.0,0.0
2213,-0.43680324833497336,0.6060927032090964,0.8986803276759994,0.4116423781638197,0.06043877488129027,0.7492527943628847,0.20829169795186836,0.4726818071140997,1.1429585468251326,-0.7047204307332285,-1.394695464464014,-1.2949379308452873,0.0,0.0
2214,-0.6280287249906547,0.6060927032090964,0.8986803276759994,0.4116423781638197,0.06043877488129027,0.7492527943628847,0.20829169795186836,0.4726818071140997,1.1429585468251326,-0.7047204307332285,-1.394695464464014,-1.2949379308452873,0.0,0.0
2215,-0.3308539977554743,0.6060927032090964,0.8986803276759994,0.4116423781638197,0.06043877488129027,0.7492527943628847,0.20829169795186836,0.4726818071140997,1.1429585468251326,-0.7047204307332285,-1.394695464464014,-1.2949379308452873,0.0,0.0
2216,0.3797812195460438,0.6060927032090964,0.8986803276759994,0.4116423781638197,0.06043877488129027,0.7492527943628847,0.20829169795186836,0.4726818071140997,1.1429585468251326,-0.7047204307332285,-1.394695464464014,-1.2949379308452873,0.0,0.0
2217,-0.7029684388151783,0.6060927032090964,0.8986803276759994,0.4116423781638197,0.06043877488129027,0.7492527943628847,0.20829169795186836,0.4726818071140997,1.1429585468251326,-0.7047204307332285,-1.394695464464014,-1.2949379308452873,0.0,0.0
2218,-0.4212984799574857,0.6060927032090964,0.8986803276759994,0.4116423781638197,0.06043877488129027,0.7492527943628847,0.20829169795186836,0.4726818071140997,1.1429585468251326,-0.7047204307332285,-1.394695464464014,-1.2949379308452873,0.0,0.0
2219,0.2634954567148863,0.6060927032090964,0.8986803276759994,0.4116423781638197,0.06043877488129027,0.7492527943628847,0.20829169795186836,0.4726818071140997,1.1429585468251326,-0.7047204307332285,-1.394695464464014,-1.2949379308452873,0.0,0.0
2220,-0.6047715724244231,0.6060927032090964,0.8986803276759994,0.4116423781638197,0.06043877488129027,0.7492527943628847,0.20829169795186836,0.4726818071140997,1.1429585468251326,-0.7047204307332285,-1.394695464464014,-1.2949379308452873,0.0,0.0
2221,-0.6797112862489468,0.6060927032090964,0.8986803276759994,0.4116423781638197,0.06043877488129027,0.7492527943628847,0.20829169795186836,0.4726818071140997,1.1429585468251326,-0.7047204307332285,-1.394695464464014,-1.2949379308452873,0.0,0.0
2222,-0.3437746380700474,0.6060927032090964,0.8986803276759994,0.4116423781638197,0.06043877488129027,0.7492527943628847,0.20829169795186836,0.4726818071140997,1.1429585468251326,-0.7047204307332285,-1.394695464464014,-1.2949379308452873,0.0,0.0
2223,0.39011773179770226,0.6060927032090964,0.8986803276759994,0.4116423781638197,0.06043877488129027,0.7492527943628847,0.20829169795186836,0.4726818071140997,1.1429585468251326,-0.7047204307332285,-1.394695464464014,-1.2949379308452873,0.0,0.0
2224,-0.32051748550381587,0.6060927032090964,0.8986803276759994,0.4116423781638197,0.06043877488129027,0.7492527943628847,0.20829169795186836,0.4726818071140997,1.1429585468251326,-0.7047204307332285,-1.394695464464014,-1.2949379308452873,0.0,0.0
2225,0.2867526092811178,0.6060927032090964,0.8986803276759994,0.4116423781638197,0.06043877488129027,0.7492527943628847,0.20829169795186836,0.4726818071140997,1.1429585468251326,-0.7047204307332285,-1.394695464464014,-1.2949379308452873,0.0,0.0
2226,-0.31018097325215743,0.6060927032090964,0.8986803276759994,0.4116423781638197,0.06043877488129027,0.7492527943628847,0.20829169795186836,0.4726818071140997,1.1429585468251326,-0.7047204307332285,-1.394695464464014,-1.2949379308452873,0.0,0.0
2227,-0.29726033293758436,0.6060927032090964,0.8986803276759994,0.4116423781638197,0.06043877488129027,0.7492527943628847,0.20829169795186836,0.4726818071140997,1.1429585468251326,-0.7047204307332285,-1.394695464464014,-1.2949379308452873,0.0,0.0
2228,-0.2869238206859259,0.6060927032090964,0.8986803276759994,0.4116423781638197,0.06043877488129027,0.7492527943628847,0.20829169795186836,0.4726818071140997,1.1429585468251326,-0.7047204307332285,-1.394695464464014,-1.2949379308452873,0.0,0.0
2229,-0.6306128530535692,0.6060927032090964,0.8986803276759994,0.4116423781638197,0.06043877488129027,0.7492527943628847,0.20829169795186836,0.4726818071140997,1.1429585468251326,-0.7047204307332285,-1.394695464464014,-1.2949379308452873,0.0,0.0
2230,-0.2869238206859259,0.6060927032090964,0.8986803276759994,0.4116423781638197,0.06043877488129027,0.7492527943628847,0.20829169795186836,0.4726818071140997,1.1429585468251326,-0.7047204307332285,-1.394695464464014,-1.2949379308452873,0.0,0.0
2231,-0.26625079618260905,0.6060927032090964,0.8986803276759994,0.4116423781638197,0.06043877488129027,0.7492527943628847,0.20829169795186836,0.4726818071140997,1.1429585468251326,-0.7047204307332285,-1.394695464464014,-1.2949379308452873,0.0,0.0
2232,-0.25591428393095056,0.6060927032090964,0.8986803276759994,0.4116423781638197,0.06043877488129027,0.7492527943628847,0.20829169795186836,0.4726818071140997,1.1429585468251326,-0.7047204307332285,-1.394695464464014,-1.2949379308452873,0.0,0.0
2233,-0.5996033162985939,0.6060927032090964,0.8986803276759994,0.4116423781638197,0.06043877488129027,0.7492527943628847,0.20829169795186836,0.4726818071140997,1.1429585468251326,-0.7047204307332285,-1.394695464464014,-1.2949379308452873,0.0,0.0
2234,0.3591081950427269,0.6060927032090964,0.8986803276759994,0.4116423781638197,0.06043877488129027,0.7492527943628847,0.20829169795186836,0.4726818071140997,1.1429585468251326,-0.7047204307332285,-1.394695464464014,-1.2949379308452873,0.0,0.0
2235,-0.25591428393095056,0.6060927032090964,0.8986803276759994,0.4116423781638197,0.06043877488129027,0.7492527943628847,0.20829169795186836,0.4726818071140997,1.1429585468251326,-0.7047204307332285,-1.394695464464014,-1.2949379308452873,0.0,0.0
2236,-0.25074602780512134,0.6060927032090964,0.8986803276759994,0.4116423781638197,0.06043877488129027,0.7492527943628847,0.20829169795186836,0.4726818071140997,1.1429585468251326,-0.7047204307332285,-1.394695464464014,-1.2949379308452873,0.0,0.0
2237,-0.2404095155534629,0.6060927032090964,0.8986803276759994,0.4116423781638197,0.06043877488129027,0.7492527943628847,0.20829169795186836,0.4726818071140997,1.1429585468251326,-0.7047204307332285,-1.394695464464014,-1.2949379308452873,0.0,0.0
2238,0.3797812195460438,0.6060927032090964,0.8986803276759994,0.4116423781638197,0.06043877488129027,0.7492527943628847,0.20829169795186836,0.4726818071140997,1.1429585468251326,-0.7047204307332285,-1.394695464464014,-1.2949379308452873,0.0,0.0
2239,-0.2404095155534629,0.6060927032090964,0.8986803276759994,0.4116423781638197,0.06043877488129027,0.7492527943628847,0.20829169795186836,0.4726818071140997,1.1429585468251326,-0.7047204307332285,-1.394695464464014,-1.2949379308452873,0.0,0.0
2240,-0.18097457010642684,0.6060927032090964,0.8986803276759994,0.4116423781638197,0.06043877488129027,0.7492527943628847,0.20829169795186836,0.4726818071140997,1.1429585468251326,-0.7047204307332285,-1.394695464464014,-1.2949379308452873,0.0,0.0
2241,-0.1499650333514515,0.6060927032090964,0.8986803276759994,0.4116423781638197,0.06043877488129027,0.7492527943628847,0.20829169795186836,0.4726818071140997,1.1429585468251326,-0.7047204307332285,-1.394695464464014,-1.2949379308452873,0.0,0.0
2242,-0.1499650333514515,0.6060927032090964,0.8986803276759994,0.4116423781638197,0.06043877488129027,0.7492527943628847,0.20829169795186836,0.4726818071140997,1.1429585468251326,-0.7047204307332285,-1.394695464464014,-1.2949379308452873,0.0,0.0
2243,-0.25591428393095056,0.6060927032090964,0.8986803276759994,0.4116423781638197,0.06043877488129027,0.7492527943628847,0.20829169795186836,0.4726818071140997,1.1429585468251326,-0.7047204307332285,-1.394695464464014,-1.2949379308452873,0.0,0.0
2244,-0.23265713136471908,0.6060927032090964,0.8986803276759994,0.4116423781638197,0.06043877488129027,0.7492527943628847,0.20829169795186836,0.4726818071140997,1.1429585468251326,-0.7047204307332285,-1.394695464464014,-1.2949379308452873,0.0,0.0
2245,-0.20164759460974374,0.6060927032090964,0.8986803276759994,0.4116423781638197,0.06043877488129027,0.7492527943628847,0.20829169795186836,0.4726818071140997,1.1429585468251326,-0.7047204307332285,-1.394695464464014,-1.2949379308452873,0.0,0.0
2246,1.7364484525762147,0.6060927032090964,0.8986803276759994,0.4116423781638197,0.06043877488129027,0.7492527943628847,0.20829169795186836,0.4726818071140997,1.1429585468251326,-0.7047204307332285,-1.394695464464014,-1.2949379308452873,0.0,0.0
2247,-0.1861428262322561,0.6060927032090964,0.8986803276759994,0.4116423781638197,0.06043877488129027,0.7492527943628847,0.20829169795186836,0.4726818071140997,1.1429585468251326,-0.7047204307332285,-1.394695464464014,-1.2949379308452873,0.0,0.0
2248,1.7648738612682755,0.6060927032090964,0.8986803276759994,0.4116423781638197,0.06043877488129027,0.7492527943628847,0.20829169795186836,0.4726818071140997,1.1429585468251326,-0.7047204307332285,-1.394695464464014,-1.2949379308452873,0.0,0.0
2249,0.9379528811355998,0.6060927032090964,0.8986803276759994,0.4116423781638197,0.06043877488129027,0.7492527943628847,0.20829169795186836,0.4726818071140997,1.1429585468251326,-0.7047204307332285,-1.394695464464014,-1.2949379308452873,0.0,0.0
2250,0.9741306740164044,0.6060927032090964,0.8986803276759994,0.4116423781638197,0.06043877488129027,0.7492527943628847,0.20829169795186836,0.4726818071140997,1.1429585468251326,-0.7047204307332285,-1.394695464464014,-1.2949379308452873,0.0,0.0
2251,1.0749116684700744,0.6060927032090964,0.8986803276759994,0.4116423781638197,0.06043877488129027,0.7492527943628847,0.20829169795186836,0.4726818071140997,1.1429585468251326,-0.7047204307332285,-1.394695464464014,-1.2949379308452873,0.0,0.0
2252,1.7777945015828485,0.6060927032090964,0.8986803276759994,0.4116423781638197,0.06043877488129027,0.7492527943628847,0.20829169795186836,0.4726818071140997,1.1429585468251326,-0.7047204307332285,-1.394695464464014,-1.2949379308452873,0.0,0.0
2253,1.0464862597780136,0.6060927032090964,0.8986803276759994,0.4116423781638197,0.06043877488129027,0.7492527943628847,0.20829169795186836,0.4726818071140997,1.1429585468251326,-0.7047204307332285,-1.394695464464014,-1.2949379308452873,0.0,0.0
2254,1.1007529490992203,0.6060927032090964,0.8986803276759994,0.4116423781638197,0.06043877488129027,0.7492527943628847,0.20829169795186836,0.4726818071140997,1.1429585468251326,-0.7047204307332285,-1.394695464464014,-1.2949379308452873,0.0,0.0
2255,1.2738895293144994,0.6060927032090964,0.8986803276759994,0.4116423781638197,0.06043877488129027,0.7492527943628847,0.20829169795186836,0.4726818071140997,1.1429585468251326,-0.7047204307332285,-1.394695464464014,-1.2949379308452873,0.0,0.0
2256,1.682181763255008,0.6060927032090964,0.8986803276759994,0.4116423781638197,0.06043877488129027,0.7492527943628847,0.20829169795186836,0.4726818071140997,1.1429585468251326,-0.7047204307332285,-1.394695464464014,-1.2949379308452873,0.0,0.0
2257,-0.2145682349243168,0.6060927032090964,0.8986803276759994,0.4116423781638197,0.06043877488129027,0.7492527943628847,0.20829169795186836,0.4726818071140997,1.1429585468251326,-0.7047204307332285,-1.394695464464014,-1.2949379308452873,0.0,0.0
2258,-0.1680539297918538,0.6060927032090964,0.8986803276759994,0.4116423781638197,0.06043877488129027,0.7492527943628847,0.20829169795186836,0.4726818071140997,1.1429585468251326,-0.7047204307332285,-1.394695464464014,-1.2949379308452873,0.0,0.0
2259,0.3358510424764954,0.6060927032090964,0.8986803276759994,0.4116423781638197,0.06043877488129027,0.7492527943628847,0.20829169795186836,0.4726818071140997,1.1429585468251326,-0.7047204307332285,-1.394695464464014,-1.2949379308452873,0.0,0.0
2260,0.3358510424764954,0.6060927032090964,0.8986803276759994,0.4116423781638197,0.06043877488129027,0.7492527943628847,0.20829169795186836,0.4726818071140997,1.1429585468251326,-0.7047204307332285,-1.394695464464014,-1.2949379308452873,0.0,0.0
2261,0.42112726855267757,0.6060927032090964,0.8986803276759994,0.4116423781638197,0.06043877488129027,0.7492527943628847,0.20829169795186836,0.4726818071140997,1.1429585468251326,-0.7047204307332285,-1.394695464464014,-1.2949379308452873,0.0,0.0
2262,0.4728098298109698,0.6060927032090964,0.8986803276759994,0.4116423781638197,0.06043877488129027,0.7492527943628847,0.20829169795186836,0.4726818071140997,1.1429585468251326,-0.7047204307332285,-1.394695464464014,-1.2949379308452873,0.0,0.0
2263,0.43404790886725064,0.6060927032090964,0.8986803276759994,0.4116423781638197,0.06043877488129027,0.7492527943628847,0.20829169795186836,0.4726818071140997,1.1429585468251326,-0.7047204307332285,-1.394695464464014,-1.2949379308452873,0.0,0.0
2264,0.46247331755931137,0.6060927032090964,0.8986803276759994,0.4116423781638197,0.06043877488129027,0.7492527943628847,0.20829169795186836,0.4726818071140997,1.1429585468251326,-0.7047204307332285,-1.394695464464014,-1.2949379308452873,0.0,0.0
2265,-0.5039905779707533,0.6060927032090964,0.8986803276759994,0.4116423781638197,0.06043877488129027,0.7492527943628847,0.20829169795186836,0.4726818071140997,1.1429585468251326,-0.7047204307332285,-1.394695464464014,-1.2949379308452873,0.0,0.0
2266,0.47539395787388444,0.6060927032090964,0.8986803276759994,0.4116423781638197,0.06043877488129027,0.7492527943628847,0.20829169795186836,0.4726818071140997,1.1429585468251326,-0.7047204307332285,-1.394695464464014,-1.2949379308452873,0.0,0.0
2267,0.48314634206262824,0.6060927032090964,0.8986803276759994,0.4116423781638197,0.06043877488129027,0.7492527943628847,0.20829169795186836,0.4726818071140997,1.1429585468251326,-0.7047204307332285,-1.394695464464014,-1.2949379308452873,0.0,0.0
2268,0.5348289033209205,0.6060927032090964,0.8986803276759994,0.4116423781638197,0.06043877488129027,0.7492527943628847,0.20829169795186836,0.4726818071140997,1.1429585468251326,-0.7047204307332285,-1.394695464464014,-1.2949379308452873,0.0,0.0
2269,-0.23265713136471908,0.6060927032090964,0.8986803276759994,0.4116423781638197,0.06043877488129027,0.7492527943628847,0.20829169795186836,0.4726818071140997,1.1429585468251326,-0.7047204307332285,-1.394695464464014,-1.2949379308452873,0.0,0.0
2270,0.6433622819633341,0.6060927032090964,0.8986803276759994,0.4116423781638197,0.06043877488129027,0.7492527943628847,0.20829169795186836,0.4726818071140997,1.1429585468251326,-0.7047204307332285,-1.394695464464014,-1.2949379308452873,0.0,0.0
2271,1.594321409115911,0.6060927032090964,0.8986803276759994,0.4116423781638197,0.06043877488129027,0.7492527943628847,0.20829169795186836,0.4726818071140997,1.1429585468251326,-0.7047204307332285,-1.394695464464014,-1.2949379308452873,0.0,0.0
2272,1.0206449791488674,0.6060927032090964,0.8986803276759994,0.4116423781638197,0.06043877488129027,0.7492527943628847,0.20829169795186836,0.4726818071140997,1.1429585468251326,-0.7047204307332285,-1.394695464464014,-1.2949379308452873,0.0,0.0
2273,1.0464862597780136,0.6060927032090964,0.8986803276759994,0.4116423781638197,0.06043877488129027,0.7492527943628847,0.20829169795186836,0.4726818071140997,1.1429585468251326,-0.7047204307332285,-1.394695464464014,-1.2949379308452873,0.0,0.0
2274,1.0464862597780136,0.6060927032090964,0.8986803276759994,0.4116423781638197,0.06043877488129027,0.7492527943628847,0.20829169795186836,0.4726818071140997,1.1429585468251326,-0.7047204307332285,-1.394695464464014,-1.2949379308452873,0.0,0.0
2275,1.6770135071291787,0.6060927032090964,0.8986803276759994,0.4116423781638197,0.06043877488129027,0.7492527943628847,0.20829169795186836,0.4726818071140997,1.1429585468251326,-0.7047204307332285,-1.394695464464014,-1.2949379308452873,0.0,0.0
2276,0.4418002930559945,0.6060927032090964,0.8986803276759994,0.4116423781638197,0.06043877488129027,0.7492527943628847,0.20829169795186836,0.4726818071140997,1.1429585468251326,-0.7047204307332285,-1.394695464464014,-1.2949379308452873,0.0,0.0
2277,-0.27917143649718207,0.6060927032090964,0.8986803276759994,0.4116423781638197,0.06043877488129027,0.7492527943628847,0.20829169795186836,0.4726818071140997,1.1429585468251326,-0.7047204307332285,-1.394695464464014,-1.2949379308452873,0.0,0.0
2278,0.4728098298109698,0.6060927032090964,0.8986803276759994,0.4116423781638197,0.06043877488129027,0.7492527943628847,0.20829169795186836,0.4726818071140997,1.1429585468251326,-0.7047204307332285,-1.394695464464014,-1.2949379308452873,0.0,0.0
2279,0.5141558788176036,0.6060927032090964,0.8986803276759994,0.4116423781638197,0.06043877488129027,0.7492527943628847,0.20829169795186836,0.4726818071140997,1.1429585468251326,-0.7047204307332285,-1.394695464464014,-1.2949379308452873,0.0,0.0
2280,-0.5039905779707533,0.6060927032090964,0.8986803276759994,0.4116423781638197,0.06043877488129027,0.7492527943628847,0.20829169795186836,0.4726818071140997,1.1429585468251326,-0.7047204307332285,-1.394695464464014,-1.2949379308452873,0.0,0.0
2281,0.5141558788176036,0.6060927032090964,0.8986803276759994,0.4116423781638197,0.06043877488129027,0.7492527943628847,0.20829169795186836,0.4726818071140997,1.1429585468251326,-0.7047204307332285,-1.394695464464014,-1.2949379308452873,0.0,0.0
2282,0.9715465459534898,0.6060927032090964,0.8986803276759994,0.4116423781638197,0.06043877488129027,0.7492527943628847,0.20829169795186836,0.4726818071140997,1.1429585468251326,-0.7047204307332285,-1.394695464464014,-1.2949379308452873,0.0,0.0
2283,0.5348289033209205,0.6060927032090964,0.8986803276759994,0.4116423781638197,0.06043877488129027,0.7492527943628847,0.20829169795186836,0.4726818071140997,1.1429585468251326,-0.7047204307332285,-1.394695464464014,-1.2949379308452873,0.0,0.0
2284,0.9973878265826359,0.6060927032090964,0.8986803276759994,0.4116423781638197,0.06043877488129027,0.7492527943628847,0.20829169795186836,0.4726818071140997,1.1429585468251326,-0.7047204307332285,-1.394695464464014,-1.2949379308452873,0.0,0.0
2285,-0.4652286570270341,0.6060927032090964,0.8986803276759994,0.4116423781638197,0.06043877488129027,0.7492527943628847,0.20829169795186836,0.4726818071140997,1.1429585468251326,-0.7047204307332285,-1.394695464464014,-1.2949379308452873,0.0,0.0
2286,0.3565240669798123,0.6060927032090964,0.8986803276759994,0.4116423781638197,0.06043877488129027,0.7492527943628847,0.20829169795186836,0.4726818071140997,1.1429585468251326,-0.7047204307332285,-1.394695464464014,-1.2949379308452873,0.0,0.0
2287,-0.6978001826893491,0.6060927032090964,0.8986803276759994,0.4116423781638197,0.06043877488129027,0.7492527943628847,0.20829169795186836,0.4726818071140997,1.1429585468251326,-0.7047204307332285,-1.394695464464014,-1.2949379308452873,0.0,0.0
2288,-0.3722000467621081,0.6060927032090964,0.8986803276759994,0.4116423781638197,0.06043877488129027,0.7492527943628847,0.20829169795186836,0.4726818071140997,1.1429585468251326,-0.7047204307332285,-1.394695464464014,-1.2949379308452873,0.0,0.0
2289,0.9250322408210268,0.6060927032090964,0.8986803276759994,0.4116423781638197,0.06043877488129027,0.7492527943628847,0.20829169795186836,0.4726818071140997,1.1429585468251326,-0.7047204307332285,-1.394695464464014,-1.2949379308452873,0.0,0.0
2290,0.3875336037347876,0.6060927032090964,0.8986803276759994,0.4116423781638197,0.06043877488129027,0.7492527943628847,0.20829169795186836,0.4726818071140997,1.1429585468251326,-0.7047204307332285,-1.394695464464014,-1.2949379308452873,0.0,0.0
2291,-0.6306128530535692,0.6060927032090964,0.8986803276759994,0.4116423781638197,0.06043877488129027,0.7492527943628847,0.20829169795186836,0.4726818071140997,1.1429585468251326,-0.7047204307332285,-1.394695464464014,-1.2949379308452873,0.0,0.0
2292,-0.3489428941958766,0.6060927032090964,0.8986803276759994,0.4116423781638197,0.06043877488129027,0.7492527943628847,0.20829169795186836,0.4726818071140997,1.1429585468251326,-0.7047204307332285,-1.394695464464014,-1.2949379308452873,0.0,0.0
2293,-0.27917143649718207,0.6060927032090964,0.8986803276759994,0.4116423781638197,0.06043877488129027,0.7492527943628847,0.20829169795186836,0.4726818071140997,1.1429585468251326,-0.7047204307332285,-1.394695464464014,-1.2949379308452873,0.0,0.0
2294,0.9715465459534898,0.6060927032090964,0.8986803276759994,0.4116423781638197,0.06043877488129027,0.7492527943628847,0.20829169795186836,0.4726818071140997,1.1429585468251326,-0.7047204307332285,-1.394695464464014,-1.2949379308452873,0.0,0.0
2295,0.4288796527414214,0.6060927032090964,0.8986803276759994,0.4116423781638197,0.06043877488129027,0.7492527943628847,0.20829169795186836,0.4726818071140997,1.1429585468251326,-0.7047204307332285,-1.394695464464014,-1.2949379308452873,0.0,0.0
2296,-0.5996033162985939,0.6060927032090964,0.8986803276759994,0.4116423781638197,0.06043877488129027,0.7492527943628847,0.20829169795186836,0.4726818071140997,1.1429585468251326,-0.7047204307332285,-1.394695464464014,-1.2949379308452873,0.0,0.0
2297,-0.31793335744090123,0.6060927032090964,0.8986803276759994,0.4116423781638197,0.06043877488129027,0.7492527943628847,0.20829169795186836,0.4726818071140997,1.1429585468251326,-0.7047204307332285,-1.394695464464014,-1.2949379308452873,0.0,0.0
2298,-0.24816189974220676,0.6060927032090964,0.8986803276759994,0.4116423781638197,0.06043877488129027,0.7492527943628847,0.20829169795186836,0.4726818071140997,1.1429585468251326,-0.7047204307332285,-1.394695464464014,-1.2949379308452873,0.0,0.0
2299,0.9973878265826359,0.6060927032090964,0.8986803276759994,0.4116423781638197,0.06043877488129027,0.7492527943628847,0.20829169795186836,0.4726818071140997,1.1429585468251326,-0.7047204307332285,-1.394695464464014,-1.2949379308452873,0.0,0.0
2300,0.4495526772447383,0.6060927032090964,0.8986803276759994,0.4116423781638197,0.06043877488129027,0.7492527943628847,0.20829169795186836,0.4726818071140997,1.1429585468251326,-0.7047204307332285,-1.394695464464014,-1.2949379308452873,0.0,0.0
2301,-0.3024285890634136,0.6060927032090964,0.8986803276759994,0.4116423781638197,0.06043877488129027,0.7492527943628847,0.20829169795186836,0.4726818071140997,1.1429585468251326,-0.7047204307332285,-1.394695464464014,-1.2949379308452873,0.0,0.0
2302,0.48314634206262824,0.6060927032090964,0.8986803276759994,0.4116423781638197,0.06043877488129027,0.7492527943628847,0.20829169795186836,0.4726818071140997,1.1429585468251326,-0.7047204307332285,-1.394695464464014,-1.2949379308452873,0.0,0.0
2303,-0.23265713136471908,0.6060927032090964,0.8986803276759994,0.4116423781638197,0.06043877488129027,0.7492527943628847,0.20829169795186836,0.4726818071140997,1.1429585468251326,-0.7047204307332285,-1.394695464464014,-1.2949379308452873,0.0,0.0
2304,0.8862703198773076,0.6060927032090964,0.8986803276759994,0.4116423781638197,0.06043877488129027,0.7492527943628847,0.20829169795186836,0.4726818071140997,1.1429585468251326,-0.7047204307332285,-1.394695464464014,-1.2949379308452873,0.0,0.0
2305,1.6770135071291787,0.6060927032090964,0.8986803276759994,0.4116423781638197,0.06043877488129027,0.7492527943628847,0.20829169795186836,0.4726818071140997,1.1429585468251326,-0.7047204307332285,-1.394695464464014,-1.2949379308452873,0.0,0.0
2306,1.6770135071291787,0.6060927032090964,0.8986803276759994,0.4116423781638197,0.06043877488129027,0.7492527943628847,0.20829169795186836,0.4726818071140997,1.1429585468251326,-0.7047204307332285,-1.394695464464014,-1.2949379308452873,0.0,0.0
2307,0.9586259056389167,0.6060927032090964,0.8986803276759994,0.4116423781638197,0.06043877488129027,0.7492527943628847,0.20829169795186836,0.4726818071140997,1.1429585468251326,-0.7047204307332285,-1.394695464464014,-1.2949379308452873,0.0,0.0
2308,0.3694447072943854,0.6060927032090964,0.8986803276759994,0.4116423781638197,0.06043877488129027,0.7492527943628847,0.20829169795186836,0.4726818071140997,1.1429585468251326,-0.7047204307332285,-1.394695464464014,-1.2949379308452873,0.0,0.0
2309,-0.3722000467621081,0.6060927032090964,0.8986803276759994,0.4116423781638197,0.06043877488129027,0.7492527943628847,0.20829169795186836,0.4726818071140997,1.1429585468251326,-0.7047204307332285,-1.394695464464014,-1.2949379308452873,0.0,0.0
2310,-0.6538700056198007,0.6060927032090964,0.8986803276759994,0.4116423781638197,0.06043877488129027,0.7492527943628847,0.20829169795186836,0.4726818071140997,1.1429585468251326,-0.7047204307332285,-1.394695464464014,-1.2949379308452873,0.0,0.0
2311,-0.6538700056198007,0.6060927032090964,0.8986803276759994,0.4116423781638197,0.06043877488129027,0.7492527943628847,0.20829169795186836,0.4726818071140997,1.1429585468251326,-0.7047204307332285,-1.394695464464014,-1.2949379308452873,0.0,0.0
2312,-0.22232061911306064,0.6060927032090964,0.8986803276759994,0.4116423781638197,0.06043877488129027,0.7492527943628847,0.20829169795186836,0.4726818071140997,1.1429585468251326,-0.7047204307332285,-1.394695464464014,-1.2949379308452873,0.0,0.0
2313,0.4004542440493607,0.6060927032090964,0.8986803276759994,0.4116423781638197,0.06043877488129027,0.7492527943628847,0.20829169795186836,0.4726818071140997,1.1429585468251326,-0.7047204307332285,-1.394695464464014,-1.2949379308452873,0.0,0.0
2314,-0.3489428941958766,0.6060927032090964,0.8986803276759994,0.4116423781638197,0.06043877488129027,0.7492527943628847,0.20829169795186836,0.4726818071140997,1.1429585468251326,-0.7047204307332285,-1.394695464464014,-1.2949379308452873,0.0,0.0
2315,-0.6306128530535692,0.6060927032090964,0.8986803276759994,0.4116423781638197,0.06043877488129027,0.7492527943628847,0.20829169795186836,0.4726818071140997,1.1429585468251326,-0.7047204307332285,-1.394695464464014,-1.2949379308452873,0.0,0.0
2316,-0.19647933848391452,0.6060927032090964,0.8986803276759994,0.4116423781638197,0.06043877488129027,0.7492527943628847,0.20829169795186836,0.4726818071140997,1.1429585468251326,-0.7047204307332285,-1.394695464464014,-1.2949379308452873,0.0,0.0
2317,0.604600361019615,0.6060927032090964,0.8986803276759994,0.4116423781638197,0.06043877488129027,0.7492527943628847,0.20829169795186836,0.4726818071140997,1.1429585468251326,-0.7047204307332285,-1.394695464464014,-1.2949379308452873,0.0,0.0
2318,-0.3075968451892428,0.6060927032090964,0.8986803276759994,0.4116423781638197,0.06043877488129027,0.7492527943628847,0.20829169795186836,0.4726818071140997,1.1429585468251326,-0.7047204307332285,-1.394695464464014,-1.2949379308452873,0.0,0.0
2319,-0.2765873084342675,0.6060927032090964,0.8986803276759994,0.4116423781638197,0.06043877488129027,0.7492527943628847,0.20829169795186836,0.4726818071140997,1.1429585468251326,-0.7047204307332285,-1.394695464464014,-1.2949379308452873,0.0,0.0
2320,0.4418002930559945,0.6060927032090964,0.8986803276759994,0.4116423781638197,0.06043877488129027,0.7492527943628847,0.20829169795186836,0.4726818071140997,1.1429585468251326,-0.7047204307332285,-1.394695464464014,-1.2949379308452873,0.0,0.0
2321,-0.31793335744090123,0.6060927032090964,0.8986803276759994,0.4116423781638197,0.06043877488129027,0.7492527943628847,0.20829169795186836,0.4726818071140997,1.1429585468251326,-0.7047204307332285,-1.394695464464014,-1.2949379308452873,0.0,0.0
2322,-0.5996033162985939,0.6060927032090964,0.8986803276759994,0.4116423781638197,0.06043877488129027,0.7492527943628847,0.20829169795186836,0.4726818071140997,1.1429585468251326,-0.7047204307332285,-1.394695464464014,-1.2949379308452873,0.0,0.0
2323,-0.5996033162985939,0.6060927032090964,0.8986803276759994,0.4116423781638197,0.06043877488129027,0.7492527943628847,0.20829169795186836,0.4726818071140997,1.1429585468251326,-0.7047204307332285,-1.394695464464014,-1.2949379308452873,0.0,0.0
2324,-0.16030154560310997,0.6060927032090964,0.8986803276759994,0.4116423781638197,0.06043877488129027,0.7492527943628847,0.20829169795186836,0.4726818071140997,1.1429585468251326,-0.7047204307332285,-1.394695464464014,-1.2949379308452873,0.0,0.0
2325,0.6459464100262488,0.6060927032090964,0.8986803276759994,0.4116423781638197,0.06043877488129027,0.7492527943628847,0.20829169795186836,0.4726818071140997,1.1429585468251326,-0.7047204307332285,-1.394695464464014,-1.2949379308452873,0.0,0.0
2326,-0.2765873084342675,0.6060927032090964,0.8986803276759994,0.4116423781638197,0.06043877488129027,0.7492527943628847,0.20829169795186836,0.4726818071140997,1.1429585468251326,-0.7047204307332285,-1.394695464464014,-1.2949379308452873,0.0,0.0
2327,0.46247331755931137,0.6060927032090964,0.8986803276759994,0.4116423781638197,0.06043877488129027,0.7492527943628847,0.20829169795186836,0.4726818071140997,1.1429585468251326,-0.7047204307332285,-1.394695464464014,-1.2949379308452873,0.0,0.0
2328,-0.5840985479211063,0.6060927032090964,0.8986803276759994,0.4116423781638197,0.06043877488129027,0.7492527943628847,0.20829169795186836,0.4726818071140997,1.1429585468251326,-0.7047204307332285,-1.394695464464014,-1.2949379308452873,0.0,0.0
2329,-0.5840985479211063,0.6060927032090964,0.8986803276759994,0.4116423781638197,0.06043877488129027,0.7492527943628847,0.20829169795186836,0.4726818071140997,1.1429585468251326,-0.7047204307332285,-1.394695464464014,-1.2949379308452873,0.0,0.0
2330,0.6666194345295656,0.6060927032090964,0.8986803276759994,0.4116423781638197,0.06043877488129027,0.7492527943628847,0.20829169795186836,0.4726818071140997,1.1429585468251326,-0.7047204307332285,-1.394695464464014,-1.2949379308452873,0.0,0.0
2331,-0.2610825400567798,0.6060927032090964,0.8986803276759994,0.4116423781638197,0.06043877488129027,0.7492527943628847,0.20829169795186836,0.4726818071140997,1.1429585468251326,-0.7047204307332285,-1.394695464464014,-1.2949379308452873,0.0,0.0
2332,0.6071844890825296,0.6060927032090964,0.8986803276759994,0.4116423781638197,0.06043877488129027,0.7492527943628847,0.20829169795186836,0.4726818071140997,1.1429585468251326,-0.7047204307332285,-1.394695464464014,-1.2949379308452873,0.0,0.0
2333,-0.5608413953548748,0.6060927032090964,0.8986803276759994,0.4116423781638197,0.06043877488129027,0.7492527943628847,0.20829169795186836,0.4726818071140997,1.1429585468251326,-0.7047204307332285,-1.394695464464014,-1.2949379308452873,0.0,0.0
2334,-0.05693642308652551,0.6060927032090964,0.8986803276759994,0.4116423781638197,0.06043877488129027,0.7492527943628847,0.20829169795186836,0.4726818071140997,1.1429585468251326,-0.7047204307332285,-1.394695464464014,-1.2949379308452873,0.0,0.0
2335,-0.3308539977554743,0.6060927032090964,0.8986803276759994,0.4116423781638197,0.06043877488129027,0.7492527943628847,0.20829169795186836,0.4726818071140997,1.1429585468251326,-0.7047204307332285,-1.394695464464014,-1.2949379308452873,0.0,0.0
2336,0.5632543120129813,0.6060927032090964,0.8986803276759994,0.4116423781638197,0.06043877488129027,0.7492527943628847,0.20829169795186836,0.4726818071140997,1.1429585468251326,-0.7047204307332285,-1.394695464464014,-1.2949379308452873,0.0,0.0
2337,-0.22232061911306064,0.6060927032090964,0.8986803276759994,0.4116423781638197,0.06043877488129027,0.7492527943628847,0.20829169795186836,0.4726818071140997,1.1429585468251326,-0.7047204307332285,-1.394695464464014,-1.2949379308452873,0.0,0.0
2338,-0.6538700056198007,0.6060927032090964,0.8986803276759994,0.4116423781638197,0.06043877488129027,0.7492527943628847,0.20829169795186836,0.4726818071140997,1.1429585468251326,-0.7047204307332285,-1.394695464464014,-1.2949379308452873,0.0,0.0
2339,-0.6409493653052277,0.6060927032090964,0.8986803276759994,0.4116423781638197,0.06043877488129027,0.7492527943628847,0.20829169795186836,0.4726818071140997,1.1429585468251326,-0.7047204307332285,-1.394695464464014,-1.2949379308452873,0.0,0.0
2340,-0.3722000467621081,0.6060927032090964,0.8986803276759994,0.4116423781638197,0.06043877488129027,0.7492527943628847,0.20829169795186836,0.4726818071140997,1.1429585468251326,-0.7047204307332285,-1.394695464464014,-1.2949379308452873,0.0,0.0
2341,-0.3075968451892428,0.6060927032090964,0.8986803276759994,0.4116423781638197,0.06043877488129027,0.7492527943628847,0.20829169795186836,0.4726818071140997,1.1429585468251326,-0.7047204307332285,-1.394695464464014,-1.2949379308452873,0.0,0.0
2342,0.5942638487679566,0.6060927032090964,0.8986803276759994,0.4116423781638197,0.06043877488129027,0.7492527943628847,0.20829169795186836,0.4726818071140997,1.1429585468251326,-0.7047204307332285,-1.394695464464014,-1.2949379308452873,0.0,0.0
2343,-0.19647933848391452,0.6060927032090964,0.8986803276759994,0.4116423781638197,0.06043877488129027,0.7492527943628847,0.20829169795186836,0.4726818071140997,1.1429585468251326,-0.7047204307332285,-1.394695464464014,-1.2949379308452873,0.0,0.0
2344,-0.6306128530535692,0.6060927032090964,0.8986803276759994,0.4116423781638197,0.06043877488129027,0.7492527943628847,0.20829169795186836,0.4726818071140997,1.1429585468251326,-0.7047204307332285,-1.394695464464014,-1.2949379308452873,0.0,0.0
2345,-0.6176922127389962,0.6060927032090964,0.8986803276759994,0.4116423781638197,0.06043877488129027,0.7492527943628847,0.20829169795186836,0.4726818071140997,1.1429585468251326,-0.7047204307332285,-1.394695464464014,-1.2949379308452873,0.0,0.0
2346,-0.3489428941958766,0.6060927032090964,0.8986803276759994,0.4116423781638197,0.06043877488129027,0.7492527943628847,0.20829169795186836,0.4726818071140997,1.1429585468251326,-0.7047204307332285,-1.394695464464014,-1.2949379308452873,0.0,0.0
2347,-0.2946762048746698,0.6060927032090964,0.8986803276759994,0.4116423781638197,0.06043877488129027,0.7492527943628847,0.20829169795186836,0.4726818071140997,1.1429585468251326,-0.7047204307332285,-1.394695464464014,-1.2949379308452873,0.0,0.0
2348,-0.2765873084342675,0.6060927032090964,0.8986803276759994,0.4116423781638197,0.06043877488129027,0.7492527943628847,0.20829169795186836,0.4726818071140997,1.1429585468251326,-0.7047204307332285,-1.394695464464014,-1.2949379308452873,0.0,0.0
2349,-0.2765873084342675,0.6060927032090964,0.8986803276759994,0.4116423781638197,0.06043877488129027,0.7492527943628847,0.20829169795186836,0.4726818071140997,1.1429585468251326,-0.7047204307332285,-1.394695464464014,-1.2949379308452873,0.0,0.0
2350,-0.16030154560310997,0.6060927032090964,0.8986803276759994,0.4116423781638197,0.06043877488129027,0.7492527943628847,0.20829169795186836,0.4726818071140997,1.1429585468251326,-0.7047204307332285,-1.394695464464014,-1.2949379308452873,0.0,0.0
2351,-0.5996033162985939,0.6060927032090964,0.8986803276759994,0.4116423781638197,0.06043877488129027,0.7492527943628847,0.20829169795186836,0.4726818071140997,1.1429585468251326,-0.7047204307332285,-1.394695464464014,-1.2949379308452873,0.0,0.0
2352,-0.5866826759840208,0.6060927032090964,0.8986803276759994,0.4116423781638197,0.06043877488129027,0.7492527943628847,0.20829169795186836,0.4726818071140997,1.1429585468251326,-0.7047204307332285,-1.394695464464014,-1.2949379308452873,0.0,0.0
2353,-0.2636666681196944,0.6060927032090964,0.8986803276759994,0.4116423781638197,0.06043877488129027,0.7492527943628847,0.20829169795186836,0.4726818071140997,1.1429585468251326,-0.7047204307332285,-1.394695464464014,-1.2949379308452873,0.0,0.0
2354,-0.2610825400567798,0.6060927032090964,0.8986803276759994,0.4116423781638197,0.06043877488129027,0.7492527943628847,0.20829169795186836,0.4726818071140997,1.1429585468251326,-0.7047204307332285,-1.394695464464014,-1.2949379308452873,0.0,0.0
2355,-0.2610825400567798,0.6060927032090964,0.8986803276759994,0.4116423781638197,0.06043877488129027,0.7492527943628847,0.20829169795186836,0.4726818071140997,1.1429585468251326,-0.7047204307332285,-1.394695464464014,-1.2949379308452873,0.0,0.0
2356,0.6562829222779072,0.6060927032090964,0.8986803276759994,0.4116423781638197,0.06043877488129027,0.7492527943628847,0.20829169795186836,0.4726818071140997,1.1429585468251326,-0.7047204307332285,-1.394695464464014,-1.2949379308452873,0.0,0.0
2357,-0.1447967772256223,0.6060927032090964,0.8986803276759994,0.4116423781638197,0.06043877488129027,0.7492527943628847,0.20829169795186836,0.4726818071140997,1.1429585468251326,-0.7047204307332285,-1.394695464464014,-1.2949379308452873,0.0,0.0
2358,-0.5840985479211063,0.6060927032090964,0.8986803276759994,0.4116423781638197,0.06043877488129027,0.7492527943628847,0.20829169795186836,0.4726818071140997,1.1429585468251326,-0.7047204307332285,-1.394695464464014,-1.2949379308452873,0.0,0.0
2359,-0.3024285890634136,0.6060927032090964,0.8986803276759994,0.4116423781638197,0.06043877488129027,0.7492527943628847,0.20829169795186836,0.4726818071140997,1.1429585468251326,-0.7047204307332285,-1.394695464464014,-1.2949379308452873,0.0,0.0
2360,-0.24816189974220676,0.6060927032090964,0.8986803276759994,0.4116423781638197,0.06043877488129027,0.7492527943628847,0.20829169795186836,0.4726818071140997,1.1429585468251326,-0.7047204307332285,-1.394695464464014,-1.2949379308452873,0.0,0.0
2361,-0.5479207550403017,0.6060927032090964,0.8986803276759994,0.4116423781638197,0.06043877488129027,0.7492527943628847,0.20829169795186836,0.4726818071140997,1.1429585468251326,-0.7047204307332285,-1.394695464464014,-1.2949379308452873,0.0,0.0
2362,-0.15771741754019536,0.6060927032090964,0.8986803276759994,0.4116423781638197,0.06043877488129027,0.7492527943628847,0.20829169795186836,0.4726818071140997,1.1429585468251326,-0.7047204307332285,-1.394695464464014,-1.2949379308452873,0.0,0.0
2363,-0.6151080846760816,0.6060927032090964,0.8986803276759994,0.4116423781638197,0.06043877488129027,0.7492527943628847,0.20829169795186836,0.4726818071140997,1.1429585468251326,-0.7047204307332285,-1.394695464464014,-1.2949379308452873,0.0,0.0
2364,-0.12153962465939079,0.6060927032090964,0.8986803276759994,0.4116423781638197,0.06043877488129027,0.7492527943628847,0.20829169795186836,0.4726818071140997,1.1429585468251326,-0.7047204307332285,-1.394695464464014,-1.2949379308452873,0.0,0.0
2365,0.2195652796453379,0.6060927032090964,0.8986803276759994,0.4116423781638197,0.06043877488129027,0.7492527943628847,0.20829169795186836,0.4726818071140997,1.1429585468251326,-0.7047204307332285,-1.394695464464014,-1.2949379308452873,0.0,0.0
2366,0.9922195704568066,0.6060927032090964,0.8986803276759994,0.4116423781638197,0.06043877488129027,0.7492527943628847,0.20829169795186836,0.4726818071140997,1.1429585468251326,-0.7047204307332285,-1.394695464464014,-1.2949379308452873,0.0,0.0
2367,1.7183595561358125,0.6060927032090964,0.8986803276759994,0.4116423781638197,0.06043877488129027,0.7492527943628847,0.20829169795186836,0.4726818071140997,1.1429585468251326,-0.7047204307332285,-1.394695464464014,-1.2949379308452873,0.0,0.0
2368,1.6149944336192281,0.6060927032090964,0.8986803276759994,0.4116423781638197,0.06043877488129027,0.7492527943628847,0.20829169795186836,0.4726818071140997,1.1429585468251326,-0.7047204307332285,-1.394695464464014,-1.2949379308452873,0.0,0.0
2369,0.5477495436354936,0.6060927032090964,0.8986803276759994,0.4116423781638197,0.06043877488129027,0.7492527943628847,0.20829169795186836,0.4726818071140997,1.1429585468251326,-0.7047204307332285,-1.394695464464014,-1.2949379308452873,0.0,0.0
2370,-0.16288567366602458,0.6060927032090964,0.8986803276759994,0.4116423781638197,0.06043877488129027,0.7492527943628847,0.20829169795186836,0.4726818071140997,1.1429585468251326,-0.7047204307332285,-1.394695464464014,-1.2949379308452873,0.0,0.0
2371,0.6097686171454442,0.6060927032090964,0.8986803276759994,0.4116423781638197,0.06043877488129027,0.7492527943628847,0.20829169795186836,0.4726818071140997,1.1429585468251326,-0.7047204307332285,-1.394695464464014,-1.2949379308452873,0.0,0.0
2372,-0.2946762048746698,0.6060927032090964,0.8986803276759994,0.4116423781638197,0.06043877488129027,0.7492527943628847,0.20829169795186836,0.4726818071140997,1.1429585468251326,-0.7047204307332285,-1.394695464464014,-1.2949379308452873,0.0,0.0
2373,-0.23265713136471908,-0.5403601873348578,0.8986803276759994,0.4116423781638197,1.5580367365415795,0.7492527943628847,1.3518539612170293,1.718923859768976,-0.6790078244304162,1.9349151317722242,,-1.2949379308452873,0.0,0.0
2374,-1.038905086994078,-1.728821993438403,0.8986803276759994,0.4116423781638197,-1.4371591867789992,-0.5904073743574709,1.3518539612170293,-0.7735602455407765,-1.1344994172443033,-0.7047204307332285,0.7170024033772157,0.7722377854413742,0.0,0.0
2375,-1.1887845146431253,-1.3479224465198205,0.8986803276759994,-1.5419146707492228,0.06043877488129027,-0.5904073743574709,-0.9352705653132926,-1.0851207587044955,-1.1344994172443033,-0.7047204307332285,0.7170024033772157,0.7722377854413742,0.0,0.0
2376,-0.40062545545416883,-1.2918626425229427,0.8986803276759994,0.4116423781638197,0.06043877488129027,-0.5904073743574709,-0.9352705653132926,1.0958028334415377,-1.1344994172443033,0.6150973505194979,0.7170024033772157,-1.2949379308452873,0.0,0.0
2377,0.05159695555588817,0.5223551462595128,0.8986803276759994,0.4116423781638197,0.06043877488129027,0.7492527943628847,0.20829169795186836,-0.15043921921333844,0.6874669540112455,-0.7047204307332285,0.7170024033772157,0.7722377854413742,0.0,0.0
2378,-0.4652286570270341,0.04380877046339996,0.8986803276759994,-1.5419146707492228,-1.4371591867789992,-0.5904073743574709,-2.078832828578453,0.4726818071140997,-1.1344994172443033,-0.7047204307332285,0.7170024033772157,0.7722377854413742,0.0,0.0
2379,-1.6797688465969014,-1.2918626425229427,0.8986803276759994,0.4116423781638197,0.06043877488129027,-0.5904073743574709,-0.9352705653132926,1.0958028334415377,-1.1344994172443033,0.6150973505194979,0.7170024033772157,-1.2949379308452873,0.0,0.0
2380,0.43921616499307986,-0.5403601873348578,0.8986803276759994,0.4116423781638197,1.5580367365415795,0.7492527943628847,1.3518539612170293,1.718923859768976,-0.6790078244304162,-0.7047204307332285,,-1.2949379308452873,0.0,0.0
2381,-1.1422702095106623,-1.4497074305130688,0.8986803276759994,-1.5419146707492228,-1.4371591867789992,-0.5904073743574709,-0.9352705653132926,-2.019802298195653,-1.5899910100581907,-0.7047204307332285,0.7170024033772157,0.7722377854413742,0.0,0.0
2382,-1.098340032441114,-1.3479224465198205,0.8986803276759994,-1.5419146707492228,0.06043877488129027,-0.5904073743574709,-0.9352705653132926,-1.0851207587044955,-1.1344994172443033,0.6150973505194979,0.7170024033772157,0.7722377854413742,0.0,0.0
2383,1.4728673901589244,-0.4412736989171693,0.8986803276759994,-1.5419146707492228,1.5580367365415795,-1.9300675430778265,0.20829169795186836,-0.4619997323770575,-0.22351623161652892,-0.7047204307332285,0.7170024033772157,0.7722377854413742,0.0,0.0
2384,-0.4939434880621413,1.296146928441899,0.8986803276759994,0.4116423781638197,0.06043877488129027,0.7492527943628847,0.20829169795186836,-0.7735602455407765,-0.22351623161652892,0.6150973505194979,0.7170024033772157,-1.2949379308452873,0.0,0.0
2385,-0.08277770371567163,0.04380877046339996,0.8986803276759994,-1.5419146707492228,-1.4371591867789992,-0.5904073743574709,-2.078832828578453,0.4726818071140997,-1.1344994172443033,-0.7047204307332285,0.7170024033772157,0.7722377854413742,0.0,0.0
2386,-0.12929200884813463,-0.5403601873348578,0.8986803276759994,0.4116423781638197,1.5580367365415795,0.7492527943628847,1.3518539612170293,1.718923859768976,-0.6790078244304162,-0.7047204307332285,,-1.2949379308452873,0.0,0.0
2387,-1.550562443451171,-0.10408600229664455,0.8986803276759994,0.4116423781638197,0.06043877488129027,0.7492527943628847,-2.078832828578453,1.0958028334415377,-0.6790078244304162,-0.7047204307332285,0.7170024033772157,-1.2949379308452873,0.0,0.0
2388,-0.7236414633184952,0.5223551462595128,0.8986803276759994,0.4116423781638197,0.06043877488129027,0.7492527943628847,0.20829169795186836,-0.15043921921333844,0.6874669540112455,1.9349151317722242,0.7170024033772157,0.7722377854413742,0.0,0.0
2389,0.7002130993474556,0.2304354707659634,0.8986803276759994,-1.5419146707492228,1.5580367365415795,-0.5904073743574709,0.20829169795186836,0.4726818071140997,1.1429585468251326,-0.7047204307332285,0.7170024033772157,0.7722377854413742,0.0,0.0
2390,-1.2352988197755883,0.04380877046339996,0.8986803276759994,-1.5419146707492228,-1.4371591867789992,-0.5904073743574709,-2.078832828578453,0.4726818071140997,-1.1344994172443033,-0.7047204307332285,0.7170024033772157,0.7722377854413742,0.0,0.0
2391,-0.6461176214310569,0.3824668092565971,0.8986803276759994,0.4116423781638197,1.5580367365415795,0.7492527943628847,0.20829169795186836,0.16112129395038063,0.23197536119735832,0.6150973505194979,0.7170024033772157,0.7722377854413742,0.0,0.0
2392,-0.7781975749827486,0.7991489007540297,0.8986803276759994,2.3651994270768624,0.06043877488129027,2.0889129630832404,0.20829169795186836,0.7842423202778188,1.1429585468251326,-0.7047204307332285,0.7170024033772157,0.7722377854413742,0.0,0.0
2393,-0.6822954143118615,-1.728821993438403,0.8986803276759994,0.4116423781638197,-1.4371591867789992,-0.5904073743574709,1.3518539612170293,-0.7735602455407765,-1.1344994172443033,-0.7047204307332285,0.7170024033772157,0.7722377854413742,0.0,0.0
2394,-1.1112606727556869,-0.10408600229664455,0.8986803276759994,0.4116423781638197,0.06043877488129027,0.7492527943628847,-2.078832828578453,1.0958028334415377,-0.6790078244304162,1.9349151317722242,0.7170024033772157,-1.2949379308452873,0.0,0.0
2395,-0.13446026497396385,-1.3479224465198205,0.8986803276759994,-1.5419146707492228,0.06043877488129027,-0.5904073743574709,-0.9352705653132926,-1.0851207587044955,-1.1344994172443033,-0.7047204307332285,0.7170024033772157,0.7722377854413742,0.0,0.0
2396,-0.31018097325215743,0.3824668092565971,0.8986803276759994,0.4116423781638197,1.5580367365415795,0.7492527943628847,0.20829169795186836,0.16112129395038063,0.23197536119735832,0.6150973505194979,0.7170024033772157,0.7722377854413742,0.0,0.0
2397,-0.65903826174563,0.5223551462595128,0.8986803276759994,0.4116423781638197,0.06043877488129027,0.7492527943628847,0.20829169795186836,-0.15043921921333844,0.6874669540112455,0.6150973505194979,0.7170024033772157,0.7722377854413742,0.0,0.0
2398,-1.4084353999908672,-0.5403601873348578,0.8986803276759994,0.4116423781638197,1.5580367365415795,0.7492527943628847,1.3518539612170293,1.718923859768976,-0.6790078244304162,1.9349151317722242,,-1.2949379308452873,0.0,0.0
2399,-0.9949749099245294,0.3824668092565971,0.8986803276759994,0.4116423781638197,1.5580367365415795,0.7492527943628847,0.20829169795186836,0.16112129395038063,0.23197536119735832,0.6150973505194979,0.7170024033772157,0.7722377854413742,0.0,0.0
2400,-0.2584984119938652,-1.3479224465198205,0.8986803276759994,-1.5419146707492228,0.06043877488129027,-0.5904073743574709,-0.9352705653132926,-1.0851207587044955,-1.1344994172443033,0.6150973505194979,0.7170024033772157,0.7722377854413742,0.0,0.0
2401,-1.7056101272260475,-1.4497074305130688,0.8986803276759994,-1.5419146707492228,-1.4371591867789992,-0.5904073743574709,-0.9352705653132926,-2.019802298195653,-1.5899910100581907,-0.7047204307332285,0.7170024033772157,0.7722377854413742,0.0,0.0
2402,-0.41871435189457107,0.44116885080095214,0.8986803276759994,0.4116423781638197,1.5580367365415795,0.7492527943628847,0.20829169795186836,-0.15043921921333844,1.1429585468251326,-0.7047204307332285,0.7170024033772157,0.7722377854413742,0.0,0.0
2403,0.1291207974433265,1.296146928441899,0.8986803276759994,0.4116423781638197,0.06043877488129027,0.7492527943628847,0.20829169795186836,-0.7735602455407765,-0.22351623161652892,0.6150973505194979,0.7170024033772157,-1.2949379308452873,0.0,0.0
2404,-1.0208161905536755,0.5223551462595128,0.8986803276759994,0.4116423781638197,0.06043877488129027,0.7492527943628847,0.20829169795186836,-0.15043921921333844,0.6874669540112455,1.9349151317722242,0.7170024033772157,0.7722377854413742,0.0,0.0
2405,-1.0130638063649318,-0.6551776670125264,0.8986803276759994,-1.5419146707492228,1.5580367365415795,-1.9300675430778265,1.3518539612170293,0.16112129395038063,-0.6790078244304162,-0.7047204307332285,0.7170024033772157,0.7722377854413742,0.0,0.0
2406,-1.175863874328552,-1.4497074305130688,0.8986803276759994,-1.5419146707492228,-1.4371591867789992,-0.5904073743574709,-0.9352705653132926,-2.019802298195653,-1.5899910100581907,-0.7047204307332285,0.7170024033772157,0.7722377854413742,0.0,0.0
2407,-0.4652286570270341,1.296146928441899,0.8986803276759994,0.4116423781638197,0.06043877488129027,0.7492527943628847,0.20829169795186836,-0.7735602455407765,-0.22351623161652892,1.9349151317722242,0.7170024033772157,-1.2949379308452873,0.0,0.0
2408,-0.9820542696099563,-0.6551776670125264,0.8986803276759994,-1.5419146707492228,1.5580367365415795,-1.9300675430778265,1.3518539612170293,0.16112129395038063,-0.6790078244304162,-0.7047204307332285,0.7170024033772157,0.7722377854413742,0.0,0.0
2409,0.36169232310564153,0.7991489007540297,0.8986803276759994,2.3651994270768624,0.06043877488129027,2.0889129630832404,0.20829169795186836,0.7842423202778188,1.1429585468251326,-0.7047204307332285,0.7170024033772157,0.7722377854413742,0.0,0.0
2410,-1.5247211628220247,-0.5403601873348578,0.8986803276759994,0.4116423781638197,1.5580367365415795,0.7492527943628847,1.3518539612170293,1.718923859768976,-0.6790078244304162,0.6150973505194979,,-1.2949379308452873,0.0,0.0
2411,-0.9303717083516642,0.04380877046339996,0.8986803276759994,-1.5419146707492228,-1.4371591867789992,-0.5904073743574709,-2.078832828578453,0.4726818071140997,-1.1344994172443033,0.6150973505194979,0.7170024033772157,0.7722377854413742,0.0,0.0
2412,-0.904530427722518,0.04380877046339996,0.8986803276759994,-1.5419146707492228,-1.4371591867789992,-0.5904073743574709,-2.078832828578453,0.4726818071140997,-1.1344994172443033,1.9349151317722242,0.7170024033772157,0.7722377854413742,0.0,0.0
2413,0.05159695555588817,0.7991489007540297,0.8986803276759994,2.3651994270768624,0.06043877488129027,2.0889129630832404,0.20829169795186836,0.7842423202778188,1.1429585468251326,-0.7047204307332285,0.7170024033772157,0.7722377854413742,0.0,0.0
2414,-0.7288097194443245,-1.2918626425229427,0.8986803276759994,0.4116423781638197,0.06043877488129027,-0.5904073743574709,-0.9352705653132926,1.0958028334415377,-1.1344994172443033,-0.7047204307332285,0.7170024033772157,-1.2949379308452873,0.0,0.0
2415,0.3100097618473493,-0.5403601873348578,0.8986803276759994,0.4116423781638197,1.5580367365415795,0.7492527943628847,1.3518539612170293,1.718923859768976,-0.6790078244304162,0.6150973505194979,,-1.2949379308452873,0.0,0.0
2416,-0.3050127171263282,-1.4497074305130688,0.8986803276759994,-1.5419146707492228,-1.4371591867789992,-0.5904073743574709,-0.9352705653132926,-2.019802298195653,-1.5899910100581907,-0.7047204307332285,0.7170024033772157,0.7722377854413742,0.0,0.0
2417,-0.6978001826893491,0.5223551462595128,0.8986803276759994,0.4116423781638197,0.06043877488129027,0.7492527943628847,0.20829169795186836,-0.15043921921333844,0.6874669540112455,-0.7047204307332285,0.7170024033772157,0.7722377854413742,0.0,0.0
2418,-0.38770481513959576,0.44116885080095214,0.8986803276759994,0.4116423781638197,1.5580367365415795,0.7492527943628847,0.20829169795186836,-0.15043921921333844,1.1429585468251326,-0.7047204307332285,0.7170024033772157,0.7722377854413742,0.0,0.0
2419,-1.4730386015637325,-0.5403601873348578,0.9517915801031344,0.4116423781638197,1.5580367365415795,0.7492527943628847,1.3518539612170293,1.718923859768976,-0.6790078244304162,0.6150973505194979,,-1.2949379308452873,0.0,0.0
2420,-1.4471973209345863,-1.728821993438403,0.9517915801031344,0.4116423781638197,-1.4371591867789992,-0.5904073743574709,1.3518539612170293,-0.7735602455407765,-1.1344994172443033,-0.7047204307332285,0.7170024033772157,0.7722377854413742,0.0,0.0
2421,-0.9820542696099563,-0.5403601873348578,0.9517915801031344,0.4116423781638197,1.5580367365415795,0.7492527943628847,1.3518539612170293,1.718923859768976,-0.6790078244304162,0.6150973505194979,,-1.2949379308452873,0.0,0.0
2422,-1.0208161905536755,-1.728821993438403,0.9517915801031344,0.4116423781638197,-1.4371591867789992,-0.5904073743574709,1.3518539612170293,-0.7735602455407765,-1.1344994172443033,-0.7047204307332285,0.7170024033772157,0.7722377854413742,0.0,0.0
2423,-1.2404670759014176,-1.728821993438403,0.9517915801031344,0.4116423781638197,-1.4371591867789992,-0.5904073743574709,1.3518539612170293,-0.7735602455407765,-1.1344994172443033,-0.7047204307332285,0.7170024033772157,0.7722377854413742,0.0,0.0
2424,-0.5944350601727647,0.44116885080095214,0.9517915801031344,0.4116423781638197,1.5580367365415795,0.7492527943628847,0.20829169795186836,-0.15043921921333844,1.1429585468251326,0.6150973505194979,0.7170024033772157,0.7722377854413742,0.0,0.0
2425,-1.4730386015637325,0.3824668092565971,0.9517915801031344,0.4116423781638197,1.5580367365415795,0.7492527943628847,0.20829169795186836,0.16112129395038063,0.23197536119735832,1.9349151317722242,0.7170024033772157,0.7722377854413742,0.0,0.0
2426,0.43921616499307986,-1.2918626425229427,0.9517915801031344,0.4116423781638197,0.06043877488129027,-0.5904073743574709,-0.9352705653132926,1.0958028334415377,-1.1344994172443033,1.9349151317722242,0.7170024033772157,-1.2949379308452873,0.0,0.0
2427,-0.3360222538813035,0.3824668092565971,0.9517915801031344,0.4116423781638197,1.5580367365415795,0.7492527943628847,0.20829169795186836,0.16112129395038063,0.23197536119735832,1.9349151317722242,0.7170024033772157,0.7722377854413742,0.0,0.0
2428,-0.9303717083516642,-1.4497074305130688,0.9517915801031344,-1.5419146707492228,-1.4371591867789992,-0.5904073743574709,-0.9352705653132926,-2.019802298195653,-1.5899910100581907,-0.7047204307332285,0.7170024033772157,0.7722377854413742,0.0,0.0
2429,-0.8140859455205066,0.3824668092565971,0.9517915801031344,0.4116423781638197,1.5580367365415795,0.7492527943628847,0.20829169795186836,0.16112129395038063,0.23197536119735832,0.6150973505194979,0.7170024033772157,0.7722377854413742,0.0,0.0
2430,-1.576403724080317,0.8900159241366333,0.9517915801031344,2.3651994270768624,0.06043877488129027,2.0889129630832404,0.20829169795186836,0.7842423202778188,1.1429585468251326,-0.7047204307332285,0.7170024033772157,-1.2949379308452873,0.0,0.0
2431,-1.6926894869114746,-1.4497074305130688,0.9517915801031344,-1.5419146707492228,-1.4371591867789992,-0.5904073743574709,-0.9352705653132926,-2.019802298195653,-1.5899910100581907,-0.7047204307332285,0.7170024033772157,0.7722377854413742,0.0,0.0
2432,-0.6461176214310569,-1.8120955205495735,0.9517915801031344,0.4116423781638197,-1.4371591867789992,-1.9300675430778265,1.3518539612170293,-1.0851207587044955,-1.1344994172443033,-0.7047204307332285,0.7170024033772157,0.7722377854413742,0.0,0.0
2433,-0.9949749099245294,1.305869306507629,0.9517915801031344,0.4116423781638197,0.06043877488129027,-0.5904073743574709,0.20829169795186836,-0.4619997323770575,0.23197536119735832,-0.7047204307332285,0.7170024033772157,0.7722377854413742,0.0,0.0
2434,0.18080335870161873,-1.728821993438403,0.9517915801031344,0.4116423781638197,-1.4371591867789992,-0.5904073743574709,1.3518539612170293,-0.7735602455407765,-1.1344994172443033,1.9349151317722242,0.7170024033772157,0.7722377854413742,0.0,0.0
2435,-0.26883492424552363,0.3824668092565971,0.9517915801031344,0.4116423781638197,1.5580367365415795,0.7492527943628847,0.20829169795186836,0.16112129395038063,0.23197536119735832,1.9349151317722242,0.7170024033772157,0.7722377854413742,0.0,0.0
2436,-1.098340032441114,-1.4497074305130688,0.9517915801031344,-1.5419146707492228,-1.4371591867789992,-0.5904073743574709,-0.9352705653132926,-2.019802298195653,-1.5899910100581907,-0.7047204307332285,0.7170024033772157,0.7722377854413742,0.0,0.0
2437,-0.5169112182853264,-1.3479224465198205,0.9517915801031344,-1.5419146707492228,0.06043877488129027,-0.5904073743574709,-0.9352705653132926,-1.0851207587044955,-1.1344994172443033,-0.7047204307332285,0.7170024033772157,0.7722377854413742,0.0,0.0
2438,0.25832720058905706,-1.8120955205495735,0.9517915801031344,0.4116423781638197,-1.4371591867789992,-1.9300675430778265,1.3518539612170293,-1.0851207587044955,-1.1344994172443033,-0.7047204307332285,0.7170024033772157,0.7722377854413742,0.0,0.0
2439,-1.3179909177888558,-0.6551776670125264,0.9517915801031344,-1.5419146707492228,1.5580367365415795,-1.9300675430778265,1.3518539612170293,0.16112129395038063,-0.6790078244304162,-0.7047204307332285,0.7170024033772157,0.7722377854413742,0.0,0.0
2440,1.4728673901589244,-0.5403601873348578,0.9517915801031344,0.4116423781638197,1.5580367365415795,0.7492527943628847,1.3518539612170293,1.718923859768976,-0.6790078244304162,-0.7047204307332285,,-1.2949379308452873,0.0,0.0
2441,-0.7236414633184952,0.3824668092565971,0.9517915801031344,0.4116423781638197,1.5580367365415795,0.7492527943628847,0.20829169795186836,0.16112129395038063,0.23197536119735832,-0.7047204307332285,0.7170024033772157,0.7722377854413742,0.0,0.0
2442,-0.6978001826893491,0.5223551462595128,0.9517915801031344,0.4116423781638197,0.06043877488129027,0.7492527943628847,0.20829169795186836,-0.15043921921333844,0.6874669540112455,1.9349151317722242,0.7170024033772157,0.7722377854413742,0.0,0.0
2443,0.9560417775760022,-1.8120955205495735,0.9517915801031344,0.4116423781638197,-1.4371591867789992,-1.9300675430778265,1.3518539612170293,-1.0851207587044955,-1.1344994172443033,1.9349151317722242,0.7170024033772157,0.7722377854413742,0.0,0.0
2444,0.3100097618473493,1.305869306507629,0.9517915801031344,0.4116423781638197,0.06043877488129027,-0.5904073743574709,0.20829169795186836,-0.4619997323770575,0.23197536119735832,-0.7047204307332285,0.7170024033772157,0.7722377854413742,0.0,0.0
2445,-0.36186353451044967,0.7991489007540297,0.9517915801031344,2.3651994270768624,0.06043877488129027,2.0889129630832404,0.20829169795186836,0.7842423202778188,1.1429585468251326,-0.7047204307332285,0.7170024033772157,0.7722377854413742,0.0,0.0
2446,1.2919784257549016,0.2304354707659634,0.9517915801031344,-1.5419146707492228,1.5580367365415795,-0.5904073743574709,0.20829169795186836,0.4726818071140997,1.1429585468251326,-0.7047204307332285,0.7170024033772157,0.7722377854413742,0.0,0.0
2447,0.21439702351950868,-0.4412736989171693,0.9517915801031344,-1.5419146707492228,1.5580367365415795,-1.9300675430778265,0.20829169795186836,-0.4619997323770575,-0.22351623161652892,-0.7047204307332285,0.7170024033772157,0.7722377854413742,0.0,0.0
2448,-1.5247211628220247,0.7991489007540297,0.9517915801031344,2.3651994270768624,0.06043877488129027,2.0889129630832404,0.20829169795186836,0.7842423202778188,1.1429585468251326,-0.7047204307332285,0.7170024033772157,0.7722377854413742,0.0,0.0
2449,-0.20681585073557296,0.3465271102785743,0.9517915801031344,0.4116423781638197,1.5580367365415795,0.7492527943628847,0.20829169795186836,0.16112129395038063,0.6874669540112455,-0.7047204307332285,0.7170024033772157,0.7722377854413742,0.0,0.0
2450,-0.4652286570270341,0.44116885080095214,0.9517915801031344,0.4116423781638197,1.5580367365415795,0.7492527943628847,0.20829169795186836,-0.15043921921333844,1.1429585468251326,1.9349151317722242,0.7170024033772157,0.7722377854413742,0.0,0.0
2451,-1.137101953384833,-1.2918626425229427,0.9517915801031344,0.4116423781638197,0.06043877488129027,-0.5904073743574709,-0.9352705653132926,1.0958028334415377,-1.1344994172443033,-0.7047204307332285,0.7170024033772157,-1.2949379308452873,0.0,0.0
2452,-1.0078955502391025,1.305869306507629,0.9517915801031344,0.4116423781638197,0.06043877488129027,-0.5904073743574709,0.20829169795186836,-0.4619997323770575,0.23197536119735832,-0.7047204307332285,0.7170024033772157,0.7722377854413742,0.0,0.0
2453,0.23248591995991097,-0.4412736989171693,0.9517915801031344,-1.5419146707492228,1.5580367365415795,-1.9300675430778265,0.20829169795186836,-0.4619997323770575,-0.22351623161652892,-0.7047204307332285,0.7170024033772157,0.7722377854413742,0.0,0.0
2454,-1.1500225936994062,-1.3479224465198205,0.9517915801031344,-1.5419146707492228,0.06043877488129027,-0.5904073743574709,-0.9352705653132926,-1.0851207587044955,-1.1344994172443033,1.9349151317722242,0.7170024033772157,0.7722377854413742,0.0,0.0
2455,-0.7417303597588976,0.3465271102785743,0.9517915801031344,0.4116423781638197,1.5580367365415795,0.7492527943628847,0.20829169795186836,0.16112129395038063,0.6874669540112455,-0.7047204307332285,0.7170024033772157,0.7722377854413742,0.0,0.0
2456,0.7493115325428332,-1.8120955205495735,0.9517915801031344,0.4116423781638197,-1.4371591867789992,-1.9300675430778265,1.3518539612170293,-1.0851207587044955,-1.1344994172443033,-0.7047204307332285,0.7170024033772157,0.7722377854413742,0.0,0.0
2457,-0.21198410686140218,-1.2918626425229427,0.9517915801031344,0.4116423781638197,0.06043877488129027,-0.5904073743574709,-0.9352705653132926,1.0958028334415377,-1.1344994172443033,1.9349151317722242,0.7170024033772157,-1.2949379308452873,0.0,0.0
2458,-0.0776094475898424,-0.5403601873348578,0.9517915801031344,0.4116423781638197,1.5580367365415795,0.7492527943628847,1.3518539612170293,1.718923859768976,-0.6790078244304162,1.9349151317722242,,-1.2949379308452873,0.0,0.0
2459,0.697628971284541,-1.8120955205495735,1.0049028325302694,0.4116423781638197,-1.4371591867789992,-1.9300675430778265,1.3518539612170293,-1.0851207587044955,-1.1344994172443033,1.9349151317722242,0.7170024033772157,0.7722377854413742,0.0,0.0
2460,-1.1577749778881499,-1.2918626425229427,1.0049028325302694,0.4116423781638197,0.06043877488129027,-0.5904073743574709,-0.9352705653132926,1.0958028334415377,-1.1344994172443033,-0.7047204307332285,0.7170024033772157,-1.2949379308452873,0.0,0.0
2461,-1.0595781114973948,0.7991489007540297,1.0049028325302694,2.3651994270768624,0.06043877488129027,2.0889129630832404,0.20829169795186836,0.7842423202778188,1.1429585468251326,-0.7047204307332285,0.7170024033772157,0.7722377854413742,0.0,0.0
2462,-0.8528478664642258,-1.3479224465198205,1.0049028325302694,-1.5419146707492228,0.06043877488129027,-0.5904073743574709,-0.9352705653132926,-1.0851207587044955,-1.1344994172443033,1.9349151317722242,0.7170024033772157,0.7722377854413742,0.0,0.0
2463,-0.7753240245767875,0.5223551462595128,1.0049028325302694,0.4116423781638197,0.06043877488129027,0.7492527943628847,0.20829169795186836,-0.15043921921333844,0.6874669540112455,-0.7047204307332285,0.7170024033772157,0.7722377854413742,0.0,0.0
2464,-0.904530427722518,-1.4497074305130688,1.0049028325302694,-1.5419146707492228,-1.4371591867789992,-0.5904073743574709,-0.9352705653132926,-2.019802298195653,-1.5899910100581907,-0.7047204307332285,0.7170024033772157,0.7722377854413742,0.0,0.0
2465,-0.8528478664642258,0.04380877046339996,1.0049028325302694,-1.5419146707492228,-1.4371591867789992,-0.5904073743574709,-2.078832828578453,0.4726818071140997,-1.1344994172443033,1.9349151317722242,0.7170024033772157,0.7722377854413742,0.0,0.0
2466,-0.12929200884813463,-1.3479224465198205,1.0049028325302694,-1.5419146707492228,0.06043877488129027,-0.5904073743574709,-0.9352705653132926,-1.0851207587044955,-1.1344994172443033,0.6150973505194979,0.7170024033772157,0.7722377854413742,0.0,0.0
2467,-1.0420060406695753,0.7991489007540297,1.0049028325302694,2.3651994270768624,0.06043877488129027,2.0889129630832404,0.20829169795186836,0.7842423202778188,1.1429585468251326,-0.7047204307332285,0.7170024033772157,0.7722377854413742,0.0,0.0
2468,-0.41871435189457107,-0.5403601873348578,1.0049028325302694,0.4116423781638197,1.5580367365415795,0.7492527943628847,1.3518539612170293,1.718923859768976,-0.6790078244304162,0.6150973505194979,,-1.2949379308452873,0.0,0.0
2469,-1.1939527707689546,0.04380877046339996,1.0049028325302694,-1.5419146707492228,-1.4371591867789992,-0.5904073743574709,-2.078832828578453,0.4726818071140997,-1.1344994172443033,0.6150973505194979,0.7170024033772157,0.7722377854413742,0.0,0.0
2470,-1.5686513398915731,-1.3479224465198205,1.0049028325302694,-1.5419146707492228,0.06043877488129027,-0.5904073743574709,-0.9352705653132926,-1.0851207587044955,-1.1344994172443033,0.6150973505194979,0.7170024033772157,0.7722377854413742,0.0,0.0
2471,0.11103190100292423,0.3824668092565971,1.0049028325302694,0.4116423781638197,1.5580367365415795,0.7492527943628847,0.20829169795186836,0.16112129395038063,0.23197536119735832,1.9349151317722242,0.7170024033772157,0.7722377854413742,0.0,0.0
2472,0.18080335870161873,-0.5403601873348578,1.0049028325302694,0.4116423781638197,1.5580367365415795,0.7492527943628847,1.3518539612170293,1.718923859768976,-0.6790078244304162,0.6150973505194979,,-1.2949379308452873,0.0,0.0
2473,-0.9820542696099563,-1.8120955205495735,1.0049028325302694,0.4116423781638197,-1.4371591867789992,-1.9300675430778265,1.3518539612170293,-1.0851207587044955,-1.1344994172443033,-0.7047204307332285,0.7170024033772157,0.7722377854413742,0.0,0.0
2474,0.18080335870161873,-1.8120955205495735,1.0049028325302694,0.4116423781638197,-1.4371591867789992,-1.9300675430778265,1.3518539612170293,-1.0851207587044955,-1.1344994172443033,-0.7047204307332285,0.7170024033772157,0.7722377854413742,0.0,0.0
2475,-0.2584984119938652,0.2304354707659634,1.0049028325302694,-1.5419146707492228,1.5580367365415795,-0.5904073743574709,0.20829169795186836,0.4726818071140997,1.1429585468251326,-0.7047204307332285,0.7170024033772157,0.7722377854413742,0.0,0.0
2476,-0.8011653052059335,0.5223551462595128,1.0049028325302694,0.4116423781638197,0.06043877488129027,0.7492527943628847,0.20829169795186836,-0.15043921921333844,0.6874669540112455,1.9349151317722242,0.7170024033772157,0.7722377854413742,0.0,0.0
2477,-0.20681585073557296,0.7991489007540297,1.0049028325302694,2.3651994270768624,0.06043877488129027,2.0889129630832404,0.20829169795186836,0.7842423202778188,1.1429585468251326,-0.7047204307332285,0.7170024033772157,0.7722377854413742,0.0,0.0
2478,-0.6978001826893491,0.7991489007540297,1.0049028325302694,2.3651994270768624,0.06043877488129027,2.0889129630832404,0.20829169795186836,0.7842423202778188,1.1429585468251326,-0.7047204307332285,0.7170024033772157,0.7722377854413742,0.0,0.0
2479,-0.7882446648913605,0.3824668092565971,1.0049028325302694,0.4116423781638197,1.5580367365415795,0.7492527943628847,0.20829169795186836,0.16112129395038063,0.23197536119735832,1.9349151317722242,0.7170024033772157,0.7722377854413742,0.0,0.0
2480,-1.1112606727556869,-1.728821993438403,1.0049028325302694,0.4116423781638197,-1.4371591867789992,-0.5904073743574709,1.3518539612170293,-0.7735602455407765,-1.1344994172443033,-0.7047204307332285,0.7170024033772157,0.7722377854413742,0.0,0.0
2481,-0.832174841960909,-1.728821993438403,1.0049028325302694,0.4116423781638197,-1.4371591867789992,-0.5904073743574709,1.3518539612170293,-0.7735602455407765,-1.1344994172443033,-0.7047204307332285,0.7170024033772157,0.7722377854413742,0.0,0.0
2482,-1.6332545414644384,-1.2918626425229427,1.0049028325302694,0.4116423781638197,0.06043877488129027,-0.5904073743574709,-0.9352705653132926,1.0958028334415377,-1.1344994172443033,-0.7047204307332285,0.7170024033772157,-1.2949379308452873,0.0,0.0
2483,-1.0647463676232238,0.44116885080095214,1.0049028325302694,0.4116423781638197,1.5580367365415795,0.7492527943628847,0.20829169795186836,-0.15043921921333844,1.1429585468251326,1.9349151317722242,0.7170024033772157,0.7722377854413742,0.0,0.0
2484,-0.439387376397888,-0.10408600229664455,1.0049028325302694,0.4116423781638197,0.06043877488129027,0.7492527943628847,-2.078832828578453,1.0958028334415377,-0.6790078244304162,1.9349151317722242,0.7170024033772157,-1.2949379308452873,0.0,0.0
2485,0.524492391069262,0.2304354707659634,1.0049028325302694,-1.5419146707492228,1.5580367365415795,-0.5904073743574709,0.20829169795186836,0.4726818071140997,1.1429585468251326,-0.7047204307332285,0.7170024033772157,0.7722377854413742,0.0,0.0
2486,-1.0802511360007117,-1.3479224465198205,1.0049028325302694,-1.5419146707492228,0.06043877488129027,-0.5904073743574709,-0.9352705653132926,-1.0851207587044955,-1.1344994172443033,0.6150973505194979,0.7170024033772157,0.7722377854413742,0.0,0.0
2487,-0.9432923486662372,-0.10408600229664455,1.0580140849574042,0.4116423781638197,0.06043877488129027,0.7492527943628847,-2.078832828578453,1.0958028334415377,-0.6790078244304162,1.9349151317722242,0.7170024033772157,-1.2949379308452873,0.0,0.0
2488,0.3875336037347876,-1.8120955205495735,1.0580140849574042,0.4116423781638197,-1.4371591867789992,-1.9300675430778265,1.3518539612170293,-1.0851207587044955,-1.1344994172443033,0.6150973505194979,0.7170024033772157,0.7722377854413742,0.0,0.0
2489,0.7751528131719794,-0.5403601873348578,1.0580140849574042,0.4116423781638197,1.5580367365415795,0.7492527943628847,1.3518539612170293,1.718923859768976,-0.6790078244304162,1.9349151317722242,,-1.2949379308452873,0.0,0.0
2490,0.18080335870161873,-0.4239530712617699,1.0580140849574042,-1.5419146707492228,1.5580367365415795,-1.9300675430778265,0.20829169795186836,0.4726818071140997,-0.22351623161652892,-0.7047204307332285,0.7170024033772157,-1.2949379308452873,0.0,0.0
2491,-1.1164289288815161,-1.3479224465198205,1.0580140849574042,-1.5419146707492228,0.06043877488129027,-0.5904073743574709,-0.9352705653132926,-1.0851207587044955,-1.1344994172443033,0.6150973505194979,0.7170024033772157,0.7722377854413742,0.0,0.0
2492,0.697628971284541,-1.8120955205495735,1.0580140849574042,0.4116423781638197,-1.4371591867789992,-1.9300675430778265,1.3518539612170293,-1.0851207587044955,-1.1344994172443033,-0.7047204307332285,0.7170024033772157,0.7722377854413742,0.0,0.0
2493,-0.9820542696099563,-1.2918626425229427,1.0580140849574042,0.4116423781638197,0.06043877488129027,-0.5904073743574709,-0.9352705653132926,1.0958028334415377,-1.1344994172443033,1.9349151317722242,0.7170024033772157,-1.2949379308452873,0.0,0.0
2494,-1.137101953384833,0.7991489007540297,1.0580140849574042,2.3651994270768624,0.06043877488129027,2.0889129630832404,0.20829169795186836,0.7842423202778188,1.1429585468251326,-0.7047204307332285,0.7170024033772157,0.7722377854413742,0.0,0.0
2495,1.9896930027418467,-0.4412736989171693,1.0580140849574042,-1.5419146707492228,1.5580367365415795,-1.9300675430778265,0.20829169795186836,-0.4619997323770575,-0.22351623161652892,-0.7047204307332285,0.7170024033772157,0.7722377854413742,0.0,0.0
2496,-1.6410069256531823,-1.3479224465198205,1.0580140849574042,-1.5419146707492228,0.06043877488129027,-0.5904073743574709,-0.9352705653132926,-1.0851207587044955,-1.1344994172443033,1.9349151317722242,0.7170024033772157,0.7722377854413742,0.0,0.0
2497,-0.4703969131528633,0.44116885080095214,1.0580140849574042,0.4116423781638197,1.5580367365415795,0.7492527943628847,0.20829169795186836,-0.15043921921333844,1.1429585468251326,3.25473291302495,0.7170024033772157,0.7722377854413742,0.0,0.0
2498,-1.2663083565305635,0.04380877046339996,1.0580140849574042,-1.5419146707492228,-1.4371591867789992,-0.5904073743574709,-2.078832828578453,0.4726818071140997,-1.1344994172443033,-0.7047204307332285,0.7170024033772157,0.7722377854413742,0.0,0.0
2499,-0.025926886331550172,0.04380877046339996,1.0580140849574042,-1.5419146707492228,-1.4371591867789992,-0.5904073743574709,-2.078832828578453,0.4726818071140997,-1.1344994172443033,1.9349151317722242,0.7170024033772157,0.7722377854413742,0.0,0.0
2500,0.32293040216192237,-1.8120955205495735,1.0580140849574042,0.4116423781638197,-1.4371591867789992,-1.9300675430778265,1.3518539612170293,-1.0851207587044955,-1.1344994172443033,-0.7047204307332285,0.7170024033772157,0.7722377854413742,0.0,0.0
2501,-1.4730386015637325,0.3824668092565971,1.0580140849574042,0.4116423781638197,1.5580367365415795,0.7492527943628847,0.20829169795186836,0.16112129395038063,0.23197536119735832,1.9349151317722242,0.7170024033772157,0.7722377854413742,0.0,0.0
2502,-1.4213560403054404,-1.8120955205495735,1.0580140849574042,0.4116423781638197,-1.4371591867789992,-1.9300675430778265,1.3518539612170293,-1.0851207587044955,-1.1344994172443033,3.25473291302495,0.7170024033772157,0.7722377854413742,0.0,0.0
2503,1.5503912320463626,-1.4497074305130688,1.0580140849574042,-1.5419146707492228,-1.4371591867789992,-0.5904073743574709,-0.9352705653132926,-2.019802298195653,-1.5899910100581907,-0.7047204307332285,0.7170024033772157,0.7722377854413742,0.0,0.0
2504,-0.5427524989144724,0.44116885080095214,1.0580140849574042,0.4116423781638197,1.5580367365415795,0.7492527943628847,0.20829169795186836,-0.15043921921333844,1.1429585468251326,3.25473291302495,0.7170024033772157,0.7722377854413742,0.0,0.0
2505,-1.5634830837657439,1.305869306507629,1.0580140849574042,0.4116423781638197,0.06043877488129027,-0.5904073743574709,0.20829169795186836,-0.4619997323770575,0.23197536119735832,-0.7047204307332285,0.7170024033772157,0.7722377854413742,0.0,0.0
2506,-1.6797688465969014,-1.3479224465198205,1.0580140849574042,-1.5419146707492228,0.06043877488129027,-0.5904073743574709,-0.9352705653132926,-1.0851207587044955,-1.1344994172443033,-0.7047204307332285,0.7170024033772157,0.7722377854413742,0.0,0.0
2507,-0.47814929734160716,0.04380877046339996,1.0580140849574042,-1.5419146707492228,-1.4371591867789992,-0.5904073743574709,-2.078832828578453,0.4726818071140997,-1.1344994172443033,1.9349151317722242,0.7170024033772157,0.7722377854413742,0.0,0.0
2508,-1.137101953384833,-1.4497074305130688,1.0580140849574042,-1.5419146707492228,-1.4371591867789992,-0.5904073743574709,-0.9352705653132926,-2.019802298195653,-1.5899910100581907,-0.7047204307332285,0.7170024033772157,0.7722377854413742,0.0,0.0
2509,-0.9949749099245294,0.44116885080095214,1.0580140849574042,0.4116423781638197,1.5580367365415795,0.7492527943628847,0.20829169795186836,-0.15043921921333844,1.1429585468251326,-0.7047204307332285,0.7170024033772157,0.7722377854413742,0.0,0.0
2510,-1.4601179612491595,-0.10408600229664455,1.0580140849574042,0.4116423781638197,0.06043877488129027,0.7492527943628847,-2.078832828578453,1.0958028334415377,-0.6790078244304162,0.6150973505194979,0.7170024033772157,-1.2949379308452873,0.0,0.0
2511,-0.3360222538813035,0.44116885080095214,1.0580140849574042,0.4116423781638197,1.5580367365415795,0.7492527943628847,0.20829169795186836,-0.15043921921333844,1.1429585468251326,0.6150973505194979,0.7170024033772157,0.7722377854413742,0.0,0.0
2512,-0.858016122590055,0.3824668092565971,1.0580140849574042,0.4116423781638197,1.5580367365415795,0.7492527943628847,0.20829169795186836,0.16112129395038063,0.23197536119735832,1.9349151317722242,0.7170024033772157,0.7722377854413742,0.0,0.0
2513,-1.7314514078551937,0.7991489007540297,1.0580140849574042,2.3651994270768624,0.06043877488129027,2.0889129630832404,0.20829169795186836,0.7842423202778188,1.1429585468251326,-0.7047204307332285,0.7170024033772157,0.7722377854413742,0.0,0.0
2514,0.129348200712863,0.7991489007540297,1.0580140849574042,2.3651994270768624,0.06043877488129027,2.0889129630832404,0.20829169795186836,0.7842423202778188,1.1429585468251326,-0.7047204307332285,0.7170024033772157,0.7722377854413742,0.0,0.0
2515,-0.9484606047920664,0.7991489007540297,1.0580140849574042,2.3651994270768624,0.06043877488129027,2.0889129630832404,0.20829169795186836,0.7842423202778188,1.1429585468251326,-0.7047204307332285,0.7170024033772157,0.7722377854413742,0.0,0.0
2516,0.3875336037347876,1.7579056603707548,1.0580140849574042,-1.5419146707492228,-1.4371591867789992,-1.9300675430778265,-2.078832828578453,-3.8891653771779673,0.23197536119735832,-0.7047204307332285,,0.7722377854413742,0.0,0.0
2517,-1.0130638063649318,0.3824668092565971,1.0580140849574042,0.4116423781638197,1.5580367365415795,0.7492527943628847,0.20829169795186836,0.16112129395038063,0.23197536119735832,1.9349151317722242,0.7170024033772157,0.7722377854413742,0.0,0.0
2518,-0.9898066537987003,0.04380877046339996,1.0580140849574042,-1.5419146707492228,-1.4371591867789992,-0.5904073743574709,-2.078832828578453,0.4726818071140997,-1.1344994172443033,-0.7047204307332285,0.7170024033772157,0.7722377854413742,0.0,0.0
2519,-0.8838574032192011,0.3824668092565971,1.0580140849574042,0.4116423781638197,1.5580367365415795,0.7492527943628847,0.20829169795186836,0.16112129395038063,0.23197536119735832,0.6150973505194979,0.7170024033772157,0.7722377854413742,0.0,0.0
2520,1.7312801964503854,-0.5403601873348578,1.0580140849574042,0.4116423781638197,1.5580367365415795,0.7492527943628847,1.3518539612170293,1.718923859768976,-0.6790078244304162,1.9349151317722242,,-1.2949379308452873,0.0,0.0
2521,-0.051768166960696284,0.3465271102785743,1.1111253373845391,0.4116423781638197,1.5580367365415795,0.7492527943628847,0.20829169795186836,0.16112129395038063,0.6874669540112455,-0.7047204307332285,0.7170024033772157,0.7722377854413742,0.0,0.0
2522,-1.7107783833518768,-1.2918626425229427,1.1111253373845391,0.4116423781638197,0.06043877488129027,-0.5904073743574709,-0.9352705653132926,1.0958028334415377,-1.1344994172443033,0.6150973505194979,,-1.2949379308452873,0.0,0.0
2523,-0.49106993765618023,0.3824668092565971,1.1111253373845391,0.4116423781638197,1.5580367365415795,0.7492527943628847,0.20829169795186836,0.16112129395038063,0.23197536119735832,0.6150973505194979,0.7170024033772157,0.7722377854413742,0.0,0.0
2524,-0.6202763408019107,-0.5403601873348578,1.1111253373845391,0.4116423781638197,1.5580367365415795,0.7492527943628847,1.3518539612170293,1.718923859768976,-0.6790078244304162,1.9349151317722242,,-1.2949379308452873,0.0,0.0
2525,-0.6202763408019107,-1.728821993438403,1.1111253373845391,0.4116423781638197,-1.4371591867789992,-0.5904073743574709,1.3518539612170293,-0.7735602455407765,-1.1344994172443033,0.6150973505194979,0.7170024033772157,0.7722377854413742,0.0,0.0
2526,0.43921616499307986,-0.6551776670125264,1.1111253373845391,-1.5419146707492228,1.5580367365415795,-1.9300675430778265,1.3518539612170293,0.16112129395038063,-0.6790078244304162,-0.7047204307332285,0.7170024033772157,0.7722377854413742,0.0,0.0
2527,-0.3360222538813035,0.5223551462595128,1.1111253373845391,0.4116423781638197,0.06043877488129027,0.7492527943628847,0.20829169795186836,-0.15043921921333844,0.6874669540112455,0.6150973505194979,0.7170024033772157,0.7722377854413742,0.0,0.0
2528,-1.2663083565305635,0.5223551462595128,1.1111253373845391,0.4116423781638197,0.06043877488129027,0.7492527943628847,0.20829169795186836,-0.15043921921333844,0.6874669540112455,0.6150973505194979,0.7170024033772157,0.7722377854413742,0.0,0.0
2529,-1.2146257952722714,-1.4497074305130688,1.1111253373845391,-1.5419146707492228,-1.4371591867789992,-0.5904073743574709,-0.9352705653132926,-2.019802298195653,-1.5899910100581907,-0.7047204307332285,0.7170024033772157,0.7722377854413742,0.0,0.0
2530,-0.3360222538813035,0.7991489007540297,1.1111253373845391,2.3651994270768624,0.06043877488129027,2.0889129630832404,0.20829169795186836,0.7842423202778188,1.1429585468251326,-0.7047204307332285,0.7170024033772157,0.7722377854413742,0.0,0.0
2531,-0.8786891470933719,-0.6551776670125264,1.1111253373845391,-1.5419146707492228,1.5580367365415795,-1.9300675430778265,1.3518539612170293,0.16112129395038063,-0.6790078244304162,-0.7047204307332285,0.7170024033772157,0.7722377854413742,0.0,0.0
2532,-0.031095142457379394,-1.3479224465198205,1.1111253373845391,-1.5419146707492228,0.06043877488129027,-0.5904073743574709,-0.9352705653132926,-1.0851207587044955,-1.1344994172443033,1.9349151317722242,0.7170024033772157,0.7722377854413742,0.0,0.0
2533,0.05159695555588817,-0.4412736989171693,1.1111253373845391,-1.5419146707492228,1.5580367365415795,-1.9300675430778265,0.20829169795186836,-0.4619997323770575,-0.22351623161652892,-0.7047204307332285,0.7170024033772157,0.7722377854413742,0.0,0.0
2534,1.9896930027418467,-0.4412736989171693,1.1111253373845391,-1.5419146707492228,1.5580367365415795,-1.9300675430778265,0.20829169795186836,-0.4619997323770575,-0.22351623161652892,-0.7047204307332285,0.7170024033772157,0.7722377854413742,0.0,0.0
2535,-1.369673479047148,-1.728821993438403,1.1111253373845391,0.4116423781638197,-1.4371591867789992,-0.5904073743574709,1.3518539612170293,-0.7735602455407765,-1.1344994172443033,0.6150973505194979,0.7170024033772157,0.7722377854413742,0.0,0.0
2536,-1.343832198418002,-1.2918626425229427,1.1111253373845391,0.4116423781638197,0.06043877488129027,-0.5904073743574709,-0.9352705653132926,1.0958028334415377,-1.1344994172443033,1.9349151317722242,,-1.2949379308452873,0.0,0.0
2537,-1.1694035541712657,-1.4497074305130688,1.1111253373845391,-1.5419146707492228,-1.4371591867789992,-0.5904073743574709,-0.9352705653132926,-2.019802298195653,-1.5899910100581907,-0.7047204307332285,0.7170024033772157,0.7722377854413742,0.0,0.0
2538,-0.5944350601727647,0.3824668092565971,1.1111253373845391,0.4116423781638197,1.5580367365415795,0.7492527943628847,0.20829169795186836,0.16112129395038063,0.23197536119735832,0.6150973505194979,0.7170024033772157,0.7722377854413742,0.0,0.0
2539,-1.4730386015637325,-1.8120955205495735,1.1111253373845391,0.4116423781638197,-1.4371591867789992,-1.9300675430778265,1.3518539612170293,-1.0851207587044955,-1.1344994172443033,3.25473291302495,0.7170024033772157,0.7722377854413742,0.0,0.0
2540,-0.2378253874905483,0.7991489007540297,1.1111253373845391,2.3651994270768624,0.06043877488129027,2.0889129630832404,0.20829169795186836,0.7842423202778188,1.1429585468251326,-0.7047204307332285,0.7170024033772157,0.7722377854413742,0.0,0.0
2541,0.18080335870161873,-1.2918626425229427,1.1111253373845391,0.4116423781638197,0.06043877488129027,-0.5904073743574709,-0.9352705653132926,1.0958028334415377,-1.1344994172443033,0.6150973505194979,,-1.2949379308452873,0.0,0.0
2542,-1.137101953384833,0.7991489007540297,1.1111253373845391,2.3651994270768624,0.06043877488129027,2.0889129630832404,0.20829169795186836,0.7842423202778188,1.1429585468251326,-0.7047204307332285,0.7170024033772157,0.7722377854413742,0.0,0.0
2543,-1.137101953384833,-1.3479224465198205,1.1111253373845391,-1.5419146707492228,0.06043877488129027,-0.5904073743574709,-0.9352705653132926,-1.0851207587044955,-1.1344994172443033,-0.7047204307332285,0.7170024033772157,0.7722377854413742,0.0,0.0
2544,-0.18097457010642684,-1.3479224465198205,1.1111253373845391,-1.5419146707492228,0.06043877488129027,-0.5904073743574709,-0.9352705653132926,-1.0851207587044955,-1.1344994172443033,0.6150973505194979,0.7170024033772157,0.7722377854413742,0.0,0.0
2545,-1.12418131307026,-1.3479224465198205,1.1111253373845391,-1.5419146707492228,0.06043877488129027,-0.5904073743574709,-0.9352705653132926,-1.0851207587044955,-1.1344994172443033,1.9349151317722242,0.7170024033772157,0.7722377854413742,0.0,0.0
2546,0.6071844890825296,-0.4714789280978181,1.1111253373845391,-1.5419146707492228,1.5580367365415795,-1.9300675430778265,0.20829169795186836,0.7842423202778188,-0.22351623161652892,-0.7047204307332285,0.7170024033772157,-1.2949379308452873,0.0,0.0
2547,-1.346705748823963,-0.6551776670125264,1.1111253373845391,-1.5419146707492228,1.5580367365415795,-1.9300675430778265,1.3518539612170293,0.16112129395038063,-0.6790078244304162,-0.7047204307332285,0.7170024033772157,0.7722377854413742,0.0,0.0
2548,-0.661911812151591,1.305869306507629,1.1111253373845391,0.4116423781638197,0.06043877488129027,-0.5904073743574709,0.20829169795186836,-0.4619997323770575,0.23197536119735832,-0.7047204307332285,0.7170024033772157,0.7722377854413742,0.0,0.0
2549,-0.7675716403880436,0.8900159241366333,1.1111253373845391,2.3651994270768624,0.06043877488129027,2.0889129630832404,0.20829169795186836,0.7842423202778188,1.1429585468251326,-0.7047204307332285,0.7170024033772157,-1.2949379308452873,0.0,0.0
2550,-1.7314514078551937,0.7991489007540297,1.1111253373845391,2.3651994270768624,0.06043877488129027,2.0889129630832404,0.20829169795186836,0.7842423202778188,1.1429585468251326,-0.7047204307332285,0.7170024033772157,0.7722377854413742,0.0,0.0
2551,-0.3360222538813035,1.305869306507629,1.1111253373845391,0.4116423781638197,0.06043877488129027,-0.5904073743574709,0.20829169795186836,-0.4619997323770575,0.23197536119735832,-0.7047204307332285,0.7170024033772157,0.7722377854413742,0.0,0.0
2552,-0.0776094475898424,-1.4497074305130688,1.1111253373845391,-1.5419146707492228,-1.4371591867789992,-0.5904073743574709,-0.9352705653132926,-2.019802298195653,-1.5899910100581907,-0.7047204307332285,0.7170024033772157,0.7722377854413742,0.0,0.0
2553,-8.560570240405939e-05,0.3824668092565971,1.1111253373845391,0.4116423781638197,1.5580367365415795,0.7492527943628847,0.20829169795186836,0.16112129395038063,0.23197536119735832,1.9349151317722242,0.7170024033772157,0.7722377854413742,0.0,0.0
2554,-0.8140859455205066,0.44116885080095214,1.1111253373845391,0.4116423781638197,1.5580367365415795,0.7492527943628847,0.20829169795186836,-0.15043921921333844,1.1429585468251326,0.6150973505194979,0.7170024033772157,0.7722377854413742,0.0,0.0
2555,-0.8063335613317628,0.44116885080095214,1.1111253373845391,0.4116423781638197,1.5580367365415795,0.7492527943628847,0.20829169795186836,-0.15043921921333844,1.1429585468251326,0.6150973505194979,0.7170024033772157,0.7722377854413742,0.0,0.0
2556,-0.6771271581860322,-1.3479224465198205,1.1111253373845391,-1.5419146707492228,0.06043877488129027,-0.5904073743574709,-0.9352705653132926,-1.0851207587044955,-1.1344994172443033,-0.7047204307332285,0.7170024033772157,0.7722377854413742,0.0,0.0
2557,0.279000225092374,0.2304354707659634,1.1111253373845391,-1.5419146707492228,1.5580367365415795,-0.5904073743574709,0.20829169795186836,0.4726818071140997,1.1429585468251326,-0.7047204307332285,0.7170024033772157,0.7722377854413742,0.0,0.0
2558,0.3100097618473493,-1.4497074305130688,1.1111253373845391,-1.5419146707492228,-1.4371591867789992,-0.5904073743574709,-0.9352705653132926,-2.019802298195653,-1.5899910100581907,-0.7047204307332285,0.7170024033772157,0.7722377854413742,0.0,0.0
2559,0.2841684812182032,-0.5403601873348578,1.1111253373845391,0.4116423781638197,1.5580367365415795,0.7492527943628847,1.3518539612170293,1.718923859768976,-0.6790078244304162,0.6150973505194979,,-1.2949379308452873,0.0,0.0
2560,-0.8786891470933719,0.04380877046339996,1.1111253373845391,-1.5419146707492228,-1.4371591867789992,-0.5904073743574709,-2.078832828578453,0.4726818071140997,-1.1344994172443033,1.9349151317722242,0.7170024033772157,0.7722377854413742,0.0,0.0
2561,-1.0078955502391025,-0.6551776670125264,1.1111253373845391,-1.5419146707492228,1.5580367365415795,-1.9300675430778265,1.3518539612170293,0.16112129395038063,-0.6790078244304162,-0.7047204307332285,0.7170024033772157,0.7722377854413742,0.0,0.0
2562,-1.3412480703550873,0.04380877046339996,1.164236589811674,-1.5419146707492228,-1.4371591867789992,-0.5904073743574709,-2.078832828578453,0.4726818071140997,-1.1344994172443033,1.9349151317722242,0.7170024033772157,0.7722377854413742,0.0,0.0
2563,-0.5427524989144724,0.7991489007540297,1.164236589811674,2.3651994270768624,0.06043877488129027,2.0889129630832404,0.20829169795186836,0.7842423202778188,1.1429585468251326,-0.7047204307332285,0.7170024033772157,0.7722377854413742,0.0,0.0
2564,-1.6074132608352922,-1.8120955205495735,1.164236589811674,0.4116423781638197,-1.4371591867789992,-1.9300675430778265,1.3518539612170293,-1.0851207587044955,-1.1344994172443033,0.6150973505194979,0.7170024033772157,0.7722377854413742,0.0,0.0
2565,-1.1500225936994062,0.44116885080095214,1.164236589811674,0.4116423781638197,1.5580367365415795,0.7492527943628847,0.20829169795186836,-0.15043921921333844,1.1429585468251326,1.9349151317722242,0.7170024033772157,0.7722377854413742,0.0,0.0
2566,-0.5427524989144724,0.44116885080095214,1.164236589811674,0.4116423781638197,1.5580367365415795,0.7492527943628847,0.20829169795186836,-0.15043921921333844,1.1429585468251326,1.9349151317722242,0.7170024033772157,0.7722377854413742,0.0,0.0
2567,-1.783133969113486,-1.4497074305130688,1.164236589811674,-1.5419146707492228,-1.4371591867789992,-0.5904073743574709,-0.9352705653132926,-2.019802298195653,-1.5899910100581907,-0.7047204307332285,0.7170024033772157,0.7722377854413742,0.0,0.0
2568,-0.3050127171263282,0.3824668092565971,1.164236589811674,0.4116423781638197,1.5580367365415795,0.7492527943628847,0.20829169795186836,0.16112129395038063,0.23197536119735832,0.6150973505194979,0.7170024033772157,0.7722377854413742,0.0,0.0
2569,-0.2584984119938652,-0.5403601873348578,1.164236589811674,0.4116423781638197,1.5580367365415795,0.7492527943628847,1.3518539612170293,1.718923859768976,-0.6790078244304162,0.6150973505194979,,-1.2949379308452873,0.0,0.0
2570,-0.6978001826893491,0.7991489007540297,1.164236589811674,2.3651994270768624,0.06043877488129027,2.0889129630832404,0.20829169795186836,0.7842423202778188,1.1429585468251326,-0.7047204307332285,0.7170024033772157,0.7722377854413742,0.0,0.0
2571,-0.38770481513959576,-0.4412736989171693,1.164236589811674,-1.5419146707492228,1.5580367365415795,-1.9300675430778265,0.20829169795186836,-0.4619997323770575,-0.22351623161652892,-0.7047204307332285,0.7170024033772157,0.7722377854413742,0.0,0.0
2572,-0.0776094475898424,-0.5403601873348578,1.164236589811674,0.4116423781638197,1.5580367365415795,0.7492527943628847,1.3518539612170293,1.718923859768976,-0.6790078244304162,-0.7047204307332285,,-1.2949379308452873,0.0,0.0
2573,0.05159695555588817,-1.4497074305130688,1.164236589811674,-1.5419146707492228,-1.4371591867789992,-0.5904073743574709,-0.9352705653132926,-2.019802298195653,-1.5899910100581907,-0.7047204307332285,0.7170024033772157,0.7722377854413742,0.0,0.0
2574,-0.2378253874905483,0.7991489007540297,1.164236589811674,2.3651994270768624,0.06043877488129027,2.0889129630832404,0.20829169795186836,0.7842423202778188,1.1429585468251326,-0.7047204307332285,0.7170024033772157,0.7722377854413742,0.0,0.0
2575,-0.8528478664642258,0.44116885080095214,1.164236589811674,0.4116423781638197,1.5580367365415795,0.7492527943628847,0.20829169795186836,-0.15043921921333844,1.1429585468251326,0.6150973505194979,0.7170024033772157,0.7722377854413742,0.0,0.0
2576,0.1497938219466434,-1.2918626425229427,1.164236589811674,0.4116423781638197,0.06043877488129027,-0.5904073743574709,-0.9352705653132926,1.0958028334415377,-1.1344994172443033,1.9349151317722242,,-1.2949379308452873,0.0,0.0
2577,-1.4601179612491595,-0.10408600229664455,1.164236589811674,0.4116423781638197,0.06043877488129027,0.7492527943628847,-2.078832828578453,1.0958028334415377,-0.6790078244304162,1.9349151317722242,0.7170024033772157,-1.2949379308452873,0.0,0.0
2578,0.29967324959569086,-1.4497074305130688,1.164236589811674,-1.5419146707492228,-1.4371591867789992,-0.5904073743574709,-0.9352705653132926,-2.019802298195653,-1.5899910100581907,-0.7047204307332285,0.7170024033772157,0.7722377854413742,0.0,0.0
2579,0.2841684812182032,-1.4497074305130688,1.164236589811674,-1.5419146707492228,-1.4371591867789992,-0.5904073743574709,-0.9352705653132926,-2.019802298195653,-1.5899910100581907,-0.7047204307332285,0.7170024033772157,0.7722377854413742,0.0,0.0
2580,-1.2691819069365247,0.5223551462595128,1.164236589811674,0.4116423781638197,0.06043877488129027,0.7492527943628847,0.20829169795186836,-0.15043921921333844,0.6874669540112455,-0.7047204307332285,0.7170024033772157,0.7722377854413742,0.0,0.0
2581,-0.5101924853217483,1.7579056603707548,1.164236589811674,-1.5419146707492228,-1.4371591867789992,-1.9300675430778265,-2.078832828578453,-3.8891653771779673,0.23197536119735832,-0.7047204307332285,-1.394695464464014,0.7722377854413742,0.0,0.0
2582,-0.2895079487488405,-1.2918626425229427,1.164236589811674,0.4116423781638197,0.06043877488129027,-0.5904073743574709,-0.9352705653132926,1.0958028334415377,-1.1344994172443033,1.9349151317722242,,-1.2949379308452873,0.0,0.0
2583,-0.832174841960909,-1.728821993438403,1.164236589811674,0.4116423781638197,-1.4371591867789992,-0.5904073743574709,1.3518539612170293,-0.7735602455407765,-1.1344994172443033,-0.7047204307332285,0.7170024033772157,0.7722377854413742,0.0,0.0
2584,-1.628086285338609,-1.8120955205495735,1.164236589811674,0.4116423781638197,-1.4371591867789992,-1.9300675430778265,1.3518539612170293,-1.0851207587044955,-1.1344994172443033,-0.7047204307332285,0.7170024033772157,0.7722377854413742,0.0,0.0
2585,-0.9562129889808102,-1.728821993438403,1.164236589811674,0.4116423781638197,-1.4371591867789992,-0.5904073743574709,1.3518539612170293,-0.7735602455407765,-1.1344994172443033,-0.7047204307332285,0.7170024033772157,0.7722377854413742,0.0,0.0
2586,-0.904530427722518,-1.728821993438403,1.164236589811674,0.4116423781638197,-1.4371591867789992,-0.5904073743574709,1.3518539612170293,-0.7735602455407765,-1.1344994172443033,-0.7047204307332285,0.7170024033772157,0.7722377854413742,0.0,0.0
2587,-0.3360222538813035,0.3824668092565971,1.164236589811674,0.4116423781638197,1.5580367365415795,0.7492527943628847,0.20829169795186836,0.16112129395038063,0.23197536119735832,1.9349151317722242,0.7170024033772157,0.7722377854413742,0.0,0.0
2588,-0.4652286570270341,-1.3479224465198205,1.164236589811674,-1.5419146707492228,0.06043877488129027,-0.5904073743574709,-0.9352705653132926,-1.0851207587044955,-1.1344994172443033,0.6150973505194979,0.7170024033772157,0.7722377854413742,0.0,0.0
2589,-1.0549266809841484,-1.728821993438403,1.164236589811674,0.4116423781638197,-1.4371591867789992,-0.5904073743574709,1.3518539612170293,-0.7735602455407765,-1.1344994172443033,0.6150973505194979,0.7170024033772157,0.7722377854413742,0.0,0.0
2590,-1.276644868782222,-1.728821993438403,1.164236589811674,0.4116423781638197,-1.4371591867789992,-0.5904073743574709,1.3518539612170293,-0.7735602455407765,-1.1344994172443033,0.6150973505194979,0.7170024033772157,0.7722377854413742,0.0,0.0
2591,-1.1887845146431253,-1.3479224465198205,1.164236589811674,-1.5419146707492228,0.06043877488129027,-0.5904073743574709,-0.9352705653132926,-1.0851207587044955,-1.1344994172443033,1.9349151317722242,0.7170024033772157,0.7722377854413742,0.0,0.0
2592,-0.778424978252285,-1.8120955205495735,1.164236589811674,0.4116423781638197,-1.4371591867789992,-1.9300675430778265,1.3518539612170293,-1.0851207587044955,-1.1344994172443033,0.6150973505194979,0.7170024033772157,0.7722377854413742,0.0,0.0
2593,0.41337488436393377,-0.5403601873348578,1.164236589811674,0.4116423781638197,1.5580367365415795,0.7492527943628847,1.3518539612170293,1.718923859768976,-0.6790078244304162,1.9349151317722242,,-1.2949379308452873,0.0,0.0
2594,-0.34119051000713274,-1.3479224465198205,1.164236589811674,-1.5419146707492228,0.06043877488129027,-0.5904073743574709,-0.9352705653132926,-1.0851207587044955,-1.1344994172443033,-0.7047204307332285,0.7170024033772157,0.7722377854413742,0.0,0.0
2595,-0.7009011363648466,0.2304354707659634,1.164236589811674,-1.5419146707492228,1.5580367365415795,-0.5904073743574709,0.20829169795186836,0.4726818071140997,1.1429585468251326,-0.7047204307332285,0.7170024033772157,0.7722377854413742,0.0,0.0
2596,-0.7528421104294304,1.7579056603707548,1.164236589811674,-1.5419146707492228,-1.4371591867789992,-1.9300675430778265,-2.078832828578453,-3.8891653771779673,0.23197536119735832,-0.7047204307332285,-1.394695464464014,0.7722377854413742,0.0,0.0
2597,-1.623434854825363,-1.2918626425229427,1.164236589811674,0.4116423781638197,0.06043877488129027,-0.5904073743574709,-0.9352705653132926,1.0958028334415377,-1.1344994172443033,-0.7047204307332285,,-1.2949379308452873,0.0,0.0
2598,0.06451759587046123,0.04380877046339996,1.164236589811674,-1.5419146707492228,-1.4371591867789992,-0.5904073743574709,-2.078832828578453,0.4726818071140997,-1.1344994172443033,1.9349151317722242,0.7170024033772157,0.7722377854413742,0.0,0.0
2599,-1.6849371027227307,-1.2918626425229427,1.164236589811674,0.4116423781638197,0.06043877488129027,-0.5904073743574709,-0.9352705653132926,1.0958028334415377,-1.1344994172443033,-0.7047204307332285,,-1.2949379308452873,0.0,0.0
2600,-1.2017051549576983,-1.3479224465198205,1.164236589811674,-1.5419146707492228,0.06043877488129027,-0.5904073743574709,-0.9352705653132926,-1.0851207587044955,-1.1344994172443033,0.6150973505194979,0.7170024033772157,0.7722377854413742,0.0,0.0
2601,-0.16030154560310997,0.2304354707659634,1.164236589811674,-1.5419146707492228,1.5580367365415795,-0.5904073743574709,0.20829169795186836,0.4726818071140997,1.1429585468251326,-0.7047204307332285,0.7170024033772157,0.7722377854413742,0.0,0.0
2602,-0.7236414633184952,-1.4497074305130688,1.164236589811674,-1.5419146707492228,-1.4371591867789992,-0.5904073743574709,-0.9352705653132926,-2.019802298195653,-1.5899910100581907,-0.7047204307332285,0.7170024033772157,0.7722377854413742,0.0,0.0
2603,-0.6978001826893491,0.3465271102785743,1.164236589811674,0.4116423781638197,1.5580367365415795,0.7492527943628847,0.20829169795186836,0.16112129395038063,0.6874669540112455,-0.7047204307332285,0.7170024033772157,0.7722377854413742,0.0,0.0
2604,-1.137101953384833,0.04380877046339996,1.164236589811674,-1.5419146707492228,-1.4371591867789992,-0.5904073743574709,-2.078832828578453,0.4726818071140997,-1.1344994172443033,1.9349151317722242,0.7170024033772157,0.7722377854413742,0.0,0.0
2605,-1.7185307675406205,-1.4497074305130688,1.164236589811674,-1.5419146707492228,-1.4371591867789992,-0.5904073743574709,-0.9352705653132926,-2.019802298195653,-1.5899910100581907,-0.7047204307332285,0.7170024033772157,0.7722377854413742,0.0,0.0
2606,-1.0595781114973948,-1.3479224465198205,1.164236589811674,-1.5419146707492228,0.06043877488129027,-0.5904073743574709,-0.9352705653132926,-1.0851207587044955,-1.1344994172443033,1.9349151317722242,0.7170024033772157,0.7722377854413742,0.0,0.0
2607,-1.085419392126541,0.3824668092565971,1.164236589811674,0.4116423781638197,1.5580367365415795,0.7492527943628847,0.20829169795186836,0.16112129395038063,0.23197536119735832,0.6150973505194979,0.7170024033772157,0.7722377854413742,0.0,0.0
2608,-0.671958902060203,-0.5403601873348578,1.164236589811674,0.4116423781638197,1.5580367365415795,0.7492527943628847,1.3518539612170293,1.718923859768976,-0.6790078244304162,-0.7047204307332285,,-1.2949379308452873,0.0,0.0
2609,-0.7003843107522637,1.7579056603707548,1.217347842238809,-1.5419146707492228,-1.4371591867789992,-1.9300675430778265,-2.078832828578453,-3.8891653771779673,0.23197536119735832,-0.7047204307332285,-1.394695464464014,0.7722377854413742,0.0,0.0
2610,-1.1629432340139791,-1.3479224465198205,1.217347842238809,-1.5419146707492228,0.06043877488129027,-0.5904073743574709,-0.9352705653132926,-1.0851207587044955,-1.1344994172443033,0.6150973505194979,0.7170024033772157,0.7722377854413742,0.0,0.0
2611,-0.8528478664642258,-1.728821993438403,1.217347842238809,0.4116423781638197,-1.4371591867789992,-0.5904073743574709,1.3518539612170293,-0.7735602455407765,-1.1344994172443033,-0.7047204307332285,0.7170024033772157,0.7722377854413742,0.0,0.0
2612,-1.7314514078551937,0.7991489007540297,1.217347842238809,2.3651994270768624,0.06043877488129027,2.0889129630832404,0.20829169795186836,0.7842423202778188,1.1429585468251326,-0.7047204307332285,0.7170024033772157,0.7722377854413742,0.0,0.0
2613,-0.8657685067787989,-1.8120955205495735,1.217347842238809,0.4116423781638197,-1.4371591867789992,-1.9300675430778265,1.3518539612170293,-1.0851207587044955,-1.1344994172443033,0.6150973505194979,0.7170024033772157,0.7722377854413742,0.0,0.0
2614,-0.7445729006281036,1.7579056603707548,1.217347842238809,-1.5419146707492228,-1.4371591867789992,-1.9300675430778265,-2.078832828578453,-3.8891653771779673,0.23197536119735832,-0.7047204307332285,-1.394695464464014,0.7722377854413742,0.0,0.0
2615,-0.7003843107522637,1.7579056603707548,1.217347842238809,-1.5419146707492228,-1.4371591867789992,-1.9300675430778265,-2.078832828578453,-3.8891653771779673,0.23197536119735832,-0.7047204307332285,-1.394695464464014,0.7722377854413742,0.0,0.0
2616,-0.6978001826893491,1.7579056603707548,1.217347842238809,-1.5419146707492228,-1.4371591867789992,-1.9300675430778265,-2.078832828578453,-3.8891653771779673,0.23197536119735832,-0.7047204307332285,-1.394695464464014,0.7722377854413742,0.0,0.0
2617,-0.5293150329873164,1.7579056603707548,1.217347842238809,-1.5419146707492228,-1.4371591867789992,-1.9300675430778265,-2.078832828578453,-3.8891653771779673,0.23197536119735832,-0.7047204307332285,-1.394695464464014,0.7722377854413742,0.0,0.0
2618,-0.06468880727526934,0.2304354707659634,1.217347842238809,-1.5419146707492228,1.5580367365415795,-0.5904073743574709,0.20829169795186836,0.4726818071140997,1.1429585468251326,-0.7047204307332285,0.7170024033772157,0.7722377854413742,0.0,0.0
2619,-1.6539275659677553,-1.2918626425229427,1.217347842238809,0.4116423781638197,0.06043877488129027,-0.5904073743574709,-0.9352705653132926,1.0958028334415377,-1.1344994172443033,0.6150973505194979,,-1.2949379308452873,0.0,0.0
2620,-1.5376418031365977,-0.10408600229664455,1.217347842238809,0.4116423781638197,0.06043877488129027,0.7492527943628847,-2.078832828578453,1.0958028334415377,-0.6790078244304162,0.6150973505194979,0.7170024033772157,-1.2949379308452873,0.0,0.0
2621,1.23512760837078,-1.4497074305130688,1.217347842238809,-1.5419146707492228,-1.4371591867789992,-0.5904073743574709,-0.9352705653132926,-2.019802298195653,-1.5899910100581907,-0.7047204307332285,0.7170024033772157,0.7722377854413742,0.0,0.0
2622,-1.038905086994078,0.3824668092565971,1.217347842238809,0.4116423781638197,1.5580367365415795,0.7492527943628847,0.20829169795186836,0.16112129395038063,0.23197536119735832,0.6150973505194979,0.7170024033772157,0.7722377854413742,0.0,0.0
2623,-1.2921496371597097,-1.728821993438403,1.217347842238809,0.4116423781638197,-1.4371591867789992,-0.5904073743574709,1.3518539612170293,-0.7735602455407765,-1.1344994172443033,-0.7047204307332285,0.7170024033772157,0.7722377854413742,0.0,0.0
2624,0.9043592163177099,0.7991489007540297,1.217347842238809,2.3651994270768624,0.06043877488129027,2.0889129630832404,0.20829169795186836,0.7842423202778188,1.1429585468251326,-0.7047204307332285,0.7170024033772157,0.7722377854413742,0.0,0.0
2625,-0.9562129889808102,-0.5403601873348578,1.217347842238809,0.4116423781638197,1.5580367365415795,0.7492527943628847,1.3518539612170293,1.718923859768976,-0.6790078244304162,0.6150973505194979,,-1.2949379308452873,0.0,0.0
2626,-0.9691336292953833,-1.728821993438403,1.217347842238809,0.4116423781638197,-1.4371591867789992,-0.5904073743574709,1.3518539612170293,-0.7735602455407765,-1.1344994172443033,-0.7047204307332285,0.7170024033772157,0.7722377854413742,0.0,0.0
2627,-1.0078955502391025,-0.6551776670125264,1.217347842238809,-1.5419146707492228,1.5580367365415795,-1.9300675430778265,1.3518539612170293,0.16112129395038063,-0.6790078244304162,-0.7047204307332285,0.7170024033772157,0.7722377854413742,0.0,0.0
2628,1.2661371451257555,-0.5403601873348578,1.217347842238809,0.4116423781638197,1.5580367365415795,0.7492527943628847,1.3518539612170293,1.718923859768976,-0.6790078244304162,1.9349151317722242,,-1.2949379308452873,0.0,0.0
2629,-0.592367757722433,1.7579056603707548,1.217347842238809,-1.5419146707492228,-1.4371591867789992,-1.9300675430778265,-2.078832828578453,-3.8891653771779673,0.23197536119735832,0.6150973505194979,-1.394695464464014,0.7722377854413742,0.0,0.0
2630,-0.8189957888400444,1.7579056603707548,1.217347842238809,-1.5419146707492228,-1.4371591867789992,-1.9300675430778265,-2.078832828578453,-3.8891653771779673,0.23197536119735832,-0.7047204307332285,-1.394695464464014,0.7722377854413742,0.0,0.0
2631,-0.5169112182853264,0.44116885080095214,1.217347842238809,0.4116423781638197,1.5580367365415795,0.7492527943628847,0.20829169795186836,-0.15043921921333844,1.1429585468251326,-0.7047204307332285,0.7170024033772157,0.7722377854413742,0.0,0.0
2632,-1.7547085604214252,0.7991489007540297,1.217347842238809,2.3651994270768624,0.06043877488129027,2.0889129630832404,0.20829169795186836,0.7842423202778188,1.1429585468251326,-0.7047204307332285,0.7170024033772157,0.7722377854413742,0.0,0.0
2633,-1.1629432340139791,-1.4497074305130688,1.217347842238809,-1.5419146707492228,-1.4371591867789992,-0.5904073743574709,-0.9352705653132926,-2.019802298195653,-1.5899910100581907,-0.7047204307332285,0.7170024033772157,0.7722377854413742,0.0,0.0
2634,-0.7445729006281036,1.7579056603707548,1.217347842238809,-1.5419146707492228,-1.4371591867789992,-1.9300675430778265,-2.078832828578453,-3.8891653771779673,0.23197536119735832,-0.7047204307332285,-1.394695464464014,0.7722377854413742,0.0,0.0
2635,-8.560570240405939e-05,0.7991489007540297,1.217347842238809,2.3651994270768624,0.06043877488129027,2.0889129630832404,0.20829169795186836,0.7842423202778188,1.1429585468251326,-0.7047204307332285,0.7170024033772157,0.7722377854413742,0.0,0.0
2636,-1.6539275659677553,1.305869306507629,1.217347842238809,0.4116423781638197,0.06043877488129027,-0.5904073743574709,0.20829169795186836,-0.4619997323770575,0.23197536119735832,-0.7047204307332285,0.7170024033772157,0.7722377854413742,0.0,0.0
2637,-1.3179909177888558,-1.3479224465198205,1.217347842238809,-1.5419146707492228,0.06043877488129027,-0.5904073743574709,-0.9352705653132926,-1.0851207587044955,-1.1344994172443033,-0.7047204307332285,0.7170024033772157,0.7722377854413742,0.0,0.0
2638,-0.904530427722518,-1.8120955205495735,1.217347842238809,0.4116423781638197,-1.4371591867789992,-1.9300675430778265,1.3518539612170293,-1.0851207587044955,-1.1344994172443033,0.6150973505194979,0.7170024033772157,0.7722377854413742,0.0,0.0
2639,0.07743823618503429,-1.8120955205495735,1.217347842238809,0.4116423781638197,-1.4371591867789992,-1.9300675430778265,1.3518539612170293,-1.0851207587044955,-1.1344994172443033,0.6150973505194979,0.7170024033772157,0.7722377854413742,0.0,0.0
2640,-0.9303717083516642,-1.4497074305130688,1.270459094665944,-1.5419146707492228,-1.4371591867789992,-0.5904073743574709,-0.9352705653132926,-2.019802298195653,-1.5899910100581907,-0.7047204307332285,0.7170024033772157,0.7722377854413742,0.0,0.0
2641,-1.2404670759014176,-1.3479224465198205,1.270459094665944,-1.5419146707492228,0.06043877488129027,-0.5904073743574709,-0.9352705653132926,-1.0851207587044955,-1.1344994172443033,1.9349151317722242,0.7170024033772157,0.7722377854413742,0.0,0.0
2642,-1.0078955502391025,0.3824668092565971,1.270459094665944,0.4116423781638197,1.5580367365415795,0.7492527943628847,0.20829169795186836,0.16112129395038063,0.23197536119735832,0.6150973505194979,0.7170024033772157,0.7722377854413742,0.0,0.0
2643,-1.5247211628220247,-1.728821993438403,1.270459094665944,0.4116423781638197,-1.4371591867789992,-0.5904073743574709,1.3518539612170293,-0.7735602455407765,-1.1344994172443033,0.6150973505194979,0.7170024033772157,0.7722377854413742,0.0,0.0
2644,-0.9820542696099563,0.44116885080095214,1.270459094665944,0.4116423781638197,1.5580367365415795,0.7492527943628847,0.20829169795186836,-0.15043921921333844,1.1429585468251326,1.9349151317722242,0.7170024033772157,0.7722377854413742,0.0,0.0
2645,-0.7856605368284459,1.7579056603707548,1.270459094665944,-1.5419146707492228,-1.4371591867789992,-1.9300675430778265,-2.078832828578453,-3.8891653771779673,0.23197536119735832,-0.7047204307332285,-1.394695464464014,0.7722377854413742,0.0,0.0
2646,-0.688238908856565,1.7579056603707548,1.270459094665944,-1.5419146707492228,-1.4371591867789992,-1.9300675430778265,-2.078832828578453,-3.8891653771779673,0.23197536119735832,-0.7047204307332285,-1.394695464464014,0.7722377854413742,0.0,0.0
2647,-0.6440503189807252,1.7579056603707548,1.270459094665944,-1.5419146707492228,-1.4371591867789992,-1.9300675430778265,-2.078832828578453,-3.8891653771779673,0.23197536119735832,0.6150973505194979,-1.394695464464014,0.7722377854413742,0.0,0.0
2648,-0.5479207550403017,1.7579056603707548,1.270459094665944,-1.5419146707492228,-1.4371591867789992,-1.9300675430778265,-2.078832828578453,-3.8891653771779673,0.23197536119735832,-0.7047204307332285,-1.394695464464014,0.7722377854413742,0.0,0.0
2649,-0.6693747739972884,1.7579056603707548,1.270459094665944,-1.5419146707492228,-1.4371591867789992,-1.9300675430778265,-2.078832828578453,-3.8891653771779673,0.23197536119735832,-0.7047204307332285,-1.394695464464014,0.7722377854413742,0.0,0.0
2650,-0.5944350601727647,-0.6551776670125264,1.270459094665944,-1.5419146707492228,1.5580367365415795,-1.9300675430778265,1.3518539612170293,0.16112129395038063,-0.6790078244304162,-0.7047204307332285,0.7170024033772157,0.7722377854413742,0.0,0.0
2651,0.16142239822975915,1.305869306507629,1.270459094665944,0.4116423781638197,0.06043877488129027,-0.5904073743574709,0.20829169795186836,-0.4619997323770575,0.23197536119735832,-0.7047204307332285,0.7170024033772157,0.7722377854413742,0.0,0.0
2652,-0.7071030437158418,1.7579056603707548,1.270459094665944,-1.5419146707492228,-1.4371591867789992,-1.9300675430778265,-2.078832828578453,-3.8891653771779673,0.23197536119735832,-0.7047204307332285,-1.394695464464014,0.7722377854413742,0.0,0.0
2653,-0.904530427722518,0.5223551462595128,1.270459094665944,0.4116423781638197,0.06043877488129027,0.7492527943628847,0.20829169795186836,-0.15043921921333844,0.6874669540112455,0.6150973505194979,0.7170024033772157,0.7722377854413742,0.0,0.0
2654,-1.7572926884843398,-1.2918626425229427,1.270459094665944,0.4116423781638197,0.06043877488129027,-0.5904073743574709,-0.9352705653132926,1.0958028334415377,-1.1344994172443033,-0.7047204307332285,,-1.2949379308452873,0.0,0.0
2655,-1.0078955502391025,-0.6551776670125264,1.270459094665944,-1.5419146707492228,1.5580367365415795,-1.9300675430778265,1.3518539612170293,0.16112129395038063,-0.6790078244304162,-0.7047204307332285,0.7170024033772157,0.7722377854413742,0.0,0.0
2656,0.7751528131719794,0.3824668092565971,1.270459094665944,0.4116423781638197,1.5580367365415795,0.7492527943628847,0.20829169795186836,0.16112129395038063,0.23197536119735832,1.9349151317722242,0.7170024033772157,0.7722377854413742,0.0,0.0
2657,-1.7314514078551937,0.3824668092565971,1.270459094665944,0.4116423781638197,1.5580367365415795,0.7492527943628847,0.20829169795186836,0.16112129395038063,0.23197536119735832,0.6150973505194979,0.7170024033772157,0.7722377854413742,0.0,0.0
2658,-0.2843396926230113,0.2304354707659634,1.270459094665944,-1.5419146707492228,1.5580367365415795,-0.5904073743574709,0.20829169795186836,0.4726818071140997,1.1429585468251326,-0.7047204307332285,0.7170024033772157,0.7722377854413742,0.0,0.0
2659,-0.3360222538813035,-0.5403601873348578,1.270459094665944,0.4116423781638197,1.5580367365415795,0.7492527943628847,1.3518539612170293,1.718923859768976,-0.6790078244304162,0.6150973505194979,,-1.2949379308452873,0.0,0.0
2660,-0.7494827439476414,0.5223551462595128,1.270459094665944,0.4116423781638197,0.06043877488129027,0.7492527943628847,0.20829169795186836,-0.15043921921333844,0.6874669540112455,1.9349151317722242,0.7170024033772157,0.7722377854413742,0.0,0.0
2661,-0.7753240245767875,-1.4497074305130688,1.270459094665944,-1.5419146707492228,-1.4371591867789992,-0.5904073743574709,-0.9352705653132926,-2.019802298195653,-1.5899910100581907,-0.7047204307332285,0.7170024033772157,0.7722377854413742,0.0,0.0
2662,-1.0595781114973948,0.3824668092565971,1.270459094665944,0.4116423781638197,1.5580367365415795,0.7492527943628847,0.20829169795186836,0.16112129395038063,0.23197536119735832,0.6150973505194979,0.7170024033772157,0.7722377854413742,0.0,0.0
2663,-1.160648528294111,0.44116885080095214,1.270459094665944,0.4116423781638197,1.5580367365415795,0.7492527943628847,0.20829169795186836,-0.15043921921333844,1.1429585468251326,1.9349151317722242,0.7170024033772157,0.7722377854413742,0.0,0.0
2664,0.25832720058905706,-0.5403601873348578,1.270459094665944,0.4116423781638197,1.5580367365415795,0.7492527943628847,1.3518539612170293,1.718923859768976,-0.6790078244304162,0.6150973505194979,,-1.2949379308452873,0.0,0.0
2665,-1.038905086994078,-1.4497074305130688,1.270459094665944,-1.5419146707492228,-1.4371591867789992,-0.5904073743574709,-0.9352705653132926,-2.019802298195653,-1.5899910100581907,-0.7047204307332285,0.7170024033772157,0.7722377854413742,0.0,0.0
2666,-1.264241054080232,-1.3479224465198205,1.270459094665944,-1.5419146707492228,0.06043877488129027,-0.5904073743574709,-0.9352705653132926,-1.0851207587044955,-1.1344994172443033,-0.7047204307332285,0.7170024033772157,0.7722377854413742,0.0,0.0
2667,-0.5169112182853264,1.305869306507629,1.270459094665944,0.4116423781638197,0.06043877488129027,-0.5904073743574709,0.20829169795186836,-0.4619997323770575,0.23197536119735832,-0.7047204307332285,0.7170024033772157,0.7722377854413742,0.0,0.0
2668,-0.0776094475898424,0.2304354707659634,1.3235703470930789,-1.5419146707492228,1.5580367365415795,-0.5904073743574709,0.20829169795186836,0.4726818071140997,1.1429585468251326,-0.7047204307332285,0.7170024033772157,0.7722377854413742,0.0,0.0
2669,-0.12929200884813463,-1.3479224465198205,1.3235703470930789,-1.5419146707492228,0.06043877488129027,-0.5904073743574709,-0.9352705653132926,-1.0851207587044955,-1.1344994172443033,1.9349151317722242,0.7170024033772157,0.7722377854413742,0.0,0.0
2670,-1.6539275659677553,-1.8120955205495735,1.3235703470930789,0.4116423781638197,-1.4371591867789992,-1.9300675430778265,1.3518539612170293,-1.0851207587044955,-1.1344994172443033,-0.7047204307332285,0.7170024033772157,0.7722377854413742,0.0,0.0
2671,-0.6231498912078718,0.7991489007540297,1.3235703470930789,2.3651994270768624,0.06043877488129027,2.0889129630832404,0.20829169795186836,0.7842423202778188,1.1429585468251326,-0.7047204307332285,0.7170024033772157,0.7722377854413742,0.0,0.0
2672,-0.8011653052059335,0.44116885080095214,1.3235703470930789,0.4116423781638197,1.5580367365415795,0.7492527943628847,0.20829169795186836,-0.15043921921333844,1.1429585468251326,1.9349151317722242,0.7170024033772157,0.7722377854413742,0.0,0.0
2673,-0.2843396926230113,-1.3479224465198205,1.3235703470930789,-1.5419146707492228,0.06043877488129027,-0.5904073743574709,-0.9352705653132926,-1.0851207587044955,-1.1344994172443033,1.9349151317722242,0.7170024033772157,0.7722377854413742,0.0,0.0
2674,-1.289565509096795,0.04380877046339996,1.3235703470930789,-1.5419146707492228,-1.4371591867789992,-0.5904073743574709,-2.078832828578453,0.4726818071140997,-1.1344994172443033,-0.7047204307332285,0.7170024033772157,0.7722377854413742,0.0,0.0
2675,-1.0208161905536755,0.44116885080095214,1.3235703470930789,0.4116423781638197,1.5580367365415795,0.7492527943628847,0.20829169795186836,-0.15043921921333844,1.1429585468251326,0.6150973505194979,0.7170024033772157,0.7722377854413742,0.0,0.0
2676,1.0565333496866256,-0.4412736989171693,1.3235703470930789,-1.5419146707492228,1.5580367365415795,-1.9300675430778265,0.20829169795186836,-0.4619997323770575,-0.22351623161652892,-0.7047204307332285,0.7170024033772157,0.7722377854413742,0.0,0.0
2677,-1.5118005225074518,-1.8120955205495735,1.3235703470930789,0.4116423781638197,-1.4371591867789992,-1.9300675430778265,1.3518539612170293,-1.0851207587044955,-1.1344994172443033,1.9349151317722242,0.7170024033772157,0.7722377854413742,0.0,0.0
2678,-0.3360222538813035,-0.6551776670125264,1.3235703470930789,-1.5419146707492228,1.5580367365415795,-1.9300675430778265,1.3518539612170293,0.16112129395038063,-0.6790078244304162,-0.7047204307332285,0.7170024033772157,0.7722377854413742,0.0,0.0
2679,-1.297317893285539,0.5223551462595128,1.3235703470930789,0.4116423781638197,0.06043877488129027,0.7492527943628847,0.20829169795186836,-0.15043921921333844,0.6874669540112455,1.9349151317722242,0.7170024033772157,0.7722377854413742,0.0,0.0
2680,1.3643340115165108,0.3465271102785743,1.3235703470930789,0.4116423781638197,1.5580367365415795,0.7492527943628847,0.20829169795186836,0.16112129395038063,0.6874669540112455,-0.7047204307332285,0.7170024033772157,0.7722377854413742,0.0,0.0
2681,-0.9872225257357856,-1.728821993438403,1.3235703470930789,0.4116423781638197,-1.4371591867789992,-0.5904073743574709,1.3518539612170293,-0.7735602455407765,-1.1344994172443033,0.6150973505194979,0.7170024033772157,0.7722377854413742,0.0,0.0
2682,1.2661371451257555,0.2304354707659634,1.3235703470930789,-1.5419146707492228,1.5580367365415795,-0.5904073743574709,0.20829169795186836,0.4726818071140997,1.1429585468251326,-0.7047204307332285,0.7170024033772157,0.7722377854413742,0.0,0.0
2683,-0.6629144538400019,1.7579056603707548,1.3235703470930789,-1.5419146707492228,-1.4371591867789992,-1.9300675430778265,-2.078832828578453,-3.8891653771779673,0.23197536119735832,-0.7047204307332285,-1.394695464464014,0.7722377854413742,0.0,0.0
2684,-0.49623819378200945,0.44116885080095214,1.3235703470930789,0.4116423781638197,1.5580367365415795,0.7492527943628847,0.20829169795186836,-0.15043921921333844,1.1429585468251326,0.6150973505194979,0.7170024033772157,0.7722377854413742,0.0,0.0
2685,-0.8270065858350797,0.5223551462595128,1.3235703470930789,0.4116423781638197,0.06043877488129027,0.7492527943628847,0.20829169795186836,-0.15043921921333844,0.6874669540112455,0.6150973505194979,0.7170024033772157,0.7722377854413742,0.0,0.0
2686,0.8009940938011254,1.305869306507629,1.3235703470930789,0.4116423781638197,0.06043877488129027,-0.5904073743574709,0.20829169795186836,-0.4619997323770575,0.23197536119735832,-0.7047204307332285,0.7170024033772157,0.7722377854413742,0.0,0.0
2687,-0.41354609576874185,0.5223551462595128,1.3235703470930789,0.4116423781638197,0.06043877488129027,0.7492527943628847,0.20829169795186836,-0.15043921921333844,0.6874669540112455,1.9349151317722242,0.7170024033772157,0.7722377854413742,0.0,0.0
2688,-1.2275464355868444,0.44116885080095214,1.3235703470930789,0.4116423781638197,1.5580367365415795,0.7492527943628847,0.20829169795186836,-0.15043921921333844,1.1429585468251326,1.9349151317722242,0.7170024033772157,0.7722377854413742,0.0,0.0
2689,-0.7365621036330683,0.44116885080095214,1.3235703470930789,0.4116423781638197,1.5580367365415795,0.7492527943628847,0.20829169795186836,-0.15043921921333844,1.1429585468251326,1.9349151317722242,0.7170024033772157,0.7722377854413742,0.0,0.0
2690,-1.7521244323585106,0.7991489007540297,1.3235703470930789,2.3651994270768624,0.06043877488129027,2.0889129630832404,0.20829169795186836,0.7842423202778188,1.1429585468251326,-0.7047204307332285,0.7170024033772157,0.7722377854413742,0.0,0.0
2691,-0.6848795423747761,0.2304354707659634,1.3235703470930789,-1.5419146707492228,1.5580367365415795,-0.5904073743574709,0.20829169795186836,0.4726818071140997,1.1429585468251326,-0.7047204307332285,0.7170024033772157,0.7722377854413742,0.0,0.0
2692,-0.671958902060203,1.7579056603707548,1.3235703470930789,-1.5419146707492228,-1.4371591867789992,-1.9300675430778265,-2.078832828578453,-3.8891653771779673,0.23197536119735832,-0.7047204307332285,-1.394695464464014,0.7722377854413742,0.0,0.0
2693,0.09035887649960733,-1.2918626425229427,1.3235703470930789,0.4116423781638197,0.06043877488129027,-0.5904073743574709,-0.9352705653132926,1.0958028334415377,-1.1344994172443033,-0.7047204307332285,,-1.2949379308452873,0.0,0.0
2694,0.9043592163177099,-1.8120955205495735,1.3235703470930789,0.4116423781638197,-1.4371591867789992,-1.9300675430778265,1.3518539612170293,-1.0851207587044955,-1.1344994172443033,1.9349151317722242,0.7170024033772157,0.7722377854413742,0.0,0.0
2695,-0.5169112182853264,-1.4497074305130688,1.3235703470930789,-1.5419146707492228,-1.4371591867789992,-0.5904073743574709,-0.9352705653132926,-2.019802298195653,-1.5899910100581907,-0.7047204307332285,0.7170024033772157,0.7722377854413742,0.0,0.0
2696,-0.0776094475898424,0.3824668092565971,1.3235703470930789,0.4116423781638197,1.5580367365415795,0.7492527943628847,0.20829169795186836,0.16112129395038063,0.23197536119735832,1.9349151317722242,0.7170024033772157,0.7722377854413742,0.0,0.0
2697,-1.808975249742632,0.3824668092565971,1.3235703470930789,0.4116423781638197,1.5580367365415795,0.7492527943628847,0.20829169795186836,0.16112129395038063,0.23197536119735832,-0.7047204307332285,0.7170024033772157,0.7722377854413742,0.0,0.0
2698,-0.1680539297918538,-1.728821993438403,1.3235703470930789,0.4116423781638197,-1.4371591867789992,-0.5904073743574709,1.3518539612170293,-0.7735602455407765,-1.1344994172443033,1.9349151317722242,0.7170024033772157,0.7722377854413742,0.0,0.0
2699,-0.7236414633184952,-1.4497074305130688,1.3235703470930789,-1.5419146707492228,-1.4371591867789992,-0.5904073743574709,-0.9352705653132926,-2.019802298195653,-1.5899910100581907,-0.7047204307332285,0.7170024033772157,0.7722377854413742,0.0,0.0
2700,0.3100097618473493,-1.728821993438403,1.3235703470930789,0.4116423781638197,-1.4371591867789992,-0.5904073743574709,1.3518539612170293,-0.7735602455407765,-1.1344994172443033,1.9349151317722242,0.7170024033772157,0.7722377854413742,0.0,0.0
2701,-0.38770481513959576,0.7991489007540297,1.3235703470930789,2.3651994270768624,0.06043877488129027,2.0889129630832404,0.20829169795186836,0.7842423202778188,1.1429585468251326,-0.7047204307332285,0.7170024033772157,0.7722377854413742,0.0,0.0
2702,-1.7314514078551937,-1.2918626425229427,1.3235703470930789,0.4116423781638197,0.06043877488129027,-0.5904073743574709,-0.9352705653132926,1.0958028334415377,-1.1344994172443033,0.6150973505194979,,-1.2949379308452873,0.0,0.0
2703,-1.7443720481697667,-1.2918626425229427,1.3766815995202137,0.4116423781638197,0.06043877488129027,-0.5904073743574709,-0.9352705653132926,1.0958028334415377,-1.1344994172443033,0.6150973505194979,,-1.2949379308452873,0.0,0.0
2704,-0.7024516132025954,1.7579056603707548,1.3766815995202137,-1.5419146707492228,-1.4371591867789992,-1.9300675430778265,-2.078832828578453,-3.8891653771779673,0.23197536119735832,-0.7047204307332285,-1.394695464464014,0.7722377854413742,0.0,0.0
2705,-0.8838574032192011,-1.4497074305130688,1.3766815995202137,-1.5419146707492228,-1.4371591867789992,-0.5904073743574709,-0.9352705653132926,-2.019802298195653,-1.5899910100581907,-0.7047204307332285,0.7170024033772157,0.7722377854413742,0.0,0.0
2706,-0.8011653052059335,0.5223551462595128,1.3766815995202137,0.4116423781638197,0.06043877488129027,0.7492527943628847,0.20829169795186836,-0.15043921921333844,0.6874669540112455,0.6150973505194979,0.7170024033772157,0.7722377854413742,0.0,0.0
2707,-1.4988798821928786,-0.6551776670125264,1.3766815995202137,-1.5419146707492228,1.5580367365415795,-1.9300675430778265,1.3518539612170293,0.16112129395038063,-0.6790078244304162,-0.7047204307332285,0.7170024033772157,0.7722377854413742,0.0,0.0
2708,-0.5427524989144724,0.5223551462595128,1.3766815995202137,0.4116423781638197,0.06043877488129027,0.7492527943628847,0.20829169795186836,-0.15043921921333844,0.6874669540112455,1.9349151317722242,0.7170024033772157,0.7722377854413742,0.0,0.0
2709,-0.9432923486662372,-1.8120955205495735,1.3766815995202137,0.4116423781638197,-1.4371591867789992,-1.9300675430778265,1.3518539612170293,-1.0851207587044955,-1.1344994172443033,1.9349151317722242,0.7170024033772157,0.7722377854413742,0.0,0.0
2710,-0.8893150816880768,0.3824668092565971,1.3766815995202137,0.4116423781638197,1.5580367365415795,0.7492527943628847,0.20829169795186836,0.16112129395038063,0.23197536119735832,1.9349151317722242,0.7170024033772157,0.7722377854413742,0.0,0.0
2711,-1.038905086994078,-0.6551776670125264,1.3766815995202137,-1.5419146707492228,1.5580367365415795,-1.9300675430778265,1.3518539612170293,0.16112129395038063,-0.6790078244304162,-0.7047204307332285,0.7170024033772157,0.7722377854413742,0.0,0.0
2712,-0.0776094475898424,0.2304354707659634,1.3766815995202137,-1.5419146707492228,1.5580367365415795,-0.5904073743574709,0.20829169795186836,0.4726818071140997,1.1429585468251326,-0.7047204307332285,0.7170024033772157,0.7722377854413742,0.0,0.0
2713,0.5425812875096643,-1.8120955205495735,1.3766815995202137,0.4116423781638197,-1.4371591867789992,-1.9300675430778265,1.3518539612170293,-1.0851207587044955,-1.1344994172443033,-0.7047204307332285,0.7170024033772157,0.7722377854413742,0.0,0.0
2714,-1.137101953384833,1.305869306507629,1.3766815995202137,0.4116423781638197,0.06043877488129027,-0.5904073743574709,0.20829169795186836,-0.4619997323770575,0.23197536119735832,-0.7047204307332285,0.7170024033772157,0.7722377854413742,0.0,0.0
2715,-0.4652286570270341,0.44116885080095214,1.3766815995202137,0.4116423781638197,1.5580367365415795,0.7492527943628847,0.20829169795186836,-0.15043921921333844,1.1429585468251326,0.6150973505194979,0.7170024033772157,0.7722377854413742,0.0,0.0
2716,-0.8270065858350797,0.5223551462595128,1.3766815995202137,0.4116423781638197,0.06043877488129027,0.7492527943628847,0.20829169795186836,-0.15043921921333844,0.6874669540112455,-0.7047204307332285,0.7170024033772157,0.7722377854413742,0.0,0.0
2717,-0.7071030437158418,1.7579056603707548,1.3766815995202137,-1.5419146707492228,-1.4371591867789992,-1.9300675430778265,-2.078832828578453,-3.8891653771779673,0.23197536119735832,-0.7047204307332285,-1.394695464464014,0.7722377854413742,0.0,0.0
2718,-0.23553068177068012,-1.4497074305130688,1.3766815995202137,-1.5419146707492228,-1.4371591867789992,-0.5904073743574709,-0.9352705653132926,-2.019802298195653,-1.5899910100581907,-0.7047204307332285,0.7170024033772157,0.7722377854413742,0.0,0.0
2719,-0.03884752664612323,0.2304354707659634,1.3766815995202137,-1.5419146707492228,1.5580367365415795,-0.5904073743574709,0.20829169795186836,0.4726818071140997,1.1429585468251326,-0.7047204307332285,0.7170024033772157,0.7722377854413742,0.0,0.0
2720,-1.0595781114973948,-1.728821993438403,1.3766815995202137,0.4116423781638197,-1.4371591867789992,-0.5904073743574709,1.3518539612170293,-0.7735602455407765,-1.1344994172443033,0.6150973505194979,0.7170024033772157,0.7722377854413742,0.0,0.0
2721,-0.9691336292953833,0.44116885080095214,1.3766815995202137,0.4116423781638197,1.5580367365415795,0.7492527943628847,0.20829169795186836,-0.15043921921333844,1.1429585468251326,1.9349151317722242,0.7170024033772157,0.7722377854413742,0.0,0.0
2722,-1.5634830837657439,-1.4497074305130688,1.3766815995202137,-1.5419146707492228,-1.4371591867789992,-0.5904073743574709,-0.9352705653132926,-2.019802298195653,-1.5899910100581907,-0.7047204307332285,0.7170024033772157,0.7722377854413742,0.0,0.0
2723,-1.2275464355868444,0.04380877046339996,1.3766815995202137,-1.5419146707492228,-1.4371591867789992,-0.5904073743574709,-2.078832828578453,0.4726818071140997,-1.1344994172443033,-0.7047204307332285,0.7170024033772157,0.7722377854413742,0.0,0.0
2724,-0.6978001826893491,-0.6551776670125264,1.3766815995202137,-1.5419146707492228,1.5580367365415795,-1.9300675430778265,1.3518539612170293,0.16112129395038063,-0.6790078244304162,-0.7047204307332285,0.7170024033772157,0.7722377854413742,0.0,0.0
2725,-1.175863874328552,-1.4497074305130688,1.3766815995202137,-1.5419146707492228,-1.4371591867789992,-0.5904073743574709,-0.9352705653132926,-2.019802298195653,-1.5899910100581907,-0.7047204307332285,0.7170024033772157,0.7722377854413742,0.0,0.0
2726,-1.7185307675406205,-1.2918626425229427,1.3766815995202137,0.4116423781638197,0.06043877488129027,-0.5904073743574709,-0.9352705653132926,1.0958028334415377,-1.1344994172443033,0.6150973505194979,,-1.2949379308452873,0.0,0.0
2727,0.6459464100262488,-1.8120955205495735,1.3766815995202137,0.4116423781638197,-1.4371591867789992,-1.9300675430778265,1.3518539612170293,-1.0851207587044955,-1.1344994172443033,0.6150973505194979,0.7170024033772157,0.7722377854413742,0.0,0.0
2728,-0.6848795423747761,-1.3479224465198205,1.3766815995202137,-1.5419146707492228,0.06043877488129027,-0.5904073743574709,-0.9352705653132926,-1.0851207587044955,-1.1344994172443033,-0.7047204307332285,0.7170024033772157,0.7722377854413742,0.0,0.0
2729,-1.343832198418002,-1.728821993438403,1.3766815995202137,0.4116423781638197,-1.4371591867789992,-0.5904073743574709,1.3518539612170293,-0.7735602455407765,-1.1344994172443033,0.6150973505194979,0.7170024033772157,0.7722377854413742,0.0,0.0
2730,0.1291207974433265,-1.8120955205495735,1.3766815995202137,0.4116423781638197,-1.4371591867789992,-1.9300675430778265,1.3518539612170293,-1.0851207587044955,-1.1344994172443033,1.9349151317722242,0.7170024033772157,0.7722377854413742,0.0,0.0
2731,-1.5247211628220247,-1.728821993438403,1.3766815995202137,0.4116423781638197,-1.4371591867789992,-0.5904073743574709,1.3518539612170293,-0.7735602455407765,-1.1344994172443033,-0.7047204307332285,0.7170024033772157,0.7722377854413742,0.0,0.0
2732,-0.9303717083516642,-1.8120955205495735,1.3766815995202137,0.4116423781638197,-1.4371591867789992,-1.9300675430778265,1.3518539612170293,-1.0851207587044955,-1.1344994172443033,0.6150973505194979,0.7170024033772157,0.7722377854413742,0.0,0.0
2733,-0.12929200884813463,-1.8120955205495735,1.3766815995202137,0.4116423781638197,-1.4371591867789992,-1.9300675430778265,1.3518539612170293,-1.0851207587044955,-1.1344994172443033,0.6150973505194979,0.7170024033772157,0.7722377854413742,0.0,0.0
2734,-0.4652286570270341,0.44116885080095214,1.3766815995202137,0.4116423781638197,1.5580367365415795,0.7492527943628847,0.20829169795186836,-0.15043921921333844,1.1429585468251326,1.9349151317722242,0.7170024033772157,0.7722377854413742,0.0,0.0
2735,-0.8270065858350797,0.44116885080095214,1.3766815995202137,0.4116423781638197,1.5580367365415795,0.7492527943628847,0.20829169795186836,-0.15043921921333844,1.1429585468251326,-0.7047204307332285,0.7170024033772157,0.7722377854413742,0.0,0.0
2736,-0.49158676326876316,1.7579056603707548,1.3766815995202137,-1.5419146707492228,-1.4371591867789992,-1.9300675430778265,-2.078832828578453,-3.8891653771779673,0.23197536119735832,-0.7047204307332285,-1.394695464464014,0.7722377854413742,0.0,0.0
2737,-1.7443720481697667,-1.3479224465198205,1.4297928519473488,-1.5419146707492228,0.06043877488129027,-0.5904073743574709,-0.9352705653132926,-1.0851207587044955,-1.1344994172443033,-0.7047204307332285,0.7170024033772157,0.7722377854413742,0.0,0.0
2738,-1.1500225936994062,1.305869306507629,1.4297928519473488,0.4116423781638197,0.06043877488129027,-0.5904073743574709,0.20829169795186836,-0.4619997323770575,0.23197536119735832,-0.7047204307332285,0.7170024033772157,0.7722377854413742,0.0,0.0
2739,1.2919784257549016,-0.5403601873348578,1.4297928519473488,0.4116423781638197,1.5580367365415795,0.7492527943628847,1.3518539612170293,1.718923859768976,-0.6790078244304162,0.6150973505194979,,-1.2949379308452873,0.0,0.0
2740,-1.3179909177888558,-0.6551776670125264,1.4297928519473488,-1.5419146707492228,1.5580367365415795,-1.9300675430778265,1.3518539612170293,0.16112129395038063,-0.6790078244304162,-0.7047204307332285,0.7170024033772157,0.7722377854413742,0.0,0.0
2741,-1.1500225936994062,1.305869306507629,1.4297928519473488,0.4116423781638197,0.06043877488129027,-0.5904073743574709,0.20829169795186836,-0.4619997323770575,0.23197536119735832,-0.7047204307332285,0.7170024033772157,0.7722377854413742,0.0,0.0
2742,0.5684225681388104,1.305869306507629,1.4297928519473488,0.4116423781638197,0.06043877488129027,-0.5904073743574709,0.20829169795186836,-0.4619997323770575,0.23197536119735832,-0.7047204307332285,0.7170024033772157,0.7722377854413742,0.0,0.0
2743,0.5684225681388104,0.3824668092565971,1.4297928519473488,0.4116423781638197,1.5580367365415795,0.7492527943628847,0.20829169795186836,0.16112129395038063,0.23197536119735832,0.6150973505194979,0.7170024033772157,0.7722377854413742,0.0,0.0
2744,-0.9691336292953833,-0.5403601873348578,1.4297928519473488,0.4116423781638197,1.5580367365415795,0.7492527943628847,1.3518539612170293,1.718923859768976,-0.6790078244304162,0.6150973505194979,,-1.2949379308452873,0.0,0.0
2745,-0.5427524989144724,0.44116885080095214,1.4297928519473488,0.4116423781638197,1.5580367365415795,0.7492527943628847,0.20829169795186836,-0.15043921921333844,1.1429585468251326,-0.7047204307332285,0.7170024033772157,0.7722377854413742,0.0,0.0
2746,-0.7236414633184952,0.44116885080095214,1.4297928519473488,0.4116423781638197,1.5580367365415795,0.7492527943628847,0.20829169795186836,-0.15043921921333844,1.1429585468251326,1.9349151317722242,0.7170024033772157,0.7722377854413742,0.0,0.0
2747,-1.7443720481697667,-1.3479224465198205,1.4297928519473488,-1.5419146707492228,0.06043877488129027,-0.5904073743574709,-0.9352705653132926,-1.0851207587044955,-1.1344994172443033,-0.7047204307332285,0.7170024033772157,0.7722377854413742,0.0,0.0
2748,-1.0130638063649318,-0.6551776670125264,1.4297928519473488,-1.5419146707492228,1.5580367365415795,-1.9300675430778265,1.3518539612170293,0.16112129395038063,-0.6790078244304162,-0.7047204307332285,0.7170024033772157,0.7722377854413742,0.0,0.0
2749,-0.2895079487488405,0.3824668092565971,1.4297928519473488,0.4116423781638197,1.5580367365415795,0.7492527943628847,0.20829169795186836,0.16112129395038063,0.23197536119735832,0.6150973505194979,0.7170024033772157,0.7722377854413742,0.0,0.0
2750,-1.6926894869114746,0.7991489007540297,1.4297928519473488,2.3651994270768624,0.06043877488129027,2.0889129630832404,0.20829169795186836,0.7842423202778188,1.1429585468251326,-0.7047204307332285,0.7170024033772157,0.7722377854413742,0.0,0.0
2751,-0.9432923486662372,0.8900159241366333,1.4297928519473488,2.3651994270768624,0.06043877488129027,2.0889129630832404,0.20829169795186836,0.7842423202778188,1.1429585468251326,-0.7047204307332285,0.7170024033772157,-1.2949379308452873,0.0,0.0
2752,-0.6461176214310569,0.44116885080095214,1.4297928519473488,0.4116423781638197,1.5580367365415795,0.7492527943628847,0.20829169795186836,-0.15043921921333844,1.1429585468251326,-0.7047204307332285,0.7170024033772157,0.7722377854413742,0.0,0.0
2753,-1.4988798821928786,-1.728821993438403,1.4297928519473488,0.4116423781638197,-1.4371591867789992,-0.5904073743574709,1.3518539612170293,-0.7735602455407765,-1.1344994172443033,-0.7047204307332285,0.7170024033772157,0.7722377854413742,0.0,0.0
2754,-0.8140859455205066,0.3465271102785743,1.4297928519473488,0.4116423781638197,1.5580367365415795,0.7492527943628847,0.20829169795186836,0.16112129395038063,0.6874669540112455,-0.7047204307332285,0.7170024033772157,0.7722377854413742,0.0,0.0
2755,-1.4807909857524764,-1.728821993438403,1.4297928519473488,0.4116423781638197,-1.4371591867789992,-0.5904073743574709,1.3518539612170293,-0.7735602455407765,-1.1344994172443033,-0.7047204307332285,0.7170024033772157,0.7722377854413742,0.0,0.0
2756,0.05159695555588817,-1.4497074305130688,1.4297928519473488,-1.5419146707492228,-1.4371591867789992,-0.5904073743574709,-0.9352705653132926,-2.019802298195653,-1.5899910100581907,-0.7047204307332285,0.7170024033772157,0.7722377854413742,0.0,0.0
2757,-0.9872225257357856,0.44116885080095214,1.4297928519473488,0.4116423781638197,1.5580367365415795,0.7492527943628847,0.20829169795186836,-0.15043921921333844,1.1429585468251326,-0.7047204307332285,0.7170024033772157,0.7722377854413742,0.0,0.0
2758,-1.6539275659677553,1.305869306507629,1.4297928519473488,0.4116423781638197,0.06043877488129027,-0.5904073743574709,0.20829169795186836,-0.4619997323770575,0.23197536119735832,-0.7047204307332285,0.7170024033772157,0.7722377854413742,0.0,0.0
2759,-1.7572926884843398,-1.3479224465198205,1.4297928519473488,-1.5419146707492228,0.06043877488129027,-0.5904073743574709,-0.9352705653132926,-1.0851207587044955,-1.1344994172443033,-0.7047204307332285,0.7170024033772157,0.7722377854413742,0.0,0.0
2760,-0.439387376397888,0.5223551462595128,1.4297928519473488,0.4116423781638197,0.06043877488129027,0.7492527943628847,0.20829169795186836,-0.15043921921333844,0.6874669540112455,1.9349151317722242,0.7170024033772157,0.7722377854413742,0.0,0.0
2761,-1.0724987518119677,0.3824668092565971,1.4297928519473488,0.4116423781638197,1.5580367365415795,0.7492527943628847,0.20829169795186836,0.16112129395038063,0.23197536119735832,-0.7047204307332285,0.7170024033772157,0.7722377854413742,0.0,0.0
2762,-1.7443720481697667,-1.4497074305130688,1.4297928519473488,-1.5419146707492228,-1.4371591867789992,-0.5904073743574709,-0.9352705653132926,-2.019802298195653,-1.5899910100581907,-0.7047204307332285,0.7170024033772157,0.7722377854413742,0.0,0.0
2763,-1.310238533600112,0.04380877046339996,1.4297928519473488,-1.5419146707492228,-1.4371591867789992,-0.5904073743574709,-2.078832828578453,0.4726818071140997,-1.1344994172443033,-0.7047204307332285,0.7170024033772157,0.7722377854413742,0.0,0.0
2764,-1.0750828798748824,1.305869306507629,1.4297928519473488,0.4116423781638197,0.06043877488129027,-0.5904073743574709,0.20829169795186836,-0.4619997323770575,0.23197536119735832,-0.7047204307332285,0.7170024033772157,0.7722377854413742,0.0,0.0
2765,-0.5944350601727647,0.44116885080095214,1.4297928519473488,0.4116423781638197,1.5580367365415795,0.7492527943628847,0.20829169795186836,-0.15043921921333844,1.1429585468251326,0.6150973505194979,0.7170024033772157,0.7722377854413742,0.0,0.0
2766,-1.137101953384833,-1.728821993438403,1.4297928519473488,0.4116423781638197,-1.4371591867789992,-0.5904073743574709,1.3518539612170293,-0.7735602455407765,-1.1344994172443033,-0.7047204307332285,0.7170024033772157,0.7722377854413742,0.0,0.0
2767,-0.209689401141534,0.3824668092565971,1.4297928519473488,0.4116423781638197,1.5580367365415795,0.7492527943628847,0.20829169795186836,0.16112129395038063,0.23197536119735832,1.9349151317722242,0.7170024033772157,0.7722377854413742,0.0,0.0
2768,-1.3800099912988064,-0.6551776670125264,1.4297928519473488,-1.5419146707492228,1.5580367365415795,-1.9300675430778265,1.3518539612170293,0.16112129395038063,-0.6790078244304162,-0.7047204307332285,0.7170024033772157,0.7722377854413742,0.0,0.0
2769,-1.7702133287989128,-1.3479224465198205,1.4297928519473488,-1.5419146707492228,0.06043877488129027,-0.5904073743574709,-0.9352705653132926,-1.0851207587044955,-1.1344994172443033,-0.7047204307332285,0.7170024033772157,0.7722377854413742,0.0,0.0
2770,-0.6461176214310569,0.7991489007540297,1.4297928519473488,2.3651994270768624,0.06043877488129027,2.0889129630832404,0.20829169795186836,0.7842423202778188,1.1429585468251326,-0.7047204307332285,0.7170024033772157,0.7722377854413742,0.0,0.0
2771,-1.2352988197755883,-1.3479224465198205,1.4297928519473488,-1.5419146707492228,0.06043877488129027,-0.5904073743574709,-0.9352705653132926,-1.0851207587044955,-1.1344994172443033,-0.7047204307332285,0.7170024033772157,0.7722377854413742,0.0,0.0
2772,-1.58932436439489,-1.8120955205495735,1.4297928519473488,0.4116423781638197,-1.4371591867789992,-1.9300675430778265,1.3518539612170293,-1.0851207587044955,-1.1344994172443033,-0.7047204307332285,0.7170024033772157,0.7722377854413742,0.0,0.0
2773,-0.6848795423747761,1.7579056603707548,1.4297928519473488,-1.5419146707492228,-1.4371591867789992,-1.9300675430778265,-2.078832828578453,-3.8891653771779673,0.23197536119735832,-0.7047204307332285,-1.394695464464014,0.7722377854413742,0.0,0.0
2774,-1.6797688465969014,-1.3479224465198205,1.4297928519473488,-1.5419146707492228,0.06043877488129027,-0.5904073743574709,-0.9352705653132926,-1.0851207587044955,-1.1344994172443033,1.9349151317722242,0.7170024033772157,0.7722377854413742,0.0,0.0
2775,-1.6797688465969014,-1.3479224465198205,1.4297928519473488,-1.5419146707492228,0.06043877488129027,-0.5904073743574709,-0.9352705653132926,-1.0851207587044955,-1.1344994172443033,0.6150973505194979,0.7170024033772157,0.7722377854413742,0.0,0.0
2776,-0.5220794744111555,0.2304354707659634,1.4829041043744837,-1.5419146707492228,1.5580367365415795,-0.5904073743574709,0.20829169795186836,0.4726818071140997,1.1429585468251326,-0.7047204307332285,0.7170024033772157,0.7722377854413742,0.0,0.0
2777,-0.8011653052059335,0.3465271102785743,1.4829041043744837,0.4116423781638197,1.5580367365415795,0.7492527943628847,0.20829169795186836,0.16112129395038063,0.6874669540112455,-0.7047204307332285,0.7170024033772157,0.7722377854413742,0.0,0.0
2778,-1.1629432340139791,-1.3479224465198205,1.4829041043744837,-1.5419146707492228,0.06043877488129027,-0.5904073743574709,-0.9352705653132926,-1.0851207587044955,-1.1344994172443033,0.6150973505194979,0.7170024033772157,0.7722377854413742,0.0,0.0
2779,-1.3800099912988064,-0.6551776670125264,1.4829041043744837,-1.5419146707492228,1.5580367365415795,-1.9300675430778265,1.3518539612170293,0.16112129395038063,-0.6790078244304162,-0.7047204307332285,0.7170024033772157,0.7722377854413742,0.0,0.0
2780,-1.0569939834344801,1.305869306507629,1.4829041043744837,0.4116423781638197,0.06043877488129027,-0.5904073743574709,0.20829169795186836,-0.4619997323770575,0.23197536119735832,-0.7047204307332285,0.7170024033772157,0.7722377854413742,0.0,0.0
2781,-0.2895079487488405,0.7991489007540297,1.4829041043744837,2.3651994270768624,0.06043877488129027,2.0889129630832404,0.20829169795186836,0.7842423202778188,1.1429585468251326,-0.7047204307332285,0.7170024033772157,0.7722377854413742,0.0,0.0
2782,-1.4342766806200133,-1.2918626425229427,1.4829041043744837,0.4116423781638197,0.06043877488129027,-0.5904073743574709,-0.9352705653132926,1.0958028334415377,-1.1344994172443033,0.6150973505194979,,-1.2949379308452873,0.0,0.0
2783,0.3875336037347876,-0.6551776670125264,1.4829041043744837,-1.5419146707492228,1.5580367365415795,-1.9300675430778265,1.3518539612170293,0.16112129395038063,-0.6790078244304162,-0.7047204307332285,0.7170024033772157,0.7722377854413742,0.0,0.0
2784,-1.369673479047148,-1.728821993438403,1.4829041043744837,0.4116423781638197,-1.4371591867789992,-0.5904073743574709,1.3518539612170293,-0.7735602455407765,-1.1344994172443033,-0.7047204307332285,0.7170024033772157,0.7722377854413742,0.0,0.0
2785,-0.10345072821898851,0.7991489007540297,1.4829041043744837,2.3651994270768624,0.06043877488129027,2.0889129630832404,0.20829169795186836,0.7842423202778188,1.1429585468251326,-0.7047204307332285,0.7170024033772157,0.7722377854413742,0.0,0.0
2786,-0.02993228482906782,-0.4412736989171693,1.4829041043744837,-1.5419146707492228,1.5580367365415795,-1.9300675430778265,0.20829169795186836,-0.4619997323770575,-0.22351623161652892,-0.7047204307332285,0.7170024033772157,0.7722377854413742,0.0,0.0
2787,-0.025926886331550172,0.3824668092565971,1.4829041043744837,0.4116423781638197,1.5580367365415795,0.7492527943628847,0.20829169795186836,0.16112129395038063,0.23197536119735832,0.6150973505194979,0.7170024033772157,0.7722377854413742,0.0,0.0
2788,-1.6410069256531823,-1.8120955205495735,1.4829041043744837,0.4116423781638197,-1.4371591867789992,-1.9300675430778265,1.3518539612170293,-1.0851207587044955,-1.1344994172443033,-0.7047204307332285,0.7170024033772157,0.7722377854413742,0.0,0.0
2789,0.18080335870161873,-1.8120955205495735,1.4829041043744837,0.4116423781638197,-1.4371591867789992,-1.9300675430778265,1.3518539612170293,-1.0851207587044955,-1.1344994172443033,0.6150973505194979,0.7170024033772157,0.7722377854413742,0.0,0.0
2790,-1.0027272941132732,0.5223551462595128,1.4829041043744837,0.4116423781638197,0.06043877488129027,0.7492527943628847,0.20829169795186836,-0.15043921921333844,0.6874669540112455,-0.7047204307332285,0.7170024033772157,0.7722377854413742,0.0,0.0
2791,-0.36186353451044967,0.7991489007540297,1.4829041043744837,2.3651994270768624,0.06043877488129027,2.0889129630832404,0.20829169795186836,0.7842423202778188,1.1429585468251326,-0.7047204307332285,0.7170024033772157,0.7722377854413742,0.0,0.0
2792,-1.703025999163133,-1.3479224465198205,1.4829041043744837,-1.5419146707492228,0.06043877488129027,-0.5904073743574709,-0.9352705653132926,-1.0851207587044955,-1.1344994172443033,0.6150973505194979,0.7170024033772157,0.7722377854413742,0.0,0.0
2793,-1.5557306995770002,-1.8120955205495735,1.4829041043744837,0.4116423781638197,-1.4371591867789992,-1.9300675430778265,1.3518539612170293,-1.0851207587044955,-1.1344994172443033,1.9349151317722242,0.7170024033772157,0.7722377854413742,0.0,0.0
2794,-0.7339779755701537,1.7579056603707548,1.4829041043744837,-1.5419146707492228,-1.4371591867789992,-1.9300675430778265,-2.078832828578453,-3.8891653771779673,0.23197536119735832,-0.7047204307332285,-1.394695464464014,0.7722377854413742,0.0,0.0
2795,-0.8502637384013112,-1.8120955205495735,1.4829041043744837,0.4116423781638197,-1.4371591867789992,-1.9300675430778265,1.3518539612170293,-1.0851207587044955,-1.1344994172443033,1.9349151317722242,0.7170024033772157,0.7722377854413742,0.0,0.0
2796,-0.4652286570270341,0.5223551462595128,1.4829041043744837,0.4116423781638197,0.06043877488129027,0.7492527943628847,0.20829169795186836,-0.15043921921333844,0.6874669540112455,-0.7047204307332285,0.7170024033772157,0.7722377854413742,0.0,0.0
2797,-0.41354609576874185,-0.5403601873348578,1.4829041043744837,0.4116423781638197,1.5580367365415795,0.7492527943628847,1.3518539612170293,1.718923859768976,-0.6790078244304162,1.9349151317722242,,-1.2949379308452873,0.0,0.0
2798,-0.6569709592952983,1.7579056603707548,1.4829041043744837,-1.5419146707492228,-1.4371591867789992,-1.9300675430778265,-2.078832828578453,-3.8891653771779673,0.23197536119735832,-0.7047204307332285,-1.394695464464014,0.7722377854413742,0.0,0.0
2799,-0.545336626977387,1.7579056603707548,1.4829041043744837,-1.5419146707492228,-1.4371591867789992,-1.9300675430778265,-2.078832828578453,-3.8891653771779673,0.23197536119735832,0.6150973505194979,-1.394695464464014,0.7722377854413742,0.0,0.0
