,Transacted Price ($),Area (SQFT),Unit Price ($ PSF),Dist to CBD in Km,Sale Months Since Sep 2025,Num MRT Within 1km,Num Hawker Within 1km,Num Malls Within 1km,Num Hospitals Within 5km,Num Schools Within 2km,Num Parks Within 1km,Floor_Level_Category,Type_of_Sale_Encoded,Property_Type_Encoded,Market_Segment_Encoded
0,-0.5533923647037285,-0.6905307851247574,0.22706746023832447,0.11845372692676993,-4.386818595909328,-0.14669970498719395,0.1466997049871893,-0.15143355718255377,0.15161960871578406,0.14669970498718773,-0.14774790459234652,1.0478981937547298,,0.0,0.15161960871578106
1,0.29310349992203694,0.26820069396599644,1.0961396930648784,0.11845372692676993,-4.386818595909328,-0.14669970498719395,0.1466997049871893,-0.15143355718255377,0.15161960871578406,0.14669970498718773,-0.14774790459234652,-0.6055167956156141,-0.15238786355189188,0.0,0.15161960871578106
2,1.6872906257965326,2.4718513597123035,-0.9166643933400177,0.11845372692676993,-4.386818595909328,-0.14669970498719395,0.1466997049871893,-0.15143355718255377,0.15161960871578406,0.14669970498718773,-0.14774790459234652,1.8746056884399018,-0.15238786355189188,0.0,0.15161960871578106
3,1.8264984174874805,2.586323783989546,-0.6870981431594186,0.11845372692676993,-4.286309687417648,-0.14669970498719395,0.1466997049871893,-0.15143355718255377,0.15161960871578406,0.14669970498718773,-0.14774790459234652,2.2879594357824877,-0.15238786355189188,0.0,0.15161960871578106
4,1.8686825967877678,2.586323783989546,-0.5190228528486228,0.11845372692676993,-4.286309687417648,-0.14669970498719395,0.1466997049871893,-0.15143355718255377,0.15161960871578406,0.14669970498718773,-0.14774790459234652,2.2879594357824877,-0.15238786355189188,0.0,0.15161960871578106
5,0.09694706617570091,-0.06091251098484586,2.2029769707213385,0.11845372692676993,-4.286309687417648,-0.14669970498719395,0.1466997049871893,-0.15143355718255377,0.15161960871578406,0.14669970498718773,-0.14774790459234652,-0.19216304827302813,,0.0,0.15161960871578106
6,0.7297097556800106,1.3700260268391498,-1.8882215592829106,0.11845372692676993,-4.286309687417648,-0.14669970498719395,0.1466997049871893,-0.15143355718255377,0.15161960871578406,0.14669970498718773,-0.14774790459234652,-1.432224290300786,-0.15238786355189188,0.0,0.15161960871578106
7,1.0025007818218685,1.3700260268391498,-0.2648602187201023,0.11845372692676993,-4.085291870434288,-0.14669970498719395,0.1466997049871893,-0.15143355718255377,0.15161960871578406,0.14669970498718773,-0.14774790459234652,-0.6055167956156141,-0.15238786355189188,0.0,0.15161960871578106
8,1.6524886778737955,2.4718513597123035,-1.0642426970275458,0.11845372692676993,-4.085291870434288,-0.14669970498719395,0.1466997049871893,-0.15143355718255377,0.15161960871578406,0.14669970498718773,-0.14774790459234652,1.4612519410973157,-0.15238786355189188,0.0,0.15161960871578106
9,0.9996885032018494,1.3700260268391498,-0.2812578080187165,0.11845372692676993,-4.085291870434288,-0.14669970498719395,0.1466997049871893,-0.15143355718255377,0.15161960871578406,0.14669970498718773,-0.14774790459234652,-0.6055167956156141,-0.15238786355189188,0.0,0.15161960871578106
10,1.6711200237314223,2.4718513597123035,-0.9863541478591282,0.11845372692676993,-4.085291870434288,-0.14669970498719395,0.1466997049871893,-0.15143355718255377,0.15161960871578406,0.14669970498718773,-0.14774790459234652,1.8746056884399018,-0.15238786355189188,0.0,0.15161960871578106
11,1.6802599292464846,2.4718513597123035,-0.9494595719372462,0.11845372692676993,-4.085291870434288,-0.14669970498719395,0.1466997049871893,-0.15143355718255377,0.15161960871578406,0.14669970498718773,-0.14774790459234652,1.8746056884399018,-0.15238786355189188,0.0,0.15161960871578106
12,1.5811271078908093,2.4718513597123035,-1.3634987017272553,0.11845372692676993,-4.085291870434288,-0.14669970498719395,0.1466997049871893,-0.15143355718255377,0.15161960871578406,0.14669970498718773,-0.14774790459234652,1.0478981937547298,-0.15238786355189188,0.0,0.15161960871578106
13,1.6616285833888578,2.4718513597123035,-1.0273481211056639,0.11845372692676993,-4.085291870434288,-0.14669970498719395,0.1466997049871893,-0.15143355718255377,0.15161960871578406,0.14669970498718773,-0.14774790459234652,1.8746056884399018,-0.15238786355189188,0.0,0.15161960871578106
14,1.6454579813237475,2.4718513597123035,-1.0929384783001206,0.11845372692676993,-3.9847829619426087,-0.14669970498719395,0.1466997049871893,-0.15143355718255377,0.15161960871578406,0.14669970498718773,-0.14774790459234652,1.4612519410973157,-0.15238786355189188,0.0,0.15161960871578106
15,-0.4479319164530102,-0.5617409992232443,0.29675721475743494,0.11845372692676993,-3.9847829619426087,-0.14669970498719395,0.1466997049871893,-0.15143355718255377,0.15161960871578406,0.14669970498718773,-0.14774790459234652,2.2879594357824877,-0.15238786355189188,0.0,0.15161960871578106
16,-0.44547117266049346,-0.5617409992232443,0.3541487773025847,0.11845372692676993,-3.9847829619426087,-0.14669970498719395,0.1466997049871893,-0.15143355718255377,0.15161960871578406,0.14669970498718773,-0.14774790459234652,2.2879594357824877,-0.15238786355189188,0.0,0.15161960871578106
17,-0.4739454936881874,-0.590362428728401,0.2229680629136709,0.11845372692676993,-3.9847829619426087,-0.14669970498719395,0.1466997049871893,-0.15143355718255377,0.15161960871578406,0.14669970498718773,-0.14774790459234652,2.2879594357824877,-0.15238786355189188,0.0,0.15161960871578106
18,1.0172652445769692,1.3700260268391498,-0.17467347757772406,0.11845372692676993,-3.9847829619426087,-0.14669970498719395,0.1466997049871893,-0.15143355718255377,0.15161960871578406,0.14669970498718773,-0.14774790459234652,-0.19216304827302813,-0.15238786355189188,0.0,0.15161960871578106
19,-0.05245523551281666,-0.16108086738120234,1.3830975057906274,0.11845372692676993,-3.8842740534509286,-0.14669970498719395,0.1466997049871893,-0.15143355718255377,0.15161960871578406,0.14669970498718773,-0.14774790459234652,-1.0188705429582001,,0.0,0.15161960871578106
20,-0.4971467923033454,-0.6905307851247574,1.8299318141778649,0.11845372692676993,-3.8842740534509286,-0.14669970498719395,0.1466997049871893,-0.15143355718255377,0.15161960871578406,0.14669970498718773,-0.14774790459234652,1.0478981937547298,,0.0,0.15161960871578106
21,0.2575984823442951,0.26820069396599644,0.7271939338460583,0.11845372692676993,-3.8842740534509286,-0.14669970498719395,0.1466997049871893,-0.15143355718255377,0.15161960871578406,0.14669970498718773,-0.14774790459234652,-1.0188705429582001,-0.15238786355189188,0.0,0.15161960871578106
22,1.0464426352596679,1.3700260268391498,-0.002498789942274696,0.11845372692676993,-3.783765144959249,-0.14669970498719395,0.1466997049871893,-0.15143355718255377,0.15161960871578406,0.14669970498718773,-0.14774790459234652,0.22119069906955785,-0.15238786355189188,0.0,0.15161960871578106
23,1.0112891525094285,1.3700260268391498,-0.21156805349960606,0.11845372692676993,-3.783765144959249,-0.14669970498719395,0.1466997049871893,-0.15143355718255377,0.15161960871578406,0.14669970498718773,-0.14774790459234652,-0.6055167956156141,-0.15238786355189188,0.0,0.15161960871578106
24,0.06882427997550937,0.024938483787240444,0.8829710321828935,0.11845372692676993,-3.783765144959249,-0.14669970498719395,0.1466997049871893,-0.15143355718255377,0.15161960871578406,0.14669970498718773,-0.14774790459234652,1.4612519410973157,,0.0,0.15161960871578106
25,3.4787121067487337,3.301793052901544,3.158136547365617,-4.077595603723284,-3.5827473279758895,6.8166462917380874,-6.816646291738091,6.672660918385698,-6.595452979136457,-6.816646291738092,6.040281981863469,-1.432224290300786,6.562202374203344,0.0,-6.595452979136461
26,5.957032640640613,6.478479265619491,1.8545281981257864,-4.077595603723284,-3.4822384194842093,6.8166462917380874,-6.816646291738091,6.672660918385698,-6.595452979136457,-6.816646291738092,6.040281981863469,-0.6055167956156141,6.562202374203344,0.0,-6.595452979136461
27,0.3809872067976355,0.5114629041447525,0.03849518330426087,0.11845372692676993,-3.4822384194842093,-0.14669970498719395,0.1466997049871893,-0.15143355718255377,0.15161960871578406,0.14669970498718773,-0.14774790459234652,-1.0188705429582001,,0.0,0.15161960871578106
28,-0.5065679256804095,-0.6476052877387143,0.5632180408599161,0.11845372692676993,-3.4822384194842093,-0.14669970498719395,0.1466997049871893,-0.15143355718255377,0.15161960871578406,0.14669970498718773,-0.14774790459234652,0.22119069906955785,,0.0,0.15161960871578106
29,-0.3811402992275553,-0.590362428728401,2.4571396048498593,0.11845372692676993,-3.4822384194842093,-0.14669970498719395,0.1466997049871893,-0.15143355718255377,0.15161960871578406,0.14669970498718773,-0.14774790459234652,2.2879594357824877,-0.15238786355189188,0.0,0.15161960871578106
30,0.28572126854448665,0.4399159772535528,-0.32635117858990564,0.11845372692676993,-3.3817295109925296,-0.14669970498719395,0.1466997049871893,-0.15143355718255377,0.15161960871578406,0.14669970498718773,-0.14774790459234652,-0.6055167956156141,-0.15238786355189188,0.0,0.15161960871578106
31,0.29169736061202733,0.4399159772535528,-0.2689596160447559,0.11845372692676993,-3.3817295109925296,-0.14669970498719395,0.1466997049871893,-0.15143355718255377,0.15161960871578406,0.14669970498718773,-0.14774790459234652,-0.6055167956156141,-0.15238786355189188,0.0,0.15161960871578106
32,0.29802498750707046,0.4399159772535528,-0.21156805349960606,0.11845372692676993,-3.3817295109925296,-0.14669970498719395,0.1466997049871893,-0.15143355718255377,0.15161960871578406,0.14669970498718773,-0.14774790459234652,-0.6055167956156141,-0.15238786355189188,0.0,0.15161960871578106
33,2.8811028999946635,3.244550193891231,1.284711969998942,-4.077595603723284,-3.3817295109925296,6.8166462917380874,-6.816646291738091,6.672660918385698,-6.595452979136457,-6.816646291738092,6.040281981863469,-1.0188705429582001,6.562202374203344,0.0,-6.595452979136461
34,0.2825574550969651,0.4399159772535528,-0.3550469598624805,0.11845372692676993,-3.3817295109925296,-0.14669970498719395,0.1466997049871893,-0.15143355718255377,0.15161960871578406,0.14669970498718773,-0.14774790459234652,-1.0188705429582001,-0.15238786355189188,0.0,0.15161960871578106
35,0.9937124111343087,1.3700260268391498,-0.3181523839405985,0.11845372692676993,-3.28122060250085,-0.14669970498719395,0.1466997049871893,-0.15143355718255377,0.15161960871578406,0.14669970498718773,-0.14774790459234652,0.22119069906955785,-0.15238786355189188,0.0,0.15161960871578106
36,0.999336968374347,1.3700260268391498,-0.2812578080187165,0.11845372692676993,-3.28122060250085,-0.14669970498719395,0.1466997049871893,-0.15143355718255377,0.15161960871578406,0.14669970498718773,-0.14774790459234652,0.22119069906955785,-0.15238786355189188,0.0,0.15161960871578106
37,0.9909001325142895,1.3700260268391498,-0.33454997323921276,0.11845372692676993,-3.18071169400917,-0.14669970498719395,0.1466997049871893,-0.15143355718255377,0.15161960871578406,0.14669970498718773,-0.14774790459234652,-0.19216304827302813,-0.15238786355189188,0.0,0.15161960871578106
38,0.9849240404467489,1.3700260268391498,-0.36734515183644123,0.11845372692676993,-3.18071169400917,-0.14669970498719395,0.1466997049871893,-0.15143355718255377,0.15161960871578406,0.14669970498718773,-0.14774790459234652,-0.19216304827302813,-0.15238786355189188,0.0,0.15161960871578106
39,0.9764872045866914,1.3700260268391498,-0.42063731705693747,0.11845372692676993,-3.0802027855174905,-0.14669970498719395,0.1466997049871893,-0.15143355718255377,0.15161960871578406,0.14669970498718773,-0.14774790459234652,-0.19216304827302813,-0.15238786355189188,0.0,0.15161960871578106
40,0.25935615648180704,0.4399159772535528,-0.572315018069119,0.11845372692676993,-3.0802027855174905,-0.14669970498719395,0.1466997049871893,-0.15143355718255377,0.15161960871578406,0.14669970498718773,-0.14774790459234652,-1.0188705429582001,-0.15238786355189188,0.0,0.15161960871578106
41,-0.3783280206075362,-0.590362428728401,2.522729962044316,0.11845372692676993,-3.0802027855174905,-0.14669970498719395,0.1466997049871893,-0.15143355718255377,0.15161960871578406,0.14669970498718773,-0.14774790459234652,2.2879594357824877,-0.15238786355189188,0.0,0.15161960871578106
42,2.110538558109415,2.4718513597123035,0.850175853585665,0.11845372692676993,-2.276131517584052,-0.14669970498719395,0.1466997049871893,-0.15143355718255377,0.15161960871578406,0.14669970498718773,-0.14774790459234652,1.0478981937547298,-0.15238786355189188,0.0,0.15161960871578106
43,2.0430438712289556,2.4718513597123035,0.5714168355092232,0.11845372692676993,-1.8740958836173327,-0.14669970498719395,0.1466997049871893,-0.15143355718255377,0.15161960871578406,0.14669970498718773,-0.14774790459234652,0.22119069906955785,-0.15238786355189188,0.0,0.15161960871578106
44,2.054292985709032,2.4718513597123035,0.6165102060804123,0.11845372692676993,-1.773586975125653,-0.14669970498719395,0.1466997049871893,-0.15143355718255377,0.15161960871578406,0.14669970498718773,-0.14774790459234652,0.6345444464121438,-0.15238786355189188,0.0,0.15161960871578106
45,-0.3811402992275553,-0.590362428728401,2.4571396048498593,0.11845372692676993,-1.5725691581422934,-0.14669970498719395,0.1466997049871893,-0.15143355718255377,0.15161960871578406,0.14669970498718773,-0.14774790459234652,2.2879594357824877,-0.15238786355189188,0.0,0.15161960871578106
46,2.7704615314562147,2.7580390672771022,2.485835386122434,-4.077595603723284,-1.4720602496506137,6.8166462917380874,-6.816646291738091,6.672660918385698,-6.595452979136457,-6.816646291738092,6.040281981863469,-1.0188705429582001,6.562202374203344,0.0,-6.595452979136461
47,2.088040329149262,2.4718513597123035,0.7558897151186332,0.11845372692676993,-1.4720602496506137,-0.14669970498719395,0.1466997049871893,-0.15143355718255377,0.15161960871578406,0.14669970498718773,-0.14774790459234652,0.6345444464121438,-0.15238786355189188,0.0,0.15161960871578106
48,2.7756424517439453,2.8438900620491885,2.198877573396685,-4.077595603723284,-1.271042432667254,6.8166462917380874,-6.816646291738091,6.672660918385698,-6.595452979136457,-6.816646291738092,6.040281981863469,-1.432224290300786,6.562202374203344,0.0,-6.595452979136461
49,2.8693616367560835,2.829585994168302,2.604717908537387,-4.077595603723284,-1.170533524175574,6.8166462917380874,-6.816646291738091,6.672660918385698,-6.595452979136457,-6.816646291738092,6.040281981863469,-1.0188705429582001,6.562202374203344,0.0,-6.595452979136461
50,-0.1111615517057165,-0.13245943787604555,0.20657047361505668,0.11845372692676993,-1.170533524175574,-0.14669970498719395,0.1466997049871893,-0.15143355718255377,0.15161960871578406,0.14669970498718773,-0.14774790459234652,-1.0188705429582001,-0.15238786355189188,0.0,0.15161960871578106
51,-0.12241066618579312,-0.1753849352620888,0.5386216569119947,0.11845372692676993,-0.9695157071922146,-0.14669970498719395,0.1466997049871893,-0.15143355718255377,0.15161960871578406,0.14669970498718773,-0.14774790459234652,1.8746056884399018,-0.15238786355189188,0.0,0.15161960871578106
52,-0.15615800962602297,-0.26124922377755866,1.1166366796881462,0.11845372692676993,-0.9695157071922146,-0.14669970498719395,0.1466997049871893,-0.15143355718255377,0.15161960871578406,0.14669970498718773,-0.14774790459234652,1.8746056884399018,-0.15238786355189188,0.0,0.15161960871578106
53,0.974377995621677,1.3700260268391498,-0.4329355090308981,0.11845372692676993,-0.9695157071922146,-0.14669970498719395,0.1466997049871893,-0.15143355718255377,0.15161960871578406,0.14669970498718773,-0.14774790459234652,-1.0188705429582001,-0.15238786355189188,0.0,0.15161960871578106
54,2.197719195330009,2.4718513597123035,1.2150222154798316,0.11845372692676993,-0.9695157071922146,-0.14669970498719395,0.1466997049871893,-0.15143355718255377,0.15161960871578406,0.14669970498718773,-0.14774790459234652,1.4612519410973157,-0.15238786355189188,0.0,0.15161960871578106
55,0.9715657170016578,1.3700260268391498,-0.44933309832951235,0.11845372692676993,-0.9695157071922146,-0.14669970498719395,0.1466997049871893,-0.15143355718255377,0.15161960871578406,0.14669970498718773,-0.14774790459234652,-1.0188705429582001,-0.15238786355189188,0.0,0.15161960871578106
56,1.0053130604418876,1.3700260268391498,-0.24846262942148808,0.11845372692676993,-0.9695157071922146,-0.14669970498719395,0.1466997049871893,-0.15143355718255377,0.15161960871578406,0.14669970498718773,-0.14774790459234652,-0.6055167956156141,-0.15238786355189188,0.0,0.15161960871578106
57,0.27693289785692676,0.4399159772535528,-0.40833912508297676,0.11845372692676993,-0.768497890208855,-0.14669970498719395,0.1466997049871893,-0.15143355718255377,0.15161960871578406,0.14669970498718773,-0.14774790459234652,-1.432224290300786,-0.15238786355189188,0.0,0.15161960871578106
58,0.9828148314817345,1.3700260268391498,-0.3796433438104019,0.11845372692676993,-0.768497890208855,-0.14669970498719395,0.1466997049871893,-0.15143355718255377,0.15161960871578406,0.14669970498718773,-0.14774790459234652,-1.0188705429582001,-0.15238786355189188,0.0,0.15161960871578106
59,-0.15897028824604212,-0.13245943787604555,-0.4657306876281266,0.11845372692676993,-0.768497890208855,-0.14669970498719395,0.1466997049871893,-0.15143355718255377,0.15161960871578406,0.14669970498718773,-0.14774790459234652,-1.432224290300786,-0.15238786355189188,0.0,0.15161960871578106
60,-0.12803522342583143,-0.1753849352620888,0.4566337104189236,0.11845372692676993,-0.6679889817171751,-0.14669970498719395,0.1466997049871893,-0.15143355718255377,0.15161960871578406,0.14669970498718773,-0.14774790459234652,1.8746056884399018,-0.15238786355189188,0.0,0.15161960871578106
61,3.6122953411996437,3.244550193891231,3.814040119310186,-4.077595603723284,-0.6679889817171751,6.8166462917380874,-6.816646291738091,6.672660918385698,-6.595452979136457,-6.816646291738092,6.040281981863469,-1.0188705429582001,6.562202374203344,0.0,-6.595452979136461
62,-0.12522294480581228,-0.1753849352620888,0.4976276836654592,0.11845372692676993,-0.6679889817171751,-0.14669970498719395,0.1466997049871893,-0.15143355718255377,0.15161960871578406,0.14669970498718773,-0.14774790459234652,1.8746056884399018,-0.15238786355189188,0.0,0.15161960871578106
63,4.568470072006156,4.231903102487141,3.6541636236486976,-4.077595603723284,-0.6679889817171751,6.8166462917380874,-6.816646291738091,6.672660918385698,-6.595452979136457,-6.816646291738092,6.040281981863469,-0.6055167956156141,6.562202374203344,0.0,-6.595452979136461
64,0.9828148314817345,1.3557086652148795,-0.3181523839405985,0.11845372692676993,-0.5674800732254953,-0.14669970498719395,0.1466997049871893,-0.15143355718255377,0.15161960871578406,0.14669970498718773,-0.14774790459234652,-1.432224290300786,-0.15238786355189188,0.0,0.15161960871578106
65,0.9884393887217728,1.3700260268391498,-0.3468481652131734,0.11845372692676993,-0.5674800732254953,-0.14669970498719395,0.1466997049871893,-0.15143355718255377,0.15161960871578406,0.14669970498718773,-0.14774790459234652,-1.0188705429582001,-0.15238786355189188,0.0,0.15161960871578106
66,1.0221867321620026,1.3700260268391498,-0.14597769630514917,0.11845372692676993,-0.5674800732254953,-0.14669970498719395,0.1466997049871893,-0.15143355718255377,0.15161960871578406,0.14669970498718773,-0.14774790459234652,-0.19216304827302813,-0.15238786355189188,0.0,0.15161960871578106
67,-0.11678610894575481,-0.1753849352620888,0.6206096034050659,0.11845372692676993,-0.5674800732254953,-0.14669970498719395,0.1466997049871893,-0.15143355718255377,0.15161960871578406,0.14669970498718773,-0.14774790459234652,2.2879594357824877,-0.15238786355189188,0.0,0.15161960871578106
68,2.102101722249358,2.4718513597123035,0.8173806749884366,0.11845372692676993,-0.46697116473381556,-0.14669970498719395,0.1466997049871893,-0.15143355718255377,0.15161960871578406,0.14669970498718773,-0.14774790459234652,1.0478981937547298,-0.15238786355189188,0.0,0.15161960871578106
69,-0.3985764266716741,-0.590362428728401,2.0390010777351963,0.11845372692676993,-0.46697116473381556,-0.14669970498719395,0.1466997049871893,-0.15143355718255377,0.15161960871578406,0.14669970498718773,-0.14774790459234652,2.2879594357824877,-0.15238786355189188,0.0,0.15161960871578106
70,-0.15334573100600382,-0.13245943787604555,-0.387842138459709,0.11845372692676993,-0.46697116473381556,-0.14669970498719395,0.1466997049871893,-0.15143355718255377,0.15161960871578406,0.14669970498718773,-0.14774790459234652,-0.6055167956156141,-0.15238786355189188,0.0,0.15161960871578106
71,0.2066259323564479,0.26820069396599644,0.20247107629040312,0.11845372692676993,-0.46697116473381556,-0.14669970498719395,0.1466997049871893,-0.15143355718255377,0.15161960871578406,0.14669970498718773,-0.14774790459234652,-1.432224290300786,-0.15238786355189188,0.0,0.15161960871578106
72,-0.17528150424215322,-0.26124922377755866,0.813281277663783,0.11845372692676993,-0.46697116473381556,-0.14669970498719395,0.1466997049871893,-0.15143355718255377,0.15161960871578406,0.14669970498718773,-0.14774790459234652,1.8746056884399018,-0.15238786355189188,0.0,0.15161960871578106
73,-0.1623450225900651,-0.13245943787604555,-0.5149234555239692,0.11845372692676993,-0.46697116473381556,-0.14669970498719395,0.1466997049871893,-0.15143355718255377,0.15161960871578406,0.14669970498718773,-0.14774790459234652,-1.0188705429582001,-0.15238786355189188,0.0,0.15161960871578106
74,5.123895099459939,4.045883751318699,5.839142397689043,0.11845372692676993,-0.46697116473381556,-0.14669970498719395,0.1466997049871893,-0.15143355718255377,0.15161960871578406,0.14669970498718773,-0.14774790459234652,2.2879594357824877,-0.15238786355189188,0.0,0.15161960871578106
75,-0.13225364135586015,-0.1753849352620888,0.3951427505491203,0.11845372692676993,-0.46697116473381556,-0.14669970498719395,0.1466997049871893,-0.15143355718255377,0.15161960871578406,0.14669970498718773,-0.14774790459234652,2.2879594357824877,-0.15238786355189188,0.0,0.15161960871578106
76,-0.4449790239019901,-0.6476052877387143,2.190678778747378,0.11845372692676993,-0.3664622562421358,-0.14669970498719395,0.1466997049871893,-0.15143355718255377,0.15161960871578406,0.14669970498718773,-0.14774790459234652,-0.6055167956156141,-0.15238786355189188,0.0,0.15161960871578106
77,0.9518797666615237,1.3700260268391498,-0.5641162234198119,0.11845372692676993,-0.3664622562421358,-0.14669970498719395,0.1466997049871893,-0.15143355718255377,0.15161960871578406,0.14669970498718773,-0.14774790459234652,-0.6055167956156141,-0.15238786355189188,0.0,0.15161960871578106
78,-0.3957641480516549,-0.590362428728401,2.1045914349296533,0.11845372692676993,-0.3664622562421358,-0.14669970498719395,0.1466997049871893,-0.15143355718255377,0.15161960871578406,0.14669970498718773,-0.14774790459234652,2.2879594357824877,-0.15238786355189188,0.0,0.15161960871578106
79,-0.14800240162796743,-0.1753849352620888,0.16557650036852112,0.11845372692676993,-0.3664622562421358,-0.14669970498719395,0.1466997049871893,-0.15143355718255377,0.15161960871578406,0.14669970498718773,-0.14774790459234652,1.8746056884399018,-0.15238786355189188,0.0,0.15161960871578106
80,-0.16009519969404978,-0.13245943787604555,-0.48212827692674076,0.11845372692676993,-0.3664622562421358,-0.14669970498719395,0.1466997049871893,-0.15143355718255377,0.15161960871578406,0.14669970498718773,-0.14774790459234652,-0.6055167956156141,-0.15238786355189188,0.0,0.15161960871578106
81,-0.15784537679803445,-0.13245943787604555,-0.44933309832951235,0.11845372692676993,-0.3664622562421358,-0.14669970498719395,0.1466997049871893,-0.15143355718255377,0.15161960871578406,0.14669970498718773,-0.14774790459234652,-0.6055167956156141,-0.15238786355189188,0.0,0.15161960871578106
82,-0.15587678176402106,-0.13245943787604555,-0.424736714381591,0.11845372692676993,-0.3664622562421358,-0.14669970498719395,0.1466997049871893,-0.15143355718255377,0.15161960871578406,0.14669970498718773,-0.14774790459234652,-0.6055167956156141,-0.15238786355189188,0.0,0.15161960871578106
83,0.2544346688967735,0.26820069396599644,0.6984981525734835,0.11845372692676993,-0.3664622562421358,-0.14669970498719395,0.1466997049871893,-0.15143355718255377,0.15161960871578406,0.14669970498718773,-0.14774790459234652,-0.6055167956156141,-0.15238786355189188,0.0,0.15161960871578106
84,5.183656020135346,4.045883751318699,6.015416482649146,0.11845372692676993,-0.3664622562421358,-0.14669970498719395,0.1466997049871893,-0.15143355718255377,0.15161960871578406,0.14669970498718773,-0.14774790459234652,2.2879594357824877,-0.15238786355189188,0.0,0.15161960871578106
85,0.2544346688967735,0.4399159772535528,-0.6174083886403081,0.11845372692676993,-0.3664622562421358,-0.14669970498719395,0.1466997049871893,-0.15143355718255377,0.15161960871578406,0.14669970498718773,-0.14774790459234652,-1.432224290300786,-0.15238786355189188,0.0,0.15161960871578106
86,1.9867982988285724,2.4718513597123035,0.33365179067931694,0.11845372692676993,-0.3664622562421358,-0.14669970498719395,0.1466997049871893,-0.15143355718255377,0.15161960871578406,0.14669970498718773,-0.14774790459234652,0.6345444464121438,-0.15238786355189188,0.0,0.15161960871578106
87,-0.1679695798301034,-0.13245943787604555,-0.5928120046923868,0.11845372692676993,-0.3664622562421358,-0.14669970498719395,0.1466997049871893,-0.15143355718255377,0.15161960871578406,0.14669970498718773,-0.14774790459234652,-0.6055167956156141,-0.15238786355189188,0.0,0.15161960871578106
88,0.9012587515011791,1.3700260268391498,-0.8674716254441751,0.11845372692676993,-0.3664622562421358,-0.14669970498719395,0.1466997049871893,-0.15143355718255377,0.15161960871578406,0.14669970498718773,-0.14774790459234652,-1.0188705429582001,-0.15238786355189188,0.0,0.15161960871578106
89,0.9856271101017536,1.3557086652148795,-0.3017547946419843,0.11845372692676993,-0.265953347750456,-0.14669970498719395,0.1466997049871893,-0.15143355718255377,0.15161960871578406,0.14669970498718773,-0.14774790459234652,-1.432224290300786,-0.15238786355189188,0.0,0.15161960871578106
90,0.15347386643808592,0.4399159772535528,-1.552070978661319,0.11845372692676993,-0.265953347750456,-0.14669970498719395,0.1466997049871893,-0.15143355718255377,0.15161960871578406,0.14669970498718773,-0.14774790459234652,-1.0188705429582001,-0.15238786355189188,0.0,0.15161960871578106
91,0.18890857705032726,0.4399159772535528,-1.2241191926890345,0.11845372692676993,-0.265953347750456,-0.14669970498719395,0.1466997049871893,-0.15143355718255377,0.15161960871578406,0.14669970498718773,-0.14774790459234652,-0.6055167956156141,-0.15238786355189188,0.0,0.15161960871578106
92,-0.16571975693408808,-0.13245943787604555,-0.5600168260951583,0.11845372692676993,-0.265953347750456,-0.14669970498719395,0.1466997049871893,-0.15143355718255377,0.15161960871578406,0.14669970498718773,-0.14774790459234652,-0.19216304827302813,-0.15238786355189188,0.0,0.15161960871578106
93,1.0953059762825006,1.0981423871552372,1.7315462783861797,0.11845372692676993,-0.265953347750456,-0.14669970498719395,0.1466997049871893,-0.15143355718255377,0.15161960871578406,0.14669970498718773,-0.14774790459234652,0.22119069906955785,-0.15238786355189188,0.0,0.15161960871578106
94,2.735075332650169,2.8438900620491885,2.04310047505985,-4.077595603723284,-0.265953347750456,6.8166462917380874,-6.816646291738091,6.672660918385698,-6.595452979136457,-6.816646291738092,6.040281981863469,-1.0188705429582001,6.562202374203344,0.0,-6.595452979136461
95,-0.19342070134127676,-0.26124922377755866,0.5222240676133805,0.11845372692676993,-0.265953347750456,-0.14669970498719395,0.1466997049871893,-0.15143355718255377,0.15161960871578406,0.14669970498718773,-0.14774790459234652,1.8746056884399018,-0.15238786355189188,0.0,0.15161960871578106
96,-0.16346993403807278,-0.13245943787604555,-0.5313210448225835,0.11845372692676993,-0.265953347750456,-0.14669970498719395,0.1466997049871893,-0.15143355718255377,0.15161960871578406,0.14669970498718773,-0.14774790459234652,-0.19216304827302813,-0.15238786355189188,0.0,0.15161960871578106
97,0.1770970068462468,0.4399159772535528,-1.330703523130027,0.11845372692676993,-0.265953347750456,-0.14669970498719395,0.1466997049871893,-0.15143355718255377,0.15161960871578406,0.14669970498718773,-0.14774790459234652,-0.19216304827302813,-0.15238786355189188,0.0,0.15161960871578106
98,0.16233254409114625,0.26820069396599644,-0.25256202674614164,0.11845372692676993,-0.265953347750456,-0.14669970498719395,0.1466997049871893,-0.15143355718255377,0.15161960871578406,0.14669970498718773,-0.14774790459234652,-0.19216304827302813,-0.15238786355189188,0.0,0.15161960871578106
99,-0.1737347510011427,-0.13245943787604555,-0.6747999511854579,0.11845372692676993,-0.16544443925877617,-0.14669970498719395,0.1466997049871893,-0.15143355718255377,0.15161960871578406,0.14669970498718773,-0.14774790459234652,-0.19216304827302813,-0.15238786355189188,0.0,0.15161960871578106
100,-0.16951633307111394,-0.13245943787604555,-0.6133089913156546,0.11845372692676993,-0.16544443925877617,-0.14669970498719395,0.1466997049871893,-0.15143355718255377,0.15161960871578406,0.14669970498718773,-0.14774790459234652,-0.19216304827302813,-0.15238786355189188,0.0,0.15161960871578106
101,-0.19552991030629113,-0.26124922377755866,0.48942888901615206,0.11845372692676993,-0.16544443925877617,-0.14669970498719395,0.1466997049871893,-0.15143355718255377,0.15161960871578406,0.14669970498718773,-0.14774790459234652,1.8746056884399018,-0.15238786355189188,0.0,0.15161960871578106
102,0.9606681373490836,1.3557086652148795,-0.44933309832951235,0.11845372692676993,-0.16544443925877617,-0.14669970498719395,0.1466997049871893,-0.15143355718255377,0.15161960871578406,0.14669970498718773,-0.14774790459234652,-1.0188705429582001,-0.15238786355189188,0.0,0.15161960871578106
103,-0.4127784337027708,-0.590362428728401,1.6946517024642975,0.11845372692676993,-0.16544443925877617,-0.14669970498719395,0.1466997049871893,-0.15143355718255377,0.15161960871578406,0.14669970498718773,-0.14774790459234652,1.8746056884399018,-0.15238786355189188,0.0,0.15161960871578106
104,0.9733233911391699,1.3557086652148795,-0.37554394648574835,0.11845372692676993,-0.16544443925877617,-0.14669970498719395,0.1466997049871893,-0.15143355718255377,0.15161960871578406,0.14669970498718773,-0.14774790459234652,-1.0188705429582001,-0.15238786355189188,0.0,0.15161960871578106
105,-0.19271763168627198,-0.13245943787604555,-0.9412607772879391,0.11845372692676993,-0.16544443925877617,-0.14669970498719395,0.1466997049871893,-0.15143355718255377,0.15161960871578406,0.14669970498718773,-0.14774790459234652,-1.0188705429582001,-0.15238786355189188,0.0,0.15161960871578106
106,0.17990928546626597,0.4399159772535528,-1.3061071391821055,0.11845372692676993,-0.16544443925877617,-0.14669970498719395,0.1466997049871893,-0.15143355718255377,0.15161960871578406,0.14669970498718773,-0.14774790459234652,-0.19216304827302813,-0.15238786355189188,0.0,0.15161960871578106
107,0.9901970628592848,1.3557086652148795,-0.2730590133694094,0.11845372692676993,-0.06493553076709638,-0.14669970498719395,0.1466997049871893,-0.15143355718255377,0.15161960871578406,0.14669970498718773,-0.14774790459234652,-0.6055167956156141,-0.15238786355189188,0.0,0.15161960871578106
108,-0.1667040544510948,-0.1753849352620888,-0.10908312038326716,0.11845372692676993,-0.06493553076709638,-0.14669970498719395,0.1466997049871893,-0.15143355718255377,0.15161960871578406,0.14669970498718773,-0.14774790459234652,1.4612519410973157,-0.15238786355189188,0.0,0.15161960871578106
109,-0.3705942544024835,-0.5188155018372012,1.2314198047784457,0.11845372692676993,-0.06493553076709638,-0.14669970498719395,0.1466997049871893,-0.15143355718255377,0.15161960871578406,0.14669970498718773,-0.14774790459234652,1.4612519410973157,-0.15238786355189188,0.0,0.15161960871578106
110,-0.19482684065128633,-0.13245943787604555,-0.969956558560514,0.11845372692676993,-0.06493553076709638,-0.14669970498719395,0.1466997049871893,-0.15143355718255377,0.15161960871578406,0.14669970498718773,-0.14774790459234652,-1.0188705429582001,-0.15238786355189188,0.0,0.15161960871578106
111,0.00730568516259037,-0.04660844310395941,0.8624740455596257,0.11845372692676993,-0.06493553076709638,-0.14669970498719395,0.1466997049871893,-0.15143355718255377,0.15161960871578406,0.14669970498718773,-0.14774790459234652,1.8746056884399018,-0.15238786355189188,0.0,0.15161960871578106
112,0.19115839994634257,0.4399159772535528,-1.2036222060657666,0.11845372692676993,-0.06493553076709638,-0.14669970498719395,0.1466997049871893,-0.15143355718255377,0.15161960871578406,0.14669970498718773,-0.14774790459234652,0.22119069906955785,-0.15238786355189188,0.0,0.15161960871578106
113,0.9944154807893135,1.3557086652148795,-0.24846262942148808,0.11845372692676993,-0.06493553076709638,-0.14669970498719395,0.1466997049871893,-0.15143355718255377,0.15161960871578406,0.14669970498718773,-0.14774790459234652,-0.6055167956156141,-0.15238786355189188,0.0,0.15161960871578106
114,0.13034287478842838,0.26820069396599644,-0.5846132100430796,0.11845372692676993,-0.06493553076709638,-0.14669970498719395,0.1466997049871893,-0.15143355718255377,0.15161960871578406,0.14669970498718773,-0.14774790459234652,-1.0188705429582001,-0.15238786355189188,0.0,0.15161960871578106
115,-0.1674071241060996,-0.13245943787604555,-0.5846132100430796,0.11845372692676993,0.03557337772458342,-0.14669970498719395,0.1466997049871893,-0.15143355718255377,0.15161960871578406,0.14669970498718773,-0.14774790459234652,0.22119069906955785,-0.15238786355189188,0.0,0.15161960871578106
116,0.0044934065425712155,-0.04660844310395941,0.8255794696377436,0.11845372692676993,0.03557337772458342,-0.14669970498719395,0.1466997049871893,-0.15143355718255377,0.15161960871578406,0.14669970498718773,-0.14774790459234652,1.8746056884399018,-0.15238786355189188,0.0,0.15161960871578106
117,0.1651448227111654,0.26820069396599644,-0.22386624547356673,0.11845372692676993,0.03557337772458342,-0.14669970498719395,0.1466997049871893,-0.15143355718255377,0.15161960871578406,0.14669970498718773,-0.14774790459234652,-0.19216304827302813,-0.15238786355189188,0.0,0.15161960871578106
118,-0.4233244785278426,-0.590362428728401,1.4404890683357772,0.11845372692676993,0.03557337772458342,-0.14669970498719395,0.1466997049871893,-0.15143355718255377,0.15161960871578406,0.14669970498718773,-0.14774790459234652,1.8746056884399018,-0.15238786355189188,0.0,0.15161960871578106
119,-0.13330824583836734,-0.16108086738120234,0.2147692682643638,0.11845372692676993,0.03557337772458342,-0.14669970498719395,0.1466997049871893,-0.15143355718255377,0.15161960871578406,0.14669970498718773,-0.14774790459234652,-1.432224290300786,-0.15238786355189188,0.0,0.15161960871578106
120,-0.18076544755119056,-0.14677679950031589,-0.6256071832896153,0.11845372692676993,0.13608228621626323,-0.14669970498719395,0.1466997049871893,-0.15143355718255377,0.15161960871578406,0.14669970498718773,-0.14774790459234652,-0.6055167956156141,-0.15238786355189188,0.0,0.15161960871578106
121,-0.6518221164043989,-0.5331195697180876,-4.716805713293865,-21.279859885186053,0.13608228621626323,-0.14669970498719395,0.1466997049871893,5.307842023272047,-6.595452979136457,0.14669970498718773,12.228311868319285,0.22119069906955785,6.562202374203344,0.0,-6.595452979136461
122,0.9775418090691985,1.3557086652148795,-0.3468481652131734,0.11845372692676993,0.13608228621626323,-0.14669970498719395,0.1466997049871893,-0.15143355718255377,0.15161960871578406,0.14669970498718773,-0.14774790459234652,-1.0188705429582001,-0.15238786355189188,0.0,0.15161960871578106
123,1.0070707345793997,1.3557086652148795,-0.1705740802530705,0.11845372692676993,0.13608228621626323,-0.14669970498719395,0.1466997049871893,-0.15143355718255377,0.15161960871578406,0.14669970498718773,-0.14774790459234652,-0.19216304827302813,-0.15238786355189188,0.0,0.15161960871578106
124,-0.19904525858131508,-0.13245943787604555,-1.0314475184303173,0.11845372692676993,0.13608228621626323,-0.14669970498719395,0.1466997049871893,-0.15143355718255377,0.15161960871578406,0.14669970498718773,-0.14774790459234652,-1.0188705429582001,-0.15238786355189188,0.0,0.15161960871578106
125,-0.47021922451666204,-0.6189838582335576,0.8911698268322006,0.11845372692676993,0.13608228621626323,-0.14669970498719395,0.1466997049871893,-0.15143355718255377,0.15161960871578406,0.14669970498718773,-0.14774790459234652,-1.0188705429582001,-0.15238786355189188,0.0,0.15161960871578106
126,0.1707693799512037,0.26820069396599644,-0.16647468292841694,0.11845372692676993,0.13608228621626323,-0.14669970498719395,0.1466997049871893,-0.15143355718255377,0.15161960871578406,0.14669970498718773,-0.14774790459234652,-0.19216304827302813,-0.15238786355189188,0.0,0.15161960871578106
127,-0.18287465651620494,-0.14677679950031589,-0.6543029645621902,0.11845372692676993,0.13608228621626323,-0.14669970498719395,0.1466997049871893,-0.15143355718255377,0.15161960871578406,0.14669970498718773,-0.14774790459234652,-0.6055167956156141,-0.15238786355189188,0.0,0.15161960871578106
128,-0.17654702962116184,-0.14677679950031589,-0.5641162234198119,0.11845372692676993,0.13608228621626323,-0.14669970498719395,0.1466997049871893,-0.15143355718255377,0.15161960871578406,0.14669970498718773,-0.14774790459234652,-0.19216304827302813,-0.15238786355189188,0.0,0.15161960871578106
129,-0.5112081854034412,-0.6905307851247574,1.4281908763618165,0.11845372692676993,0.13608228621626323,-0.14669970498719395,0.1466997049871893,-0.15143355718255377,0.15161960871578406,0.14669970498718773,-0.14774790459234652,0.6345444464121438,-0.15238786355189188,0.0,0.15161960871578106
130,-0.14279968618093197,-0.14677679950031589,-0.08448673643534582,0.11845372692676993,0.13608228621626323,-0.14669970498719395,0.1466997049871893,-0.15143355718255377,0.15161960871578406,0.14669970498718773,-0.14774790459234652,1.0478981937547298,-0.15238786355189188,0.0,0.15161960871578106
131,1.0773777000798785,1.0981423871552372,1.6126637559712265,0.11845372692676993,0.13608228621626323,-0.14669970498719395,0.1466997049871893,-0.15143355718255377,0.15161960871578406,0.14669970498718773,-0.14774790459234652,0.6345444464121438,-0.15238786355189188,0.0,0.15161960871578106
132,0.14756808133604568,0.4399159772535528,-1.6053631438818152,0.11845372692676993,0.13608228621626323,-0.14669970498719395,0.1466997049871893,-0.15143355718255377,0.15161960871578406,0.14669970498718773,-0.14774790459234652,-1.0188705429582001,-0.15238786355189188,0.0,0.15161960871578106
133,-0.4180514561153067,-0.590362428728401,1.5675703854000373,0.11845372692676993,0.13608228621626323,-0.14669970498719395,0.1466997049871893,-0.15143355718255377,0.15161960871578406,0.14669970498718773,-0.14774790459234652,1.8746056884399018,-0.15238786355189188,0.0,0.15161960871578106
134,0.1658478923661702,0.4399159772535528,-1.4372878535710194,0.11845372692676993,0.13608228621626323,-0.14669970498719395,0.1466997049871893,-0.15143355718255377,0.15161960871578406,0.14669970498718773,-0.14774790459234652,-0.6055167956156141,-0.15238786355189188,0.0,0.15161960871578106
135,-0.17162554203612831,-0.13245943787604555,-0.646104169912883,0.11845372692676993,0.13608228621626323,-0.14669970498719395,0.1466997049871893,-0.15143355718255377,0.15161960871578406,0.14669970498718773,-0.14774790459234652,-0.19216304827302813,-0.15238786355189188,0.0,0.15161960871578106
136,2.0149210850287638,2.4718513597123035,0.45253431309427006,0.11845372692676993,0.13608228621626323,-0.14669970498719395,0.1466997049871893,-0.15143355718255377,0.15161960871578406,0.14669970498718773,-0.14774790459234652,1.0478981937547298,-0.15238786355189188,0.0,0.15161960871578106
137,0.0016811279225520614,-0.04660844310395941,0.7886848937158617,0.11845372692676993,0.23659119470794301,-0.14669970498719395,0.1466997049871893,-0.15143355718255377,0.15161960871578406,0.14669970498718773,-0.14774790459234652,1.8746056884399018,-0.15238786355189188,0.0,0.15161960871578106
138,0.18272156408628512,0.4399159772535528,-1.2815107552341842,0.11845372692676993,0.23659119470794301,-0.14669970498719395,0.1466997049871893,-0.15143355718255377,0.15161960871578406,0.14669970498718773,-0.14774790459234652,-0.19216304827302813,-0.15238786355189188,0.0,0.15161960871578106
139,-0.18709307444623366,-0.14677679950031589,-0.7157939244319935,0.11845372692676993,0.23659119470794301,-0.14669970498719395,0.1466997049871893,-0.15143355718255377,0.15161960871578406,0.14669970498718773,-0.14774790459234652,-0.6055167956156141,-0.15238786355189188,0.0,0.15161960871578106
140,-0.19552991030629113,-0.14677679950031589,-0.8346764468469466,0.11845372692676993,0.23659119470794301,-0.14669970498719395,0.1466997049871893,-0.15143355718255377,0.15161960871578406,0.14669970498718773,-0.14774790459234652,-1.0188705429582001,-0.15238786355189188,0.0,0.15161960871578106
141,-0.3705942544024835,-0.5045114339563147,0.9690583760006182,0.11845372692676993,0.23659119470794301,-0.14669970498719395,0.1466997049871893,-0.15143355718255377,0.15161960871578406,0.14669970498718773,-0.14774790459234652,0.22119069906955785,-0.15238786355189188,0.0,0.15161960871578106
142,-0.16529791514108522,-0.13245943787604555,-0.5559174287705048,0.11845372692676993,0.23659119470794301,-0.14669970498719395,0.1466997049871893,-0.15143355718255377,0.15161960871578406,0.14669970498718773,-0.14774790459234652,0.22119069906955785,-0.15238786355189188,0.0,0.15161960871578106
143,-0.41559071232278993,-0.590362428728401,1.6290613452698408,0.11845372692676993,0.23659119470794301,-0.14669970498719395,0.1466997049871893,-0.15143355718255377,0.15161960871578406,0.14669970498718773,-0.14774790459234652,1.8746056884399018,-0.15238786355189188,0.0,0.15161960871578106
144,-0.1849838654812193,-0.14677679950031589,-0.682998745834765,0.11845372692676993,0.23659119470794301,-0.14669970498719395,0.1466997049871893,-0.15143355718255377,0.15161960871578406,0.14669970498718773,-0.14774790459234652,-0.6055167956156141,-0.15238786355189188,0.0,0.15161960871578106
145,-0.1786562385861762,-0.14677679950031589,-0.5928120046923868,0.11845372692676993,0.23659119470794301,-0.14669970498719395,0.1466997049871893,-0.15143355718255377,0.15161960871578406,0.14669970498718773,-0.14774790459234652,-0.6055167956156141,-0.15238786355189188,0.0,0.15161960871578106
146,-0.1913114923762624,-0.14677679950031589,-0.7731854869771433,0.11845372692676993,0.23659119470794301,-0.14669970498719395,0.1466997049871893,-0.15143355718255377,0.15161960871578406,0.14669970498718773,-0.14774790459234652,-1.0188705429582001,-0.15238786355189188,0.0,0.15161960871578106
147,-0.17654702962116184,-0.14677679950031589,-0.5641162234198119,0.11845372692676993,0.3371001031996228,-0.14669970498719395,0.1466997049871893,-0.15143355718255377,0.15161960871578406,0.14669970498718773,-0.14774790459234652,0.22119069906955785,-0.15238786355189188,0.0,0.15161960871578106
148,-0.20818516409637733,-0.26124922377755866,0.2885584201081278,0.11845372692676993,0.3371001031996228,-0.14669970498719395,0.1466997049871893,-0.15143355718255377,0.15161960871578406,0.14669970498718773,-0.14774790459234652,1.4612519410973157,-0.15238786355189188,0.0,0.15161960871578106
149,0.16092640478113668,0.26820069396599644,-0.2689596160447559,0.11845372692676993,0.3371001031996228,-0.14669970498719395,0.1466997049871893,-0.15143355718255377,0.15161960871578406,0.14669970498718773,-0.14774790459234652,-0.19216304827302813,-0.15238786355189188,0.0,0.15161960871578106
150,-0.1610794972110565,-0.14677679950031589,-0.3427487678885199,0.11845372692676993,0.3371001031996228,-0.14669970498719395,0.1466997049871893,-0.15143355718255377,0.15161960871578406,0.14669970498718773,-0.14774790459234652,0.6345444464121438,-0.15238786355189188,0.0,0.15161960871578106
151,0.16936324064119412,0.26820069396599644,-0.18287227222703117,0.11845372692676993,0.3371001031996228,-0.14669970498719395,0.1466997049871893,-0.15143355718255377,0.15161960871578406,0.14669970498718773,-0.14774790459234652,0.22119069906955785,-0.15238786355189188,0.0,0.15161960871578106
152,0.9589104632115717,1.3557086652148795,-0.461631290303473,0.11845372692676993,0.3371001031996228,-0.14669970498719395,0.1466997049871893,-0.15143355718255377,0.15161960871578406,0.14669970498718773,-0.14774790459234652,-0.6055167956156141,-0.15238786355189188,0.0,0.15161960871578106
153,0.9800025528617153,1.3557086652148795,-0.33454997323921276,0.11845372692676993,0.3371001031996228,-0.14669970498719395,0.1466997049871893,-0.15143355718255377,0.15161960871578406,0.14669970498718773,-0.14774790459234652,-0.19216304827302813,-0.15238786355189188,0.0,0.15161960871578106
154,-0.16529791514108522,-0.14677679950031589,-0.40423972775832323,0.11845372692676993,0.3371001031996228,-0.14669970498719395,0.1466997049871893,-0.15143355718255377,0.15161960871578406,0.14669970498718773,-0.14774790459234652,0.22119069906955785,-0.15238786355189188,0.0,0.15161960871578106
155,-0.15686107928102777,-0.14677679950031589,-0.28535720534337006,0.11845372692676993,0.3371001031996228,-0.14669970498719395,0.1466997049871893,-0.15143355718255377,0.15161960871578406,0.14669970498718773,-0.14774790459234652,0.6345444464121438,-0.15238786355189188,0.0,0.15161960871578106
156,-0.15264266135099902,-0.14677679950031589,-0.22386624547356673,0.11845372692676993,0.3371001031996228,-0.14669970498719395,0.1466997049871893,-0.15143355718255377,0.15161960871578406,0.14669970498718773,-0.14774790459234652,1.0478981937547298,-0.15238786355189188,0.0,0.15161960871578106
157,-0.14631503445595592,-0.14677679950031589,-0.1336795043311885,0.11845372692676993,0.3371001031996228,-0.14669970498719395,0.1466997049871893,-0.15143355718255377,0.15161960871578406,0.14669970498718773,-0.14774790459234652,1.0478981937547298,-0.15238786355189188,0.0,0.15161960871578106
158,-0.13928433790590805,-0.14677679950031589,-0.03119457121484959,0.11845372692676993,0.3371001031996228,-0.14669970498719395,0.1466997049871893,-0.15143355718255377,0.15161960871578406,0.14669970498718773,-0.14774790459234652,1.0478981937547298,-0.15238786355189188,0.0,0.15161960871578106
159,-0.0011311506974670928,-0.04660844310395941,0.7517903177939796,0.11845372692676993,0.3371001031996228,-0.14669970498719395,0.1466997049871893,-0.15143355718255377,0.15161960871578406,0.14669970498718773,-0.14774790459234652,1.8746056884399018,-0.15238786355189188,0.0,0.15161960871578106
160,-0.11819224825576438,-0.13245943787604555,0.10818493782337132,0.11845372692676993,0.3371001031996228,-0.14669970498719395,0.1466997049871893,-0.15143355718255377,0.15161960871578406,0.14669970498718773,-0.14774790459234652,-0.19216304827302813,-0.15238786355189188,0.0,0.15161960871578106
161,-0.43844047611044557,-0.590362428728401,1.0756427064416105,0.11845372692676993,0.3371001031996228,-0.14669970498719395,0.1466997049871893,-0.15143355718255377,0.15161960871578406,0.14669970498718773,-0.14774790459234652,1.8746056884399018,-0.15238786355189188,0.0,0.15161960871578106
162,0.9420367914914568,1.3557086652148795,-0.5600168260951583,0.11845372692676993,0.3371001031996228,-0.14669970498719395,0.1466997049871893,-0.15143355718255377,0.15161960871578406,0.14669970498718773,-0.14774790459234652,-1.0188705429582001,-0.15238786355189188,0.0,0.15161960871578106
163,-0.13717512894089368,-0.14677679950031589,-0.002498789942274696,0.11845372692676993,0.3371001031996228,-0.14669970498719395,0.1466997049871893,-0.15143355718255377,0.15161960871578406,0.14669970498718773,-0.14774790459234652,1.4612519410973157,-0.15238786355189188,0.0,0.15161960871578106
164,-0.15756414893603254,-0.1753849352620888,0.026196991330300196,0.11845372692676993,0.3371001031996228,-0.14669970498719395,0.1466997049871893,-0.15143355718255377,0.15161960871578406,0.14669970498718773,-0.14774790459234652,2.2879594357824877,-0.15238786355189188,0.0,0.15161960871578106
165,-0.4110207595652588,-0.5188155018372012,0.3541487773025847,0.11845372692676993,0.3371001031996228,-0.14669970498719395,0.1466997049871893,-0.15143355718255377,0.15161960871578406,0.14669970498718773,-0.14774790459234652,-0.19216304827302813,-0.15238786355189188,0.0,0.15161960871578106
166,0.9884393887217728,1.3557086652148795,-0.2812578080187165,0.11845372692676993,0.3371001031996228,-0.14669970498719395,0.1466997049871893,-0.15143355718255377,0.15161960871578406,0.14669970498718773,-0.14774790459234652,-0.19216304827302813,-0.15238786355189188,0.0,0.15161960871578106
167,-0.4412527547304647,-0.5045114339563147,-0.5313210448225835,0.11845372692676993,0.3371001031996228,-0.14669970498719395,0.1466997049871893,-0.15143355718255377,0.15161960871578406,0.14669970498718773,-0.14774790459234652,-1.0188705429582001,-0.15238786355189188,0.0,0.15161960871578106
168,-0.1786562385861762,-0.14677679950031589,-0.5928120046923868,0.11845372692676993,0.3371001031996228,-0.14669970498719395,0.1466997049871893,-0.15143355718255377,0.15161960871578406,0.14669970498718773,-0.14774790459234652,-0.19216304827302813,-0.15238786355189188,0.0,0.15161960871578106
169,-0.1737347510011427,-0.13245943787604555,-0.6747999511854579,0.11845372692676993,0.3371001031996228,-0.14669970498719395,0.1466997049871893,-0.15143355718255377,0.15161960871578406,0.14669970498718773,-0.14774790459234652,0.22119069906955785,-0.15238786355189188,0.0,0.15161960871578106
170,-0.15053345238598467,-0.08953394049000249,-0.7895830762757575,0.11845372692676993,0.3371001031996228,-0.14669970498719395,0.1466997049871893,-0.15143355718255377,0.15161960871578406,0.14669970498718773,-0.14774790459234652,-1.432224290300786,-0.15238786355189188,0.0,0.15161960871578106
171,0.17498779788123245,0.26820069396599644,-0.12138131235722784,0.11845372692676993,0.3371001031996228,-0.14669970498719395,0.1466997049871893,-0.15143355718255377,0.15161960871578406,0.14669970498718773,-0.14774790459234652,0.22119069906955785,-0.15238786355189188,0.0,0.15161960871578106
172,-0.4482834512805126,-0.5045114339563147,-0.682998745834765,0.11845372692676993,0.3371001031996228,-0.14669970498719395,0.1466997049871893,-0.15143355718255377,0.15161960871578406,0.14669970498718773,-0.14774790459234652,-1.432224290300786,-0.15238786355189188,0.0,0.15161960871578106
173,-0.19974832823631986,-0.14677679950031589,-0.89616740671675,0.11845372692676993,0.3371001031996228,-0.14669970498719395,0.1466997049871893,-0.15143355718255377,0.15161960871578406,0.14669970498718773,-0.14774790459234652,-1.0188705429582001,-0.15238786355189188,0.0,0.15161960871578106
174,0.9757841349316866,1.3557086652148795,-0.3591463571871341,0.11845372692676993,0.3371001031996228,-0.14669970498719395,0.1466997049871893,-0.15143355718255377,0.15161960871578406,0.14669970498718773,-0.14774790459234652,-0.6055167956156141,-0.15238786355189188,0.0,0.15161960871578106
175,-0.18076544755119056,-0.14677679950031589,-0.6256071832896153,0.11845372692676993,0.3371001031996228,-0.14669970498719395,0.1466997049871893,-0.15143355718255377,0.15161960871578406,0.14669970498718773,-0.14774790459234652,-0.19216304827302813,-0.15238786355189188,0.0,0.15161960871578106
176,0.9968762245818302,1.3557086652148795,-0.23206504012287385,0.11845372692676993,0.3371001031996228,-0.14669970498719395,0.1466997049871893,-0.15143355718255377,0.15161960871578406,0.14669970498718773,-0.14774790459234652,-0.19216304827302813,-0.15238786355189188,0.0,0.15161960871578106
177,-0.1484242434209703,-0.14677679950031589,-0.16237528560376338,0.11845372692676993,0.3371001031996228,-0.14669970498719395,0.1466997049871893,-0.15143355718255377,0.15161960871578406,0.14669970498718773,-0.14774790459234652,1.0478981937547298,-0.15238786355189188,0.0,0.15161960871578106
178,-0.40856001577274204,-0.5188155018372012,0.40744094252308094,0.11845372692676993,0.3371001031996228,-0.14669970498719395,0.1466997049871893,-0.15143355718255377,0.15161960871578406,0.14669970498718773,-0.14774790459234652,1.0478981937547298,-0.15238786355189188,0.0,0.15161960871578106
179,-0.4015293192226942,-0.5188155018372012,0.5591186435352625,0.11845372692676993,0.3371001031996228,-0.14669970498719395,0.1466997049871893,-0.15143355718255377,0.15161960871578406,0.14669970498718773,-0.14774790459234652,1.0478981937547298,-0.15238786355189188,0.0,0.15161960871578106
180,-0.44195582438546954,-0.590362428728401,0.9936547599485395,0.11845372692676993,0.3371001031996228,-0.14669970498719395,0.1466997049871893,-0.15143355718255377,0.15161960871578406,0.14669970498718773,-0.14774790459234652,1.8746056884399018,-0.15238786355189188,0.0,0.15161960871578106
181,15.887891517583252,10.671126522695122,9.872949365148143,0.11845372692676993,0.3371001031996228,-0.14669970498719395,0.1466997049871893,-0.15143355718255377,0.15161960871578406,0.14669970498718773,-0.14774790459234652,2.2879594357824877,-0.15238786355189188,0.0,0.15161960871578106
182,0.11944529513585414,0.26820069396599644,-0.6952969378087257,0.11845372692676993,0.3371001031996228,-0.14669970498719395,0.1466997049871893,-0.15143355718255377,0.15161960871578406,0.14669970498718773,-0.14774790459234652,-1.432224290300786,-0.15238786355189188,0.0,0.15161960871578106
183,-0.46375098369061796,-0.5188155018372012,-0.7895830762757575,0.11845372692676993,0.3371001031996228,-0.14669970498719395,0.1466997049871893,-0.15143355718255377,0.15161960871578406,0.14669970498718773,-0.14774790459234652,-1.0188705429582001,-0.15238786355189188,0.0,0.15161960871578106
184,-0.4496895905905222,-0.5188155018372012,-0.48212827692674076,0.11845372692676993,0.3371001031996228,-0.14669970498719395,0.1466997049871893,-0.15143355718255377,0.15161960871578406,0.14669970498718773,-0.14774790459234652,-0.19216304827302813,-0.15238786355189188,0.0,0.15161960871578106
185,0.18693998201631384,0.4399159772535528,-1.2405167819876488,0.11845372692676993,0.3371001031996228,-0.14669970498719395,0.1466997049871893,-0.15143355718255377,0.15161960871578406,0.14669970498718773,-0.14774790459234652,0.22119069906955785,-0.15238786355189188,0.0,0.15161960871578106
186,-0.22646497512650182,-0.14677679950031589,-1.2774113579095308,0.11845372692676993,0.3371001031996228,-0.14669970498719395,0.1466997049871893,-0.15143355718255377,0.15161960871578406,0.14669970498718773,-0.14774790459234652,-1.432224290300786,-0.15238786355189188,0.0,0.15161960871578106
187,-0.45707182196807244,-0.5045114339563147,-0.8674716254441751,0.11845372692676993,0.3371001031996228,-0.14669970498719395,0.1466997049871893,-0.15143355718255377,0.15161960871578406,0.14669970498718773,-0.14774790459234652,-1.432224290300786,-0.15238786355189188,0.0,0.15161960871578106
188,-0.4683209364481491,-0.5188155018372012,-0.8879686120674428,0.11845372692676993,0.3371001031996228,-0.14669970498719395,0.1466997049871893,-0.15143355718255377,0.15161960871578406,0.14669970498718773,-0.14774790459234652,-1.432224290300786,-0.15238786355189188,0.0,0.15161960871578106
189,-0.577999802628896,-0.6905307851247574,-0.4739294822774337,0.11845372692676993,0.3371001031996228,-0.14669970498719395,0.1466997049871893,-0.15143355718255377,0.15161960871578406,0.14669970498718773,-0.14774790459234652,-1.432224290300786,-0.15238786355189188,0.0,0.15161960871578106
190,-0.21240358202640605,-0.13245943787604555,-1.220019795364381,0.11845372692676993,0.3371001031996228,-0.14669970498719395,0.1466997049871893,-0.15143355718255377,0.15161960871578406,0.14669970498718773,-0.14774790459234652,-1.432224290300786,-0.15238786355189188,0.0,0.15161960871578106
191,-0.4992560012683598,-0.5617409992232443,-0.8838692147427893,0.11845372692676993,0.3371001031996228,-0.14669970498719395,0.1466997049871893,-0.15143355718255377,0.15161960871578406,0.14669970498718773,-0.14774790459234652,-1.432224290300786,-0.15238786355189188,0.0,0.15161960871578106
192,-0.5301910660885705,-0.6189838582335576,-0.6215077859649617,0.11845372692676993,0.3371001031996228,-0.14669970498719395,0.1466997049871893,-0.15143355718255377,0.15161960871578406,0.14669970498718773,-0.14774790459234652,-1.432224290300786,-0.15238786355189188,0.0,0.15161960871578106
193,-0.4795700509282257,-0.5188155018372012,-1.1298330542220028,0.11845372692676993,0.3371001031996228,-0.14669970498719395,0.1466997049871893,-0.15143355718255377,0.15161960871578406,0.14669970498718773,-0.14774790459234652,-1.432224290300786,-0.15238786355189188,0.0,0.15161960871578106
194,-0.21873120892144915,-0.14677679950031589,-1.1667276301438847,0.11845372692676993,0.3371001031996228,-0.14669970498719395,0.1466997049871893,-0.15143355718255377,0.15161960871578406,0.14669970498718773,-0.14774790459234652,-1.432224290300786,-0.15238786355189188,0.0,0.15161960871578106
195,-0.4665632623106371,-0.5188155018372012,-0.8510740361455609,0.11845372692676993,0.3371001031996228,-0.14669970498719395,0.1466997049871893,-0.15143355718255377,0.15161960871578406,0.14669970498718773,-0.14774790459234652,-1.432224290300786,-0.15238786355189188,0.0,0.15161960871578106
196,-0.21591893030143,-0.13245943787604555,-1.2692125632602236,0.11845372692676993,0.3371001031996228,-0.14669970498719395,0.1466997049871893,-0.15143355718255377,0.15161960871578406,0.14669970498718773,-0.14774790459234652,-1.432224290300786,-0.15238786355189188,0.0,0.15161960871578106
197,-0.5706175712513458,-0.6905307851247574,-0.2648602187201023,0.11845372692676993,0.3371001031996228,-0.14669970498719395,0.1466997049871893,-0.15143355718255377,0.15161960871578406,0.14669970498718773,-0.14774790459234652,-1.432224290300786,-0.15238786355189188,0.0,0.15161960871578106
198,-0.21029437306139168,-0.13245943787604555,-1.1872246167671525,0.11845372692676993,0.3371001031996228,-0.14669970498719395,0.1466997049871893,-0.15143355718255377,0.15161960871578406,0.14669970498718773,-0.14774790459234652,-1.432224290300786,-0.15238786355189188,0.0,0.15161960871578106
199,-0.4974983271308478,-0.5617409992232443,-0.8428752414962537,0.11845372692676993,0.3371001031996228,-0.14669970498719395,0.1466997049871893,-0.15143355718255377,0.15161960871578406,0.14669970498718773,-0.14774790459234652,-1.432224290300786,-0.15238786355189188,0.0,0.15161960871578106
200,-0.5284333919510585,-0.6189838582335576,-0.5764144153937726,0.11845372692676993,0.3371001031996228,-0.14669970498719395,0.1466997049871893,-0.15143355718255377,0.15161960871578406,0.14669970498718773,-0.14774790459234652,-1.432224290300786,-0.15238786355189188,0.0,0.15161960871578106
201,-0.47781237679071376,-0.5188155018372012,-1.0929384783001206,0.11845372692676993,0.3371001031996228,-0.14669970498719395,0.1466997049871893,-0.15143355718255377,0.15161960871578406,0.14669970498718773,-0.14774790459234652,-1.432224290300786,-0.15238786355189188,0.0,0.15161960871578106
202,0.8520438756508438,1.3700260268391498,-1.1585288354945775,0.11845372692676993,0.3371001031996228,-0.14669970498719395,0.1466997049871893,-0.15143355718255377,0.15161960871578406,0.14669970498718773,-0.14774790459234652,-1.432224290300786,-0.15238786355189188,0.0,0.15161960871578106
203,-0.21662199995643477,-0.14677679950031589,-1.1339324515466562,0.11845372692676993,0.3371001031996228,-0.14669970498719395,0.1466997049871893,-0.15143355718255377,0.15161960871578406,0.14669970498718773,-0.14774790459234652,-1.0188705429582001,-0.15238786355189188,0.0,0.15161960871578106
204,-0.20818516409637733,-0.13245943787604555,-1.1585288354945775,0.11845372692676993,0.3371001031996228,-0.14669970498719395,0.1466997049871893,-0.15143355718255377,0.15161960871578406,0.14669970498718773,-0.14774790459234652,-1.0188705429582001,-0.15238786355189188,0.0,0.15161960871578106
205,-0.5266757178135465,-0.6189838582335576,-0.5313210448225835,0.11845372692676993,0.3371001031996228,-0.14669970498719395,0.1466997049871893,-0.15143355718255377,0.15161960871578406,0.14669970498718773,-0.14774790459234652,-1.0188705429582001,-0.15238786355189188,0.0,0.15161960871578106
206,-0.47605470265320177,-0.5188155018372012,-1.0560439023782386,0.11845372692676993,0.3371001031996228,-0.14669970498719395,0.1466997049871893,-0.15143355718255377,0.15161960871578406,0.14669970498718773,-0.14774790459234652,-1.0188705429582001,-0.15238786355189188,0.0,0.15161960871578106
207,-0.45179879955553653,-0.5045114339563147,-0.756787897678529,0.11845372692676993,0.3371001031996228,-0.14669970498719395,0.1466997049871893,-0.15143355718255377,0.15161960871578406,0.14669970498718773,-0.14774790459234652,-1.0188705429582001,-0.15238786355189188,0.0,0.15161960871578106
208,-0.4630479140356132,-0.5188155018372012,-0.7731854869771433,0.11845372692676993,0.3371001031996228,-0.14669970498719395,0.1466997049871893,-0.15143355718255377,0.15161960871578406,0.14669970498718773,-0.14774790459234652,-1.0188705429582001,-0.15238786355189188,0.0,0.15161960871578106
209,-0.4939829788558239,-0.5617409992232443,-0.7649866923278362,0.11845372692676993,0.3371001031996228,-0.14669970498719395,0.1466997049871893,-0.15143355718255377,0.15161960871578406,0.14669970498718773,-0.14774790459234652,-1.0188705429582001,-0.15238786355189188,0.0,0.15161960871578106
210,-0.5249180436760346,-0.6189838582335576,-0.4903270715760479,0.11845372692676993,0.3371001031996228,-0.14669970498719395,0.1466997049871893,-0.15143355718255377,0.15161960871578406,0.14669970498718773,-0.14774790459234652,-1.0188705429582001,-0.15238786355189188,0.0,0.15161960871578106
211,0.9265692590813513,1.3557086652148795,-0.6543029645621902,0.11845372692676993,0.3371001031996228,-0.14669970498719395,0.1466997049871893,-0.15143355718255377,0.15161960871578406,0.14669970498718773,-0.14774790459234652,-1.0188705429582001,-0.15238786355189188,0.0,0.15161960871578106
212,-0.21240358202640605,-0.14677679950031589,-1.0765408890015065,0.11845372692676993,0.3371001031996228,-0.14669970498719395,0.1466997049871893,-0.15143355718255377,0.15161960871578406,0.14669970498718773,-0.14774790459234652,-1.0188705429582001,-0.15238786355189188,0.0,0.15161960871578106
213,-0.4500411254180246,-0.5045114339563147,-0.719893321756647,0.11845372692676993,0.3371001031996228,-0.14669970498719395,0.1466997049871893,-0.15143355718255377,0.15161960871578406,0.14669970498718773,-0.14774790459234652,-1.0188705429582001,-0.15238786355189188,0.0,0.15161960871578106
214,-0.20396674616634858,-0.13245943787604555,-1.1011372729494278,0.11845372692676993,0.3371001031996228,-0.14669970498719395,0.1466997049871893,-0.15143355718255377,0.15161960871578406,0.14669970498718773,-0.14774790459234652,-1.0188705429582001,-0.15238786355189188,0.0,0.15161960871578106
215,-0.4595325657605892,-0.5188155018372012,-0.6993963351333793,0.11845372692676993,0.3371001031996228,-0.14669970498719395,0.1466997049871893,-0.15143355718255377,0.15161960871578406,0.14669970498718773,-0.14774790459234652,-1.0188705429582001,-0.15238786355189188,0.0,0.15161960871578106
216,-0.20185753720133423,-0.13245943787604555,-1.0683420943521993,0.11845372692676993,0.3371001031996228,-0.14669970498719395,0.1466997049871893,-0.15143355718255377,0.15161960871578406,0.14669970498718773,-0.14774790459234652,-1.0188705429582001,-0.15238786355189188,0.0,0.15161960871578106
217,-0.49046763058079995,-0.5617409992232443,-0.682998745834765,0.11845372692676993,0.3371001031996228,-0.14669970498719395,0.1466997049871893,-0.15143355718255377,0.15161960871578406,0.14669970498718773,-0.14774790459234652,-1.0188705429582001,-0.15238786355189188,0.0,0.15161960871578106
218,-0.4465257771430006,-0.5045114339563147,-0.646104169912883,0.11845372692676993,0.3371001031996228,-0.14669970498719395,0.1466997049871893,-0.15143355718255377,0.15161960871578406,0.14669970498718773,-0.14774790459234652,-1.0188705429582001,-0.15238786355189188,0.0,0.15161960871578106
219,-0.4577748916230773,-0.5188155018372012,-0.6584023618868438,0.11845372692676993,0.3371001031996228,-0.14669970498719395,0.1466997049871893,-0.15143355718255377,0.15161960871578406,0.14669970498718773,-0.14774790459234652,-1.0188705429582001,-0.15238786355189188,0.0,0.15161960871578106
220,-0.19974832823631986,-0.13245943787604555,-1.0396463130796245,0.11845372692676993,0.3371001031996228,-0.14669970498719395,0.1466997049871893,-0.15143355718255377,0.15161960871578406,0.14669970498718773,-0.14774790459234652,-1.0188705429582001,-0.15238786355189188,0.0,0.15161960871578106
221,-0.5196450212634987,-0.6189838582335576,-0.3550469598624805,0.11845372692676993,0.3371001031996228,-0.14669970498719395,0.1466997049871893,-0.15143355718255377,0.15161960871578406,0.14669970498718773,-0.14774790459234652,-1.0188705429582001,-0.15238786355189188,0.0,0.15161960871578106
222,-0.4447681030054887,-0.5045114339563147,-0.609209593991001,0.11845372692676993,0.3371001031996228,-0.14669970498719395,0.1466997049871893,-0.15143355718255377,0.15161960871578406,0.14669970498718773,-0.14774790459234652,-0.6055167956156141,-0.15238786355189188,0.0,0.15161960871578106
223,-0.4560172174855653,-0.5188155018372012,-0.6215077859649617,0.11845372692676993,0.3371001031996228,-0.14669970498719395,0.1466997049871893,-0.15143355718255377,0.15161960871578406,0.14669970498718773,-0.14774790459234652,-0.6055167956156141,-0.15238786355189188,0.0,0.15161960871578106
224,-0.19763911927130548,-0.13245943787604555,-1.0109505318070495,0.11845372692676993,0.3371001031996228,-0.14669970498719395,0.1466997049871893,-0.15143355718255377,0.15161960871578406,0.14669970498718773,-0.14774790459234652,-0.6055167956156141,-0.15238786355189188,0.0,0.15161960871578106
225,-0.486952282305776,-0.5617409992232443,-0.6010107993416939,0.11845372692676993,0.3371001031996228,-0.14669970498719395,0.1466997049871893,-0.15143355718255377,0.15161960871578406,0.14669970498718773,-0.14774790459234652,-0.6055167956156141,-0.15238786355189188,0.0,0.15161960871578106
226,-0.5178873471259867,-0.6189838582335576,-0.3099535892912914,0.11845372692676993,0.3371001031996228,-0.14669970498719395,0.1466997049871893,-0.15143355718255377,0.15161960871578406,0.14669970498718773,-0.14774790459234652,-0.6055167956156141,-0.15238786355189188,0.0,0.15161960871578106
227,0.9434429308014664,1.3557086652148795,-0.5518180314458513,0.11845372692676993,0.3371001031996228,-0.14669970498719395,0.1466997049871893,-0.15143355718255377,0.15161960871578406,0.14669970498718773,-0.14774790459234652,-0.6055167956156141,-0.15238786355189188,0.0,0.15161960871578106
228,-0.4430104288679767,-0.5045114339563147,-0.5682156207444655,0.11845372692676993,0.3371001031996228,-0.14669970498719395,0.1466997049871893,-0.15143355718255377,0.15161960871578406,0.14669970498718773,-0.14774790459234652,-0.6055167956156141,-0.15238786355189188,0.0,0.15161960871578106
229,-0.4542595433480533,-0.5188155018372012,-0.5846132100430796,0.11845372692676993,0.3371001031996228,-0.14669970498719395,0.1466997049871893,-0.15143355718255377,0.15161960871578406,0.14669970498718773,-0.14774790459234652,-0.6055167956156141,-0.15238786355189188,0.0,0.15161960871578106
230,-0.19552991030629113,-0.13245943787604555,-0.9822547505344746,0.11845372692676993,0.3371001031996228,-0.14669970498719395,0.1466997049871893,-0.15143355718255377,0.15161960871578406,0.14669970498718773,-0.14774790459234652,-0.6055167956156141,-0.15238786355189188,0.0,0.15161960871578106
231,-0.485194608168264,-0.5617409992232443,-0.5600168260951583,0.11845372692676993,0.3371001031996228,-0.14669970498719395,0.1466997049871893,-0.15143355718255377,0.15161960871578406,0.14669970498718773,-0.14774790459234652,-0.6055167956156141,-0.15238786355189188,0.0,0.15161960871578106
232,-0.5161296729884747,-0.6189838582335576,-0.2689596160447559,0.11845372692676993,0.3371001031996228,-0.14669970498719395,0.1466997049871893,-0.15143355718255377,0.15161960871578406,0.14669970498718773,-0.14774790459234652,-0.6055167956156141,-0.15238786355189188,0.0,0.15161960871578106
233,-0.4412527547304647,-0.5045114339563147,-0.5313210448225835,0.11845372692676993,0.3371001031996228,-0.14669970498719395,0.1466997049871893,-0.15143355718255377,0.15161960871578406,0.14669970498718773,-0.14774790459234652,-0.6055167956156141,-0.15238786355189188,0.0,0.15161960871578106
234,-0.45250186921054136,-0.5188155018372012,-0.5436192367965441,0.11845372692676993,0.3371001031996228,-0.14669970498719395,0.1466997049871893,-0.15143355718255377,0.15161960871578406,0.14669970498718773,-0.14774790459234652,-0.6055167956156141,-0.15238786355189188,0.0,0.15161960871578106
235,-0.19342070134127676,-0.13245943787604555,-0.9494595719372462,0.11845372692676993,0.3371001031996228,-0.14669970498719395,0.1466997049871893,-0.15143355718255377,0.15161960871578406,0.14669970498718773,-0.14774790459234652,-0.6055167956156141,-0.15238786355189188,0.0,0.15161960871578106
236,-0.48343693403075205,-0.5617409992232443,-0.5190228528486228,0.11845372692676993,0.3371001031996228,-0.14669970498719395,0.1466997049871893,-0.15143355718255377,0.15161960871578406,0.14669970498718773,-0.14774790459234652,-0.6055167956156141,-0.15238786355189188,0.0,0.15161960871578106
237,-0.5143719988509627,-0.6189838582335576,-0.22386624547356673,0.11845372692676993,0.3371001031996228,-0.14669970498719395,0.1466997049871893,-0.15143355718255377,0.15161960871578406,0.14669970498718773,-0.14774790459234652,-0.6055167956156141,-0.15238786355189188,0.0,0.15161960871578106
238,-0.46375098369061796,-0.5188155018372012,-0.7895830762757575,0.11845372692676993,0.3371001031996228,-0.14669970498719395,0.1466997049871893,-0.15143355718255377,0.15161960871578406,0.14669970498718773,-0.14774790459234652,-0.6055167956156141,-0.15238786355189188,0.0,0.15161960871578106
239,-0.4394950805929528,-0.5045114339563147,-0.49442646890070147,0.11845372692676993,0.3371001031996228,-0.14669970498719395,0.1466997049871893,-0.15143355718255377,0.15161960871578406,0.14669970498718773,-0.14774790459234652,-0.6055167956156141,-0.15238786355189188,0.0,0.15161960871578106
240,-0.4507441950730294,-0.5188155018372012,-0.5067246608746622,0.11845372692676993,0.3371001031996228,-0.14669970498719395,0.1466997049871893,-0.15143355718255377,0.15161960871578406,0.14669970498718773,-0.14774790459234652,-0.6055167956156141,-0.15238786355189188,0.0,0.15161960871578106
241,-0.5547985040137381,-0.6905307851247574,0.18607348699178888,0.11845372692676993,0.3371001031996228,-0.14669970498719395,0.1466997049871893,-0.15143355718255377,0.15161960871578406,0.14669970498718773,-0.14774790459234652,-0.6055167956156141,-0.15238786355189188,0.0,0.15161960871578106
242,-0.1913114923762624,-0.13245943787604555,-0.9207637906646713,0.11845372692676993,0.3371001031996228,-0.14669970498719395,0.1466997049871893,-0.15143355718255377,0.15161960871578406,0.14669970498718773,-0.14774790459234652,-0.6055167956156141,-0.15238786355189188,0.0,0.15161960871578106
243,-0.48167925989324006,-0.5617409992232443,-0.47802887960208723,0.11845372692676993,0.3371001031996228,-0.14669970498719395,0.1466997049871893,-0.15143355718255377,0.15161960871578406,0.14669970498718773,-0.14774790459234652,-0.6055167956156141,-0.15238786355189188,0.0,0.15161960871578106
244,-0.5126143247134508,-0.6189838582335576,-0.17877287490237762,0.11845372692676993,0.3371001031996228,-0.14669970498719395,0.1466997049871893,-0.15143355718255377,0.15161960871578406,0.14669970498718773,-0.14774790459234652,-0.6055167956156141,-0.15238786355189188,0.0,0.15161960871578106
245,-0.46199330955310597,-0.5188155018372012,-0.7526885003538755,0.11845372692676993,0.3371001031996228,-0.14669970498719395,0.1466997049871893,-0.15143355718255377,0.15161960871578406,0.14669970498718773,-0.14774790459234652,-0.6055167956156141,-0.15238786355189188,0.0,0.15161960871578106
246,-0.4377374064554408,-0.5045114339563147,-0.45753189297881947,0.11845372692676993,0.3371001031996228,-0.14669970498719395,0.1466997049871893,-0.15143355718255377,0.15161960871578406,0.14669970498718773,-0.14774790459234652,-0.6055167956156141,-0.15238786355189188,0.0,0.15161960871578106
247,-0.4489865209355174,-0.5188155018372012,-0.4698300849527801,0.11845372692676993,0.3371001031996228,-0.14669970498719395,0.1466997049871893,-0.15143355718255377,0.15161960871578406,0.14669970498718773,-0.14774790459234652,-0.6055167956156141,-0.15238786355189188,0.0,0.15161960871578106
248,-0.18920228341124803,-0.13245943787604555,-0.8920680093920964,0.11845372692676993,0.3371001031996228,-0.14669970498719395,0.1466997049871893,-0.15143355718255377,0.15161960871578406,0.14669970498718773,-0.14774790459234652,-0.6055167956156141,-0.15238786355189188,0.0,0.15161960871578106
249,-0.4799215857557281,-0.5617409992232443,-0.44113430368020523,0.11845372692676993,0.3371001031996228,-0.14669970498719395,0.1466997049871893,-0.15143355718255377,0.15161960871578406,0.14669970498718773,-0.14774790459234652,-0.6055167956156141,-0.15238786355189188,0.0,0.15161960871578106
250,-0.5108566505759388,-0.6189838582335576,-0.1336795043311885,0.11845372692676993,0.3371001031996228,-0.14669970498719395,0.1466997049871893,-0.15143355718255377,0.15161960871578406,0.14669970498718773,-0.14774790459234652,-0.6055167956156141,-0.15238786355189188,0.0,0.15161960871578106
251,-0.46023563541559404,-0.5188155018372012,-0.7116945271073399,0.11845372692676993,0.3371001031996228,-0.14669970498719395,0.1466997049871893,-0.15143355718255377,0.15161960871578406,0.14669970498718773,-0.14774790459234652,-0.6055167956156141,-0.15238786355189188,0.0,0.15161960871578106
252,-0.4359797323179288,-0.5045114339563147,-0.42063731705693747,0.11845372692676993,0.3371001031996228,-0.14669970498719395,0.1466997049871893,-0.15143355718255377,0.15161960871578406,0.14669970498718773,-0.14774790459234652,-0.19216304827302813,-0.15238786355189188,0.0,0.15161960871578106
253,-0.44722884679800545,-0.5188155018372012,-0.4288361117062445,0.11845372692676993,0.3371001031996228,-0.14669970498719395,0.1466997049871893,-0.15143355718255377,0.15161960871578406,0.14669970498718773,-0.14774790459234652,-0.19216304827302813,-0.15238786355189188,0.0,0.15161960871578106
254,-0.18709307444623366,-0.13245943787604555,-0.8633722281195215,0.11845372692676993,0.3371001031996228,-0.14669970498719395,0.1466997049871893,-0.15143355718255377,0.15161960871578406,0.14669970498718773,-0.14774790459234652,-0.19216304827302813,-0.15238786355189188,0.0,0.15161960871578106
255,-0.47816391161821614,-0.5617409992232443,-0.40014033043366964,0.11845372692676993,0.3371001031996228,-0.14669970498719395,0.1466997049871893,-0.15143355718255377,0.15161960871578406,0.14669970498718773,-0.14774790459234652,-0.19216304827302813,-0.15238786355189188,0.0,0.15161960871578106
256,-0.5090989764384268,-0.6189838582335576,-0.08858613375999938,0.11845372692676993,0.3371001031996228,-0.14669970498719395,0.1466997049871893,-0.15143355718255377,0.15161960871578406,0.14669970498718773,-0.14774790459234652,-0.19216304827302813,-0.15238786355189188,0.0,0.15161960871578106
257,-0.45847796127808205,-0.5188155018372012,-0.6747999511854579,0.11845372692676993,0.3371001031996228,-0.14669970498719395,0.1466997049871893,-0.15143355718255377,0.15161960871578406,0.14669970498718773,-0.14774790459234652,-0.19216304827302813,-0.15238786355189188,0.0,0.15161960871578106
258,-0.19342070134127676,-0.14677679950031589,-0.8059806655743718,0.11845372692676993,0.3371001031996228,-0.14669970498719395,0.1466997049871893,-0.15143355718255377,0.15161960871578406,0.14669970498718773,-0.14774790459234652,-0.19216304827302813,-0.15238786355189188,0.0,0.15161960871578106
259,-0.4342220581804168,-0.5045114339563147,-0.3837427411350554,0.11845372692676993,0.3371001031996228,-0.14669970498719395,0.1466997049871893,-0.15143355718255377,0.15161960871578406,0.14669970498718773,-0.14774790459234652,-0.19216304827302813,-0.15238786355189188,0.0,0.15161960871578106
260,-0.44547117266049346,-0.5188155018372012,-0.3919415357843625,0.11845372692676993,0.3371001031996228,-0.14669970498719395,0.1466997049871893,-0.15143355718255377,0.15161960871578406,0.14669970498718773,-0.14774790459234652,-0.19216304827302813,-0.15238786355189188,0.0,0.15161960871578106
261,-0.1849838654812193,-0.13245943787604555,-0.8346764468469466,0.11845372692676993,0.3371001031996228,-0.14669970498719395,0.1466997049871893,-0.15143355718255377,0.15161960871578406,0.14669970498718773,-0.14774790459234652,-0.19216304827302813,-0.15238786355189188,0.0,0.15161960871578106
262,-0.47640623748070415,-0.5617409992232443,-0.3591463571871341,0.11845372692676993,0.3371001031996228,-0.14669970498719395,0.1466997049871893,-0.15143355718255377,0.15161960871578406,0.14669970498718773,-0.14774790459234652,-0.19216304827302813,-0.15238786355189188,0.0,0.15161960871578106
263,-0.5073413023009149,-0.6189838582335576,-0.047592160513463815,0.11845372692676993,0.3371001031996228,-0.14669970498719395,0.1466997049871893,-0.15143355718255377,0.15161960871578406,0.14669970498718773,-0.14774790459234652,-0.19216304827302813,-0.15238786355189188,0.0,0.15161960871578106
264,-0.45672028714057006,-0.5188155018372012,-0.6379053752635759,0.11845372692676993,0.3371001031996228,-0.14669970498719395,0.1466997049871893,-0.15143355718255377,0.15161960871578406,0.14669970498718773,-0.14774790459234652,-0.19216304827302813,-0.15238786355189188,0.0,0.15161960871578106
265,-0.1913114923762624,-0.14677679950031589,-0.7731854869771433,0.11845372692676993,0.3371001031996228,-0.14669970498719395,0.1466997049871893,-0.15143355718255377,0.15161960871578406,0.14669970498718773,-0.14774790459234652,-0.19216304827302813,-0.15238786355189188,0.0,0.15161960871578106
266,-0.4324643840429049,-0.5045114339563147,-0.3468481652131734,0.11845372692676993,0.3371001031996228,-0.14669970498719395,0.1466997049871893,-0.15143355718255377,0.15161960871578406,0.14669970498718773,-0.14774790459234652,-0.19216304827302813,-0.15238786355189188,0.0,0.15161960871578106
267,-0.4437134985229815,-0.5188155018372012,-0.3550469598624805,0.11845372692676993,0.3371001031996228,-0.14669970498719395,0.1466997049871893,-0.15143355718255377,0.15161960871578406,0.14669970498718773,-0.14774790459234652,-0.19216304827302813,-0.15238786355189188,0.0,0.15161960871578106
268,-0.5055836281634029,-0.6189838582335576,-0.002498789942274696,0.11845372692676993,0.3371001031996228,-0.14669970498719395,0.1466997049871893,-0.15143355718255377,0.15161960871578406,0.14669970498718773,-0.14774790459234652,-0.19216304827302813,-0.15238786355189188,0.0,0.15161960871578106
269,-0.4307067099053929,-0.5045114339563147,-0.3099535892912914,0.11845372692676993,0.3371001031996228,-0.14669970498719395,0.1466997049871893,-0.15143355718255377,0.15161960871578406,0.14669970498718773,-0.14774790459234652,-0.19216304827302813,-0.15238786355189188,0.0,0.15161960871578106
270,-0.44195582438546954,-0.5188155018372012,-0.3181523839405985,0.11845372692676993,0.3371001031996228,-0.14669970498719395,0.1466997049871893,-0.15143355718255377,0.15161960871578406,0.14669970498718773,-0.14774790459234652,-0.19216304827302813,-0.15238786355189188,0.0,0.15161960871578106
271,-0.18076544755119056,-0.13245943787604555,-0.7731854869771433,0.11845372692676993,0.3371001031996228,-0.14669970498719395,0.1466997049871893,-0.15143355718255377,0.15161960871578406,0.14669970498718773,-0.14774790459234652,-0.19216304827302813,-0.15238786355189188,0.0,0.15161960871578106
272,-0.47289088920568023,-0.5617409992232443,-0.277158410694063,0.11845372692676993,0.3371001031996228,-0.14669970498719395,0.1466997049871893,-0.15143355718255377,0.15161960871578406,0.14669970498718773,-0.14774790459234652,-0.19216304827302813,-0.15238786355189188,0.0,0.15161960871578106
273,-0.5038259540258909,-0.6189838582335576,0.04259458062891442,0.11845372692676993,0.3371001031996228,-0.14669970498719395,0.1466997049871893,-0.15143355718255377,0.15161960871578406,0.14669970498718773,-0.14774790459234652,-0.19216304827302813,-0.15238786355189188,0.0,0.15161960871578106
274,-0.45320493886554614,-0.5188155018372012,-0.5600168260951583,0.11845372692676993,0.3371001031996228,-0.14669970498719395,0.1466997049871893,-0.15143355718255377,0.15161960871578406,0.14669970498718773,-0.14774790459234652,-0.19216304827302813,-0.15238786355189188,0.0,0.15161960871578106
275,-0.4289490357678809,-0.5045114339563147,-0.2730590133694094,0.11845372692676993,0.3371001031996228,-0.14669970498719395,0.1466997049871893,-0.15143355718255377,0.15161960871578406,0.14669970498718773,-0.14774790459234652,-0.19216304827302813,-0.15238786355189188,0.0,0.15161960871578106
276,-0.1786562385861762,-0.13245943787604555,-0.7444897057045684,0.11845372692676993,0.3371001031996228,-0.14669970498719395,0.1466997049871893,-0.15143355718255377,0.15161960871578406,0.14669970498718773,-0.14774790459234652,-0.19216304827302813,-0.15238786355189188,0.0,0.15161960871578106
277,-0.47113321506816824,-0.5617409992232443,-0.2361644374475274,0.11845372692676993,0.3371001031996228,-0.14669970498719395,0.1466997049871893,-0.15143355718255377,0.15161960871578406,0.14669970498718773,-0.14774790459234652,-0.19216304827302813,-0.15238786355189188,0.0,0.15161960871578106
278,-0.502068279888379,-0.6189838582335576,0.08768795120010354,0.11845372692676993,0.3371001031996228,-0.14669970498719395,0.1466997049871893,-0.15143355718255377,0.15161960871578406,0.14669970498718773,-0.14774790459234652,-0.19216304827302813,-0.15238786355189188,0.0,0.15161960871578106
279,-0.45144726472803415,-0.5188155018372012,-0.5231222501732764,0.11845372692676993,0.3371001031996228,-0.14669970498719395,0.1466997049871893,-0.15143355718255377,0.15161960871578406,0.14669970498718773,-0.14774790459234652,-0.19216304827302813,-0.15238786355189188,0.0,0.15161960871578106
280,0.9814086921717249,1.3557086652148795,-0.32635117858990564,0.11845372692676993,0.3371001031996228,-0.14669970498719395,0.1466997049871893,-0.15143355718255377,0.15161960871578406,0.14669970498718773,-0.14774790459234652,0.22119069906955785,-0.15238786355189188,0.0,0.15161960871578106
281,-0.42719136163036897,-0.5045114339563147,-0.23206504012287385,0.11845372692676993,0.3371001031996228,-0.14669970498719395,0.1466997049871893,-0.15143355718255377,0.15161960871578406,0.14669970498718773,-0.14774790459234652,0.22119069906955785,-0.15238786355189188,0.0,0.15161960871578106
282,-0.17654702962116184,-0.13245943787604555,-0.7157939244319935,0.11845372692676993,0.3371001031996228,-0.14669970498719395,0.1466997049871893,-0.15143355718255377,0.15161960871578406,0.14669970498718773,-0.14774790459234652,0.22119069906955785,-0.15238786355189188,0.0,0.15161960871578106
283,-0.46937554093065625,-0.5617409992232443,-0.19517046420099185,0.11845372692676993,0.3371001031996228,-0.14669970498719395,0.1466997049871893,-0.15143355718255377,0.15161960871578406,0.14669970498718773,-0.14774790459234652,0.22119069906955785,-0.15238786355189188,0.0,0.15161960871578106
284,-0.5003106057508669,-0.6189838582335576,0.13278132177129265,0.11845372692676993,0.3371001031996228,-0.14669970498719395,0.1466997049871893,-0.15143355718255377,0.15161960871578406,0.14669970498718773,-0.14774790459234652,0.22119069906955785,-0.15238786355189188,0.0,0.15161960871578106
285,-0.4496895905905222,-0.5188155018372012,-0.48212827692674076,0.11845372692676993,0.3371001031996228,-0.14669970498719395,0.1466997049871893,-0.15143355718255377,0.15161960871578406,0.14669970498718773,-0.14774790459234652,0.22119069906955785,-0.15238786355189188,0.0,0.15161960871578106
286,0.9856271101017536,1.3557086652148795,-0.3017547946419843,0.11845372692676993,0.3371001031996228,-0.14669970498719395,0.1466997049871893,-0.15143355718255377,0.15161960871578406,0.14669970498718773,-0.14774790459234652,0.22119069906955785,-0.15238786355189188,0.0,0.15161960871578106
287,-0.18287465651620494,-0.14677679950031589,-0.6543029645621902,0.11845372692676993,0.3371001031996228,-0.14669970498719395,0.1466997049871893,-0.15143355718255377,0.15161960871578406,0.14669970498718773,-0.14774790459234652,0.22119069906955785,-0.15238786355189188,0.0,0.15161960871578106
288,-0.4366828019729336,-0.5188155018372012,-0.20336925885029897,0.11845372692676993,0.3371001031996228,-0.14669970498719395,0.1466997049871893,-0.15143355718255377,0.15161960871578406,0.14669970498718773,-0.14774790459234652,0.22119069906955785,-0.15238786355189188,0.0,0.15161960871578106
289,-0.5407371109136423,-0.6905307851247574,0.5878144248078374,0.11845372692676993,0.3371001031996228,-0.14669970498719395,0.1466997049871893,-0.15143355718255377,0.15161960871578406,0.14669970498718773,-0.14774790459234652,0.22119069906955785,-0.15238786355189188,0.0,0.15161960871578106
290,-0.17443782065614746,-0.13245943787604555,-0.682998745834765,0.11845372692676993,0.3371001031996228,-0.14669970498719395,0.1466997049871893,-0.15143355718255377,0.15161960871578406,0.14669970498718773,-0.14774790459234652,0.22119069906955785,-0.15238786355189188,0.0,0.15161960871578106
291,-0.4676178667931443,-0.5617409992232443,-0.1541764909544563,0.11845372692676993,0.3371001031996228,-0.14669970498719395,0.1466997049871893,-0.15143355718255377,0.15161960871578406,0.14669970498718773,-0.14774790459234652,0.22119069906955785,-0.15238786355189188,0.0,0.15161960871578106
292,-0.498552931613355,-0.6189838582335576,0.17377529501782824,0.11845372692676993,0.3371001031996228,-0.14669970498719395,0.1466997049871893,-0.15143355718255377,0.15161960871578406,0.14669970498718773,-0.14774790459234652,0.22119069906955785,-0.15238786355189188,0.0,0.15161960871578106
293,-0.4479319164530102,-0.5188155018372012,-0.44523370100485876,0.11845372692676993,0.3371001031996228,-0.14669970498719395,0.1466997049871893,-0.15143355718255377,0.15161960871578406,0.14669970498718773,-0.14774790459234652,0.22119069906955785,-0.15238786355189188,0.0,0.15161960871578106
294,0.9898455280317824,1.3557086652148795,-0.2730590133694094,0.11845372692676993,0.3371001031996228,-0.14669970498719395,0.1466997049871893,-0.15143355718255377,0.15161960871578406,0.14669970498718773,-0.14774790459234652,0.22119069906955785,-0.15238786355189188,0.0,0.15161960871578106
295,-0.18076544755119056,-0.14677679950031589,-0.6256071832896153,0.11845372692676993,0.3371001031996228,-0.14669970498719395,0.1466997049871893,-0.15143355718255377,0.15161960871578406,0.14669970498718773,-0.14774790459234652,0.22119069906955785,-0.15238786355189188,0.0,0.15161960871578106
296,-0.423676013355345,-0.5045114339563147,-0.15827588827910985,0.11845372692676993,0.3371001031996228,-0.14669970498719395,0.1466997049871893,-0.15143355718255377,0.15161960871578406,0.14669970498718773,-0.14774790459234652,0.22119069906955785,-0.15238786355189188,0.0,0.15161960871578106
297,-0.43492512783542164,-0.5188155018372012,-0.16237528560376338,0.11845372692676993,0.3371001031996228,-0.14669970498719395,0.1466997049871893,-0.15143355718255377,0.15161960871578406,0.14669970498718773,-0.14774790459234652,0.22119069906955785,-0.15238786355189188,0.0,0.15161960871578106
298,-0.5389794367761304,-0.6905307851247574,0.6370071927036801,0.11845372692676993,0.3371001031996228,-0.14669970498719395,0.1466997049871893,-0.15143355718255377,0.15161960871578406,0.14669970498718773,-0.14774790459234652,0.22119069906955785,-0.15238786355189188,0.0,0.15161960871578106
299,-0.17232861169113312,-0.13245943787604555,-0.6543029645621902,0.11845372692676993,0.3371001031996228,-0.14669970498719395,0.1466997049871893,-0.15143355718255377,0.15161960871578406,0.14669970498718773,-0.14774790459234652,0.22119069906955785,-0.15238786355189188,0.0,0.15161960871578106
300,-0.46586019265563233,-0.5617409992232443,-0.11728191503257428,0.11845372692676993,0.3371001031996228,-0.14669970498719395,0.1466997049871893,-0.15143355718255377,0.15161960871578406,0.14669970498718773,-0.14774790459234652,0.22119069906955785,-0.15238786355189188,0.0,0.15161960871578106
301,-0.496795257475843,-0.6189838582335576,0.21886866558901735,0.11845372692676993,0.3371001031996228,-0.14669970498719395,0.1466997049871893,-0.15143355718255377,0.15161960871578406,0.14669970498718773,-0.14774790459234652,0.22119069906955785,-0.15238786355189188,0.0,0.15161960871578106
302,-0.4184029909428091,-0.5045114339563147,-0.047592160513463815,0.11845372692676993,0.3371001031996228,-0.14669970498719395,0.1466997049871893,-0.15143355718255377,0.15161960871578406,0.14669970498718773,-0.14774790459234652,0.22119069906955785,-0.15238786355189188,0.0,0.15161960871578106
303,-0.42965210542288573,-0.5188155018372012,-0.05169155783811737,0.11845372692676993,0.3371001031996228,-0.14669970498719395,0.1466997049871893,-0.15143355718255377,0.15161960871578406,0.14669970498718773,-0.14774790459234652,0.22119069906955785,-0.15238786355189188,0.0,0.15161960871578106
304,-0.17092247238112354,-0.13245943787604555,-0.6338059779389223,0.11845372692676993,0.3371001031996228,-0.14669970498719395,0.1466997049871893,-0.15143355718255377,0.15161960871578406,0.14669970498718773,-0.14774790459234652,0.22119069906955785,-0.15238786355189188,0.0,0.15161960871578106
305,-0.021168635865103567,0.024938483787240444,-0.22386624547356673,0.11845372692676993,0.3371001031996228,-0.14669970498719395,0.1466997049871893,-0.15143355718255377,0.15161960871578406,0.14669970498718773,-0.14774790459234652,0.22119069906955785,-0.15238786355189188,0.0,0.15161960871578106
306,-0.16389177583107564,-0.26124922377755866,0.9936547599485395,0.11845372692676993,0.3371001031996228,-0.14669970498719395,0.1466997049871893,-0.15143355718255377,0.15161960871578406,0.14669970498718773,-0.14774790459234652,0.22119069906955785,-0.15238786355189188,0.0,0.15161960871578106
307,-0.485194608168264,-0.6189838582335576,0.5140252729640734,0.11845372692676993,0.3371001031996228,-0.14669970498719395,0.1466997049871893,-0.15143355718255377,0.15161960871578406,0.14669970498718773,-0.14774790459234652,0.22119069906955785,-0.15238786355189188,0.0,0.15161960871578106
308,-0.17162554203612831,-0.14677679950031589,-0.49442646890070147,0.11845372692676993,0.3371001031996228,-0.14669970498719395,0.1466997049871893,-0.15143355718255377,0.15161960871578406,0.14669970498718773,-0.14774790459234652,0.6345444464121438,-0.15238786355189188,0.0,0.15161960871578106
309,-0.41664531680529715,-0.5045114339563147,-0.01069758459158181,0.11845372692676993,0.3371001031996228,-0.14669970498719395,0.1466997049871893,-0.15143355718255377,0.15161960871578406,0.14669970498718773,-0.14774790459234652,0.6345444464121438,-0.15238786355189188,0.0,0.15161960871578106
310,-0.42789443128537374,-0.5188155018372012,-0.01069758459158181,0.11845372692676993,0.3371001031996228,-0.14669970498719395,0.1466997049871893,-0.15143355718255377,0.15161960871578406,0.14669970498718773,-0.14774790459234652,0.6345444464121438,-0.15238786355189188,0.0,0.15161960871578106
311,-0.16881326341610917,-0.13245943787604555,-0.6051101966663475,0.11845372692676993,0.3371001031996228,-0.14669970498719395,0.1466997049871893,-0.15143355718255377,0.15161960871578406,0.14669970498718773,-0.14774790459234652,0.6345444464121438,-0.15238786355189188,0.0,0.15161960871578106
312,-0.5330033447085897,-0.6905307851247574,0.8091818803391294,0.11845372692676993,0.3371001031996228,-0.14669970498719395,0.1466997049871893,-0.15143355718255377,0.15161960871578406,0.14669970498718773,-0.14774790459234652,0.6345444464121438,-0.15238786355189188,0.0,0.15161960871578106
313,-0.01835635724508441,0.024938483787240444,-0.1910710668763383,0.11845372692676993,0.3371001031996228,-0.14669970498719395,0.1466997049871893,-0.15143355718255377,0.15161960871578406,0.14669970498718773,-0.14774790459234652,0.6345444464121438,-0.15238786355189188,0.0,0.15161960871578106
314,-0.1603764275560517,-0.26124922377755866,1.0510463224936892,0.11845372692676993,0.3371001031996228,-0.14669970498719395,0.1466997049871893,-0.15143355718255377,0.15161960871578406,0.14669970498718773,-0.14774790459234652,0.6345444464121438,-0.15238786355189188,0.0,0.15161960871578106
315,-0.41488764266778516,-0.5045114339563147,0.026196991330300196,0.11845372692676993,0.3371001031996228,-0.14669970498719395,0.1466997049871893,-0.15143355718255377,0.15161960871578406,0.14669970498718773,-0.14774790459234652,0.6345444464121438,-0.15238786355189188,0.0,0.15161960871578106
316,-0.42613675714786176,-0.5188155018372012,0.026196991330300196,0.11845372692676993,0.3371001031996228,-0.14669970498719395,0.1466997049871893,-0.15143355718255377,0.15161960871578406,0.14669970498718773,-0.14774790459234652,0.6345444464121438,-0.15238786355189188,0.0,0.15161960871578106
317,-0.1667040544510948,-0.13245943787604555,-0.5764144153937726,0.11845372692676993,0.3371001031996228,-0.14669970498719395,0.1466997049871893,-0.15143355718255377,0.15161960871578406,0.14669970498718773,-0.14774790459234652,0.6345444464121438,-0.15238786355189188,0.0,0.15161960871578106
318,-0.015544078625065258,0.024938483787240444,-0.1541764909544563,0.11845372692676993,0.3371001031996228,-0.14669970498719395,0.1466997049871893,-0.15143355718255377,0.15161960871578406,0.14669970498718773,-0.14774790459234652,0.6345444464121438,-0.15238786355189188,0.0,0.15161960871578106
319,-0.4131299685302732,-0.5045114339563147,0.0630915672521822,0.11845372692676993,0.3371001031996228,-0.14669970498719395,0.1466997049871893,-0.15143355718255377,0.15161960871578406,0.14669970498718773,-0.14774790459234652,0.6345444464121438,-0.15238786355189188,0.0,0.15161960871578106
320,-0.16459484548608044,-0.13245943787604555,-0.5477186341211977,0.11845372692676993,0.3371001031996228,-0.14669970498719395,0.1466997049871893,-0.15143355718255377,0.15161960871578406,0.14669970498718773,-0.14774790459234652,0.6345444464121438,-0.15238786355189188,0.0,0.15161960871578106
321,-0.012731800005046104,0.024938483787240444,-0.12138131235722784,0.11845372692676993,0.3371001031996228,-0.14669970498719395,0.1466997049871893,-0.15143355718255377,0.15161960871578406,0.14669970498718773,-0.14774790459234652,0.6345444464121438,-0.15238786355189188,0.0,0.15161960871578106
322,1.0292174287120506,1.0981423871552372,1.2929107646482492,0.11845372692676993,0.3371001031996228,-0.14669970498719395,0.1466997049871893,-0.15143355718255377,0.15161960871578406,0.14669970498718773,-0.14774790459234652,0.6345444464121438,-0.15238786355189188,0.0,0.15161960871578106
323,-0.41137229439276124,-0.5045114339563147,0.10408554049871777,0.11845372692676993,0.3371001031996228,-0.14669970498719395,0.1466997049871893,-0.15143355718255377,0.15161960871578406,0.14669970498718773,-0.14774790459234652,0.6345444464121438,-0.15238786355189188,0.0,0.15161960871578106
324,-0.42262140887283783,-0.5188155018372012,0.10408554049871777,0.11845372692676993,0.3371001031996228,-0.14669970498719395,0.1466997049871893,-0.15143355718255377,0.15161960871578406,0.14669970498718773,-0.14774790459234652,0.6345444464121438,-0.15238786355189188,0.0,0.15161960871578106
325,-0.16248563652106607,-0.13245943787604555,-0.5149234555239692,0.11845372692676993,0.3371001031996228,-0.14669970498719395,0.1466997049871893,-0.15143355718255377,0.15161960871578406,0.14669970498718773,-0.14774790459234652,0.6345444464121438,-0.15238786355189188,0.0,0.15161960871578106
326,-0.00991952138502695,0.024938483787240444,-0.08448673643534582,0.11845372692676993,0.3371001031996228,-0.14669970498719395,0.1466997049871893,-0.15143355718255377,0.15161960871578406,0.14669970498718773,-0.14774790459234652,0.6345444464121438,-0.15238786355189188,0.0,0.15161960871578106
327,-0.14983038273097987,-0.26124922377755866,1.219121612804485,0.11845372692676993,0.3371001031996228,-0.14669970498719395,0.1466997049871893,-0.15143355718255377,0.15161960871578406,0.14669970498718773,-0.14774790459234652,0.6345444464121438,-0.15238786355189188,0.0,0.15161960871578106
328,1.0334358466420792,1.0981423871552372,1.321606545920824,0.11845372692676993,0.3371001031996228,-0.14669970498719395,0.1466997049871893,-0.15143355718255377,0.15161960871578406,0.14669970498718773,-0.14774790459234652,0.6345444464121438,-0.15238786355189188,0.0,0.15161960871578106
329,-0.40961462025524925,-0.5045114339563147,0.14098011642059977,0.11845372692676993,0.3371001031996228,-0.14669970498719395,0.1466997049871893,-0.15143355718255377,0.15161960871578406,0.14669970498718773,-0.14774790459234652,0.6345444464121438,-0.15238786355189188,0.0,0.15161960871578106
330,-0.1603764275560517,-0.13245943787604555,-0.48622767425139435,0.11845372692676993,0.3371001031996228,-0.14669970498719395,0.1466997049871893,-0.15143355718255377,0.15161960871578406,0.14669970498718773,-0.14774790459234652,0.6345444464121438,-0.15238786355189188,0.0,0.15161960871578106
331,-0.0071072427650077956,0.024938483787240444,-0.05169155783811737,0.11845372692676993,0.3371001031996228,-0.14669970498719395,0.1466997049871893,-0.15143355718255377,0.15161960871578406,0.14669970498718773,-0.14774790459234652,0.6345444464121438,-0.15238786355189188,0.0,0.15161960871578106
332,1.037654264572108,1.0981423871552372,1.350302327193399,0.11845372692676993,0.3371001031996228,-0.14669970498719395,0.1466997049871893,-0.15143355718255377,0.15161960871578406,0.14669970498718773,-0.14774790459234652,0.6345444464121438,-0.15238786355189188,0.0,0.15161960871578106
333,-0.40785694611773726,-0.5045114339563147,0.1778746923424818,0.11845372692676993,0.3371001031996228,-0.14669970498719395,0.1466997049871893,-0.15143355718255377,0.15161960871578406,0.14669970498718773,-0.14774790459234652,1.0478981937547298,-0.15238786355189188,0.0,0.15161960871578106
334,-0.4191060605978139,-0.5188155018372012,0.1778746923424818,0.11845372692676993,0.3371001031996228,-0.14669970498719395,0.1466997049871893,-0.15143355718255377,0.15161960871578406,0.14669970498718773,-0.14774790459234652,1.0478981937547298,-0.15238786355189188,0.0,0.15161960871578106
335,-0.15826721859103735,-0.13245943787604555,-0.45753189297881947,0.11845372692676993,0.3371001031996228,-0.14669970498719395,0.1466997049871893,-0.15143355718255377,0.15161960871578406,0.14669970498718773,-0.14774790459234652,1.0478981937547298,-0.15238786355189188,0.0,0.15161960871578106
336,-0.004294964144988641,0.024938483787240444,-0.014796981916235366,0.11845372692676993,0.3371001031996228,-0.14669970498719395,0.1466997049871893,-0.15143355718255377,0.15161960871578406,0.14669970498718773,-0.14774790459234652,1.0478981937547298,-0.15238786355189188,0.0,0.15161960871578106
337,1.0418726825021367,1.0981423871552372,1.3748987111413202,0.11845372692676993,0.3371001031996228,-0.14669970498719395,0.1466997049871893,-0.15143355718255377,0.15161960871578406,0.14669970498718773,-0.14774790459234652,1.0478981937547298,-0.15238786355189188,0.0,0.15161960871578106
338,-0.4060992719802253,-0.5045114339563147,0.2147692682643638,0.11845372692676993,0.3371001031996228,-0.14669970498719395,0.1466997049871893,-0.15143355718255377,0.15161960871578406,0.14669970498718773,-0.14774790459234652,1.0478981937547298,-0.15238786355189188,0.0,0.15161960871578106
339,-0.4173483864603019,-0.5188155018372012,0.2147692682643638,0.11845372692676993,0.3371001031996228,-0.14669970498719395,0.1466997049871893,-0.15143355718255377,0.15161960871578406,0.14669970498718773,-0.14774790459234652,1.0478981937547298,-0.15238786355189188,0.0,0.15161960871578106
340,-0.15615800962602297,-0.13245943787604555,-0.4288361117062445,0.11845372692676993,0.3371001031996228,-0.14669970498719395,0.1466997049871893,-0.15143355718255377,0.15161960871578406,0.14669970498718773,-0.14774790459234652,1.0478981937547298,-0.15238786355189188,0.0,0.15161960871578106
341,-0.0014826855249694872,0.024938483787240444,0.017998196680993086,0.11845372692676993,0.3371001031996228,-0.14669970498719395,0.1466997049871893,-0.15143355718255377,0.15161960871578406,0.14669970498718773,-0.14774790459234652,1.0478981937547298,-0.15238786355189188,0.0,0.15161960871578106
342,1.0460911004321654,1.0981423871552372,1.4035944924138952,0.11845372692676993,0.3371001031996228,-0.14669970498719395,0.1466997049871893,-0.15143355718255377,0.15161960871578406,0.14669970498718773,-0.14774790459234652,1.0478981937547298,-0.15238786355189188,0.0,0.15161960871578106
343,-0.40434159784271334,-0.5045114339563147,0.2516638441862458,0.11845372692676993,0.3371001031996228,-0.14669970498719395,0.1466997049871893,-0.15143355718255377,0.15161960871578406,0.14669970498718773,-0.14774790459234652,1.0478981937547298,-0.15238786355189188,0.0,0.15161960871578106
344,-0.1540488006610086,-0.13245943787604555,-0.3960409331090161,0.11845372692676993,0.3371001031996228,-0.14669970498719395,0.1466997049871893,-0.15143355718255377,0.15161960871578406,0.14669970498718773,-0.14774790459234652,1.0478981937547298,-0.15238786355189188,0.0,0.15161960871578106
345,0.0013295930950496671,0.024938483787240444,0.05079337527822154,0.11845372692676993,0.3371001031996228,-0.14669970498719395,0.1466997049871893,-0.15143355718255377,0.15161960871578406,0.14669970498718773,-0.14774790459234652,1.0478981937547298,-0.15238786355189188,0.0,0.15161960871578106
346,1.0503095183621942,1.0981423871552372,1.43229027368647,0.11845372692676993,0.3371001031996228,-0.14669970498719395,0.1466997049871893,-0.15143355718255377,0.15161960871578406,0.14669970498718773,-0.14774790459234652,1.0478981937547298,-0.15238786355189188,0.0,0.15161960871578106
347,-0.40258392370520135,-0.5045114339563147,0.2885584201081278,0.11845372692676993,0.3371001031996228,-0.14669970498719395,0.1466997049871893,-0.15143355718255377,0.15161960871578406,0.14669970498718773,-0.14774790459234652,1.0478981937547298,-0.15238786355189188,0.0,0.15161960871578106
348,-0.41383303818527795,-0.5188155018372012,0.29265781743278135,0.11845372692676993,0.3371001031996228,-0.14669970498719395,0.1466997049871893,-0.15143355718255377,0.15161960871578406,0.14669970498718773,-0.14774790459234652,1.0478981937547298,-0.15238786355189188,0.0,0.15161960871578106
349,-0.15193959169599425,-0.13245943787604555,-0.36734515183644123,0.11845372692676993,0.3371001031996228,-0.14669970498719395,0.1466997049871893,-0.15143355718255377,0.15161960871578406,0.14669970498718773,-0.14774790459234652,1.0478981937547298,-0.15238786355189188,0.0,0.15161960871578106
350,0.004141871715068821,0.024938483787240444,0.08768795120010354,0.11845372692676993,0.3371001031996228,-0.14669970498719395,0.1466997049871893,-0.15143355718255377,0.15161960871578406,0.14669970498718773,-0.14774790459234652,1.0478981937547298,-0.15238786355189188,0.0,0.15161960871578106
351,1.0545279362922229,1.0981423871552372,1.460986054959045,0.11845372692676993,0.3371001031996228,-0.14669970498719395,0.1466997049871893,-0.15143355718255377,0.15161960871578406,0.14669970498718773,-0.14774790459234652,1.0478981937547298,-0.15238786355189188,0.0,0.15161960871578106
352,-0.39731090129266544,-0.5045114339563147,0.3992421478737738,0.11845372692676993,0.3371001031996228,-0.14669970498719395,0.1466997049871893,-0.15143355718255377,0.15161960871578406,0.14669970498718773,-0.14774790459234652,1.0478981937547298,-0.15238786355189188,0.0,0.15161960871578106
353,-0.14490889514594635,-0.13245943787604555,-0.2689596160447559,0.11845372692676993,0.3371001031996228,-0.14669970498719395,0.1466997049871893,-0.15143355718255377,0.15161960871578406,0.14669970498718773,-0.14774790459234652,1.0478981937547298,-0.15238786355189188,0.0,0.15161960871578106
354,0.012930242402628678,0.024938483787240444,0.194272281641096,0.11845372692676993,0.3371001031996228,-0.14669970498719395,0.1466997049871893,-0.15143355718255377,0.15161960871578406,0.14669970498718773,-0.14774790459234652,1.0478981937547298,-0.15238786355189188,0.0,0.15161960871578106
355,-0.39555322715515345,-0.5045114339563147,0.4361367237956558,0.11845372692676993,0.3371001031996228,-0.14669970498719395,0.1466997049871893,-0.15143355718255377,0.15161960871578406,0.14669970498718773,-0.14774790459234652,1.4612519410973157,-0.15238786355189188,0.0,0.15161960871578106
356,-0.4068023416352301,-0.5188155018372012,0.44433551844496294,0.11845372692676993,0.3371001031996228,-0.14669970498719395,0.1466997049871893,-0.15143355718255377,0.15161960871578406,0.14669970498718773,-0.14774790459234652,1.4612519410973157,-0.15238786355189188,0.0,0.15161960871578106
357,-0.14279968618093197,-0.13245943787604555,-0.24026383477218097,0.11845372692676993,0.3371001031996228,-0.14669970498719395,0.1466997049871893,-0.15143355718255377,0.15161960871578406,0.14669970498718773,-0.14774790459234652,1.4612519410973157,-0.15238786355189188,0.0,0.15161960871578106
358,0.015742521022647834,0.024938483787240444,0.231166857562978,0.11845372692676993,0.3371001031996228,-0.14669970498719395,0.1466997049871893,-0.15143355718255377,0.15161960871578406,0.14669970498718773,-0.14774790459234652,1.4612519410973157,-0.15238786355189188,0.0,0.15161960871578106
359,1.0763230955973713,1.0981423871552372,1.6044649613219193,0.11845372692676993,0.3371001031996228,-0.14669970498719395,0.1466997049871893,-0.15143355718255377,0.15161960871578406,0.14669970498718773,-0.14774790459234652,1.4612519410973157,-0.15238786355189188,0.0,0.15161960871578106
360,-0.14350275583593677,-0.14677679950031589,-0.09268553108465294,0.11845372692676993,0.3371001031996228,-0.14669970498719395,0.1466997049871893,-0.15143355718255377,0.15161960871578406,0.14669970498718773,-0.14774790459234652,1.4612519410973157,-0.15238786355189188,0.0,0.15161960871578106
361,-0.3937955530176415,-0.5045114339563147,0.4771306970421914,0.11845372692676993,0.3371001031996228,-0.14669970498719395,0.1466997049871893,-0.15143355718255377,0.15161960871578406,0.14669970498718773,-0.14774790459234652,1.4612519410973157,-0.15238786355189188,0.0,0.15161960871578106
362,-0.14069047721591763,-0.13245943787604555,-0.21156805349960606,0.11845372692676993,0.3371001031996228,-0.14669970498719395,0.1466997049871893,-0.15143355718255377,0.15161960871578406,0.14669970498718773,-0.14774790459234652,1.4612519410973157,-0.15238786355189188,0.0,0.15161960871578106
363,-0.510153580920934,-0.6905307851247574,1.460986054959045,0.11845372692676993,0.3371001031996228,-0.14669970498719395,0.1466997049871893,-0.15143355718255377,0.15161960871578406,0.14669970498718773,-0.14774790459234652,1.4612519410973157,-0.15238786355189188,0.0,0.15161960871578106
364,0.018554799642666986,0.024938483787240444,0.26396203616020647,0.11845372692676993,0.3371001031996228,-0.14669970498719395,0.1466997049871893,-0.15143355718255377,0.15161960871578406,0.14669970498718773,-0.14774790459234652,1.4612519410973157,-0.15238786355189188,0.0,0.15161960871578106
365,1.0805415135274001,1.0981423871552372,1.6331607425944943,0.11845372692676993,0.3371001031996228,-0.14669970498719395,0.1466997049871893,-0.15143355718255377,0.15161960871578406,0.14669970498718773,-0.14774790459234652,1.4612519410973157,-0.15238786355189188,0.0,0.15161960871578106
366,-0.1413935468709224,-0.14677679950031589,-0.06398974981207804,0.11845372692676993,0.3371001031996228,-0.14669970498719395,0.1466997049871893,-0.15143355718255377,0.15161960871578406,0.14669970498718773,-0.14774790459234652,1.4612519410973157,-0.15238786355189188,0.0,0.15161960871578106
367,-0.13858126825090325,-0.13245943787604555,-0.17877287490237762,0.11845372692676993,0.3371001031996228,-0.14669970498719395,0.1466997049871893,-0.15143355718255377,0.15161960871578406,0.14669970498718773,-0.14774790459234652,1.4612519410973157,-0.15238786355189188,0.0,0.15161960871578106
368,0.02136707826268614,0.024938483787240444,0.30085661208208847,0.11845372692676993,0.3371001031996228,-0.14669970498719395,0.1466997049871893,-0.15143355718255377,0.15161960871578406,0.14669970498718773,-0.14774790459234652,1.4612519410973157,-0.15238786355189188,0.0,0.15161960871578106
369,-0.13928433790590805,-0.14677679950031589,-0.03119457121484959,0.11845372692676993,0.3371001031996228,-0.14669970498719395,0.1466997049871893,-0.15143355718255377,0.15161960871578406,0.14669970498718773,-0.14774790459234652,1.4612519410973157,-0.15238786355189188,0.0,0.15161960871578106
370,-0.39028020474261754,-0.5045114339563147,0.5509198488859554,0.11845372692676993,0.3371001031996228,-0.14669970498719395,0.1466997049871893,-0.15143355718255377,0.15161960871578406,0.14669970498718773,-0.14774790459234652,1.4612519410973157,-0.15238786355189188,0.0,0.15161960871578106
371,-0.4015293192226942,-0.5188155018372012,0.5591186435352625,0.11845372692676993,0.3371001031996228,-0.14669970498719395,0.1466997049871893,-0.15143355718255377,0.15161960871578406,0.14669970498718773,-0.14774790459234652,1.4612519410973157,-0.15238786355189188,0.0,0.15161960871578106
372,-0.1364720592858889,-0.13245943787604555,-0.15007709362980273,0.11845372692676993,0.3371001031996228,-0.14669970498719395,0.1466997049871893,-0.15143355718255377,0.15161960871578406,0.14669970498718773,-0.14774790459234652,1.4612519410973157,-0.15238786355189188,0.0,0.15161960871578106
373,-0.10764620343069256,-0.26124922377755866,1.8914227740476683,0.11845372692676993,0.3371001031996228,-0.14669970498719395,0.1466997049871893,-0.15143355718255377,0.15161960871578406,0.14669970498718773,-0.14774790459234652,1.4612519410973157,-0.15238786355189188,0.0,0.15161960871578106
374,-0.4479319164530102,-0.590362428728401,0.850175853585665,0.11845372692676993,0.3371001031996228,-0.14669970498719395,0.1466997049871893,-0.15143355718255377,0.15161960871578406,0.14669970498718773,-0.14774790459234652,1.4612519410973157,-0.15238786355189188,0.0,0.15161960871578106
375,-0.4507441950730294,-0.590362428728401,0.7804860990665545,0.11845372692676993,0.3371001031996228,-0.14669970498719395,0.1466997049871893,-0.15143355718255377,0.15161960871578406,0.14669970498718773,-0.14774790459234652,1.4612519410973157,-0.15238786355189188,0.0,0.15161960871578106
376,-0.5048805585083981,-0.6905307851247574,1.608564358646573,0.11845372692676993,0.3371001031996228,-0.14669970498719395,0.1466997049871893,-0.15143355718255377,0.15161960871578406,0.14669970498718773,-0.14774790459234652,1.4612519410973157,-0.15238786355189188,0.0,0.15161960871578106
377,-0.020817101037601173,-0.04660844310395941,0.49352828634080564,0.11845372692676993,0.3371001031996228,-0.14669970498719395,0.1466997049871893,-0.15143355718255377,0.15161960871578406,0.14669970498718773,-0.14774790459234652,1.4612519410973157,-0.15238786355189188,0.0,0.15161960871578106
378,-0.10413085515566861,-0.26124922377755866,1.9447149392681646,0.11845372692676993,0.3371001031996228,-0.14669970498719395,0.1466997049871893,-0.15143355718255377,0.15161960871578406,0.14669970498718773,-0.14774790459234652,1.4612519410973157,-0.15238786355189188,0.0,0.15161960871578106
379,1.0931967673174863,1.0981423871552372,1.719248086412219,0.11845372692676993,0.3371001031996228,-0.14669970498719395,0.1466997049871893,-0.15143355718255377,0.15161960871578406,0.14669970498718773,-0.14774790459234652,1.4612519410973157,-0.15238786355189188,0.0,0.15161960871578106
380,-0.5031228843708861,-0.6905307851247574,1.661856523867069,0.11845372692676993,0.3371001031996228,-0.14669970498719395,0.1466997049871893,-0.15143355718255377,0.15161960871578406,0.14669970498718773,-0.14774790459234652,1.8746056884399018,-0.15238786355189188,0.0,0.15161960871578106
381,-0.44722884679800545,-0.590362428728401,0.8665734428842793,0.11845372692676993,0.3371001031996228,-0.14669970498719395,0.1466997049871893,-0.15143355718255377,0.15161960871578406,0.14669970498718773,-0.14774790459234652,1.8746056884399018,-0.15238786355189188,0.0,0.15161960871578106
382,-0.5013652102333741,-0.6905307851247574,1.7110492917629119,0.11845372692676993,0.3371001031996228,-0.14669970498719395,0.1466997049871893,-0.15143355718255377,0.15161960871578406,0.14669970498718773,-0.14774790459234652,1.8746056884399018,-0.15238786355189188,0.0,0.15161960871578106
383,1.1016336031775438,1.0981423871552372,1.7725402516327151,0.11845372692676993,0.3371001031996228,-0.14669970498719395,0.1466997049871893,-0.15143355718255377,0.15161960871578406,0.14669970498718773,-0.14774790459234652,1.8746056884399018,-0.15238786355189188,0.0,0.15161960871578106
384,-0.4426588940404743,-0.590362428728401,0.9772571706499252,0.11845372692676993,0.3371001031996228,-0.14669970498719395,0.1466997049871893,-0.15143355718255377,0.15161960871578406,0.14669970498718773,-0.14774790459234652,1.8746056884399018,-0.15238786355189188,0.0,0.15161960871578106
385,-0.49960753609586217,-0.6905307851247574,1.7602420596587545,0.11845372692676993,0.3371001031996228,-0.14669970498719395,0.1466997049871893,-0.15143355718255377,0.15161960871578406,0.14669970498718773,-0.14774790459234652,1.8746056884399018,-0.15238786355189188,0.0,0.15161960871578106
386,1.1058520211075724,1.0981423871552372,1.80123603290529,0.11845372692676993,0.3371001031996228,-0.14669970498719395,0.1466997049871893,-0.15143355718255377,0.15161960871578406,0.14669970498718773,-0.14774790459234652,1.8746056884399018,-0.15238786355189188,0.0,0.15161960871578106
387,-0.4978498619583502,-0.6905307851247574,1.8094348275545973,0.11845372692676993,0.3371001031996228,-0.14669970498719395,0.1466997049871893,-0.15143355718255377,0.15161960871578406,0.14669970498718773,-0.14774790459234652,1.8746056884399018,-0.15238786355189188,0.0,0.15161960871578106
388,-0.09006946205557284,-0.26124922377755866,2.17018179212411,0.11845372692676993,0.3371001031996228,-0.14669970498719395,0.1466997049871893,-0.15143355718255377,0.15161960871578406,0.14669970498718773,-0.14774790459234652,1.8746056884399018,-0.15238786355189188,0.0,0.15161960871578106
389,-0.42754289645787136,-0.6189838582335576,1.9652119258914322,0.11845372692676993,0.3371001031996228,-0.14669970498719395,0.1466997049871893,-0.15143355718255377,0.15161960871578406,0.14669970498718773,-0.14774790459234652,1.8746056884399018,-0.15238786355189188,0.0,0.15161960871578106
390,1.1100704390376013,1.0981423871552372,1.8299318141778649,0.11845372692676993,0.3371001031996228,-0.14669970498719395,0.1466997049871893,-0.15143355718255377,0.15161960871578406,0.14669970498718773,-0.14774790459234652,1.8746056884399018,-0.15238786355189188,0.0,0.15161960871578106
391,-0.49081916540830234,-0.6905307851247574,2.0103052964626213,0.11845372692676993,0.3371001031996228,-0.14669970498719395,0.1466997049871893,-0.15143355718255377,0.15161960871578406,0.14669970498718773,-0.14774790459234652,2.2879594357824877,-0.15238786355189188,0.0,0.15161960871578106
392,-0.40293545853270374,-0.5617409992232443,1.3339047378947846,0.11845372692676993,0.3371001031996228,-0.14669970498719395,0.1466997049871893,-0.15143355718255377,0.15161960871578406,0.14669970498718773,-0.14774790459234652,2.2879594357824877,-0.15238786355189188,0.0,0.15161960871578106
393,-0.48906149127079035,-0.6905307851247574,2.059498064358464,0.11845372692676993,0.3371001031996228,-0.14669970498719395,0.1466997049871893,-0.15143355718255377,0.15161960871578406,0.14669970498718773,-0.14774790459234652,2.2879594357824877,-0.15238786355189188,0.0,0.15161960871578106
394,-0.5301910660885705,-0.6046664966092874,-0.8838692147427893,0.11845372692676993,0.3371001031996228,-0.14669970498719395,0.1466997049871893,-0.15143355718255377,0.15161960871578406,0.14669970498718773,-0.14774790459234652,-1.432224290300786,-0.15238786355189188,0.0,0.15161960871578106
395,-0.4992560012683598,-0.5617409992232443,-0.8838692147427893,0.11845372692676993,0.3371001031996228,-0.14669970498719395,0.1466997049871893,-0.15143355718255377,0.15161960871578406,0.14669970498718773,-0.14774790459234652,-1.432224290300786,-0.15238786355189188,0.0,0.15161960871578106
396,-0.45988410058809165,-0.4901940723320445,-1.1421312461959634,0.11845372692676993,0.3371001031996228,-0.14669970498719395,0.1466997049871893,-0.15143355718255377,0.15161960871578406,0.14669970498718773,-0.14774790459234652,-1.432224290300786,-0.15238786355189188,0.0,0.15161960871578106
397,-0.4795700509282257,-0.5188155018372012,-1.1298330542220028,0.11845372692676993,0.3371001031996228,-0.14669970498719395,0.1466997049871893,-0.15143355718255377,0.15161960871578406,0.14669970498718773,-0.14774790459234652,-1.432224290300786,-0.15238786355189188,0.0,0.15161960871578106
398,-0.4795700509282257,-0.5188155018372012,-1.1298330542220028,0.11845372692676993,0.3371001031996228,-0.14669970498719395,0.1466997049871893,-0.15143355718255377,0.15161960871578406,0.14669970498718773,-0.14774790459234652,-1.432224290300786,-0.15238786355189188,0.0,0.15161960871578106
399,0.3191170771572141,0.5114629041447525,-0.5108240581993156,0.11845372692676993,0.3371001031996228,-0.14669970498719395,0.1466997049871893,-0.15143355718255377,0.15161960871578406,0.14669970498718773,-0.14774790459234652,-1.432224290300786,-0.15238786355189188,0.0,0.15161960871578106
400,-0.17021940272611874,-0.16108086738120234,-0.3181523839405985,0.11845372692676993,0.3371001031996228,-0.14669970498719395,0.1466997049871893,-0.15143355718255377,0.15161960871578406,0.14669970498718773,-0.14774790459234652,-1.432224290300786,-0.15238786355189188,0.0,0.15161960871578106
401,-0.11959838756577397,-0.06091251098484586,-0.6543029645621902,0.11845372692676993,0.3371001031996228,-0.14669970498719395,0.1466997049871893,-0.15143355718255377,0.15161960871578406,0.14669970498718773,-0.14774790459234652,-1.432224290300786,-0.15238786355189188,0.0,0.15161960871578106
402,-0.5284333919510585,-0.6046664966092874,-0.8387758441716002,0.11845372692676993,0.3371001031996228,-0.14669970498719395,0.1466997049871893,-0.15143355718255377,0.15161960871578406,0.14669970498718773,-0.14774790459234652,-1.432224290300786,-0.15238786355189188,0.0,0.15161960871578106
403,-0.4974983271308478,-0.5617409992232443,-0.8428752414962537,0.11845372692676993,0.3371001031996228,-0.14669970498719395,0.1466997049871893,-0.15143355718255377,0.15161960871578406,0.14669970498718773,-0.14774790459234652,-1.432224290300786,-0.15238786355189188,0.0,0.15161960871578106
404,-0.45812642645057966,-0.4901940723320445,-1.1052366702740815,0.11845372692676993,0.3371001031996228,-0.14669970498719395,0.1466997049871893,-0.15143355718255377,0.15161960871578406,0.14669970498718773,-0.14774790459234652,-1.432224290300786,-0.15238786355189188,0.0,0.15161960871578106
405,-0.47781237679071376,-0.5188155018372012,-1.0929384783001206,0.11845372692676993,0.3371001031996228,-0.14669970498719395,0.1466997049871893,-0.15143355718255377,0.15161960871578406,0.14669970498718773,-0.14774790459234652,-1.432224290300786,-0.15238786355189188,0.0,0.15161960871578106
406,-0.47781237679071376,-0.5188155018372012,-1.0929384783001206,0.11845372692676993,0.3371001031996228,-0.14669970498719395,0.1466997049871893,-0.15143355718255377,0.15161960871578406,0.14669970498718773,-0.14774790459234652,-1.432224290300786,-0.15238786355189188,0.0,0.15161960871578106
407,-0.15967335790104692,-0.08953394049000249,-0.9125649960153642,0.11845372692676993,0.3371001031996228,-0.14669970498719395,0.1466997049871893,-0.15143355718255377,0.15161960871578406,0.14669970498718773,-0.14774790459234652,-1.432224290300786,-0.15238786355189188,0.0,0.15161960871578106
408,0.3233354950872428,0.5114629041447525,-0.4739294822774337,0.11845372692676993,0.3371001031996228,-0.14669970498719395,0.1466997049871893,-0.15143355718255377,0.15161960871578406,0.14669970498718773,-0.14774790459234652,-1.432224290300786,-0.15238786355189188,0.0,0.15161960871578106
409,-0.1674071241060996,-0.16108086738120234,-0.277158410694063,0.11845372692676993,0.3371001031996228,-0.14669970498719395,0.1466997049871893,-0.15143355718255377,0.15161960871578406,0.14669970498718773,-0.14774790459234652,-1.432224290300786,-0.15238786355189188,0.0,0.15161960871578106
410,-0.1603764275560517,-0.16108086738120234,-0.17877287490237762,0.11845372692676993,0.3371001031996228,-0.14669970498719395,0.1466997049871893,-0.15143355718255377,0.15161960871578406,0.14669970498718773,-0.14774790459234652,-1.432224290300786,-0.15238786355189188,0.0,0.15161960871578106
411,-0.11678610894575481,-0.06091251098484586,-0.6174083886403081,0.11845372692676993,0.3371001031996228,-0.14669970498719395,0.1466997049871893,-0.15143355718255377,0.15161960871578406,0.14669970498718773,-0.14774790459234652,-1.432224290300786,-0.15238786355189188,0.0,0.15161960871578106
412,-0.49574065299333586,-0.5617409992232443,-0.8059806655743718,0.11845372692676993,0.3371001031996228,-0.14669970498719395,0.1466997049871893,-0.15143355718255377,0.15161960871578406,0.14669970498718773,-0.14774790459234652,-1.0188705429582001,-0.15238786355189188,0.0,0.15161960871578106
413,-0.45636875231306767,-0.4901940723320445,-1.0683420943521993,0.11845372692676993,0.3371001031996228,-0.14669970498719395,0.1466997049871893,-0.15143355718255377,0.15161960871578406,0.14669970498718773,-0.14774790459234652,-1.0188705429582001,-0.15238786355189188,0.0,0.15161960871578106
414,-0.47605470265320177,-0.5188155018372012,-1.0560439023782386,0.11845372692676993,0.3371001031996228,-0.14669970498719395,0.1466997049871893,-0.15143355718255377,0.15161960871578406,0.14669970498718773,-0.14774790459234652,-1.0188705429582001,-0.15238786355189188,0.0,0.15161960871578106
415,-0.47605470265320177,-0.5188155018372012,-1.0560439023782386,0.11845372692676993,0.3371001031996228,-0.14669970498719395,0.1466997049871893,-0.15143355718255377,0.15161960871578406,0.14669970498718773,-0.14774790459234652,-1.0188705429582001,-0.15238786355189188,0.0,0.15161960871578106
416,-0.15756414893603254,-0.08953394049000249,-0.8838692147427893,0.11845372692676993,0.3371001031996228,-0.14669970498719395,0.1466997049871893,-0.15143355718255377,0.15161960871578406,0.14669970498718773,-0.14774790459234652,-1.0188705429582001,-0.15238786355189188,0.0,0.15161960871578106
417,0.32755391301727155,0.5114629041447525,-0.43703490635555164,0.11845372692676993,0.3371001031996228,-0.14669970498719395,0.1466997049871893,-0.15143355718255377,0.15161960871578406,0.14669970498718773,-0.14774790459234652,-1.0188705429582001,-0.15238786355189188,0.0,0.15161960871578106
418,-0.16459484548608044,-0.16108086738120234,-0.2361644374475274,0.11845372692676993,0.3371001031996228,-0.14669970498719395,0.1466997049871893,-0.15143355718255377,0.15161960871578406,0.14669970498718773,-0.14774790459234652,-1.0188705429582001,-0.15238786355189188,0.0,0.15161960871578106
419,-0.15756414893603254,-0.16108086738120234,-0.13777890165584206,0.11845372692676993,0.3371001031996228,-0.14669970498719395,0.1466997049871893,-0.15143355718255377,0.15161960871578406,0.14669970498718773,-0.14774790459234652,-1.0188705429582001,-0.15238786355189188,0.0,0.15161960871578106
420,-0.11397383032573566,-0.06091251098484586,-0.5805138127184262,0.11845372692676993,0.3371001031996228,-0.14669970498719395,0.1466997049871893,-0.15143355718255377,0.15161960871578406,0.14669970498718773,-0.14774790459234652,-1.0188705429582001,-0.15238786355189188,0.0,0.15161960871578106
421,-0.5249180436760346,-0.6046664966092874,-0.7526885003538755,0.11845372692676993,0.3371001031996228,-0.14669970498719395,0.1466997049871893,-0.15143355718255377,0.15161960871578406,0.14669970498718773,-0.14774790459234652,-1.0188705429582001,-0.15238786355189188,0.0,0.15161960871578106
422,-0.4546110781755557,-0.4901940723320445,-1.0314475184303173,0.11845372692676993,0.3371001031996228,-0.14669970498719395,0.1466997049871893,-0.15143355718255377,0.15161960871578406,0.14669970498718773,-0.14774790459234652,-1.0188705429582001,-0.15238786355189188,0.0,0.15161960871578106
423,-0.4742970285156898,-0.5188155018372012,-1.0191493264563567,0.11845372692676993,0.3371001031996228,-0.14669970498719395,0.1466997049871893,-0.15143355718255377,0.15161960871578406,0.14669970498718773,-0.14774790459234652,-1.0188705429582001,-0.15238786355189188,0.0,0.15161960871578106
424,-0.4742970285156898,-0.5188155018372012,-1.0191493264563567,0.11845372692676993,0.3371001031996228,-0.14669970498719395,0.1466997049871893,-0.15143355718255377,0.15161960871578406,0.14669970498718773,-0.14774790459234652,-1.0188705429582001,-0.15238786355189188,0.0,0.15161960871578106
425,-0.15545493997101817,-0.08953394049000249,-0.8551734334702145,0.11845372692676993,0.3371001031996228,-0.14669970498719395,0.1466997049871893,-0.15143355718255377,0.15161960871578406,0.14669970498718773,-0.14774790459234652,-1.0188705429582001,-0.15238786355189188,0.0,0.15161960871578106
426,0.3317723309473003,0.5114629041447525,-0.40014033043366964,0.11845372692676993,0.3371001031996228,-0.14669970498719395,0.1466997049871893,-0.15143355718255377,0.15161960871578406,0.14669970498718773,-0.14774790459234652,-1.0188705429582001,-0.15238786355189188,0.0,0.15161960871578106
427,-0.16178256686606127,-0.16108086738120234,-0.19517046420099185,0.11845372692676993,0.3371001031996228,-0.14669970498719395,0.1466997049871893,-0.15143355718255377,0.15161960871578406,0.14669970498718773,-0.14774790459234652,-1.0188705429582001,-0.15238786355189188,0.0,0.15161960871578106
428,-0.1547518703160134,-0.16108086738120234,-0.0967849284093065,0.11845372692676993,0.3371001031996228,-0.14669970498719395,0.1466997049871893,-0.15143355718255377,0.15161960871578406,0.14669970498718773,-0.14774790459234652,-1.0188705429582001,-0.15238786355189188,0.0,0.15161960871578106
429,-0.1111615517057165,-0.06091251098484586,-0.5436192367965441,0.11845372692676993,0.3371001031996228,-0.14669970498719395,0.1466997049871893,-0.15143355718255377,0.15161960871578406,0.14669970498718773,-0.14774790459234652,-1.0188705429582001,-0.15238786355189188,0.0,0.15161960871578106
430,-0.45285340403804375,-0.4901940723320445,-0.9986523398330889,0.11845372692676993,0.3371001031996228,-0.14669970498719395,0.1466997049871893,-0.15143355718255377,0.15161960871578406,0.14669970498718773,-0.14774790459234652,-1.0188705429582001,-0.15238786355189188,0.0,0.15161960871578106
431,-0.4725393543781778,-0.5188155018372012,-0.978155353209821,0.11845372692676993,0.3371001031996228,-0.14669970498719395,0.1466997049871893,-0.15143355718255377,0.15161960871578406,0.14669970498718773,-0.14774790459234652,-1.0188705429582001,-0.15238786355189188,0.0,0.15161960871578106
432,-0.4725393543781778,-0.5188155018372012,-0.978155353209821,0.11845372692676993,0.3371001031996228,-0.14669970498719395,0.1466997049871893,-0.15143355718255377,0.15161960871578406,0.14669970498718773,-0.14774790459234652,-1.0188705429582001,-0.15238786355189188,0.0,0.15161960871578106
433,-0.15123652204098945,-0.16108086738120234,-0.04349276318881026,0.11845372692676993,0.3371001031996228,-0.14669970498719395,0.1466997049871893,-0.15143355718255377,0.15161960871578406,0.14669970498718773,-0.14774790459234652,-1.0188705429582001,-0.15238786355189188,0.0,0.15161960871578106
434,-0.14420582549094157,-0.16108086738120234,0.05489277260287509,0.11845372692676993,0.3371001031996228,-0.14669970498719395,0.1466997049871893,-0.15143355718255377,0.15161960871578406,0.14669970498718773,-0.14774790459234652,-1.0188705429582001,-0.15238786355189188,0.0,0.15161960871578106
435,-0.10061550688064468,-0.06091251098484586,-0.40423972775832323,0.11845372692676993,0.3371001031996228,-0.14669970498719395,0.1466997049871893,-0.15143355718255377,0.15161960871578406,0.14669970498718773,-0.14774790459234652,-1.0188705429582001,-0.15238786355189188,0.0,0.15161960871578106
436,-0.45109572990053176,-0.4901940723320445,-0.9617577639112068,0.11845372692676993,0.3371001031996228,-0.14669970498719395,0.1466997049871893,-0.15143355718255377,0.15161960871578406,0.14669970498718773,-0.14774790459234652,-1.0188705429582001,-0.15238786355189188,0.0,0.15161960871578106
437,-0.47078168024066586,-0.5188155018372012,-0.9412607772879391,0.11845372692676993,0.3371001031996228,-0.14669970498719395,0.1466997049871893,-0.15143355718255377,0.15161960871578406,0.14669970498718773,-0.14774790459234652,-1.0188705429582001,-0.15238786355189188,0.0,0.15161960871578106
438,0.13913124547598824,0.4399159772535528,-1.6832516930502328,0.11845372692676993,0.3371001031996228,-0.14669970498719395,0.1466997049871893,-0.15143355718255377,0.15161960871578406,0.14669970498718773,-0.14774790459234652,-1.0188705429582001,-0.15238786355189188,0.0,0.15161960871578106
439,-0.14631503445595592,-0.08953394049000249,-0.7321915137306078,0.11845372692676993,0.3371001031996228,-0.14669970498719395,0.1466997049871893,-0.15143355718255377,0.15161960871578406,0.14669970498718773,-0.14774790459234652,-1.0188705429582001,-0.15238786355189188,0.0,0.15161960871578106
440,-0.1477211737659655,-0.16108086738120234,0.005700004707032416,0.11845372692676993,0.3371001031996228,-0.14669970498719395,0.1466997049871893,-0.15143355718255377,0.15161960871578406,0.14669970498718773,-0.14774790459234652,-1.0188705429582001,-0.15238786355189188,0.0,0.15161960871578106
441,-0.09710015860562073,-0.06091251098484586,-0.3591463571871341,0.11845372692676993,0.3371001031996228,-0.14669970498719395,0.1466997049871893,-0.15143355718255377,0.15161960871578406,0.14669970498718773,-0.14774790459234652,-1.0188705429582001,-0.15238786355189188,0.0,0.15161960871578106
442,-0.4493380557630198,-0.4901940723320445,-0.9248631879893249,0.11845372692676993,0.3371001031996228,-0.14669970498719395,0.1466997049871893,-0.15143355718255377,0.15161960871578406,0.14669970498718773,-0.14774790459234652,-1.0188705429582001,-0.15238786355189188,0.0,0.15161960871578106
443,-0.46902400610315387,-0.5188155018372012,-0.904366201366057,0.11845372692676993,0.3371001031996228,-0.14669970498719395,0.1466997049871893,-0.15143355718255377,0.15161960871578406,0.14669970498718773,-0.14774790459234652,-1.0188705429582001,-0.15238786355189188,0.0,0.15161960871578106
444,-0.46902400610315387,-0.5188155018372012,-0.904366201366057,0.11845372692676993,0.3371001031996228,-0.14669970498719395,0.1466997049871893,-0.15143355718255377,0.15161960871578406,0.14669970498718773,-0.14774790459234652,-1.0188705429582001,-0.15238786355189188,0.0,0.15161960871578106
445,-0.14420582549094157,-0.08953394049000249,-0.7034957324580329,0.11845372692676993,0.3371001031996228,-0.14669970498719395,0.1466997049871893,-0.15143355718255377,0.15161960871578406,0.14669970498718773,-0.14774790459234652,-1.0188705429582001,-0.15238786355189188,0.0,0.15161960871578106
446,0.12471831754839006,0.26820069396599644,-0.6420047725882295,0.11845372692676993,0.3371001031996228,-0.14669970498719395,0.1466997049871893,-0.15143355718255377,0.15161960871578406,0.14669970498718773,-0.14774790459234652,-1.0188705429582001,-0.15238786355189188,0.0,0.15161960871578106
447,0.35286442059744394,0.5114629041447525,-0.21156805349960606,0.11845372692676993,0.3371001031996228,-0.14669970498719395,0.1466997049871893,-0.15143355718255377,0.15161960871578406,0.14669970498718773,-0.14774790459234652,-1.0188705429582001,-0.15238786355189188,0.0,0.15161960871578106
448,-0.14420582549094157,-0.16108086738120234,0.05489277260287509,0.11845372692676993,0.3371001031996228,-0.14669970498719395,0.1466997049871893,-0.15143355718255377,0.15161960871578406,0.14669970498718773,-0.14774790459234652,-1.0188705429582001,-0.15238786355189188,0.0,0.15161960871578106
449,-0.09358481033059679,-0.06091251098484586,-0.314052986615945,0.11845372692676993,0.3371001031996228,-0.14669970498719395,0.1466997049871893,-0.15143355718255377,0.15161960871578406,0.14669970498718773,-0.14774790459234652,-1.0188705429582001,-0.15238786355189188,0.0,0.15161960871578106
450,-0.44758038162550784,-0.4901940723320445,-0.8879686120674428,0.11845372692676993,0.3371001031996228,-0.14669970498719395,0.1466997049871893,-0.15143355718255377,0.15161960871578406,0.14669970498718773,-0.14774790459234652,-0.6055167956156141,-0.15238786355189188,0.0,0.15161960871578106
451,-0.4672663319656419,-0.5188155018372012,-0.8633722281195215,0.11845372692676993,0.3371001031996228,-0.14669970498719395,0.1466997049871893,-0.15143355718255377,0.15161960871578406,0.14669970498718773,-0.14774790459234652,-0.6055167956156141,-0.15238786355189188,0.0,0.15161960871578106
452,-0.4672663319656419,-0.5188155018372012,-0.8633722281195215,0.11845372692676993,0.3371001031996228,-0.14669970498719395,0.1466997049871893,-0.15143355718255377,0.15161960871578406,0.14669970498718773,-0.14774790459234652,-0.6055167956156141,-0.15238786355189188,0.0,0.15161960871578106
453,-0.1420966165259272,-0.08953394049000249,-0.6747999511854579,0.11845372692676993,0.3371001031996228,-0.14669970498719395,0.1466997049871893,-0.15143355718255377,0.15161960871578406,0.14669970498718773,-0.14774790459234652,-0.6055167956156141,-0.15238786355189188,0.0,0.15161960871578106
454,0.1275305961684092,0.26820069396599644,-0.6133089913156546,0.11845372692676993,0.3371001031996228,-0.14669970498719395,0.1466997049871893,-0.15143355718255377,0.15161960871578406,0.14669970498718773,-0.14774790459234652,-0.6055167956156141,-0.15238786355189188,0.0,0.15161960871578106
455,0.35813744300997985,0.5114629041447525,-0.16647468292841694,0.11845372692676993,0.3371001031996228,-0.14669970498719395,0.1466997049871893,-0.15143355718255377,0.15161960871578406,0.14669970498718773,-0.14774790459234652,-0.6055167956156141,-0.15238786355189188,0.0,0.15161960871578106
456,-0.14069047721591763,-0.16108086738120234,0.10818493782337132,0.11845372692676993,0.3371001031996228,-0.14669970498719395,0.1466997049871893,-0.15143355718255377,0.15161960871578406,0.14669970498718773,-0.14774790459234652,-0.6055167956156141,-0.15238786355189188,0.0,0.15161960871578106
457,-0.09006946205557284,-0.06091251098484586,-0.2648602187201023,0.11845372692676993,0.3371001031996228,-0.14669970498719395,0.1466997049871893,-0.15143355718255377,0.15161960871578406,0.14669970498718773,-0.14774790459234652,-0.6055167956156141,-0.15238786355189188,0.0,0.15161960871578106
458,-0.44582270748799585,-0.4901940723320445,-0.8510740361455609,0.11845372692676993,0.3371001031996228,-0.14669970498719395,0.1466997049871893,-0.15143355718255377,0.15161960871578406,0.14669970498718773,-0.14774790459234652,-0.6055167956156141,-0.15238786355189188,0.0,0.15161960871578106
459,-0.46550865782812995,-0.5188155018372012,-0.8264776521976395,0.11845372692676993,0.3371001031996228,-0.14669970498719395,0.1466997049871893,-0.15143355718255377,0.15161960871578406,0.14669970498718773,-0.14774790459234652,-0.6055167956156141,-0.15238786355189188,0.0,0.15161960871578106
460,-0.46550865782812995,-0.5188155018372012,-0.8264776521976395,0.11845372692676993,0.3371001031996228,-0.14669970498719395,0.1466997049871893,-0.15143355718255377,0.15161960871578406,0.14669970498718773,-0.14774790459234652,-0.6055167956156141,-0.15238786355189188,0.0,0.15161960871578106
461,-0.13998740756091282,-0.08953394049000249,-0.646104169912883,0.11845372692676993,0.3371001031996228,-0.14669970498719395,0.1466997049871893,-0.15143355718255377,0.15161960871578406,0.14669970498718773,-0.14774790459234652,-0.6055167956156141,-0.15238786355189188,0.0,0.15161960871578106
462,0.13034287478842838,0.26820069396599644,-0.5846132100430796,0.11845372692676993,0.3371001031996228,-0.14669970498719395,0.1466997049871893,-0.15143355718255377,0.15161960871578406,0.14669970498718773,-0.14774790459234652,-0.6055167956156141,-0.15238786355189188,0.0,0.15161960871578106
463,0.36341046542251576,0.5114629041447525,-0.11728191503257428,0.11845372692676993,0.3371001031996228,-0.14669970498719395,0.1466997049871893,-0.15143355718255377,0.15161960871578406,0.14669970498718773,-0.14774790459234652,-0.6055167956156141,-0.15238786355189188,0.0,0.15161960871578106
464,-0.0865541137805489,-0.06091251098484586,-0.21976684814891317,0.11845372692676993,0.3371001031996228,-0.14669970498719395,0.1466997049871893,-0.15143355718255377,0.15161960871578406,0.14669970498718773,-0.14774790459234652,-0.6055167956156141,-0.15238786355189188,0.0,0.15161960871578106
465,-0.48343693403075205,-0.5617409992232443,-0.5190228528486228,0.11845372692676993,0.3371001031996228,-0.14669970498719395,0.1466997049871893,-0.15143355718255377,0.15161960871578406,0.14669970498718773,-0.14774790459234652,-0.6055167956156141,-0.15238786355189188,0.0,0.15161960871578106
466,-0.44406503335048386,-0.4901940723320445,-0.8141794602236788,0.11845372692676993,0.3371001031996228,-0.14669970498719395,0.1466997049871893,-0.15143355718255377,0.15161960871578406,0.14669970498718773,-0.14774790459234652,-0.6055167956156141,-0.15238786355189188,0.0,0.15161960871578106
467,-0.46375098369061796,-0.5188155018372012,-0.7895830762757575,0.11845372692676993,0.3371001031996228,-0.14669970498719395,0.1466997049871893,-0.15143355718255377,0.15161960871578406,0.14669970498718773,-0.14774790459234652,-0.6055167956156141,-0.15238786355189188,0.0,0.15161960871578106
468,-0.46375098369061796,-0.5188155018372012,-0.7895830762757575,0.11845372692676993,0.3371001031996228,-0.14669970498719395,0.1466997049871893,-0.15143355718255377,0.15161960871578406,0.14669970498718773,-0.14774790459234652,-0.6055167956156141,-0.15238786355189188,0.0,0.15161960871578106
469,-0.13787819859589848,-0.08953394049000249,-0.6174083886403081,0.11845372692676993,0.3371001031996228,-0.14669970498719395,0.1466997049871893,-0.15143355718255377,0.15161960871578406,0.14669970498718773,-0.14774790459234652,-0.6055167956156141,-0.15238786355189188,0.0,0.15161960871578106
470,0.36868348783505167,0.5114629041447525,-0.07218854446138516,0.11845372692676993,0.3371001031996228,-0.14669970498719395,0.1466997049871893,-0.15143355718255377,0.15161960871578406,0.14669970498718773,-0.14774790459234652,-0.6055167956156141,-0.15238786355189188,0.0,0.15161960871578106
471,-0.13365978066586973,-0.16108086738120234,0.21066987093971024,0.11845372692676993,0.3371001031996228,-0.14669970498719395,0.1466997049871893,-0.15143355718255377,0.15161960871578406,0.14669970498718773,-0.14774790459234652,-0.6055167956156141,-0.15238786355189188,0.0,0.15161960871578106
472,-0.12662908411582185,-0.16108086738120234,0.3090554067313956,0.11845372692676993,0.3371001031996228,-0.14669970498719395,0.1466997049871893,-0.15143355718255377,0.15161960871578406,0.14669970498718773,-0.14774790459234652,-0.6055167956156141,-0.15238786355189188,0.0,0.15161960871578106
473,-0.08303876550552496,-0.06091251098484586,-0.17467347757772406,0.11845372692676993,0.3371001031996228,-0.14669970498719395,0.1466997049871893,-0.15143355718255377,0.15161960871578406,0.14669970498718773,-0.14774790459234652,-0.6055167956156141,-0.15238786355189188,0.0,0.15161960871578106
474,-0.5382763671211256,-0.6476052877387143,-0.2730590133694094,0.11845372692676993,0.3371001031996228,-0.14669970498719395,0.1466997049871893,-0.15143355718255377,0.15161960871578406,0.14669970498718773,-0.14774790459234652,-0.6055167956156141,-0.15238786355189188,0.0,0.15161960871578106
475,-0.5126143247134508,-0.6046664966092874,-0.44933309832951235,0.11845372692676993,0.3371001031996228,-0.14669970498719395,0.1466997049871893,-0.15143355718255377,0.15161960871578406,0.14669970498718773,-0.14774790459234652,-0.6055167956156141,-0.15238786355189188,0.0,0.15161960871578106
476,-0.48167925989324006,-0.5617409992232443,-0.47802887960208723,0.11845372692676993,0.3371001031996228,-0.14669970498719395,0.1466997049871893,-0.15143355718255377,0.15161960871578406,0.14669970498718773,-0.14774790459234652,-0.6055167956156141,-0.15238786355189188,0.0,0.15161960871578106
477,-0.44230735921297193,-0.4901940723320445,-0.7772848843017969,0.11845372692676993,0.3371001031996228,-0.14669970498719395,0.1466997049871893,-0.15143355718255377,0.15161960871578406,0.14669970498718773,-0.14774790459234652,-0.6055167956156141,-0.15238786355189188,0.0,0.15161960871578106
478,-0.46199330955310597,-0.5188155018372012,-0.7526885003538755,0.11845372692676993,0.3371001031996228,-0.14669970498719395,0.1466997049871893,-0.15143355718255377,0.15161960871578406,0.14669970498718773,-0.14774790459234652,-0.6055167956156141,-0.15238786355189188,0.0,0.15161960871578106
479,-0.46199330955310597,-0.5188155018372012,-0.7526885003538755,0.11845372692676993,0.3371001031996228,-0.14669970498719395,0.1466997049871893,-0.15143355718255377,0.15161960871578406,0.14669970498718773,-0.14774790459234652,-0.6055167956156141,-0.15238786355189188,0.0,0.15161960871578106
480,-0.1357689896308841,-0.08953394049000249,-0.5887126073677332,0.11845372692676993,0.3371001031996228,-0.14669970498719395,0.1466997049871893,-0.15143355718255377,0.15161960871578406,0.14669970498718773,-0.14774790459234652,-0.6055167956156141,-0.15238786355189188,0.0,0.15161960871578106
481,0.3739565102475876,0.5114629041447525,-0.027095173890196035,0.11845372692676993,0.3371001031996228,-0.14669970498719395,0.1466997049871893,-0.15143355718255377,0.15161960871578406,0.14669970498718773,-0.14774790459234652,-0.6055167956156141,-0.15238786355189188,0.0,0.15161960871578106
482,-0.1301444323908458,-0.16108086738120234,0.2598626388355529,0.11845372692676993,0.3371001031996228,-0.14669970498719395,0.1466997049871893,-0.15143355718255377,0.15161960871578406,0.14669970498718773,-0.14774790459234652,-0.6055167956156141,-0.15238786355189188,0.0,0.15161960871578106
483,-0.07952341723050102,-0.06091251098484586,-0.12548070968188138,0.11845372692676993,0.3371001031996228,-0.14669970498719395,0.1466997049871893,-0.15143355718255377,0.15161960871578406,0.14669970498718773,-0.14774790459234652,-0.6055167956156141,-0.15238786355189188,0.0,0.15161960871578106
484,-0.5365186929836135,-0.6476052877387143,-0.2279656427982203,0.11845372692676993,0.3371001031996228,-0.14669970498719395,0.1466997049871893,-0.15143355718255377,0.15161960871578406,0.14669970498718773,-0.14774790459234652,-0.6055167956156141,-0.15238786355189188,0.0,0.15161960871578106
485,-0.5108566505759388,-0.6046664966092874,-0.40423972775832323,0.11845372692676993,0.3371001031996228,-0.14669970498719395,0.1466997049871893,-0.15143355718255377,0.15161960871578406,0.14669970498718773,-0.14774790459234652,-0.6055167956156141,-0.15238786355189188,0.0,0.15161960871578106
486,-0.4799215857557281,-0.5617409992232443,-0.44113430368020523,0.11845372692676993,0.3371001031996228,-0.14669970498719395,0.1466997049871893,-0.15143355718255377,0.15161960871578406,0.14669970498718773,-0.14774790459234652,-0.6055167956156141,-0.15238786355189188,0.0,0.15161960871578106
487,-0.44054968507545994,-0.4901940723320445,-0.7403903083799148,0.11845372692676993,0.3371001031996228,-0.14669970498719395,0.1466997049871893,-0.15143355718255377,0.15161960871578406,0.14669970498718773,-0.14774790459234652,-0.6055167956156141,-0.15238786355189188,0.0,0.15161960871578106
488,-0.46023563541559404,-0.5188155018372012,-0.7116945271073399,0.11845372692676993,0.3371001031996228,-0.14669970498719395,0.1466997049871893,-0.15143355718255377,0.15161960871578406,0.14669970498718773,-0.14774790459234652,-0.6055167956156141,-0.15238786355189188,0.0,0.15161960871578106
489,-0.46023563541559404,-0.5188155018372012,-0.7116945271073399,0.11845372692676993,0.3371001031996228,-0.14669970498719395,0.1466997049871893,-0.15143355718255377,0.15161960871578406,0.14669970498718773,-0.14774790459234652,-0.6055167956156141,-0.15238786355189188,0.0,0.15161960871578106
490,-0.1287382930808362,-0.08953394049000249,-0.49442646890070147,0.11845372692676993,0.3371001031996228,-0.14669970498719395,0.1466997049871893,-0.15143355718255377,0.15161960871578406,0.14669970498718773,-0.14774790459234652,-0.6055167956156141,-0.15238786355189188,0.0,0.15161960871578106
491,0.3855571595551666,0.5114629041447525,0.07948915655079643,0.11845372692676993,0.3371001031996228,-0.14669970498719395,0.1466997049871893,-0.15143355718255377,0.15161960871578406,0.14669970498718773,-0.14774790459234652,-0.6055167956156141,-0.15238786355189188,0.0,0.15161960871578106
492,-0.11959838756577397,-0.16108086738120234,0.41154033984773447,0.11845372692676993,0.3371001031996228,-0.14669970498719395,0.1466997049871893,-0.15143355718255377,0.15161960871578406,0.14669970498718773,-0.14774790459234652,-0.6055167956156141,-0.15238786355189188,0.0,0.15161960871578106
493,-0.06897737240542919,-0.06091251098484586,0.013898799356339529,0.11845372692676993,0.3371001031996228,-0.14669970498719395,0.1466997049871893,-0.15143355718255377,0.15161960871578406,0.14669970498718773,-0.14774790459234652,-0.6055167956156141,-0.15238786355189188,0.0,0.15161960871578106
494,-0.5090989764384268,-0.6046664966092874,-0.36324575451178764,0.11845372692676993,0.3371001031996228,-0.14669970498719395,0.1466997049871893,-0.15143355718255377,0.15161960871578406,0.14669970498718773,-0.14774790459234652,-0.19216304827302813,-0.15238786355189188,0.0,0.15161960871578106
495,-0.47816391161821614,-0.5617409992232443,-0.40014033043366964,0.11845372692676993,0.3371001031996228,-0.14669970498719395,0.1466997049871893,-0.15143355718255377,0.15161960871578406,0.14669970498718773,-0.14774790459234652,-0.19216304827302813,-0.15238786355189188,0.0,0.15161960871578106
496,-0.43879201093794795,-0.4901940723320445,-0.7034957324580329,0.11845372692676993,0.3371001031996228,-0.14669970498719395,0.1466997049871893,-0.15143355718255377,0.15161960871578406,0.14669970498718773,-0.14774790459234652,-0.19216304827302813,-0.15238786355189188,0.0,0.15161960871578106
497,-0.45847796127808205,-0.5188155018372012,-0.6747999511854579,0.11845372692676993,0.3371001031996228,-0.14669970498719395,0.1466997049871893,-0.15143355718255377,0.15161960871578406,0.14669970498718773,-0.14774790459234652,-0.19216304827302813,-0.15238786355189188,0.0,0.15161960871578106
498,-0.45847796127808205,-0.5188155018372012,-0.6747999511854579,0.11845372692676993,0.3371001031996228,-0.14669970498719395,0.1466997049871893,-0.15143355718255377,0.15161960871578406,0.14669970498718773,-0.14774790459234652,-0.19216304827302813,-0.15238786355189188,0.0,0.15161960871578106
499,-0.12662908411582185,-0.08953394049000249,-0.4657306876281266,0.11845372692676993,0.3371001031996228,-0.14669970498719395,0.1466997049871893,-0.15143355718255377,0.15161960871578406,0.14669970498718773,-0.14774790459234652,-0.19216304827302813,-0.15238786355189188,0.0,0.15161960871578106
500,0.39083018196770253,0.5114629041447525,0.12458252712198555,0.11845372692676993,0.3371001031996228,-0.14669970498719395,0.1466997049871893,-0.15143355718255377,0.15161960871578406,0.14669970498718773,-0.14774790459234652,-0.19216304827302813,-0.15238786355189188,0.0,0.15161960871578106
501,-0.11608303929075002,-0.16108086738120234,0.4648325050682307,0.11845372692676993,0.3371001031996228,-0.14669970498719395,0.1466997049871893,-0.15143355718255377,0.15161960871578406,0.14669970498718773,-0.14774790459234652,-0.19216304827302813,-0.15238786355189188,0.0,0.15161960871578106
502,-0.06546202413040525,-0.06091251098484586,0.05899216992752865,0.11845372692676993,0.3371001031996228,-0.14669970498719395,0.1466997049871893,-0.15143355718255377,0.15161960871578406,0.14669970498718773,-0.14774790459234652,-0.19216304827302813,-0.15238786355189188,0.0,0.15161960871578106
503,-0.5073413023009149,-0.6046664966092874,-0.3181523839405985,0.11845372692676993,0.3371001031996228,-0.14669970498719395,0.1466997049871893,-0.15143355718255377,0.15161960871578406,0.14669970498718773,-0.14774790459234652,-0.19216304827302813,-0.15238786355189188,0.0,0.15161960871578106
504,-0.47640623748070415,-0.5617409992232443,-0.3591463571871341,0.11845372692676993,0.3371001031996228,-0.14669970498719395,0.1466997049871893,-0.15143355718255377,0.15161960871578406,0.14669970498718773,-0.14774790459234652,-0.19216304827302813,-0.15238786355189188,0.0,0.15161960871578106
505,-0.437034336800436,-0.4901940723320445,-0.6666011565361508,0.11845372692676993,0.3371001031996228,-0.14669970498719395,0.1466997049871893,-0.15143355718255377,0.15161960871578406,0.14669970498718773,-0.14774790459234652,-0.19216304827302813,-0.15238786355189188,0.0,0.15161960871578106
506,-0.45672028714057006,-0.5188155018372012,-0.6379053752635759,0.11845372692676993,0.3371001031996228,-0.14669970498719395,0.1466997049871893,-0.15143355718255377,0.15161960871578406,0.14669970498718773,-0.14774790459234652,-0.19216304827302813,-0.15238786355189188,0.0,0.15161960871578106
507,-0.12451987515080748,-0.08953394049000249,-0.43703490635555164,0.11845372692676993,0.3371001031996228,-0.14669970498719395,0.1466997049871893,-0.15143355718255377,0.15161960871578406,0.14669970498718773,-0.14774790459234652,-0.19216304827302813,-0.15238786355189188,0.0,0.15161960871578106
508,0.39610320438023844,0.5114629041447525,0.16967589769317468,0.11845372692676993,0.3371001031996228,-0.14669970498719395,0.1466997049871893,-0.15143355718255377,0.15161960871578406,0.14669970498718773,-0.14774790459234652,-0.19216304827302813,-0.15238786355189188,0.0,0.15161960871578106
509,-0.11256769101572608,-0.16108086738120234,0.5140252729640734,0.11845372692676993,0.3371001031996228,-0.14669970498719395,0.1466997049871893,-0.15143355718255377,0.15161960871578406,0.14669970498718773,-0.14774790459234652,-0.19216304827302813,-0.15238786355189188,0.0,0.15161960871578106
510,-0.0619466758553813,-0.06091251098484586,0.10408554049871777,0.11845372692676993,0.3371001031996228,-0.14669970498719395,0.1466997049871893,-0.15143355718255377,0.15161960871578406,0.14669970498718773,-0.14774790459234652,-0.19216304827302813,-0.15238786355189188,0.0,0.15161960871578106
511,-0.5312456705710776,-0.6476052877387143,-0.08858613375999938,0.11845372692676993,0.3371001031996228,-0.14669970498719395,0.1466997049871893,-0.15143355718255377,0.15161960871578406,0.14669970498718773,-0.14774790459234652,-0.19216304827302813,-0.15238786355189188,0.0,0.15161960871578106
512,-0.5055836281634029,-0.6046664966092874,-0.277158410694063,0.11845372692676993,0.3371001031996228,-0.14669970498719395,0.1466997049871893,-0.15143355718255377,0.15161960871578406,0.14669970498718773,-0.14774790459234652,-0.19216304827302813,-0.15238786355189188,0.0,0.15161960871578106
513,-0.47464856334319216,-0.5617409992232443,-0.3181523839405985,0.11845372692676993,0.3371001031996228,-0.14669970498719395,0.1466997049871893,-0.15143355718255377,0.15161960871578406,0.14669970498718773,-0.14774790459234652,-0.19216304827302813,-0.15238786355189188,0.0,0.15161960871578106
514,-0.43527666266292403,-0.4901940723320445,-0.6297065806142688,0.11845372692676993,0.3371001031996228,-0.14669970498719395,0.1466997049871893,-0.15143355718255377,0.15161960871578406,0.14669970498718773,-0.14774790459234652,-0.19216304827302813,-0.15238786355189188,0.0,0.15161960871578106
515,-0.4549626130030581,-0.5188155018372012,-0.5969114020170404,0.11845372692676993,0.3371001031996228,-0.14669970498719395,0.1466997049871893,-0.15143355718255377,0.15161960871578406,0.14669970498718773,-0.14774790459234652,-0.19216304827302813,-0.15238786355189188,0.0,0.15161960871578106
516,-0.4549626130030581,-0.5188155018372012,-0.5969114020170404,0.11845372692676993,0.3371001031996228,-0.14669970498719395,0.1466997049871893,-0.15143355718255377,0.15161960871578406,0.14669970498718773,-0.14774790459234652,-0.19216304827302813,-0.15238786355189188,0.0,0.15161960871578106
517,-0.12241066618579312,-0.08953394049000249,-0.40833912508297676,0.11845372692676993,0.3371001031996228,-0.14669970498719395,0.1466997049871893,-0.15143355718255377,0.15161960871578406,0.14669970498718773,-0.14774790459234652,-0.19216304827302813,-0.15238786355189188,0.0,0.15161960871578106
518,0.40137622679277435,0.5114629041447525,0.21886866558901735,0.11845372692676993,0.3371001031996228,-0.14669970498719395,0.1466997049871893,-0.15143355718255377,0.15161960871578406,0.14669970498718773,-0.14774790459234652,-0.19216304827302813,-0.15238786355189188,0.0,0.15161960871578106
519,-0.05843132758035736,-0.06091251098484586,0.15327830839456044,0.11845372692676993,0.3371001031996228,-0.14669970498719395,0.1466997049871893,-0.15143355718255377,0.15161960871578406,0.14669970498718773,-0.14774790459234652,-0.19216304827302813,-0.15238786355189188,0.0,0.15161960871578106
520,-0.5038259540258909,-0.6046664966092874,-0.23206504012287385,0.11845372692676993,0.3371001031996228,-0.14669970498719395,0.1466997049871893,-0.15143355718255377,0.15161960871578406,0.14669970498718773,-0.14774790459234652,-0.19216304827302813,-0.15238786355189188,0.0,0.15161960871578106
521,-0.47289088920568023,-0.5617409992232443,-0.277158410694063,0.11845372692676993,0.3371001031996228,-0.14669970498719395,0.1466997049871893,-0.15143355718255377,0.15161960871578406,0.14669970498718773,-0.14774790459234652,-0.19216304827302813,-0.15238786355189188,0.0,0.15161960871578106
522,-0.43351898852541204,-0.4901940723320445,-0.5928120046923868,0.11845372692676993,0.3371001031996228,-0.14669970498719395,0.1466997049871893,-0.15143355718255377,0.15161960871578406,0.14669970498718773,-0.14774790459234652,-0.19216304827302813,-0.15238786355189188,0.0,0.15161960871578106
523,-0.45320493886554614,-0.5188155018372012,-0.5600168260951583,0.11845372692676993,0.3371001031996228,-0.14669970498719395,0.1466997049871893,-0.15143355718255377,0.15161960871578406,0.14669970498718773,-0.14774790459234652,-0.19216304827302813,-0.15238786355189188,0.0,0.15161960871578106
524,0.16725403167617978,0.4399159772535528,-1.4249896615970588,0.11845372692676993,0.3371001031996228,-0.14669970498719395,0.1466997049871893,-0.15143355718255377,0.15161960871578406,0.14669970498718773,-0.14774790459234652,-0.19216304827302813,-0.15238786355189188,0.0,0.15161960871578106
525,-0.12030145722077876,-0.08953394049000249,-0.3796433438104019,0.11845372692676993,0.3371001031996228,-0.14669970498719395,0.1466997049871893,-0.15143355718255377,0.15161960871578406,0.14669970498718773,-0.14774790459234652,-0.19216304827302813,-0.15238786355189188,0.0,0.15161960871578106
526,-0.1055369944656782,-0.16108086738120234,0.6165102060804123,0.11845372692676993,0.3371001031996228,-0.14669970498719395,0.1466997049871893,-0.15143355718255377,0.15161960871578406,0.14669970498718773,-0.14774790459234652,-0.19216304827302813,-0.15238786355189188,0.0,0.15161960871578106
527,-0.054915979305333415,-0.06091251098484586,0.19837167896574956,0.11845372692676993,0.3371001031996228,-0.14669970498719395,0.1466997049871893,-0.15143355718255377,0.15161960871578406,0.14669970498718773,-0.14774790459234652,-0.19216304827302813,-0.15238786355189188,0.0,0.15161960871578106
528,-0.5277303222960538,-0.6476052877387143,0.00160060738237886,0.11845372692676993,0.3371001031996228,-0.14669970498719395,0.1466997049871893,-0.15143355718255377,0.15161960871578406,0.14669970498718773,-0.14774790459234652,-0.19216304827302813,-0.15238786355189188,0.0,0.15161960871578106
529,-0.502068279888379,-0.6046664966092874,-0.1910710668763383,0.11845372692676993,0.3371001031996228,-0.14669970498719395,0.1466997049871893,-0.15143355718255377,0.15161960871578406,0.14669970498718773,-0.14774790459234652,-0.19216304827302813,-0.15238786355189188,0.0,0.15161960871578106
530,-0.47113321506816824,-0.5617409992232443,-0.2361644374475274,0.11845372692676993,0.3371001031996228,-0.14669970498719395,0.1466997049871893,-0.15143355718255377,0.15161960871578406,0.14669970498718773,-0.14774790459234652,-0.19216304827302813,-0.15238786355189188,0.0,0.15161960871578106
531,-0.4317613143879001,-0.4901940723320445,-0.5559174287705048,0.11845372692676993,0.3371001031996228,-0.14669970498719395,0.1466997049871893,-0.15143355718255377,0.15161960871578406,0.14669970498718773,-0.14774790459234652,-0.19216304827302813,-0.15238786355189188,0.0,0.15161960871578106
532,-0.45144726472803415,-0.5188155018372012,-0.5231222501732764,0.11845372692676993,0.3371001031996228,-0.14669970498719395,0.1466997049871893,-0.15143355718255377,0.15161960871578406,0.14669970498718773,-0.14774790459234652,-0.19216304827302813,-0.15238786355189188,0.0,0.15161960871578106
533,-0.45144726472803415,-0.5188155018372012,-0.5231222501732764,0.11845372692676993,0.3371001031996228,-0.14669970498719395,0.1466997049871893,-0.15143355718255377,0.15161960871578406,0.14669970498718773,-0.14774790459234652,-0.19216304827302813,-0.15238786355189188,0.0,0.15161960871578106
534,0.17006631029619892,0.4399159772535528,-1.3962938803244838,0.11845372692676993,0.3371001031996228,-0.14669970498719395,0.1466997049871893,-0.15143355718255377,0.15161960871578406,0.14669970498718773,-0.14774790459234652,-0.19216304827302813,-0.15238786355189188,0.0,0.15161960871578106
535,-0.11819224825576438,-0.08953394049000249,-0.350947562537827,0.11845372692676993,0.3371001031996228,-0.14669970498719395,0.1466997049871893,-0.15143355718255377,0.15161960871578406,0.14669970498718773,-0.14774790459234652,-0.19216304827302813,-0.15238786355189188,0.0,0.15161960871578106
536,0.15530184754109835,0.26820069396599644,-0.32635117858990564,0.11845372692676993,0.3371001031996228,-0.14669970498719395,0.1466997049871893,-0.15143355718255377,0.15161960871578406,0.14669970498718773,-0.14774790459234652,-0.19216304827302813,-0.15238786355189188,0.0,0.15161960871578106
537,-0.10202164619065425,-0.16108086738120234,0.665702973976255,0.11845372692676993,0.3371001031996228,-0.14669970498719395,0.1466997049871893,-0.15143355718255377,0.15161960871578406,0.14669970498718773,-0.14774790459234652,-0.19216304827302813,-0.15238786355189188,0.0,0.15161960871578106
538,-0.05140063103030947,-0.06091251098484586,0.24346504953693868,0.11845372692676993,0.3371001031996228,-0.14669970498719395,0.1466997049871893,-0.15143355718255377,0.15161960871578406,0.14669970498718773,-0.14774790459234652,-0.19216304827302813,-0.15238786355189188,0.0,0.15161960871578106
539,-0.5259726481585417,-0.6476052877387143,0.05079337527822154,0.11845372692676993,0.3371001031996228,-0.14669970498719395,0.1466997049871893,-0.15143355718255377,0.15161960871578406,0.14669970498718773,-0.14774790459234652,-0.19216304827302813,-0.15238786355189188,0.0,0.15161960871578106
540,-0.5003106057508669,-0.6046664966092874,-0.14597769630514917,0.11845372692676993,0.3371001031996228,-0.14669970498719395,0.1466997049871893,-0.15143355718255377,0.15161960871578406,0.14669970498718773,-0.14774790459234652,0.22119069906955785,-0.15238786355189188,0.0,0.15161960871578106
541,-0.46937554093065625,-0.5617409992232443,-0.19517046420099185,0.11845372692676993,0.3371001031996228,-0.14669970498719395,0.1466997049871893,-0.15143355718255377,0.15161960871578406,0.14669970498718773,-0.14774790459234652,0.22119069906955785,-0.15238786355189188,0.0,0.15161960871578106
542,-0.4496895905905222,-0.5188155018372012,-0.48212827692674076,0.11845372692676993,0.3371001031996228,-0.14669970498719395,0.1466997049871893,-0.15143355718255377,0.15161960871578406,0.14669970498718773,-0.14774790459234652,0.22119069906955785,-0.15238786355189188,0.0,0.15161960871578106
543,-0.4496895905905222,-0.5188155018372012,-0.48212827692674076,0.11845372692676993,0.3371001031996228,-0.14669970498719395,0.1466997049871893,-0.15143355718255377,0.15161960871578406,0.14669970498718773,-0.14774790459234652,0.22119069906955785,-0.15238786355189188,0.0,0.15161960871578106
544,-0.11608303929075002,-0.08953394049000249,-0.3222517812652521,0.11845372692676993,0.3371001031996228,-0.14669970498719395,0.1466997049871893,-0.15143355718255377,0.15161960871578406,0.14669970498718773,-0.14774790459234652,0.22119069906955785,-0.15238786355189188,0.0,0.15161960871578106
545,-0.5242149740210298,-0.6476052877387143,0.09588674584941065,0.11845372692676993,0.3371001031996228,-0.14669970498719395,0.1466997049871893,-0.15143355718255377,0.15161960871578406,0.14669970498718773,-0.14774790459234652,0.22119069906955785,-0.15238786355189188,0.0,0.15161960871578106
546,-0.498552931613355,-0.6046664966092874,-0.1049837230586136,0.11845372692676993,0.3371001031996228,-0.14669970498719395,0.1466997049871893,-0.15143355718255377,0.15161960871578406,0.14669970498718773,-0.14774790459234652,0.22119069906955785,-0.15238786355189188,0.0,0.15161960871578106
547,-0.4676178667931443,-0.5617409992232443,-0.1541764909544563,0.11845372692676993,0.3371001031996228,-0.14669970498719395,0.1466997049871893,-0.15143355718255377,0.15161960871578406,0.14669970498718773,-0.14774790459234652,0.22119069906955785,-0.15238786355189188,0.0,0.15161960871578106
548,-0.42824596611287613,-0.4901940723320445,-0.48212827692674076,0.11845372692676993,0.3371001031996228,-0.14669970498719395,0.1466997049871893,-0.15143355718255377,0.15161960871578406,0.14669970498718773,-0.14774790459234652,0.22119069906955785,-0.15238786355189188,0.0,0.15161960871578106
549,-0.4479319164530102,-0.5188155018372012,-0.44523370100485876,0.11845372692676993,0.3371001031996228,-0.14669970498719395,0.1466997049871893,-0.15143355718255377,0.15161960871578406,0.14669970498718773,-0.14774790459234652,0.22119069906955785,-0.15238786355189188,0.0,0.15161960871578106
550,-0.4479319164530102,-0.5188155018372012,-0.44523370100485876,0.11845372692676993,0.3371001031996228,-0.14669970498719395,0.1466997049871893,-0.15143355718255377,0.15161960871578406,0.14669970498718773,-0.14774790459234652,0.22119069906955785,-0.15238786355189188,0.0,0.15161960871578106
551,-0.11397383032573566,-0.08953394049000249,-0.2935559999926772,0.11845372692676993,0.3371001031996228,-0.14669970498719395,0.1466997049871893,-0.15143355718255377,0.15161960871578406,0.14669970498718773,-0.14774790459234652,0.22119069906955785,-0.15238786355189188,0.0,0.15161960871578106
552,0.16092640478113668,0.26820069396599644,-0.2689596160447559,0.11845372692676993,0.3371001031996228,-0.14669970498719395,0.1466997049871893,-0.15143355718255377,0.15161960871578406,0.14669970498718773,-0.14774790459234652,0.22119069906955785,-0.15238786355189188,0.0,0.15161960871578106
553,-0.5224572998835179,-0.6476052877387143,0.14098011642059977,0.11845372692676993,0.3371001031996228,-0.14669970498719395,0.1466997049871893,-0.15143355718255377,0.15161960871578406,0.14669970498718773,-0.14774790459234652,0.22119069906955785,-0.15238786355189188,0.0,0.15161960871578106
554,-0.496795257475843,-0.6046664966092874,-0.059890352487424484,0.11845372692676993,0.3371001031996228,-0.14669970498719395,0.1466997049871893,-0.15143355718255377,0.15161960871578406,0.14669970498718773,-0.14774790459234652,0.22119069906955785,-0.15238786355189188,0.0,0.15161960871578106
555,-0.46586019265563233,-0.5617409992232443,-0.11728191503257428,0.11845372692676993,0.3371001031996228,-0.14669970498719395,0.1466997049871893,-0.15143355718255377,0.15161960871578406,0.14669970498718773,-0.14774790459234652,0.22119069906955785,-0.15238786355189188,0.0,0.15161960871578106
556,-0.42648829197536414,-0.4901940723320445,-0.44933309832951235,0.11845372692676993,0.3371001031996228,-0.14669970498719395,0.1466997049871893,-0.15143355718255377,0.15161960871578406,0.14669970498718773,-0.14774790459234652,0.22119069906955785,-0.15238786355189188,0.0,0.15161960871578106
557,-0.44617424231549824,-0.5188155018372012,-0.40833912508297676,0.11845372692676993,0.3371001031996228,-0.14669970498719395,0.1466997049871893,-0.15143355718255377,0.15161960871578406,0.14669970498718773,-0.14774790459234652,0.22119069906955785,-0.15238786355189188,0.0,0.15161960871578106
558,-0.44617424231549824,-0.5188155018372012,-0.40833912508297676,0.11845372692676993,0.3371001031996228,-0.14669970498719395,0.1466997049871893,-0.15143355718255377,0.15161960871578406,0.14669970498718773,-0.14774790459234652,0.22119069906955785,-0.15238786355189188,0.0,0.15161960871578106
559,0.17850314615625637,0.4399159772535528,-1.3184053311560662,0.11845372692676993,0.3371001031996228,-0.14669970498719395,0.1466997049871893,-0.15143355718255377,0.15161960871578406,0.14669970498718773,-0.14774790459234652,0.22119069906955785,-0.15238786355189188,0.0,0.15161960871578106
560,-0.11186462136072128,-0.08953394049000249,-0.2648602187201023,0.11845372692676993,0.3371001031996228,-0.14669970498719395,0.1466997049871893,-0.15143355718255377,0.15161960871578406,0.14669970498718773,-0.14774790459234652,0.22119069906955785,-0.15238786355189188,0.0,0.15161960871578106
561,-0.09147560136558242,-0.16108086738120234,0.8173806749884366,0.11845372692676993,0.3371001031996228,-0.14669970498719395,0.1466997049871893,-0.15143355718255377,0.15161960871578406,0.14669970498718773,-0.14774790459234652,0.22119069906955785,-0.15238786355189188,0.0,0.15161960871578106
562,-0.040854586205237645,-0.06091251098484586,0.3828445585751596,0.11845372692676993,0.3371001031996228,-0.14669970498719395,0.1466997049871893,-0.15143355718255377,0.15161960871578406,0.14669970498718773,-0.14774790459234652,0.22119069906955785,-0.15238786355189188,0.0,0.15161960871578106
563,-0.5206996257460058,-0.6476052877387143,0.19017288431644244,0.11845372692676993,0.3371001031996228,-0.14669970498719395,0.1466997049871893,-0.15143355718255377,0.15161960871578406,0.14669970498718773,-0.14774790459234652,0.22119069906955785,-0.15238786355189188,0.0,0.15161960871578106
564,-0.4535564736930485,-0.5045114339563147,-0.7936824736004111,0.11845372692676993,0.3371001031996228,-0.14669970498719395,0.1466997049871893,-0.15143355718255377,0.15161960871578406,0.14669970498718773,-0.14774790459234652,-1.0188705429582001,-0.15238786355189188,0.0,0.15161960871578106
565,-0.4648055881731251,-0.5188155018372012,-0.8100800628990253,0.11845372692676993,0.3371001031996228,-0.14669970498719395,0.1466997049871893,-0.15143355718255377,0.15161960871578406,0.14669970498718773,-0.14774790459234652,-1.0188705429582001,-0.15238786355189188,0.0,0.15161960871578106
566,-0.571672175733853,-0.6905307851247574,-0.2935559999926772,0.11845372692676993,0.3371001031996228,-0.14669970498719395,0.1466997049871893,-0.15143355718255377,0.15161960871578406,0.14669970498718773,-0.14774790459234652,-1.0188705429582001,-0.15238786355189188,0.0,0.15161960871578106
567,-0.49574065299333586,-0.5617409992232443,-0.8059806655743718,0.11845372692676993,0.3371001031996228,-0.14669970498719395,0.1466997049871893,-0.15143355718255377,0.15161960871578406,0.14669970498718773,-0.14774790459234652,-1.0188705429582001,-0.15238786355189188,0.0,0.15161960871578106
568,-0.569914501596341,-0.6905307851247574,-0.24436323209683453,0.11845372692676993,0.3371001031996228,-0.14669970498719395,0.1466997049871893,-0.15143355718255377,0.15161960871578406,0.14669970498718773,-0.14774790459234652,-1.0188705429582001,-0.15238786355189188,0.0,0.15161960871578106
569,-0.20607595513136295,-0.13245943787604555,-1.1298330542220028,0.11845372692676993,0.3371001031996228,-0.14669970498719395,0.1466997049871893,-0.15143355718255377,0.15161960871578406,0.14669970498718773,-0.14774790459234652,-1.0188705429582001,-0.15238786355189188,0.0,0.15161960871578106
570,-0.4742970285156898,-0.5188155018372012,-1.0191493264563567,0.11845372692676993,0.3371001031996228,-0.14669970498719395,0.1466997049871893,-0.15143355718255377,0.15161960871578406,0.14669970498718773,-0.14774790459234652,-1.0188705429582001,-0.15238786355189188,0.0,0.15161960871578106
571,-0.4612902398981012,-0.5188155018372012,-0.7362909110552612,0.11845372692676993,0.3371001031996228,-0.14669970498719395,0.1466997049871893,-0.15143355718255377,0.15161960871578406,0.14669970498718773,-0.14774790459234652,-1.0188705429582001,-0.15238786355189188,0.0,0.15161960871578106
572,-0.568156827458829,-0.6905307851247574,-0.19517046420099185,0.11845372692676993,0.3371001031996228,-0.14669970498719395,0.1466997049871893,-0.15143355718255377,0.15161960871578406,0.14669970498718773,-0.14774790459234652,-1.0188705429582001,-0.15238786355189188,0.0,0.15161960871578106
573,-0.4922253047183119,-0.5617409992232443,-0.7239927190813006,0.11845372692676993,0.3371001031996228,-0.14669970498719395,0.1466997049871893,-0.15143355718255377,0.15161960871578406,0.14669970498718773,-0.14774790459234652,-1.0188705429582001,-0.15238786355189188,0.0,0.15161960871578106
574,-0.5259726481585417,-0.6189838582335576,-0.5149234555239692,0.11845372692676993,0.3371001031996228,-0.14669970498719395,0.1466997049871893,-0.15143355718255377,0.15161960871578406,0.14669970498718773,-0.14774790459234652,-1.0188705429582001,-0.15238786355189188,0.0,0.15161960871578106
575,-0.4725393543781778,-0.5188155018372012,-0.978155353209821,0.11845372692676993,0.3371001031996228,-0.14669970498719395,0.1466997049871893,-0.15143355718255377,0.15161960871578406,0.14669970498718773,-0.14774790459234652,-1.0188705429582001,-0.15238786355189188,0.0,0.15161960871578106
576,-0.5663991533213171,-0.6905307851247574,-0.14187829898049562,0.11845372692676993,0.3371001031996228,-0.14669970498719395,0.1466997049871893,-0.15143355718255377,0.15161960871578406,0.14669970498718773,-0.14774790459234652,-1.0188705429582001,-0.15238786355189188,0.0,0.15161960871578106
577,-0.47078168024066586,-0.5188155018372012,-0.9412607772879391,0.11845372692676993,0.3371001031996228,-0.14669970498719395,0.1466997049871893,-0.15143355718255377,0.15161960871578406,0.14669970498718773,-0.14774790459234652,-1.0188705429582001,-0.15238786355189188,0.0,0.15161960871578106
578,-0.5646414791838051,-0.6905307851247574,-0.09268553108465294,0.11845372692676993,0.3371001031996228,-0.14669970498719395,0.1466997049871893,-0.15143355718255377,0.15161960871578406,0.14669970498718773,-0.14774790459234652,-1.0188705429582001,-0.15238786355189188,0.0,0.15161960871578106
579,-0.48870995644328796,-0.5617409992232443,-0.6420047725882295,0.11845372692676993,0.3371001031996228,-0.14669970498719395,0.1466997049871893,-0.15143355718255377,0.15161960871578406,0.14669970498718773,-0.14774790459234652,-1.0188705429582001,-0.15238786355189188,0.0,0.15161960871578106
580,-0.46902400610315387,-0.5188155018372012,-0.904366201366057,0.11845372692676993,0.3371001031996228,-0.14669970498719395,0.1466997049871893,-0.15143355718255377,0.15161960871578406,0.14669970498718773,-0.14774790459234652,-1.0188705429582001,-0.15238786355189188,0.0,0.15161960871578106
581,-0.5628838050462931,-0.6905307851247574,-0.04349276318881026,0.11845372692676993,0.3371001031996228,-0.14669970498719395,0.1466997049871893,-0.15143355718255377,0.15161960871578406,0.14669970498718773,-0.14774790459234652,-0.6055167956156141,-0.15238786355189188,0.0,0.15161960871578106
582,-0.4672663319656419,-0.5188155018372012,-0.8633722281195215,0.11845372692676993,0.3371001031996228,-0.14669970498719395,0.1466997049871893,-0.15143355718255377,0.15161960871578406,0.14669970498718773,-0.14774790459234652,-0.6055167956156141,-0.15238786355189188,0.0,0.15161960871578106
583,-0.5611261309087812,-0.6905307851247574,0.005700004707032416,0.11845372692676993,0.3371001031996228,-0.14669970498719395,0.1466997049871893,-0.15143355718255377,0.15161960871578406,0.14669970498718773,-0.14774790459234652,-0.6055167956156141,-0.15238786355189188,0.0,0.15161960871578106
584,-0.46550865782812995,-0.5188155018372012,-0.8264776521976395,0.11845372692676993,0.3371001031996228,-0.14669970498719395,0.1466997049871893,-0.15143355718255377,0.15161960871578406,0.14669970498718773,-0.14774790459234652,-0.6055167956156141,-0.15238786355189188,0.0,0.15161960871578106
585,-0.5593684567712692,-0.6905307851247574,0.05899216992752865,0.11845372692676993,0.3371001031996228,-0.14669970498719395,0.1466997049871893,-0.15143355718255377,0.15161960871578406,0.14669970498718773,-0.14774790459234652,-0.6055167956156141,-0.15238786355189188,0.0,0.15161960871578106
586,-0.5558531084962453,-0.6905307851247574,0.157377705719214,0.11845372692676993,0.3371001031996228,-0.14669970498719395,0.1466997049871893,-0.15143355718255377,0.15161960871578406,0.14669970498718773,-0.14774790459234652,-0.6055167956156141,-0.15238786355189188,0.0,0.15161960871578106
587,-0.5540954343587333,-0.6905307851247574,0.20657047361505668,0.11845372692676993,0.3371001031996228,-0.14669970498719395,0.1466997049871893,-0.15143355718255377,0.15161960871578406,0.14669970498718773,-0.14774790459234652,-0.19216304827302813,-0.15238786355189188,0.0,0.15161960871578106
588,-0.5523377602212213,-0.6905307851247574,0.25576324151089935,0.11845372692676993,0.3371001031996228,-0.14669970498719395,0.1466997049871893,-0.15143355718255377,0.15161960871578406,0.14669970498718773,-0.14774790459234652,-0.19216304827302813,-0.15238786355189188,0.0,0.15161960871578106
589,-0.5505800860837093,-0.6905307851247574,0.3090554067313956,0.11845372692676993,0.3371001031996228,-0.14669970498719395,0.1466997049871893,-0.15143355718255377,0.15161960871578406,0.14669970498718773,-0.14774790459234652,-0.19216304827302813,-0.15238786355189188,0.0,0.15161960871578106
590,-0.47464856334319216,-0.5617409992232443,-0.3181523839405985,0.11845372692676993,0.3371001031996228,-0.14669970498719395,0.1466997049871893,-0.15143355718255377,0.15161960871578406,0.14669970498718773,-0.14774790459234652,-0.19216304827302813,-0.15238786355189188,0.0,0.15161960871578106
591,-0.4549626130030581,-0.5188155018372012,-0.5969114020170404,0.11845372692676993,0.3371001031996228,-0.14669970498719395,0.1466997049871893,-0.15143355718255377,0.15161960871578406,0.14669970498718773,-0.14774790459234652,-0.19216304827302813,-0.15238786355189188,0.0,0.15161960871578106
592,0.9729718563116675,1.3557086652148795,-0.37554394648574835,0.11845372692676993,0.3371001031996228,-0.14669970498719395,0.1466997049871893,-0.15143355718255377,0.15161960871578406,0.14669970498718773,-0.14774790459234652,-0.19216304827302813,-0.15238786355189188,0.0,0.15161960871578106
593,-0.5488224119461974,-0.6905307851247574,0.35824817462723824,0.11845372692676993,0.3371001031996228,-0.14669970498719395,0.1466997049871893,-0.15143355718255377,0.15161960871578406,0.14669970498718773,-0.14774790459234652,-0.19216304827302813,-0.15238786355189188,0.0,0.15161960871578106
594,-0.44019815024795755,-0.5188155018372012,-0.277158410694063,0.11845372692676993,0.3371001031996228,-0.14669970498719395,0.1466997049871893,-0.15143355718255377,0.15161960871578406,0.14669970498718773,-0.14774790459234652,-0.19216304827302813,-0.15238786355189188,0.0,0.15161960871578106
595,-0.5470647378086854,-0.6905307851247574,0.40744094252308094,0.11845372692676993,0.3371001031996228,-0.14669970498719395,0.1466997049871893,-0.15143355718255377,0.15161960871578406,0.14669970498718773,-0.14774790459234652,-0.19216304827302813,-0.15238786355189188,0.0,0.15161960871578106
596,-0.43844047611044557,-0.5188155018372012,-0.24026383477218097,0.11845372692676993,0.3371001031996228,-0.14669970498719395,0.1466997049871893,-0.15143355718255377,0.15161960871578406,0.14669970498718773,-0.14774790459234652,0.22119069906955785,-0.15238786355189188,0.0,0.15161960871578106
597,-0.5453070636711734,-0.6905307851247574,0.4566337104189236,0.11845372692676993,0.3371001031996228,-0.14669970498719395,0.1466997049871893,-0.15143355718255377,0.15161960871578406,0.14669970498718773,-0.14774790459234652,0.22119069906955785,-0.15238786355189188,0.0,0.15161960871578106
598,-0.44617424231549824,-0.5188155018372012,-0.40833912508297676,0.11845372692676993,0.3371001031996228,-0.14669970498719395,0.1466997049871893,-0.15143355718255377,0.15161960871578406,0.14669970498718773,-0.14774790459234652,0.22119069906955785,-0.15238786355189188,0.0,0.15161960871578106
599,-0.5375732974661207,-0.6905307851247574,0.6780011659502156,0.11845372692676993,0.3371001031996228,-0.14669970498719395,0.1466997049871893,-0.15143355718255377,0.15161960871578406,0.14669970498718773,-0.14774790459234652,0.22119069906955785,-0.15238786355189188,0.0,0.15161960871578106
600,-0.485194608168264,-0.6189838582335576,0.5140252729640734,0.11845372692676993,0.3371001031996228,-0.14669970498719395,0.1466997049871893,-0.15143355718255377,0.15161960871578406,0.14669970498718773,-0.14774790459234652,0.6345444464121438,-0.15238786355189188,0.0,0.15161960871578106
601,-0.1610794972110565,-0.26124922377755866,1.0387481305197286,0.11845372692676993,0.3371001031996228,-0.14669970498719395,0.1466997049871893,-0.15143355718255377,0.15161960871578406,0.14669970498718773,-0.14774790459234652,0.6345444464121438,-0.15238786355189188,0.0,0.15161960871578106
602,-0.48238232954824484,-0.6189838582335576,0.5837150274831838,0.11845372692676993,0.3371001031996228,-0.14669970498719395,0.1466997049871893,-0.15143355718255377,0.15161960871578406,0.14669970498718773,-0.14774790459234652,0.6345444464121438,-0.15238786355189188,0.0,0.15161960871578106
603,-0.1730316813461379,-0.14677679950031589,-0.5149234555239692,0.11845372692676993,0.3371001031996228,-0.14669970498719395,0.1466997049871893,-0.15143355718255377,0.15161960871578406,0.14669970498718773,-0.14774790459234652,0.6345444464121438,-0.15238786355189188,0.0,0.15161960871578106
604,-0.4243790830103498,-0.5188155018372012,0.0630915672521822,0.11845372692676993,0.3371001031996228,-0.14669970498719395,0.1466997049871893,-0.15143355718255377,0.15161960871578406,0.14669970498718773,-0.14774790459234652,0.6345444464121438,-0.15238786355189188,0.0,0.15161960871578106
605,-0.535112553673604,-0.6905307851247574,0.7476909204693261,0.11845372692676993,0.3371001031996228,-0.14669970498719395,0.1466997049871893,-0.15143355718255377,0.15161960871578406,0.14669970498718773,-0.14774790459234652,0.6345444464121438,-0.15238786355189188,0.0,0.15161960871578106
606,-0.15756414893603254,-0.26124922377755866,1.0961396930648784,0.11845372692676993,0.3371001031996228,-0.14669970498719395,0.1466997049871893,-0.15143355718255377,0.15161960871578406,0.14669970498718773,-0.14774790459234652,0.6345444464121438,-0.15238786355189188,0.0,0.15161960871578106
607,-0.48238232954824484,-0.6189838582335576,0.5837150274831838,0.11845372692676993,0.3371001031996228,-0.14669970498719395,0.1466997049871893,-0.15143355718255377,0.15161960871578406,0.14669970498718773,-0.14774790459234652,0.6345444464121438,-0.15238786355189188,0.0,0.15161960871578106
608,-0.5305426009160729,-0.6905307851247574,0.8788716348582399,0.11845372692676993,0.3371001031996228,-0.14669970498719395,0.1466997049871893,-0.15143355718255377,0.15161960871578406,0.14669970498718773,-0.14774790459234652,0.6345444464121438,-0.15238786355189188,0.0,0.15161960871578106
609,-0.4795700509282257,-0.6189838582335576,0.6534047820022943,0.11845372692676993,0.3371001031996228,-0.14669970498719395,0.1466997049871893,-0.15143355718255377,0.15161960871578406,0.14669970498718773,-0.14774790459234652,0.6345444464121438,-0.15238786355189188,0.0,0.15161960871578106
610,1.9129759850530696,2.4718513597123035,0.026196991330300196,0.11845372692676993,0.3371001031996228,-0.14669970498719395,0.1466997049871893,-0.15143355718255377,0.15161960871578406,0.14669970498718773,-0.14774790459234652,0.6345444464121438,-0.15238786355189188,0.0,0.15161960871578106
611,-0.16318870617607084,-0.14677679950031589,-0.37554394648574835,0.11845372692676993,0.3371001031996228,-0.14669970498719395,0.1466997049871893,-0.15143355718255377,0.15161960871578406,0.14669970498718773,-0.14774790459234652,0.6345444464121438,-0.15238786355189188,0.0,0.15161960871578106
612,-0.42086373473532585,-0.5188155018372012,0.14098011642059977,0.11845372692676993,0.3371001031996228,-0.14669970498719395,0.1466997049871893,-0.15143355718255377,0.15161960871578406,0.14669970498718773,-0.14774790459234652,0.6345444464121438,-0.15238786355189188,0.0,0.15161960871578106
613,-0.5287849267785609,-0.6905307851247574,0.9280644027540826,0.11845372692676993,0.3371001031996228,-0.14669970498719395,0.1466997049871893,-0.15143355718255377,0.15161960871578406,0.14669970498718773,-0.14774790459234652,0.6345444464121438,-0.15238786355189188,0.0,0.15161960871578106
614,-0.15053345238598467,-0.26124922377755866,1.2068234208305244,0.11845372692676993,0.3371001031996228,-0.14669970498719395,0.1466997049871893,-0.15143355718255377,0.15161960871578406,0.14669970498718773,-0.14774790459234652,0.6345444464121438,-0.15238786355189188,0.0,0.15161960871578106
615,-0.47675777230820654,-0.6189838582335576,0.7230945365214048,0.11845372692676993,0.3371001031996228,-0.14669970498719395,0.1466997049871893,-0.15143355718255377,0.15161960871578406,0.14669970498718773,-0.14774790459234652,0.6345444464121438,-0.15238786355189188,0.0,0.15161960871578106
616,-0.5270272526410489,-0.6905307851247574,0.9772571706499252,0.11845372692676993,0.3371001031996228,-0.14669970498719395,0.1466997049871893,-0.15143355718255377,0.15161960871578406,0.14669970498718773,-0.14774790459234652,1.0478981937547298,-0.15238786355189188,0.0,0.15161960871578106
617,-0.14701810411096072,-0.26124922377755866,1.2642149833756742,0.11845372692676993,0.3371001031996228,-0.14669970498719395,0.1466997049871893,-0.15143355718255377,0.15161960871578406,0.14669970498718773,-0.14774790459234652,1.0478981937547298,-0.15238786355189188,0.0,0.15161960871578106
618,-0.47113321506816824,-0.6189838582335576,0.8665734428842793,0.11845372692676993,0.3371001031996228,-0.14669970498719395,0.1466997049871893,-0.15143355718255377,0.15161960871578406,0.14669970498718773,-0.14774790459234652,1.0478981937547298,-0.15238786355189188,0.0,0.15161960871578106
619,-0.525269578503537,-0.6905307851247574,1.0305493358704214,0.11845372692676993,0.3371001031996228,-0.14669970498719395,0.1466997049871893,-0.15143355718255377,0.15161960871578406,0.14669970498718773,-0.14774790459234652,1.0478981937547298,-0.15238786355189188,0.0,0.15161960871578106
620,-0.14350275583593677,-0.26124922377755866,1.3175071485961705,0.11845372692676993,0.3371001031996228,-0.14669970498719395,0.1466997049871893,-0.15143355718255377,0.15161960871578406,0.14669970498718773,-0.14774790459234652,1.0478981937547298,-0.15238786355189188,0.0,0.15161960871578106
621,-0.4683209364481491,-0.6189838582335576,0.9362631974033897,0.11845372692676993,0.3371001031996228,-0.14669970498719395,0.1466997049871893,-0.15143355718255377,0.15161960871578406,0.14669970498718773,-0.14774790459234652,1.0478981937547298,-0.15238786355189188,0.0,0.15161960871578106
622,-0.523511904366025,-0.6905307851247574,1.0797421037662642,0.11845372692676993,0.3371001031996228,-0.14669970498719395,0.1466997049871893,-0.15143355718255377,0.15161960871578406,0.14669970498718773,-0.14774790459234652,1.0478981937547298,-0.15238786355189188,0.0,0.15161960871578106
623,-0.14279968618093197,-0.26124922377755866,1.3298053405701311,0.11845372692676993,0.3371001031996228,-0.14669970498719395,0.1466997049871893,-0.15143355718255377,0.15161960871578406,0.14669970498718773,-0.14774790459234652,1.0478981937547298,-0.15238786355189188,0.0,0.15161960871578106
624,-0.46550865782812995,-0.6189838582335576,1.0100523492471538,0.11845372692676993,0.3371001031996228,-0.14669970498719395,0.1466997049871893,-0.15143355718255377,0.15161960871578406,0.14669970498718773,-0.14774790459234652,1.0478981937547298,-0.15238786355189188,0.0,0.15161960871578106
625,-0.521754230228513,-0.6905307851247574,1.1289348716621068,0.11845372692676993,0.3371001031996228,-0.14669970498719395,0.1466997049871893,-0.15143355718255377,0.15161960871578406,0.14669970498718773,-0.14774790459234652,1.0478981937547298,-0.15238786355189188,0.0,0.15161960871578106
626,-0.1364720592858889,-0.26124922377755866,1.43229027368647,0.11845372692676993,0.3371001031996228,-0.14669970498719395,0.1466997049871893,-0.15143355718255377,0.15161960871578406,0.14669970498718773,-0.14774790459234652,1.0478981937547298,-0.15238786355189188,0.0,0.15161960871578106
627,-0.4626963792081108,-0.6189838582335576,1.0797421037662642,0.11845372692676993,0.3371001031996228,-0.14669970498719395,0.1466997049871893,-0.15143355718255377,0.15161960871578406,0.14669970498718773,-0.14774790459234652,1.0478981937547298,-0.15238786355189188,0.0,0.15161960871578106
628,-0.5164812078159771,-0.6905307851247574,1.2806125726742885,0.11845372692676993,0.3371001031996228,-0.14669970498719395,0.1466997049871893,-0.15143355718255377,0.15161960871578406,0.14669970498718773,-0.14774790459234652,1.0478981937547298,-0.15238786355189188,0.0,0.15161960871578106
629,-0.12592601446081705,-0.26124922377755866,1.6003655639972658,0.11845372692676993,0.3371001031996228,-0.14669970498719395,0.1466997049871893,-0.15143355718255377,0.15161960871578406,0.14669970498718773,-0.14774790459234652,1.0478981937547298,-0.15238786355189188,0.0,0.15161960871578106
630,-0.4556656826580629,-0.6189838582335576,1.256016188726367,0.11845372692676993,0.3371001031996228,-0.14669970498719395,0.1466997049871893,-0.15143355718255377,0.15161960871578406,0.14669970498718773,-0.14774790459234652,1.0478981937547298,-0.15238786355189188,0.0,0.15161960871578106
631,1.0721046776673426,1.0981423871552372,1.579868577373998,0.11845372692676993,0.3371001031996228,-0.14669970498719395,0.1466997049871893,-0.15143355718255377,0.15161960871578406,0.14669970498718773,-0.14774790459234652,1.0478981937547298,-0.15238786355189188,0.0,0.15161960871578106
632,-0.5147235336784651,-0.6905307851247574,1.3298053405701311,0.11845372692676993,0.3371001031996228,-0.14669970498719395,0.1466997049871893,-0.15143355718255377,0.15161960871578406,0.14669970498718773,-0.14774790459234652,1.4612519410973157,-0.15238786355189188,0.0,0.15161960871578106
633,-0.12241066618579312,-0.26124922377755866,1.653657729217762,0.11845372692676993,0.3371001031996228,-0.14669970498719395,0.1466997049871893,-0.15143355718255377,0.15161960871578406,0.14669970498718773,-0.14774790459234652,1.4612519410973157,-0.15238786355189188,0.0,0.15161960871578106
634,-0.4556656826580629,-0.6189838582335576,1.256016188726367,0.11845372692676993,0.3371001031996228,-0.14669970498719395,0.1466997049871893,-0.15143355718255377,0.15161960871578406,0.14669970498718773,-0.14774790459234652,1.4612519410973157,-0.15238786355189188,0.0,0.15161960871578106
635,-0.11889531791076917,-0.26124922377755866,1.7110492917629119,0.11845372692676993,0.3371001031996228,-0.14669970498719395,0.1466997049871893,-0.15143355718255377,0.15161960871578406,0.14669970498718773,-0.14774790459234652,1.4612519410973157,-0.15238786355189188,0.0,0.15161960871578106
636,-0.4500411254180246,-0.6189838582335576,1.3994950950892415,0.11845372692676993,0.3371001031996228,-0.14669970498719395,0.1466997049871893,-0.15143355718255377,0.15161960871578406,0.14669970498718773,-0.14774790459234652,1.4612519410973157,-0.15238786355189188,0.0,0.15161960871578106
637,2.018436433303788,2.4718513597123035,0.4648325050682307,0.11845372692676993,0.3371001031996228,-0.14669970498719395,0.1466997049871893,-0.15143355718255377,0.15161960871578406,0.14669970498718773,-0.14774790459234652,1.4612519410973157,-0.15238786355189188,0.0,0.15161960871578106
638,-0.3948501575001487,-0.5045114339563147,0.45253431309427006,0.11845372692676993,0.3371001031996228,-0.14669970498719395,0.1466997049871893,-0.15143355718255377,0.15161960871578406,0.14669970498718773,-0.14774790459234652,1.4612519410973157,-0.15238786355189188,0.0,0.15161960871578106
639,-0.4060992719802253,-0.5188155018372012,0.4607331077435772,0.11845372692676993,0.3371001031996228,-0.14669970498719395,0.1466997049871893,-0.15143355718255377,0.15161960871578406,0.14669970498718773,-0.14774790459234652,1.4612519410973157,-0.15238786355189188,0.0,0.15161960871578106
640,-0.5112081854034412,-0.6905307851247574,1.4281908763618165,0.11845372692676993,0.3371001031996228,-0.14669970498719395,0.1466997049871893,-0.15143355718255377,0.15161960871578406,0.14669970498718773,-0.14774790459234652,1.4612519410973157,-0.15238786355189188,0.0,0.15161960871578106
641,-0.11819224825576438,-0.26124922377755866,1.7233474837368725,0.11845372692676993,0.3371001031996228,-0.14669970498719395,0.1466997049871893,-0.15143355718255377,0.15161960871578406,0.14669970498718773,-0.14774790459234652,1.4612519410973157,-0.15238786355189188,0.0,0.15161960871578106
642,-0.4500411254180246,-0.6189838582335576,1.3994950950892415,0.11845372692676993,0.3371001031996228,-0.14669970498719395,0.1466997049871893,-0.15143355718255377,0.15161960871578406,0.14669970498718773,-0.14774790459234652,1.4612519410973157,-0.15238786355189188,0.0,0.15161960871578106
643,1.0847599314574288,1.0981423871552372,1.661856523867069,0.11845372692676993,0.3371001031996228,-0.14669970498719395,0.1466997049871893,-0.15143355718255377,0.15161960871578406,0.14669970498718773,-0.14774790459234652,1.4612519410973157,-0.15238786355189188,0.0,0.15161960871578106
644,-0.5094505112659292,-0.6905307851247574,1.4814830415823126,0.11845372692676993,0.3371001031996228,-0.14669970498719395,0.1466997049871893,-0.15143355718255377,0.15161960871578406,0.14669970498718773,-0.14774790459234652,1.4612519410973157,-0.15238786355189188,0.0,0.15161960871578106
645,0.024179356882705293,0.024938483787240444,0.33365179067931694,0.11845372692676993,0.3371001031996228,-0.14669970498719395,0.1466997049871893,-0.15143355718255377,0.15161960871578406,0.14669970498718773,-0.14774790459234652,1.4612519410973157,-0.15238786355189188,0.0,0.15161960871578106
646,-0.44441656817798625,-0.6189838582335576,1.5388746041274626,0.11845372692676993,0.3371001031996228,-0.14669970498719395,0.1466997049871893,-0.15143355718255377,0.15161960871578406,0.14669970498718773,-0.14774790459234652,1.4612519410973157,-0.15238786355189188,0.0,0.15161960871578106
647,1.0889783493874576,1.0981423871552372,1.690552305139644,0.11845372692676993,0.3371001031996228,-0.14669970498719395,0.1466997049871893,-0.15143355718255377,0.15161960871578406,0.14669970498718773,-0.14774790459234652,1.4612519410973157,-0.15238786355189188,0.0,0.15161960871578106
648,-0.4416042895579671,-0.6189838582335576,1.608564358646573,0.11845372692676993,0.3371001031996228,-0.14669970498719395,0.1466997049871893,-0.15143355718255377,0.15161960871578406,0.14669970498718773,-0.14774790459234652,1.4612519410973157,-0.15238786355189188,0.0,0.15161960871578106
649,-0.1048339248106734,-0.26124922377755866,1.9365161446188575,0.11845372692676993,0.3371001031996228,-0.14669970498719395,0.1466997049871893,-0.15143355718255377,0.15161960871578406,0.14669970498718773,-0.14774790459234652,1.8746056884399018,-0.15238786355189188,0.0,0.15161960871578106
650,-0.43879201093794795,-0.6189838582335576,1.6823535104903369,0.11845372692676993,0.3371001031996228,-0.14669970498719395,0.1466997049871893,-0.15143355718255377,0.15161960871578406,0.14669970498718773,-0.14774790459234652,1.8746056884399018,-0.15238786355189188,0.0,0.15161960871578106
651,1.097415185247515,1.0981423871552372,1.7479438676847938,0.11845372692676993,0.3371001031996228,-0.14669970498719395,0.1466997049871893,-0.15143355718255377,0.15161960871578406,0.14669970498718773,-0.14774790459234652,1.8746056884399018,-0.15238786355189188,0.0,0.15161960871578106
652,-0.10131857653564946,-0.26124922377755866,1.9898083098393538,0.11845372692676993,0.3371001031996228,-0.14669970498719395,0.1466997049871893,-0.15143355718255377,0.15161960871578406,0.14669970498718773,-0.14774790459234652,1.8746056884399018,-0.15238786355189188,0.0,0.15161960871578106
653,-0.4359797323179288,-0.6189838582335576,1.7520432650094475,0.11845372692676993,0.3371001031996228,-0.14669970498719395,0.1466997049871893,-0.15143355718255377,0.15161960871578406,0.14669970498718773,-0.14774790459234652,1.8746056884399018,-0.15238786355189188,0.0,0.15161960871578106
654,-0.09780322826062551,-0.26124922377755866,2.0471998723845033,0.11845372692676993,0.3371001031996228,-0.14669970498719395,0.1466997049871893,-0.15143355718255377,0.15161960871578406,0.14669970498718773,-0.14774790459234652,1.8746056884399018,-0.15238786355189188,0.0,0.15161960871578106
655,-0.43316745369790965,-0.6189838582335576,1.821733019528558,0.11845372692676993,0.3371001031996228,-0.14669970498719395,0.1466997049871893,-0.15143355718255377,0.15161960871578406,0.14669970498718773,-0.14774790459234652,1.8746056884399018,-0.15238786355189188,0.0,0.15161960871578106
656,-0.4953891181658334,-0.6905307851247574,1.8791245820737077,0.11845372692676993,0.3371001031996228,-0.14669970498719395,0.1466997049871893,-0.15143355718255377,0.15161960871578406,0.14669970498718773,-0.14774790459234652,2.2879594357824877,-0.15238786355189188,0.0,0.15161960871578106
657,-0.5266757178135465,-0.6046664966092874,-0.7936824736004111,0.11845372692676993,0.3371001031996228,-0.14669970498719395,0.1466997049871893,-0.15143355718255377,0.15161960871578406,0.14669970498718773,-0.14774790459234652,-1.0188705429582001,-0.15238786355189188,0.0,0.15161960871578106
658,-0.4939829788558239,-0.5617409992232443,-0.7649866923278362,0.11845372692676993,0.3371001031996228,-0.14669970498719395,0.1466997049871893,-0.15143355718255377,0.15161960871578406,0.14669970498718773,-0.14774790459234652,-1.0188705429582001,-0.15238786355189188,0.0,0.15161960871578106
659,-0.5259726481585417,-0.6046664966092874,-0.7772848843017969,0.11845372692676993,0.3371001031996228,-0.14669970498719395,0.1466997049871893,-0.15143355718255377,0.15161960871578406,0.14669970498718773,-0.14774790459234652,-1.0188705429582001,-0.15238786355189188,0.0,0.15161960871578106
660,-0.4922253047183119,-0.5617409992232443,-0.7239927190813006,0.11845372692676993,0.3371001031996228,-0.14669970498719395,0.1466997049871893,-0.15143355718255377,0.15161960871578406,0.14669970498718773,-0.14774790459234652,-1.0188705429582001,-0.15238786355189188,0.0,0.15161960871578106
661,-0.1484242434209703,-0.08953394049000249,-0.7608872950031826,0.11845372692676993,0.3371001031996228,-0.14669970498719395,0.1466997049871893,-0.15143355718255377,0.15161960871578406,0.14669970498718773,-0.14774790459234652,-1.0188705429582001,-0.15238786355189188,0.0,0.15161960871578106
662,0.3423183757723721,0.5114629041447525,-0.3058541919666379,0.11845372692676993,0.3371001031996228,-0.14669970498719395,0.1466997049871893,-0.15143355718255377,0.15161960871578406,0.14669970498718773,-0.14774790459234652,-1.0188705429582001,-0.15238786355189188,0.0,0.15161960871578106
663,-0.5470647378086854,-0.6476052877387143,-0.5067246608746622,0.11845372692676993,0.3371001031996228,-0.14669970498719395,0.1466997049871893,-0.15143355718255377,0.15161960871578406,0.14669970498718773,-0.14774790459234652,-1.0188705429582001,-0.15238786355189188,0.0,0.15161960871578106
664,-0.5242149740210298,-0.6046664966092874,-0.7362909110552612,0.11845372692676993,0.3371001031996228,-0.14669970498719395,0.1466997049871893,-0.15143355718255377,0.15161960871578406,0.14669970498718773,-0.14774790459234652,-1.0188705429582001,-0.15238786355189188,0.0,0.15161960871578106
665,-0.49046763058079995,-0.5617409992232443,-0.682998745834765,0.11845372692676993,0.3371001031996228,-0.14669970498719395,0.1466997049871893,-0.15143355718255377,0.15161960871578406,0.14669970498718773,-0.14774790459234652,-1.0188705429582001,-0.15238786355189188,0.0,0.15161960871578106
666,0.34759139818490803,0.5114629041447525,-0.26076082139544876,0.11845372692676993,0.3371001031996228,-0.14669970498719395,0.1466997049871893,-0.15143355718255377,0.15161960871578406,0.14669970498718773,-0.14774790459234652,-1.0188705429582001,-0.15238786355189188,0.0,0.15161960871578106
667,-0.1477211737659655,-0.16108086738120234,0.005700004707032416,0.11845372692676993,0.3371001031996228,-0.14669970498719395,0.1466997049871893,-0.15143355718255377,0.15161960871578406,0.14669970498718773,-0.14774790459234652,-1.0188705429582001,-0.15238786355189188,0.0,0.15161960871578106
668,-0.5453070636711734,-0.6476052877387143,-0.461631290303473,0.11845372692676993,0.3371001031996228,-0.14669970498719395,0.1466997049871893,-0.15143355718255377,0.15161960871578406,0.14669970498718773,-0.14774790459234652,-1.0188705429582001,-0.15238786355189188,0.0,0.15161960871578106
669,-0.5196450212634987,-0.6046664966092874,-0.6215077859649617,0.11845372692676993,0.3371001031996228,-0.14669970498719395,0.1466997049871893,-0.15143355718255377,0.15161960871578406,0.14669970498718773,-0.14774790459234652,-1.0188705429582001,-0.15238786355189188,0.0,0.15161960871578106
670,-0.48870995644328796,-0.5617409992232443,-0.6420047725882295,0.11845372692676993,0.3371001031996228,-0.14669970498719395,0.1466997049871893,-0.15143355718255377,0.15161960871578406,0.14669970498718773,-0.14774790459234652,-1.0188705429582001,-0.15238786355189188,0.0,0.15161960871578106
671,-0.14420582549094157,-0.16108086738120234,0.05489277260287509,0.11845372692676993,0.3371001031996228,-0.14669970498719395,0.1466997049871893,-0.15143355718255377,0.15161960871578406,0.14669970498718773,-0.14774790459234652,-1.0188705429582001,-0.15238786355189188,0.0,0.15161960871578106
672,-0.5435493895336615,-0.6476052877387143,-0.41243852240763035,0.11845372692676993,0.3371001031996228,-0.14669970498719395,0.1466997049871893,-0.15143355718255377,0.15161960871578406,0.14669970498718773,-0.14774790459234652,-1.0188705429582001,-0.15238786355189188,0.0,0.15161960871578106
673,-0.5178873471259867,-0.6046664966092874,-0.5805138127184262,0.11845372692676993,0.3371001031996228,-0.14669970498719395,0.1466997049871893,-0.15143355718255377,0.15161960871578406,0.14669970498718773,-0.14774790459234652,-0.6055167956156141,-0.15238786355189188,0.0,0.15161960871578106
674,-0.486952282305776,-0.5617409992232443,-0.6010107993416939,0.11845372692676993,0.3371001031996228,-0.14669970498719395,0.1466997049871893,-0.15143355718255377,0.15161960871578406,0.14669970498718773,-0.14774790459234652,-0.6055167956156141,-0.15238786355189188,0.0,0.15161960871578106
675,-0.14069047721591763,-0.16108086738120234,0.10818493782337132,0.11845372692676993,0.3371001031996228,-0.14669970498719395,0.1466997049871893,-0.15143355718255377,0.15161960871578406,0.14669970498718773,-0.14774790459234652,-0.6055167956156141,-0.15238786355189188,0.0,0.15161960871578106
676,-0.5417917153961495,-0.6476052877387143,-0.36734515183644123,0.11845372692676993,0.3371001031996228,-0.14669970498719395,0.1466997049871893,-0.15143355718255377,0.15161960871578406,0.14669970498718773,-0.14774790459234652,-0.6055167956156141,-0.15238786355189188,0.0,0.15161960871578106
677,-0.5161296729884747,-0.6046664966092874,-0.535420442147237,0.11845372692676993,0.3371001031996228,-0.14669970498719395,0.1466997049871893,-0.15143355718255377,0.15161960871578406,0.14669970498718773,-0.14774790459234652,-0.6055167956156141,-0.15238786355189188,0.0,0.15161960871578106
678,-0.485194608168264,-0.5617409992232443,-0.5600168260951583,0.11845372692676993,0.3371001031996228,-0.14669970498719395,0.1466997049871893,-0.15143355718255377,0.15161960871578406,0.14669970498718773,-0.14774790459234652,-0.6055167956156141,-0.15238786355189188,0.0,0.15161960871578106
679,-0.13717512894089368,-0.16108086738120234,0.157377705719214,0.11845372692676993,0.3371001031996228,-0.14669970498719395,0.1466997049871893,-0.15143355718255377,0.15161960871578406,0.14669970498718773,-0.14774790459234652,-0.6055167956156141,-0.15238786355189188,0.0,0.15161960871578106
680,-0.13717512894089368,-0.16108086738120234,0.157377705719214,0.11845372692676993,0.3371001031996228,-0.14669970498719395,0.1466997049871893,-0.15143355718255377,0.15161960871578406,0.14669970498718773,-0.14774790459234652,-0.6055167956156141,-0.15238786355189188,0.0,0.15161960871578106
681,-0.5143719988509627,-0.6046664966092874,-0.49442646890070147,0.11845372692676993,0.3371001031996228,-0.14669970498719395,0.1466997049871893,-0.15143355718255377,0.15161960871578406,0.14669970498718773,-0.14774790459234652,-0.6055167956156141,-0.15238786355189188,0.0,0.15161960871578106
682,-0.12733215377082663,-0.16108086738120234,0.30085661208208847,0.11845372692676993,0.3371001031996228,-0.14669970498719395,0.1466997049871893,-0.15143355718255377,0.15161960871578406,0.14669970498718773,-0.14774790459234652,-0.6055167956156141,-0.15238786355189188,0.0,0.15161960871578106
683,-0.11959838756577397,-0.16108086738120234,0.41154033984773447,0.11845372692676993,0.3371001031996228,-0.14669970498719395,0.1466997049871893,-0.15143355718255377,0.15161960871578406,0.14669970498718773,-0.14774790459234652,-0.6055167956156141,-0.15238786355189188,0.0,0.15161960871578106
684,-0.5347610188461016,-0.6476052877387143,-0.18287227222703117,0.11845372692676993,0.3371001031996228,-0.14669970498719395,0.1466997049871893,-0.15143355718255377,0.15161960871578406,0.14669970498718773,-0.14774790459234652,-0.6055167956156141,-0.15238786355189188,0.0,0.15161960871578106
685,-0.11608303929075002,-0.16108086738120234,0.4648325050682307,0.11845372692676993,0.3371001031996228,-0.14669970498719395,0.1466997049871893,-0.15143355718255377,0.15161960871578406,0.14669970498718773,-0.14774790459234652,-0.19216304827302813,-0.15238786355189188,0.0,0.15161960871578106
686,-0.5330033447085897,-0.6476052877387143,-0.13777890165584206,0.11845372692676993,0.3371001031996228,-0.14669970498719395,0.1466997049871893,-0.15143355718255377,0.15161960871578406,0.14669970498718773,-0.14774790459234652,-0.19216304827302813,-0.15238786355189188,0.0,0.15161960871578106
687,-0.10975541239570692,-0.16108086738120234,0.5550192462106089,0.11845372692676993,0.3371001031996228,-0.14669970498719395,0.1466997049871893,-0.15143355718255377,0.15161960871578406,0.14669970498718773,-0.14774790459234652,-0.19216304827302813,-0.15238786355189188,0.0,0.15161960871578106
688,-0.10905234274070214,-0.16108086738120234,0.5632180408599161,0.11845372692676993,0.3371001031996228,-0.14669970498719395,0.1466997049871893,-0.15143355718255377,0.15161960871578406,0.14669970498718773,-0.14774790459234652,-0.19216304827302813,-0.15238786355189188,0.0,0.15161960871578106
689,-0.10905234274070214,-0.16108086738120234,0.5632180408599161,0.11845372692676993,0.3371001031996228,-0.14669970498719395,0.1466997049871893,-0.15143355718255377,0.15161960871578406,0.14669970498718773,-0.14774790459234652,-0.19216304827302813,-0.15238786355189188,0.0,0.15161960871578106
690,-0.5294879964335657,-0.6476052877387143,-0.04349276318881026,0.11845372692676993,0.3371001031996228,-0.14669970498719395,0.1466997049871893,-0.15143355718255377,0.15161960871578406,0.14669970498718773,-0.14774790459234652,-0.19216304827302813,-0.15238786355189188,0.0,0.15161960871578106
691,0.40664924920531026,0.5114629041447525,0.26396203616020647,0.11845372692676993,0.3371001031996228,-0.14669970498719395,0.1466997049871893,-0.15143355718255377,0.15161960871578406,0.14669970498718773,-0.14774790459234652,-0.19216304827302813,-0.15238786355189188,0.0,0.15161960871578106
692,-0.10272471584565904,-0.16108086738120234,0.6575041793269478,0.11845372692676993,0.3371001031996228,-0.14669970498719395,0.1466997049871893,-0.15143355718255377,0.15161960871578406,0.14669970498718773,-0.14774790459234652,-0.19216304827302813,-0.15238786355189188,0.0,0.15161960871578106
693,0.41192227161784617,0.5114629041447525,0.3131548040560491,0.11845372692676993,0.3371001031996228,-0.14669970498719395,0.1466997049871893,-0.15143355718255377,0.15161960871578406,0.14669970498718773,-0.14774790459234652,-0.19216304827302813,-0.15238786355189188,0.0,0.15161960871578106
694,-0.10202164619065425,-0.16108086738120234,0.665702973976255,0.11845372692676993,0.3371001031996228,-0.14669970498719395,0.1466997049871893,-0.15143355718255377,0.15161960871578406,0.14669970498718773,-0.14774790459234652,-0.19216304827302813,-0.15238786355189188,0.0,0.15161960871578106
695,-0.4300036402503881,-0.4901940723320445,-0.5190228528486228,0.11845372692676993,0.3371001031996228,-0.14669970498719395,0.1466997049871893,-0.15143355718255377,0.15161960871578406,0.14669970498718773,-0.14774790459234652,0.22119069906955785,-0.15238786355189188,0.0,0.15161960871578106
696,0.4171952940303821,0.5114629041447525,0.35824817462723824,0.11845372692676993,0.3371001031996228,-0.14669970498719395,0.1466997049871893,-0.15143355718255377,0.15161960871578406,0.14669970498718773,-0.14774790459234652,0.22119069906955785,-0.15238786355189188,0.0,0.15161960871578106
697,-0.09850629791563031,-0.16108086738120234,0.7148957418720977,0.11845372692676993,0.3371001031996228,-0.14669970498719395,0.1466997049871893,-0.15143355718255377,0.15161960871578406,0.14669970498718773,-0.14774790459234652,0.22119069906955785,-0.15238786355189188,0.0,0.15161960871578106
698,-0.09569401929561115,-0.16108086738120234,0.7558897151186332,0.11845372692676993,0.3371001031996228,-0.14669970498719395,0.1466997049871893,-0.15143355718255377,0.15161960871578406,0.14669970498718773,-0.14774790459234652,0.22119069906955785,-0.15238786355189188,0.0,0.15161960871578106
699,-0.04788528275528553,-0.06091251098484586,0.29265781743278135,0.11845372692676993,0.3371001031996228,-0.14669970498719395,0.1466997049871893,-0.15143355718255377,0.15161960871578406,0.14669970498718773,-0.14774790459234652,0.22119069906955785,-0.15238786355189188,0.0,0.15161960871578106
700,0.422468316442918,0.5114629041447525,0.40744094252308094,0.11845372692676993,0.3371001031996228,-0.14669970498719395,0.1466997049871893,-0.15143355718255377,0.15161960871578406,0.14669970498718773,-0.14774790459234652,0.22119069906955785,-0.15238786355189188,0.0,0.15161960871578106
701,-0.09499094964060636,-0.16108086738120234,0.7681879070925939,0.11845372692676993,0.3371001031996228,-0.14669970498719395,0.1466997049871893,-0.15143355718255377,0.15161960871578406,0.14669970498718773,-0.14774790459234652,0.22119069906955785,-0.15238786355189188,0.0,0.15161960871578106
702,-0.09217867102058722,-0.16108086738120234,0.8091818803391294,0.11845372692676993,0.3371001031996228,-0.14669970498719395,0.1466997049871893,-0.15143355718255377,0.15161960871578406,0.14669970498718773,-0.14774790459234652,0.22119069906955785,-0.15238786355189188,0.0,0.15161960871578106
703,-0.04436993448026159,-0.06091251098484586,0.33775118800397047,0.11845372692676993,0.3371001031996228,-0.14669970498719395,0.1466997049871893,-0.15143355718255377,0.15161960871578406,0.14669970498718773,-0.14774790459234652,0.22119069906955785,-0.15238786355189188,0.0,0.15161960871578106
704,0.4277413388554539,0.5114629041447525,0.45253431309427006,0.11845372692676993,0.3371001031996228,-0.14669970498719395,0.1466997049871893,-0.15143355718255377,0.15161960871578406,0.14669970498718773,-0.14774790459234652,0.22119069906955785,-0.15238786355189188,0.0,0.15161960871578106
705,-0.09147560136558242,-0.16108086738120234,0.8173806749884366,0.11845372692676993,0.3371001031996228,-0.14669970498719395,0.1466997049871893,-0.15143355718255377,0.15161960871578406,0.14669970498718773,-0.14774790459234652,0.22119069906955785,-0.15238786355189188,0.0,0.15161960871578106
706,2.705335486243466,3.244550193891231,0.6780011659502156,-4.077595603723284,0.3371001031996228,6.8166462917380874,-6.816646291738091,6.672660918385698,-6.595452979136457,-6.816646291738092,6.040281981863469,-1.0188705429582001,6.562202374203344,0.0,-6.595452979136461
707,6.5258159915394875,7.551683168987489,1.1535312556100281,-4.077595603723284,0.6386268286746623,6.8166462917380874,-6.816646291738091,6.672660918385698,-6.595452979136457,-6.816646291738092,6.040281981863469,-0.6055167956156141,6.562202374203344,0.0,-6.595452979136461
708,2.3306345136086644,2.8438900620491885,0.5058264783147662,-4.077595603723284,0.9401535541497016,6.8166462917380874,-6.816646291738091,6.672660918385698,-6.595452979136457,-6.816646291738092,6.040281981863469,-1.0188705429582001,6.562202374203344,0.0,-6.595452979136461
709,2.656006361574193,3.244550193891231,0.5058264783147662,-4.077595603723284,0.9401535541497016,6.8166462917380874,-6.816646291738091,6.672660918385698,-6.595452979136457,-6.816646291738092,6.040281981863469,-1.0188705429582001,6.562202374203344,0.0,-6.595452979136461
710,2.20228914808754,2.7580390672771022,0.2803596254588207,-4.077595603723284,0.9401535541497016,6.8166462917380874,-6.816646291738091,6.672660918385698,-6.595452979136457,-6.816646291738092,6.040281981863469,-1.0188705429582001,6.562202374203344,0.0,-6.595452979136461
711,2.4592611069917902,2.829585994168302,1.042847527844382,-4.077595603723284,1.4426980966081007,6.8166462917380874,-6.816646291738091,6.672660918385698,-6.595452979136457,-6.816646291738092,6.040281981863469,-1.0188705429582001,6.562202374203344,0.0,-6.595452979136461
