Project Name,Transacted Price ($),Area (SQFT),Unit Price ($ PSF),Sale Date,Area (SQM),Unit Price ($ PSM),Latitude,Longitude,Full Address,Dist to CBD in Km,Sale Months Since Sep 2025,Num MRT Within 1km,Num Hawker Within 1km,Num Malls Within 1km,Num Hospitals Within 5km,Num Schools Within 2km,Num Parks Within 1km,Floor_Level_Category,Type_of_Sale_Encoded,Property_Type_Encoded,Market_Segment_Encoded
26 NEWTON,2172000.0,1162.51,1868.0,2025-09-01,108.0,20111.0,1.3156928164724,103.841615456446,26 NEWTON ROAD 26 NEWTON SINGAPORE 307957,3.762851610410245,0.0,3,2,2,14,13,6,5.0,1.0,0,0
26 NEWTON,1380000.0,613.55,2249.0,2025-09-01,57.0,24211.0,1.3156928164724,103.841615456446,26 NEWTON ROAD 26 NEWTON SINGAPORE 307957,3.762851610410245,0.0,3,2,2,14,13,6,2.0,1.0,0,0
THE SHELFORD,4938000.0,2174.33,2271.0,2025-09-01,202.0,24446.0,1.32561376215123,103.810731205358,1E SHELFORD ROAD THE SHELFORD SINGAPORE 286890,6.502869662773255,0.0,4,1,0,12,7,8,1.0,1.0,1,0
SHELFORD SUITES,2950000.0,1442.38,2045.0,2025-09-01,134.0,22015.0,1.32660135432463,103.812654850327,16 SHELFORD ROAD SHELFORD SUITES SINGAPORE 288383,6.438582001199515,0.0,3,1,0,13,7,8,1.0,1.0,1,0
PAVILION 11,3008888.0,1485.43,2026.0,2025-09-01,138.0,21804.0,1.32458602112842,103.848173371262,23 AKYAB ROAD PAVILION 11 SINGAPORE 309978,4.609115779437775,0.0,2,3,5,12,18,5,1.0,1.0,1,0
PARK INFINIA AT WEE NAM,4880000.0,2002.1,2437.0,2025-09-01,186.0,26237.0,1.31441386999901,103.843291191875,2A LINCOLN ROAD PARK INFINIA AT WEE NAM SINGAPORE 308364,3.57796230174373,0.0,3,2,2,14,11,6,2.0,1.0,1,0
THE ARCADIA,10523000.0,6566.04,1603.0,2025-09-01,610.0,17251.0,1.33337474399547,103.811275631559,235 ARCADIA ROAD THE ARCADIA SINGAPORE 289843,7.111379394487015,0.0,1,0,0,9,6,5,1.0,1.0,1,0
NEU AT NOVENA,1494888.0,548.96,2723.0,2025-08-01,51.0,29312.0,1.31961486592659,103.845969245127,27 MOULMEIN RISE NEU AT NOVENA SINGAPORE 308140,4.087211641971712,1.0,1,2,4,14,13,7,2.0,,0,0
BUCKLEY RESIDENCE,988000.0,516.67,1912.0,2025-08-01,48.0,20583.0,1.31720027050967,103.840532892335,6 BUCKLEY ROAD BUCKLEY RESIDENCE SINGAPORE 309762,3.9570389949636264,1.0,3,1,3,14,13,8,1.0,1.0,0,0
AMARYLLIS VILLE,2100000.0,979.52,2144.0,2025-08-01,91.0,23077.0,1.31478233515073,103.841958399488,22 NEWTON ROAD AMARYLLIS VILLE SINGAPORE 307990,3.655547978307824,1.0,3,2,2,14,13,6,3.0,1.0,1,0
THE SPRINGS,1960000.0,1011.82,1937.0,2025-08-01,94.0,20851.0,1.31911757962448,103.846655980088,3 MOULMEIN RISE THE SPRINGS SINGAPORE 308144,4.022851100975091,1.0,1,2,4,14,12,7,2.0,1.0,0,0
RESIDENCES @ EVELYN,2718000.0,1108.69,2452.0,2025-08-01,103.0,26388.0,1.31548497427322,103.839467418834,17 EVELYN ROAD RESIDENCES @ EVELYN SINGAPORE 309306,3.814435565431148,1.0,3,1,2,14,12,6,2.0,1.0,1,0
HILLCREST ARCADIA,2388888.0,1797.59,1329.0,2025-08-01,167.0,14305.0,1.33377798542711,103.808806606762,255 ARCADIA ROAD HILLCREST ARCADIA SINGAPORE 289850,7.319529262671842,1.0,1,0,0,9,6,5,3.0,1.0,1,0
SANCTUARY@NEWTON,3437000.0,1130.22,3041.0,2025-08-01,105.0,32733.0,1.31602422236802,103.84157165109,2 SURREY ROAD SANCTUARY@NEWTON (U/C) SINGAPORE 307742,3.799414011967981,1.0,3,2,2,14,13,7,3.0,0.0,0,0
ADAM PLACE,1730000.0,914.94,1891.0,2025-08-01,85.0,20353.0,1.32522289753749,103.813021562629,5 ADAM ROAD ADAM PLACE APARTMENT SINGAPORE 289880,6.29779300913848,1.0,3,1,0,13,7,8,1.0,1.0,0,0
GLOUCESTER MANSIONS,4390000.0,2045.16,2147.0,2025-08-01,190.0,23105.0,1.31369315585356,103.840387458086,10 NEWTON ROAD GLOUCESTER MANSIONS SINGAPORE 307947,3.5935288260621085,1.0,3,1,2,14,10,5,4.0,1.0,0,0
PARK INFINIA AT WEE NAM,3750000.0,1420.85,2639.0,2025-08-01,132.0,28409.0,1.31441386999901,103.843291191875,2A LINCOLN ROAD PARK INFINIA AT WEE NAM SINGAPORE 308364,3.57796230174373,1.0,3,2,2,14,11,6,6.0,1.0,1,0
SOLEIL @ SINARAN,3258000.0,1474.67,2209.0,2025-08-01,137.0,23781.0,1.31960020004528,103.845271738384,2 SINARAN DRIVE SOLEIL @ SINARAN SINGAPORE 307467,4.096964545722665,1.0,1,1,4,14,14,7,1.0,1.0,1,0
10 SHELFORD,908000.0,452.09,2008.0,2025-08-01,42.0,21619.0,1.32580825364563,103.812516919467,10 SHELFORD ROAD 10 SHELFORD SINGAPORE 288353,6.383468750218335,1.0,3,1,0,13,7,8,1.0,1.0,0,0
SANCTUARY@NEWTON,2778930.0,1054.87,2634.0,2025-08-01,98.0,28356.0,1.31602422236802,103.84157165109,2 SURREY ROAD SANCTUARY@NEWTON (U/C) SINGAPORE 307742,3.799414011967981,1.0,3,2,2,14,13,7,1.0,0.0,0,0
SANCTUARY@NEWTON,2865060.0,1022.58,2802.0,2025-08-01,95.0,30159.0,1.31602422236802,103.84157165109,2 SURREY ROAD SANCTUARY@NEWTON (U/C) SINGAPORE 307742,3.799414011967981,1.0,3,2,2,14,13,7,3.0,0.0,0,0
ZEDGE,1380000.0,753.48,1832.0,2025-08-01,70.0,19714.0,1.32242172407521,103.848172032797,2 AKYAB ROAD ZEDGE SINGAPORE 309973,4.370398222376426,1.0,1,3,4,12,14,7,3.0,1.0,0,0
LINCOLN SUITES,2650000.0,1119.46,2367.0,2025-08-01,104.0,25481.0,1.31710864002609,103.842743087159,3 KHIANG GUAN AVENUE LINCOLN SUITES SINGAPORE 308381,3.881888940990309,1.0,3,2,3,14,13,7,5.0,1.0,1,0
WATTEN HILL,4700000.0,2669.47,1761.0,2025-08-01,248.0,18952.0,1.33080602433021,103.809520144553,48 WATTEN VIEW WATTEN HILL SINGAPORE 287179,7.018102241408999,1.0,1,1,0,11,6,5,,1.0,1,0
SOLEIL @ SINARAN,1900000.0,936.47,2029.0,2025-08-01,87.0,21839.0,1.31960020004528,103.845271738384,2 SINARAN DRIVE SOLEIL @ SINARAN SINGAPORE 307467,4.096964545722665,1.0,1,1,4,14,14,7,4.0,1.0,1,0
MONTEBLEU,1650000.0,807.3,2044.0,2025-08-01,75.0,22000.0,1.32378273509884,103.850102052541,8 MINBU ROAD MONTEBLEU SINGAPORE 308162,4.510651977234295,1.0,1,3,4,12,18,4,6.0,1.0,1,0
THE AXIS,755000.0,398.27,1896.0,2025-08-01,37.0,20405.0,1.32462194319897,103.849957588255,47 MANDALAY ROAD THE AXIS SINGAPORE 308227,4.6038020641452535,1.0,2,3,4,12,19,4,2.0,1.0,0,0
THE LINCOLN RESIDENCES,4380000.0,1980.58,2211.0,2025-08-01,184.0,23804.0,1.31537475902919,103.842399874258,28 SURREY ROAD THE LINCOLN RESIDENCES SINGAPORE 307762,3.70557482758304,1.0,3,2,2,14,13,6,4.0,1.0,1,0
SHELFORD SUITES,2700000.0,1270.15,2126.0,2025-08-01,118.0,22881.0,1.32660135432463,103.812654850327,16 SHELFORD ROAD SHELFORD SUITES SINGAPORE 288383,6.438582001199515,1.0,3,1,0,13,7,8,1.0,1.0,1,0
ADAM PARK CONDOMINIUM,3000000.0,2798.64,1072.0,2025-08-01,260.0,11538.0,1.32804489589413,103.813395586111,27A ADAM ROAD ADAM PARK CONDOMINIUM SINGAPORE 289900,6.5056226819707295,1.0,3,1,0,13,7,8,1.0,1.0,1,0
GLOUCESTER MANSIONS,1300000.0,656.6,1980.0,2025-08-01,61.0,21311.0,1.31369315585356,103.840387458086,10 NEWTON ROAD GLOUCESTER MANSIONS SINGAPORE 307947,3.5935288260621085,1.0,3,1,2,14,10,5,3.0,1.0,0,0
M21,1800000.0,1065.64,1689.0,2025-08-01,99.0,18182.0,1.32252212187302,103.848891107309,21 MANDALAY ROAD M21 SINGAPORE 308208,4.376450490663607,1.0,1,3,4,12,14,6,2.0,1.0,0,0
SHELFORD SUITES,2750000.0,1270.15,2165.0,2025-08-01,118.0,23305.0,1.32660135432463,103.812654850327,16 SHELFORD ROAD SHELFORD SUITES SINGAPORE 288383,6.438582001199515,1.0,3,1,0,13,7,8,1.0,1.0,1,0
THE TREVOSE,3158000.0,1733.0,1822.0,2025-08-01,161.0,19615.0,1.32302176043306,103.82529938582,60 TREVOSE CRESCENT THE TREVOSE SINGAPORE 298090,5.269266023284268,1.0,3,0,0,13,6,5,1.0,1.0,1,0
THOMSON 800,3300000.0,1625.36,2030.0,2025-07-01,151.0,21854.0,1.3411028334318,103.838741075921,808 THOMSON ROAD THOMSON 800 SINGAPORE 298190,6.567971581242121,2.0,4,1,0,13,13,2,1.0,1.0,1,0
CUBE 8,2700000.0,1334.74,2023.0,2025-07-01,124.0,21774.0,1.3283636088892,103.841418362322,376 THOMSON ROAD CUBE 8 SINGAPORE 298130,5.12816729630684,2.0,3,0,3,12,14,4,4.0,1.0,1,0
SANCTUARY@NEWTON,2700720.0,1022.58,2641.0,2025-07-01,95.0,28429.0,1.31602422236802,103.84157165109,2 SURREY ROAD SANCTUARY@NEWTON (U/C) SINGAPORE 307742,3.799414011967981,2.0,3,2,2,14,13,7,1.0,0.0,0,0
MONTEBLEU,1668000.0,850.36,1962.0,2025-07-01,79.0,21114.0,1.32378273509884,103.850102052541,8 MINBU ROAD MONTEBLEU SINGAPORE 308162,4.510651977234295,2.0,1,3,4,12,18,4,2.0,1.0,1,0
THE LINCOLN MODERN,2980000.0,1410.08,2113.0,2025-07-01,131.0,22748.0,1.31532312585557,103.843055868846,20 LINCOLN ROAD THE LINCOLN MODERN SINGAPORE 308353,3.681849969048285,2.0,3,2,2,14,13,6,5.0,1.0,0,0
AMARYLLIS VILLE,2850000.0,1259.39,2263.0,2025-07-01,117.0,24359.0,1.31478233515073,103.841958399488,22 NEWTON ROAD AMARYLLIS VILLE SINGAPORE 307990,3.655547978307824,2.0,3,2,2,14,13,6,5.0,1.0,1,0
21 SHELFORD,1800000.0,871.88,2064.0,2025-07-01,81.0,22222.0,1.32740019884468,103.812256773798,21 SHELFORD ROAD 21 SHELFORD SINGAPORE 288411,6.53413729198973,2.0,3,1,0,13,7,8,1.0,1.0,1,0
THE TREVOSE,3650000.0,1926.76,1894.0,2025-07-01,179.0,20391.0,1.32302176043306,103.82529938582,60 TREVOSE CRESCENT THE TREVOSE SINGAPORE 298090,5.269266023284268,2.0,3,0,0,13,6,5,1.0,1.0,1,0
TRILIGHT,2650000.0,1087.16,2438.0,2025-07-01,101.0,26238.0,1.31447883237245,103.839899712589,7 NEWTON ROAD TRILIGHT SINGAPORE 307945,3.693489005647367,2.0,3,1,2,14,10,5,3.0,1.0,1,0
L'VIV,2300000.0,1001.05,2298.0,2025-07-01,93.0,24731.0,1.31544838531983,103.840354841468,23 NEWTON ROAD L'VIV SINGAPORE 307955,3.778505845346688,2.0,3,1,2,14,12,6,2.0,1.0,0,0
MINBU COURT,1350000.0,990.29,1363.0,2025-07-01,92.0,14674.0,1.32548941766951,103.848375446944,54 MINBU ROAD MINBU COURT SINGAPORE 308184,4.707331787040645,2.0,2,2,4,12,20,3,1.0,1.0,0,0
WATTEN HOUSE,5063000.0,1539.25,3289.0,2025-07-01,143.0,35406.0,1.32924471287251,103.81094165707,36 SHELFORD ROAD WATTEN HOUSE (U/C) SINGAPORE 288429,6.784008389875134,2.0,3,1,0,11,6,7,1.0,0.0,1,0
SHELFORD SUITES,2720000.0,1270.15,2141.0,2025-07-01,118.0,23051.0,1.32660135432463,103.812654850327,16 SHELFORD ROAD SHELFORD SUITES SINGAPORE 288383,6.438582001199515,2.0,3,1,0,13,7,8,1.0,1.0,1,0
FYVE DERBYSHIRE,2350000.0,936.47,2509.0,2025-07-01,87.0,27011.0,1.3162773675544,103.845724040655,5 DERBYSHIRE ROAD FYVE DERBYSHIRE SINGAPORE 309461,3.7261930135692727,2.0,3,2,2,14,13,7,2.0,1.0,0,0
APLETON VIEW,2130000.0,1054.87,2019.0,2025-07-01,98.0,21735.0,1.31906972390327,103.846101471001,71 SINARAN DRIVE APLETON VIEW SINGAPORE 308323,4.025490053197462,2.0,1,1,4,14,12,7,3.0,1.0,0,0
WATTEN HILL,5000000.0,2669.47,1873.0,2025-07-01,248.0,20161.0,1.33080602433021,103.809520144553,48 WATTEN VIEW WATTEN HILL SINGAPORE 287179,7.018102241408999,2.0,1,1,0,11,6,5,,1.0,1,0
NEWTON SUITES,1825000.0,796.54,2291.0,2025-07-01,74.0,24662.0,1.31780091416565,103.842313806169,60 NEWTON ROAD NEWTON SUITES SINGAPORE 307994,3.967671598329251,2.0,3,2,3,14,13,7,7.0,1.0,0,0
APLETON VIEW,2350000.0,1205.57,1949.0,2025-07-01,112.0,20982.0,1.31906972390327,103.846101471001,71 SINARAN DRIVE APLETON VIEW SINGAPORE 308323,4.025490053197462,2.0,1,1,4,14,12,7,1.0,1.0,0,0
THE LINCOLN RESIDENCES,4200000.0,1840.64,2282.0,2025-07-01,171.0,24561.0,1.31537475902919,103.842399874258,28 SURREY ROAD THE LINCOLN RESIDENCES SINGAPORE 307762,3.70557482758304,2.0,3,2,2,14,13,6,2.0,1.0,1,0
MONTEBLEU,2350000.0,1227.1,1915.0,2025-07-01,114.0,20614.0,1.32378273509884,103.850102052541,8 MINBU ROAD MONTEBLEU SINGAPORE 308162,4.510651977234295,2.0,1,3,4,12,18,4,4.0,1.0,1,0
1 MOULMEIN RISE,2850000.0,1237.86,2302.0,2025-07-01,115.0,24783.0,1.31908636997896,103.847053580169,1 MOULMEIN RISE 1 MOULMEIN RISE SINGAPORE 308143,4.014343248034238,2.0,1,3,4,14,12,7,5.0,1.0,0,0
LINCOLN SUITES,5560000.0,3143.09,1769.0,2025-07-01,292.0,19041.0,1.31710864002609,103.842743087159,3 KHIANG GUAN AVENUE LINCOLN SUITES SINGAPORE 308381,3.881888940990309,2.0,3,2,3,14,13,7,5.0,1.0,1,0
TRILIGHT,2728000.0,1087.16,2509.0,2025-07-01,101.0,27010.0,1.31447883237245,103.839899712589,7 NEWTON ROAD TRILIGHT SINGAPORE 307945,3.693489005647367,2.0,3,1,2,14,10,5,6.0,1.0,1,0
35 GILSTEAD,2650000.0,1033.34,2564.0,2025-07-01,96.0,27604.0,1.31711023904743,103.837956844749,35 GILSTEAD ROAD 35 GILSTEAD SINGAPORE 309079,4.041420945749914,2.0,3,1,2,14,12,6,1.0,,0,0
PARK INFINIA AT WEE NAM,3640000.0,1463.9,2487.0,2025-07-01,136.0,26765.0,1.31441386999901,103.843291191875,2A LINCOLN ROAD PARK INFINIA AT WEE NAM SINGAPORE 308364,3.57796230174373,2.0,3,2,2,14,11,6,3.0,1.0,1,0
SKY@ELEVEN,6400000.0,2712.53,2359.0,2025-07-01,252.0,25397.0,1.33127079751604,103.841021896647,7 THOMSON LANE SKY@ELEVEN SINGAPORE 297725,5.451828930281204,2.0,4,1,3,12,15,2,8.0,1.0,1,0
AMARYLLIS VILLE,2070000.0,958.0,2161.0,2025-07-01,89.0,23258.0,1.31478233515073,103.841958399488,22 NEWTON ROAD AMARYLLIS VILLE SINGAPORE 307990,3.655547978307824,2.0,3,2,2,14,13,6,2.0,1.0,1,0
ROCHELLE AT NEWTON,2580000.0,1356.26,1902.0,2025-07-01,126.0,20476.0,1.31404425678498,103.841922909924,188 KENG LEE ROAD ROCHELLE AT NEWTON SINGAPORE 308414,3.578271566582672,2.0,3,2,2,14,11,6,2.0,1.0,1,0
ZEDGE,1320000.0,721.19,1830.0,2025-07-01,67.0,19701.0,1.32242172407521,103.848172032797,2 AKYAB ROAD ZEDGE SINGAPORE 309973,4.370398222376426,2.0,1,3,4,12,14,7,4.0,1.0,0,0
PARK INFINIA AT WEE NAM,3800000.0,1431.61,2654.0,2025-07-01,133.0,28571.0,1.31441386999901,103.843291191875,2A LINCOLN ROAD PARK INFINIA AT WEE NAM SINGAPORE 308364,3.57796230174373,2.0,3,2,2,14,11,6,5.0,1.0,1,0
PARK INFINIA AT WEE NAM,3780000.0,1410.08,2681.0,2025-07-01,131.0,28855.0,1.31441386999901,103.843291191875,2A LINCOLN ROAD PARK INFINIA AT WEE NAM SINGAPORE 308364,3.57796230174373,2.0,3,2,2,14,11,6,6.0,1.0,1,0
AMARYLLIS VILLE,2590000.0,1237.86,2092.0,2025-06-01,115.0,22522.0,1.31478233515073,103.841958399488,22 NEWTON ROAD AMARYLLIS VILLE SINGAPORE 307990,3.655547978307824,3.0,3,2,2,14,13,6,2.0,1.0,1,0
SHELFORD GREEN,5150000.0,2841.7,1812.0,2025-06-01,264.0,19508.0,1.32456554554323,103.812187010308,9 SHELFORD ROAD SHELFORD GREEN SINGAPORE 288352,6.3073386259200745,3.0,4,1,0,13,7,8,1.0,1.0,1,0
SANCTUARY@NEWTON,2748240.0,1022.58,2688.0,2025-06-01,95.0,28929.0,1.31602422236802,103.84157165109,2 SURREY ROAD SANCTUARY@NEWTON (U/C) SINGAPORE 307742,3.799414011967981,3.0,3,2,2,14,13,7,1.0,0.0,0,0
10 SHELFORD,930000.0,796.54,1168.0,2025-06-01,74.0,12568.0,1.32580825364563,103.812516919467,10 SHELFORD ROAD 10 SHELFORD SINGAPORE 288353,6.383468750218335,3.0,3,1,0,13,7,8,1.0,1.0,0,0
NOVENA COURT,1420000.0,861.12,1649.0,2025-06-01,80.0,17750.0,1.32292732467511,103.842114483993,2E JALAN NOVENA BARAT NOVENA COURT SINGAPORE 308603,4.524348727321245,3.0,1,0,4,13,13,4,1.0,1.0,0,0
THE GLYNDEBOURNE,3750000.0,1926.76,1946.0,2025-06-01,179.0,20950.0,1.32222533352038,103.823597825035,38 TREVOSE CRESCENT THE GLYNDEBOURNE SINGAPORE 297722,5.30213333703159,3.0,4,0,0,14,6,4,1.0,1.0,1,0
DERBYSHIRE HEIGHTS,2280000.0,1291.68,1765.0,2025-06-01,120.0,19000.0,1.31612341185444,103.845518779011,3 DERBYSHIRE ROAD DERBYSHIRE HEIGHTS SINGAPORE 309459,3.7130675479522552,3.0,3,2,2,14,13,7,1.0,1.0,0,0
SOLEIL @ SINARAN,2620000.0,1442.38,1816.0,2025-06-01,134.0,19552.0,1.31960020004528,103.845271738384,2 SINARAN DRIVE SOLEIL @ SINARAN SINGAPORE 307467,4.096964545722665,3.0,1,1,4,14,14,7,7.0,1.0,1,0
GILSTEAD COURT,2998000.0,1463.9,2048.0,2025-06-01,136.0,22044.0,1.31852490969421,103.839521125521,52H GILSTEAD ROAD GILSTEAD COURT SINGAPORE 309097,4.130671506328448,3.0,3,1,3,14,12,7,,1.0,1,0
SOLEIL @ SINARAN,2488000.0,1097.93,2266.0,2025-06-01,102.0,24392.0,1.31960020004528,103.845271738384,2 SINARAN DRIVE SOLEIL @ SINARAN SINGAPORE 307467,4.096964545722665,3.0,1,1,4,14,14,7,2.0,1.0,1,0
L'VIV,2260000.0,1001.05,2258.0,2025-06-01,93.0,24301.0,1.31544838531983,103.840354841468,23 NEWTON ROAD L'VIV SINGAPORE 307955,3.778505845346688,3.0,3,1,2,14,12,6,4.0,1.0,0,0
SHELFORD REGENCY,2530000.0,1151.75,2197.0,2025-06-01,107.0,23645.0,1.32659730501812,103.811332907782,65 SHELFORD ROAD SHELFORD REGENCY SINGAPORE 288455,6.53669061517323,3.0,3,1,0,13,7,8,1.0,1.0,1,0
MOUNT ROSIE GARDEN,4700000.0,2960.1,1588.0,2025-06-01,275.0,17091.0,1.32151951282408,103.833947029498,50 GOLDHILL AVENUE MOUNT ROSIE GARDEN SINGAPORE 309031,4.662976062716815,3.0,4,0,0,14,8,4,1.0,1.0,1,0
NEWTON 18,2960000.0,1248.62,2371.0,2025-06-01,116.0,25517.0,1.31429426375311,103.841150697585,18 NEWTON ROAD NEWTON 18 SINGAPORE 307989,3.6298212404791177,3.0,3,1,2,14,10,6,4.0,1.0,0,0
WATTEN HILL,4200000.0,2669.47,1573.0,2025-06-01,248.0,16935.0,1.33080602433021,103.809520144553,48 WATTEN VIEW WATTEN HILL SINGAPORE 287179,7.018102241408999,3.0,1,1,0,11,6,5,,1.0,1,0
FYVE DERBYSHIRE,2550000.0,936.47,2723.0,2025-06-01,87.0,29310.0,1.3162773675544,103.845724040655,5 DERBYSHIRE ROAD FYVE DERBYSHIRE SINGAPORE 309461,3.7261930135692727,3.0,3,2,2,14,13,7,4.0,1.0,0,0
SHELFORD SUITES,2680000.0,1291.68,2075.0,2025-06-01,120.0,22333.0,1.32660135432463,103.812654850327,16 SHELFORD ROAD SHELFORD SUITES SINGAPORE 288383,6.438582001199515,3.0,3,1,0,13,7,8,1.0,1.0,1,0
THE ARCADIA,4390000.0,3735.11,1175.0,2025-06-01,347.0,12651.0,1.33337474399547,103.811275631559,235 ARCADIA ROAD THE ARCADIA SINGAPORE 289843,7.111379394487015,3.0,1,0,0,9,6,5,2.0,1.0,1,0
THE ARCADIA,4650000.0,3735.11,1245.0,2025-06-01,347.0,13401.0,1.33337474399547,103.811275631559,235 ARCADIA ROAD THE ARCADIA SINGAPORE 289843,7.111379394487015,3.0,1,0,0,9,6,5,2.0,1.0,1,0
PAVILION 11,2058000.0,958.0,2148.0,2025-06-01,89.0,23124.0,1.32458602112842,103.848173371262,23 AKYAB ROAD PAVILION 11 SINGAPORE 309978,4.609115779437775,3.0,2,3,5,12,18,5,3.0,1.0,1,0
PARK INFINIA AT WEE NAM,2300000.0,968.76,2374.0,2025-06-01,90.0,25556.0,1.31441386999901,103.843291191875,2A LINCOLN ROAD PARK INFINIA AT WEE NAM SINGAPORE 308364,3.57796230174373,3.0,3,2,2,14,11,6,2.0,1.0,1,0
CUBE 8,1800000.0,925.7,1944.0,2025-06-01,86.0,20930.0,1.3283636088892,103.841418362322,376 THOMSON ROAD CUBE 8 SINGAPORE 298130,5.12816729630684,3.0,3,0,3,12,14,4,4.0,1.0,1,0
RESIDENCES @ EVELYN,4000000.0,1528.49,2617.0,2025-06-01,142.0,28169.0,1.31548497427322,103.839467418834,17 EVELYN ROAD RESIDENCES @ EVELYN SINGAPORE 309306,3.814435565431148,3.0,3,1,2,14,12,6,6.0,1.0,1,0
THOMSON 800,3218000.0,1625.36,1980.0,2025-06-01,151.0,21311.0,1.3411028334318,103.838741075921,808 THOMSON ROAD THOMSON 800 SINGAPORE 298190,6.567971581242121,3.0,4,1,0,13,13,2,2.0,1.0,1,0
L'VIV,2230000.0,1001.05,2228.0,2025-06-01,93.0,23978.0,1.31544838531983,103.840354841468,23 NEWTON ROAD L'VIV SINGAPORE 307955,3.778505845346688,3.0,3,1,2,14,12,6,2.0,1.0,0,0
THE ANSLEY,2100000.0,1097.93,1913.0,2025-06-01,102.0,20588.0,1.32327434333138,103.848835015461,33 MANDALAY ROAD THE ANSLEY SINGAPORE 308214,4.459842710119622,3.0,1,3,5,12,15,6,2.0,1.0,1,0
TRILIGHT,2500000.0,1087.16,2300.0,2025-06-01,101.0,24752.0,1.31447883237245,103.839899712589,7 NEWTON ROAD TRILIGHT SINGAPORE 307945,3.693489005647367,3.0,3,1,2,14,10,5,3.0,1.0,1,0
GOLDHILL TOWERS,3830000.0,1550.02,2471.0,2025-06-01,144.0,26597.0,1.32063427888985,103.833512083526,38 GOLDHILL AVENUE GOLDHILL TOWERS SINGAPORE 309021,4.594035889452083,3.0,4,0,0,14,8,3,3.0,1.0,0,0
ROCHELLE AT NEWTON,3450000.0,1700.71,2029.0,2025-06-01,158.0,21835.0,1.31404425678498,103.841922909924,188 KENG LEE ROAD ROCHELLE AT NEWTON SINGAPORE 308414,3.578271566582672,3.0,3,2,2,14,11,6,1.0,1.0,1,0
1 MOULMEIN RISE,2841625.0,1237.86,2296.0,2025-06-01,115.0,24710.0,1.31908636997896,103.847053580169,1 MOULMEIN RISE 1 MOULMEIN RISE SINGAPORE 308143,4.014343248034238,3.0,1,3,4,14,12,7,4.0,1.0,0,0
PULLMAN RESIDENCES NEWTON,4100000.0,1377.79,2976.0,2025-06-01,128.0,32031.0,1.31467262956125,103.839010845653,"18 DUNEARN ROAD PULLMAN RESIDENCES, NEWTON SINGAPORE 309421",3.747758902511321,3.0,3,1,2,14,10,6,1.0,0.0,0,0
THE GLYNDEBOURNE,5528888.0,2508.01,2204.0,2025-06-01,233.0,23729.0,1.32222533352038,103.823597825035,38 TREVOSE CRESCENT THE GLYNDEBOURNE SINGAPORE 297722,5.30213333703159,3.0,4,0,0,14,6,4,1.0,1.0,1,0
LA MAISON,2550000.0,1259.39,2025.0,2025-06-01,117.0,21795.0,1.31953348960235,103.847029859453,10 MOULMEIN RISE LA MAISON SINGAPORE 308125,4.063776423393345,3.0,1,3,4,14,13,7,2.0,1.0,0,0
THE TREVOSE,3389000.0,1894.46,1789.0,2025-06-01,176.0,19256.0,1.32302176043306,103.82529938582,60 TREVOSE CRESCENT THE TREVOSE SINGAPORE 298090,5.269266023284268,3.0,3,0,0,13,6,5,1.0,1.0,1,0
32 GILSTEAD,15000000.0,4219.49,3555.0,2025-06-01,392.0,38265.0,1.31763797210019,103.839239630907,32 GILSTEAD ROAD 32 GILSTEAD (U/C) SINGAPORE 309075,4.047542035442672,3.0,3,1,3,14,12,7,1.0,0.0,0,0
SKY@ELEVEN,6000000.0,2712.53,2212.0,2025-06-01,252.0,23810.0,1.33127079751604,103.841021896647,7 THOMSON LANE SKY@ELEVEN SINGAPORE 297725,5.451828930281204,3.0,4,1,3,12,15,2,2.0,1.0,1,0
PARK INFINIA AT WEE NAM,4080000.0,1689.95,2414.0,2025-06-01,157.0,25987.0,1.31441386999901,103.843291191875,2A LINCOLN ROAD PARK INFINIA AT WEE NAM SINGAPORE 308364,3.57796230174373,3.0,3,2,2,14,11,6,5.0,1.0,1,0
26 NEWTON,1050000.0,473.62,2217.0,2025-06-01,44.0,23864.0,1.3156928164724,103.841615456446,26 NEWTON ROAD 26 NEWTON SINGAPORE 307957,3.762851610410245,3.0,3,2,2,14,13,6,4.0,1.0,0,0
WATTEN HILL,2550000.0,1345.5,1895.0,2025-06-01,125.0,20400.0,1.33080602433021,103.809520144553,48 WATTEN VIEW WATTEN HILL SINGAPORE 287179,7.018102241408999,3.0,1,1,0,11,6,5,,1.0,1,0
WATTEN HOUSE,5063000.0,1539.25,3289.0,2025-06-01,143.0,35406.0,1.32924471287251,103.81094165707,36 SHELFORD ROAD WATTEN HOUSE (U/C) SINGAPORE 288429,6.784008389875134,3.0,3,1,0,11,6,7,1.0,0.0,1,0
SHELFORD SUITES,2980000.0,1603.84,1858.0,2025-06-01,149.0,20000.0,1.32660135432463,103.812654850327,16 SHELFORD ROAD SHELFORD SUITES SINGAPORE 288383,6.438582001199515,3.0,3,1,0,13,7,8,1.0,1.0,1,0
MIRO,1750000.0,1065.64,1642.0,2025-05-01,99.0,17677.0,1.31393361941559,103.842380394708,1 LINCOLN ROAD MIRO SINGAPORE 308365,3.5524517086546736,4.0,3,2,2,14,11,6,2.0,1.0,0,0
D' IXORAS,1360000.0,839.59,1620.0,2025-05-01,78.0,17436.0,1.32411334495333,103.849040669227,23 MINBU ROAD D' IXORAS SINGAPORE 308172,4.551328531254225,4.0,2,3,5,12,18,4,3.0,1.0,0,0
WATTEN HOUSE,7968000.0,2368.08,3365.0,2025-05-01,220.0,36218.0,1.32924471287251,103.81094165707,36 SHELFORD ROAD WATTEN HOUSE (U/C) SINGAPORE 288429,6.784008389875134,4.0,3,1,0,11,6,7,1.0,0.0,1,0
32 GILSTEAD,15100000.0,4208.72,3588.0,2025-05-01,391.0,38619.0,1.31763797210019,103.839239630907,32 GILSTEAD ROAD 32 GILSTEAD (U/C) SINGAPORE 309075,4.047542035442672,4.0,3,1,3,14,12,7,1.0,0.0,0,0
32 GILSTEAD,15100000.0,4219.49,3579.0,2025-05-01,392.0,38520.0,1.31763797210019,103.839239630907,32 GILSTEAD ROAD 32 GILSTEAD (U/C) SINGAPORE 309075,4.047542035442672,4.0,3,1,3,14,12,7,1.0,0.0,0,0
THE GLYNDEBOURNE,5525000.0,2669.47,2070.0,2025-05-01,248.0,22278.0,1.32222533352038,103.823597825035,38 TREVOSE CRESCENT THE GLYNDEBOURNE SINGAPORE 297722,5.30213333703159,4.0,4,0,0,14,6,4,1.0,1.0,1,0
RESIDENCES @ EVELYN,3818000.0,1528.49,2498.0,2025-05-01,142.0,26887.0,1.31548497427322,103.839467418834,17 EVELYN ROAD RESIDENCES @ EVELYN SINGAPORE 309306,3.814435565431148,4.0,3,1,2,14,12,6,5.0,1.0,1,0
26 NEWTON,1250000.0,559.73,2233.0,2025-05-01,52.0,24038.0,1.3156928164724,103.841615456446,26 NEWTON ROAD 26 NEWTON SINGAPORE 307957,3.762851610410245,4.0,3,2,2,14,13,6,3.0,1.0,0,0
RESIDENCES @ EVELYN,2600000.0,1108.69,2345.0,2025-05-01,103.0,25243.0,1.31548497427322,103.839467418834,17 EVELYN ROAD RESIDENCES @ EVELYN SINGAPORE 309306,3.814435565431148,4.0,3,1,2,14,12,6,4.0,1.0,1,0
SOLEIL @ SINARAN,1828000.0,958.0,1908.0,2025-05-01,89.0,20539.0,1.31960020004528,103.845271738384,2 SINARAN DRIVE SOLEIL @ SINARAN SINGAPORE 307467,4.096964545722665,4.0,1,1,4,14,14,7,2.0,1.0,1,0
L'VIV,2200000.0,1001.05,2198.0,2025-05-01,93.0,23656.0,1.31544838531983,103.840354841468,23 NEWTON ROAD L'VIV SINGAPORE 307955,3.778505845346688,4.0,3,1,2,14,12,6,2.0,1.0,0,0
THE GLYNDEBOURNE,3500000.0,1474.67,2373.0,2025-05-01,137.0,25547.0,1.32222533352038,103.823597825035,38 TREVOSE CRESCENT THE GLYNDEBOURNE SINGAPORE 297722,5.30213333703159,4.0,4,0,0,14,6,4,1.0,1.0,1,0
HILLCREST ARCADIA,3370000.0,2744.82,1228.0,2025-05-01,255.0,13216.0,1.33377798542711,103.808806606762,255 ARCADIA ROAD HILLCREST ARCADIA SINGAPORE 289850,7.319529262671842,4.0,1,0,0,9,6,5,1.0,1.0,1,0
AMARYLLIS VILLE,1950000.0,958.0,2035.0,2025-05-01,89.0,21910.0,1.31478233515073,103.841958399488,22 NEWTON ROAD AMARYLLIS VILLE SINGAPORE 307990,3.655547978307824,4.0,3,2,2,14,13,6,4.0,1.0,1,0
THE GLYNDEBOURNE,7438000.0,3541.36,2100.0,2025-05-01,329.0,22608.0,1.32222533352038,103.823597825035,38 TREVOSE CRESCENT THE GLYNDEBOURNE SINGAPORE 297722,5.30213333703159,4.0,4,0,0,14,6,4,1.0,1.0,1,0
VIVA,5180000.0,1991.34,2601.0,2025-05-01,185.0,28000.0,1.31565586377638,103.844444721095,2 SUFFOLK WALK VIVA SINGAPORE 307462,3.683877967605451,4.0,3,2,2,14,13,6,1.0,1.0,1,0
NEWTON SUITES,3040000.0,1237.86,2456.0,2025-05-01,115.0,26435.0,1.31780091416565,103.842313806169,60 NEWTON ROAD NEWTON SUITES SINGAPORE 307994,3.967671598329251,4.0,3,2,3,14,13,7,5.0,1.0,0,0
PULLMAN RESIDENCES NEWTON,2000000.0,667.37,2997.0,2025-05-01,62.0,32258.0,1.31467262956125,103.839010845653,"18 DUNEARN ROAD PULLMAN RESIDENCES, NEWTON SINGAPORE 309421",3.747758902511321,4.0,3,1,2,14,10,6,3.0,,0,0
THE ANSLEY,1900000.0,1011.82,1878.0,2025-05-01,94.0,20213.0,1.32327434333138,103.848835015461,33 MANDALAY ROAD THE ANSLEY SINGAPORE 308214,4.459842710119622,4.0,1,3,5,12,15,6,2.0,1.0,1,0
WATTEN HOUSE,5011000.0,1539.25,3255.0,2025-05-01,143.0,35042.0,1.32924471287251,103.81094165707,36 SHELFORD ROAD WATTEN HOUSE (U/C) SINGAPORE 288429,6.784008389875134,4.0,3,1,0,11,6,7,1.0,0.0,1,0
WATTEN HOUSE,5006000.0,1539.25,3252.0,2025-05-01,143.0,35007.0,1.32924471287251,103.81094165707,36 SHELFORD ROAD WATTEN HOUSE (U/C) SINGAPORE 288429,6.784008389875134,4.0,3,1,0,11,6,7,1.0,0.0,1,0
VIVA,5020000.0,1959.05,2562.0,2025-05-01,182.0,27582.0,1.31565586377638,103.844444721095,2 SUFFOLK WALK VIVA SINGAPORE 307462,3.683877967605451,4.0,3,2,2,14,13,6,1.0,1.0,1,0
SKY@ELEVEN,5230000.0,2271.2,2303.0,2025-04-01,211.0,24787.0,1.33127079751604,103.841021896647,7 THOMSON LANE SKY@ELEVEN SINGAPORE 297725,5.451828930281204,5.0,4,1,3,12,15,2,8.0,1.0,1,0
THOMSON 800,3080000.0,1625.36,1895.0,2025-04-01,151.0,20397.0,1.3411028334318,103.838741075921,808 THOMSON ROAD THOMSON 800 SINGAPORE 298190,6.567971581242121,5.0,4,1,0,13,13,2,1.0,1.0,1,0
SANCTUARY@NEWTON,2910000.0,1054.87,2759.0,2025-04-01,98.0,29694.0,1.31602422236802,103.84157165109,2 SURREY ROAD SANCTUARY@NEWTON (U/C) SINGAPORE 307742,3.799414011967981,5.0,3,2,2,14,13,7,2.0,0.0,0,0
WATTEN HOUSE,4990000.0,1539.25,3242.0,2025-04-01,143.0,34895.0,1.32924471287251,103.81094165707,36 SHELFORD ROAD WATTEN HOUSE (U/C) SINGAPORE 288429,6.784008389875134,5.0,3,1,0,11,6,7,1.0,0.0,1,0
PARK INFINIA AT WEE NAM,3760000.0,1689.95,2225.0,2025-04-01,157.0,23949.0,1.31441386999901,103.843291191875,2A LINCOLN ROAD PARK INFINIA AT WEE NAM SINGAPORE 308364,3.57796230174373,5.0,3,2,2,14,11,6,3.0,1.0,1,0
SOLEIL @ SINARAN,2640000.0,1097.93,2405.0,2025-04-01,102.0,25882.0,1.31960020004528,103.845271738384,2 SINARAN DRIVE SOLEIL @ SINARAN SINGAPORE 307467,4.096964545722665,5.0,1,1,4,14,14,7,7.0,1.0,1,0
TRILIGHT,2670000.0,1087.16,2456.0,2025-04-01,101.0,26436.0,1.31447883237245,103.839899712589,7 NEWTON ROAD TRILIGHT SINGAPORE 307945,3.693489005647367,5.0,3,1,2,14,10,5,4.0,1.0,1,0
6 DERBYSHIRE,2240000.0,1011.82,2214.0,2025-04-01,94.0,23830.0,1.31568172551155,103.845880417376,6 DERBYSHIRE ROAD 6 DERBYSHIRE SINGAPORE 309462,3.6584167943606625,5.0,3,2,2,14,13,6,2.0,1.0,1,0
SOLEIL @ SINARAN,3700000.0,1722.24,2148.0,2025-04-01,160.0,23125.0,1.31960020004528,103.845271738384,2 SINARAN DRIVE SOLEIL @ SINARAN SINGAPORE 307467,4.096964545722665,5.0,1,1,4,14,14,7,2.0,1.0,1,0
MINBU VILLA,3100000.0,2518.78,1231.0,2025-04-01,234.0,13248.0,1.32578698013765,103.848059253669,56 MINBU ROAD MINBU VILLA SINGAPORE 308185,4.742470181311283,5.0,2,2,4,12,20,3,2.0,1.0,0,0
CUBE 8,2880000.0,1474.67,1953.0,2025-04-01,137.0,21022.0,1.3283636088892,103.841418362322,376 THOMSON ROAD CUBE 8 SINGAPORE 298130,5.12816729630684,5.0,3,0,3,12,14,4,5.0,1.0,1,0
THE AXIS,1438000.0,818.06,1758.0,2025-04-01,76.0,18921.0,1.32462194319897,103.849957588255,47 MANDALAY ROAD THE AXIS SINGAPORE 308227,4.6038020641452535,5.0,2,3,4,12,19,4,2.0,1.0,0,0
368 THOMSON,1765000.0,871.88,2024.0,2025-04-01,81.0,21790.0,1.3270913316471,103.841978573745,368 THOMSON ROAD 368 THOMSON SINGAPORE 298127,4.977697388092409,5.0,3,0,3,12,16,4,5.0,1.0,1,0
D'EVELYN,2668000.0,1280.92,2083.0,2025-04-01,119.0,22420.0,1.31675903918365,103.839662106935,18 EVELYN ROAD D' EVELYN SINGAPORE 309307,3.9403934920901262,5.0,3,1,2,14,12,7,1.0,1.0,0,0
HILLCREST PARK,2000000.0,1151.75,1736.0,2025-04-01,107.0,18692.0,1.32993938799652,103.807632998932,56 HILLCREST ROAD HILLCREST PARK SINGAPORE 288927,7.08752375045944,5.0,1,1,0,11,6,6,1.0,1.0,0,0
SUITES @ NEWTON,1420000.0,764.24,1858.0,2025-04-01,71.0,20000.0,1.31640035574617,103.841671833933,1 SURREY ROAD SUITES @ NEWTON SINGAPORE 307740,3.8363724273902986,5.0,3,2,2,14,13,7,1.0,1.0,0,0
TEN @ SUFFOLK,2000000.0,1119.46,1787.0,2025-04-01,104.0,19231.0,1.3145899979855,103.844453396673,10 SUFFOLK ROAD TEN @ SUFFOLK SINGAPORE 307786,3.5682333304887677,5.0,4,2,2,14,12,6,2.0,1.0,0,0
MANDALE HEIGHTS,2560000.0,1345.5,1903.0,2025-04-01,125.0,20480.0,1.32433421345059,103.849717961403,45 MANDALAY ROAD MANDALE HEIGHTS SINGAPORE 308225,4.572750960660567,5.0,2,3,4,12,19,4,3.0,1.0,0,0
NEWTON SUITES,1810800.0,796.54,2273.0,2025-04-01,74.0,24470.0,1.31780091416565,103.842313806169,60 NEWTON ROAD NEWTON SUITES SINGAPORE 307994,3.967671598329251,5.0,3,2,3,14,13,7,4.0,1.0,0,0
THE ARCADIA,4250000.0,3735.11,1138.0,2025-04-01,347.0,12248.0,1.33337474399547,103.811275631559,235 ARCADIA ROAD THE ARCADIA SINGAPORE 289843,7.111379394487015,5.0,1,0,0,9,6,5,2.0,1.0,1,0
ZEDGE,1250000.0,699.66,1787.0,2025-04-01,65.0,19231.0,1.32242172407521,103.848172032797,2 AKYAB ROAD ZEDGE SINGAPORE 309973,4.370398222376426,5.0,1,3,4,12,14,7,2.0,1.0,0,0
THE GLYNDEBOURNE,5000000.0,2174.33,2300.0,2025-04-01,202.0,24752.0,1.32222533352038,103.823597825035,38 TREVOSE CRESCENT THE GLYNDEBOURNE SINGAPORE 297722,5.30213333703159,5.0,4,0,0,14,6,4,1.0,1.0,1,0
TREVOSE PARK,3550000.0,1700.71,2087.0,2025-04-01,158.0,22468.0,1.32530422394989,103.825473045143,68 TREVOSE CRESCENT TREVOSE PARK SINGAPORE 298069,5.472884262180392,5.0,2,0,0,12,6,5,1.0,1.0,1,0
THOMSON 800,5380000.0,3831.98,1404.0,2025-04-01,356.0,15112.0,1.3411028334318,103.838741075921,808 THOMSON ROAD THOMSON 800 SINGAPORE 298190,6.567971581242121,5.0,4,1,0,13,13,2,4.0,1.0,1,0
VIVA,3600000.0,1345.5,2676.0,2025-04-01,125.0,28800.0,1.31565586377638,103.844444721095,2 SUFFOLK WALK VIVA SINGAPORE 307462,3.683877967605451,5.0,3,2,2,14,13,6,4.0,1.0,1,0
GOLDHILL TOWERS,3650000.0,1550.02,2355.0,2025-04-01,144.0,25347.0,1.32063427888985,103.833512083526,38 GOLDHILL AVENUE GOLDHILL TOWERS SINGAPORE 309021,4.594035889452083,5.0,4,0,0,14,8,3,1.0,1.0,0,0
THE AXIS,1460000.0,818.06,1785.0,2025-04-01,76.0,19211.0,1.32462194319897,103.849957588255,47 MANDALAY ROAD THE AXIS SINGAPORE 308227,4.6038020641452535,5.0,2,3,4,12,19,4,3.0,1.0,0,0
MANDALAY TOWERS,3930000.0,2508.01,1567.0,2025-04-01,233.0,16867.0,1.32383858491685,103.848790804964,39 MANDALAY ROAD MANDALAY TOWERS SINGAPORE 308216,4.522408609033999,5.0,2,3,5,12,17,5,1.0,1.0,0,0
6 DERBYSHIRE,2408000.0,1011.82,2380.0,2025-04-01,94.0,25617.0,1.31568172551155,103.845880417376,6 DERBYSHIRE ROAD 6 DERBYSHIRE SINGAPORE 309462,3.6584167943606625,5.0,3,2,2,14,13,6,3.0,1.0,1,0
GLOUCESTER MANSIONS,2400000.0,1162.51,2064.0,2025-04-01,108.0,22222.0,1.31369315585356,103.840387458086,10 NEWTON ROAD GLOUCESTER MANSIONS SINGAPORE 307947,3.5935288260621085,5.0,3,1,2,14,10,5,2.0,1.0,0,0
SUITES @ SURREY,1688000.0,893.41,1889.0,2025-04-01,83.0,20337.0,1.31595167560923,103.841854612829,6 SURREY ROAD SUITES @ SURREY SINGAPORE 307745,3.783111193822046,5.0,3,2,2,14,13,7,2.0,1.0,0,0
SANCTUARY@NEWTON,3460000.0,1205.57,2870.0,2025-04-01,112.0,30893.0,1.31602422236802,103.84157165109,2 SURREY ROAD SANCTUARY@NEWTON (U/C) SINGAPORE 307742,3.799414011967981,5.0,3,2,2,14,13,7,3.0,0.0,0,0
TREVOSE PARK,3328333.0,1679.18,1982.0,2025-04-01,156.0,21335.0,1.32530422394989,103.825473045143,68 TREVOSE CRESCENT TREVOSE PARK SINGAPORE 298069,5.472884262180392,5.0,2,0,0,12,6,5,1.0,1.0,1,0
VILLA DES FLORES,2450000.0,1388.56,1764.0,2025-04-01,129.0,18992.0,1.32477895626053,103.837103239546,125 WHITLEY ROAD VILLA DES FLORES SINGAPORE 297820,4.871710406887163,5.0,2,0,2,12,10,4,1.0,1.0,1,0
SKY@ELEVEN,6100000.0,2820.17,2163.0,2025-04-01,262.0,23282.0,1.33127079751604,103.841021896647,7 THOMSON LANE SKY@ELEVEN SINGAPORE 297725,5.451828930281204,5.0,4,1,3,12,15,2,6.0,1.0,1,0
VILLA CHANCERY,4480000.0,2055.92,2179.0,2025-04-01,191.0,23455.0,1.32356073869496,103.838750321504,39 CHANCERY LANE VILLA CHANCERY SINGAPORE 309568,4.687614447746414,5.0,2,0,4,13,12,5,1.0,1.0,1,0
PULLMAN RESIDENCES NEWTON,3938000.0,1162.51,3387.0,2025-04-01,108.0,36463.0,1.31467262956125,103.839010845653,"18 DUNEARN ROAD PULLMAN RESIDENCES, NEWTON SINGAPORE 309421",3.747758902511321,5.0,3,1,2,14,10,6,3.0,,0,0
PARK INFINIA AT WEE NAM,6500000.0,3283.02,1980.0,2025-04-01,305.0,21311.0,1.31441386999901,103.843291191875,2A LINCOLN ROAD PARK INFINIA AT WEE NAM SINGAPORE 308364,3.57796230174373,5.0,3,2,2,14,11,6,6.0,1.0,1,0
ZEDGE,1800000.0,914.94,1967.0,2025-04-01,85.0,21176.0,1.32242172407521,103.848172032797,2 AKYAB ROAD ZEDGE SINGAPORE 309973,4.370398222376426,5.0,1,3,4,12,14,7,3.0,1.0,0,0
10 EVELYN,2120000.0,753.48,2814.0,2025-04-01,70.0,30286.0,1.31615491830399,103.840533848314,10 EVELYN ROAD 10 EVELYN SINGAPORE 309312,3.846689837882823,5.0,3,1,2,14,13,8,1.0,1.0,0,0
MINBU VILLA,3180000.0,2335.79,1361.0,2025-04-01,217.0,14654.0,1.32578698013765,103.848059253669,56 MINBU ROAD MINBU VILLA SINGAPORE 308185,4.742470181311283,5.0,2,2,4,12,20,3,2.0,1.0,0,0
SOLEIL @ SINARAN,3525000.0,1722.24,2047.0,2025-04-01,160.0,22031.0,1.31960020004528,103.845271738384,2 SINARAN DRIVE SOLEIL @ SINARAN SINGAPORE 307467,4.096964545722665,5.0,1,1,4,14,14,7,1.0,1.0,1,0
368 THOMSON,1750000.0,871.88,2007.0,2025-04-01,81.0,21605.0,1.3270913316471,103.841978573745,368 THOMSON ROAD 368 THOMSON SINGAPORE 298127,4.977697388092409,5.0,3,0,3,12,16,4,5.0,1.0,1,0
WATTEN HOUSE,6268000.0,1851.41,3386.0,2025-04-01,172.0,36442.0,1.32924471287251,103.81094165707,36 SHELFORD ROAD WATTEN HOUSE (U/C) SINGAPORE 288429,6.784008389875134,5.0,3,1,0,11,6,7,1.0,0.0,1,0
PARK INFINIA AT WEE NAM,3380000.0,1463.9,2309.0,2025-04-01,136.0,24853.0,1.31441386999901,103.843291191875,2A LINCOLN ROAD PARK INFINIA AT WEE NAM SINGAPORE 308364,3.57796230174373,5.0,3,2,2,14,11,6,1.0,1.0,1,0
SANCTUARY@NEWTON,2270000.0,807.3,2812.0,2025-03-01,75.0,30267.0,1.31602422236802,103.84157165109,2 SURREY ROAD SANCTUARY@NEWTON (U/C) SINGAPORE 307742,3.799414011967981,6.0,3,2,2,14,13,7,2.0,0.0,0,0
32 GILSTEAD,13000000.0,3821.22,3402.0,2025-03-01,355.0,36620.0,1.31763797210019,103.839239630907,32 GILSTEAD ROAD 32 GILSTEAD (U/C) SINGAPORE 309075,4.047542035442672,6.0,3,1,3,14,12,7,1.0,0.0,0,0
ADAM PARK CONDOMINIUM,1820000.0,893.41,2037.0,2025-03-01,83.0,21928.0,1.32804489589413,103.813395586111,27A ADAM ROAD ADAM PARK CONDOMINIUM SINGAPORE 289900,6.5056226819707295,6.0,3,1,0,13,7,8,1.0,1.0,1,0
ROCHELLE AT NEWTON,3820000.0,1905.23,2005.0,2025-03-01,177.0,21582.0,1.31404425678498,103.841922909924,188 KENG LEE ROAD ROCHELLE AT NEWTON SINGAPORE 308414,3.578271566582672,6.0,3,2,2,14,11,6,4.0,1.0,1,0
10 EVELYN,1667000.0,613.55,2717.0,2025-03-01,57.0,29246.0,1.31615491830399,103.840533848314,10 EVELYN ROAD 10 EVELYN SINGAPORE 309312,3.846689837882823,6.0,3,1,2,14,13,8,1.0,1.0,0,0
SANCTUARY@NEWTON,3425000.0,1205.57,2841.0,2025-03-01,112.0,30580.0,1.31602422236802,103.84157165109,2 SURREY ROAD SANCTUARY@NEWTON (U/C) SINGAPORE 307742,3.799414011967981,6.0,3,2,2,14,13,7,3.0,0.0,0,0
NEWTON 21,3980000.0,2411.14,1651.0,2025-03-01,224.0,17768.0,1.31490075979298,103.840460862924,21 NEWTON ROAD NEWTON 21 SINGAPORE 307954,3.7173142928382856,6.0,3,1,2,14,12,6,5.0,1.0,0,0
APLETON VIEW,2320000.0,1205.57,1924.0,2025-03-01,112.0,20714.0,1.31906972390327,103.846101471001,71 SINARAN DRIVE APLETON VIEW SINGAPORE 308323,4.025490053197462,6.0,1,1,4,14,12,7,2.0,1.0,0,0
26 NEWTON,990000.0,473.62,2090.0,2025-03-01,44.0,22500.0,1.3156928164724,103.841615456446,26 NEWTON ROAD 26 NEWTON SINGAPORE 307957,3.762851610410245,6.0,3,2,2,14,13,6,2.0,1.0,0,0
26 NEWTON,1800000.0,775.01,2323.0,2025-03-01,72.0,25000.0,1.3156928164724,103.841615456446,26 NEWTON ROAD 26 NEWTON SINGAPORE 307957,3.762851610410245,6.0,3,2,2,14,13,6,4.0,1.0,0,0
NEWTON ONE,2750000.0,1216.33,2261.0,2025-03-01,113.0,24336.0,1.31404986796426,103.839452778834,1 NEWTON ROAD NEWTON ONE SINGAPORE 307943,3.665961575873588,6.0,3,1,3,14,10,5,4.0,1.0,1,0
SOLEIL @ SINARAN,1880000.0,936.47,2008.0,2025-03-01,87.0,21609.0,1.31960020004528,103.845271738384,2 SINARAN DRIVE SOLEIL @ SINARAN SINGAPORE 307467,4.096964545722665,6.0,1,1,4,14,14,7,2.0,1.0,1,0
VILLA DES FLORES,3000000.0,1743.77,1720.0,2025-03-01,162.0,18519.0,1.32477895626053,103.837103239546,125 WHITLEY ROAD VILLA DES FLORES SINGAPORE 297820,4.871710406887163,6.0,2,0,2,12,10,4,1.0,1.0,1,0
WATTEN HOUSE,5063000.0,1539.25,3289.0,2025-03-01,143.0,35406.0,1.32924471287251,103.81094165707,36 SHELFORD ROAD WATTEN HOUSE (U/C) SINGAPORE 288429,6.784008389875134,6.0,3,1,0,11,6,7,1.0,0.0,1,0
GILSTEAD 38,2620000.0,1959.05,1337.0,2025-03-01,182.0,14396.0,1.31814186950603,103.839151085711,38 GILSTEAD ROAD GILSTEAD 38 SINGAPORE 309082,4.103462631434991,6.0,3,1,3,14,12,7,1.0,1.0,0,0
NOVENA COURT,1418000.0,861.12,1647.0,2025-03-01,80.0,17725.0,1.32292732467511,103.842114483993,2E JALAN NOVENA BARAT NOVENA COURT SINGAPORE 308603,4.524348727321245,6.0,1,0,4,13,13,4,1.0,1.0,0,0
ENCHANTÉ,3249220.0,1270.15,2558.0,2025-03-01,118.0,27536.0,1.31585875980621,103.84033274534,3 EVELYN ROAD ENCHANTÉ (U/C) SINGAPORE 309727,3.822384309299648,6.0,3,1,2,14,12,7,3.0,0.0,0,0
35 GILSTEAD,2670000.0,936.47,2851.0,2025-03-01,87.0,30690.0,1.31711023904743,103.837956844749,35 GILSTEAD ROAD 35 GILSTEAD SINGAPORE 309079,4.041420945749914,6.0,3,1,2,14,12,6,1.0,,0,0
HILLCREST PARK,2038000.0,1151.75,1769.0,2025-03-01,107.0,19047.0,1.32993938799652,103.807632998932,56 HILLCREST ROAD HILLCREST PARK SINGAPORE 288927,7.08752375045944,6.0,1,1,0,11,6,6,1.0,1.0,0,0
6 DERBYSHIRE,2240000.0,1011.82,2214.0,2025-03-01,94.0,23830.0,1.31568172551155,103.845880417376,6 DERBYSHIRE ROAD 6 DERBYSHIRE SINGAPORE 309462,3.6584167943606625,6.0,3,2,2,14,13,6,3.0,1.0,1,0
ADRIA,1880000.0,850.36,2211.0,2025-03-01,79.0,23797.0,1.3164463549549,103.846258551824,12 DERBYSHIRE ROAD ADRIA SINGAPORE 309466,3.735780917193752,6.0,3,2,2,14,13,7,4.0,1.0,0,0
PARK INFINIA AT WEE NAM,1300000.0,559.73,2323.0,2025-03-01,52.0,25000.0,1.31441386999901,103.843291191875,2A LINCOLN ROAD PARK INFINIA AT WEE NAM SINGAPORE 308364,3.57796230174373,6.0,3,2,2,14,11,6,7.0,1.0,1,0
IRIDIUM,2300000.0,1065.64,2158.0,2025-03-01,99.0,23232.0,1.31513812749678,103.842640203235,11 LINCOLN ROAD IRIDIUM SINGAPORE 308349,3.673438389333036,6.0,3,2,2,14,13,6,3.0,1.0,0,0
DUNEARN LODGE,1600000.0,1097.93,1457.0,2025-03-01,102.0,15686.0,1.32496337821747,103.810317115677,408 DUNEARN ROAD DUNEARN LODGE SINGAPORE 289674,6.483049793483383,6.0,4,1,0,12,7,8,1.0,1.0,0,0
SHELFORD REGENCY,2670000.0,1367.03,1953.0,2025-03-01,127.0,21024.0,1.32659730501812,103.811332907782,65 SHELFORD ROAD SHELFORD REGENCY SINGAPORE 288455,6.53669061517323,6.0,3,1,0,13,7,8,1.0,1.0,1,0
SUFFOLK PREMIER,1880000.0,1044.11,1801.0,2025-03-01,97.0,19381.0,1.31424399792716,103.844686730014,3 SUFFOLK ROAD SUFFOLK PREMIER SINGAPORE 307781,3.5255221806794355,6.0,4,2,2,14,10,6,3.0,1.0,0,0
WATTEN HOUSE,5053000.0,1539.25,3283.0,2025-03-01,143.0,35336.0,1.32924471287251,103.81094165707,36 SHELFORD ROAD WATTEN HOUSE (U/C) SINGAPORE 288429,6.784008389875134,6.0,3,1,0,11,6,7,1.0,0.0,1,0
WATTEN HOUSE,6213000.0,1851.41,3356.0,2025-03-01,172.0,36122.0,1.32924471287251,103.81094165707,36 SHELFORD ROAD WATTEN HOUSE (U/C) SINGAPORE 288429,6.784008389875134,6.0,3,1,0,11,6,7,1.0,0.0,1,0
SANCTUARY@NEWTON,2250000.0,807.3,2787.0,2025-03-01,75.0,30000.0,1.31602422236802,103.84157165109,2 SURREY ROAD SANCTUARY@NEWTON (U/C) SINGAPORE 307742,3.799414011967981,6.0,3,2,2,14,13,7,2.0,0.0,0,0
NEWTON SUITES,3010000.0,1237.86,2432.0,2025-03-01,115.0,26174.0,1.31780091416565,103.842313806169,60 NEWTON ROAD NEWTON SUITES SINGAPORE 307994,3.967671598329251,6.0,3,2,3,14,13,7,6.0,1.0,0,0
MONTEBLEU,1068000.0,570.49,1872.0,2025-03-01,53.0,20151.0,1.32378273509884,103.850102052541,8 MINBU ROAD MONTEBLEU SINGAPORE 308162,4.510651977234295,6.0,1,3,4,12,18,4,4.0,1.0,1,0
GILSTEAD TWO,2060000.0,904.18,2278.0,2025-03-01,84.0,24524.0,1.31496035037871,103.838459402687,2 GILSTEAD ROAD GILSTEAD TWO SINGAPORE 309061,3.799617052654486,6.0,3,1,3,14,10,6,5.0,1.0,0,0
NEU AT NOVENA,3550000.0,1302.44,2726.0,2025-03-01,121.0,29339.0,1.31961486592659,103.845969245127,27 MOULMEIN RISE NEU AT NOVENA SINGAPORE 308140,4.087211641971712,6.0,1,2,4,14,13,7,4.0,,0,0
THE SPINNAKER,2380000.0,1313.21,1812.0,2025-03-01,122.0,19508.0,1.31408342873893,103.843984943567,13 SUFFOLK ROAD THE SPINNAKER SINGAPORE 307788,3.524598413114717,6.0,4,2,2,14,11,6,2.0,1.0,0,0
AMANINDA,1900888.0,1054.87,1802.0,2025-03-01,98.0,19397.0,1.32478729402026,103.840864419636,331 THOMSON ROAD AMANINDA SINGAPORE 307687,4.756316064412432,6.0,2,0,4,12,14,5,1.0,1.0,1,0
PULLMAN RESIDENCES NEWTON,4500000.0,1377.79,3266.0,2025-03-01,128.0,35156.0,1.31467262956125,103.839010845653,"18 DUNEARN ROAD PULLMAN RESIDENCES, NEWTON SINGAPORE 309421",3.747758902511321,6.0,3,1,2,14,10,6,2.0,,0,0
ROCHELLE AT NEWTON,2638888.0,1356.26,1946.0,2025-03-01,126.0,20944.0,1.31404425678498,103.841922909924,188 KENG LEE ROAD ROCHELLE AT NEWTON SINGAPORE 308414,3.578271566582672,6.0,3,2,2,14,11,6,3.0,1.0,1,0
HILLCREST ARCADIA,850000.0,699.66,1215.0,2025-03-01,65.0,13077.0,1.33377798542711,103.808806606762,255 ARCADIA ROAD HILLCREST ARCADIA SINGAPORE 289850,7.319529262671842,6.0,1,0,0,9,6,5,1.0,1.0,1,0
PARK INFINIA AT WEE NAM,1200000.0,559.73,2144.0,2025-03-01,52.0,23077.0,1.31441386999901,103.843291191875,2A LINCOLN ROAD PARK INFINIA AT WEE NAM SINGAPORE 308364,3.57796230174373,6.0,3,2,2,14,11,6,6.0,1.0,1,0
L'VIV,2300000.0,990.29,2323.0,2025-02-01,92.0,25000.0,1.31544838531983,103.840354841468,23 NEWTON ROAD L'VIV SINGAPORE 307955,3.778505845346688,7.0,3,1,2,14,12,6,6.0,1.0,0,0
LINCOLN SUITES,1250000.0,527.44,2370.0,2025-02-01,49.0,25510.0,1.31710864002609,103.842743087159,3 KHIANG GUAN AVENUE LINCOLN SUITES SINGAPORE 308381,3.881888940990309,7.0,3,2,3,14,13,7,2.0,1.0,1,0
32 GILSTEAD,14609000.0,4197.96,3480.0,2025-02-01,390.0,37459.0,1.31763797210019,103.839239630907,32 GILSTEAD ROAD 32 GILSTEAD (U/C) SINGAPORE 309075,4.047542035442672,7.0,3,1,3,14,12,7,1.0,0.0,0,0
RESIDENCES @ EVELYN,2470000.0,1108.69,2228.0,2025-02-01,103.0,23981.0,1.31548497427322,103.839467418834,17 EVELYN ROAD RESIDENCES @ EVELYN SINGAPORE 309306,3.814435565431148,7.0,3,1,2,14,12,6,2.0,1.0,1,0
THE ARCADIA,4130000.0,3756.64,1099.0,2025-02-01,349.0,11834.0,1.33337474399547,103.811275631559,235 ARCADIA ROAD THE ARCADIA SINGAPORE 289843,7.111379394487015,7.0,1,0,0,9,6,5,1.0,1.0,1,0
SUITES @ SHREWSBURY,840000.0,538.2,1561.0,2025-02-01,50.0,16800.0,1.31819899592367,103.848906082215,84 SHREWSBURY ROAD SUITES @ SHREWSBURY SINGAPORE 307842,3.899093640567353,7.0,2,3,2,14,13,7,1.0,1.0,0,0
ADAM PARK CONDOMINIUM,1980000.0,958.0,2067.0,2025-02-01,89.0,22247.0,1.32804489589413,103.813395586111,27A ADAM ROAD ADAM PARK CONDOMINIUM SINGAPORE 289900,6.5056226819707295,7.0,3,1,0,13,7,8,1.0,1.0,1,0
FYVE DERBYSHIRE,1950000.0,796.54,2448.0,2025-02-01,74.0,26351.0,1.3162773675544,103.845724040655,5 DERBYSHIRE ROAD FYVE DERBYSHIRE SINGAPORE 309461,3.7261930135692727,7.0,3,2,2,14,13,7,2.0,,0,0
HILLCREST ARCADIA,2300000.0,1797.59,1279.0,2025-02-01,167.0,13772.0,1.33377798542711,103.808806606762,255 ARCADIA ROAD HILLCREST ARCADIA SINGAPORE 289850,7.319529262671842,7.0,1,0,0,9,6,5,2.0,1.0,1,0
32 GILSTEAD,14474000.0,4219.49,3430.0,2025-02-01,392.0,36923.0,1.31763797210019,103.839239630907,32 GILSTEAD ROAD 32 GILSTEAD (U/C) SINGAPORE 309075,4.047542035442672,7.0,3,1,3,14,12,7,1.0,0.0,0,0
WATTEN HILL,5000000.0,2626.42,1904.0,2025-02-01,244.0,20492.0,1.33080602433021,103.809520144553,48 WATTEN VIEW WATTEN HILL SINGAPORE 287179,7.018102241408999,7.0,1,1,0,11,6,5,,1.0,1,0
THE GLYNDEBOURNE,3500000.0,1980.58,1767.0,2025-02-01,184.0,19022.0,1.32222533352038,103.823597825035,38 TREVOSE CRESCENT THE GLYNDEBOURNE SINGAPORE 297722,5.30213333703159,7.0,4,0,0,14,6,4,1.0,1.0,1,0
SHELFORD SUITES,2900000.0,1227.1,2363.0,2025-02-01,114.0,25439.0,1.32660135432463,103.812654850327,16 SHELFORD ROAD SHELFORD SUITES SINGAPORE 288383,6.438582001199515,7.0,3,1,0,13,7,8,1.0,1.0,1,0
ROCHELLE AT NEWTON,1945000.0,1011.82,1922.0,2025-02-01,94.0,20691.0,1.31404425678498,103.841922909924,188 KENG LEE ROAD ROCHELLE AT NEWTON SINGAPORE 308414,3.578271566582672,7.0,3,2,2,14,11,6,4.0,1.0,1,0
THE GLYNDEBOURNE,3700000.0,1679.18,2203.0,2025-02-01,156.0,23718.0,1.32222533352038,103.823597825035,38 TREVOSE CRESCENT THE GLYNDEBOURNE SINGAPORE 297722,5.30213333703159,7.0,4,0,0,14,6,4,1.0,1.0,1,0
26 NEWTON,1030000.0,473.62,2175.0,2025-02-01,44.0,23409.0,1.3156928164724,103.841615456446,26 NEWTON ROAD 26 NEWTON SINGAPORE 307957,3.762851610410245,7.0,3,2,2,14,13,6,2.0,1.0,0,0
PARK INFINIA AT WEE NAM,2480000.0,1001.05,2477.0,2025-02-01,93.0,26667.0,1.31441386999901,103.843291191875,2A LINCOLN ROAD PARK INFINIA AT WEE NAM SINGAPORE 308364,3.57796230174373,7.0,3,2,2,14,11,6,4.0,1.0,1,0
CUBE 8,2680000.0,1334.74,2008.0,2025-02-01,124.0,21613.0,1.3283636088892,103.841418362322,376 THOMSON ROAD CUBE 8 SINGAPORE 298130,5.12816729630684,7.0,3,0,3,12,14,4,6.0,1.0,1,0
SANCTUARY@NEWTON,2685000.0,1022.58,2626.0,2025-02-01,95.0,28263.0,1.31602422236802,103.84157165109,2 SURREY ROAD SANCTUARY@NEWTON (U/C) SINGAPORE 307742,3.799414011967981,7.0,3,2,2,14,13,7,1.0,0.0,0,0
D'CHATEAU @ SHELFORD,1710000.0,775.01,2206.0,2025-02-01,72.0,23750.0,1.32809614767202,103.81198826246,25 SHELFORD ROAD D'CHATEAU @ SHELFORD SINGAPORE 288415,6.611737912544638,7.0,3,1,0,13,7,8,1.0,1.0,0,0
HILLCREST ARCADIA,2600000.0,1969.81,1320.0,2025-02-01,183.0,14208.0,1.33377798542711,103.808806606762,255 ARCADIA ROAD HILLCREST ARCADIA SINGAPORE 289850,7.319529262671842,7.0,1,0,0,9,6,5,2.0,1.0,1,0
PAVILION 11,3000000.0,1485.43,2020.0,2025-02-01,138.0,21739.0,1.32458602112842,103.848173371262,23 AKYAB ROAD PAVILION 11 SINGAPORE 309978,4.609115779437775,7.0,2,3,5,12,18,5,2.0,1.0,1,0
6 DERBYSHIRE,1572500.0,731.95,2148.0,2025-02-01,68.0,23125.0,1.31568172551155,103.845880417376,6 DERBYSHIRE ROAD 6 DERBYSHIRE SINGAPORE 309462,3.6584167943606625,7.0,3,2,2,14,13,6,3.0,1.0,1,0
THE GLYNDEBOURNE,7300000.0,3562.88,2049.0,2025-02-01,331.0,22054.0,1.32222533352038,103.823597825035,38 TREVOSE CRESCENT THE GLYNDEBOURNE SINGAPORE 297722,5.30213333703159,7.0,4,0,0,14,6,4,1.0,1.0,1,0
HILLCREST ARCADIA,2000000.0,1711.48,1169.0,2025-02-01,159.0,12579.0,1.33377798542711,103.808806606762,255 ARCADIA ROAD HILLCREST ARCADIA SINGAPORE 289850,7.319529262671842,7.0,1,0,0,9,6,5,1.0,1.0,1,0
VILLA DES FLORES,3150000.0,1915.99,1644.0,2025-02-01,178.0,17697.0,1.32477895626053,103.837103239546,125 WHITLEY ROAD VILLA DES FLORES SINGAPORE 297820,4.871710406887163,7.0,2,0,2,12,10,4,1.0,1.0,1,0
THE AXIS,1428000.0,818.06,1746.0,2025-02-01,76.0,18789.0,1.32462194319897,103.849957588255,47 MANDALAY ROAD THE AXIS SINGAPORE 308227,4.6038020641452535,7.0,2,3,4,12,19,4,2.0,1.0,0,0
PAVILION 11,2138888.0,958.0,2233.0,2025-02-01,89.0,24032.0,1.32458602112842,103.848173371262,23 AKYAB ROAD PAVILION 11 SINGAPORE 309978,4.609115779437775,7.0,2,3,5,12,18,5,7.0,1.0,1,0
SOLEIL @ SINARAN,2488000.0,1097.93,2266.0,2025-02-01,102.0,24392.0,1.31960020004528,103.845271738384,2 SINARAN DRIVE SOLEIL @ SINARAN SINGAPORE 307467,4.096964545722665,7.0,1,1,4,14,14,7,4.0,1.0,1,0
TRILIGHT,4800000.0,2098.98,2287.0,2025-02-01,195.0,24615.0,1.31447883237245,103.839899712589,7 NEWTON ROAD TRILIGHT SINGAPORE 307945,3.693489005647367,7.0,3,1,2,14,10,5,3.0,1.0,1,0
GOLDHILL TOWERS,3810000.0,1550.02,2458.0,2025-02-01,144.0,26458.0,1.32063427888985,103.833512083526,38 GOLDHILL AVENUE GOLDHILL TOWERS SINGAPORE 309021,4.594035889452083,7.0,4,0,0,14,8,3,3.0,1.0,0,0
WATTEN HOUSE,5032000.0,1539.25,3269.0,2025-02-01,143.0,35189.0,1.32924471287251,103.81094165707,36 SHELFORD ROAD WATTEN HOUSE (U/C) SINGAPORE 288429,6.784008389875134,7.0,3,1,0,11,6,7,1.0,0.0,1,0
AMARYLLIS VILLE,2650000.0,1237.86,2141.0,2025-02-01,115.0,23043.0,1.31478233515073,103.841958399488,22 NEWTON ROAD AMARYLLIS VILLE SINGAPORE 307990,3.655547978307824,7.0,3,2,2,14,13,6,6.0,1.0,1,0
WATTEN HOUSE,5084000.0,1539.25,3303.0,2025-02-01,143.0,35552.0,1.32924471287251,103.81094165707,36 SHELFORD ROAD WATTEN HOUSE (U/C) SINGAPORE 288429,6.784008389875134,7.0,3,1,0,11,6,7,1.0,0.0,1,0
PAVILION 11,2985000.0,1485.43,2010.0,2025-02-01,138.0,21630.0,1.32458602112842,103.848173371262,23 AKYAB ROAD PAVILION 11 SINGAPORE 309978,4.609115779437775,7.0,2,3,5,12,18,5,4.0,1.0,1,0
35 GILSTEAD,1480000.0,548.96,2696.0,2025-02-01,51.0,29020.0,1.31711023904743,103.837956844749,35 GILSTEAD ROAD 35 GILSTEAD SINGAPORE 309079,4.041420945749914,7.0,3,1,2,14,12,6,1.0,,0,0
TREVOSE PARK,3000000.0,1367.03,2195.0,2025-02-01,127.0,23622.0,1.32530422394989,103.825473045143,68 TREVOSE CRESCENT TREVOSE PARK SINGAPORE 298069,5.472884262180392,7.0,2,0,0,12,6,5,1.0,1.0,1,0
ROCHELLE AT NEWTON,3550000.0,1862.17,1906.0,2025-02-01,173.0,20520.0,1.31404425678498,103.841922909924,188 KENG LEE ROAD ROCHELLE AT NEWTON SINGAPORE 308414,3.578271566582672,7.0,3,2,2,14,11,6,4.0,1.0,1,0
ROCHELLE AT NEWTON,3460000.0,1743.77,1984.0,2025-02-01,162.0,21358.0,1.31404425678498,103.841922909924,188 KENG LEE ROAD ROCHELLE AT NEWTON SINGAPORE 308414,3.578271566582672,7.0,3,2,2,14,11,6,4.0,1.0,1,0
THOMSON 800,2540000.0,1345.5,1888.0,2025-02-01,125.0,20320.0,1.3411028334318,103.838741075921,808 THOMSON ROAD THOMSON 800 SINGAPORE 298190,6.567971581242121,7.0,4,1,0,13,13,2,1.0,1.0,1,0
THE TREVOSE,2600000.0,1474.67,1763.0,2025-02-01,137.0,18978.0,1.32302176043306,103.82529938582,60 TREVOSE CRESCENT THE TREVOSE SINGAPORE 298090,5.269266023284268,7.0,3,0,0,13,6,5,1.0,1.0,1,0
GLOUCESTER MANSIONS,2550000.0,1140.98,2235.0,2025-02-01,106.0,24057.0,1.31369315585356,103.840387458086,10 NEWTON ROAD GLOUCESTER MANSIONS SINGAPORE 307947,3.5935288260621085,7.0,3,1,2,14,10,5,2.0,1.0,0,0
SOLEIL @ SINARAN,3820000.0,1722.24,2218.0,2025-01-01,160.0,23875.0,1.31960020004528,103.845271738384,2 SINARAN DRIVE SOLEIL @ SINARAN SINGAPORE 307467,4.096964545722665,8.0,1,1,4,14,14,7,3.0,1.0,1,0
VIVA,3980000.0,1517.72,2622.0,2025-01-01,141.0,28227.0,1.31565586377638,103.844444721095,2 SUFFOLK WALK VIVA SINGAPORE 307462,3.683877967605451,8.0,3,2,2,14,13,6,2.0,1.0,1,0
THE LINCOLN RESIDENCES,3275000.0,1410.08,2323.0,2025-01-01,131.0,25000.0,1.31537475902919,103.842399874258,28 SURREY ROAD THE LINCOLN RESIDENCES SINGAPORE 307762,3.70557482758304,8.0,3,2,2,14,13,6,5.0,1.0,1,0
PULLMAN RESIDENCES NEWTON,3500000.0,1162.51,3011.0,2025-01-01,108.0,32407.0,1.31467262956125,103.839010845653,"18 DUNEARN ROAD PULLMAN RESIDENCES, NEWTON SINGAPORE 309421",3.747758902511321,8.0,3,1,2,14,10,6,2.0,,0,0
CITY EDGE,2300000.0,1151.75,1997.0,2025-01-01,107.0,21495.0,1.31953328897071,103.84662602278,18 MOULMEIN RISE CITY EDGE SINGAPORE 308133,4.068886226265154,8.0,1,2,4,14,13,7,3.0,1.0,0,0
1 MOULMEIN RISE,2800000.0,1237.86,2262.0,2025-01-01,115.0,24348.0,1.31908636997896,103.847053580169,1 MOULMEIN RISE 1 MOULMEIN RISE SINGAPORE 308143,4.014343248034238,8.0,1,3,4,14,12,7,5.0,1.0,0,0
THE AXIS,1300000.0,818.06,1589.0,2025-01-01,76.0,17105.0,1.32462194319897,103.849957588255,47 MANDALAY ROAD THE AXIS SINGAPORE 308227,4.6038020641452535,8.0,2,3,4,12,19,4,1.0,1.0,0,0
SHELFORD SUITES,2650000.0,1270.15,2086.0,2025-01-01,118.0,22458.0,1.32660135432463,103.812654850327,16 SHELFORD ROAD SHELFORD SUITES SINGAPORE 288383,6.438582001199515,8.0,3,1,0,13,7,8,1.0,1.0,1,0
THE ARMADALE,2210000.0,1033.34,2139.0,2025-01-01,96.0,23021.0,1.31856765330093,103.840268808403,60 GILSTEAD ROAD THE ARMADALE SINGAPORE 309104,4.1102218338608845,8.0,3,1,3,14,13,7,1.0,1.0,0,0
NEWTON SUITES,3100000.0,1237.86,2504.0,2025-01-01,115.0,26957.0,1.31780091416565,103.842313806169,60 NEWTON ROAD NEWTON SUITES SINGAPORE 307994,3.967671598329251,8.0,3,2,3,14,13,7,6.0,1.0,0,0
26 NEWTON,1461800.0,613.55,2383.0,2025-01-01,57.0,25646.0,1.3156928164724,103.841615456446,26 NEWTON ROAD 26 NEWTON SINGAPORE 307957,3.762851610410245,8.0,3,2,2,14,13,6,2.0,1.0,0,0
8 BASSEIN,785000.0,430.56,1823.0,2025-01-01,40.0,19625.0,1.32353748014389,103.848108217465,8 BASSEIN ROAD 8 BASSEIN SINGAPORE 309838,4.493964280091297,8.0,2,3,5,12,14,6,2.0,1.0,0,0
28 SHELFORD,2268000.0,1194.8,1898.0,2025-01-01,111.0,20432.0,1.32930490165283,103.811999217829,28 SHELFORD ROAD 28 SHELFORD SINGAPORE 288422,6.712325789592847,8.0,3,1,0,11,7,7,1.0,1.0,0,0
MONTEBLEU,1700000.0,850.36,1999.0,2025-01-01,79.0,21519.0,1.32378273509884,103.850102052541,8 MINBU ROAD MONTEBLEU SINGAPORE 308162,4.510651977234295,8.0,1,3,4,12,18,4,5.0,1.0,1,0
SANCTUARY@NEWTON,2724730.0,1022.58,2665.0,2025-01-01,95.0,28681.0,1.31602422236802,103.84157165109,2 SURREY ROAD SANCTUARY@NEWTON (U/C) SINGAPORE 307742,3.799414011967981,8.0,3,2,2,14,13,7,2.0,0.0,0,0
L'VIV,1485000.0,656.6,2262.0,2025-01-01,61.0,24344.0,1.31544838531983,103.840354841468,23 NEWTON ROAD L'VIV SINGAPORE 307955,3.778505845346688,8.0,3,1,2,14,12,6,6.0,1.0,0,0
LA SUISSE,2500000.0,1657.66,1508.0,2025-01-01,154.0,16234.0,1.34663071510795,103.789436674932,1 SWISS VIEW LA SUISSE SINGAPORE 288007,9.820715471095133,8.0,0,0,0,1,1,2,1.0,1.0,1,0
LA SUISSE,2780000.0,1657.66,1677.0,2025-01-01,154.0,18052.0,1.34663071510795,103.789436674932,1 SWISS VIEW LA SUISSE SINGAPORE 288007,9.820715471095133,8.0,0,0,0,1,1,2,1.0,1.0,1,0
VIVA,4220000.0,1528.49,2761.0,2025-01-01,142.0,29718.0,1.31565586377638,103.844444721095,2 SUFFOLK WALK VIVA SINGAPORE 307462,3.683877967605451,8.0,3,2,2,14,13,6,4.0,1.0,1,0
LINCOLN SUITES,3450000.0,1560.78,2210.0,2025-01-01,145.0,23793.0,1.31710864002609,103.842743087159,3 KHIANG GUAN AVENUE LINCOLN SUITES SINGAPORE 308381,3.881888940990309,8.0,3,2,3,14,13,7,2.0,1.0,1,0
AMARYLLIS VILLE,2000000.0,958.0,2088.0,2025-01-01,89.0,22472.0,1.31478233515073,103.841958399488,22 NEWTON ROAD AMARYLLIS VILLE SINGAPORE 307990,3.655547978307824,8.0,3,2,2,14,13,6,4.0,1.0,1,0
BUCKLEY CLASSIQUE,3150000.0,1399.32,2251.0,2025-01-01,130.0,24231.0,1.3179599892541,103.840328123302,11 BUCKLEY ROAD BUCKLEY CLASSIQUE SINGAPORE 309767,4.044031983866686,8.0,3,1,3,14,13,7,1.0,1.0,1,0
LA SUISSE,2630000.0,1657.66,1587.0,2025-01-01,154.0,17078.0,1.34663071510795,103.789436674932,1 SWISS VIEW LA SUISSE SINGAPORE 288007,9.820715471095133,8.0,0,0,0,1,1,2,1.0,1.0,1,0
368 THOMSON,3600000.0,1722.24,2090.0,2025-01-01,160.0,22500.0,1.3270913316471,103.841978573745,368 THOMSON ROAD 368 THOMSON SINGAPORE 298127,4.977697388092409,8.0,3,0,3,12,16,4,5.0,1.0,1,0
THE HUNTINGTON,2300000.0,1151.75,1997.0,2025-01-01,107.0,21495.0,1.31880224228412,103.845318707665,190 MOULMEIN ROAD THE HUNTINGTON SINGAPORE 308095,4.009000992775222,8.0,2,2,4,14,14,7,2.0,1.0,0,0
THE TREVOSE,1730000.0,968.76,1786.0,2025-01-01,90.0,19222.0,1.32302176043306,103.82529938582,60 TREVOSE CRESCENT THE TREVOSE SINGAPORE 298090,5.269266023284268,8.0,3,0,0,13,6,5,1.0,1.0,1,0
WATTEN HOUSE,6178000.0,1851.41,3337.0,2024-12-01,172.0,35919.0,1.32924471287251,103.81094165707,36 SHELFORD ROAD WATTEN HOUSE (U/C) SINGAPORE 288429,6.784008389875134,9.0,3,1,0,11,6,7,1.0,0.0,1,0
HILLCREST ARCADIA,2580000.0,1969.81,1310.0,2024-12-01,183.0,14098.0,1.33377798542711,103.808806606762,255 ARCADIA ROAD HILLCREST ARCADIA SINGAPORE 289850,7.319529262671842,9.0,1,0,0,9,6,5,2.0,1.0,1,0
NEWTON 21,2700000.0,1184.04,2280.0,2024-12-01,110.0,24545.0,1.31490075979298,103.840460862924,21 NEWTON ROAD NEWTON 21 SINGAPORE 307954,3.7173142928382856,9.0,3,1,2,14,12,6,2.0,1.0,0,0
L'VIV,1480000.0,656.6,2254.0,2024-12-01,61.0,24262.0,1.31544838531983,103.840354841468,23 NEWTON ROAD L'VIV SINGAPORE 307955,3.778505845346688,9.0,3,1,2,14,12,6,6.0,1.0,0,0
THE LINCOLN RESIDENCES,4100000.0,2088.22,1963.0,2024-12-01,194.0,21134.0,1.31537475902919,103.842399874258,28 SURREY ROAD THE LINCOLN RESIDENCES SINGAPORE 307762,3.70557482758304,9.0,3,2,2,14,13,6,6.0,1.0,1,0
LUCIDA,2368000.0,1323.97,1789.0,2024-12-01,123.0,19252.0,1.31464830253379,103.844819093226,2 SUFFOLK ROAD LUCIDA SINGAPORE 307780,3.566471950535546,9.0,4,2,2,14,11,6,4.0,1.0,0,0
SHELFORD REGENCY,2000000.0,925.7,2161.0,2024-12-01,86.0,23256.0,1.32659730501812,103.811332907782,65 SHELFORD ROAD SHELFORD REGENCY SINGAPORE 288455,6.53669061517323,9.0,3,1,0,13,7,8,1.0,1.0,1,0
L'VIV,2168000.0,990.29,2189.0,2024-12-01,92.0,23565.0,1.31544838531983,103.840354841468,23 NEWTON ROAD L'VIV SINGAPORE 307955,3.778505845346688,9.0,3,1,2,14,12,6,3.0,1.0,0,0
28 SHELFORD,1750000.0,839.59,2084.0,2024-12-01,78.0,22436.0,1.32930490165283,103.811999217829,28 SHELFORD ROAD 28 SHELFORD SINGAPORE 288422,6.712325789592847,9.0,3,1,0,11,7,7,1.0,1.0,0,0
L'VIV,1485000.0,656.6,2262.0,2024-12-01,61.0,24344.0,1.31544838531983,103.840354841468,23 NEWTON ROAD L'VIV SINGAPORE 307955,3.778505845346688,9.0,3,1,2,14,12,6,1.0,1.0,0,0
GOLDHILL TOWERS,3550000.0,1550.02,2290.0,2024-12-01,144.0,24653.0,1.32063427888985,103.833512083526,38 GOLDHILL AVENUE GOLDHILL TOWERS SINGAPORE 309021,4.594035889452083,9.0,4,0,0,14,8,3,2.0,1.0,0,0
AMARYLLIS VILLE,2020000.0,958.0,2109.0,2024-12-01,89.0,22697.0,1.31478233515073,103.841958399488,22 NEWTON ROAD AMARYLLIS VILLE SINGAPORE 307990,3.655547978307824,9.0,3,2,2,14,13,6,3.0,1.0,1,0
THE ARCADIA,4750000.0,3767.4,1261.0,2024-12-01,350.0,13571.0,1.33337474399547,103.811275631559,235 ARCADIA ROAD THE ARCADIA SINGAPORE 289843,7.111379394487015,9.0,1,0,0,9,6,5,2.0,1.0,1,0
PAVILION 11,3240000.0,1485.43,2181.0,2024-12-01,138.0,23478.0,1.32458602112842,103.848173371262,23 AKYAB ROAD PAVILION 11 SINGAPORE 309978,4.609115779437775,9.0,2,3,5,12,18,5,4.0,1.0,1,0
ROCHELLE AT NEWTON,3515456.0,1862.17,1888.0,2024-12-01,173.0,20321.0,1.31404425678498,103.841922909924,188 KENG LEE ROAD ROCHELLE AT NEWTON SINGAPORE 308414,3.578271566582672,9.0,3,2,2,14,11,6,5.0,1.0,1,0
NOVENA COURT,1370000.0,861.12,1591.0,2024-12-01,80.0,17125.0,1.32292732467511,103.842114483993,2E JALAN NOVENA BARAT NOVENA COURT SINGAPORE 308603,4.524348727321245,9.0,1,0,4,13,13,4,1.0,1.0,0,0
THOMSON 800,2658888.0,1399.32,1900.0,2024-12-01,130.0,20453.0,1.3411028334318,103.838741075921,808 THOMSON ROAD THOMSON 800 SINGAPORE 298190,6.567971581242121,9.0,4,1,0,13,13,2,3.0,1.0,1,0
SOLEIL @ SINARAN,2530000.0,1431.61,1767.0,2024-12-01,133.0,19023.0,1.31960020004528,103.845271738384,2 SINARAN DRIVE SOLEIL @ SINARAN SINGAPORE 307467,4.096964545722665,9.0,1,1,4,14,14,7,3.0,1.0,1,0
MANDALAY MANSION,2800000.0,2088.22,1341.0,2024-12-01,194.0,14433.0,1.3238494392232,103.849267497709,15 MINBU ROAD MANDALAY MANSION SINGAPORE 308166,4.521033989758252,9.0,2,3,5,12,17,4,2.0,1.0,0,0
MONTEBLEU,1560000.0,807.3,1932.0,2024-12-01,75.0,20800.0,1.32378273509884,103.850102052541,8 MINBU ROAD MONTEBLEU SINGAPORE 308162,4.510651977234295,9.0,1,3,4,12,18,4,5.0,1.0,1,0
THOMSON 800,2650000.0,1420.85,1865.0,2024-12-01,132.0,20076.0,1.3411028334318,103.838741075921,808 THOMSON ROAD THOMSON 800 SINGAPORE 298190,6.567971581242121,9.0,4,1,0,13,13,2,1.0,1.0,1,0
ADRIA,1190000.0,538.2,2211.0,2024-11-01,50.0,23800.0,1.3164463549549,103.846258551824,12 DERBYSHIRE ROAD ADRIA SINGAPORE 309466,3.735780917193752,10.0,3,2,2,14,13,7,3.0,1.0,0,0
SHELFORD SUITES,2700000.0,1442.38,1872.0,2024-11-01,134.0,20149.0,1.32660135432463,103.812654850327,16 SHELFORD ROAD SHELFORD SUITES SINGAPORE 288383,6.438582001199515,10.0,3,1,0,13,7,8,1.0,1.0,1,0
SHELFORD REGENCY,2650000.0,1280.92,2069.0,2024-11-01,119.0,22269.0,1.32659730501812,103.811332907782,65 SHELFORD ROAD SHELFORD REGENCY SINGAPORE 288455,6.53669061517323,10.0,3,1,0,13,7,8,1.0,1.0,1,0
WATTEN HOUSE,5090000.0,1539.25,3307.0,2024-11-01,143.0,35594.0,1.32924471287251,103.81094165707,36 SHELFORD ROAD WATTEN HOUSE (U/C) SINGAPORE 288429,6.784008389875134,10.0,3,1,0,11,6,7,1.0,0.0,1,0
PAVILION 11,3080000.0,1485.43,2073.0,2024-11-01,138.0,22319.0,1.32458602112842,103.848173371262,23 AKYAB ROAD PAVILION 11 SINGAPORE 309978,4.609115779437775,10.0,2,3,5,12,18,5,1.0,1.0,1,0
PAVILION 11,3200000.0,1485.43,2154.0,2024-11-01,138.0,23188.0,1.32458602112842,103.848173371262,23 AKYAB ROAD PAVILION 11 SINGAPORE 309978,4.609115779437775,10.0,2,3,5,12,18,5,6.0,1.0,1,0
THOMSON 800,2958000.0,1625.36,1820.0,2024-11-01,151.0,19589.0,1.3411028334318,103.838741075921,808 THOMSON ROAD THOMSON 800 SINGAPORE 298190,6.567971581242121,10.0,4,1,0,13,13,2,1.0,1.0,1,0
CUBE 8,1780000.0,925.7,1923.0,2024-11-01,86.0,20698.0,1.3283636088892,103.841418362322,376 THOMSON ROAD CUBE 8 SINGAPORE 298130,5.12816729630684,10.0,3,0,3,12,14,4,5.0,1.0,1,0
THE ARMADALE,1090000.0,645.84,1688.0,2024-11-01,60.0,18167.0,1.31856765330093,103.840268808403,60 GILSTEAD ROAD THE ARMADALE SINGAPORE 309104,4.1102218338608845,10.0,3,1,3,14,13,7,1.0,1.0,0,0
32 GILSTEAD,14440000.0,4208.72,3431.0,2024-11-01,391.0,36931.0,1.31763797210019,103.839239630907,32 GILSTEAD ROAD 32 GILSTEAD (U/C) SINGAPORE 309075,4.047542035442672,10.0,3,1,3,14,12,7,1.0,0.0,0,0
TRILIGHT,5010000.0,2098.98,2387.0,2024-11-01,195.0,25692.0,1.31447883237245,103.839899712589,7 NEWTON ROAD TRILIGHT SINGAPORE 307945,3.693489005647367,10.0,3,1,2,14,10,5,3.0,1.0,1,0
10 EVELYN,2264000.0,1162.51,1948.0,2024-11-01,108.0,20963.0,1.31615491830399,103.840533848314,10 EVELYN ROAD 10 EVELYN SINGAPORE 309312,3.846689837882823,10.0,3,1,2,14,13,8,1.0,1.0,0,0
AMARYLLIS VILLE,2600000.0,1237.86,2100.0,2024-11-01,115.0,22609.0,1.31478233515073,103.841958399488,22 NEWTON ROAD AMARYLLIS VILLE SINGAPORE 307990,3.655547978307824,10.0,3,2,2,14,13,6,3.0,1.0,1,0
MONTEBLEU,1660000.0,850.36,1952.0,2024-11-01,79.0,21013.0,1.32378273509884,103.850102052541,8 MINBU ROAD MONTEBLEU SINGAPORE 308162,4.510651977234295,10.0,1,3,4,12,18,4,4.0,1.0,1,0
THOMSON 800,2750000.0,1657.66,1659.0,2024-11-01,154.0,17857.0,1.3411028334318,103.838741075921,808 THOMSON ROAD THOMSON 800 SINGAPORE 298190,6.567971581242121,10.0,4,1,0,13,13,2,1.0,1.0,1,0
WATTEN HOUSE,5084000.0,1539.25,3303.0,2024-11-01,143.0,35552.0,1.32924471287251,103.81094165707,36 SHELFORD ROAD WATTEN HOUSE (U/C) SINGAPORE 288429,6.784008389875134,10.0,3,1,0,11,6,7,1.0,0.0,1,0
PARK INFINIA AT WEE NAM,1228000.0,559.73,2194.0,2024-11-01,52.0,23615.0,1.31441386999901,103.843291191875,2A LINCOLN ROAD PARK INFINIA AT WEE NAM SINGAPORE 308364,3.57796230174373,10.0,3,2,2,14,11,6,2.0,1.0,1,0
LINCOLN SUITES,1220000.0,473.62,2576.0,2024-11-01,44.0,27727.0,1.31710864002609,103.842743087159,3 KHIANG GUAN AVENUE LINCOLN SUITES SINGAPORE 308381,3.881888940990309,10.0,3,2,3,14,13,7,6.0,1.0,1,0
NOVENA SUITES,1427380.0,667.37,2139.0,2024-11-01,62.0,23022.0,1.32005187342709,103.852519734445,201 BALESTIER ROAD HOLIDAY INN EXPRESS & SUITES SINGAPORE NOVENA SINGAPORE 329926,4.100494883617021,10.0,2,3,1,13,16,3,3.0,1.0,0,0
TRILIGHT,2980000.0,1194.8,2494.0,2024-11-01,111.0,26847.0,1.31447883237245,103.839899712589,7 NEWTON ROAD TRILIGHT SINGAPORE 307945,3.693489005647367,10.0,3,1,2,14,10,5,6.0,1.0,1,0
THE TREVOSE,3330000.0,2701.76,1233.0,2024-11-01,251.0,13267.0,1.32302176043306,103.82529938582,60 TREVOSE CRESCENT THE TREVOSE SINGAPORE 298090,5.269266023284268,10.0,3,0,0,13,6,5,1.0,1.0,1,0
NOVENA SUITES,1280000.0,667.37,1918.0,2024-11-01,62.0,20645.0,1.32005187342709,103.852519734445,201 BALESTIER ROAD HOLIDAY INN EXPRESS & SUITES SINGAPORE NOVENA SINGAPORE 329926,4.100494883617021,10.0,2,3,1,13,16,3,3.0,1.0,0,0
THE LINCOLN MODERN,2800000.0,1377.79,2032.0,2024-11-01,128.0,21875.0,1.31532312585557,103.843055868846,20 LINCOLN ROAD THE LINCOLN MODERN SINGAPORE 308353,3.681849969048285,10.0,3,2,2,14,13,6,2.0,1.0,0,0
ROCHELLE AT NEWTON,2740000.0,1539.25,1780.0,2024-11-01,143.0,19161.0,1.31404425678498,103.841922909924,188 KENG LEE ROAD ROCHELLE AT NEWTON SINGAPORE 308414,3.578271566582672,10.0,3,2,2,14,11,6,4.0,1.0,1,0
TRILIGHT,4860000.0,2098.98,2315.0,2024-11-01,195.0,24923.0,1.31447883237245,103.839899712589,7 NEWTON ROAD TRILIGHT SINGAPORE 307945,3.693489005647367,10.0,3,1,2,14,10,5,5.0,1.0,1,0
ZEDGE,1020000.0,656.6,1553.0,2024-11-01,61.0,16721.0,1.32242172407521,103.848172032797,2 AKYAB ROAD ZEDGE SINGAPORE 309973,4.370398222376426,10.0,1,3,4,12,14,7,3.0,1.0,0,0
SHELFORD SUITES,1820000.0,893.41,2037.0,2024-11-01,83.0,21928.0,1.32660135432463,103.812654850327,16 SHELFORD ROAD SHELFORD SUITES SINGAPORE 288383,6.438582001199515,10.0,3,1,0,13,7,8,1.0,1.0,1,0
ADAM PARK CONDOMINIUM,1930000.0,958.0,2015.0,2024-11-01,89.0,21685.0,1.32804489589413,103.813395586111,27A ADAM ROAD ADAM PARK CONDOMINIUM SINGAPORE 289900,6.5056226819707295,10.0,3,1,0,13,7,8,1.0,1.0,1,0
DERBYSHIRE HEIGHTS,2300000.0,1291.68,1781.0,2024-11-01,120.0,19167.0,1.31612341185444,103.845518779011,3 DERBYSHIRE ROAD DERBYSHIRE HEIGHTS SINGAPORE 309459,3.7130675479522552,10.0,3,2,2,14,13,7,2.0,1.0,0,0
MONTEBLEU,1600000.0,850.36,1882.0,2024-11-01,79.0,20253.0,1.32378273509884,103.850102052541,8 MINBU ROAD MONTEBLEU SINGAPORE 308162,4.510651977234295,10.0,1,3,4,12,18,4,2.0,1.0,1,0
STRATA,1700000.0,839.59,2025.0,2024-10-01,78.0,21795.0,1.31740976334811,103.844913840423,1 ESSEX ROAD STRATA SINGAPORE 309329,3.864673219206803,11.0,3,2,3,14,14,7,2.0,1.0,0,0
THE LINCOLN RESIDENCES,3000000.0,1367.03,2195.0,2024-10-01,127.0,23622.0,1.31537475902919,103.842399874258,28 SURREY ROAD THE LINCOLN RESIDENCES SINGAPORE 307762,3.70557482758304,11.0,3,2,2,14,13,6,2.0,1.0,1,0
PARK INFINIA AT WEE NAM,5000000.0,2755.58,1814.0,2024-10-01,256.0,19531.0,1.31441386999901,103.843291191875,2A LINCOLN ROAD PARK INFINIA AT WEE NAM SINGAPORE 308364,3.57796230174373,11.0,3,2,2,14,11,6,6.0,1.0,1,0
ENG AUN MANSION,1460000.0,1001.05,1458.0,2024-10-01,93.0,15699.0,1.32375032517822,103.842119363653,322 THOMSON ROAD ENG AUN MANSION SINGAPORE 307665,4.613078068976608,11.0,2,0,4,13,13,5,1.0,1.0,0,0
WATTEN HOUSE,5022000.0,1539.25,3263.0,2024-10-01,143.0,35119.0,1.32924471287251,103.81094165707,36 SHELFORD ROAD WATTEN HOUSE (U/C) SINGAPORE 288429,6.784008389875134,11.0,3,1,0,11,6,7,1.0,0.0,1,0
LINCOLN SUITES,1185000.0,484.38,2446.0,2024-10-01,45.0,26333.0,1.31710864002609,103.842743087159,3 KHIANG GUAN AVENUE LINCOLN SUITES SINGAPORE 308381,3.881888940990309,11.0,3,2,3,14,13,7,6.0,1.0,1,0
THOMSON EURO-ASIA,2000000.0,947.23,2111.0,2024-10-01,88.0,22727.0,1.31805872665983,103.844682051372,150 THOMSON ROAD THOMSON EURO-ASIA SINGAPORE 307605,3.9398634725298134,11.0,3,2,3,14,14,7,5.0,1.0,1,0
368 THOMSON,1608000.0,871.88,1844.0,2024-10-01,81.0,19852.0,1.3270913316471,103.841978573745,368 THOMSON ROAD 368 THOMSON SINGAPORE 298127,4.977697388092409,11.0,3,0,3,12,16,4,2.0,1.0,1,0
THE GLYNDEBOURNE,2940000.0,1453.14,2023.0,2024-10-01,135.0,21778.0,1.32222533352038,103.823597825035,38 TREVOSE CRESCENT THE GLYNDEBOURNE SINGAPORE 297722,5.30213333703159,11.0,4,0,0,14,6,4,1.0,1.0,1,0
8 BASSEIN,858000.0,452.09,1898.0,2024-10-01,42.0,20429.0,1.32353748014389,103.848108217465,8 BASSEIN ROAD 8 BASSEIN SINGAPORE 309838,4.493964280091297,11.0,2,3,5,12,14,6,3.0,1.0,0,0
NOVENA SUITES,2170000.0,947.23,2291.0,2024-10-01,88.0,24659.0,1.32005187342709,103.852519734445,201 BALESTIER ROAD HOLIDAY INN EXPRESS & SUITES SINGAPORE NOVENA SINGAPORE 329926,4.100494883617021,11.0,2,3,1,13,16,3,3.0,1.0,0,0
L'VIV,1470000.0,656.6,2239.0,2024-10-01,61.0,24098.0,1.31544838531983,103.840354841468,23 NEWTON ROAD L'VIV SINGAPORE 307955,3.778505845346688,11.0,3,1,2,14,12,6,2.0,1.0,0,0
368 THOMSON,1650000.0,871.88,1892.0,2024-10-01,81.0,20370.0,1.3270913316471,103.841978573745,368 THOMSON ROAD 368 THOMSON SINGAPORE 298127,4.977697388092409,11.0,3,0,3,12,16,4,3.0,1.0,1,0
THE SHELFORD,3080000.0,1184.04,2601.0,2024-10-01,110.0,28000.0,1.32561376215123,103.810731205358,1E SHELFORD ROAD THE SHELFORD SINGAPORE 286890,6.502869662773255,11.0,4,1,0,12,7,8,1.0,1.0,1,0
PARK INFINIA AT WEE NAM,3570000.0,1463.9,2439.0,2024-10-01,136.0,26250.0,1.31441386999901,103.843291191875,2A LINCOLN ROAD PARK INFINIA AT WEE NAM SINGAPORE 308364,3.57796230174373,11.0,3,2,2,14,11,6,1.0,1.0,1,0
ROCHELLE AT NEWTON,3450000.0,1743.77,1978.0,2024-10-01,162.0,21296.0,1.31404425678498,103.841922909924,188 KENG LEE ROAD ROCHELLE AT NEWTON SINGAPORE 308414,3.578271566582672,11.0,3,2,2,14,11,6,5.0,1.0,1,0
THE ANSLEY,2540000.0,1302.44,1950.0,2024-10-01,121.0,20992.0,1.32327434333138,103.848835015461,33 MANDALAY ROAD THE ANSLEY SINGAPORE 308214,4.459842710119622,11.0,1,3,5,12,15,6,3.0,1.0,1,0
NOVENA HILL,1050000.0,656.6,1599.0,2024-10-01,61.0,17213.0,1.32376633231593,103.843393016962,33A JALAN NOVENA NOVENA HILL SINGAPORE 308651,4.58654015401076,11.0,1,0,4,12,14,5,1.0,1.0,0,0
DUNEARN SUITES,950000.0,419.8,2263.0,2024-10-01,39.0,24359.0,1.32473351341035,103.810724749056,404 DUNEARN ROAD DUNEARN SUITES SINGAPORE 289609,6.433192326543688,11.0,4,1,0,13,7,8,1.0,1.0,0,0
6 DERBYSHIRE,1723888.0,828.83,2080.0,2024-10-01,77.0,22388.0,1.31568172551155,103.845880417376,6 DERBYSHIRE ROAD 6 DERBYSHIRE SINGAPORE 309462,3.6584167943606625,11.0,3,2,2,14,13,6,4.0,1.0,1,0
SUFFOLK PREMIER,1800000.0,1076.4,1672.0,2024-10-01,100.0,18000.0,1.31424399792716,103.844686730014,3 SUFFOLK ROAD SUFFOLK PREMIER SINGAPORE 307781,3.5255221806794355,11.0,4,2,2,14,10,6,2.0,1.0,0,0
ROCHELLE AT NEWTON,3200000.0,1743.77,1835.0,2024-10-01,162.0,19753.0,1.31404425678498,103.841922909924,188 KENG LEE ROAD ROCHELLE AT NEWTON SINGAPORE 308414,3.578271566582672,11.0,3,2,2,14,11,6,5.0,1.0,1,0
MIRO,3500000.0,1959.05,1787.0,2024-10-01,182.0,19231.0,1.31393361941559,103.842380394708,1 LINCOLN ROAD MIRO SINGAPORE 308365,3.5524517086546736,11.0,3,2,2,14,11,6,4.0,1.0,0,0
EVELYN MANSIONS,1728000.0,839.59,2058.0,2024-10-01,78.0,22154.0,1.31649465009912,103.839103883927,20 EVELYN ROAD EVELYN MANSIONS SINGAPORE 309309,3.933183708587904,11.0,3,1,2,14,12,7,2.0,1.0,0,0
NEWTON SUITES,2600000.0,1237.86,2100.0,2024-10-01,115.0,22609.0,1.31780091416565,103.842313806169,60 NEWTON ROAD NEWTON SUITES SINGAPORE 307994,3.967671598329251,11.0,3,2,3,14,13,7,4.0,1.0,0,0
CUBE 8,2700000.0,1334.74,2023.0,2024-10-01,124.0,21774.0,1.3283636088892,103.841418362322,376 THOMSON ROAD CUBE 8 SINGAPORE 298130,5.12816729630684,11.0,3,0,3,12,14,4,6.0,1.0,1,0
10 EVELYN,1478000.0,495.14,2985.0,2024-10-01,46.0,32130.0,1.31615491830399,103.840533848314,10 EVELYN ROAD 10 EVELYN SINGAPORE 309312,3.846689837882823,11.0,3,1,2,14,13,8,1.0,1.0,0,0
THE ARCADIA,4600000.0,3778.16,1218.0,2024-10-01,351.0,13105.0,1.33337474399547,103.811275631559,235 ARCADIA ROAD THE ARCADIA SINGAPORE 289843,7.111379394487015,11.0,1,0,0,9,6,5,1.0,1.0,1,0
NOVENA REGENCY,905000.0,495.14,1828.0,2024-10-01,46.0,19674.0,1.32114652933088,103.841550400671,275 THOMSON ROAD NOVENA REGENCY SINGAPORE 307645,4.347171027644938,11.0,2,0,4,14,13,6,1.0,1.0,0,0
SKY@ELEVEN,5888000.0,2820.17,2088.0,2024-10-01,262.0,22473.0,1.33127079751604,103.841021896647,7 THOMSON LANE SKY@ELEVEN SINGAPORE 297725,5.451828930281204,11.0,4,1,3,12,15,2,2.0,1.0,1,0
ZEDGE,890000.0,484.38,1837.0,2024-10-01,45.0,19778.0,1.32242172407521,103.848172032797,2 AKYAB ROAD ZEDGE SINGAPORE 309973,4.370398222376426,11.0,1,3,4,12,14,7,2.0,1.0,0,0
SANCTUARY@NEWTON,2804500.0,1054.87,2659.0,2024-10-01,98.0,28617.0,1.31602422236802,103.84157165109,2 SURREY ROAD SANCTUARY@NEWTON (U/C) SINGAPORE 307742,3.799414011967981,11.0,3,2,2,14,13,7,2.0,0.0,0,0
WATTEN HOUSE,5165000.0,1539.25,3356.0,2024-10-01,143.0,36119.0,1.32924471287251,103.81094165707,36 SHELFORD ROAD WATTEN HOUSE (U/C) SINGAPORE 288429,6.784008389875134,11.0,3,1,0,11,6,7,1.0,0.0,1,0
THE LINCOLN MODERN,2220000.0,1108.69,2002.0,2024-10-01,103.0,21553.0,1.31532312585557,103.843055868846,20 LINCOLN ROAD THE LINCOLN MODERN SINGAPORE 308353,3.681849969048285,11.0,3,2,2,14,13,6,5.0,1.0,0,0
THE ANSLEY,2530000.0,1280.92,1975.0,2024-10-01,119.0,21261.0,1.32327434333138,103.848835015461,33 MANDALAY ROAD THE ANSLEY SINGAPORE 308214,4.459842710119622,11.0,1,3,5,12,15,6,4.0,1.0,1,0
THE LINCOLN MODERN,2600000.0,1410.08,1844.0,2024-10-01,131.0,19847.0,1.31532312585557,103.843055868846,20 LINCOLN ROAD THE LINCOLN MODERN SINGAPORE 308353,3.681849969048285,11.0,3,2,2,14,13,6,2.0,1.0,0,0
THE TREVOSE,3068000.0,1733.0,1770.0,2024-10-01,161.0,19056.0,1.32302176043306,103.82529938582,60 TREVOSE CRESCENT THE TREVOSE SINGAPORE 298090,5.269266023284268,11.0,3,0,0,13,6,5,1.0,1.0,1,0
PULLMAN RESIDENCES NEWTON,3950000.0,1377.79,2867.0,2024-10-01,128.0,30859.0,1.31467262956125,103.839010845653,"18 DUNEARN ROAD PULLMAN RESIDENCES, NEWTON SINGAPORE 309421",3.747758902511321,11.0,3,1,2,14,10,6,2.0,,0,0
L'VIV,2250000.0,1001.05,2248.0,2024-10-01,93.0,24194.0,1.31544838531983,103.840354841468,23 NEWTON ROAD L'VIV SINGAPORE 307955,3.778505845346688,11.0,3,1,2,14,12,6,3.0,1.0,0,0
GILSTEAD TWO,2100000.0,904.18,2323.0,2024-09-01,84.0,25000.0,1.31496035037871,103.838459402687,2 GILSTEAD ROAD GILSTEAD TWO SINGAPORE 309061,3.799617052654486,12.0,3,1,3,14,10,6,6.0,1.0,0,0
HILLCREST ARCADIA,2420000.0,1797.59,1346.0,2024-09-01,167.0,14491.0,1.33377798542711,103.808806606762,255 ARCADIA ROAD HILLCREST ARCADIA SINGAPORE 289850,7.319529262671842,12.0,1,0,0,9,6,5,3.0,1.0,1,0
SOLEIL @ SINARAN,2590000.0,1097.93,2359.0,2024-09-01,102.0,25392.0,1.31960020004528,103.845271738384,2 SINARAN DRIVE SOLEIL @ SINARAN SINGAPORE 307467,4.096964545722665,12.0,1,1,4,14,14,7,7.0,1.0,1,0
NOVENA COURT,1390000.0,861.12,1614.0,2024-09-01,80.0,17375.0,1.32292732467511,103.842114483993,2E JALAN NOVENA BARAT NOVENA COURT SINGAPORE 308603,4.524348727321245,12.0,1,0,4,13,13,4,1.0,1.0,0,0
SUFFOLK PREMIER,1800000.0,1076.4,1672.0,2024-09-01,100.0,18000.0,1.31424399792716,103.844686730014,3 SUFFOLK ROAD SUFFOLK PREMIER SINGAPORE 307781,3.5255221806794355,12.0,4,2,2,14,10,6,2.0,1.0,0,0
AMARYLLIS VILLE,2620000.0,1259.39,2080.0,2024-09-01,117.0,22393.0,1.31478233515073,103.841958399488,22 NEWTON ROAD AMARYLLIS VILLE SINGAPORE 307990,3.655547978307824,12.0,3,2,2,14,13,6,3.0,1.0,1,0
WATTEN HOUSE,5084000.0,1539.25,3303.0,2024-09-01,143.0,35552.0,1.32924471287251,103.81094165707,36 SHELFORD ROAD WATTEN HOUSE (U/C) SINGAPORE 288429,6.784008389875134,12.0,3,1,0,11,6,7,1.0,0.0,1,0
PARK INFINIA AT WEE NAM,2550000.0,1001.05,2547.0,2024-09-01,93.0,27419.0,1.31441386999901,103.843291191875,2A LINCOLN ROAD PARK INFINIA AT WEE NAM SINGAPORE 308364,3.57796230174373,12.0,3,2,2,14,11,6,5.0,1.0,1,0
BUCKLEY 18,4000000.0,1754.53,2280.0,2024-09-01,163.0,24540.0,1.31829562143795,103.841063256174,18 BUCKLEY ROAD BUCKLEY 18 SINGAPORE 309776,4.056458908595856,12.0,3,1,3,14,13,8,1.0,1.0,0,0
BUCKLEY CLASSIQUE,3350000.0,1410.08,2376.0,2024-09-01,131.0,25573.0,1.3179599892541,103.840328123302,11 BUCKLEY ROAD BUCKLEY CLASSIQUE SINGAPORE 309767,4.044031983866686,12.0,3,1,3,14,13,7,1.0,1.0,1,0
GILSTEAD TWO,1750000.0,775.01,2258.0,2024-09-01,72.0,24306.0,1.31496035037871,103.838459402687,2 GILSTEAD ROAD GILSTEAD TWO SINGAPORE 309061,3.799617052654486,12.0,3,1,3,14,10,6,3.0,1.0,0,0
THE GLYNDEBOURNE,2420000.0,1054.87,2294.0,2024-09-01,98.0,24694.0,1.32222533352038,103.823597825035,38 TREVOSE CRESCENT THE GLYNDEBOURNE SINGAPORE 297722,5.30213333703159,12.0,4,0,0,14,6,4,1.0,1.0,1,0
L'VIV,1470000.0,656.6,2239.0,2024-09-01,61.0,24098.0,1.31544838531983,103.840354841468,23 NEWTON ROAD L'VIV SINGAPORE 307955,3.778505845346688,12.0,3,1,2,14,12,6,4.0,1.0,0,0
NEWTON 18,2100000.0,979.52,2144.0,2024-09-01,91.0,23077.0,1.31429426375311,103.841150697585,18 NEWTON ROAD NEWTON 18 SINGAPORE 307989,3.6298212404791177,12.0,3,1,2,14,10,6,2.0,1.0,0,0
SOLEIL @ SINARAN,1200000.0,581.26,2064.0,2024-09-01,54.0,22222.0,1.31960020004528,103.845271738384,2 SINARAN DRIVE SOLEIL @ SINARAN SINGAPORE 307467,4.096964545722665,12.0,1,1,4,14,14,7,7.0,1.0,1,0
CUBE 8,1650888.0,893.41,1848.0,2024-09-01,83.0,19890.0,1.3283636088892,103.841418362322,376 THOMSON ROAD CUBE 8 SINGAPORE 298130,5.12816729630684,12.0,3,0,3,12,14,4,2.0,1.0,1,0
VIVA,3350000.0,1345.5,2490.0,2024-09-01,125.0,26800.0,1.31565586377638,103.844444721095,2 SUFFOLK WALK VIVA SINGAPORE 307462,3.683877967605451,12.0,3,2,2,14,13,6,2.0,1.0,1,0
TRILIGHT,4850000.0,2098.98,2311.0,2024-09-01,195.0,24872.0,1.31447883237245,103.839899712589,7 NEWTON ROAD TRILIGHT SINGAPORE 307945,3.693489005647367,12.0,3,1,2,14,10,5,5.0,1.0,1,0
THE GLYNDEBOURNE,2390000.0,1054.87,2266.0,2024-09-01,98.0,24388.0,1.32222533352038,103.823597825035,38 TREVOSE CRESCENT THE GLYNDEBOURNE SINGAPORE 297722,5.30213333703159,12.0,4,0,0,14,6,4,1.0,1.0,1,0
THE ANSLEY,2530000.0,1302.44,1943.0,2024-09-01,121.0,20909.0,1.32327434333138,103.848835015461,33 MANDALAY ROAD THE ANSLEY SINGAPORE 308214,4.459842710119622,12.0,1,3,5,12,15,6,5.0,1.0,1,0
THE TREVOSE,2250000.0,1280.92,1757.0,2024-09-01,119.0,18908.0,1.32302176043306,103.82529938582,60 TREVOSE CRESCENT THE TREVOSE SINGAPORE 298090,5.269266023284268,12.0,3,0,0,13,6,5,1.0,1.0,1,0
CUBE 8,1635000.0,904.18,1808.0,2024-09-01,84.0,19464.0,1.3283636088892,103.841418362322,376 THOMSON ROAD CUBE 8 SINGAPORE 298130,5.12816729630684,12.0,3,0,3,12,14,4,2.0,1.0,1,0
THE ANSLEY,2486000.0,1280.92,1941.0,2024-09-01,119.0,20891.0,1.32327434333138,103.848835015461,33 MANDALAY ROAD THE ANSLEY SINGAPORE 308214,4.459842710119622,12.0,1,3,5,12,15,6,2.0,1.0,1,0
10 EVELYN,2056483.0,731.95,2810.0,2024-09-01,68.0,30242.0,1.31615491830399,103.840533848314,10 EVELYN ROAD 10 EVELYN SINGAPORE 309312,3.846689837882823,12.0,3,1,2,14,13,8,1.0,0.0,0,0
26 NEWTON,1088000.0,484.38,2246.0,2024-09-01,45.0,24178.0,1.3156928164724,103.841615456446,26 NEWTON ROAD 26 NEWTON SINGAPORE 307957,3.762851610410245,12.0,3,2,2,14,13,6,5.0,1.0,0,0
NOVENA REGENCY,2680888.0,1571.54,1706.0,2024-09-01,146.0,18362.0,1.32114652933088,103.841550400671,275 THOMSON ROAD NOVENA REGENCY SINGAPORE 307645,4.347171027644938,12.0,2,0,4,14,13,6,1.0,1.0,0,0
NEWTON ONE,4608000.0,1915.99,2405.0,2024-09-01,178.0,25888.0,1.31404986796426,103.839452778834,1 NEWTON ROAD NEWTON ONE SINGAPORE 307943,3.665961575873588,12.0,3,1,3,14,10,5,6.0,1.0,1,0
ROCHELLE AT NEWTON,2600000.0,1356.26,1917.0,2024-09-01,126.0,20635.0,1.31404425678498,103.841922909924,188 KENG LEE ROAD ROCHELLE AT NEWTON SINGAPORE 308414,3.578271566582672,12.0,3,2,2,14,11,6,4.0,1.0,1,0
32 GILSTEAD,14713000.0,4197.96,3505.0,2024-08-01,390.0,37726.0,1.31763797210019,103.839239630907,32 GILSTEAD ROAD 32 GILSTEAD (U/C) SINGAPORE 309075,4.047542035442672,13.0,3,1,3,14,12,7,1.0,0.0,0,0
WATTEN HOUSE,4976000.0,1539.25,3233.0,2024-08-01,143.0,34797.0,1.32924471287251,103.81094165707,36 SHELFORD ROAD WATTEN HOUSE (U/C) SINGAPORE 288429,6.784008389875134,13.0,3,1,0,11,6,7,1.0,0.0,1,0
WATTEN HOUSE,6047000.0,1851.41,3266.0,2024-08-01,172.0,35157.0,1.32924471287251,103.81094165707,36 SHELFORD ROAD WATTEN HOUSE (U/C) SINGAPORE 288429,6.784008389875134,13.0,3,1,0,11,6,7,1.0,0.0,1,0
SOLEIL @ SINARAN,2530000.0,1463.9,1728.0,2024-08-01,136.0,18603.0,1.31960020004528,103.845271738384,2 SINARAN DRIVE SOLEIL @ SINARAN SINGAPORE 307467,4.096964545722665,13.0,1,1,4,14,14,7,5.0,1.0,1,0
MIRO,2080000.0,1248.62,1666.0,2024-08-01,116.0,17931.0,1.31393361941559,103.842380394708,1 LINCOLN ROAD MIRO SINGAPORE 308365,3.5524517086546736,13.0,3,2,2,14,11,6,5.0,1.0,0,0
PARK INFINIA AT WEE NAM,2420000.0,1001.05,2417.0,2024-08-01,93.0,26022.0,1.31441386999901,103.843291191875,2A LINCOLN ROAD PARK INFINIA AT WEE NAM SINGAPORE 308364,3.57796230174373,13.0,3,2,2,14,11,6,4.0,1.0,1,0
TRILIGHT,5000000.0,2109.74,2370.0,2024-08-01,196.0,25510.0,1.31447883237245,103.839899712589,7 NEWTON ROAD TRILIGHT SINGAPORE 307945,3.693489005647367,13.0,3,1,2,14,10,5,4.0,1.0,1,0
6 DERBYSHIRE,988000.0,473.62,2086.0,2024-08-01,44.0,22455.0,1.31568172551155,103.845880417376,6 DERBYSHIRE ROAD 6 DERBYSHIRE SINGAPORE 309462,3.6584167943606625,13.0,3,2,2,14,13,6,5.0,1.0,1,0
PARK INFINIA AT WEE NAM,2300000.0,893.41,2574.0,2024-08-01,83.0,27711.0,1.31441386999901,103.843291191875,2A LINCOLN ROAD PARK INFINIA AT WEE NAM SINGAPORE 308364,3.57796230174373,13.0,3,2,2,14,11,6,4.0,1.0,1,0
VILLA DES FLORES,2100000.0,1388.56,1512.0,2024-08-01,129.0,16279.0,1.32477895626053,103.837103239546,125 WHITLEY ROAD VILLA DES FLORES SINGAPORE 297820,4.871710406887163,13.0,2,0,2,12,10,4,1.0,1.0,1,0
NEWTON 18,2038000.0,925.7,2202.0,2024-08-01,86.0,23698.0,1.31429426375311,103.841150697585,18 NEWTON ROAD NEWTON 18 SINGAPORE 307989,3.6298212404791177,13.0,3,1,2,14,10,6,6.0,1.0,0,0
TRILIGHT,4720000.0,2098.98,2249.0,2024-08-01,195.0,24205.0,1.31447883237245,103.839899712589,7 NEWTON ROAD TRILIGHT SINGAPORE 307945,3.693489005647367,13.0,3,1,2,14,10,5,2.0,1.0,1,0
WATTEN HOUSE,4956000.0,1539.25,3220.0,2024-08-01,143.0,34657.0,1.32924471287251,103.81094165707,36 SHELFORD ROAD WATTEN HOUSE (U/C) SINGAPORE 288429,6.784008389875134,13.0,3,1,0,11,6,7,1.0,0.0,1,0
SOLEIL @ SINARAN,2500300.0,1453.14,1721.0,2024-08-01,135.0,18521.0,1.31960020004528,103.845271738384,2 SINARAN DRIVE SOLEIL @ SINARAN SINGAPORE 307467,4.096964545722665,13.0,1,1,4,14,14,7,5.0,1.0,1,0
PULLMAN RESIDENCES NEWTON,2050000.0,667.37,3072.0,2024-08-01,62.0,33065.0,1.31467262956125,103.839010845653,"18 DUNEARN ROAD PULLMAN RESIDENCES, NEWTON SINGAPORE 309421",3.747758902511321,13.0,3,1,2,14,10,6,2.0,,0,0
ROCHELLE AT NEWTON,2600000.0,1356.26,1917.0,2024-08-01,126.0,20635.0,1.31404425678498,103.841922909924,188 KENG LEE ROAD ROCHELLE AT NEWTON SINGAPORE 308414,3.578271566582672,13.0,3,2,2,14,11,6,3.0,1.0,1,0
IRIDIUM,1928000.0,1065.64,1809.0,2024-08-01,99.0,19475.0,1.31513812749678,103.842640203235,11 LINCOLN ROAD IRIDIUM SINGAPORE 308349,3.673438389333036,13.0,3,2,2,14,13,6,1.0,1.0,0,0
THE TREVOSE,3360000.0,1894.46,1774.0,2024-08-01,176.0,19091.0,1.32302176043306,103.82529938582,60 TREVOSE CRESCENT THE TREVOSE SINGAPORE 298090,5.269266023284268,13.0,3,0,0,13,6,5,1.0,1.0,1,0
HILLCREST ARCADIA,980000.0,958.0,1023.0,2024-08-01,89.0,11011.0,1.33377798542711,103.808806606762,255 ARCADIA ROAD HILLCREST ARCADIA SINGAPORE 289850,7.319529262671842,13.0,1,0,0,9,6,5,1.0,1.0,1,0
THE GLYNDEBOURNE,4790000.0,1991.34,2405.0,2024-08-01,185.0,25892.0,1.32222533352038,103.823597825035,38 TREVOSE CRESCENT THE GLYNDEBOURNE SINGAPORE 297722,5.30213333703159,13.0,4,0,0,14,6,4,1.0,1.0,1,0
DERBYSHIRE HEIGHTS,2240000.0,1323.97,1692.0,2024-08-01,123.0,18211.0,1.31612341185444,103.845518779011,3 DERBYSHIRE ROAD DERBYSHIRE HEIGHTS SINGAPORE 309459,3.7130675479522552,13.0,3,2,2,14,13,7,3.0,1.0,0,0
NEWTON 18,2089000.0,925.7,2257.0,2024-08-01,86.0,24291.0,1.31429426375311,103.841150697585,18 NEWTON ROAD NEWTON 18 SINGAPORE 307989,3.6298212404791177,13.0,3,1,2,14,10,6,6.0,1.0,0,0
NEWTON SUITES,1750000.0,796.54,2197.0,2024-08-01,74.0,23649.0,1.31780091416565,103.842313806169,60 NEWTON ROAD NEWTON SUITES SINGAPORE 307994,3.967671598329251,13.0,3,2,3,14,13,7,6.0,1.0,0,0
WATTEN HOUSE,4956000.0,1539.25,3220.0,2024-08-01,143.0,34657.0,1.32924471287251,103.81094165707,36 SHELFORD ROAD WATTEN HOUSE (U/C) SINGAPORE 288429,6.784008389875134,13.0,3,1,0,11,6,7,1.0,0.0,1,0
TEN @ SUFFOLK,3510000.0,2195.86,1598.0,2024-08-01,204.0,17206.0,1.3145899979855,103.844453396673,10 SUFFOLK ROAD TEN @ SUFFOLK SINGAPORE 307786,3.5682333304887677,13.0,4,2,2,14,12,6,3.0,1.0,0,0
NEWTON ONE,2700000.0,1216.33,2220.0,2024-08-01,113.0,23894.0,1.31404986796426,103.839452778834,1 NEWTON ROAD NEWTON ONE SINGAPORE 307943,3.665961575873588,13.0,3,1,3,14,10,5,2.0,1.0,1,0
ADRIA,1150000.0,538.2,2137.0,2024-08-01,50.0,23000.0,1.3164463549549,103.846258551824,12 DERBYSHIRE ROAD ADRIA SINGAPORE 309466,3.735780917193752,13.0,3,2,2,14,13,7,2.0,1.0,0,0
WATTEN HOUSE,6135000.0,1851.41,3314.0,2024-08-01,172.0,35669.0,1.32924471287251,103.81094165707,36 SHELFORD ROAD WATTEN HOUSE (U/C) SINGAPORE 288429,6.784008389875134,13.0,3,1,0,11,6,7,1.0,0.0,1,0
ADAM PARK CONDOMINIUM,1790000.0,893.41,2004.0,2024-08-01,83.0,21566.0,1.32804489589413,103.813395586111,27A ADAM ROAD ADAM PARK CONDOMINIUM SINGAPORE 289900,6.5056226819707295,13.0,3,1,0,13,7,8,1.0,1.0,1,0
THE SHELFORD,3490000.0,1603.84,2176.0,2024-08-01,149.0,23423.0,1.32561376215123,103.810731205358,1E SHELFORD ROAD THE SHELFORD SINGAPORE 286890,6.502869662773255,13.0,4,1,0,12,7,8,1.0,1.0,1,0
THOMSON 800,2590000.0,1431.61,1809.0,2024-08-01,133.0,19474.0,1.3411028334318,103.838741075921,808 THOMSON ROAD THOMSON 800 SINGAPORE 298190,6.567971581242121,13.0,4,1,0,13,13,2,1.0,1.0,1,0
SUITES @ SHREWSBURY,700000.0,365.98,1913.0,2024-08-01,34.0,20588.0,1.31819899592367,103.848906082215,84 SHREWSBURY ROAD SUITES @ SHREWSBURY SINGAPORE 307842,3.899093640567353,13.0,2,3,2,14,13,7,1.0,1.0,0,0
LUCIDA,1065000.0,624.31,1706.0,2024-08-01,58.0,18362.0,1.31464830253379,103.844819093226,2 SUFFOLK ROAD LUCIDA SINGAPORE 307780,3.566471950535546,13.0,4,2,2,14,11,6,2.0,1.0,0,0
368 THOMSON,1630000.0,882.65,1847.0,2024-08-01,82.0,19878.0,1.3270913316471,103.841978573745,368 THOMSON ROAD 368 THOMSON SINGAPORE 298127,4.977697388092409,13.0,3,0,3,12,16,4,3.0,1.0,1,0
THOMSON 800,2938000.0,1625.36,1808.0,2024-08-01,151.0,19457.0,1.3411028334318,103.838741075921,808 THOMSON ROAD THOMSON 800 SINGAPORE 298190,6.567971581242121,13.0,4,1,0,13,13,2,2.0,1.0,1,0
AMARYLLIS VILLE,2500000.0,1259.39,1985.0,2024-08-01,117.0,21368.0,1.31478233515073,103.841958399488,22 NEWTON ROAD AMARYLLIS VILLE SINGAPORE 307990,3.655547978307824,13.0,3,2,2,14,13,6,1.0,1.0,1,0
SUITES @ NEWTON,1088000.0,559.73,1944.0,2024-08-01,52.0,20923.0,1.31640035574617,103.841671833933,1 SURREY ROAD SUITES @ NEWTON SINGAPORE 307740,3.8363724273902986,13.0,3,2,2,14,13,7,4.0,1.0,0,0
ROCHELLE AT NEWTON,3450000.0,2292.73,1505.0,2024-08-01,213.0,16197.0,1.31404425678498,103.841922909924,188 KENG LEE ROAD ROCHELLE AT NEWTON SINGAPORE 308414,3.578271566582672,13.0,3,2,2,14,11,6,6.0,1.0,1,0
KHEAM HOCK GARDENS,2300000.0,1377.79,1669.0,2024-08-01,128.0,17969.0,1.32865923404591,103.820422048241,38 KHEAM HOCK ROAD KHEAM HOCK GARDENS SINGAPORE 298808,6.088572564604005,13.0,2,1,0,11,7,5,1.0,1.0,1,0
PARK INFINIA AT WEE NAM,2620000.0,1130.22,2318.0,2024-08-01,105.0,24952.0,1.31441386999901,103.843291191875,2A LINCOLN ROAD PARK INFINIA AT WEE NAM SINGAPORE 308364,3.57796230174373,13.0,3,2,2,14,11,6,1.0,1.0,1,0
6 DERBYSHIRE,1600000.0,731.95,2186.0,2024-07-01,68.0,23529.0,1.31568172551155,103.845880417376,6 DERBYSHIRE ROAD 6 DERBYSHIRE SINGAPORE 309462,3.6584167943606625,14.0,3,2,2,14,13,6,4.0,1.0,1,0
APLETON VIEW,2250000.0,1227.1,1834.0,2024-07-01,114.0,19737.0,1.31906972390327,103.846101471001,71 SINARAN DRIVE APLETON VIEW SINGAPORE 308323,4.025490053197462,14.0,1,1,4,14,12,7,2.0,1.0,0,0
RESIDENCES @ EVELYN,3828000.0,1528.49,2504.0,2024-07-01,142.0,26958.0,1.31548497427322,103.839467418834,17 EVELYN ROAD RESIDENCES @ EVELYN SINGAPORE 309306,3.814435565431148,14.0,3,1,2,14,12,6,7.0,1.0,1,0
26 NEWTON,1040000.0,484.38,2147.0,2024-07-01,45.0,23111.0,1.3156928164724,103.841615456446,26 NEWTON ROAD 26 NEWTON SINGAPORE 307957,3.762851610410245,14.0,3,2,2,14,13,6,4.0,1.0,0,0
TEN @ SUFFOLK,1980000.0,1119.46,1769.0,2024-07-01,104.0,19038.0,1.3145899979855,103.844453396673,10 SUFFOLK ROAD TEN @ SUFFOLK SINGAPORE 307786,3.5682333304887677,14.0,4,2,2,14,12,6,2.0,1.0,0,0
NEWTON 18,1750000.0,807.3,2168.0,2024-07-01,75.0,23333.0,1.31429426375311,103.841150697585,18 NEWTON ROAD NEWTON 18 SINGAPORE 307989,3.6298212404791177,14.0,3,1,2,14,10,6,2.0,1.0,0,0
WATTEN HOUSE,4945000.0,1539.25,3213.0,2024-07-01,143.0,34580.0,1.32924471287251,103.81094165707,36 SHELFORD ROAD WATTEN HOUSE (U/C) SINGAPORE 288429,6.784008389875134,14.0,3,1,0,11,6,7,1.0,0.0,1,0
THE ARCADIA,5200000.0,3821.22,1361.0,2024-07-01,355.0,14648.0,1.33337474399547,103.811275631559,235 ARCADIA ROAD THE ARCADIA SINGAPORE 289843,7.111379394487015,14.0,1,0,0,9,6,5,1.0,1.0,1,0
SOLEIL @ SINARAN,1088000.0,581.26,1872.0,2024-07-01,54.0,20148.0,1.31960020004528,103.845271738384,2 SINARAN DRIVE SOLEIL @ SINARAN SINGAPORE 307467,4.096964545722665,14.0,1,1,4,14,14,7,2.0,1.0,1,0
MONTEBLEU,1620000.0,807.3,2007.0,2024-07-01,75.0,21600.0,1.32378273509884,103.850102052541,8 MINBU ROAD MONTEBLEU SINGAPORE 308162,4.510651977234295,14.0,1,3,4,12,18,4,6.0,1.0,1,0
6 DERBYSHIRE,1070000.0,527.44,2029.0,2024-07-01,49.0,21837.0,1.31568172551155,103.845880417376,6 DERBYSHIRE ROAD 6 DERBYSHIRE SINGAPORE 309462,3.6584167943606625,14.0,3,2,2,14,13,6,6.0,1.0,1,0
SHELFORD REGENCY,2530000.0,1151.75,2197.0,2024-07-01,107.0,23645.0,1.32659730501812,103.811332907782,65 SHELFORD ROAD SHELFORD REGENCY SINGAPORE 288455,6.53669061517323,14.0,3,1,0,13,7,8,1.0,1.0,1,0
MULBERRY TREE,1090000.0,635.08,1716.0,2024-07-01,59.0,18475.0,1.31818439913906,103.846394220029,167 MOULMEIN ROAD MULBERRY TREE SINGAPORE 308092,3.9241311123236895,14.0,1,1,4,14,13,7,1.0,1.0,0,0
NOVENA COURT,1350000.0,828.83,1629.0,2024-07-01,77.0,17532.0,1.32292732467511,103.842114483993,2E JALAN NOVENA BARAT NOVENA COURT SINGAPORE 308603,4.524348727321245,14.0,1,0,4,13,13,4,1.0,1.0,0,0
VIVA,3650000.0,1517.72,2405.0,2024-07-01,141.0,25887.0,1.31565586377638,103.844444721095,2 SUFFOLK WALK VIVA SINGAPORE 307462,3.683877967605451,14.0,3,2,2,14,13,6,2.0,1.0,1,0
DUNEARN SUITES,900000.0,409.03,2200.0,2024-07-01,38.0,23684.0,1.32473351341035,103.810724749056,404 DUNEARN ROAD DUNEARN SUITES SINGAPORE 289609,6.433192326543688,14.0,4,1,0,13,7,8,1.0,1.0,0,0
THE PARK VALE,2450000.0,1356.26,1806.0,2024-07-01,126.0,19444.0,1.32999513668172,103.811623198198,4B PARK VALE THE PARK VALE SINGAPORE 288564,6.797626695790571,14.0,3,1,0,11,6,7,1.0,1.0,1,0
AMARYLLIS VILLE,1945000.0,979.52,1986.0,2024-07-01,91.0,21374.0,1.31478233515073,103.841958399488,22 NEWTON ROAD AMARYLLIS VILLE SINGAPORE 307990,3.655547978307824,14.0,3,2,2,14,13,6,3.0,1.0,1,0
TRILIGHT,4680000.0,2109.74,2218.0,2024-07-01,196.0,23878.0,1.31447883237245,103.839899712589,7 NEWTON ROAD TRILIGHT SINGAPORE 307945,3.693489005647367,14.0,3,1,2,14,10,5,3.0,1.0,1,0
VIVA,4050000.0,1528.49,2650.0,2024-07-01,142.0,28521.0,1.31565586377638,103.844444721095,2 SUFFOLK WALK VIVA SINGAPORE 307462,3.683877967605451,14.0,3,2,2,14,13,6,2.0,1.0,1,0
THE SHELFORD,1590000.0,775.01,2052.0,2024-07-01,72.0,22083.0,1.32561376215123,103.810731205358,1E SHELFORD ROAD THE SHELFORD SINGAPORE 286890,6.502869662773255,14.0,4,1,0,12,7,8,1.0,1.0,1,0
THOMSON 800,2620000.0,1399.32,1872.0,2024-07-01,130.0,20154.0,1.3411028334318,103.838741075921,808 THOMSON ROAD THOMSON 800 SINGAPORE 298190,6.567971581242121,14.0,4,1,0,13,13,2,2.0,1.0,1,0
SKY@ELEVEN,4100000.0,1851.41,2215.0,2024-07-01,172.0,23837.0,1.33127079751604,103.841021896647,7 THOMSON LANE SKY@ELEVEN SINGAPORE 297725,5.451828930281204,14.0,4,1,3,12,15,2,4.0,1.0,1,0
AMARYLLIS VILLE,2510000.0,1237.86,2028.0,2024-07-01,115.0,21826.0,1.31478233515073,103.841958399488,22 NEWTON ROAD AMARYLLIS VILLE SINGAPORE 307990,3.655547978307824,14.0,3,2,2,14,13,6,2.0,1.0,1,0
ENCHANTÉ,2928888.0,1001.05,2926.0,2024-07-01,93.0,31493.0,1.31585875980621,103.84033274534,3 EVELYN ROAD ENCHANTÉ (U/C) SINGAPORE 309727,3.822384309299648,14.0,3,1,2,14,12,7,1.0,0.0,0,0
MONTEBLEU,3050000.0,1474.67,2068.0,2024-07-01,137.0,22263.0,1.32378273509884,103.850102052541,8 MINBU ROAD MONTEBLEU SINGAPORE 308162,4.510651977234295,14.0,1,3,4,12,18,4,5.0,1.0,1,0
SANCTUARY@NEWTON,2731300.0,1054.87,2589.0,2024-07-01,98.0,27870.0,1.31602422236802,103.84157165109,2 SURREY ROAD SANCTUARY@NEWTON (U/C) SINGAPORE 307742,3.799414011967981,14.0,3,2,2,14,13,7,2.0,0.0,0,0
NEWTON SUITES,3030000.0,1237.86,2448.0,2024-07-01,115.0,26348.0,1.31780091416565,103.842313806169,60 NEWTON ROAD NEWTON SUITES SINGAPORE 307994,3.967671598329251,14.0,3,2,3,14,13,7,6.0,1.0,0,0
10 SHELFORD,1080000.0,818.06,1320.0,2024-07-01,76.0,14211.0,1.32580825364563,103.812516919467,10 SHELFORD ROAD 10 SHELFORD SINGAPORE 288353,6.383468750218335,14.0,3,1,0,13,7,8,1.0,1.0,0,0
SANCTUARY@NEWTON,3448000.0,1216.33,2835.0,2024-07-01,113.0,30513.0,1.31602422236802,103.84157165109,2 SURREY ROAD SANCTUARY@NEWTON (U/C) SINGAPORE 307742,3.799414011967981,14.0,3,2,2,14,13,7,3.0,0.0,0,0
STRATA,2038000.0,1065.64,1912.0,2024-07-01,99.0,20586.0,1.31740976334811,103.844913840423,1 ESSEX ROAD STRATA SINGAPORE 309329,3.864673219206803,14.0,3,2,3,14,14,7,4.0,1.0,0,0
WATTEN HOUSE,4976000.0,1539.25,3233.0,2024-06-01,143.0,34797.0,1.32924471287251,103.81094165707,36 SHELFORD ROAD WATTEN HOUSE (U/C) SINGAPORE 288429,6.784008389875134,15.0,3,1,0,11,6,7,1.0,0.0,1,0
LINCOLN SUITES,1168000.0,462.85,2523.0,2024-06-01,43.0,27163.0,1.31710864002609,103.842743087159,3 KHIANG GUAN AVENUE LINCOLN SUITES SINGAPORE 308381,3.881888940990309,15.0,3,2,3,14,13,7,5.0,1.0,1,0
MONTEBLEU,1708000.0,850.36,2009.0,2024-06-01,79.0,21620.0,1.32378273509884,103.850102052541,8 MINBU ROAD MONTEBLEU SINGAPORE 308162,4.510651977234295,15.0,1,3,4,12,18,4,6.0,1.0,1,0
DUNEARN SUITES,890000.0,419.8,2120.0,2024-06-01,39.0,22821.0,1.32473351341035,103.810724749056,404 DUNEARN ROAD DUNEARN SUITES SINGAPORE 289609,6.433192326543688,15.0,4,1,0,13,7,8,1.0,1.0,0,0
ENCHANTÉ,2764100.0,1001.05,2761.0,2024-06-01,93.0,29722.0,1.31585875980621,103.84033274534,3 EVELYN ROAD ENCHANTÉ (U/C) SINGAPORE 309727,3.822384309299648,15.0,3,1,2,14,12,7,2.0,0.0,0,0
THOMSON 800,2720000.0,1410.08,1929.0,2024-06-01,131.0,20763.0,1.3411028334318,103.838741075921,808 THOMSON ROAD THOMSON 800 SINGAPORE 298190,6.567971581242121,15.0,4,1,0,13,13,2,3.0,1.0,1,0
THE AXIS,1850000.0,1140.98,1621.0,2024-06-01,106.0,17453.0,1.32462194319897,103.849957588255,47 MANDALAY ROAD THE AXIS SINGAPORE 308227,4.6038020641452535,15.0,2,3,4,12,19,4,1.0,1.0,0,0
AMARYLLIS VILLE,1860000.0,979.52,1899.0,2024-06-01,91.0,20440.0,1.31478233515073,103.841958399488,22 NEWTON ROAD AMARYLLIS VILLE SINGAPORE 307990,3.655547978307824,15.0,3,2,2,14,13,6,1.0,1.0,1,0
MOUNT ROSIE GARDEN,2380000.0,1410.08,1688.0,2024-06-01,131.0,18168.0,1.32151951282408,103.833947029498,50 GOLDHILL AVENUE MOUNT ROSIE GARDEN SINGAPORE 309031,4.662976062716815,15.0,4,0,0,14,8,4,1.0,1.0,1,0
368 THOMSON,1258000.0,688.9,1826.0,2024-06-01,64.0,19656.0,1.3270913316471,103.841978573745,368 THOMSON ROAD 368 THOMSON SINGAPORE 298127,4.977697388092409,15.0,3,0,3,12,16,4,4.0,1.0,1,0
THE TREVOSE,2580000.0,1474.67,1750.0,2024-06-01,137.0,18832.0,1.32302176043306,103.82529938582,60 TREVOSE CRESCENT THE TREVOSE SINGAPORE 298090,5.269266023284268,15.0,3,0,0,13,6,5,1.0,1.0,1,0
SOLEIL @ SINARAN,1050000.0,505.91,2075.0,2024-06-01,47.0,22340.0,1.31960020004528,103.845271738384,2 SINARAN DRIVE SOLEIL @ SINARAN SINGAPORE 307467,4.096964545722665,15.0,1,1,4,14,14,7,2.0,1.0,1,0
WATTEN HOUSE,6026000.0,1851.41,3255.0,2024-06-01,172.0,35035.0,1.32924471287251,103.81094165707,36 SHELFORD ROAD WATTEN HOUSE (U/C) SINGAPORE 288429,6.784008389875134,15.0,3,1,0,11,6,7,1.0,0.0,1,0
THE LINCOLN MODERN,2108000.0,1108.69,1901.0,2024-06-01,103.0,20466.0,1.31532312585557,103.843055868846,20 LINCOLN ROAD THE LINCOLN MODERN SINGAPORE 308353,3.681849969048285,15.0,3,2,2,14,13,6,2.0,1.0,0,0
BASSEIN COURT,2100000.0,1399.32,1501.0,2024-06-01,130.0,16154.0,1.32276560882225,103.848248500031,5 BASSEIN ROAD BASSEIN COURT SINGAPORE 309836,4.407725960777773,15.0,1,3,4,12,14,6,1.0,1.0,0,0
LINCOLN SUITES,2225000.0,1033.34,2153.0,2024-06-01,96.0,23177.0,1.31710864002609,103.842743087159,3 KHIANG GUAN AVENUE LINCOLN SUITES SINGAPORE 308381,3.881888940990309,15.0,3,2,3,14,13,7,2.0,1.0,1,0
WATTEN HOUSE,4884000.0,1539.25,3173.0,2024-06-01,143.0,34154.0,1.32924471287251,103.81094165707,36 SHELFORD ROAD WATTEN HOUSE (U/C) SINGAPORE 288429,6.784008389875134,15.0,3,1,0,11,6,7,1.0,0.0,1,0
SKY@ELEVEN,5900000.0,2820.17,2092.0,2024-06-01,262.0,22519.0,1.33127079751604,103.841021896647,7 THOMSON LANE SKY@ELEVEN SINGAPORE 297725,5.451828930281204,15.0,4,1,3,12,15,2,3.0,1.0,1,0
IKIGAI,3635800.0,1571.54,2314.0,2024-06-01,146.0,24903.0,1.31790382404123,103.847428354915,38 SHREWSBURY ROAD IKIGAI SINGAPORE 307818,3.879900072370961,15.0,2,2,2,14,13,7,1.0,0.0,0,0
368 THOMSON,1200000.0,688.9,1742.0,2024-06-01,64.0,18750.0,1.3270913316471,103.841978573745,368 THOMSON ROAD 368 THOMSON SINGAPORE 298127,4.977697388092409,15.0,3,0,3,12,16,4,2.0,1.0,1,0
GILSTEAD TWO,2060000.0,904.18,2278.0,2024-06-01,84.0,24524.0,1.31496035037871,103.838459402687,2 GILSTEAD ROAD GILSTEAD TWO SINGAPORE 309061,3.799617052654486,15.0,3,1,3,14,10,6,5.0,1.0,0,0
GILSTEAD TWO,1650000.0,775.01,2129.0,2024-06-01,72.0,22917.0,1.31496035037871,103.838459402687,2 GILSTEAD ROAD GILSTEAD TWO SINGAPORE 309061,3.799617052654486,15.0,3,1,3,14,10,6,2.0,1.0,0,0
SANCTUARY@NEWTON,2687160.0,1022.58,2628.0,2024-06-01,95.0,28286.0,1.31602422236802,103.84157165109,2 SURREY ROAD SANCTUARY@NEWTON (U/C) SINGAPORE 307742,3.799414011967981,15.0,3,2,2,14,13,7,1.0,0.0,0,0
WATTEN HOUSE,4996000.0,1539.25,3246.0,2024-06-01,143.0,34937.0,1.32924471287251,103.81094165707,36 SHELFORD ROAD WATTEN HOUSE (U/C) SINGAPORE 288429,6.784008389875134,15.0,3,1,0,11,6,7,1.0,0.0,1,0
THE SHELFORD,1430000.0,775.01,1845.0,2024-06-01,72.0,19861.0,1.32561376215123,103.810731205358,1E SHELFORD ROAD THE SHELFORD SINGAPORE 286890,6.502869662773255,15.0,4,1,0,12,7,8,1.0,1.0,1,0
PARK INFINIA AT WEE NAM,2300000.0,1001.05,2298.0,2024-06-01,93.0,24731.0,1.31441386999901,103.843291191875,2A LINCOLN ROAD PARK INFINIA AT WEE NAM SINGAPORE 308364,3.57796230174373,15.0,3,2,2,14,11,6,5.0,1.0,1,0
M21,1750000.0,1065.64,1642.0,2024-06-01,99.0,17677.0,1.32252212187302,103.848891107309,21 MANDALAY ROAD M21 SINGAPORE 308208,4.376450490663607,15.0,1,3,4,12,14,6,2.0,1.0,0,0
THE ARMADALE,2100000.0,1033.34,2032.0,2024-06-01,96.0,21875.0,1.31856765330093,103.840268808403,60 GILSTEAD ROAD THE ARMADALE SINGAPORE 309104,4.1102218338608845,15.0,3,1,3,14,13,7,1.0,1.0,0,0
6 DERBYSHIRE,2268000.0,1011.82,2242.0,2024-06-01,94.0,24128.0,1.31568172551155,103.845880417376,6 DERBYSHIRE ROAD 6 DERBYSHIRE SINGAPORE 309462,3.6584167943606625,15.0,3,2,2,14,13,6,4.0,1.0,1,0
AMARYLLIS VILLE,1950000.0,958.0,2035.0,2024-06-01,89.0,21910.0,1.31478233515073,103.841958399488,22 NEWTON ROAD AMARYLLIS VILLE SINGAPORE 307990,3.655547978307824,15.0,3,2,2,14,13,6,6.0,1.0,1,0
WATTEN HOUSE,4981000.0,1539.25,3236.0,2024-06-01,143.0,34832.0,1.32924471287251,103.81094165707,36 SHELFORD ROAD WATTEN HOUSE (U/C) SINGAPORE 288429,6.784008389875134,15.0,3,1,0,11,6,7,1.0,0.0,1,0
NEWTON SUITES,1680000.0,796.54,2109.0,2024-05-01,74.0,22703.0,1.31780091416565,103.842313806169,60 NEWTON ROAD NEWTON SUITES SINGAPORE 307994,3.967671598329251,16.0,3,2,3,14,13,7,3.0,1.0,0,0
LA MAISON,2530000.0,1291.68,1959.0,2024-05-01,120.0,21083.0,1.31953348960235,103.847029859453,10 MOULMEIN RISE LA MAISON SINGAPORE 308125,4.063776423393345,16.0,1,3,4,14,13,7,2.0,1.0,0,0
26 NEWTON,1080000.0,484.38,2230.0,2024-05-01,45.0,24000.0,1.3156928164724,103.841615456446,26 NEWTON ROAD 26 NEWTON SINGAPORE 307957,3.762851610410245,16.0,3,2,2,14,13,6,5.0,1.0,0,0
6 DERBYSHIRE,2300000.0,1011.82,2273.0,2024-05-01,94.0,24468.0,1.31568172551155,103.845880417376,6 DERBYSHIRE ROAD 6 DERBYSHIRE SINGAPORE 309462,3.6584167943606625,16.0,3,2,2,14,13,6,5.0,1.0,1,0
10 EVELYN,2335620.0,1162.51,2009.0,2024-05-01,108.0,21626.0,1.31615491830399,103.840533848314,10 EVELYN ROAD 10 EVELYN SINGAPORE 309312,3.846689837882823,16.0,3,1,2,14,13,8,1.0,0.0,0,0
THOMSON 800,2850000.0,1625.36,1753.0,2024-05-01,151.0,18874.0,1.3411028334318,103.838741075921,808 THOMSON ROAD THOMSON 800 SINGAPORE 298190,6.567971581242121,16.0,4,1,0,13,13,2,3.0,1.0,1,0
ADAM PARK CONDOMINIUM,2230000.0,1140.98,1954.0,2024-05-01,106.0,21038.0,1.32804489589413,103.813395586111,27A ADAM ROAD ADAM PARK CONDOMINIUM SINGAPORE 289900,6.5056226819707295,16.0,3,1,0,13,7,8,1.0,1.0,1,0
MEDGE,1450000.0,861.12,1684.0,2024-05-01,80.0,18125.0,1.32337432256355,103.850380826925,2 MINBU ROAD MEDGE SINGAPORE 308186,4.464916441227247,16.0,1,3,4,12,18,4,2.0,1.0,0,0
SOLEIL @ SINARAN,3850000.0,1722.24,2235.0,2024-05-01,160.0,24063.0,1.31960020004528,103.845271738384,2 SINARAN DRIVE SOLEIL @ SINARAN SINGAPORE 307467,4.096964545722665,16.0,1,1,4,14,14,7,4.0,1.0,1,0
368 THOMSON,1250000.0,688.9,1814.0,2024-05-01,64.0,19531.0,1.3270913316471,103.841978573745,368 THOMSON ROAD 368 THOMSON SINGAPORE 298127,4.977697388092409,16.0,3,0,3,12,16,4,4.0,1.0,1,0
WATTEN HOUSE,4799000.0,1539.25,3118.0,2024-05-01,143.0,33559.0,1.32924471287251,103.81094165707,36 SHELFORD ROAD WATTEN HOUSE (U/C) SINGAPORE 288429,6.784008389875134,16.0,3,1,0,11,6,7,1.0,0.0,1,0
AMANINDA,1260000.0,796.54,1582.0,2024-05-01,74.0,17027.0,1.32478729402026,103.840864419636,331 THOMSON ROAD AMANINDA SINGAPORE 307687,4.756316064412432,16.0,2,0,4,12,14,5,1.0,1.0,1,0
STRATA,980000.0,505.91,1937.0,2024-05-01,47.0,20851.0,1.31740976334811,103.844913840423,1 ESSEX ROAD STRATA SINGAPORE 309329,3.864673219206803,16.0,3,2,3,14,14,7,1.0,1.0,0,0
ENCHANTÉ,2900000.0,1001.05,2897.0,2024-05-01,93.0,31183.0,1.31585875980621,103.84033274534,3 EVELYN ROAD ENCHANTÉ (U/C) SINGAPORE 309727,3.822384309299648,16.0,3,1,2,14,12,7,2.0,0.0,0,0
6 DERBYSHIRE,980000.0,473.62,2069.0,2024-05-01,44.0,22273.0,1.31568172551155,103.845880417376,6 DERBYSHIRE ROAD 6 DERBYSHIRE SINGAPORE 309462,3.6584167943606625,16.0,3,2,2,14,13,6,2.0,1.0,1,0
ENCHANTÉ,3163000.0,1087.16,2909.0,2024-05-01,101.0,31317.0,1.31585875980621,103.84033274534,3 EVELYN ROAD ENCHANTÉ (U/C) SINGAPORE 309727,3.822384309299648,16.0,3,1,2,14,12,7,1.0,0.0,0,0
SANCTUARY@NEWTON,2755760.0,1022.58,2695.0,2024-05-01,95.0,29008.0,1.31602422236802,103.84157165109,2 SURREY ROAD SANCTUARY@NEWTON (U/C) SINGAPORE 307742,3.799414011967981,16.0,3,2,2,14,13,7,2.0,0.0,0,0
SANCTUARY@NEWTON,2755760.0,1022.58,2695.0,2024-05-01,95.0,29008.0,1.31602422236802,103.84157165109,2 SURREY ROAD SANCTUARY@NEWTON (U/C) SINGAPORE 307742,3.799414011967981,16.0,3,2,2,14,13,7,2.0,0.0,0,0
SKY@ELEVEN,4900000.0,2271.2,2157.0,2024-05-01,211.0,23223.0,1.33127079751604,103.841021896647,7 THOMSON LANE SKY@ELEVEN SINGAPORE 297725,5.451828930281204,16.0,4,1,3,12,15,2,6.0,1.0,1,0
SANCTUARY@NEWTON,2763600.0,1054.87,2620.0,2024-05-01,98.0,28200.0,1.31602422236802,103.84157165109,2 SURREY ROAD SANCTUARY@NEWTON (U/C) SINGAPORE 307742,3.799414011967981,16.0,3,2,2,14,13,7,2.0,0.0,0,0
AMARYLLIS VILLE,2550000.0,1237.86,2060.0,2024-05-01,115.0,22174.0,1.31478233515073,103.841958399488,22 NEWTON ROAD AMARYLLIS VILLE SINGAPORE 307990,3.655547978307824,16.0,3,2,2,14,13,6,4.0,1.0,1,0
D' IXORAS,1580000.0,979.52,1613.0,2024-05-01,91.0,17363.0,1.32411334495333,103.849040669227,23 MINBU ROAD D' IXORAS SINGAPORE 308172,4.551328531254225,16.0,2,3,5,12,18,4,3.0,1.0,0,0
368 THOMSON,1588000.0,882.65,1799.0,2024-05-01,82.0,19366.0,1.3270913316471,103.841978573745,368 THOMSON ROAD 368 THOMSON SINGAPORE 298127,4.977697388092409,16.0,3,0,3,12,16,4,3.0,1.0,1,0
GILSTEAD TWO,1730000.0,775.01,2232.0,2024-05-01,72.0,24028.0,1.31496035037871,103.838459402687,2 GILSTEAD ROAD GILSTEAD TWO SINGAPORE 309061,3.799617052654486,16.0,3,1,3,14,10,6,3.0,1.0,0,0
WATTEN HOUSE,7678000.0,2368.08,3242.0,2024-05-01,220.0,34900.0,1.32924471287251,103.81094165707,36 SHELFORD ROAD WATTEN HOUSE (U/C) SINGAPORE 288429,6.784008389875134,16.0,3,1,0,11,6,7,1.0,0.0,1,0
PARK INFINIA AT WEE NAM,3700000.0,1463.9,2527.0,2024-05-01,136.0,27206.0,1.31441386999901,103.843291191875,2A LINCOLN ROAD PARK INFINIA AT WEE NAM SINGAPORE 308364,3.57796230174373,16.0,3,2,2,14,11,6,4.0,1.0,1,0
AMARYLLIS VILLE,1888000.0,958.0,1971.0,2024-05-01,89.0,21213.0,1.31478233515073,103.841958399488,22 NEWTON ROAD AMARYLLIS VILLE SINGAPORE 307990,3.655547978307824,16.0,3,2,2,14,13,6,2.0,1.0,1,0
MONTEBLEU,1710000.0,850.36,2011.0,2024-05-01,79.0,21646.0,1.32378273509884,103.850102052541,8 MINBU ROAD MONTEBLEU SINGAPORE 308162,4.510651977234295,16.0,1,3,4,12,18,4,5.0,1.0,1,0
26 NEWTON,1000000.0,484.38,2064.0,2024-05-01,45.0,22222.0,1.3156928164724,103.841615456446,26 NEWTON ROAD 26 NEWTON SINGAPORE 307957,3.762851610410245,16.0,3,2,2,14,13,6,2.0,1.0,0,0
6 DERBYSHIRE,1030000.0,516.67,1994.0,2024-05-01,48.0,21458.0,1.31568172551155,103.845880417376,6 DERBYSHIRE ROAD 6 DERBYSHIRE SINGAPORE 309462,3.6584167943606625,16.0,3,2,2,14,13,6,2.0,1.0,1,0
AMARYLLIS VILLE,1918000.0,958.0,2002.0,2024-05-01,89.0,21551.0,1.31478233515073,103.841958399488,22 NEWTON ROAD AMARYLLIS VILLE SINGAPORE 307990,3.655547978307824,16.0,3,2,2,14,13,6,3.0,1.0,1,0
SHELFORD VIEW,5100000.0,2669.47,1910.0,2024-05-01,248.0,20565.0,1.32890152807378,103.812100334091,26 SHELFORD ROAD SHELFORD VIEW SINGAPORE 288420,6.671056863615499,16.0,3,1,0,12,7,6,1.0,1.0,1,0
368 THOMSON,1710000.0,871.88,1961.0,2024-05-01,81.0,21111.0,1.3270913316471,103.841978573745,368 THOMSON ROAD 368 THOMSON SINGAPORE 298127,4.977697388092409,16.0,3,0,3,12,16,4,5.0,1.0,1,0
10 EVELYN,2120085.0,753.48,2814.0,2024-05-01,70.0,30287.0,1.31615491830399,103.840533848314,10 EVELYN ROAD 10 EVELYN SINGAPORE 309312,3.846689837882823,16.0,3,1,2,14,13,8,1.0,0.0,0,0
THOMSON 800,2622888.0,1431.61,1832.0,2024-04-01,133.0,19721.0,1.3411028334318,103.838741075921,808 THOMSON ROAD THOMSON 800 SINGAPORE 298190,6.567971581242121,17.0,4,1,0,13,13,2,1.0,1.0,1,0
SOLEIL @ SINARAN,1150000.0,581.26,1978.0,2024-04-01,54.0,21296.0,1.31960020004528,103.845271738384,2 SINARAN DRIVE SOLEIL @ SINARAN SINGAPORE 307467,4.096964545722665,17.0,1,1,4,14,14,7,5.0,1.0,1,0
MONTEBLEU,3000000.0,1474.67,2034.0,2024-04-01,137.0,21898.0,1.32378273509884,103.850102052541,8 MINBU ROAD MONTEBLEU SINGAPORE 308162,4.510651977234295,17.0,1,3,4,12,18,4,6.0,1.0,1,0
L'VIV,2300000.0,990.29,2323.0,2024-04-01,92.0,25000.0,1.31544838531983,103.840354841468,23 NEWTON ROAD L'VIV SINGAPORE 307955,3.778505845346688,17.0,3,1,2,14,12,6,5.0,1.0,0,0
SANCTUARY@NEWTON,2726360.0,1022.58,2666.0,2024-04-01,95.0,28699.0,1.31602422236802,103.84157165109,2 SURREY ROAD SANCTUARY@NEWTON (U/C) SINGAPORE 307742,3.799414011967981,17.0,3,2,2,14,13,7,2.0,0.0,0,0
32 GILSTEAD,14543000.0,4208.72,3455.0,2024-04-01,391.0,37194.0,1.31763797210019,103.839239630907,32 GILSTEAD ROAD 32 GILSTEAD (U/C) SINGAPORE 309075,4.047542035442672,17.0,3,1,3,14,12,7,1.0,0.0,0,0
M21,1858888.0,1065.64,1744.0,2024-04-01,99.0,18777.0,1.32252212187302,103.848891107309,21 MANDALAY ROAD M21 SINGAPORE 308208,4.376450490663607,17.0,1,3,4,12,14,6,2.0,1.0,0,0
WATTEN HOUSE,4996000.0,1539.25,3246.0,2024-04-01,143.0,34937.0,1.32924471287251,103.81094165707,36 SHELFORD ROAD WATTEN HOUSE (U/C) SINGAPORE 288429,6.784008389875134,17.0,3,1,0,11,6,7,1.0,0.0,1,0
CUBE 8,1600000.0,893.41,1791.0,2024-04-01,83.0,19277.0,1.3283636088892,103.841418362322,376 THOMSON ROAD CUBE 8 SINGAPORE 298130,5.12816729630684,17.0,3,0,3,12,14,4,3.0,1.0,1,0
THE ARMADALE,2100000.0,1410.08,1489.0,2024-04-01,131.0,16031.0,1.31856765330093,103.840268808403,60 GILSTEAD ROAD THE ARMADALE SINGAPORE 309104,4.1102218338608845,17.0,3,1,3,14,13,7,1.0,1.0,0,0
NEWTON SUITES,3050000.0,1237.86,2464.0,2024-04-01,115.0,26522.0,1.31780091416565,103.842313806169,60 NEWTON ROAD NEWTON SUITES SINGAPORE 307994,3.967671598329251,17.0,3,2,3,14,13,7,6.0,1.0,0,0
D'CHATEAU @ SHELFORD,2600000.0,1722.24,1510.0,2024-04-01,160.0,16250.0,1.32809614767202,103.81198826246,25 SHELFORD ROAD D'CHATEAU @ SHELFORD SINGAPORE 288415,6.611737912544638,17.0,3,1,0,13,7,8,1.0,1.0,0,0
WATTEN HOUSE,7837000.0,2368.08,3309.0,2024-04-01,220.0,35623.0,1.32924471287251,103.81094165707,36 SHELFORD ROAD WATTEN HOUSE (U/C) SINGAPORE 288429,6.784008389875134,17.0,3,1,0,11,6,7,1.0,0.0,1,0
ROCHELLE AT NEWTON,1940000.0,1011.82,1917.0,2024-04-01,94.0,20638.0,1.31404425678498,103.841922909924,188 KENG LEE ROAD ROCHELLE AT NEWTON SINGAPORE 308414,3.578271566582672,17.0,3,2,2,14,11,6,5.0,1.0,1,0
THE TREVOSE,2800000.0,1603.84,1746.0,2024-04-01,149.0,18792.0,1.32302176043306,103.82529938582,60 TREVOSE CRESCENT THE TREVOSE SINGAPORE 298090,5.269266023284268,17.0,3,0,0,13,6,5,1.0,1.0,1,0
368 THOMSON,3450000.0,1722.24,2003.0,2024-04-01,160.0,21563.0,1.3270913316471,103.841978573745,368 THOMSON ROAD 368 THOMSON SINGAPORE 298127,4.977697388092409,17.0,3,0,3,12,16,4,5.0,1.0,1,0
32 GILSTEAD,14403000.0,4197.96,3431.0,2024-04-01,390.0,36931.0,1.31763797210019,103.839239630907,32 GILSTEAD ROAD 32 GILSTEAD (U/C) SINGAPORE 309075,4.047542035442672,17.0,3,1,3,14,12,7,1.0,0.0,0,0
M21,3200000.0,1754.53,1824.0,2024-04-01,163.0,19632.0,1.32252212187302,103.848891107309,21 MANDALAY ROAD M21 SINGAPORE 308208,4.376450490663607,17.0,1,3,4,12,14,6,3.0,1.0,0,0
32 GILSTEAD,14506000.0,4197.96,3455.0,2024-04-01,390.0,37195.0,1.31763797210019,103.839239630907,32 GILSTEAD ROAD 32 GILSTEAD (U/C) SINGAPORE 309075,4.047542035442672,17.0,3,1,3,14,12,7,1.0,0.0,0,0
WATTEN HOUSE,5048000.0,1539.25,3280.0,2024-04-01,143.0,35301.0,1.32924471287251,103.81094165707,36 SHELFORD ROAD WATTEN HOUSE (U/C) SINGAPORE 288429,6.784008389875134,17.0,3,1,0,11,6,7,1.0,0.0,1,0
WATTEN HOUSE,4945000.0,1539.25,3213.0,2024-04-01,143.0,34580.0,1.32924471287251,103.81094165707,36 SHELFORD ROAD WATTEN HOUSE (U/C) SINGAPORE 288429,6.784008389875134,17.0,3,1,0,11,6,7,1.0,0.0,1,0
MIRO,2200000.0,1345.5,1635.0,2024-04-01,125.0,17600.0,1.31393361941559,103.842380394708,1 LINCOLN ROAD MIRO SINGAPORE 308365,3.5524517086546736,17.0,3,2,2,14,11,6,1.0,1.0,0,0
WATTEN HILL,4950000.0,2626.42,1885.0,2024-04-01,244.0,20287.0,1.33080602433021,103.809520144553,48 WATTEN VIEW WATTEN HILL SINGAPORE 287179,7.018102241408999,17.0,1,1,0,11,6,5,,1.0,1,0
THE ANSLEY,2530000.0,1302.44,1943.0,2024-04-01,121.0,20909.0,1.32327434333138,103.848835015461,33 MANDALAY ROAD THE ANSLEY SINGAPORE 308214,4.459842710119622,17.0,1,3,5,12,15,6,4.0,1.0,1,0
NOVENA SUITES,1950000.0,947.23,2059.0,2024-04-01,88.0,22159.0,1.32005187342709,103.852519734445,201 BALESTIER ROAD HOLIDAY INN EXPRESS & SUITES SINGAPORE NOVENA SINGAPORE 329926,4.100494883617021,17.0,2,3,1,13,16,3,1.0,1.0,0,0
WATTEN HILL,4950000.0,2669.47,1854.0,2024-04-01,248.0,19960.0,1.33080602433021,103.809520144553,48 WATTEN VIEW WATTEN HILL SINGAPORE 287179,7.018102241408999,17.0,1,1,0,11,6,5,,1.0,1,0
WATTEN HOUSE,11828000.0,3412.19,3457.0,2024-04-01,317.0,37208.0,1.32924471287251,103.81094165707,36 SHELFORD ROAD WATTEN HOUSE (U/C) SINGAPORE 288429,6.784008389875134,17.0,3,1,0,11,6,7,1.0,0.0,1,0
NOVENA COURT,1180000.0,775.01,1523.0,2024-04-01,72.0,16389.0,1.32292732467511,103.842114483993,2E JALAN NOVENA BARAT NOVENA COURT SINGAPORE 308603,4.524348727321245,17.0,1,0,4,13,13,4,1.0,1.0,0,0
MANDALE HEIGHTS,1450000.0,818.06,1772.0,2024-04-01,76.0,19079.0,1.32433421345059,103.849717961403,45 MANDALAY ROAD MANDALE HEIGHTS SINGAPORE 308225,4.572750960660567,17.0,2,3,4,12,19,4,2.0,1.0,0,0
NEWTON 18,1988000.0,979.52,2030.0,2024-04-01,91.0,21846.0,1.31429426375311,103.841150697585,18 NEWTON ROAD NEWTON 18 SINGAPORE 307989,3.6298212404791177,17.0,3,1,2,14,10,6,2.0,1.0,0,0
WATTEN HOUSE,6202000.0,1851.41,3350.0,2024-04-01,172.0,36058.0,1.32924471287251,103.81094165707,36 SHELFORD ROAD WATTEN HOUSE (U/C) SINGAPORE 288429,6.784008389875134,17.0,3,1,0,11,6,7,1.0,0.0,1,0
RESIDENCES @ EVELYN,2280000.0,1033.34,2206.0,2024-04-01,96.0,23750.0,1.31548497427322,103.839467418834,17 EVELYN ROAD RESIDENCES @ EVELYN SINGAPORE 309306,3.814435565431148,17.0,3,1,2,14,12,6,7.0,1.0,1,0
THOMSON 800,3050000.0,1625.36,1877.0,2024-04-01,151.0,20199.0,1.3411028334318,103.838741075921,808 THOMSON ROAD THOMSON 800 SINGAPORE 298190,6.567971581242121,17.0,4,1,0,13,13,2,3.0,1.0,1,0
WATTEN HOUSE,6202000.0,1851.41,3350.0,2024-04-01,172.0,36058.0,1.32924471287251,103.81094165707,36 SHELFORD ROAD WATTEN HOUSE (U/C) SINGAPORE 288429,6.784008389875134,17.0,3,1,0,11,6,7,1.0,0.0,1,0
BUCKLEY CLASSIQUE,3300000.0,1410.08,2340.0,2024-04-01,131.0,25191.0,1.3179599892541,103.840328123302,11 BUCKLEY ROAD BUCKLEY CLASSIQUE SINGAPORE 309767,4.044031983866686,17.0,3,1,3,14,13,7,1.0,1.0,1,0
AMARYLLIS VILLE,1910000.0,958.0,1994.0,2024-04-01,89.0,21461.0,1.31478233515073,103.841958399488,22 NEWTON ROAD AMARYLLIS VILLE SINGAPORE 307990,3.655547978307824,17.0,3,2,2,14,13,6,6.0,1.0,1,0
NEWTON 18,1320000.0,613.55,2151.0,2024-04-01,57.0,23158.0,1.31429426375311,103.841150697585,18 NEWTON ROAD NEWTON 18 SINGAPORE 307989,3.6298212404791177,17.0,3,1,2,14,10,6,6.0,1.0,0,0
NEWTON ONE,3880000.0,1808.35,2146.0,2024-04-01,168.0,23095.0,1.31404986796426,103.839452778834,1 NEWTON ROAD NEWTON ONE SINGAPORE 307943,3.665961575873588,17.0,3,1,3,14,10,5,5.0,1.0,1,0
SKY@ELEVEN,6480000.0,2712.53,2389.0,2024-04-01,252.0,25714.0,1.33127079751604,103.841021896647,7 THOMSON LANE SKY@ELEVEN SINGAPORE 297725,5.451828930281204,17.0,4,1,3,12,15,2,8.0,1.0,1,0
368 THOMSON,1180000.0,688.9,1713.0,2024-04-01,64.0,18438.0,1.3270913316471,103.841978573745,368 THOMSON ROAD 368 THOMSON SINGAPORE 298127,4.977697388092409,17.0,3,0,3,12,16,4,1.0,1.0,1,0
SUITES @ NEWTON,2068000.0,1334.74,1549.0,2024-04-01,124.0,16677.0,1.31640035574617,103.841671833933,1 SURREY ROAD SUITES @ NEWTON SINGAPORE 307740,3.8363724273902986,17.0,3,2,2,14,13,7,4.0,1.0,0,0
EVELYN MANSIONS,1850000.0,893.41,2071.0,2024-04-01,83.0,22289.0,1.31649465009912,103.839103883927,20 EVELYN ROAD EVELYN MANSIONS SINGAPORE 309309,3.933183708587904,17.0,3,1,2,14,12,7,2.0,1.0,0,0
NOVENA HILL,1200000.0,710.42,1689.0,2024-04-01,66.0,18182.0,1.32376633231593,103.843393016962,33A JALAN NOVENA NOVENA HILL SINGAPORE 308651,4.58654015401076,17.0,1,0,4,12,14,5,1.0,1.0,0,0
28 SHELFORD,1600000.0,807.3,1982.0,2024-04-01,75.0,21333.0,1.32930490165283,103.811999217829,28 SHELFORD ROAD 28 SHELFORD SINGAPORE 288422,6.712325789592847,17.0,3,1,0,11,7,7,1.0,1.0,0,0
WATTEN HOUSE,4996000.0,1539.25,3246.0,2024-03-01,143.0,34937.0,1.32924471287251,103.81094165707,36 SHELFORD ROAD WATTEN HOUSE (U/C) SINGAPORE 288429,6.784008389875134,18.0,3,1,0,11,6,7,1.0,0.0,1,0
D'EVELYN,1138000.0,613.55,1855.0,2024-03-01,57.0,19965.0,1.31675903918365,103.839662106935,18 EVELYN ROAD D' EVELYN SINGAPORE 309307,3.9403934920901262,18.0,3,1,2,14,12,7,1.0,1.0,0,0
26 NEWTON,1380000.0,613.55,2249.0,2024-03-01,57.0,24211.0,1.3156928164724,103.841615456446,26 NEWTON ROAD 26 NEWTON SINGAPORE 307957,3.762851610410245,18.0,3,2,2,14,13,6,2.0,1.0,0,0
SHELFORD GREEN,2950000.0,1668.42,1768.0,2024-03-01,155.0,19032.0,1.32456554554323,103.812187010308,9 SHELFORD ROAD SHELFORD GREEN SINGAPORE 288352,6.3073386259200745,18.0,4,1,0,13,7,8,1.0,1.0,1,0
TREVOSE PARK,5200000.0,2787.88,1865.0,2024-03-01,259.0,20077.0,1.32530422394989,103.825473045143,68 TREVOSE CRESCENT TREVOSE PARK SINGAPORE 298069,5.472884262180392,18.0,2,0,0,12,6,5,1.0,1.0,1,0
THE SHELFORD,3500000.0,1485.43,2356.0,2024-03-01,138.0,25362.0,1.32561376215123,103.810731205358,1E SHELFORD ROAD THE SHELFORD SINGAPORE 286890,6.502869662773255,18.0,4,1,0,12,7,8,1.0,1.0,1,0
ENCHANTÉ,2860000.0,1001.05,2857.0,2024-03-01,93.0,30753.0,1.31585875980621,103.84033274534,3 EVELYN ROAD ENCHANTÉ (U/C) SINGAPORE 309727,3.822384309299648,18.0,3,1,2,14,12,7,3.0,0.0,0,0
SOLEIL @ SINARAN,1850000.0,958.0,1931.0,2024-03-01,89.0,20787.0,1.31960020004528,103.845271738384,2 SINARAN DRIVE SOLEIL @ SINARAN SINGAPORE 307467,4.096964545722665,18.0,1,1,4,14,14,7,1.0,1.0,1,0
D'CHATEAU @ SHELFORD,1702000.0,775.01,2196.0,2024-03-01,72.0,23639.0,1.32809614767202,103.81198826246,25 SHELFORD ROAD D'CHATEAU @ SHELFORD SINGAPORE 288415,6.611737912544638,18.0,3,1,0,13,7,8,1.0,1.0,0,0
NOVENA COURT,1350000.0,861.12,1568.0,2024-03-01,80.0,16875.0,1.32292732467511,103.842114483993,2E JALAN NOVENA BARAT NOVENA COURT SINGAPORE 308603,4.524348727321245,18.0,1,0,4,13,13,4,1.0,1.0,0,0
GILSTEAD 38,1850000.0,979.52,1889.0,2024-03-01,91.0,20330.0,1.31814186950603,103.839151085711,38 GILSTEAD ROAD GILSTEAD 38 SINGAPORE 309082,4.103462631434991,18.0,3,1,3,14,12,7,1.0,1.0,0,0
VIVA,2385000.0,958.0,2490.0,2024-03-01,89.0,26798.0,1.31565586377638,103.844444721095,2 SUFFOLK WALK VIVA SINGAPORE 307462,3.683877967605451,18.0,3,2,2,14,13,6,3.0,1.0,1,0
VIVA,4550000.0,1840.64,2472.0,2024-03-01,171.0,26608.0,1.31565586377638,103.844444721095,2 SUFFOLK WALK VIVA SINGAPORE 307462,3.683877967605451,18.0,3,2,2,14,13,6,4.0,1.0,1,0
ONE AKYAB,2535000.0,1829.88,1385.0,2024-03-01,170.0,14912.0,1.32272793298026,103.847658788312,1 AKYAB ROAD ONE AKYAB SINGAPORE 309972,4.408619970701734,18.0,1,3,4,12,14,6,2.0,1.0,0,0
NEWTON ONE,4550000.0,1915.99,2375.0,2024-03-01,178.0,25562.0,1.31404986796426,103.839452778834,1 NEWTON ROAD NEWTON ONE SINGAPORE 307943,3.665961575873588,18.0,3,1,3,14,10,5,5.0,1.0,1,0
AMARYLLIS VILLE,2550000.0,1237.86,2060.0,2024-03-01,115.0,22174.0,1.31478233515073,103.841958399488,22 NEWTON ROAD AMARYLLIS VILLE SINGAPORE 307990,3.655547978307824,18.0,3,2,2,14,13,6,3.0,1.0,1,0
NEWTON SUITES,2750000.0,1237.86,2222.0,2024-03-01,115.0,23913.0,1.31780091416565,103.842313806169,60 NEWTON ROAD NEWTON SUITES SINGAPORE 307994,3.967671598329251,18.0,3,2,3,14,13,7,2.0,1.0,0,0
PULLMAN RESIDENCES NEWTON,1590000.0,462.85,3435.0,2024-03-01,43.0,36977.0,1.31467262956125,103.839010845653,"18 DUNEARN ROAD PULLMAN RESIDENCES, NEWTON SINGAPORE 309421",3.747758902511321,18.0,3,1,2,14,10,6,6.0,0.0,0,0
ADRIA,1528000.0,688.9,2218.0,2024-03-01,64.0,23875.0,1.3164463549549,103.846258551824,12 DERBYSHIRE ROAD ADRIA SINGAPORE 309466,3.735780917193752,18.0,3,2,2,14,13,7,4.0,1.0,0,0
AMARYLLIS VILLE,1931000.0,979.52,1971.0,2024-03-01,91.0,21220.0,1.31478233515073,103.841958399488,22 NEWTON ROAD AMARYLLIS VILLE SINGAPORE 307990,3.655547978307824,18.0,3,2,2,14,13,6,4.0,1.0,1,0
PULLMAN RESIDENCES NEWTON,1440000.0,462.85,3111.0,2024-03-01,43.0,33488.0,1.31467262956125,103.839010845653,"18 DUNEARN ROAD PULLMAN RESIDENCES, NEWTON SINGAPORE 309421",3.747758902511321,18.0,3,1,2,14,10,6,2.0,,0,0
WATTEN HOUSE,4851000.0,1539.25,3152.0,2024-03-01,143.0,33923.0,1.32924471287251,103.81094165707,36 SHELFORD ROAD WATTEN HOUSE (U/C) SINGAPORE 288429,6.784008389875134,18.0,3,1,0,11,6,7,1.0,0.0,1,0
10 EVELYN,1481370.0,495.14,2992.0,2024-03-01,46.0,32204.0,1.31615491830399,103.840533848314,10 EVELYN ROAD 10 EVELYN SINGAPORE 309312,3.846689837882823,18.0,3,1,2,14,13,8,1.0,0.0,0,0
368 THOMSON,1710000.0,871.88,1961.0,2024-03-01,81.0,21111.0,1.3270913316471,103.841978573745,368 THOMSON ROAD 368 THOMSON SINGAPORE 298127,4.977697388092409,18.0,3,0,3,12,16,4,6.0,1.0,1,0
ADAM PARK CONDOMINIUM,1950000.0,958.0,2035.0,2024-03-01,89.0,21910.0,1.32804489589413,103.813395586111,27A ADAM ROAD ADAM PARK CONDOMINIUM SINGAPORE 289900,6.5056226819707295,18.0,3,1,0,13,7,8,1.0,1.0,1,0
D' IXORAS,1405000.0,839.59,1673.0,2024-03-01,78.0,18013.0,1.32411334495333,103.849040669227,23 MINBU ROAD D' IXORAS SINGAPORE 308172,4.551328531254225,18.0,2,3,5,12,18,4,2.0,1.0,0,0
WATTEN HOUSE,3211000.0,990.29,3242.0,2024-03-01,92.0,34902.0,1.32924471287251,103.81094165707,36 SHELFORD ROAD WATTEN HOUSE (U/C) SINGAPORE 288429,6.784008389875134,18.0,3,1,0,11,6,7,1.0,0.0,1,0
WATTEN HOUSE,6092000.0,1851.41,3290.0,2024-03-01,172.0,35419.0,1.32924471287251,103.81094165707,36 SHELFORD ROAD WATTEN HOUSE (U/C) SINGAPORE 288429,6.784008389875134,18.0,3,1,0,11,6,7,1.0,0.0,1,0
LA MAISON,2480000.0,1259.39,1969.0,2024-03-01,117.0,21197.0,1.31953348960235,103.847029859453,10 MOULMEIN RISE LA MAISON SINGAPORE 308125,4.063776423393345,18.0,1,3,4,14,13,7,3.0,1.0,0,0
WATTEN HOUSE,3170000.0,990.29,3201.0,2024-03-01,92.0,34457.0,1.32924471287251,103.81094165707,36 SHELFORD ROAD WATTEN HOUSE (U/C) SINGAPORE 288429,6.784008389875134,18.0,3,1,0,11,6,7,1.0,0.0,1,0
WATTEN HOUSE,11828000.0,3412.19,3457.0,2024-03-01,317.0,37208.0,1.32924471287251,103.81094165707,36 SHELFORD ROAD WATTEN HOUSE (U/C) SINGAPORE 288429,6.784008389875134,18.0,3,1,0,11,6,7,1.0,0.0,1,0
WATTEN HOUSE,7790000.0,2368.08,3290.0,2024-03-01,220.0,35409.0,1.32924471287251,103.81094165707,36 SHELFORD ROAD WATTEN HOUSE (U/C) SINGAPORE 288429,6.784008389875134,18.0,3,1,0,11,6,7,1.0,0.0,1,0
WATTEN HOUSE,4976000.0,1539.25,3233.0,2024-03-01,143.0,34797.0,1.32924471287251,103.81094165707,36 SHELFORD ROAD WATTEN HOUSE (U/C) SINGAPORE 288429,6.784008389875134,18.0,3,1,0,11,6,7,1.0,0.0,1,0
WATTEN HOUSE,7883000.0,2368.08,3329.0,2024-03-01,220.0,35832.0,1.32924471287251,103.81094165707,36 SHELFORD ROAD WATTEN HOUSE (U/C) SINGAPORE 288429,6.784008389875134,18.0,3,1,0,11,6,7,1.0,0.0,1,0
WATTEN HOUSE,3149000.0,990.29,3180.0,2024-02-01,92.0,34228.0,1.32924471287251,103.81094165707,36 SHELFORD ROAD WATTEN HOUSE (U/C) SINGAPORE 288429,6.784008389875134,19.0,3,1,0,11,6,7,1.0,0.0,1,0
WATTEN HOUSE,6301000.0,1851.41,3403.0,2024-02-01,172.0,36634.0,1.32924471287251,103.81094165707,36 SHELFORD ROAD WATTEN HOUSE (U/C) SINGAPORE 288429,6.784008389875134,19.0,3,1,0,11,6,7,1.0,0.0,1,0
WATTEN HOUSE,6147000.0,1851.41,3320.0,2024-02-01,172.0,35738.0,1.32924471287251,103.81094165707,36 SHELFORD ROAD WATTEN HOUSE (U/C) SINGAPORE 288429,6.784008389875134,19.0,3,1,0,11,6,7,1.0,0.0,1,0
D'CHATEAU @ SHELFORD,2900000.0,1722.24,1684.0,2024-02-01,160.0,18125.0,1.32809614767202,103.81198826246,25 SHELFORD ROAD D'CHATEAU @ SHELFORD SINGAPORE 288415,6.611737912544638,19.0,3,1,0,13,7,8,1.0,1.0,0,0
IKIGAI,2520000.0,1087.16,2318.0,2024-02-01,101.0,24950.0,1.31790382404123,103.847428354915,38 SHREWSBURY ROAD IKIGAI SINGAPORE 307818,3.879900072370961,19.0,2,2,2,14,13,7,1.0,0.0,0,0
ENCHANTÉ,5520000.0,1700.71,3246.0,2024-02-01,158.0,34937.0,1.31585875980621,103.84033274534,3 EVELYN ROAD ENCHANTÉ (U/C) SINGAPORE 309727,3.822384309299648,19.0,3,1,2,14,12,7,4.0,0.0,0,0
CHANCERY PARK,4100000.0,2378.84,1724.0,2024-02-01,221.0,18552.0,1.31928907823444,103.836653265191,11 CHANCERY LANE CHANCERY PARK SINGAPORE 309502,4.318653130172045,19.0,3,1,3,14,11,5,1.0,1.0,1,0
SOLEIL @ SINARAN,3130000.0,1453.14,2154.0,2024-02-01,135.0,23185.0,1.31960020004528,103.845271738384,2 SINARAN DRIVE SOLEIL @ SINARAN SINGAPORE 307467,4.096964545722665,19.0,1,1,4,14,14,7,3.0,1.0,1,0
PULLMAN RESIDENCES NEWTON,3601000.0,1162.51,3098.0,2024-02-01,108.0,33343.0,1.31467262956125,103.839010845653,"18 DUNEARN ROAD PULLMAN RESIDENCES, NEWTON SINGAPORE 309421",3.747758902511321,19.0,3,1,2,14,10,6,4.0,0.0,0,0
D'CHATEAU @ SHELFORD,1925000.0,893.41,2155.0,2024-02-01,83.0,23193.0,1.32809614767202,103.81198826246,25 SHELFORD ROAD D'CHATEAU @ SHELFORD SINGAPORE 288415,6.611737912544638,19.0,3,1,0,13,7,8,1.0,1.0,0,0
THE LINCOLN RESIDENCES,4300000.0,2088.22,2059.0,2024-02-01,194.0,22165.0,1.31537475902919,103.842399874258,28 SURREY ROAD THE LINCOLN RESIDENCES SINGAPORE 307762,3.70557482758304,19.0,3,2,2,14,13,6,5.0,1.0,1,0
26 NEWTON,1925000.0,775.01,2484.0,2024-02-01,72.0,26736.0,1.3156928164724,103.841615456446,26 NEWTON ROAD 26 NEWTON SINGAPORE 307957,3.762851610410245,19.0,3,2,2,14,13,6,5.0,1.0,0,0
ROCHELLE AT NEWTON,2600000.0,1431.61,1816.0,2024-02-01,133.0,19549.0,1.31404425678498,103.841922909924,188 KENG LEE ROAD ROCHELLE AT NEWTON SINGAPORE 308414,3.578271566582672,19.0,3,2,2,14,11,6,1.0,1.0,1,0
ENCHANTÉ,3613600.0,1280.92,2821.0,2024-02-01,119.0,30366.0,1.31585875980621,103.84033274534,3 EVELYN ROAD ENCHANTÉ (U/C) SINGAPORE 309727,3.822384309299648,19.0,3,1,2,14,12,7,3.0,0.0,0,0
IKIGAI,2530000.0,1087.16,2327.0,2024-02-01,101.0,25050.0,1.31790382404123,103.847428354915,38 SHREWSBURY ROAD IKIGAI SINGAPORE 307818,3.879900072370961,19.0,2,2,2,14,13,7,1.0,0.0,0,0
MEDGE,2318000.0,1313.21,1765.0,2024-02-01,122.0,19000.0,1.32337432256355,103.850380826925,2 MINBU ROAD MEDGE SINGAPORE 308186,4.464916441227247,19.0,1,3,4,12,18,4,4.0,1.0,0,0
SOLEIL @ SINARAN,1070000.0,581.26,1841.0,2024-02-01,54.0,19815.0,1.31960020004528,103.845271738384,2 SINARAN DRIVE SOLEIL @ SINARAN SINGAPORE 307467,4.096964545722665,19.0,1,1,4,14,14,7,1.0,1.0,1,0
10 EVELYN,2077250.0,742.72,2797.0,2024-02-01,69.0,30105.0,1.31615491830399,103.840533848314,10 EVELYN ROAD 10 EVELYN SINGAPORE 309312,3.846689837882823,19.0,3,1,2,14,13,8,1.0,0.0,0,0
HILLCREST ARCADIA,2980000.0,2325.02,1282.0,2024-02-01,216.0,13796.0,1.33377798542711,103.808806606762,255 ARCADIA ROAD HILLCREST ARCADIA SINGAPORE 289850,7.319529262671842,19.0,1,0,0,9,6,5,2.0,1.0,1,0
PARK INFINIA AT WEE NAM,3350000.0,1442.38,2323.0,2024-02-01,134.0,25000.0,1.31441386999901,103.843291191875,2A LINCOLN ROAD PARK INFINIA AT WEE NAM SINGAPORE 308364,3.57796230174373,19.0,3,2,2,14,11,6,2.0,1.0,1,0
SHELFORD REGENCY,1965000.0,925.7,2123.0,2024-02-01,86.0,22849.0,1.32659730501812,103.811332907782,65 SHELFORD ROAD SHELFORD REGENCY SINGAPORE 288455,6.53669061517323,19.0,3,1,0,13,7,8,1.0,1.0,1,0
CUBE 8,5220000.0,3143.09,1661.0,2024-02-01,292.0,17877.0,1.3283636088892,103.841418362322,376 THOMSON ROAD CUBE 8 SINGAPORE 298130,5.12816729630684,19.0,3,0,3,12,14,4,7.0,1.0,1,0
ENCHANTÉ,3525200.0,1280.92,2752.0,2024-02-01,119.0,29624.0,1.31585875980621,103.84033274534,3 EVELYN ROAD ENCHANTÉ (U/C) SINGAPORE 309727,3.822384309299648,19.0,3,1,2,14,12,7,3.0,0.0,0,0
ENCHANTÉ,3026400.0,1087.16,2784.0,2024-02-01,101.0,29964.0,1.31585875980621,103.84033274534,3 EVELYN ROAD ENCHANTÉ (U/C) SINGAPORE 309727,3.822384309299648,19.0,3,1,2,14,12,7,1.0,0.0,0,0
THE LINCOLN RESIDENCES,4200000.0,1980.58,2121.0,2024-02-01,184.0,22826.0,1.31537475902919,103.842399874258,28 SURREY ROAD THE LINCOLN RESIDENCES SINGAPORE 307762,3.70557482758304,19.0,3,2,2,14,13,6,4.0,1.0,1,0
THE ARCADIA,4630000.0,3713.58,1247.0,2024-02-01,345.0,13420.0,1.33337474399547,103.811275631559,235 ARCADIA ROAD THE ARCADIA SINGAPORE 289843,7.111379394487015,19.0,1,0,0,9,6,5,2.0,1.0,1,0
THOMSON EURO-ASIA,2608888.0,1130.22,2308.0,2024-02-01,105.0,24847.0,1.31805872665983,103.844682051372,150 THOMSON ROAD THOMSON EURO-ASIA SINGAPORE 307605,3.9398634725298134,19.0,3,2,3,14,14,7,3.0,1.0,1,0
THE GLYNDEBOURNE,7338000.0,3562.88,2060.0,2024-02-01,331.0,22169.0,1.32222533352038,103.823597825035,38 TREVOSE CRESCENT THE GLYNDEBOURNE SINGAPORE 297722,5.30213333703159,19.0,4,0,0,14,6,4,1.0,1.0,1,0
WATTEN HOUSE,3212000.0,990.29,3244.0,2024-01-01,92.0,34913.0,1.32924471287251,103.81094165707,36 SHELFORD ROAD WATTEN HOUSE (U/C) SINGAPORE 288429,6.784008389875134,20.0,3,1,0,11,6,7,1.0,0.0,1,0
ORCHID APARTMENTS,2400000.0,1356.26,1770.0,2024-01-01,126.0,19048.0,1.33377941780318,103.798570834569,42 ENG NEO AVENUE ORCHID APARTMENTS SINGAPORE 289533,8.097727085030213,20.0,1,0,0,5,6,3,1.0,1.0,0,0
10 EVELYN,2060000.0,742.72,2774.0,2024-01-01,69.0,29855.0,1.31615491830399,103.840533848314,10 EVELYN ROAD 10 EVELYN SINGAPORE 309312,3.846689837882823,20.0,3,1,2,14,13,8,1.0,0.0,0,0
NEWTON ONE,2850000.0,1216.33,2343.0,2024-01-01,113.0,25221.0,1.31404986796426,103.839452778834,1 NEWTON ROAD NEWTON ONE SINGAPORE 307943,3.665961575873588,20.0,3,1,3,14,10,5,3.0,1.0,1,0
THOMSON 800,3009000.0,1625.36,1851.0,2024-01-01,151.0,19927.0,1.3411028334318,103.838741075921,808 THOMSON ROAD THOMSON 800 SINGAPORE 298190,6.567971581242121,20.0,4,1,0,13,13,2,2.0,1.0,1,0
ROCHELLE AT NEWTON,3380000.0,1786.82,1892.0,2024-01-01,166.0,20361.0,1.31404425678498,103.841922909924,188 KENG LEE ROAD ROCHELLE AT NEWTON SINGAPORE 308414,3.578271566582672,20.0,3,2,2,14,11,6,5.0,1.0,1,0
LA MAISON,2560000.0,1270.15,2016.0,2024-01-01,118.0,21695.0,1.31953348960235,103.847029859453,10 MOULMEIN RISE LA MAISON SINGAPORE 308125,4.063776423393345,20.0,1,3,4,14,13,7,3.0,1.0,0,0
10 EVELYN,2096950.0,753.48,2783.0,2024-01-01,70.0,29956.0,1.31615491830399,103.840533848314,10 EVELYN ROAD 10 EVELYN SINGAPORE 309312,3.846689837882823,20.0,3,1,2,14,13,8,1.0,0.0,0,0
L'VIV,2180888.0,990.29,2202.0,2024-01-01,92.0,23705.0,1.31544838531983,103.840354841468,23 NEWTON ROAD L'VIV SINGAPORE 307955,3.778505845346688,20.0,3,1,2,14,12,6,3.0,1.0,0,0
SKY@ELEVEN,6200000.0,2820.17,2198.0,2024-01-01,262.0,23664.0,1.33127079751604,103.841021896647,7 THOMSON LANE SKY@ELEVEN SINGAPORE 297725,5.451828930281204,20.0,4,1,3,12,15,2,8.0,1.0,1,0
10 EVELYN,2059066.0,753.48,2733.0,2024-01-01,70.0,29415.0,1.31615491830399,103.840533848314,10 EVELYN ROAD 10 EVELYN SINGAPORE 309312,3.846689837882823,20.0,3,1,2,14,13,8,1.0,0.0,0,0
LA MAISON,2400000.0,1270.15,1890.0,2024-01-01,118.0,20339.0,1.31953348960235,103.847029859453,10 MOULMEIN RISE LA MAISON SINGAPORE 308125,4.063776423393345,20.0,1,3,4,14,13,7,3.0,1.0,0,0
NOVENA LODGE,1685000.0,785.77,2144.0,2024-01-01,73.0,23082.0,1.32357151793004,103.841133415932,2 JALAN MERLIMAU NOVENA LODGE SINGAPORE 308729,4.618618198372852,20.0,2,0,4,13,13,5,1.0,1.0,1,0
ENCHANTÉ,3503400.0,1280.92,2735.0,2024-01-01,119.0,29440.0,1.31585875980621,103.84033274534,3 EVELYN ROAD ENCHANTÉ (U/C) SINGAPORE 309727,3.822384309299648,20.0,3,1,2,14,12,7,3.0,0.0,0,0
RESIDENCES @ EVELYN,3758000.0,1539.25,2441.0,2024-01-01,143.0,26280.0,1.31548497427322,103.839467418834,17 EVELYN ROAD RESIDENCES @ EVELYN SINGAPORE 309306,3.814435565431148,20.0,3,1,2,14,12,6,4.0,1.0,1,0
GILSTEAD COURT,2650000.0,1388.56,1908.0,2024-01-01,129.0,20543.0,1.31852490969421,103.839521125521,52H GILSTEAD ROAD GILSTEAD COURT SINGAPORE 309097,4.130671506328448,20.0,3,1,3,14,12,7,,1.0,1,0
35 GILSTEAD,3828000.0,1614.6,2371.0,2024-01-01,150.0,25520.0,1.31711023904743,103.837956844749,35 GILSTEAD ROAD 35 GILSTEAD SINGAPORE 309079,4.041420945749914,20.0,3,1,2,14,12,6,1.0,0.0,0,0
CUBE 8,1038000.0,559.73,1854.0,2024-01-01,52.0,19962.0,1.3283636088892,103.841418362322,376 THOMSON ROAD CUBE 8 SINGAPORE 298130,5.12816729630684,20.0,3,0,3,12,14,4,5.0,1.0,1,0
WATTEN HOUSE,12236000.0,3412.19,3576.0,2024-01-01,317.0,38495.0,1.32924471287251,103.81094165707,36 SHELFORD ROAD WATTEN HOUSE (U/C) SINGAPORE 288429,6.784008389875134,20.0,3,1,0,11,6,7,1.0,0.0,1,0
AMANINDA,1200000.0,678.13,1770.0,2024-01-01,63.0,19048.0,1.32478729402026,103.840864419636,331 THOMSON ROAD AMANINDA SINGAPORE 307687,4.756316064412432,20.0,2,0,4,12,14,5,1.0,1.0,1,0
10 EVELYN,2288000.0,807.3,2834.0,2024-01-01,75.0,30507.0,1.31615491830399,103.840533848314,10 EVELYN ROAD 10 EVELYN SINGAPORE 309312,3.846689837882823,20.0,3,1,2,14,13,8,1.0,0.0,0,0
WATTEN HOUSE,3697000.0,1162.51,3180.0,2024-01-01,108.0,34231.0,1.32924471287251,103.81094165707,36 SHELFORD ROAD WATTEN HOUSE (U/C) SINGAPORE 288429,6.784008389875134,20.0,3,1,0,11,6,7,1.0,0.0,1,0
WATTEN HOUSE,3718000.0,1162.51,3198.0,2024-01-01,108.0,34426.0,1.32924471287251,103.81094165707,36 SHELFORD ROAD WATTEN HOUSE (U/C) SINGAPORE 288429,6.784008389875134,20.0,3,1,0,11,6,7,1.0,0.0,1,0
ADRIA,1230000.0,538.2,2285.0,2024-01-01,50.0,24600.0,1.3164463549549,103.846258551824,12 DERBYSHIRE ROAD ADRIA SINGAPORE 309466,3.735780917193752,20.0,3,2,2,14,13,7,4.0,1.0,0,0
THE ARCADIA,4600000.0,3735.11,1232.0,2024-01-01,347.0,13256.0,1.33337474399547,103.811275631559,235 ARCADIA ROAD THE ARCADIA SINGAPORE 289843,7.111379394487015,20.0,1,0,0,9,6,5,2.0,1.0,1,0
THE AXIS,1300000.0,753.48,1725.0,2024-01-01,70.0,18571.0,1.32462194319897,103.849957588255,47 MANDALAY ROAD THE AXIS SINGAPORE 308227,4.6038020641452535,20.0,2,3,4,12,19,4,1.0,1.0,0,0
ZEDGE,888000.0,495.14,1793.0,2024-01-01,46.0,19304.0,1.32242172407521,103.848172032797,2 AKYAB ROAD ZEDGE SINGAPORE 309973,4.370398222376426,20.0,1,3,4,12,14,7,2.0,1.0,0,0
WATTEN HOUSE,4976000.0,1539.25,3233.0,2024-01-01,143.0,34797.0,1.32924471287251,103.81094165707,36 SHELFORD ROAD WATTEN HOUSE (U/C) SINGAPORE 288429,6.784008389875134,20.0,3,1,0,11,6,7,1.0,0.0,1,0
RESIDENCES @ EVELYN,5000000.0,2249.68,2223.0,2024-01-01,209.0,23923.0,1.31548497427322,103.839467418834,17 EVELYN ROAD RESIDENCES @ EVELYN SINGAPORE 309306,3.814435565431148,20.0,3,1,2,14,12,6,5.0,1.0,1,0
PARK INFINIA AT WEE NAM,4700000.0,2002.1,2348.0,2024-01-01,186.0,25269.0,1.31441386999901,103.843291191875,2A LINCOLN ROAD PARK INFINIA AT WEE NAM SINGAPORE 308364,3.57796230174373,20.0,3,2,2,14,11,6,6.0,1.0,1,0
WATTEN HOUSE,7706000.0,2368.08,3254.0,2024-01-01,220.0,35027.0,1.32924471287251,103.81094165707,36 SHELFORD ROAD WATTEN HOUSE (U/C) SINGAPORE 288429,6.784008389875134,20.0,3,1,0,11,6,7,1.0,0.0,1,0
THOMSON 800,2800000.0,1625.36,1723.0,2024-01-01,151.0,18543.0,1.3411028334318,103.838741075921,808 THOMSON ROAD THOMSON 800 SINGAPORE 298190,6.567971581242121,20.0,4,1,0,13,13,2,2.0,1.0,1,0
WATTEN HOUSE,14157000.0,4079.56,3462.0,2023-12-01,379.0,37266.0,1.32924471287251,103.81094165707,36 SHELFORD ROAD WATTEN HOUSE (U/C) SINGAPORE 288429,6.784008389875134,21.0,3,1,0,11,6,7,1.0,0.0,1,0
10 EVELYN,2273900.0,818.06,2780.0,2023-12-01,76.0,29920.0,1.31615491830399,103.840533848314,10 EVELYN ROAD 10 EVELYN SINGAPORE 309312,3.846689837882823,21.0,3,1,2,14,13,8,1.0,0.0,0,0
THE ARCADIA,4400000.0,3735.11,1178.0,2023-12-01,347.0,12680.0,1.33337474399547,103.811275631559,235 ARCADIA ROAD THE ARCADIA SINGAPORE 289843,7.111379394487015,21.0,1,0,0,9,6,5,2.0,1.0,1,0
PARK INFINIA AT WEE NAM,3500000.0,1463.9,2391.0,2023-12-01,136.0,25735.0,1.31441386999901,103.843291191875,2A LINCOLN ROAD PARK INFINIA AT WEE NAM SINGAPORE 308364,3.57796230174373,21.0,3,2,2,14,11,6,2.0,1.0,1,0
PULLMAN RESIDENCES NEWTON,1598000.0,462.85,3453.0,2023-12-01,43.0,37163.0,1.31467262956125,103.839010845653,"18 DUNEARN ROAD PULLMAN RESIDENCES, NEWTON SINGAPORE 309421",3.747758902511321,21.0,3,1,2,14,10,6,6.0,0.0,0,0
GILSTEAD TWO,2140000.0,904.18,2367.0,2023-12-01,84.0,25476.0,1.31496035037871,103.838459402687,2 GILSTEAD ROAD GILSTEAD TWO SINGAPORE 309061,3.799617052654486,21.0,3,1,3,14,10,6,3.0,1.0,0,0
ENCHANTÉ,3077800.0,1087.16,2831.0,2023-12-01,101.0,30473.0,1.31585875980621,103.84033274534,3 EVELYN ROAD ENCHANTÉ (U/C) SINGAPORE 309727,3.822384309299648,21.0,3,1,2,14,12,7,1.0,0.0,0,0
ENCHANTÉ,2720000.0,1001.05,2717.0,2023-12-01,93.0,29247.0,1.31585875980621,103.84033274534,3 EVELYN ROAD ENCHANTÉ (U/C) SINGAPORE 309727,3.822384309299648,21.0,3,1,2,14,12,7,1.0,0.0,0,0
WATTEN HOUSE,4976000.0,1539.25,3233.0,2023-12-01,143.0,34797.0,1.32924471287251,103.81094165707,36 SHELFORD ROAD WATTEN HOUSE (U/C) SINGAPORE 288429,6.784008389875134,21.0,3,1,0,11,6,7,1.0,0.0,1,0
STRATA,973800.0,505.91,1925.0,2023-12-01,47.0,20719.0,1.31740976334811,103.844913840423,1 ESSEX ROAD STRATA SINGAPORE 309329,3.864673219206803,21.0,3,2,3,14,14,7,1.0,1.0,0,0
ROCHELLE AT NEWTON,1938000.0,1011.82,1915.0,2023-12-01,94.0,20617.0,1.31404425678498,103.841922909924,188 KENG LEE ROAD ROCHELLE AT NEWTON SINGAPORE 308414,3.578271566582672,21.0,3,2,2,14,11,6,5.0,1.0,1,0
368 THOMSON,1650000.0,871.88,1892.0,2023-12-01,81.0,20370.0,1.3270913316471,103.841978573745,368 THOMSON ROAD 368 THOMSON SINGAPORE 298127,4.977697388092409,21.0,3,0,3,12,16,4,4.0,1.0,1,0
MULBERRY TREE,1230000.0,667.37,1843.0,2023-12-01,62.0,19839.0,1.31818439913906,103.846394220029,167 MOULMEIN ROAD MULBERRY TREE SINGAPORE 308092,3.9241311123236895,21.0,1,1,4,14,13,7,1.0,1.0,0,0
WATTEN HOUSE,6054000.0,1851.41,3270.0,2023-12-01,172.0,35198.0,1.32924471287251,103.81094165707,36 SHELFORD ROAD WATTEN HOUSE (U/C) SINGAPORE 288429,6.784008389875134,21.0,3,1,0,11,6,7,1.0,0.0,1,0
IRIDIUM,2180000.0,1065.64,2046.0,2023-12-01,99.0,22020.0,1.31513812749678,103.842640203235,11 LINCOLN ROAD IRIDIUM SINGAPORE 308349,3.673438389333036,21.0,3,2,2,14,13,6,3.0,1.0,0,0
AMANINDA,1030000.0,613.55,1679.0,2023-12-01,57.0,18070.0,1.32478729402026,103.840864419636,331 THOMSON ROAD AMANINDA SINGAPORE 307687,4.756316064412432,21.0,2,0,4,12,14,5,1.0,1.0,1,0
HILLCREST ARCADIA,2320000.0,1883.7,1232.0,2023-12-01,175.0,13257.0,1.33377798542711,103.808806606762,255 ARCADIA ROAD HILLCREST ARCADIA SINGAPORE 289850,7.319529262671842,21.0,1,0,0,9,6,5,1.0,1.0,1,0
WATTEN HOUSE,14391000.0,4079.56,3520.0,2023-12-01,379.0,37884.0,1.32924471287251,103.81094165707,36 SHELFORD ROAD WATTEN HOUSE (U/C) SINGAPORE 288429,6.784008389875134,21.0,3,1,0,11,6,7,1.0,0.0,1,0
LA MAISON,2528800.0,1302.44,1942.0,2023-12-01,121.0,20899.0,1.31953348960235,103.847029859453,10 MOULMEIN RISE LA MAISON SINGAPORE 308125,4.063776423393345,21.0,1,3,4,14,13,7,1.0,1.0,0,0
CUBE 8,1720000.0,925.7,1858.0,2023-12-01,86.0,20000.0,1.3283636088892,103.841418362322,376 THOMSON ROAD CUBE 8 SINGAPORE 298130,5.12816729630684,21.0,3,0,3,12,14,4,4.0,1.0,1,0
VIVA,3800000.0,1517.72,2504.0,2023-12-01,141.0,26950.0,1.31565586377638,103.844444721095,2 SUFFOLK WALK VIVA SINGAPORE 307462,3.683877967605451,21.0,3,2,2,14,13,6,3.0,1.0,1,0
10 EVELYN,2345900.0,818.06,2868.0,2023-12-01,76.0,30867.0,1.31615491830399,103.840533848314,10 EVELYN ROAD 10 EVELYN SINGAPORE 309312,3.846689837882823,21.0,3,1,2,14,13,8,1.0,0.0,0,0
PULLMAN RESIDENCES NEWTON,1609000.0,462.85,3476.0,2023-12-01,43.0,37419.0,1.31467262956125,103.839010845653,"18 DUNEARN ROAD PULLMAN RESIDENCES, NEWTON SINGAPORE 309421",3.747758902511321,21.0,3,1,2,14,10,6,6.0,0.0,0,0
GILSTEAD TWO,1675000.0,775.01,2161.0,2023-12-01,72.0,23264.0,1.31496035037871,103.838459402687,2 GILSTEAD ROAD GILSTEAD TWO SINGAPORE 309061,3.799617052654486,21.0,3,1,3,14,10,6,6.0,1.0,0,0
STRATA,1930000.0,1065.64,1811.0,2023-12-01,99.0,19495.0,1.31740976334811,103.844913840423,1 ESSEX ROAD STRATA SINGAPORE 309329,3.864673219206803,21.0,3,2,3,14,14,7,3.0,1.0,0,0
WATTEN HOUSE,4996000.0,1539.25,3246.0,2023-12-01,143.0,34937.0,1.32924471287251,103.81094165707,36 SHELFORD ROAD WATTEN HOUSE (U/C) SINGAPORE 288429,6.784008389875134,21.0,3,1,0,11,6,7,1.0,0.0,1,0
LINCOLN SUITES,1150000.0,462.85,2485.0,2023-12-01,43.0,26744.0,1.31710864002609,103.842743087159,3 KHIANG GUAN AVENUE LINCOLN SUITES SINGAPORE 308381,3.881888940990309,21.0,3,2,3,14,13,7,3.0,1.0,1,0
WATTEN HOUSE,7595000.0,2368.08,3207.0,2023-12-01,220.0,34523.0,1.32924471287251,103.81094165707,36 SHELFORD ROAD WATTEN HOUSE (U/C) SINGAPORE 288429,6.784008389875134,21.0,3,1,0,11,6,7,1.0,0.0,1,0
THE GLYNDEBOURNE,7000000.0,3562.88,1965.0,2023-12-01,331.0,21148.0,1.32222533352038,103.823597825035,38 TREVOSE CRESCENT THE GLYNDEBOURNE SINGAPORE 297722,5.30213333703159,21.0,4,0,0,14,6,4,1.0,1.0,1,0
NOVENA REGENCY,2400000.0,1582.31,1517.0,2023-12-01,147.0,16327.0,1.32114652933088,103.841550400671,275 THOMSON ROAD NOVENA REGENCY SINGAPORE 307645,4.347171027644938,21.0,2,0,4,14,13,6,1.0,1.0,0,0
DUNEARN 386,1620000.0,635.08,2551.0,2023-11-01,59.0,27458.0,1.32443998997673,103.81183629155,386 DUNEARN ROAD DUNEARN 386 SINGAPORE 289599,6.3240665481399505,22.0,4,1,0,13,7,8,1.0,1.0,0,0
GLOUCESTER MANSIONS,1320000.0,656.6,2010.0,2023-11-01,61.0,21639.0,1.31369315585356,103.840387458086,10 NEWTON ROAD GLOUCESTER MANSIONS SINGAPORE 307947,3.5935288260621085,22.0,3,1,2,14,10,5,3.0,1.0,0,0
WATTEN HOUSE,7706000.0,2368.08,3254.0,2023-11-01,220.0,35027.0,1.32924471287251,103.81094165707,36 SHELFORD ROAD WATTEN HOUSE (U/C) SINGAPORE 288429,6.784008389875134,22.0,3,1,0,11,6,7,1.0,0.0,1,0
L'VIV,1400000.0,613.55,2282.0,2023-11-01,57.0,24561.0,1.31544838531983,103.840354841468,23 NEWTON ROAD L'VIV SINGAPORE 307955,3.778505845346688,22.0,3,1,2,14,12,6,6.0,1.0,0,0
PULLMAN RESIDENCES NEWTON,1659240.0,462.85,3585.0,2023-11-01,43.0,38587.0,1.31467262956125,103.839010845653,"18 DUNEARN ROAD PULLMAN RESIDENCES, NEWTON SINGAPORE 309421",3.747758902511321,22.0,3,1,2,14,10,6,6.0,0.0,0,0
GILSTEAD TWO,1950000.0,904.18,2157.0,2023-11-01,84.0,23214.0,1.31496035037871,103.838459402687,2 GILSTEAD ROAD GILSTEAD TWO SINGAPORE 309061,3.799617052654486,22.0,3,1,3,14,10,6,2.0,1.0,0,0
PAVILION 11,2048000.0,958.0,2138.0,2023-11-01,89.0,23011.0,1.32458602112842,103.848173371262,23 AKYAB ROAD PAVILION 11 SINGAPORE 309978,4.609115779437775,22.0,2,3,5,12,18,5,2.0,1.0,1,0
LA SUISSE,2938888.0,2045.16,1437.0,2023-11-01,190.0,15468.0,1.34663071510795,103.789436674932,1 SWISS VIEW LA SUISSE SINGAPORE 288007,9.820715471095133,22.0,0,0,0,1,1,2,1.0,1.0,1,0
RESIDENCES @ EVELYN,3730000.0,1539.25,2423.0,2023-11-01,143.0,26084.0,1.31548497427322,103.839467418834,17 EVELYN ROAD RESIDENCES @ EVELYN SINGAPORE 309306,3.814435565431148,22.0,3,1,2,14,12,6,4.0,1.0,1,0
THE SHELFORD,3480000.0,1399.32,2487.0,2023-11-01,130.0,26769.0,1.32561376215123,103.810731205358,1E SHELFORD ROAD THE SHELFORD SINGAPORE 286890,6.502869662773255,22.0,4,1,0,12,7,8,1.0,1.0,1,0
SOLEIL @ SINARAN,2000000.0,958.0,2088.0,2023-11-01,89.0,22472.0,1.31960020004528,103.845271738384,2 SINARAN DRIVE SOLEIL @ SINARAN SINGAPORE 307467,4.096964545722665,22.0,1,1,4,14,14,7,5.0,1.0,1,0
AMARYLLIS VILLE,1910000.0,979.52,1950.0,2023-11-01,91.0,20989.0,1.31478233515073,103.841958399488,22 NEWTON ROAD AMARYLLIS VILLE SINGAPORE 307990,3.655547978307824,22.0,3,2,2,14,13,6,3.0,1.0,1,0
HILLCREST ARCADIA,1760000.0,1420.85,1239.0,2023-11-01,132.0,13333.0,1.33377798542711,103.808806606762,255 ARCADIA ROAD HILLCREST ARCADIA SINGAPORE 289850,7.319529262671842,22.0,1,0,0,9,6,5,1.0,1.0,1,0
WATTEN HOUSE,7706000.0,2368.08,3254.0,2023-11-01,220.0,35027.0,1.32924471287251,103.81094165707,36 SHELFORD ROAD WATTEN HOUSE (U/C) SINGAPORE 288429,6.784008389875134,22.0,3,1,0,11,6,7,1.0,0.0,1,0
WATTEN HOUSE,7788000.0,2368.08,3289.0,2023-11-01,220.0,35400.0,1.32924471287251,103.81094165707,36 SHELFORD ROAD WATTEN HOUSE (U/C) SINGAPORE 288429,6.784008389875134,22.0,3,1,0,11,6,7,1.0,0.0,1,0
10 EVELYN,2057000.0,742.72,2748.0,2023-11-01,69.0,29578.0,1.31615491830399,103.840533848314,10 EVELYN ROAD 10 EVELYN SINGAPORE 309312,3.846689837882823,22.0,3,1,2,14,13,8,1.0,0.0,0,0
WATTEN HOUSE,7677000.0,2368.08,3242.0,2023-11-01,220.0,34895.0,1.32924471287251,103.81094165707,36 SHELFORD ROAD WATTEN HOUSE (U/C) SINGAPORE 288429,6.784008389875134,22.0,3,1,0,11,6,7,1.0,0.0,1,0
WATTEN HOUSE,14496000.0,4079.56,3545.0,2023-11-01,379.0,38161.0,1.32924471287251,103.81094165707,36 SHELFORD ROAD WATTEN HOUSE (U/C) SINGAPORE 288429,6.784008389875134,22.0,3,1,0,11,6,7,1.0,0.0,1,0
WATTEN HOUSE,7742000.0,2368.08,3269.0,2023-11-01,220.0,35191.0,1.32924471287251,103.81094165707,36 SHELFORD ROAD WATTEN HOUSE (U/C) SINGAPORE 288429,6.784008389875134,22.0,3,1,0,11,6,7,1.0,0.0,1,0
RESIDENCES @ EVELYN,3470000.0,1539.25,2254.0,2023-11-01,143.0,24266.0,1.31548497427322,103.839467418834,17 EVELYN ROAD RESIDENCES @ EVELYN SINGAPORE 309306,3.814435565431148,22.0,3,1,2,14,12,6,7.0,1.0,1,0
WATTEN HOUSE,3146000.0,990.29,3177.0,2023-11-01,92.0,34196.0,1.32924471287251,103.81094165707,36 SHELFORD ROAD WATTEN HOUSE (U/C) SINGAPORE 288429,6.784008389875134,22.0,3,1,0,11,6,7,1.0,0.0,1,0
WATTEN HOUSE,7539000.0,2368.08,3184.0,2023-11-01,220.0,34268.0,1.32924471287251,103.81094165707,36 SHELFORD ROAD WATTEN HOUSE (U/C) SINGAPORE 288429,6.784008389875134,22.0,3,1,0,11,6,7,1.0,0.0,1,0
WATTEN HOUSE,3577000.0,1162.51,3077.0,2023-11-01,108.0,33120.0,1.32924471287251,103.81094165707,36 SHELFORD ROAD WATTEN HOUSE (U/C) SINGAPORE 288429,6.784008389875134,22.0,3,1,0,11,6,7,1.0,0.0,1,0
WATTEN HOUSE,5915000.0,1851.41,3195.0,2023-11-01,172.0,34390.0,1.32924471287251,103.81094165707,36 SHELFORD ROAD WATTEN HOUSE (U/C) SINGAPORE 288429,6.784008389875134,22.0,3,1,0,11,6,7,1.0,0.0,1,0
WATTEN HOUSE,5915000.0,1851.41,3195.0,2023-11-01,172.0,34390.0,1.32924471287251,103.81094165707,36 SHELFORD ROAD WATTEN HOUSE (U/C) SINGAPORE 288429,6.784008389875134,22.0,3,1,0,11,6,7,1.0,0.0,1,0
WATTEN HOUSE,3597000.0,1162.51,3094.0,2023-11-01,108.0,33306.0,1.32924471287251,103.81094165707,36 SHELFORD ROAD WATTEN HOUSE (U/C) SINGAPORE 288429,6.784008389875134,22.0,3,1,0,11,6,7,1.0,0.0,1,0
WATTEN HOUSE,5982000.0,1851.41,3231.0,2023-11-01,172.0,34779.0,1.32924471287251,103.81094165707,36 SHELFORD ROAD WATTEN HOUSE (U/C) SINGAPORE 288429,6.784008389875134,22.0,3,1,0,11,6,7,1.0,0.0,1,0
WATTEN HOUSE,5982000.0,1851.41,3231.0,2023-11-01,172.0,34779.0,1.32924471287251,103.81094165707,36 SHELFORD ROAD WATTEN HOUSE (U/C) SINGAPORE 288429,6.784008389875134,22.0,3,1,0,11,6,7,1.0,0.0,1,0
WATTEN HOUSE,3108000.0,990.29,3138.0,2023-11-01,92.0,33783.0,1.32924471287251,103.81094165707,36 SHELFORD ROAD WATTEN HOUSE (U/C) SINGAPORE 288429,6.784008389875134,22.0,3,1,0,11,6,7,1.0,0.0,1,0
WATTEN HOUSE,3637000.0,1162.51,3129.0,2023-11-01,108.0,33676.0,1.32924471287251,103.81094165707,36 SHELFORD ROAD WATTEN HOUSE (U/C) SINGAPORE 288429,6.784008389875134,22.0,3,1,0,11,6,7,1.0,0.0,1,0
WATTEN HOUSE,5982000.0,1851.41,3231.0,2023-11-01,172.0,34779.0,1.32924471287251,103.81094165707,36 SHELFORD ROAD WATTEN HOUSE (U/C) SINGAPORE 288429,6.784008389875134,22.0,3,1,0,11,6,7,1.0,0.0,1,0
WATTEN HOUSE,4745000.0,1539.25,3083.0,2023-11-01,143.0,33182.0,1.32924471287251,103.81094165707,36 SHELFORD ROAD WATTEN HOUSE (U/C) SINGAPORE 288429,6.784008389875134,22.0,3,1,0,11,6,7,1.0,0.0,1,0
WATTEN HOUSE,3637000.0,1162.51,3129.0,2023-11-01,108.0,33676.0,1.32924471287251,103.81094165707,36 SHELFORD ROAD WATTEN HOUSE (U/C) SINGAPORE 288429,6.784008389875134,22.0,3,1,0,11,6,7,1.0,0.0,1,0
WATTEN HOUSE,6015000.0,1851.41,3249.0,2023-11-01,172.0,34971.0,1.32924471287251,103.81094165707,36 SHELFORD ROAD WATTEN HOUSE (U/C) SINGAPORE 288429,6.784008389875134,22.0,3,1,0,11,6,7,1.0,0.0,1,0
WATTEN HOUSE,4770000.0,1539.25,3099.0,2023-11-01,143.0,33357.0,1.32924471287251,103.81094165707,36 SHELFORD ROAD WATTEN HOUSE (U/C) SINGAPORE 288429,6.784008389875134,22.0,3,1,0,11,6,7,1.0,0.0,1,0
WATTEN HOUSE,3657000.0,1162.51,3146.0,2023-11-01,108.0,33861.0,1.32924471287251,103.81094165707,36 SHELFORD ROAD WATTEN HOUSE (U/C) SINGAPORE 288429,6.784008389875134,22.0,3,1,0,11,6,7,1.0,0.0,1,0
WATTEN HOUSE,5950000.0,1851.41,3214.0,2023-11-01,172.0,34593.0,1.32924471287251,103.81094165707,36 SHELFORD ROAD WATTEN HOUSE (U/C) SINGAPORE 288429,6.784008389875134,22.0,3,1,0,11,6,7,1.0,0.0,1,0
WATTEN HOUSE,5922000.0,1851.41,3199.0,2023-11-01,172.0,34430.0,1.32924471287251,103.81094165707,36 SHELFORD ROAD WATTEN HOUSE (U/C) SINGAPORE 288429,6.784008389875134,22.0,3,1,0,11,6,7,1.0,0.0,1,0
WATTEN HOUSE,5988000.0,1851.41,3234.0,2023-11-01,172.0,34814.0,1.32924471287251,103.81094165707,36 SHELFORD ROAD WATTEN HOUSE (U/C) SINGAPORE 288429,6.784008389875134,22.0,3,1,0,11,6,7,1.0,0.0,1,0
WATTEN HOUSE,5988000.0,1851.41,3234.0,2023-11-01,172.0,34814.0,1.32924471287251,103.81094165707,36 SHELFORD ROAD WATTEN HOUSE (U/C) SINGAPORE 288429,6.784008389875134,22.0,3,1,0,11,6,7,1.0,0.0,1,0
WATTEN HOUSE,3577000.0,1162.51,3077.0,2023-11-01,108.0,33120.0,1.32924471287251,103.81094165707,36 SHELFORD ROAD WATTEN HOUSE (U/C) SINGAPORE 288429,6.784008389875134,22.0,3,1,0,11,6,7,1.0,0.0,1,0
WATTEN HOUSE,3078000.0,990.29,3108.0,2023-11-01,92.0,33457.0,1.32924471287251,103.81094165707,36 SHELFORD ROAD WATTEN HOUSE (U/C) SINGAPORE 288429,6.784008389875134,22.0,3,1,0,11,6,7,1.0,0.0,1,0
WATTEN HOUSE,3577000.0,1162.51,3077.0,2023-11-01,108.0,33120.0,1.32924471287251,103.81094165707,36 SHELFORD ROAD WATTEN HOUSE (U/C) SINGAPORE 288429,6.784008389875134,22.0,3,1,0,11,6,7,1.0,0.0,1,0
WATTEN HOUSE,7539000.0,2368.08,3184.0,2023-11-01,220.0,34268.0,1.32924471287251,103.81094165707,36 SHELFORD ROAD WATTEN HOUSE (U/C) SINGAPORE 288429,6.784008389875134,22.0,3,1,0,11,6,7,1.0,0.0,1,0
WATTEN HOUSE,4918000.0,1539.25,3195.0,2023-11-01,143.0,34392.0,1.32924471287251,103.81094165707,36 SHELFORD ROAD WATTEN HOUSE (U/C) SINGAPORE 288429,6.784008389875134,22.0,3,1,0,11,6,7,1.0,0.0,1,0
WATTEN HOUSE,3118000.0,990.29,3149.0,2023-11-01,92.0,33891.0,1.32924471287251,103.81094165707,36 SHELFORD ROAD WATTEN HOUSE (U/C) SINGAPORE 288429,6.784008389875134,22.0,3,1,0,11,6,7,1.0,0.0,1,0
WATTEN HOUSE,7649000.0,2368.08,3230.0,2023-11-01,220.0,34768.0,1.32924471287251,103.81094165707,36 SHELFORD ROAD WATTEN HOUSE (U/C) SINGAPORE 288429,6.784008389875134,22.0,3,1,0,11,6,7,1.0,0.0,1,0
WATTEN HOUSE,3118000.0,990.29,3149.0,2023-11-01,92.0,33891.0,1.32924471287251,103.81094165707,36 SHELFORD ROAD WATTEN HOUSE (U/C) SINGAPORE 288429,6.784008389875134,22.0,3,1,0,11,6,7,1.0,0.0,1,0
WATTEN HOUSE,3617000.0,1162.51,3111.0,2023-11-01,108.0,33491.0,1.32924471287251,103.81094165707,36 SHELFORD ROAD WATTEN HOUSE (U/C) SINGAPORE 288429,6.784008389875134,22.0,3,1,0,11,6,7,1.0,0.0,1,0
WATTEN HOUSE,7649000.0,2368.08,3230.0,2023-11-01,220.0,34768.0,1.32924471287251,103.81094165707,36 SHELFORD ROAD WATTEN HOUSE (U/C) SINGAPORE 288429,6.784008389875134,22.0,3,1,0,11,6,7,1.0,0.0,1,0
WATTEN HOUSE,7649000.0,2368.08,3230.0,2023-11-01,220.0,34768.0,1.32924471287251,103.81094165707,36 SHELFORD ROAD WATTEN HOUSE (U/C) SINGAPORE 288429,6.784008389875134,22.0,3,1,0,11,6,7,1.0,0.0,1,0
WATTEN HOUSE,4943000.0,1539.25,3211.0,2023-11-01,143.0,34566.0,1.32924471287251,103.81094165707,36 SHELFORD ROAD WATTEN HOUSE (U/C) SINGAPORE 288429,6.784008389875134,22.0,3,1,0,11,6,7,1.0,0.0,1,0
WATTEN HOUSE,3139000.0,990.29,3170.0,2023-11-01,92.0,34120.0,1.32924471287251,103.81094165707,36 SHELFORD ROAD WATTEN HOUSE (U/C) SINGAPORE 288429,6.784008389875134,22.0,3,1,0,11,6,7,1.0,0.0,1,0
WATTEN HOUSE,7539000.0,2368.08,3184.0,2023-11-01,220.0,34268.0,1.32924471287251,103.81094165707,36 SHELFORD ROAD WATTEN HOUSE (U/C) SINGAPORE 288429,6.784008389875134,22.0,3,1,0,11,6,7,1.0,0.0,1,0
WATTEN HOUSE,7619000.0,2368.08,3217.0,2023-11-01,220.0,34632.0,1.32924471287251,103.81094165707,36 SHELFORD ROAD WATTEN HOUSE (U/C) SINGAPORE 288429,6.784008389875134,22.0,3,1,0,11,6,7,1.0,0.0,1,0
WATTEN HOUSE,7619000.0,2368.08,3217.0,2023-11-01,220.0,34632.0,1.32924471287251,103.81094165707,36 SHELFORD ROAD WATTEN HOUSE (U/C) SINGAPORE 288429,6.784008389875134,22.0,3,1,0,11,6,7,1.0,0.0,1,0
WATTEN HOUSE,7619000.0,2368.08,3217.0,2023-11-01,220.0,34632.0,1.32924471287251,103.81094165707,36 SHELFORD ROAD WATTEN HOUSE (U/C) SINGAPORE 288429,6.784008389875134,22.0,3,1,0,11,6,7,1.0,0.0,1,0
WATTEN HOUSE,7659000.0,2368.08,3234.0,2023-11-01,220.0,34814.0,1.32924471287251,103.81094165707,36 SHELFORD ROAD WATTEN HOUSE (U/C) SINGAPORE 288429,6.784008389875134,22.0,3,1,0,11,6,7,1.0,0.0,1,0
WATTEN HOUSE,4918000.0,1539.25,3195.0,2023-11-01,143.0,34392.0,1.32924471287251,103.81094165707,36 SHELFORD ROAD WATTEN HOUSE (U/C) SINGAPORE 288429,6.784008389875134,22.0,3,1,0,11,6,7,1.0,0.0,1,0
WATTEN HOUSE,4918000.0,1539.25,3195.0,2023-11-01,143.0,34392.0,1.32924471287251,103.81094165707,36 SHELFORD ROAD WATTEN HOUSE (U/C) SINGAPORE 288429,6.784008389875134,22.0,3,1,0,11,6,7,1.0,0.0,1,0
WATTEN HOUSE,6098000.0,1851.41,3294.0,2023-11-01,172.0,35453.0,1.32924471287251,103.81094165707,36 SHELFORD ROAD WATTEN HOUSE (U/C) SINGAPORE 288429,6.784008389875134,22.0,3,1,0,11,6,7,1.0,0.0,1,0
WATTEN HOUSE,4918000.0,1539.25,3195.0,2023-11-01,143.0,34392.0,1.32924471287251,103.81094165707,36 SHELFORD ROAD WATTEN HOUSE (U/C) SINGAPORE 288429,6.784008389875134,22.0,3,1,0,11,6,7,1.0,0.0,1,0
WATTEN HOUSE,4918000.0,1539.25,3195.0,2023-11-01,143.0,34392.0,1.32924471287251,103.81094165707,36 SHELFORD ROAD WATTEN HOUSE (U/C) SINGAPORE 288429,6.784008389875134,22.0,3,1,0,11,6,7,1.0,0.0,1,0
WATTEN HOUSE,6098000.0,1851.41,3294.0,2023-11-01,172.0,35453.0,1.32924471287251,103.81094165707,36 SHELFORD ROAD WATTEN HOUSE (U/C) SINGAPORE 288429,6.784008389875134,22.0,3,1,0,11,6,7,1.0,0.0,1,0
WATTEN HOUSE,6098000.0,1851.41,3294.0,2023-11-01,172.0,35453.0,1.32924471287251,103.81094165707,36 SHELFORD ROAD WATTEN HOUSE (U/C) SINGAPORE 288429,6.784008389875134,22.0,3,1,0,11,6,7,1.0,0.0,1,0
WATTEN HOUSE,4943000.0,1539.25,3211.0,2023-11-01,143.0,34566.0,1.32924471287251,103.81094165707,36 SHELFORD ROAD WATTEN HOUSE (U/C) SINGAPORE 288429,6.784008389875134,22.0,3,1,0,11,6,7,1.0,0.0,1,0
WATTEN HOUSE,6165000.0,1851.41,3330.0,2023-11-01,172.0,35843.0,1.32924471287251,103.81094165707,36 SHELFORD ROAD WATTEN HOUSE (U/C) SINGAPORE 288429,6.784008389875134,22.0,3,1,0,11,6,7,1.0,0.0,1,0
WATTEN HOUSE,3636000.0,1162.51,3128.0,2023-11-01,108.0,33667.0,1.32924471287251,103.81094165707,36 SHELFORD ROAD WATTEN HOUSE (U/C) SINGAPORE 288429,6.784008389875134,22.0,3,1,0,11,6,7,1.0,0.0,1,0
WATTEN HOUSE,7569000.0,2368.08,3196.0,2023-11-01,220.0,34405.0,1.32924471287251,103.81094165707,36 SHELFORD ROAD WATTEN HOUSE (U/C) SINGAPORE 288429,6.784008389875134,22.0,3,1,0,11,6,7,1.0,0.0,1,0
WATTEN HOUSE,3636000.0,1162.51,3128.0,2023-11-01,108.0,33667.0,1.32924471287251,103.81094165707,36 SHELFORD ROAD WATTEN HOUSE (U/C) SINGAPORE 288429,6.784008389875134,22.0,3,1,0,11,6,7,1.0,0.0,1,0
WATTEN HOUSE,3107000.0,990.29,3137.0,2023-11-01,92.0,33772.0,1.32924471287251,103.81094165707,36 SHELFORD ROAD WATTEN HOUSE (U/C) SINGAPORE 288429,6.784008389875134,22.0,3,1,0,11,6,7,1.0,0.0,1,0
WATTEN HOUSE,7569000.0,2368.08,3196.0,2023-11-01,220.0,34405.0,1.32924471287251,103.81094165707,36 SHELFORD ROAD WATTEN HOUSE (U/C) SINGAPORE 288429,6.784008389875134,22.0,3,1,0,11,6,7,1.0,0.0,1,0
WATTEN HOUSE,3696000.0,1162.51,3179.0,2023-11-01,108.0,34222.0,1.32924471287251,103.81094165707,36 SHELFORD ROAD WATTEN HOUSE (U/C) SINGAPORE 288429,6.784008389875134,22.0,3,1,0,11,6,7,1.0,0.0,1,0
WATTEN HOUSE,3148000.0,990.29,3179.0,2023-11-01,92.0,34217.0,1.32924471287251,103.81094165707,36 SHELFORD ROAD WATTEN HOUSE (U/C) SINGAPORE 288429,6.784008389875134,22.0,3,1,0,11,6,7,1.0,0.0,1,0
WATTEN HOUSE,7649000.0,2368.08,3230.0,2023-11-01,220.0,34768.0,1.32924471287251,103.81094165707,36 SHELFORD ROAD WATTEN HOUSE (U/C) SINGAPORE 288429,6.784008389875134,22.0,3,1,0,11,6,7,1.0,0.0,1,0
WATTEN HOUSE,3716000.0,1162.51,3197.0,2023-11-01,108.0,34407.0,1.32924471287251,103.81094165707,36 SHELFORD ROAD WATTEN HOUSE (U/C) SINGAPORE 288429,6.784008389875134,22.0,3,1,0,11,6,7,1.0,0.0,1,0
WATTEN HOUSE,3187000.0,990.29,3218.0,2023-11-01,92.0,34641.0,1.32924471287251,103.81094165707,36 SHELFORD ROAD WATTEN HOUSE (U/C) SINGAPORE 288429,6.784008389875134,22.0,3,1,0,11,6,7,1.0,0.0,1,0
WATTEN HOUSE,4887000.0,1539.25,3175.0,2023-11-01,143.0,34175.0,1.32924471287251,103.81094165707,36 SHELFORD ROAD WATTEN HOUSE (U/C) SINGAPORE 288429,6.784008389875134,22.0,3,1,0,11,6,7,1.0,0.0,1,0
WATTEN HOUSE,7649000.0,2368.08,3230.0,2023-11-01,220.0,34768.0,1.32924471287251,103.81094165707,36 SHELFORD ROAD WATTEN HOUSE (U/C) SINGAPORE 288429,6.784008389875134,22.0,3,1,0,11,6,7,1.0,0.0,1,0
WATTEN HOUSE,3776000.0,1162.51,3248.0,2023-11-01,108.0,34963.0,1.32924471287251,103.81094165707,36 SHELFORD ROAD WATTEN HOUSE (U/C) SINGAPORE 288429,6.784008389875134,22.0,3,1,0,11,6,7,1.0,0.0,1,0
WATTEN HOUSE,3249000.0,990.29,3281.0,2023-11-01,92.0,35315.0,1.32924471287251,103.81094165707,36 SHELFORD ROAD WATTEN HOUSE (U/C) SINGAPORE 288429,6.784008389875134,22.0,3,1,0,11,6,7,1.0,0.0,1,0
WATTEN HOUSE,7550000.0,2368.08,3188.0,2023-11-01,220.0,34318.0,1.32924471287251,103.81094165707,36 SHELFORD ROAD WATTEN HOUSE (U/C) SINGAPORE 288429,6.784008389875134,22.0,3,1,0,11,6,7,1.0,0.0,1,0
WATTEN HOUSE,4838000.0,1539.25,3143.0,2023-11-01,143.0,33832.0,1.32924471287251,103.81094165707,36 SHELFORD ROAD WATTEN HOUSE (U/C) SINGAPORE 288429,6.784008389875134,22.0,3,1,0,11,6,7,1.0,0.0,1,0
WATTEN HOUSE,4838000.0,1539.25,3143.0,2023-11-01,143.0,33832.0,1.32924471287251,103.81094165707,36 SHELFORD ROAD WATTEN HOUSE (U/C) SINGAPORE 288429,6.784008389875134,22.0,3,1,0,11,6,7,1.0,0.0,1,0
WATTEN HOUSE,7787000.0,2368.08,3288.0,2023-11-01,220.0,35395.0,1.32924471287251,103.81094165707,36 SHELFORD ROAD WATTEN HOUSE (U/C) SINGAPORE 288429,6.784008389875134,22.0,3,1,0,11,6,7,1.0,0.0,1,0
WATTEN HOUSE,7749000.0,2368.08,3272.0,2023-11-01,220.0,35223.0,1.32924471287251,103.81094165707,36 SHELFORD ROAD WATTEN HOUSE (U/C) SINGAPORE 288429,6.784008389875134,22.0,3,1,0,11,6,7,1.0,0.0,1,0
WATTEN HOUSE,7787000.0,2368.08,3288.0,2023-11-01,220.0,35395.0,1.32924471287251,103.81094165707,36 SHELFORD ROAD WATTEN HOUSE (U/C) SINGAPORE 288429,6.784008389875134,22.0,3,1,0,11,6,7,1.0,0.0,1,0
WATTEN HOUSE,7749000.0,2368.08,3272.0,2023-11-01,220.0,35223.0,1.32924471287251,103.81094165707,36 SHELFORD ROAD WATTEN HOUSE (U/C) SINGAPORE 288429,6.784008389875134,22.0,3,1,0,11,6,7,1.0,0.0,1,0
WATTEN HOUSE,4887000.0,1539.25,3175.0,2023-11-01,143.0,34175.0,1.32924471287251,103.81094165707,36 SHELFORD ROAD WATTEN HOUSE (U/C) SINGAPORE 288429,6.784008389875134,22.0,3,1,0,11,6,7,1.0,0.0,1,0
WATTEN HOUSE,3619000.0,1162.51,3113.0,2023-11-01,108.0,33509.0,1.32924471287251,103.81094165707,36 SHELFORD ROAD WATTEN HOUSE (U/C) SINGAPORE 288429,6.784008389875134,22.0,3,1,0,11,6,7,1.0,0.0,1,0
WATTEN HOUSE,4838000.0,1539.25,3143.0,2023-11-01,143.0,33832.0,1.32924471287251,103.81094165707,36 SHELFORD ROAD WATTEN HOUSE (U/C) SINGAPORE 288429,6.784008389875134,22.0,3,1,0,11,6,7,1.0,0.0,1,0
WATTEN HOUSE,3639000.0,1162.51,3130.0,2023-11-01,108.0,33694.0,1.32924471287251,103.81094165707,36 SHELFORD ROAD WATTEN HOUSE (U/C) SINGAPORE 288429,6.784008389875134,22.0,3,1,0,11,6,7,1.0,0.0,1,0
WATTEN HOUSE,3177000.0,990.29,3208.0,2023-11-01,92.0,34533.0,1.32924471287251,103.81094165707,36 SHELFORD ROAD WATTEN HOUSE (U/C) SINGAPORE 288429,6.784008389875134,22.0,3,1,0,11,6,7,1.0,0.0,1,0
WATTEN HOUSE,3720000.0,1162.51,3200.0,2023-11-01,108.0,34444.0,1.32924471287251,103.81094165707,36 SHELFORD ROAD WATTEN HOUSE (U/C) SINGAPORE 288429,6.784008389875134,22.0,3,1,0,11,6,7,1.0,0.0,1,0
WATTEN HOUSE,6015000.0,1851.41,3249.0,2023-11-01,172.0,34971.0,1.32924471287251,103.81094165707,36 SHELFORD ROAD WATTEN HOUSE (U/C) SINGAPORE 288429,6.784008389875134,22.0,3,1,0,11,6,7,1.0,0.0,1,0
WATTEN HOUSE,4887000.0,1539.25,3175.0,2023-11-01,143.0,34175.0,1.32924471287251,103.81094165707,36 SHELFORD ROAD WATTEN HOUSE (U/C) SINGAPORE 288429,6.784008389875134,22.0,3,1,0,11,6,7,1.0,0.0,1,0
WATTEN HOUSE,6015000.0,1851.41,3249.0,2023-11-01,172.0,34971.0,1.32924471287251,103.81094165707,36 SHELFORD ROAD WATTEN HOUSE (U/C) SINGAPORE 288429,6.784008389875134,22.0,3,1,0,11,6,7,1.0,0.0,1,0
WATTEN HOUSE,5962000.0,1851.41,3220.0,2023-11-01,172.0,34663.0,1.32924471287251,103.81094165707,36 SHELFORD ROAD WATTEN HOUSE (U/C) SINGAPORE 288429,6.784008389875134,22.0,3,1,0,11,6,7,1.0,0.0,1,0
WATTEN HOUSE,4938000.0,1539.25,3208.0,2023-11-01,143.0,34531.0,1.32924471287251,103.81094165707,36 SHELFORD ROAD WATTEN HOUSE (U/C) SINGAPORE 288429,6.784008389875134,22.0,3,1,0,11,6,7,1.0,0.0,1,0
WATTEN HOUSE,3238000.0,990.29,3270.0,2023-11-01,92.0,35196.0,1.32924471287251,103.81094165707,36 SHELFORD ROAD WATTEN HOUSE (U/C) SINGAPORE 288429,6.784008389875134,22.0,3,1,0,11,6,7,1.0,0.0,1,0
WATTEN HOUSE,3780000.0,1162.51,3252.0,2023-11-01,108.0,35000.0,1.32924471287251,103.81094165707,36 SHELFORD ROAD WATTEN HOUSE (U/C) SINGAPORE 288429,6.784008389875134,22.0,3,1,0,11,6,7,1.0,0.0,1,0
WATTEN HOUSE,6048000.0,1851.41,3267.0,2023-11-01,172.0,35163.0,1.32924471287251,103.81094165707,36 SHELFORD ROAD WATTEN HOUSE (U/C) SINGAPORE 288429,6.784008389875134,22.0,3,1,0,11,6,7,1.0,0.0,1,0
PULLMAN RESIDENCES NEWTON,1582700.0,462.85,3419.0,2023-11-01,43.0,36807.0,1.31467262956125,103.839010845653,"18 DUNEARN ROAD PULLMAN RESIDENCES, NEWTON SINGAPORE 309421",3.747758902511321,22.0,3,1,2,14,10,6,6.0,0.0,0,0
WATTEN HOUSE,5915000.0,1851.41,3195.0,2023-11-01,172.0,34390.0,1.32924471287251,103.81094165707,36 SHELFORD ROAD WATTEN HOUSE (U/C) SINGAPORE 288429,6.784008389875134,22.0,3,1,0,11,6,7,1.0,0.0,1,0
WATTEN HOUSE,3128000.0,990.29,3159.0,2023-11-01,92.0,34000.0,1.32924471287251,103.81094165707,36 SHELFORD ROAD WATTEN HOUSE (U/C) SINGAPORE 288429,6.784008389875134,22.0,3,1,0,11,6,7,1.0,0.0,1,0
WATTEN HOUSE,5950000.0,1851.41,3214.0,2023-11-01,172.0,34593.0,1.32924471287251,103.81094165707,36 SHELFORD ROAD WATTEN HOUSE (U/C) SINGAPORE 288429,6.784008389875134,22.0,3,1,0,11,6,7,1.0,0.0,1,0
WATTEN HOUSE,5950000.0,1851.41,3214.0,2023-11-01,172.0,34593.0,1.32924471287251,103.81094165707,36 SHELFORD ROAD WATTEN HOUSE (U/C) SINGAPORE 288429,6.784008389875134,22.0,3,1,0,11,6,7,1.0,0.0,1,0
WATTEN HOUSE,5950000.0,1851.41,3214.0,2023-11-01,172.0,34593.0,1.32924471287251,103.81094165707,36 SHELFORD ROAD WATTEN HOUSE (U/C) SINGAPORE 288429,6.784008389875134,22.0,3,1,0,11,6,7,1.0,0.0,1,0
WATTEN HOUSE,6083000.0,1851.41,3286.0,2023-11-01,172.0,35366.0,1.32924471287251,103.81094165707,36 SHELFORD ROAD WATTEN HOUSE (U/C) SINGAPORE 288429,6.784008389875134,22.0,3,1,0,11,6,7,1.0,0.0,1,0
WATTEN HOUSE,11745000.0,3412.19,3432.0,2023-11-01,317.0,36946.0,1.32924471287251,103.81094165707,36 SHELFORD ROAD WATTEN HOUSE (U/C) SINGAPORE 288429,6.784008389875134,22.0,3,1,0,11,6,7,1.0,0.0,1,0
WATTEN HOUSE,7564000.0,2368.08,3194.0,2023-11-01,220.0,34382.0,1.32924471287251,103.81094165707,36 SHELFORD ROAD WATTEN HOUSE (U/C) SINGAPORE 288429,6.784008389875134,22.0,3,1,0,11,6,7,1.0,0.0,1,0
WATTEN HOUSE,4863000.0,1539.25,3159.0,2023-11-01,143.0,34007.0,1.32924471287251,103.81094165707,36 SHELFORD ROAD WATTEN HOUSE (U/C) SINGAPORE 288429,6.784008389875134,22.0,3,1,0,11,6,7,1.0,0.0,1,0
WATTEN HOUSE,14245000.0,4079.56,3484.0,2023-11-01,379.0,37499.0,1.32924471287251,103.81094165707,36 SHELFORD ROAD WATTEN HOUSE (U/C) SINGAPORE 288429,6.784008389875134,22.0,3,1,0,11,6,7,1.0,0.0,1,0
WATTEN HOUSE,7729000.0,2368.08,3264.0,2023-11-01,220.0,35132.0,1.32924471287251,103.81094165707,36 SHELFORD ROAD WATTEN HOUSE (U/C) SINGAPORE 288429,6.784008389875134,22.0,3,1,0,11,6,7,1.0,0.0,1,0
WATTEN HOUSE,4943000.0,1539.25,3211.0,2023-11-01,143.0,34566.0,1.32924471287251,103.81094165707,36 SHELFORD ROAD WATTEN HOUSE (U/C) SINGAPORE 288429,6.784008389875134,22.0,3,1,0,11,6,7,1.0,0.0,1,0
WATTEN HOUSE,7427000.0,2368.08,3136.0,2023-11-01,220.0,33759.0,1.32924471287251,103.81094165707,36 SHELFORD ROAD WATTEN HOUSE (U/C) SINGAPORE 288429,6.784008389875134,22.0,3,1,0,11,6,7,1.0,0.0,1,0
WATTEN HOUSE,4883000.0,1539.25,3172.0,2023-11-01,143.0,34147.0,1.32924471287251,103.81094165707,36 SHELFORD ROAD WATTEN HOUSE (U/C) SINGAPORE 288429,6.784008389875134,22.0,3,1,0,11,6,7,1.0,0.0,1,0
WATTEN HOUSE,3062000.0,990.29,3092.0,2023-11-01,92.0,33283.0,1.32924471287251,103.81094165707,36 SHELFORD ROAD WATTEN HOUSE (U/C) SINGAPORE 288429,6.784008389875134,22.0,3,1,0,11,6,7,1.0,0.0,1,0
WATTEN HOUSE,3082000.0,990.29,3112.0,2023-11-01,92.0,33500.0,1.32924471287251,103.81094165707,36 SHELFORD ROAD WATTEN HOUSE (U/C) SINGAPORE 288429,6.784008389875134,22.0,3,1,0,11,6,7,1.0,0.0,1,0
WATTEN HOUSE,5896000.0,1851.41,3185.0,2023-11-01,172.0,34279.0,1.32924471287251,103.81094165707,36 SHELFORD ROAD WATTEN HOUSE (U/C) SINGAPORE 288429,6.784008389875134,22.0,3,1,0,11,6,7,1.0,0.0,1,0
WATTEN HOUSE,3177000.0,990.29,3208.0,2023-11-01,92.0,34533.0,1.32924471287251,103.81094165707,36 SHELFORD ROAD WATTEN HOUSE (U/C) SINGAPORE 288429,6.784008389875134,22.0,3,1,0,11,6,7,1.0,0.0,1,0
WATTEN HOUSE,3720000.0,1162.51,3200.0,2023-11-01,108.0,34444.0,1.32924471287251,103.81094165707,36 SHELFORD ROAD WATTEN HOUSE (U/C) SINGAPORE 288429,6.784008389875134,22.0,3,1,0,11,6,7,1.0,0.0,1,0
THE ANSLEY,2338000.0,1302.44,1795.0,2023-11-01,121.0,19322.0,1.32327434333138,103.848835015461,33 MANDALAY ROAD THE ANSLEY SINGAPORE 308214,4.459842710119622,22.0,1,3,5,12,15,6,3.0,1.0,1,0
10 EVELYN,2299800.0,807.3,2849.0,2023-11-01,75.0,30664.0,1.31615491830399,103.840533848314,10 EVELYN ROAD 10 EVELYN SINGAPORE 309312,3.846689837882823,22.0,3,1,2,14,13,8,1.0,0.0,0,0
ROCHELLE AT NEWTON,2731000.0,1506.96,1812.0,2023-11-01,140.0,19507.0,1.31404425678498,103.841922909924,188 KENG LEE ROAD ROCHELLE AT NEWTON SINGAPORE 308414,3.578271566582672,22.0,3,2,2,14,11,6,5.0,1.0,1,0
THE LINCOLN MODERN,2750000.0,1410.08,1950.0,2023-11-01,131.0,20992.0,1.31532312585557,103.843055868846,20 LINCOLN ROAD THE LINCOLN MODERN SINGAPORE 308353,3.681849969048285,22.0,3,2,2,14,13,6,5.0,1.0,0,0
NOVENA COURT,1250000.0,861.12,1452.0,2023-11-01,80.0,15625.0,1.32292732467511,103.842114483993,2E JALAN NOVENA BARAT NOVENA COURT SINGAPORE 308603,4.524348727321245,22.0,1,0,4,13,13,4,1.0,1.0,0,0
GILSTEAD TWO,2268000.0,904.18,2508.0,2023-11-01,84.0,27000.0,1.31496035037871,103.838459402687,2 GILSTEAD ROAD GILSTEAD TWO SINGAPORE 309061,3.799617052654486,22.0,3,1,3,14,10,6,5.0,1.0,0,0
10 EVELYN,1441500.0,495.14,2911.0,2023-11-01,46.0,31337.0,1.31615491830399,103.840533848314,10 EVELYN ROAD 10 EVELYN SINGAPORE 309312,3.846689837882823,22.0,3,1,2,14,13,8,1.0,0.0,0,0
HILLCREST ARCADIA,1210000.0,914.94,1322.0,2023-11-01,85.0,14235.0,1.33377798542711,103.808806606762,255 ARCADIA ROAD HILLCREST ARCADIA SINGAPORE 289850,7.319529262671842,22.0,1,0,0,9,6,5,1.0,1.0,1,0
SOLEIL @ SINARAN,1100000.0,581.26,1892.0,2023-11-01,54.0,20370.0,1.31960020004528,103.845271738384,2 SINARAN DRIVE SOLEIL @ SINARAN SINGAPORE 307467,4.096964545722665,22.0,1,1,4,14,14,7,5.0,1.0,1,0
ADRIA,3210000.0,1506.96,2130.0,2023-11-01,140.0,22929.0,1.3164463549549,103.846258551824,12 DERBYSHIRE ROAD ADRIA SINGAPORE 309466,3.735780917193752,22.0,3,2,2,14,13,7,5.0,1.0,0,0
10 EVELYN,2283900.0,807.3,2829.0,2023-11-01,75.0,30452.0,1.31615491830399,103.840533848314,10 EVELYN ROAD 10 EVELYN SINGAPORE 309312,3.846689837882823,22.0,3,1,2,14,13,8,1.0,0.0,0,0
NOVENA REGENCY,880000.0,495.14,1777.0,2023-11-01,46.0,19130.0,1.32114652933088,103.841550400671,275 THOMSON ROAD NOVENA REGENCY SINGAPORE 307645,4.347171027644938,22.0,2,0,4,14,13,6,1.0,1.0,0,0
LINCOLN SUITES,1085000.0,473.62,2291.0,2023-11-01,44.0,24659.0,1.31710864002609,103.842743087159,3 KHIANG GUAN AVENUE LINCOLN SUITES SINGAPORE 308381,3.881888940990309,22.0,3,2,3,14,13,7,2.0,1.0,1,0
NOVENA COURT,1488888.0,861.12,1729.0,2023-11-01,80.0,18611.0,1.32292732467511,103.842114483993,2E JALAN NOVENA BARAT NOVENA COURT SINGAPORE 308603,4.524348727321245,22.0,1,0,4,13,13,4,1.0,1.0,0,0
10 SHELFORD,838000.0,430.56,1946.0,2023-11-01,40.0,20950.0,1.32580825364563,103.812516919467,10 SHELFORD ROAD 10 SHELFORD SINGAPORE 288353,6.383468750218335,22.0,3,1,0,13,7,8,1.0,1.0,0,0
NEWTON 18,1240000.0,613.55,2021.0,2023-11-01,57.0,21754.0,1.31429426375311,103.841150697585,18 NEWTON ROAD NEWTON 18 SINGAPORE 307989,3.6298212404791177,22.0,3,1,2,14,10,6,4.0,1.0,0,0
SOLEIL @ SINARAN,1800000.0,958.0,1879.0,2023-11-01,89.0,20225.0,1.31960020004528,103.845271738384,2 SINARAN DRIVE SOLEIL @ SINARAN SINGAPORE 307467,4.096964545722665,22.0,1,1,4,14,14,7,1.0,1.0,1,0
PULLMAN RESIDENCES NEWTON,3258000.0,1162.51,2803.0,2023-11-01,108.0,30167.0,1.31467262956125,103.839010845653,"18 DUNEARN ROAD PULLMAN RESIDENCES, NEWTON SINGAPORE 309421",3.747758902511321,22.0,3,1,2,14,10,6,1.0,0.0,0,0
PULLMAN RESIDENCES NEWTON,3740000.0,1162.51,3217.0,2023-11-01,108.0,34630.0,1.31467262956125,103.839010845653,"18 DUNEARN ROAD PULLMAN RESIDENCES, NEWTON SINGAPORE 309421",3.747758902511321,22.0,3,1,2,14,10,6,6.0,0.0,0,0
PULLMAN RESIDENCES NEWTON,1615000.0,462.85,3489.0,2023-10-01,43.0,37558.0,1.31467262956125,103.839010845653,"18 DUNEARN ROAD PULLMAN RESIDENCES, NEWTON SINGAPORE 309421",3.747758902511321,23.0,3,1,2,14,10,6,6.0,0.0,0,0
MONTEBLEU,2220000.0,1140.98,1946.0,2023-10-01,106.0,20943.0,1.32378273509884,103.850102052541,8 MINBU ROAD MONTEBLEU SINGAPORE 308162,4.510651977234295,23.0,1,3,4,12,18,4,5.0,1.0,1,0
CUBE 8,1668000.0,925.7,1802.0,2023-10-01,86.0,19395.0,1.3283636088892,103.841418362322,376 THOMSON ROAD CUBE 8 SINGAPORE 298130,5.12816729630684,23.0,3,0,3,12,14,4,5.0,1.0,1,0
THE LINCOLN RESIDENCES,4100000.0,1840.64,2227.0,2023-10-01,171.0,23977.0,1.31537475902919,103.842399874258,28 SURREY ROAD THE LINCOLN RESIDENCES SINGAPORE 307762,3.70557482758304,23.0,3,2,2,14,13,6,3.0,1.0,1,0
CHANCERY ESQUIRE,1700000.0,893.41,1903.0,2023-10-01,83.0,20482.0,1.31765462879831,103.836535043005,8 CHANCERY LANE CHANCERY ESQUIRE SINGAPORE 309494,4.156345677003505,23.0,3,1,2,14,11,5,1.0,1.0,0,0
368 THOMSON,1298000.0,688.9,1884.0,2023-10-01,64.0,20281.0,1.3270913316471,103.841978573745,368 THOMSON ROAD 368 THOMSON SINGAPORE 298127,4.977697388092409,23.0,3,0,3,12,16,4,6.0,1.0,1,0
SOLEIL @ SINARAN,3200000.0,1463.9,2186.0,2023-10-01,136.0,23529.0,1.31960020004528,103.845271738384,2 SINARAN DRIVE SOLEIL @ SINARAN SINGAPORE 307467,4.096964545722665,23.0,1,1,4,14,14,7,7.0,1.0,1,0
PARK INFINIA AT WEE NAM,3350000.0,1463.9,2288.0,2023-10-01,136.0,24632.0,1.31441386999901,103.843291191875,2A LINCOLN ROAD PARK INFINIA AT WEE NAM SINGAPORE 308364,3.57796230174373,23.0,3,2,2,14,11,6,3.0,1.0,1,0
NOVENA COURT,1388888.0,861.12,1613.0,2023-10-01,80.0,17361.0,1.32292732467511,103.842114483993,2E JALAN NOVENA BARAT NOVENA COURT SINGAPORE 308603,4.524348727321245,23.0,1,0,4,13,13,4,1.0,1.0,0,0
SOLEIL @ SINARAN,1920000.0,936.47,2050.0,2023-10-01,87.0,22069.0,1.31960020004528,103.845271738384,2 SINARAN DRIVE SOLEIL @ SINARAN SINGAPORE 307467,4.096964545722665,23.0,1,1,4,14,14,7,7.0,1.0,1,0
SOLEIL @ SINARAN,2440000.0,1097.93,2222.0,2023-10-01,102.0,23922.0,1.31960020004528,103.845271738384,2 SINARAN DRIVE SOLEIL @ SINARAN SINGAPORE 307467,4.096964545722665,23.0,1,1,4,14,14,7,7.0,1.0,1,0
THOMSON EURO-ASIA,2050000.0,947.23,2164.0,2023-10-01,88.0,23295.0,1.31805872665983,103.844682051372,150 THOMSON ROAD THOMSON EURO-ASIA SINGAPORE 307605,3.9398634725298134,23.0,3,2,3,14,14,7,4.0,1.0,1,0
THE AXIS,1245000.0,753.48,1652.0,2023-10-01,70.0,17786.0,1.32462194319897,103.849957588255,47 MANDALAY ROAD THE AXIS SINGAPORE 308227,4.6038020641452535,23.0,2,3,4,12,19,4,2.0,1.0,0,0
LA SUISSE,2700000.0,1679.18,1608.0,2023-10-01,156.0,17308.0,1.34663071510795,103.789436674932,1 SWISS VIEW LA SUISSE SINGAPORE 288007,9.820715471095133,23.0,0,0,0,1,1,2,1.0,1.0,1,0
IKIGAI,2200000.0,968.76,2271.0,2023-10-01,90.0,24444.0,1.31790382404123,103.847428354915,38 SHREWSBURY ROAD IKIGAI SINGAPORE 307818,3.879900072370961,23.0,2,2,2,14,13,7,1.0,0.0,0,0
PULLMAN RESIDENCES NEWTON,1578000.0,462.85,3409.0,2023-10-01,43.0,36698.0,1.31467262956125,103.839010845653,"18 DUNEARN ROAD PULLMAN RESIDENCES, NEWTON SINGAPORE 309421",3.747758902511321,23.0,3,1,2,14,10,6,6.0,0.0,0,0
THE ARCADIA,4280000.0,3735.11,1146.0,2023-10-01,347.0,12334.0,1.33337474399547,103.811275631559,235 ARCADIA ROAD THE ARCADIA SINGAPORE 289843,7.111379394487015,23.0,1,0,0,9,6,5,2.0,1.0,1,0
NOVENA REGENCY,960000.0,462.85,2074.0,2023-10-01,43.0,22326.0,1.32114652933088,103.841550400671,275 THOMSON ROAD NOVENA REGENCY SINGAPORE 307645,4.347171027644938,23.0,2,0,4,14,13,6,1.0,1.0,0,0
LINCOLN SUITES,1100000.0,462.85,2377.0,2023-10-01,43.0,25581.0,1.31710864002609,103.842743087159,3 KHIANG GUAN AVENUE LINCOLN SUITES SINGAPORE 308381,3.881888940990309,23.0,3,2,3,14,13,7,2.0,1.0,1,0
10 EVELYN,1391780.0,495.14,2811.0,2023-10-01,46.0,30256.0,1.31615491830399,103.840533848314,10 EVELYN ROAD 10 EVELYN SINGAPORE 309312,3.846689837882823,23.0,3,1,2,14,13,8,1.0,0.0,0,0
VIVA,3800000.0,1517.72,2504.0,2023-10-01,141.0,26950.0,1.31565586377638,103.844444721095,2 SUFFOLK WALK VIVA SINGAPORE 307462,3.683877967605451,23.0,3,2,2,14,13,6,3.0,1.0,1,0
SKY@ELEVEN,5000000.0,2271.2,2201.0,2023-10-01,211.0,23697.0,1.33127079751604,103.841021896647,7 THOMSON LANE SKY@ELEVEN SINGAPORE 297725,5.451828930281204,23.0,4,1,3,12,15,2,6.0,1.0,1,0
PULLMAN RESIDENCES NEWTON,1726000.0,462.85,3729.0,2023-10-01,43.0,40140.0,1.31467262956125,103.839010845653,"18 DUNEARN ROAD PULLMAN RESIDENCES, NEWTON SINGAPORE 309421",3.747758902511321,23.0,3,1,2,14,10,6,6.0,0.0,0,0
KARTAR APARTMENTS,18000000.0,6964.31,2585.0,2023-10-01,647.0,27821.0,1.314922413126,103.844843392551,41 THOMSON ROAD KARTAR APARTMENTS SINGAPORE 307582,3.595701030597357,23.0,4,2,2,14,11,6,1.0,1.0,0,0
MEDGE,865000.0,462.85,1869.0,2023-10-01,43.0,20116.0,1.32337432256355,103.850380826925,2 MINBU ROAD MEDGE SINGAPORE 308186,4.464916441227247,23.0,1,3,4,12,18,4,3.0,1.0,0,0
LINCOLN SUITES,2550000.0,1097.93,2323.0,2023-10-01,102.0,25000.0,1.31710864002609,103.842743087159,3 KHIANG GUAN AVENUE LINCOLN SUITES SINGAPORE 308381,3.881888940990309,23.0,3,2,3,14,13,7,4.0,1.0,1,0
THE GLYNDEBOURNE,4620000.0,1991.34,2320.0,2023-10-01,185.0,24973.0,1.32222533352038,103.823597825035,38 TREVOSE CRESCENT THE GLYNDEBOURNE SINGAPORE 297722,5.30213333703159,23.0,4,0,0,14,6,4,1.0,1.0,1,0
MANDALE HEIGHTS,2100000.0,1205.57,1742.0,2023-10-01,112.0,18750.0,1.32433421345059,103.849717961403,45 MANDALAY ROAD MANDALE HEIGHTS SINGAPORE 308225,4.572750960660567,23.0,2,3,4,12,19,4,2.0,1.0,0,0
SOLEIL @ SINARAN,1910000.0,936.47,2040.0,2023-10-01,87.0,21954.0,1.31960020004528,103.845271738384,2 SINARAN DRIVE SOLEIL @ SINARAN SINGAPORE 307467,4.096964545722665,23.0,1,1,4,14,14,7,7.0,1.0,1,0
THE ARMADALE,1900000.0,1033.34,1839.0,2023-10-01,96.0,19792.0,1.31856765330093,103.840268808403,60 GILSTEAD ROAD THE ARMADALE SINGAPORE 309104,4.1102218338608845,23.0,3,1,3,14,13,7,1.0,1.0,0,0
VIVA,3400000.0,1345.5,2527.0,2023-10-01,125.0,27200.0,1.31565586377638,103.844444721095,2 SUFFOLK WALK VIVA SINGAPORE 307462,3.683877967605451,23.0,3,2,2,14,13,6,5.0,1.0,1,0
THE LINCOLN MODERN,1980000.0,1108.69,1786.0,2023-10-01,103.0,19223.0,1.31532312585557,103.843055868846,20 LINCOLN ROAD THE LINCOLN MODERN SINGAPORE 308353,3.681849969048285,23.0,3,2,2,14,13,6,2.0,1.0,0,0
10 SHELFORD,840450.0,430.56,1952.0,2023-10-01,40.0,21011.0,1.32580825364563,103.812516919467,10 SHELFORD ROAD 10 SHELFORD SINGAPORE 288353,6.383468750218335,23.0,3,1,0,13,7,8,1.0,1.0,0,0
PULLMAN RESIDENCES NEWTON,4245000.0,1280.92,3314.0,2023-10-01,119.0,35672.0,1.31467262956125,103.839010845653,"18 DUNEARN ROAD PULLMAN RESIDENCES, NEWTON SINGAPORE 309421",3.747758902511321,23.0,3,1,2,14,10,6,6.0,0.0,0,0
BIRMINGHAM MANSIONS,2020000.0,1076.4,1877.0,2023-10-01,100.0,20200.0,1.3177326204316,103.844909211296,130 THOMSON ROAD BIRMINGHAM MANSIONS SINGAPORE 307682,3.8999150436492296,23.0,3,2,3,14,14,7,1.0,1.0,0,0
LINCOLN SUITES,3750000.0,1614.6,2323.0,2023-10-01,150.0,25000.0,1.31710864002609,103.842743087159,3 KHIANG GUAN AVENUE LINCOLN SUITES SINGAPORE 308381,3.881888940990309,23.0,3,2,3,14,13,7,5.0,1.0,1,0
PULLMAN RESIDENCES NEWTON,3739230.0,1162.51,3217.0,2023-10-01,108.0,34623.0,1.31467262956125,103.839010845653,"18 DUNEARN ROAD PULLMAN RESIDENCES, NEWTON SINGAPORE 309421",3.747758902511321,23.0,3,1,2,14,10,6,6.0,0.0,0,0
GILSTEAD TWO,1700000.0,775.01,2194.0,2023-10-01,72.0,23611.0,1.31496035037871,103.838459402687,2 GILSTEAD ROAD GILSTEAD TWO SINGAPORE 309061,3.799617052654486,23.0,3,1,3,14,10,6,6.0,1.0,0,0
ENCHANTÉ,3085000.0,1087.16,2838.0,2023-10-01,101.0,30545.0,1.31585875980621,103.84033274534,3 EVELYN ROAD ENCHANTÉ (U/C) SINGAPORE 309727,3.822384309299648,23.0,3,1,2,14,12,7,2.0,0.0,0,0
LION TOWERS,3300000.0,1862.17,1772.0,2023-10-01,173.0,19075.0,1.31657343183669,103.845293528065,2 ESSEX ROAD LION TOWERS SINGAPORE 309330,3.766307111875673,23.0,3,2,2,14,13,7,2.0,1.0,0,0
PULLMAN RESIDENCES NEWTON,3978000.0,1162.51,3422.0,2023-09-01,108.0,36833.0,1.31467262956125,103.839010845653,"18 DUNEARN ROAD PULLMAN RESIDENCES, NEWTON SINGAPORE 309421",3.747758902511321,24.0,3,1,2,14,10,6,6.0,0.0,0,0
PULLMAN RESIDENCES NEWTON,3731000.0,1280.92,2913.0,2023-09-01,119.0,31353.0,1.31467262956125,103.839010845653,"18 DUNEARN ROAD PULLMAN RESIDENCES, NEWTON SINGAPORE 309421",3.747758902511321,24.0,3,1,2,14,10,6,3.0,0.0,0,0
PULLMAN RESIDENCES NEWTON,1587000.0,462.85,3429.0,2023-09-01,43.0,36907.0,1.31467262956125,103.839010845653,"18 DUNEARN ROAD PULLMAN RESIDENCES, NEWTON SINGAPORE 309421",3.747758902511321,24.0,3,1,2,14,10,6,6.0,0.0,0,0
SOLEIL @ SINARAN,990000.0,495.14,1999.0,2023-09-01,46.0,21522.0,1.31960020004528,103.845271738384,2 SINARAN DRIVE SOLEIL @ SINARAN SINGAPORE 307467,4.096964545722665,24.0,1,1,4,14,14,7,2.0,1.0,1,0
MONTEBLEU,3150000.0,1593.07,1977.0,2023-09-01,148.0,21284.0,1.32378273509884,103.850102052541,8 MINBU ROAD MONTEBLEU SINGAPORE 308162,4.510651977234295,24.0,1,3,4,12,18,4,7.0,1.0,1,0
PULLMAN RESIDENCES NEWTON,3450150.0,1162.51,2968.0,2023-09-01,108.0,31946.0,1.31467262956125,103.839010845653,"18 DUNEARN ROAD PULLMAN RESIDENCES, NEWTON SINGAPORE 309421",3.747758902511321,24.0,3,1,2,14,10,6,4.0,0.0,0,0
PULLMAN RESIDENCES NEWTON,4046000.0,1162.51,3480.0,2023-09-01,108.0,37463.0,1.31467262956125,103.839010845653,"18 DUNEARN ROAD PULLMAN RESIDENCES, NEWTON SINGAPORE 309421",3.747758902511321,24.0,3,1,2,14,10,6,6.0,0.0,0,0
AMARYLLIS VILLE,3753000.0,1991.34,1885.0,2023-09-01,185.0,20286.0,1.31478233515073,103.841958399488,22 NEWTON ROAD AMARYLLIS VILLE SINGAPORE 307990,3.655547978307824,24.0,3,2,2,14,13,6,4.0,1.0,1,0
SUITES @ NEWTON,970000.0,484.38,2003.0,2023-09-01,45.0,21556.0,1.31640035574617,103.841671833933,1 SURREY ROAD SUITES @ NEWTON SINGAPORE 307740,3.8363724273902986,24.0,3,2,2,14,13,7,3.0,1.0,0,0
PULLMAN RESIDENCES NEWTON,3707550.0,1162.51,3189.0,2023-09-01,108.0,34329.0,1.31467262956125,103.839010845653,"18 DUNEARN ROAD PULLMAN RESIDENCES, NEWTON SINGAPORE 309421",3.747758902511321,24.0,3,1,2,14,10,6,6.0,0.0,0,0
PULLMAN RESIDENCES NEWTON,4425300.0,1280.92,3455.0,2023-09-01,119.0,37187.0,1.31467262956125,103.839010845653,"18 DUNEARN ROAD PULLMAN RESIDENCES, NEWTON SINGAPORE 309421",3.747758902511321,24.0,3,1,2,14,10,6,6.0,0.0,0,0
10 SHELFORD,808000.0,430.56,1877.0,2023-09-01,40.0,20200.0,1.32580825364563,103.812516919467,10 SHELFORD ROAD 10 SHELFORD SINGAPORE 288353,6.383468750218335,24.0,3,1,0,13,7,8,1.0,1.0,0,0
L'VIV,1508000.0,656.6,2297.0,2023-09-01,61.0,24721.0,1.31544838531983,103.840354841468,23 NEWTON ROAD L'VIV SINGAPORE 307955,3.778505845346688,24.0,3,1,2,14,12,6,5.0,1.0,0,0
LUCIDA,1086000.0,624.31,1740.0,2023-09-01,58.0,18724.0,1.31464830253379,103.844819093226,2 SUFFOLK ROAD LUCIDA SINGAPORE 307780,3.566471950535546,24.0,4,2,2,14,11,6,3.0,1.0,0,0
PULLMAN RESIDENCES NEWTON,2170000.0,667.37,3252.0,2023-09-01,62.0,35000.0,1.31467262956125,103.839010845653,"18 DUNEARN ROAD PULLMAN RESIDENCES, NEWTON SINGAPORE 309421",3.747758902511321,24.0,3,1,2,14,10,6,6.0,0.0,0,0
ENCHANTÉ,2800000.0,1001.05,2797.0,2023-09-01,93.0,30108.0,1.31585875980621,103.84033274534,3 EVELYN ROAD ENCHANTÉ (U/C) SINGAPORE 309727,3.822384309299648,24.0,3,1,2,14,12,7,2.0,0.0,0,0
SUFFOLK PREMIER,1540000.0,1044.11,1475.0,2023-09-01,97.0,15876.0,1.31424399792716,103.844686730014,3 SUFFOLK ROAD SUFFOLK PREMIER SINGAPORE 307781,3.5255221806794355,24.0,4,2,2,14,10,6,3.0,1.0,0,0
PARK INFINIA AT WEE NAM,3320000.0,1463.9,2268.0,2023-09-01,136.0,24412.0,1.31441386999901,103.843291191875,2A LINCOLN ROAD PARK INFINIA AT WEE NAM SINGAPORE 308364,3.57796230174373,24.0,3,2,2,14,11,6,1.0,1.0,1,0
BUCKLEY CLASSIQUE,3250000.0,1410.08,2305.0,2023-09-01,131.0,24809.0,1.3179599892541,103.840328123302,11 BUCKLEY ROAD BUCKLEY CLASSIQUE SINGAPORE 309767,4.044031983866686,24.0,3,1,3,14,13,7,1.0,1.0,1,0
PULLMAN RESIDENCES NEWTON,2148300.0,667.37,3219.0,2023-09-01,62.0,34650.0,1.31467262956125,103.839010845653,"18 DUNEARN ROAD PULLMAN RESIDENCES, NEWTON SINGAPORE 309421",3.747758902511321,24.0,3,1,2,14,10,6,6.0,0.0,0,0
AMARYLLIS VILLE,1788000.0,958.0,1866.0,2023-09-01,89.0,20090.0,1.31478233515073,103.841958399488,22 NEWTON ROAD AMARYLLIS VILLE SINGAPORE 307990,3.655547978307824,24.0,3,2,2,14,13,6,1.0,1.0,1,0
NEWTON LODGE,2688000.0,1657.66,1622.0,2023-09-01,154.0,17455.0,1.31756869967119,103.841183539314,41 NEWTON ROAD NEWTON LODGE SINGAPORE 307968,3.975485150961492,24.0,3,1,3,14,13,8,1.0,1.0,0,0
PULLMAN RESIDENCES NEWTON,3653440.0,1162.51,3143.0,2023-09-01,108.0,33828.0,1.31467262956125,103.839010845653,"18 DUNEARN ROAD PULLMAN RESIDENCES, NEWTON SINGAPORE 309421",3.747758902511321,24.0,3,1,2,14,10,6,6.0,0.0,0,0
PULLMAN RESIDENCES NEWTON,1578000.0,462.85,3409.0,2023-09-01,43.0,36698.0,1.31467262956125,103.839010845653,"18 DUNEARN ROAD PULLMAN RESIDENCES, NEWTON SINGAPORE 309421",3.747758902511321,24.0,3,1,2,14,10,6,6.0,0.0,0,0
NOVENA LODGE,1680000.0,936.47,1794.0,2023-09-01,87.0,19310.0,1.32357151793004,103.841133415932,2 JALAN MERLIMAU NOVENA LODGE SINGAPORE 308729,4.618618198372852,24.0,2,0,4,13,13,5,1.0,1.0,1,0
PULLMAN RESIDENCES NEWTON,3761000.0,1162.51,3235.0,2023-09-01,108.0,34824.0,1.31467262956125,103.839010845653,"18 DUNEARN ROAD PULLMAN RESIDENCES, NEWTON SINGAPORE 309421",3.747758902511321,24.0,3,1,2,14,10,6,6.0,0.0,0,0
PULLMAN RESIDENCES NEWTON,1612000.0,462.85,3483.0,2023-09-01,43.0,37488.0,1.31467262956125,103.839010845653,"18 DUNEARN ROAD PULLMAN RESIDENCES, NEWTON SINGAPORE 309421",3.747758902511321,24.0,3,1,2,14,10,6,6.0,0.0,0,0
10 SHELFORD,900000.0,462.85,1944.0,2023-09-01,43.0,20930.0,1.32580825364563,103.812516919467,10 SHELFORD ROAD 10 SHELFORD SINGAPORE 288353,6.383468750218335,24.0,3,1,0,13,7,8,1.0,1.0,0,0
M21,3180000.0,2432.66,1307.0,2023-09-01,226.0,14071.0,1.32252212187302,103.848891107309,21 MANDALAY ROAD M21 SINGAPORE 308208,4.376450490663607,24.0,1,3,4,12,14,6,4.0,1.0,0,0
PULLMAN RESIDENCES NEWTON,4366890.0,1377.79,3169.0,2023-09-01,128.0,34116.0,1.31467262956125,103.839010845653,"18 DUNEARN ROAD PULLMAN RESIDENCES, NEWTON SINGAPORE 309421",3.747758902511321,24.0,3,1,2,14,10,6,6.0,0.0,0,0
THE PARK VALE,3500000.0,2034.4,1720.0,2023-09-01,189.0,18519.0,1.32999513668172,103.811623198198,4B PARK VALE THE PARK VALE SINGAPORE 288564,6.797626695790571,24.0,3,1,0,11,6,7,1.0,1.0,1,0
AMARYLLIS VILLE,2350000.0,1259.39,1866.0,2023-09-01,117.0,20085.0,1.31478233515073,103.841958399488,22 NEWTON ROAD AMARYLLIS VILLE SINGAPORE 307990,3.655547978307824,24.0,3,2,2,14,13,6,4.0,1.0,1,0
PULLMAN RESIDENCES NEWTON,1578000.0,462.85,3409.0,2023-09-01,43.0,36698.0,1.31467262956125,103.839010845653,"18 DUNEARN ROAD PULLMAN RESIDENCES, NEWTON SINGAPORE 309421",3.747758902511321,24.0,3,1,2,14,10,6,6.0,0.0,0,0
NEU AT NOVENA,3333120.0,1302.44,2559.0,2023-09-01,121.0,27546.0,1.31961486592659,103.845969245127,27 MOULMEIN RISE NEU AT NOVENA SINGAPORE 308140,4.087211641971712,24.0,1,2,4,14,13,7,2.0,0.0,0,0
26 NEWTON,1095000.0,473.62,2312.0,2023-09-01,44.0,24886.0,1.3156928164724,103.841615456446,26 NEWTON ROAD 26 NEWTON SINGAPORE 307957,3.762851610410245,24.0,3,2,2,14,13,6,5.0,1.0,0,0
NEU AT NOVENA,1450000.0,548.96,2641.0,2023-09-01,51.0,28431.0,1.31961486592659,103.845969245127,27 MOULMEIN RISE NEU AT NOVENA SINGAPORE 308140,4.087211641971712,24.0,1,2,4,14,13,7,2.0,,0,0
PULLMAN RESIDENCES NEWTON,1587000.0,462.85,3429.0,2023-09-01,43.0,36907.0,1.31467262956125,103.839010845653,"18 DUNEARN ROAD PULLMAN RESIDENCES, NEWTON SINGAPORE 309421",3.747758902511321,24.0,3,1,2,14,10,6,6.0,0.0,0,0
L'VIV,2250000.0,1001.05,2248.0,2023-09-01,93.0,24194.0,1.31544838531983,103.840354841468,23 NEWTON ROAD L'VIV SINGAPORE 307955,3.778505845346688,24.0,3,1,2,14,12,6,3.0,1.0,0,0
PULLMAN RESIDENCES NEWTON,3623400.0,1162.51,3117.0,2023-09-01,108.0,33550.0,1.31467262956125,103.839010845653,"18 DUNEARN ROAD PULLMAN RESIDENCES, NEWTON SINGAPORE 309421",3.747758902511321,24.0,3,1,2,14,10,6,5.0,0.0,0,0
NOVENA HILL,1062888.0,710.42,1496.0,2023-09-01,66.0,16104.0,1.32376633231593,103.843393016962,33A JALAN NOVENA NOVENA HILL SINGAPORE 308651,4.58654015401076,24.0,1,0,4,12,14,5,1.0,1.0,0,0
AMARYLLIS VILLE,2500000.0,1237.86,2020.0,2023-09-01,115.0,21739.0,1.31478233515073,103.841958399488,22 NEWTON ROAD AMARYLLIS VILLE SINGAPORE 307990,3.655547978307824,24.0,3,2,2,14,13,6,5.0,1.0,1,0
THE SHELFORD,5100000.0,2411.14,2115.0,2023-09-01,224.0,22768.0,1.32561376215123,103.810731205358,1E SHELFORD ROAD THE SHELFORD SINGAPORE 286890,6.502869662773255,24.0,4,1,0,12,7,8,1.0,1.0,1,0
ENCHANTÉ,3133300.0,1087.16,2882.0,2023-09-01,101.0,31023.0,1.31585875980621,103.84033274534,3 EVELYN ROAD ENCHANTÉ (U/C) SINGAPORE 309727,3.822384309299648,24.0,3,1,2,14,12,7,2.0,0.0,0,0
PULLMAN RESIDENCES NEWTON,1508000.0,462.85,3258.0,2023-09-01,43.0,35070.0,1.31467262956125,103.839010845653,"18 DUNEARN ROAD PULLMAN RESIDENCES, NEWTON SINGAPORE 309421",3.747758902511321,24.0,3,1,2,14,10,6,6.0,0.0,0,0
PULLMAN RESIDENCES NEWTON,1508000.0,462.85,3258.0,2023-09-01,43.0,35070.0,1.31467262956125,103.839010845653,"18 DUNEARN ROAD PULLMAN RESIDENCES, NEWTON SINGAPORE 309421",3.747758902511321,24.0,3,1,2,14,10,6,6.0,0.0,0,0
MULBERRY TREE,1200000.0,710.42,1689.0,2023-08-01,66.0,18182.0,1.31818439913906,103.846394220029,167 MOULMEIN ROAD MULBERRY TREE SINGAPORE 308092,3.9241311123236895,25.0,1,1,4,14,13,7,1.0,1.0,0,0
PULLMAN RESIDENCES NEWTON,3625000.0,1162.51,3118.0,2023-08-01,108.0,33565.0,1.31467262956125,103.839010845653,"18 DUNEARN ROAD PULLMAN RESIDENCES, NEWTON SINGAPORE 309421",3.747758902511321,25.0,3,1,2,14,10,6,5.0,0.0,0,0
PULLMAN RESIDENCES NEWTON,4495000.0,1377.79,3262.0,2023-08-01,128.0,35117.0,1.31467262956125,103.839010845653,"18 DUNEARN ROAD PULLMAN RESIDENCES, NEWTON SINGAPORE 309421",3.747758902511321,25.0,3,1,2,14,10,6,6.0,0.0,0,0
THE TREVOSE,2250000.0,1280.92,1757.0,2023-08-01,119.0,18908.0,1.32302176043306,103.82529938582,60 TREVOSE CRESCENT THE TREVOSE SINGAPORE 298090,5.269266023284268,25.0,3,0,0,13,6,5,1.0,1.0,1,0
LA SUISSE,2620000.0,1657.66,1581.0,2023-08-01,154.0,17013.0,1.34663071510795,103.789436674932,1 SWISS VIEW LA SUISSE SINGAPORE 288007,9.820715471095133,25.0,0,0,0,1,1,2,1.0,1.0,1,0
D'EVELYN,2620000.0,1280.92,2045.0,2023-08-01,119.0,22017.0,1.31675903918365,103.839662106935,18 EVELYN ROAD D' EVELYN SINGAPORE 309307,3.9403934920901262,25.0,3,1,2,14,12,7,1.0,1.0,0,0
6 DERBYSHIRE,920000.0,473.62,1943.0,2023-08-01,44.0,20909.0,1.31568172551155,103.845880417376,6 DERBYSHIRE ROAD 6 DERBYSHIRE SINGAPORE 309462,3.6584167943606625,25.0,3,2,2,14,13,6,4.0,1.0,1,0
ZEDGE,1303888.0,721.19,1808.0,2023-08-01,67.0,19461.0,1.32242172407521,103.848172032797,2 AKYAB ROAD ZEDGE SINGAPORE 309973,4.370398222376426,25.0,1,3,4,12,14,7,4.0,1.0,0,0
CUBE 8,2800000.0,1420.85,1971.0,2023-08-01,132.0,21212.0,1.3283636088892,103.841418362322,376 THOMSON ROAD CUBE 8 SINGAPORE 298130,5.12816729630684,25.0,3,0,3,12,14,4,6.0,1.0,1,0
MEDGE,1390000.0,861.12,1614.0,2023-08-01,80.0,17375.0,1.32337432256355,103.850380826925,2 MINBU ROAD MEDGE SINGAPORE 308186,4.464916441227247,25.0,1,3,4,12,18,4,3.0,1.0,0,0
SOLEIL @ SINARAN,2000000.0,958.0,2088.0,2023-08-01,89.0,22472.0,1.31960020004528,103.845271738384,2 SINARAN DRIVE SOLEIL @ SINARAN SINGAPORE 307467,4.096964545722665,25.0,1,1,4,14,14,7,7.0,1.0,1,0
PULLMAN RESIDENCES NEWTON,1498000.0,462.85,3236.0,2023-08-01,43.0,34837.0,1.31467262956125,103.839010845653,"18 DUNEARN ROAD PULLMAN RESIDENCES, NEWTON SINGAPORE 309421",3.747758902511321,25.0,3,1,2,14,10,6,6.0,0.0,0,0
CUBE 8,1540000.0,925.7,1664.0,2023-08-01,86.0,17907.0,1.3283636088892,103.841418362322,376 THOMSON ROAD CUBE 8 SINGAPORE 298130,5.12816729630684,25.0,3,0,3,12,14,4,2.0,1.0,1,0
10 EVELYN,1461550.0,495.14,2952.0,2023-08-01,46.0,31773.0,1.31615491830399,103.840533848314,10 EVELYN ROAD 10 EVELYN SINGAPORE 309312,3.846689837882823,25.0,3,1,2,14,13,8,1.0,0.0,0,0
THE SHELFORD,3380000.0,1399.32,2415.0,2023-08-01,130.0,26000.0,1.32561376215123,103.810731205358,1E SHELFORD ROAD THE SHELFORD SINGAPORE 286890,6.502869662773255,25.0,4,1,0,12,7,8,1.0,1.0,1,0
ZEDGE,1338000.0,764.24,1751.0,2023-08-01,71.0,18845.0,1.32242172407521,103.848172032797,2 AKYAB ROAD ZEDGE SINGAPORE 309973,4.370398222376426,25.0,1,3,4,12,14,7,2.0,1.0,0,0
PULLMAN RESIDENCES NEWTON,1910000.0,667.37,2862.0,2023-08-01,62.0,30806.0,1.31467262956125,103.839010845653,"18 DUNEARN ROAD PULLMAN RESIDENCES, NEWTON SINGAPORE 309421",3.747758902511321,25.0,3,1,2,14,10,6,1.0,,0,0
PULLMAN RESIDENCES NEWTON,3820000.0,1162.51,3286.0,2023-08-01,108.0,35370.0,1.31467262956125,103.839010845653,"18 DUNEARN ROAD PULLMAN RESIDENCES, NEWTON SINGAPORE 309421",3.747758902511321,25.0,3,1,2,14,10,6,6.0,0.0,0,0
368 THOMSON,2544108.0,1302.44,1953.0,2023-08-01,121.0,21026.0,1.3270913316471,103.841978573745,368 THOMSON ROAD 368 THOMSON SINGAPORE 298127,4.977697388092409,25.0,3,0,3,12,16,4,2.0,1.0,1,0
8 BASSEIN,825000.0,452.09,1825.0,2023-08-01,42.0,19643.0,1.32353748014389,103.848108217465,8 BASSEIN ROAD 8 BASSEIN SINGAPORE 309838,4.493964280091297,25.0,2,3,5,12,14,6,1.0,1.0,0,0
ROCHELLE AT NEWTON,3080000.0,2163.56,1424.0,2023-08-01,201.0,15323.0,1.31404425678498,103.841922909924,188 KENG LEE ROAD ROCHELLE AT NEWTON SINGAPORE 308414,3.578271566582672,25.0,3,2,2,14,11,6,1.0,1.0,1,0
ZEDGE,1398000.0,893.41,1565.0,2023-08-01,83.0,16843.0,1.32242172407521,103.848172032797,2 AKYAB ROAD ZEDGE SINGAPORE 309973,4.370398222376426,25.0,1,3,4,12,14,7,3.0,1.0,0,0
THE LINC,2000000.0,1140.98,1753.0,2023-08-01,106.0,18868.0,1.31449452187166,103.842505898673,7 LINCOLN ROAD THE LINC SINGAPORE 308346,3.6085239653203423,25.0,3,2,2,14,12,6,1.0,1.0,0,0
LINCOLN SUITES,1150000.0,462.85,2485.0,2023-08-01,43.0,26744.0,1.31710864002609,103.842743087159,3 KHIANG GUAN AVENUE LINCOLN SUITES SINGAPORE 308381,3.881888940990309,25.0,3,2,3,14,13,7,3.0,1.0,1,0
LINCOLN SUITES,990000.0,462.85,2139.0,2023-08-01,43.0,23023.0,1.31710864002609,103.842743087159,3 KHIANG GUAN AVENUE LINCOLN SUITES SINGAPORE 308381,3.881888940990309,25.0,3,2,3,14,13,7,2.0,1.0,1,0
PULLMAN RESIDENCES NEWTON,1563000.0,462.85,3377.0,2023-08-01,43.0,36349.0,1.31467262956125,103.839010845653,"18 DUNEARN ROAD PULLMAN RESIDENCES, NEWTON SINGAPORE 309421",3.747758902511321,25.0,3,1,2,14,10,6,5.0,0.0,0,0
8 BASSEIN,870000.0,452.09,1924.0,2023-08-01,42.0,20714.0,1.32353748014389,103.848108217465,8 BASSEIN ROAD 8 BASSEIN SINGAPORE 309838,4.493964280091297,25.0,2,3,5,12,14,6,2.0,1.0,0,0
PARK INFINIA AT WEE NAM,3630000.0,1689.95,2148.0,2023-08-01,157.0,23121.0,1.31441386999901,103.843291191875,2A LINCOLN ROAD PARK INFINIA AT WEE NAM SINGAPORE 308364,3.57796230174373,25.0,3,2,2,14,11,6,2.0,1.0,1,0
PULLMAN RESIDENCES NEWTON,1508000.0,462.85,3258.0,2023-08-01,43.0,35070.0,1.31467262956125,103.839010845653,"18 DUNEARN ROAD PULLMAN RESIDENCES, NEWTON SINGAPORE 309421",3.747758902511321,25.0,3,1,2,14,10,6,5.0,0.0,0,0
BIRMINGHAM MANSIONS,1980000.0,1076.4,1839.0,2023-08-01,100.0,19800.0,1.3177326204316,103.844909211296,130 THOMSON ROAD BIRMINGHAM MANSIONS SINGAPORE 307682,3.8999150436492296,25.0,3,2,3,14,14,7,2.0,1.0,0,0
10 EVELYN,2179520.0,807.3,2700.0,2023-08-01,75.0,29060.0,1.31615491830399,103.840533848314,10 EVELYN ROAD 10 EVELYN SINGAPORE 309312,3.846689837882823,25.0,3,1,2,14,13,8,1.0,0.0,0,0
AMARYLLIS VILLE,1800000.0,979.52,1838.0,2023-08-01,91.0,19780.0,1.31478233515073,103.841958399488,22 NEWTON ROAD AMARYLLIS VILLE SINGAPORE 307990,3.655547978307824,25.0,3,2,2,14,13,6,3.0,1.0,1,0
THE ARMADALE,1838000.0,1151.75,1596.0,2023-08-01,107.0,17178.0,1.31856765330093,103.840268808403,60 GILSTEAD ROAD THE ARMADALE SINGAPORE 309104,4.1102218338608845,25.0,3,1,3,14,13,7,1.0,1.0,0,0
AMARYLLIS VILLE,2500000.0,1259.39,1985.0,2023-08-01,117.0,21368.0,1.31478233515073,103.841958399488,22 NEWTON ROAD AMARYLLIS VILLE SINGAPORE 307990,3.655547978307824,25.0,3,2,2,14,13,6,5.0,1.0,1,0
10 EVELYN,2070000.0,753.48,2747.0,2023-08-01,70.0,29571.0,1.31615491830399,103.840533848314,10 EVELYN ROAD 10 EVELYN SINGAPORE 309312,3.846689837882823,25.0,3,1,2,14,13,8,1.0,0.0,0,0
PULLMAN RESIDENCES NEWTON,2160000.0,667.37,3237.0,2023-08-01,62.0,34839.0,1.31467262956125,103.839010845653,"18 DUNEARN ROAD PULLMAN RESIDENCES, NEWTON SINGAPORE 309421",3.747758902511321,25.0,3,1,2,14,10,6,6.0,0.0,0,0
NOVENA COURT,1340800.0,861.12,1557.0,2023-08-01,80.0,16760.0,1.32292732467511,103.842114483993,2E JALAN NOVENA BARAT NOVENA COURT SINGAPORE 308603,4.524348727321245,25.0,1,0,4,13,13,4,1.0,1.0,0,0
ADAM PARK CONDOMINIUM,1933000.0,958.0,2018.0,2023-08-01,89.0,21719.0,1.32804489589413,103.813395586111,27A ADAM ROAD ADAM PARK CONDOMINIUM SINGAPORE 289900,6.5056226819707295,25.0,3,1,0,13,7,8,1.0,1.0,1,0
MULBERRY TREE,1050000.0,635.08,1653.0,2023-08-01,59.0,17797.0,1.31818439913906,103.846394220029,167 MOULMEIN ROAD MULBERRY TREE SINGAPORE 308092,3.9241311123236895,25.0,1,1,4,14,13,7,1.0,1.0,0,0
THOMSON 800,2850000.0,1625.36,1753.0,2023-07-01,151.0,18874.0,1.3411028334318,103.838741075921,808 THOMSON ROAD THOMSON 800 SINGAPORE 298190,6.567971581242121,26.0,4,1,0,13,13,2,2.0,1.0,1,0
SOLEIL @ SINARAN,1198000.0,581.26,2061.0,2023-07-01,54.0,22185.0,1.31960020004528,103.845271738384,2 SINARAN DRIVE SOLEIL @ SINARAN SINGAPORE 307467,4.096964545722665,26.0,1,1,4,14,14,7,6.0,1.0,1,0
THE LINCOLN MODERN,2750000.0,1377.79,1996.0,2023-07-01,128.0,21484.0,1.31532312585557,103.843055868846,20 LINCOLN ROAD THE LINCOLN MODERN SINGAPORE 308353,3.681849969048285,26.0,3,2,2,14,13,6,3.0,1.0,0,0
26 NEWTON,1050000.0,484.38,2168.0,2023-07-01,45.0,23333.0,1.3156928164724,103.841615456446,26 NEWTON ROAD 26 NEWTON SINGAPORE 307957,3.762851610410245,26.0,3,2,2,14,13,6,3.0,1.0,0,0
18 SHELFORD,2688000.0,1377.79,1951.0,2023-07-01,128.0,21000.0,1.32731952558617,103.812831770778,18 SHELFORD ROAD 18 SHELFORD SINGAPORE 288407,6.4853449338411195,26.0,3,1,0,13,7,8,1.0,1.0,0,0
SOLEIL @ SINARAN,1880000.0,958.0,1962.0,2023-07-01,89.0,21124.0,1.31960020004528,103.845271738384,2 SINARAN DRIVE SOLEIL @ SINARAN SINGAPORE 307467,4.096964545722665,26.0,1,1,4,14,14,7,6.0,1.0,1,0
SUITES @ NEWTON,1250000.0,602.78,2074.0,2023-07-01,56.0,22321.0,1.31640035574617,103.841671833933,1 SURREY ROAD SUITES @ NEWTON SINGAPORE 307740,3.8363724273902986,26.0,3,2,2,14,13,7,3.0,1.0,0,0
SANCTUARY@NEWTON,2712200.0,1054.87,2571.0,2023-07-01,98.0,27676.0,1.31602422236802,103.84157165109,2 SURREY ROAD SANCTUARY@NEWTON (U/C) SINGAPORE 307742,3.799414011967981,26.0,3,2,2,14,13,7,2.0,0.0,0,0
DUNEARN SUITES,860000.0,419.8,2049.0,2023-07-01,39.0,22051.0,1.32473351341035,103.810724749056,404 DUNEARN ROAD DUNEARN SUITES SINGAPORE 289609,6.433192326543688,26.0,4,1,0,13,7,8,1.0,1.0,0,0
RESIDENCES @ EVELYN,2380000.0,1033.34,2303.0,2023-07-01,96.0,24792.0,1.31548497427322,103.839467418834,17 EVELYN ROAD RESIDENCES @ EVELYN SINGAPORE 309306,3.814435565431148,26.0,3,1,2,14,12,6,6.0,1.0,1,0
CHANCERY ESQUIRE,2300000.0,1205.57,1908.0,2023-07-01,112.0,20536.0,1.31765462879831,103.836535043005,8 CHANCERY LANE CHANCERY ESQUIRE SINGAPORE 309494,4.156345677003505,26.0,3,1,2,14,11,5,1.0,1.0,0,0
TREVOSE PARK,4550000.0,2195.86,2072.0,2023-07-01,204.0,22304.0,1.32530422394989,103.825473045143,68 TREVOSE CRESCENT TREVOSE PARK SINGAPORE 298069,5.472884262180392,26.0,2,0,0,12,6,5,1.0,1.0,1,0
ENCHANTÉ,3134900.0,1087.16,2884.0,2023-07-01,101.0,31039.0,1.31585875980621,103.84033274534,3 EVELYN ROAD ENCHANTÉ (U/C) SINGAPORE 309727,3.822384309299648,26.0,3,1,2,14,12,7,2.0,0.0,0,0
ENCHANTÉ,3155400.0,1087.16,2902.0,2023-07-01,101.0,31242.0,1.31585875980621,103.84033274534,3 EVELYN ROAD ENCHANTÉ (U/C) SINGAPORE 309727,3.822384309299648,26.0,3,1,2,14,12,7,2.0,0.0,0,0
VIVA,2610000.0,1044.11,2500.0,2023-07-01,97.0,26907.0,1.31565586377638,103.844444721095,2 SUFFOLK WALK VIVA SINGAPORE 307462,3.683877967605451,26.0,3,2,2,14,13,6,1.0,1.0,1,0
MEDGE,1280000.0,807.3,1586.0,2023-07-01,75.0,17067.0,1.32337432256355,103.850380826925,2 MINBU ROAD MEDGE SINGAPORE 308186,4.464916441227247,26.0,1,3,4,12,18,4,1.0,1.0,0,0
PULLMAN RESIDENCES NEWTON,4067000.0,1280.92,3175.0,2023-07-01,119.0,34176.0,1.31467262956125,103.839010845653,"18 DUNEARN ROAD PULLMAN RESIDENCES, NEWTON SINGAPORE 309421",3.747758902511321,26.0,3,1,2,14,10,6,5.0,0.0,0,0
SHELFORD VIEW,7500000.0,5134.43,1461.0,2023-07-01,477.0,15723.0,1.32890152807378,103.812100334091,26 SHELFORD ROAD SHELFORD VIEW SINGAPORE 288420,6.671056863615499,26.0,3,1,0,12,7,6,1.0,1.0,1,0
AMARYLLIS VILLE,2455000.0,1237.86,1983.0,2023-07-01,115.0,21348.0,1.31478233515073,103.841958399488,22 NEWTON ROAD AMARYLLIS VILLE SINGAPORE 307990,3.655547978307824,26.0,3,2,2,14,13,6,6.0,1.0,1,0
MINBU COURT,1820000.0,1270.15,1433.0,2023-07-01,118.0,15424.0,1.32548941766951,103.848375446944,54 MINBU ROAD MINBU COURT SINGAPORE 308184,4.707331787040645,26.0,2,2,4,12,20,3,1.0,1.0,0,0
HILLCREST ARCADIA,2150000.0,1711.48,1256.0,2023-07-01,159.0,13522.0,1.33377798542711,103.808806606762,255 ARCADIA ROAD HILLCREST ARCADIA SINGAPORE 289850,7.319529262671842,26.0,1,0,0,9,6,5,1.0,1.0,1,0
8 BASSEIN,865000.0,452.09,1913.0,2023-07-01,42.0,20595.0,1.32353748014389,103.848108217465,8 BASSEIN ROAD 8 BASSEIN SINGAPORE 309838,4.493964280091297,26.0,2,3,5,12,14,6,1.0,1.0,0,0
PULLMAN RESIDENCES NEWTON,3690000.0,1280.92,2881.0,2023-07-01,119.0,31008.0,1.31467262956125,103.839010845653,"18 DUNEARN ROAD PULLMAN RESIDENCES, NEWTON SINGAPORE 309421",3.747758902511321,26.0,3,1,2,14,10,6,2.0,0.0,0,0
368 THOMSON,1580000.0,882.65,1790.0,2023-07-01,82.0,19268.0,1.3270913316471,103.841978573745,368 THOMSON ROAD 368 THOMSON SINGAPORE 298127,4.977697388092409,26.0,3,0,3,12,16,4,1.0,1.0,1,0
8 BASSEIN,788000.0,430.56,1830.0,2023-07-01,40.0,19700.0,1.32353748014389,103.848108217465,8 BASSEIN ROAD 8 BASSEIN SINGAPORE 309838,4.493964280091297,26.0,2,3,5,12,14,6,2.0,1.0,0,0
MANDALE HEIGHTS,1165000.0,764.24,1524.0,2023-07-01,71.0,16408.0,1.32433421345059,103.849717961403,45 MANDALAY ROAD MANDALE HEIGHTS SINGAPORE 308225,4.572750960660567,26.0,2,3,4,12,19,4,1.0,1.0,0,0
368 THOMSON,1680000.0,871.88,1927.0,2023-07-01,81.0,20741.0,1.3270913316471,103.841978573745,368 THOMSON ROAD 368 THOMSON SINGAPORE 298127,4.977697388092409,26.0,3,0,3,12,16,4,6.0,1.0,1,0
MONARCHY APARTMENTS,1690000.0,1162.51,1454.0,2023-07-01,108.0,15648.0,1.32479229453516,103.85012690661,51 MANDALAY ROAD MONARCHY APARTMENTS SINGAPORE 308231,4.622198166120569,26.0,2,3,4,12,19,4,2.0,1.0,0,0
BUCKLEY CLASSIQUE,3200000.0,1474.67,2170.0,2023-07-01,137.0,23358.0,1.3179599892541,103.840328123302,11 BUCKLEY ROAD BUCKLEY CLASSIQUE SINGAPORE 309767,4.044031983866686,26.0,3,1,3,14,13,7,1.0,1.0,1,0
NEU AT NOVENA,3080000.0,1194.8,2578.0,2023-07-01,111.0,27748.0,1.31961486592659,103.845969245127,27 MOULMEIN RISE NEU AT NOVENA SINGAPORE 308140,4.087211641971712,26.0,1,2,4,14,13,7,3.0,0.0,0,0
MIRO,2230000.0,1323.97,1684.0,2023-07-01,123.0,18130.0,1.31393361941559,103.842380394708,1 LINCOLN ROAD MIRO SINGAPORE 308365,3.5524517086546736,26.0,3,2,2,14,11,6,5.0,1.0,0,0
ENCHANTÉ,3073100.0,1087.16,2827.0,2023-07-01,101.0,30427.0,1.31585875980621,103.84033274534,3 EVELYN ROAD ENCHANTÉ (U/C) SINGAPORE 309727,3.822384309299648,26.0,3,1,2,14,12,7,3.0,0.0,0,0
NEWTON 21,2420000.0,1065.64,2271.0,2023-07-01,99.0,24444.0,1.31490075979298,103.840460862924,21 NEWTON ROAD NEWTON 21 SINGAPORE 307954,3.7173142928382856,26.0,3,1,2,14,12,6,5.0,1.0,0,0
PULLMAN RESIDENCES NEWTON,1533000.0,462.85,3312.0,2023-06-01,43.0,35651.0,1.31467262956125,103.839010845653,"18 DUNEARN ROAD PULLMAN RESIDENCES, NEWTON SINGAPORE 309421",3.747758902511321,27.0,3,1,2,14,10,6,5.0,0.0,0,0
368 THOMSON,1248000.0,688.9,1812.0,2023-06-01,64.0,19500.0,1.3270913316471,103.841978573745,368 THOMSON ROAD 368 THOMSON SINGAPORE 298127,4.977697388092409,27.0,3,0,3,12,16,4,3.0,1.0,1,0
MINBU COURT,1858000.0,1270.15,1463.0,2023-06-01,118.0,15746.0,1.32548941766951,103.848375446944,54 MINBU ROAD MINBU COURT SINGAPORE 308184,4.707331787040645,27.0,2,2,4,12,20,3,2.0,1.0,0,0
TRILIGHT,4950000.0,2098.98,2358.0,2023-06-01,195.0,25385.0,1.31447883237245,103.839899712589,7 NEWTON ROAD TRILIGHT SINGAPORE 307945,3.693489005647367,27.0,3,1,2,14,10,5,2.0,1.0,1,0
THOMSON 800,2648000.0,1625.36,1629.0,2023-06-01,151.0,17536.0,1.3411028334318,103.838741075921,808 THOMSON ROAD THOMSON 800 SINGAPORE 298190,6.567971581242121,27.0,4,1,0,13,13,2,1.0,1.0,1,0
SUITES @ NEWTON,1300000.0,602.78,2157.0,2023-06-01,56.0,23214.0,1.31640035574617,103.841671833933,1 SURREY ROAD SUITES @ NEWTON SINGAPORE 307740,3.8363724273902986,27.0,3,2,2,14,13,7,2.0,1.0,0,0
AMARYLLIS VILLE,1820000.0,958.0,1900.0,2023-06-01,89.0,20449.0,1.31478233515073,103.841958399488,22 NEWTON ROAD AMARYLLIS VILLE SINGAPORE 307990,3.655547978307824,27.0,3,2,2,14,13,6,2.0,1.0,1,0
ADRIA,1846000.0,850.36,2171.0,2023-06-01,79.0,23367.0,1.3164463549549,103.846258551824,12 DERBYSHIRE ROAD ADRIA SINGAPORE 309466,3.735780917193752,27.0,3,2,2,14,13,7,3.0,1.0,0,0
10 EVELYN,2250000.0,796.54,2825.0,2023-06-01,74.0,30405.0,1.31615491830399,103.840533848314,10 EVELYN ROAD 10 EVELYN SINGAPORE 309312,3.846689837882823,27.0,3,1,2,14,13,8,1.0,0.0,0,0
SANCTUARY@NEWTON,2871400.0,1054.87,2722.0,2023-06-01,98.0,29300.0,1.31602422236802,103.84157165109,2 SURREY ROAD SANCTUARY@NEWTON (U/C) SINGAPORE 307742,3.799414011967981,27.0,3,2,2,14,13,7,2.0,0.0,0,0
SHELFORD GREEN,3800000.0,2238.91,1697.0,2023-06-01,208.0,18269.0,1.32456554554323,103.812187010308,9 SHELFORD ROAD SHELFORD GREEN SINGAPORE 288352,6.3073386259200745,27.0,4,1,0,13,7,8,1.0,1.0,1,0
SUITES @ SHREWSBURY,650000.0,333.68,1948.0,2023-06-01,31.0,20968.0,1.31819899592367,103.848906082215,84 SHREWSBURY ROAD SUITES @ SHREWSBURY SINGAPORE 307842,3.899093640567353,27.0,2,3,2,14,13,7,1.0,1.0,0,0
10 EVELYN,2325000.0,828.83,2805.0,2023-06-01,77.0,30195.0,1.31615491830399,103.840533848314,10 EVELYN ROAD 10 EVELYN SINGAPORE 309312,3.846689837882823,27.0,3,1,2,14,13,8,1.0,0.0,0,0
PULLMAN RESIDENCES NEWTON,3571920.0,1162.51,3073.0,2023-06-01,108.0,33073.0,1.31467262956125,103.839010845653,"18 DUNEARN ROAD PULLMAN RESIDENCES, NEWTON SINGAPORE 309421",3.747758902511321,27.0,3,1,2,14,10,6,5.0,0.0,0,0
PULLMAN RESIDENCES NEWTON,1543000.0,462.85,3334.0,2023-06-01,43.0,35884.0,1.31467262956125,103.839010845653,"18 DUNEARN ROAD PULLMAN RESIDENCES, NEWTON SINGAPORE 309421",3.747758902511321,27.0,3,1,2,14,10,6,5.0,0.0,0,0
PULLMAN RESIDENCES NEWTON,2088000.0,667.37,3129.0,2023-06-01,62.0,33677.0,1.31467262956125,103.839010845653,"18 DUNEARN ROAD PULLMAN RESIDENCES, NEWTON SINGAPORE 309421",3.747758902511321,27.0,3,1,2,14,10,6,5.0,0.0,0,0
8 BASSEIN,780000.0,430.56,1812.0,2023-06-01,40.0,19500.0,1.32353748014389,103.848108217465,8 BASSEIN ROAD 8 BASSEIN SINGAPORE 309838,4.493964280091297,27.0,2,3,5,12,14,6,2.0,1.0,0,0
368 THOMSON,2553888.0,1302.44,1961.0,2023-06-01,121.0,21107.0,1.3270913316471,103.841978573745,368 THOMSON ROAD 368 THOMSON SINGAPORE 298127,4.977697388092409,27.0,3,0,3,12,16,4,7.0,1.0,1,0
MIRO,3268888.0,1937.52,1687.0,2023-06-01,180.0,18160.0,1.31393361941559,103.842380394708,1 LINCOLN ROAD MIRO SINGAPORE 308365,3.5524517086546736,27.0,3,2,2,14,11,6,6.0,1.0,0,0
ADRIA,1140000.0,538.2,2118.0,2023-06-01,50.0,22800.0,1.3164463549549,103.846258551824,12 DERBYSHIRE ROAD ADRIA SINGAPORE 309466,3.735780917193752,27.0,3,2,2,14,13,7,4.0,1.0,0,0
PEAK RESIDENCE,3562700.0,1388.56,2566.0,2023-06-01,129.0,27618.0,1.32534460429599,103.840724426138,333 THOMSON ROAD PEAK RESIDENCE SINGAPORE 307675,4.8198774142707626,27.0,2,0,4,12,14,5,1.0,0.0,1,0
FYVE DERBYSHIRE,2080000.0,796.54,2611.0,2023-06-01,74.0,28108.0,1.3162773675544,103.845724040655,5 DERBYSHIRE ROAD FYVE DERBYSHIRE SINGAPORE 309461,3.7261930135692727,27.0,3,2,2,14,13,7,2.0,,0,0
THOMSON EURO-ASIA,2820000.0,1291.68,2183.0,2023-06-01,120.0,23500.0,1.31805872665983,103.844682051372,150 THOMSON ROAD THOMSON EURO-ASIA SINGAPORE 307605,3.9398634725298134,27.0,3,2,3,14,14,7,2.0,1.0,1,0
PULLMAN RESIDENCES NEWTON,3821000.0,1280.92,2983.0,2023-06-01,119.0,32109.0,1.31467262956125,103.839010845653,"18 DUNEARN ROAD PULLMAN RESIDENCES, NEWTON SINGAPORE 309421",3.747758902511321,27.0,3,1,2,14,10,6,3.0,0.0,0,0
PULLMAN RESIDENCES NEWTON,4392630.0,1377.79,3188.0,2023-06-01,128.0,34317.0,1.31467262956125,103.839010845653,"18 DUNEARN ROAD PULLMAN RESIDENCES, NEWTON SINGAPORE 309421",3.747758902511321,27.0,3,1,2,14,10,6,6.0,0.0,0,0
PULLMAN RESIDENCES NEWTON,4487670.0,1377.79,3257.0,2023-06-01,128.0,35060.0,1.31467262956125,103.839010845653,"18 DUNEARN ROAD PULLMAN RESIDENCES, NEWTON SINGAPORE 309421",3.747758902511321,27.0,3,1,2,14,10,6,6.0,0.0,0,0
SOLEIL @ SINARAN,2900000.0,1485.43,1952.0,2023-06-01,138.0,21014.0,1.31960020004528,103.845271738384,2 SINARAN DRIVE SOLEIL @ SINARAN SINGAPORE 307467,4.096964545722665,27.0,1,1,4,14,14,7,1.0,1.0,1,0
PARK INFINIA AT WEE NAM,3410000.0,1463.9,2329.0,2023-06-01,136.0,25074.0,1.31441386999901,103.843291191875,2A LINCOLN ROAD PARK INFINIA AT WEE NAM SINGAPORE 308364,3.57796230174373,27.0,3,2,2,14,11,6,3.0,1.0,1,0
18 SHELFORD,2430000.0,1205.57,2016.0,2023-06-01,112.0,21696.0,1.32731952558617,103.812831770778,18 SHELFORD ROAD 18 SHELFORD SINGAPORE 288407,6.4853449338411195,27.0,3,1,0,13,7,8,1.0,1.0,0,0
THE SHELFORD,2638050.0,1227.1,2150.0,2023-06-01,114.0,23141.0,1.32561376215123,103.810731205358,1E SHELFORD ROAD THE SHELFORD SINGAPORE 286890,6.502869662773255,27.0,4,1,0,12,7,8,1.0,1.0,1,0
CHANCERY PARK,4150000.0,2486.48,1669.0,2023-06-01,231.0,17965.0,1.31928907823444,103.836653265191,11 CHANCERY LANE CHANCERY PARK SINGAPORE 309502,4.318653130172045,27.0,3,1,3,14,11,5,1.0,1.0,1,0
PULLMAN RESIDENCES NEWTON,3659000.0,1162.51,3147.0,2023-06-01,108.0,33880.0,1.31467262956125,103.839010845653,"18 DUNEARN ROAD PULLMAN RESIDENCES, NEWTON SINGAPORE 309421",3.747758902511321,27.0,3,1,2,14,10,6,5.0,0.0,0,0
PEAK RESIDENCE,3780000.0,1388.56,2722.0,2023-06-01,129.0,29302.0,1.32534460429599,103.840724426138,333 THOMSON ROAD PEAK RESIDENCE SINGAPORE 307675,4.8198774142707626,27.0,2,0,4,12,14,5,1.0,0.0,1,0
NOVENA LODGE,1680000.0,947.23,1774.0,2023-06-01,88.0,19091.0,1.32357151793004,103.841133415932,2 JALAN MERLIMAU NOVENA LODGE SINGAPORE 308729,4.618618198372852,27.0,2,0,4,13,13,5,1.0,1.0,1,0
IKIGAI,2240000.0,968.76,2312.0,2023-06-01,90.0,24889.0,1.31790382404123,103.847428354915,38 SHREWSBURY ROAD IKIGAI SINGAPORE 307818,3.879900072370961,27.0,2,2,2,14,13,7,1.0,0.0,0,0
AMARYLLIS VILLE,1315000.0,656.6,2003.0,2023-06-01,61.0,21557.0,1.31478233515073,103.841958399488,22 NEWTON ROAD AMARYLLIS VILLE SINGAPORE 307990,3.655547978307824,27.0,3,2,2,14,13,6,5.0,1.0,1,0
GLOUCESTER MANSIONS,1860000.0,914.94,2033.0,2023-05-01,85.0,21882.0,1.31369315585356,103.840387458086,10 NEWTON ROAD GLOUCESTER MANSIONS SINGAPORE 307947,3.5935288260621085,28.0,3,1,2,14,10,5,1.0,1.0,0,0
HILLCREST ARCADIA,1580000.0,1248.62,1265.0,2023-05-01,116.0,13621.0,1.33377798542711,103.808806606762,255 ARCADIA ROAD HILLCREST ARCADIA SINGAPORE 289850,7.319529262671842,28.0,1,0,0,9,6,5,1.0,1.0,1,0
PEAK RESIDENCE,3620000.0,1388.56,2607.0,2023-05-01,129.0,28062.0,1.32534460429599,103.840724426138,333 THOMSON ROAD PEAK RESIDENCE SINGAPORE 307675,4.8198774142707626,28.0,2,0,4,12,14,5,1.0,0.0,1,0
PEAK RESIDENCE,2883000.0,1065.64,2705.0,2023-05-01,99.0,29121.0,1.32534460429599,103.840724426138,333 THOMSON ROAD PEAK RESIDENCE SINGAPORE 307675,4.8198774142707626,28.0,2,0,4,12,14,5,1.0,0.0,1,0
PULLMAN RESIDENCES NEWTON,3916000.0,1280.92,3057.0,2023-05-01,119.0,32908.0,1.31467262956125,103.839010845653,"18 DUNEARN ROAD PULLMAN RESIDENCES, NEWTON SINGAPORE 309421",3.747758902511321,28.0,3,1,2,14,10,6,4.0,0.0,0,0
PULLMAN RESIDENCES NEWTON,4780000.0,1377.79,3469.0,2023-05-01,128.0,37344.0,1.31467262956125,103.839010845653,"18 DUNEARN ROAD PULLMAN RESIDENCES, NEWTON SINGAPORE 309421",3.747758902511321,28.0,3,1,2,14,10,6,6.0,0.0,0,0
THE ANSLEY,1188000.0,699.66,1698.0,2023-05-01,65.0,18277.0,1.32327434333138,103.848835015461,33 MANDALAY ROAD THE ANSLEY SINGAPORE 308214,4.459842710119622,28.0,1,3,5,12,15,6,1.0,1.0,1,0
PULLMAN RESIDENCES NEWTON,1699000.0,462.85,3671.0,2023-05-01,43.0,39512.0,1.31467262956125,103.839010845653,"18 DUNEARN ROAD PULLMAN RESIDENCES, NEWTON SINGAPORE 309421",3.747758902511321,28.0,3,1,2,14,10,6,6.0,0.0,0,0
NOVENA REGENCY,1250000.0,645.84,1935.0,2023-05-01,60.0,20833.0,1.32114652933088,103.841550400671,275 THOMSON ROAD NOVENA REGENCY SINGAPORE 307645,4.347171027644938,28.0,2,0,4,14,13,6,1.0,1.0,0,0
VIVA,2650000.0,1044.11,2538.0,2023-05-01,97.0,27320.0,1.31565586377638,103.844444721095,2 SUFFOLK WALK VIVA SINGAPORE 307462,3.683877967605451,28.0,3,2,2,14,13,6,6.0,1.0,1,0
MULBERRY TREE,810000.0,452.09,1792.0,2023-05-01,42.0,19286.0,1.31818439913906,103.846394220029,167 MOULMEIN ROAD MULBERRY TREE SINGAPORE 308092,3.9241311123236895,28.0,1,1,4,14,13,7,1.0,1.0,0,0
PULLMAN RESIDENCES NEWTON,2042000.0,667.37,3060.0,2023-05-01,62.0,32935.0,1.31467262956125,103.839010845653,"18 DUNEARN ROAD PULLMAN RESIDENCES, NEWTON SINGAPORE 309421",3.747758902511321,28.0,3,1,2,14,10,6,4.0,0.0,0,0
CUBE 8,955000.0,559.73,1706.0,2023-05-01,52.0,18365.0,1.3283636088892,103.841418362322,376 THOMSON ROAD CUBE 8 SINGAPORE 298130,5.12816729630684,28.0,3,0,3,12,14,4,3.0,1.0,1,0
PULLMAN RESIDENCES NEWTON,3810000.0,1162.51,3277.0,2023-05-01,108.0,35278.0,1.31467262956125,103.839010845653,"18 DUNEARN ROAD PULLMAN RESIDENCES, NEWTON SINGAPORE 309421",3.747758902511321,28.0,3,1,2,14,10,6,6.0,0.0,0,0
TRILIGHT,2700000.0,1087.16,2484.0,2023-05-01,101.0,26733.0,1.31447883237245,103.839899712589,7 NEWTON ROAD TRILIGHT SINGAPORE 307945,3.693489005647367,28.0,3,1,2,14,10,5,2.0,1.0,1,0
CITY EDGE,1503888.0,828.83,1814.0,2023-05-01,77.0,19531.0,1.31953328897071,103.84662602278,18 MOULMEIN RISE CITY EDGE SINGAPORE 308133,4.068886226265154,28.0,1,2,4,14,13,7,2.0,1.0,0,0
PULLMAN RESIDENCES NEWTON,4157000.0,1280.92,3245.0,2023-05-01,119.0,34933.0,1.31467262956125,103.839010845653,"18 DUNEARN ROAD PULLMAN RESIDENCES, NEWTON SINGAPORE 309421",3.747758902511321,28.0,3,1,2,14,10,6,6.0,0.0,0,0
PEAK RESIDENCE,1895300.0,796.54,2379.0,2023-05-01,74.0,25612.0,1.32534460429599,103.840724426138,333 THOMSON ROAD PEAK RESIDENCE SINGAPORE 307675,4.8198774142707626,28.0,2,0,4,12,14,5,1.0,0.0,1,0
PEAK RESIDENCE,2547800.0,1065.64,2391.0,2023-05-01,99.0,25735.0,1.32534460429599,103.840724426138,333 THOMSON ROAD PEAK RESIDENCE SINGAPORE 307675,4.8198774142707626,28.0,2,0,4,12,14,5,1.0,0.0,1,0
NEU AT NOVENA,3385200.0,1302.44,2599.0,2023-05-01,121.0,27977.0,1.31961486592659,103.845969245127,27 MOULMEIN RISE NEU AT NOVENA SINGAPORE 308140,4.087211641971712,28.0,1,2,4,14,13,7,2.0,0.0,0,0
D'CHATEAU @ SHELFORD,1940000.0,914.94,2120.0,2023-05-01,85.0,22824.0,1.32809614767202,103.81198826246,25 SHELFORD ROAD D'CHATEAU @ SHELFORD SINGAPORE 288415,6.611737912544638,28.0,3,1,0,13,7,8,1.0,1.0,0,0
10 SHELFORD,890000.0,430.56,2067.0,2023-05-01,40.0,22250.0,1.32580825364563,103.812516919467,10 SHELFORD ROAD 10 SHELFORD SINGAPORE 288353,6.383468750218335,28.0,3,1,0,13,7,8,1.0,1.0,0,0
AMARYLLIS VILLE,1788888.0,958.0,1867.0,2023-05-01,89.0,20100.0,1.31478233515073,103.841958399488,22 NEWTON ROAD AMARYLLIS VILLE SINGAPORE 307990,3.655547978307824,28.0,3,2,2,14,13,6,1.0,1.0,1,0
NEU AT NOVENA,3360000.0,1302.44,2580.0,2023-05-01,121.0,27769.0,1.31961486592659,103.845969245127,27 MOULMEIN RISE NEU AT NOVENA SINGAPORE 308140,4.087211641971712,28.0,1,2,4,14,13,7,2.0,0.0,0,0
10 EVELYN,1615000.0,527.44,3062.0,2023-05-01,49.0,32959.0,1.31615491830399,103.840533848314,10 EVELYN ROAD 10 EVELYN SINGAPORE 309312,3.846689837882823,28.0,3,1,2,14,13,8,1.0,0.0,0,0
HILLCREST ARCADIA,2450000.0,1797.59,1363.0,2023-05-01,167.0,14671.0,1.33377798542711,103.808806606762,255 ARCADIA ROAD HILLCREST ARCADIA SINGAPORE 289850,7.319529262671842,28.0,1,0,0,9,6,5,2.0,1.0,1,0
SOLEIL @ SINARAN,2650000.0,1442.38,1837.0,2023-05-01,134.0,19776.0,1.31960020004528,103.845271738384,2 SINARAN DRIVE SOLEIL @ SINARAN SINGAPORE 307467,4.096964545722665,28.0,1,1,4,14,14,7,7.0,1.0,1,0
PULLMAN RESIDENCES NEWTON,1991880.0,667.37,2985.0,2023-05-01,62.0,32127.0,1.31467262956125,103.839010845653,"18 DUNEARN ROAD PULLMAN RESIDENCES, NEWTON SINGAPORE 309421",3.747758902511321,28.0,3,1,2,14,10,6,3.0,0.0,0,0
AMARYLLIS VILLE,1850000.0,958.0,1931.0,2023-05-01,89.0,20787.0,1.31478233515073,103.841958399488,22 NEWTON ROAD AMARYLLIS VILLE SINGAPORE 307990,3.655547978307824,28.0,3,2,2,14,13,6,3.0,1.0,1,0
NEU AT NOVENA,3048000.0,1194.8,2551.0,2023-05-01,111.0,27459.0,1.31961486592659,103.845969245127,27 MOULMEIN RISE NEU AT NOVENA SINGAPORE 308140,4.087211641971712,28.0,1,2,4,14,13,7,3.0,0.0,0,0
NOVENA SUITES,2000000.0,947.23,2111.0,2023-05-01,88.0,22727.0,1.32005187342709,103.852519734445,201 BALESTIER ROAD HOLIDAY INN EXPRESS & SUITES SINGAPORE NOVENA SINGAPORE 329926,4.100494883617021,28.0,2,3,1,13,16,3,2.0,1.0,0,0
L'VIV,1400000.0,613.55,2282.0,2023-05-01,57.0,24561.0,1.31544838531983,103.840354841468,23 NEWTON ROAD L'VIV SINGAPORE 307955,3.778505845346688,28.0,3,1,2,14,12,6,4.0,1.0,0,0
LINCOLN SUITES,1190000.0,473.62,2513.0,2023-05-01,44.0,27045.0,1.31710864002609,103.842743087159,3 KHIANG GUAN AVENUE LINCOLN SUITES SINGAPORE 308381,3.881888940990309,28.0,3,2,3,14,13,7,5.0,1.0,1,0
PULLMAN RESIDENCES NEWTON,2208690.0,667.37,3310.0,2023-05-01,62.0,35624.0,1.31467262956125,103.839010845653,"18 DUNEARN ROAD PULLMAN RESIDENCES, NEWTON SINGAPORE 309421",3.747758902511321,28.0,3,1,2,14,10,6,6.0,0.0,0,0
PEAK RESIDENCE,3540700.0,1388.56,2550.0,2023-05-01,129.0,27447.0,1.32534460429599,103.840724426138,333 THOMSON ROAD PEAK RESIDENCE SINGAPORE 307675,4.8198774142707626,28.0,2,0,4,12,14,5,1.0,0.0,1,0
LUCIDA,1028888.0,624.31,1648.0,2023-05-01,58.0,17739.0,1.31464830253379,103.844819093226,2 SUFFOLK ROAD LUCIDA SINGAPORE 307780,3.566471950535546,28.0,4,2,2,14,11,6,3.0,1.0,0,0
PAVILION 11,2150000.0,958.0,2244.0,2023-05-01,89.0,24157.0,1.32458602112842,103.848173371262,23 AKYAB ROAD PAVILION 11 SINGAPORE 309978,4.609115779437775,28.0,2,3,5,12,18,5,5.0,1.0,1,0
NOVENA SUITES,2000000.0,947.23,2111.0,2023-05-01,88.0,22727.0,1.32005187342709,103.852519734445,201 BALESTIER ROAD HOLIDAY INN EXPRESS & SUITES SINGAPORE NOVENA SINGAPORE 329926,4.100494883617021,28.0,2,3,1,13,16,3,2.0,1.0,0,0
PULLMAN RESIDENCES NEWTON,4172000.0,1280.92,3257.0,2023-05-01,119.0,35059.0,1.31467262956125,103.839010845653,"18 DUNEARN ROAD PULLMAN RESIDENCES, NEWTON SINGAPORE 309421",3.747758902511321,28.0,3,1,2,14,10,6,6.0,0.0,0,0
NEWTON ONE,2750000.0,1216.33,2261.0,2023-05-01,113.0,24336.0,1.31404986796426,103.839452778834,1 NEWTON ROAD NEWTON ONE SINGAPORE 307943,3.665961575873588,28.0,3,1,3,14,10,5,4.0,1.0,1,0
STRATA,2180000.0,1065.64,2046.0,2023-05-01,99.0,22020.0,1.31740976334811,103.844913840423,1 ESSEX ROAD STRATA SINGAPORE 309329,3.864673219206803,28.0,3,2,3,14,14,7,7.0,1.0,0,0
GLOUCESTER MANSIONS,2300000.0,1130.22,2035.0,2023-05-01,105.0,21905.0,1.31369315585356,103.840387458086,10 NEWTON ROAD GLOUCESTER MANSIONS SINGAPORE 307947,3.5935288260621085,28.0,3,1,2,14,10,5,3.0,1.0,0,0
IKIGAI,1480000.0,635.08,2330.0,2023-05-01,59.0,25085.0,1.31790382404123,103.847428354915,38 SHREWSBURY ROAD IKIGAI SINGAPORE 307818,3.879900072370961,28.0,2,2,2,14,13,7,1.0,0.0,0,0
PULLMAN RESIDENCES NEWTON,3592000.0,1162.51,3090.0,2023-05-01,108.0,33259.0,1.31467262956125,103.839010845653,"18 DUNEARN ROAD PULLMAN RESIDENCES, NEWTON SINGAPORE 309421",3.747758902511321,28.0,3,1,2,14,10,6,5.0,0.0,0,0
PULLMAN RESIDENCES NEWTON,1517000.0,462.85,3278.0,2023-05-01,43.0,35279.0,1.31467262956125,103.839010845653,"18 DUNEARN ROAD PULLMAN RESIDENCES, NEWTON SINGAPORE 309421",3.747758902511321,28.0,3,1,2,14,10,6,5.0,0.0,0,0
SOLEIL @ SINARAN,1150000.0,581.26,1978.0,2023-05-01,54.0,21296.0,1.31960020004528,103.845271738384,2 SINARAN DRIVE SOLEIL @ SINARAN SINGAPORE 307467,4.096964545722665,28.0,1,1,4,14,14,7,6.0,1.0,1,0
NOVENA COURT,1200000.0,861.12,1394.0,2023-05-01,80.0,15000.0,1.32292732467511,103.842114483993,2E JALAN NOVENA BARAT NOVENA COURT SINGAPORE 308603,4.524348727321245,28.0,1,0,4,13,13,4,1.0,1.0,0,0
PEAK RESIDENCE,2078505.0,828.83,2508.0,2023-05-01,77.0,26994.0,1.32534460429599,103.840724426138,333 THOMSON ROAD PEAK RESIDENCE SINGAPORE 307675,4.8198774142707626,28.0,2,0,4,12,14,5,1.0,0.0,1,0
PULLMAN RESIDENCES NEWTON,1547000.0,462.85,3342.0,2023-05-01,43.0,35977.0,1.31467262956125,103.839010845653,"18 DUNEARN ROAD PULLMAN RESIDENCES, NEWTON SINGAPORE 309421",3.747758902511321,28.0,3,1,2,14,10,6,6.0,0.0,0,0
PULLMAN RESIDENCES NEWTON,3799000.0,1162.51,3268.0,2023-05-01,108.0,35176.0,1.31467262956125,103.839010845653,"18 DUNEARN ROAD PULLMAN RESIDENCES, NEWTON SINGAPORE 309421",3.747758902511321,28.0,3,1,2,14,10,6,6.0,0.0,0,0
AMARYLLIS VILLE,1758888.0,958.0,1836.0,2023-05-01,89.0,19763.0,1.31478233515073,103.841958399488,22 NEWTON ROAD AMARYLLIS VILLE SINGAPORE 307990,3.655547978307824,28.0,3,2,2,14,13,6,4.0,1.0,1,0
PULLMAN RESIDENCES NEWTON,4316000.0,1377.79,3133.0,2023-04-01,128.0,33719.0,1.31467262956125,103.839010845653,"18 DUNEARN ROAD PULLMAN RESIDENCES, NEWTON SINGAPORE 309421",3.747758902511321,29.0,3,1,2,14,10,6,5.0,0.0,0,0
PULLMAN RESIDENCES NEWTON,2290000.0,667.37,3431.0,2023-04-01,62.0,36935.0,1.31467262956125,103.839010845653,"18 DUNEARN ROAD PULLMAN RESIDENCES, NEWTON SINGAPORE 309421",3.747758902511321,29.0,3,1,2,14,10,6,6.0,0.0,0,0
8 BASSEIN,870000.0,452.09,1924.0,2023-04-01,42.0,20714.0,1.32353748014389,103.848108217465,8 BASSEIN ROAD 8 BASSEIN SINGAPORE 309838,4.493964280091297,29.0,2,3,5,12,14,6,3.0,1.0,0,0
BUCKLEY 18,2340000.0,1280.92,1827.0,2023-04-01,119.0,19664.0,1.31829562143795,103.841063256174,18 BUCKLEY ROAD BUCKLEY 18 SINGAPORE 309776,4.056458908595856,29.0,3,1,3,14,13,8,1.0,1.0,0,0
PEAK RESIDENCE,2850000.0,1065.64,2674.0,2023-04-01,99.0,28788.0,1.32534460429599,103.840724426138,333 THOMSON ROAD PEAK RESIDENCE SINGAPORE 307675,4.8198774142707626,29.0,2,0,4,12,14,5,1.0,0.0,1,0
SHELFORD SUITES,2590000.0,1270.15,2039.0,2023-04-01,118.0,21949.0,1.32660135432463,103.812654850327,16 SHELFORD ROAD SHELFORD SUITES SINGAPORE 288383,6.438582001199515,29.0,3,1,0,13,7,8,1.0,1.0,1,0
PULLMAN RESIDENCES NEWTON,3577000.0,1162.51,3077.0,2023-04-01,108.0,33120.0,1.31467262956125,103.839010845653,"18 DUNEARN ROAD PULLMAN RESIDENCES, NEWTON SINGAPORE 309421",3.747758902511321,29.0,3,1,2,14,10,6,5.0,0.0,0,0
IKIGAI,2259907.0,968.76,2333.0,2023-04-01,90.0,25110.0,1.31790382404123,103.847428354915,38 SHREWSBURY ROAD IKIGAI SINGAPORE 307818,3.879900072370961,29.0,2,2,2,14,13,7,1.0,0.0,0,0
PULLMAN RESIDENCES NEWTON,2059000.0,667.37,3085.0,2023-04-01,62.0,33210.0,1.31467262956125,103.839010845653,"18 DUNEARN ROAD PULLMAN RESIDENCES, NEWTON SINGAPORE 309421",3.747758902511321,29.0,3,1,2,14,10,6,4.0,0.0,0,0
PULLMAN RESIDENCES NEWTON,3679830.0,1162.51,3165.0,2023-04-01,108.0,34073.0,1.31467262956125,103.839010845653,"18 DUNEARN ROAD PULLMAN RESIDENCES, NEWTON SINGAPORE 309421",3.747758902511321,29.0,3,1,2,14,10,6,5.0,0.0,0,0
PULLMAN RESIDENCES NEWTON,1424610.0,462.85,3078.0,2023-04-01,43.0,33130.0,1.31467262956125,103.839010845653,"18 DUNEARN ROAD PULLMAN RESIDENCES, NEWTON SINGAPORE 309421",3.747758902511321,29.0,3,1,2,14,10,6,4.0,0.0,0,0
THE TREVOSE,3100000.0,1765.3,1756.0,2023-04-01,164.0,18902.0,1.32302176043306,103.82529938582,60 TREVOSE CRESCENT THE TREVOSE SINGAPORE 298090,5.269266023284268,29.0,3,0,0,13,6,5,1.0,1.0,1,0
ENCHANTÉ,2727572.0,1001.05,2725.0,2023-04-01,93.0,29329.0,1.31585875980621,103.84033274534,3 EVELYN ROAD ENCHANTÉ (U/C) SINGAPORE 309727,3.822384309299648,29.0,3,1,2,14,12,7,2.0,0.0,0,0
PULLMAN RESIDENCES NEWTON,3525390.0,1162.51,3033.0,2023-04-01,108.0,32643.0,1.31467262956125,103.839010845653,"18 DUNEARN ROAD PULLMAN RESIDENCES, NEWTON SINGAPORE 309421",3.747758902511321,29.0,3,1,2,14,10,6,4.0,0.0,0,0
AMARYLLIS VILLE,2380000.0,1259.39,1890.0,2023-04-01,117.0,20342.0,1.31478233515073,103.841958399488,22 NEWTON ROAD AMARYLLIS VILLE SINGAPORE 307990,3.655547978307824,29.0,3,2,2,14,13,6,3.0,1.0,1,0
SHELFORD REGENCY,3220000.0,1517.72,2122.0,2023-04-01,141.0,22837.0,1.32659730501812,103.811332907782,65 SHELFORD ROAD SHELFORD REGENCY SINGAPORE 288455,6.53669061517323,29.0,3,1,0,13,7,8,1.0,1.0,1,0
WATTEN HILL,4800000.0,2669.47,1798.0,2023-04-01,248.0,19355.0,1.33080602433021,103.809520144553,48 WATTEN VIEW WATTEN HILL SINGAPORE 287179,7.018102241408999,29.0,1,1,0,11,6,5,,1.0,1,0
PEAK RESIDENCE,1957000.0,807.3,2424.0,2023-04-01,75.0,26093.0,1.32534460429599,103.840724426138,333 THOMSON ROAD PEAK RESIDENCE SINGAPORE 307675,4.8198774142707626,29.0,2,0,4,12,14,5,1.0,0.0,1,0
NOVENA COURT,1270000.0,861.12,1475.0,2023-04-01,80.0,15875.0,1.32292732467511,103.842114483993,2E JALAN NOVENA BARAT NOVENA COURT SINGAPORE 308603,4.524348727321245,29.0,1,0,4,13,13,4,1.0,1.0,0,0
THE TREVOSE,3100000.0,1733.0,1789.0,2023-04-01,161.0,19255.0,1.32302176043306,103.82529938582,60 TREVOSE CRESCENT THE TREVOSE SINGAPORE 298090,5.269266023284268,29.0,3,0,0,13,6,5,1.0,1.0,1,0
PULLMAN RESIDENCES NEWTON,2346000.0,667.37,3515.0,2023-04-01,62.0,37839.0,1.31467262956125,103.839010845653,"18 DUNEARN ROAD PULLMAN RESIDENCES, NEWTON SINGAPORE 309421",3.747758902511321,29.0,3,1,2,14,10,6,6.0,0.0,0,0
PEAK RESIDENCE,2525400.0,1087.16,2323.0,2023-04-01,101.0,25004.0,1.32534460429599,103.840724426138,333 THOMSON ROAD PEAK RESIDENCE SINGAPORE 307675,4.8198774142707626,29.0,2,0,4,12,14,5,1.0,0.0,1,0
NOVENA COURT,1365000.0,861.12,1585.0,2023-04-01,80.0,17063.0,1.32292732467511,103.842114483993,2E JALAN NOVENA BARAT NOVENA COURT SINGAPORE 308603,4.524348727321245,29.0,1,0,4,13,13,4,1.0,1.0,0,0
PULLMAN RESIDENCES NEWTON,1979000.0,667.37,2965.0,2023-04-01,62.0,31919.0,1.31467262956125,103.839010845653,"18 DUNEARN ROAD PULLMAN RESIDENCES, NEWTON SINGAPORE 309421",3.747758902511321,29.0,3,1,2,14,10,6,3.0,0.0,0,0
PULLMAN RESIDENCES NEWTON,2202000.0,667.37,3300.0,2023-04-01,62.0,35516.0,1.31467262956125,103.839010845653,"18 DUNEARN ROAD PULLMAN RESIDENCES, NEWTON SINGAPORE 309421",3.747758902511321,29.0,3,1,2,14,10,6,6.0,0.0,0,0
AMARYLLIS VILLE,2530000.0,1237.86,2044.0,2023-04-01,115.0,22000.0,1.31478233515073,103.841958399488,22 NEWTON ROAD AMARYLLIS VILLE SINGAPORE 307990,3.655547978307824,29.0,3,2,2,14,13,6,4.0,1.0,1,0
PEAK RESIDENCE,2048000.0,775.01,2643.0,2023-04-01,72.0,28444.0,1.32534460429599,103.840724426138,333 THOMSON ROAD PEAK RESIDENCE SINGAPORE 307675,4.8198774142707626,29.0,2,0,4,12,14,5,1.0,0.0,1,0
THOMSON 800,3120000.0,1625.36,1920.0,2023-04-01,151.0,20662.0,1.3411028334318,103.838741075921,808 THOMSON ROAD THOMSON 800 SINGAPORE 298190,6.567971581242121,29.0,4,1,0,13,13,2,4.0,1.0,1,0
PAVILION 11,3050000.0,1485.43,2053.0,2023-04-01,138.0,22101.0,1.32458602112842,103.848173371262,23 AKYAB ROAD PAVILION 11 SINGAPORE 309978,4.609115779437775,29.0,2,3,5,12,18,5,5.0,1.0,1,0
PULLMAN RESIDENCES NEWTON,1589000.0,462.85,3433.0,2023-04-01,43.0,36953.0,1.31467262956125,103.839010845653,"18 DUNEARN ROAD PULLMAN RESIDENCES, NEWTON SINGAPORE 309421",3.747758902511321,29.0,3,1,2,14,10,6,6.0,0.0,0,0
PULLMAN RESIDENCES NEWTON,2180000.0,667.37,3267.0,2023-04-01,62.0,35161.0,1.31467262956125,103.839010845653,"18 DUNEARN ROAD PULLMAN RESIDENCES, NEWTON SINGAPORE 309421",3.747758902511321,29.0,3,1,2,14,10,6,6.0,0.0,0,0
ADAM PARK CONDOMINIUM,2320000.0,1162.51,1996.0,2023-04-01,108.0,21481.0,1.32804489589413,103.813395586111,27A ADAM ROAD ADAM PARK CONDOMINIUM SINGAPORE 289900,6.5056226819707295,29.0,3,1,0,13,7,8,1.0,1.0,1,0
SOLEIL @ SINARAN,3710000.0,1722.24,2154.0,2023-04-01,160.0,23188.0,1.31960020004528,103.845271738384,2 SINARAN DRIVE SOLEIL @ SINARAN SINGAPORE 307467,4.096964545722665,29.0,1,1,4,14,14,7,6.0,1.0,1,0
1 MOULMEIN RISE,2380000.0,1237.86,1923.0,2023-04-01,115.0,20696.0,1.31908636997896,103.847053580169,1 MOULMEIN RISE 1 MOULMEIN RISE SINGAPORE 308143,4.014343248034238,29.0,1,3,4,14,12,7,1.0,1.0,0,0
BIRMINGHAM MANSIONS,2950000.0,1711.48,1724.0,2023-04-01,159.0,18553.0,1.3177326204316,103.844909211296,130 THOMSON ROAD BIRMINGHAM MANSIONS SINGAPORE 307682,3.8999150436492296,29.0,3,2,3,14,14,7,3.0,1.0,0,0
10 SHELFORD,885000.0,462.85,1912.0,2023-04-01,43.0,20581.0,1.32580825364563,103.812516919467,10 SHELFORD ROAD 10 SHELFORD SINGAPORE 288353,6.383468750218335,29.0,3,1,0,13,7,8,1.0,1.0,0,0
PULLMAN RESIDENCES NEWTON,1488000.0,462.85,3215.0,2023-04-01,43.0,34605.0,1.31467262956125,103.839010845653,"18 DUNEARN ROAD PULLMAN RESIDENCES, NEWTON SINGAPORE 309421",3.747758902511321,29.0,3,1,2,14,10,6,4.0,0.0,0,0
PULLMAN RESIDENCES NEWTON,2145000.0,667.37,3214.0,2023-04-01,62.0,34597.0,1.31467262956125,103.839010845653,"18 DUNEARN ROAD PULLMAN RESIDENCES, NEWTON SINGAPORE 309421",3.747758902511321,29.0,3,1,2,14,10,6,5.0,0.0,0,0
LINCOLN SUITES,4160000.0,1840.64,2260.0,2023-04-01,171.0,24327.0,1.31710864002609,103.842743087159,3 KHIANG GUAN AVENUE LINCOLN SUITES SINGAPORE 308381,3.881888940990309,29.0,3,2,3,14,13,7,5.0,1.0,1,0
PULLMAN RESIDENCES NEWTON,4043000.0,1280.92,3156.0,2023-04-01,119.0,33975.0,1.31467262956125,103.839010845653,"18 DUNEARN ROAD PULLMAN RESIDENCES, NEWTON SINGAPORE 309421",3.747758902511321,29.0,3,1,2,14,10,6,5.0,0.0,0,0
PULLMAN RESIDENCES NEWTON,1618000.0,462.85,3496.0,2023-04-01,43.0,37628.0,1.31467262956125,103.839010845653,"18 DUNEARN ROAD PULLMAN RESIDENCES, NEWTON SINGAPORE 309421",3.747758902511321,29.0,3,1,2,14,10,6,6.0,0.0,0,0
PEAK RESIDENCE,1463000.0,559.73,2614.0,2023-04-01,52.0,28135.0,1.32534460429599,103.840724426138,333 THOMSON ROAD PEAK RESIDENCE SINGAPORE 307675,4.8198774142707626,29.0,2,0,4,12,14,5,1.0,0.0,1,0
PEAK RESIDENCE,1425000.0,559.73,2546.0,2023-04-01,52.0,27404.0,1.32534460429599,103.840724426138,333 THOMSON ROAD PEAK RESIDENCE SINGAPORE 307675,4.8198774142707626,29.0,2,0,4,12,14,5,1.0,0.0,1,0
PULLMAN RESIDENCES NEWTON,3615480.0,1162.51,3110.0,2023-03-01,108.0,33477.0,1.31467262956125,103.839010845653,"18 DUNEARN ROAD PULLMAN RESIDENCES, NEWTON SINGAPORE 309421",3.747758902511321,30.0,3,1,2,14,10,6,5.0,0.0,0,0
PULLMAN RESIDENCES NEWTON,2190870.0,667.37,3283.0,2023-03-01,62.0,35337.0,1.31467262956125,103.839010845653,"18 DUNEARN ROAD PULLMAN RESIDENCES, NEWTON SINGAPORE 309421",3.747758902511321,30.0,3,1,2,14,10,6,6.0,0.0,0,0
PULLMAN RESIDENCES NEWTON,2233000.0,667.37,3346.0,2023-03-01,62.0,36016.0,1.31467262956125,103.839010845653,"18 DUNEARN ROAD PULLMAN RESIDENCES, NEWTON SINGAPORE 309421",3.747758902511321,30.0,3,1,2,14,10,6,6.0,0.0,0,0
PEAK RESIDENCE,3319800.0,1388.56,2391.0,2023-03-01,129.0,25735.0,1.32534460429599,103.840724426138,333 THOMSON ROAD PEAK RESIDENCE SINGAPORE 307675,4.8198774142707626,30.0,2,0,4,12,14,5,1.0,0.0,1,0
8 BASSEIN,770000.0,430.56,1788.0,2023-03-01,40.0,19250.0,1.32353748014389,103.848108217465,8 BASSEIN ROAD 8 BASSEIN SINGAPORE 309838,4.493964280091297,30.0,2,3,5,12,14,6,2.0,1.0,0,0
STRATA,2188000.0,1291.68,1694.0,2023-03-01,120.0,18233.0,1.31740976334811,103.844913840423,1 ESSEX ROAD STRATA SINGAPORE 309329,3.864673219206803,30.0,3,2,3,14,14,7,4.0,1.0,0,0
PULLMAN RESIDENCES NEWTON,3600000.0,1162.51,3097.0,2023-03-01,108.0,33333.0,1.31467262956125,103.839010845653,"18 DUNEARN ROAD PULLMAN RESIDENCES, NEWTON SINGAPORE 309421",3.747758902511321,30.0,3,1,2,14,10,6,5.0,0.0,0,0
PARK INFINIA AT WEE NAM,3450000.0,1420.85,2428.0,2023-03-01,132.0,26136.0,1.31441386999901,103.843291191875,2A LINCOLN ROAD PARK INFINIA AT WEE NAM SINGAPORE 308364,3.57796230174373,30.0,3,2,2,14,11,6,6.0,1.0,1,0
PAVILION 11,1860000.0,958.0,1942.0,2023-03-01,89.0,20899.0,1.32458602112842,103.848173371262,23 AKYAB ROAD PAVILION 11 SINGAPORE 309978,4.609115779437775,30.0,2,3,5,12,18,5,2.0,1.0,1,0
PEAK RESIDENCE,1900000.0,807.3,2354.0,2023-03-01,75.0,25333.0,1.32534460429599,103.840724426138,333 THOMSON ROAD PEAK RESIDENCE SINGAPORE 307675,4.8198774142707626,30.0,2,0,4,12,14,5,1.0,0.0,1,0
SOLEIL @ SINARAN,1060000.0,581.26,1824.0,2023-03-01,54.0,19630.0,1.31960020004528,103.845271738384,2 SINARAN DRIVE SOLEIL @ SINARAN SINGAPORE 307467,4.096964545722665,30.0,1,1,4,14,14,7,2.0,1.0,1,0
LION TOWERS,3230000.0,1862.17,1735.0,2023-03-01,173.0,18671.0,1.31657343183669,103.845293528065,2 ESSEX ROAD LION TOWERS SINGAPORE 309330,3.766307111875673,30.0,3,2,2,14,13,7,1.0,1.0,0,0
GILSTEAD TWO,1730000.0,775.01,2232.0,2023-03-01,72.0,24028.0,1.31496035037871,103.838459402687,2 GILSTEAD ROAD GILSTEAD TWO SINGAPORE 309061,3.799617052654486,30.0,3,1,3,14,10,6,3.0,1.0,0,0
THE PARK VALE,2000000.0,1119.46,1787.0,2023-03-01,104.0,19231.0,1.32999513668172,103.811623198198,4B PARK VALE THE PARK VALE SINGAPORE 288564,6.797626695790571,30.0,3,1,0,11,6,7,1.0,1.0,1,0
ADRIA,1699000.0,807.3,2105.0,2023-03-01,75.0,22653.0,1.3164463549549,103.846258551824,12 DERBYSHIRE ROAD ADRIA SINGAPORE 309466,3.735780917193752,30.0,3,2,2,14,13,7,1.0,1.0,0,0
RESIDENCES @ EVELYN,3500000.0,1539.25,2274.0,2023-03-01,143.0,24476.0,1.31548497427322,103.839467418834,17 EVELYN ROAD RESIDENCES @ EVELYN SINGAPORE 309306,3.814435565431148,30.0,3,1,2,14,12,6,2.0,1.0,1,0
PULLMAN RESIDENCES NEWTON,2206000.0,667.37,3306.0,2023-03-01,62.0,35581.0,1.31467262956125,103.839010845653,"18 DUNEARN ROAD PULLMAN RESIDENCES, NEWTON SINGAPORE 309421",3.747758902511321,30.0,3,1,2,14,10,6,6.0,0.0,0,0
THE SHELFORD,2400000.0,1033.34,2323.0,2023-03-01,96.0,25000.0,1.32561376215123,103.810731205358,1E SHELFORD ROAD THE SHELFORD SINGAPORE 286890,6.502869662773255,30.0,4,1,0,12,7,8,1.0,1.0,1,0
PULLMAN RESIDENCES NEWTON,1553000.0,462.85,3355.0,2023-03-01,43.0,36116.0,1.31467262956125,103.839010845653,"18 DUNEARN ROAD PULLMAN RESIDENCES, NEWTON SINGAPORE 309421",3.747758902511321,30.0,3,1,2,14,10,6,5.0,0.0,0,0
AMARYLLIS VILLE,2400000.0,1237.86,1939.0,2023-03-01,115.0,20870.0,1.31478233515073,103.841958399488,22 NEWTON ROAD AMARYLLIS VILLE SINGAPORE 307990,3.655547978307824,30.0,3,2,2,14,13,6,3.0,1.0,1,0
HILLCREST ARCADIA,2500000.0,1969.81,1269.0,2023-03-01,183.0,13661.0,1.33377798542711,103.808806606762,255 ARCADIA ROAD HILLCREST ARCADIA SINGAPORE 289850,7.319529262671842,30.0,1,0,0,9,6,5,1.0,1.0,1,0
THE SHELFORD,2280000.0,1054.87,2161.0,2023-03-01,98.0,23265.0,1.32561376215123,103.810731205358,1E SHELFORD ROAD THE SHELFORD SINGAPORE 286890,6.502869662773255,30.0,4,1,0,12,7,8,1.0,1.0,1,0
PEAK RESIDENCE,2055000.0,775.01,2652.0,2023-03-01,72.0,28542.0,1.32534460429599,103.840724426138,333 THOMSON ROAD PEAK RESIDENCE SINGAPORE 307675,4.8198774142707626,30.0,2,0,4,12,14,5,1.0,0.0,1,0
PEAK RESIDENCE,1912800.0,796.54,2401.0,2023-03-01,74.0,25849.0,1.32534460429599,103.840724426138,333 THOMSON ROAD PEAK RESIDENCE SINGAPORE 307675,4.8198774142707626,30.0,2,0,4,12,14,5,1.0,0.0,1,0
MEDGE,1358000.0,861.12,1577.0,2023-03-01,80.0,16975.0,1.32337432256355,103.850380826925,2 MINBU ROAD MEDGE SINGAPORE 308186,4.464916441227247,30.0,1,3,4,12,18,4,2.0,1.0,0,0
PULLMAN RESIDENCES NEWTON,1461000.0,462.85,3157.0,2023-03-01,43.0,33977.0,1.31467262956125,103.839010845653,"18 DUNEARN ROAD PULLMAN RESIDENCES, NEWTON SINGAPORE 309421",3.747758902511321,30.0,3,1,2,14,10,6,4.0,0.0,0,0
TRILIGHT,2688000.0,1162.51,2312.0,2023-03-01,108.0,24889.0,1.31447883237245,103.839899712589,7 NEWTON ROAD TRILIGHT SINGAPORE 307945,3.693489005647367,30.0,3,1,2,14,10,5,3.0,1.0,1,0
ROCHELLE AT NEWTON,3250000.0,2314.26,1404.0,2023-03-01,215.0,15116.0,1.31404425678498,103.841922909924,188 KENG LEE ROAD ROCHELLE AT NEWTON SINGAPORE 308414,3.578271566582672,30.0,3,2,2,14,11,6,1.0,1.0,1,0
PEAK RESIDENCE,1972700.0,796.54,2477.0,2023-03-01,74.0,26658.0,1.32534460429599,103.840724426138,333 THOMSON ROAD PEAK RESIDENCE SINGAPORE 307675,4.8198774142707626,30.0,2,0,4,12,14,5,1.0,0.0,1,0
PEAK RESIDENCE,2865200.0,1065.64,2689.0,2023-03-01,99.0,28941.0,1.32534460429599,103.840724426138,333 THOMSON ROAD PEAK RESIDENCE SINGAPORE 307675,4.8198774142707626,30.0,2,0,4,12,14,5,1.0,0.0,1,0
IKIGAI,1352800.0,602.78,2244.0,2023-03-01,56.0,24157.0,1.31790382404123,103.847428354915,38 SHREWSBURY ROAD IKIGAI SINGAPORE 307818,3.879900072370961,30.0,2,2,2,14,13,7,1.0,0.0,0,0
TRILIGHT,2570000.0,1087.16,2364.0,2023-03-01,101.0,25446.0,1.31447883237245,103.839899712589,7 NEWTON ROAD TRILIGHT SINGAPORE 307945,3.693489005647367,30.0,3,1,2,14,10,5,6.0,1.0,1,0
PULLMAN RESIDENCES NEWTON,1525000.0,462.85,3295.0,2023-03-01,43.0,35465.0,1.31467262956125,103.839010845653,"18 DUNEARN ROAD PULLMAN RESIDENCES, NEWTON SINGAPORE 309421",3.747758902511321,30.0,3,1,2,14,10,6,5.0,0.0,0,0
PEAK RESIDENCE,1981800.0,807.3,2455.0,2023-03-01,75.0,26424.0,1.32534460429599,103.840724426138,333 THOMSON ROAD PEAK RESIDENCE SINGAPORE 307675,4.8198774142707626,30.0,2,0,4,12,14,5,1.0,0.0,1,0
D' IXORAS,1290000.0,839.59,1536.0,2023-03-01,78.0,16538.0,1.32411334495333,103.849040669227,23 MINBU ROAD D' IXORAS SINGAPORE 308172,4.551328531254225,30.0,2,3,5,12,18,4,2.0,1.0,0,0
PULLMAN RESIDENCES NEWTON,2218000.0,667.37,3324.0,2023-03-01,62.0,35774.0,1.31467262956125,103.839010845653,"18 DUNEARN ROAD PULLMAN RESIDENCES, NEWTON SINGAPORE 309421",3.747758902511321,30.0,3,1,2,14,10,6,6.0,0.0,0,0
PEAK RESIDENCE,2826000.0,1065.64,2652.0,2023-03-01,99.0,28545.0,1.32534460429599,103.840724426138,333 THOMSON ROAD PEAK RESIDENCE SINGAPORE 307675,4.8198774142707626,30.0,2,0,4,12,14,5,1.0,0.0,1,0
PEAK RESIDENCE,1958200.0,807.3,2426.0,2023-03-01,75.0,26109.0,1.32534460429599,103.840724426138,333 THOMSON ROAD PEAK RESIDENCE SINGAPORE 307675,4.8198774142707626,30.0,2,0,4,12,14,5,1.0,0.0,1,0
ENCHANTÉ,3021742.0,1087.16,2779.0,2023-03-01,101.0,29918.0,1.31585875980621,103.84033274534,3 EVELYN ROAD ENCHANTÉ (U/C) SINGAPORE 309727,3.822384309299648,30.0,3,1,2,14,12,7,2.0,0.0,0,0
35 GILSTEAD,1578000.0,710.42,2221.0,2023-03-01,66.0,23909.0,1.31711023904743,103.837956844749,35 GILSTEAD ROAD 35 GILSTEAD SINGAPORE 309079,4.041420945749914,30.0,3,1,2,14,12,6,1.0,0.0,0,0
PARK INFINIA AT WEE NAM,6628000.0,3315.31,1999.0,2023-03-01,308.0,21519.0,1.31441386999901,103.843291191875,2A LINCOLN ROAD PARK INFINIA AT WEE NAM SINGAPORE 308364,3.57796230174373,30.0,3,2,2,14,11,6,6.0,1.0,1,0
ZEDGE,860000.0,484.38,1775.0,2023-03-01,45.0,19111.0,1.32242172407521,103.848172032797,2 AKYAB ROAD ZEDGE SINGAPORE 309973,4.370398222376426,30.0,1,3,4,12,14,7,4.0,1.0,0,0
STRATA,2810000.0,1636.13,1717.0,2023-03-01,152.0,18487.0,1.31740976334811,103.844913840423,1 ESSEX ROAD STRATA SINGAPORE 309329,3.864673219206803,30.0,3,2,3,14,14,7,6.0,1.0,0,0
PULLMAN RESIDENCES NEWTON,1543000.0,462.85,3334.0,2023-03-01,43.0,35884.0,1.31467262956125,103.839010845653,"18 DUNEARN ROAD PULLMAN RESIDENCES, NEWTON SINGAPORE 309421",3.747758902511321,30.0,3,1,2,14,10,6,5.0,0.0,0,0
PULLMAN RESIDENCES NEWTON,1553000.0,462.85,3355.0,2023-03-01,43.0,36116.0,1.31467262956125,103.839010845653,"18 DUNEARN ROAD PULLMAN RESIDENCES, NEWTON SINGAPORE 309421",3.747758902511321,30.0,3,1,2,14,10,6,5.0,0.0,0,0
NEU AT NOVENA,1788363.0,645.84,2769.0,2023-03-01,60.0,29806.0,1.31961486592659,103.845969245127,27 MOULMEIN RISE NEU AT NOVENA SINGAPORE 308140,4.087211641971712,30.0,1,2,4,14,13,7,2.0,0.0,0,0
PULLMAN RESIDENCES NEWTON,1434000.0,462.85,3098.0,2023-03-01,43.0,33349.0,1.31467262956125,103.839010845653,"18 DUNEARN ROAD PULLMAN RESIDENCES, NEWTON SINGAPORE 309421",3.747758902511321,30.0,3,1,2,14,10,6,4.0,0.0,0,0
PULLMAN RESIDENCES NEWTON,1525000.0,462.85,3295.0,2023-03-01,43.0,35465.0,1.31467262956125,103.839010845653,"18 DUNEARN ROAD PULLMAN RESIDENCES, NEWTON SINGAPORE 309421",3.747758902511321,30.0,3,1,2,14,10,6,5.0,0.0,0,0
PEAK RESIDENCE,1957000.0,807.3,2424.0,2023-03-01,75.0,26093.0,1.32534460429599,103.840724426138,333 THOMSON ROAD PEAK RESIDENCE SINGAPORE 307675,4.8198774142707626,30.0,2,0,4,12,14,5,1.0,0.0,1,0
TREVOSE PARK,3220000.0,1679.18,1918.0,2023-03-01,156.0,20641.0,1.32530422394989,103.825473045143,68 TREVOSE CRESCENT TREVOSE PARK SINGAPORE 298069,5.472884262180392,30.0,2,0,0,12,6,5,1.0,1.0,1,0
LA SUISSE,3320000.0,2098.98,1582.0,2023-03-01,195.0,17026.0,1.34663071510795,103.789436674932,1 SWISS VIEW LA SUISSE SINGAPORE 288007,9.820715471095133,30.0,0,0,0,1,1,2,1.0,1.0,1,0
CITY EDGE,1460000.0,828.83,1762.0,2023-03-01,77.0,18961.0,1.31953328897071,103.84662602278,18 MOULMEIN RISE CITY EDGE SINGAPORE 308133,4.068886226265154,30.0,1,2,4,14,13,7,2.0,1.0,0,0
SKY@ELEVEN,5750000.0,2712.53,2120.0,2023-03-01,252.0,22817.0,1.33127079751604,103.841021896647,7 THOMSON LANE SKY@ELEVEN SINGAPORE 297725,5.451828930281204,30.0,4,1,3,12,15,2,8.0,1.0,1,0
TREVOSE PARK,3470000.0,1636.13,2121.0,2023-03-01,152.0,22829.0,1.32530422394989,103.825473045143,68 TREVOSE CRESCENT TREVOSE PARK SINGAPORE 298069,5.472884262180392,30.0,2,0,0,12,6,5,1.0,1.0,1,0
PEAK RESIDENCE,1976200.0,807.3,2448.0,2023-03-01,75.0,26349.0,1.32534460429599,103.840724426138,333 THOMSON ROAD PEAK RESIDENCE SINGAPORE 307675,4.8198774142707626,30.0,2,0,4,12,14,5,1.0,0.0,1,0
PULLMAN RESIDENCES NEWTON,1533000.0,462.85,3312.0,2023-03-01,43.0,35651.0,1.31467262956125,103.839010845653,"18 DUNEARN ROAD PULLMAN RESIDENCES, NEWTON SINGAPORE 309421",3.747758902511321,30.0,3,1,2,14,10,6,5.0,0.0,0,0
PULLMAN RESIDENCES NEWTON,2158000.0,667.37,3234.0,2023-03-01,62.0,34806.0,1.31467262956125,103.839010845653,"18 DUNEARN ROAD PULLMAN RESIDENCES, NEWTON SINGAPORE 309421",3.747758902511321,30.0,3,1,2,14,10,6,5.0,0.0,0,0
PEAK RESIDENCE,1858400.0,807.3,2302.0,2023-03-01,75.0,24779.0,1.32534460429599,103.840724426138,333 THOMSON ROAD PEAK RESIDENCE SINGAPORE 307675,4.8198774142707626,30.0,2,0,4,12,14,5,1.0,0.0,1,0
PULLMAN RESIDENCES NEWTON,2219000.0,667.37,3325.0,2023-03-01,62.0,35790.0,1.31467262956125,103.839010845653,"18 DUNEARN ROAD PULLMAN RESIDENCES, NEWTON SINGAPORE 309421",3.747758902511321,30.0,3,1,2,14,10,6,6.0,0.0,0,0
THE SHELFORD,3180000.0,1399.32,2273.0,2023-03-01,130.0,24462.0,1.32561376215123,103.810731205358,1E SHELFORD ROAD THE SHELFORD SINGAPORE 286890,6.502869662773255,30.0,4,1,0,12,7,8,1.0,1.0,1,0
1 MOULMEIN RISE,2600000.0,1237.86,2100.0,2023-03-01,115.0,22609.0,1.31908636997896,103.847053580169,1 MOULMEIN RISE 1 MOULMEIN RISE SINGAPORE 308143,4.014343248034238,30.0,1,3,4,14,12,7,5.0,1.0,0,0
THE ARMADALE,1350000.0,742.72,1818.0,2023-03-01,69.0,19565.0,1.31856765330093,103.840268808403,60 GILSTEAD ROAD THE ARMADALE SINGAPORE 309104,4.1102218338608845,30.0,3,1,3,14,13,7,1.0,1.0,0,0
PULLMAN RESIDENCES NEWTON,2051000.0,667.37,3073.0,2023-03-01,62.0,33081.0,1.31467262956125,103.839010845653,"18 DUNEARN ROAD PULLMAN RESIDENCES, NEWTON SINGAPORE 309421",3.747758902511321,30.0,3,1,2,14,10,6,4.0,0.0,0,0
PULLMAN RESIDENCES NEWTON,3442000.0,1162.51,2961.0,2023-02-01,108.0,31870.0,1.31467262956125,103.839010845653,"18 DUNEARN ROAD PULLMAN RESIDENCES, NEWTON SINGAPORE 309421",3.747758902511321,31.0,3,1,2,14,10,6,3.0,0.0,0,0
PULLMAN RESIDENCES NEWTON,2098000.0,667.37,3144.0,2023-02-01,62.0,33839.0,1.31467262956125,103.839010845653,"18 DUNEARN ROAD PULLMAN RESIDENCES, NEWTON SINGAPORE 309421",3.747758902511321,31.0,3,1,2,14,10,6,5.0,0.0,0,0
PULLMAN RESIDENCES NEWTON,1501000.0,462.85,3243.0,2023-02-01,43.0,34907.0,1.31467262956125,103.839010845653,"18 DUNEARN ROAD PULLMAN RESIDENCES, NEWTON SINGAPORE 309421",3.747758902511321,31.0,3,1,2,14,10,6,5.0,0.0,0,0
THE ARCADIA,4300000.0,3756.64,1145.0,2023-02-01,349.0,12321.0,1.33337474399547,103.811275631559,235 ARCADIA ROAD THE ARCADIA SINGAPORE 289843,7.111379394487015,31.0,1,0,0,9,6,5,1.0,1.0,1,0
PEAK RESIDENCE,2653300.0,1065.64,2490.0,2023-02-01,99.0,26801.0,1.32534460429599,103.840724426138,333 THOMSON ROAD PEAK RESIDENCE SINGAPORE 307675,4.8198774142707626,31.0,2,0,4,12,14,5,1.0,0.0,1,0
IKIGAI,1421200.0,635.08,2238.0,2023-02-01,59.0,24088.0,1.31790382404123,103.847428354915,38 SHREWSBURY ROAD IKIGAI SINGAPORE 307818,3.879900072370961,31.0,2,2,2,14,13,7,1.0,0.0,0,0
SKY@ELEVEN,5500000.0,2712.53,2028.0,2023-02-01,252.0,21825.0,1.33127079751604,103.841021896647,7 THOMSON LANE SKY@ELEVEN SINGAPORE 297725,5.451828930281204,31.0,4,1,3,12,15,2,2.0,1.0,1,0
1 MOULMEIN RISE,2446500.0,1237.86,1976.0,2023-02-01,115.0,21274.0,1.31908636997896,103.847053580169,1 MOULMEIN RISE 1 MOULMEIN RISE SINGAPORE 308143,4.014343248034238,31.0,1,3,4,14,12,7,4.0,1.0,0,0
PULLMAN RESIDENCES NEWTON,1498000.0,462.85,3236.0,2023-02-01,43.0,34837.0,1.31467262956125,103.839010845653,"18 DUNEARN ROAD PULLMAN RESIDENCES, NEWTON SINGAPORE 309421",3.747758902511321,31.0,3,1,2,14,10,6,5.0,0.0,0,0
PULLMAN RESIDENCES NEWTON,1499000.0,462.85,3239.0,2023-02-01,43.0,34860.0,1.31467262956125,103.839010845653,"18 DUNEARN ROAD PULLMAN RESIDENCES, NEWTON SINGAPORE 309421",3.747758902511321,31.0,3,1,2,14,10,6,5.0,0.0,0,0
PULLMAN RESIDENCES NEWTON,1493000.0,462.85,3226.0,2023-02-01,43.0,34721.0,1.31467262956125,103.839010845653,"18 DUNEARN ROAD PULLMAN RESIDENCES, NEWTON SINGAPORE 309421",3.747758902511321,31.0,3,1,2,14,10,6,5.0,0.0,0,0
PEAK RESIDENCE,1891800.0,807.3,2343.0,2023-02-01,75.0,25224.0,1.32534460429599,103.840724426138,333 THOMSON ROAD PEAK RESIDENCE SINGAPORE 307675,4.8198774142707626,31.0,2,0,4,12,14,5,1.0,0.0,1,0
PULLMAN RESIDENCES NEWTON,1473120.0,462.85,3183.0,2023-02-01,43.0,34259.0,1.31467262956125,103.839010845653,"18 DUNEARN ROAD PULLMAN RESIDENCES, NEWTON SINGAPORE 309421",3.747758902511321,31.0,3,1,2,14,10,6,4.0,0.0,0,0
PULLMAN RESIDENCES NEWTON,1493000.0,462.85,3226.0,2023-02-01,43.0,34721.0,1.31467262956125,103.839010845653,"18 DUNEARN ROAD PULLMAN RESIDENCES, NEWTON SINGAPORE 309421",3.747758902511321,31.0,3,1,2,14,10,6,5.0,0.0,0,0
AMARYLLIS VILLE,2388000.0,1237.86,1929.0,2023-02-01,115.0,20765.0,1.31478233515073,103.841958399488,22 NEWTON ROAD AMARYLLIS VILLE SINGAPORE 307990,3.655547978307824,31.0,3,2,2,14,13,6,5.0,1.0,1,0
PULLMAN RESIDENCES NEWTON,3550000.0,1162.51,3054.0,2023-02-01,108.0,32870.0,1.31467262956125,103.839010845653,"18 DUNEARN ROAD PULLMAN RESIDENCES, NEWTON SINGAPORE 309421",3.747758902511321,31.0,3,1,2,14,10,6,4.0,0.0,0,0
PULLMAN RESIDENCES NEWTON,1468000.0,462.85,3172.0,2023-02-01,43.0,34140.0,1.31467262956125,103.839010845653,"18 DUNEARN ROAD PULLMAN RESIDENCES, NEWTON SINGAPORE 309421",3.747758902511321,31.0,3,1,2,14,10,6,4.0,0.0,0,0
PULLMAN RESIDENCES NEWTON,3572000.0,1162.51,3073.0,2023-02-01,108.0,33074.0,1.31467262956125,103.839010845653,"18 DUNEARN ROAD PULLMAN RESIDENCES, NEWTON SINGAPORE 309421",3.747758902511321,31.0,3,1,2,14,10,6,4.0,0.0,0,0
PULLMAN RESIDENCES NEWTON,1485000.0,462.85,3208.0,2023-02-01,43.0,34535.0,1.31467262956125,103.839010845653,"18 DUNEARN ROAD PULLMAN RESIDENCES, NEWTON SINGAPORE 309421",3.747758902511321,31.0,3,1,2,14,10,6,5.0,0.0,0,0
PULLMAN RESIDENCES NEWTON,2129000.0,667.37,3190.0,2023-02-01,62.0,34339.0,1.31467262956125,103.839010845653,"18 DUNEARN ROAD PULLMAN RESIDENCES, NEWTON SINGAPORE 309421",3.747758902511321,31.0,3,1,2,14,10,6,6.0,0.0,0,0
NEWTON 18,2880000.0,1248.62,2307.0,2023-02-01,116.0,24828.0,1.31429426375311,103.841150697585,18 NEWTON ROAD NEWTON 18 SINGAPORE 307989,3.6298212404791177,31.0,3,1,2,14,10,6,6.0,1.0,0,0
THOMSON 800,3060000.0,1625.36,1883.0,2023-02-01,151.0,20265.0,1.3411028334318,103.838741075921,808 THOMSON ROAD THOMSON 800 SINGAPORE 298190,6.567971581242121,31.0,4,1,0,13,13,2,4.0,1.0,1,0
SOLEIL @ SINARAN,2290000.0,1097.93,2086.0,2023-02-01,102.0,22451.0,1.31960020004528,103.845271738384,2 SINARAN DRIVE SOLEIL @ SINARAN SINGAPORE 307467,4.096964545722665,31.0,1,1,4,14,14,7,6.0,1.0,1,0
PULLMAN RESIDENCES NEWTON,1450000.0,462.85,3133.0,2023-02-01,43.0,33721.0,1.31467262956125,103.839010845653,"18 DUNEARN ROAD PULLMAN RESIDENCES, NEWTON SINGAPORE 309421",3.747758902511321,31.0,3,1,2,14,10,6,4.0,0.0,0,0
PULLMAN RESIDENCES NEWTON,1485000.0,462.85,3208.0,2023-02-01,43.0,34535.0,1.31467262956125,103.839010845653,"18 DUNEARN ROAD PULLMAN RESIDENCES, NEWTON SINGAPORE 309421",3.747758902511321,31.0,3,1,2,14,10,6,5.0,0.0,0,0
BUCKLEY CLASSIQUE,6480000.0,3562.88,1819.0,2023-02-01,331.0,19577.0,1.3179599892541,103.840328123302,11 BUCKLEY ROAD BUCKLEY CLASSIQUE SINGAPORE 309767,4.044031983866686,31.0,3,1,3,14,13,7,1.0,1.0,1,0
10 SHELFORD,1230000.0,947.23,1299.0,2023-02-01,88.0,13977.0,1.32580825364563,103.812516919467,10 SHELFORD ROAD 10 SHELFORD SINGAPORE 288353,6.383468750218335,31.0,3,1,0,13,7,8,1.0,1.0,0,0
PEAK RESIDENCE,1854000.0,775.01,2392.0,2023-02-01,72.0,25750.0,1.32534460429599,103.840724426138,333 THOMSON ROAD PEAK RESIDENCE SINGAPORE 307675,4.8198774142707626,31.0,2,0,4,12,14,5,1.0,0.0,1,0
PULLMAN RESIDENCES NEWTON,2068000.0,667.37,3099.0,2023-02-01,62.0,33355.0,1.31467262956125,103.839010845653,"18 DUNEARN ROAD PULLMAN RESIDENCES, NEWTON SINGAPORE 309421",3.747758902511321,31.0,3,1,2,14,10,6,5.0,0.0,0,0
ADRIA,2608000.0,1302.44,2002.0,2023-02-01,121.0,21554.0,1.3164463549549,103.846258551824,12 DERBYSHIRE ROAD ADRIA SINGAPORE 309466,3.735780917193752,31.0,3,2,2,14,13,7,5.0,1.0,0,0
6 DERBYSHIRE,2200000.0,1011.82,2174.0,2023-02-01,94.0,23404.0,1.31568172551155,103.845880417376,6 DERBYSHIRE ROAD 6 DERBYSHIRE SINGAPORE 309462,3.6584167943606625,31.0,3,2,2,14,13,6,2.0,1.0,1,0
IRIDIUM,2100000.0,1065.64,1971.0,2023-02-01,99.0,21212.0,1.31513812749678,103.842640203235,11 LINCOLN ROAD IRIDIUM SINGAPORE 308349,3.673438389333036,31.0,3,2,2,14,13,6,1.0,1.0,0,0
THE AXIS,700000.0,398.27,1758.0,2023-02-01,37.0,18919.0,1.32462194319897,103.849957588255,47 MANDALAY ROAD THE AXIS SINGAPORE 308227,4.6038020641452535,31.0,2,3,4,12,19,4,3.0,1.0,0,0
PULLMAN RESIDENCES NEWTON,3509000.0,1162.51,3018.0,2023-02-01,108.0,32491.0,1.31467262956125,103.839010845653,"18 DUNEARN ROAD PULLMAN RESIDENCES, NEWTON SINGAPORE 309421",3.747758902511321,31.0,3,1,2,14,10,6,4.0,0.0,0,0
PULLMAN RESIDENCES NEWTON,1477000.0,462.85,3191.0,2023-02-01,43.0,34349.0,1.31467262956125,103.839010845653,"18 DUNEARN ROAD PULLMAN RESIDENCES, NEWTON SINGAPORE 309421",3.747758902511321,31.0,3,1,2,14,10,6,5.0,0.0,0,0
PULLMAN RESIDENCES NEWTON,3910000.0,1280.92,3053.0,2023-02-01,119.0,32857.0,1.31467262956125,103.839010845653,"18 DUNEARN ROAD PULLMAN RESIDENCES, NEWTON SINGAPORE 309421",3.747758902511321,31.0,3,1,2,14,10,6,5.0,0.0,0,0
PULLMAN RESIDENCES NEWTON,2171070.0,667.37,3253.0,2023-02-01,62.0,35017.0,1.31467262956125,103.839010845653,"18 DUNEARN ROAD PULLMAN RESIDENCES, NEWTON SINGAPORE 309421",3.747758902511321,31.0,3,1,2,14,10,6,6.0,0.0,0,0
PEAK RESIDENCE,3306000.0,1388.56,2381.0,2023-02-01,129.0,25628.0,1.32534460429599,103.840724426138,333 THOMSON ROAD PEAK RESIDENCE SINGAPORE 307675,4.8198774142707626,31.0,2,0,4,12,14,5,1.0,0.0,1,0
PEAK RESIDENCE,1865500.0,807.3,2311.0,2023-02-01,75.0,24873.0,1.32534460429599,103.840724426138,333 THOMSON ROAD PEAK RESIDENCE SINGAPORE 307675,4.8198774142707626,31.0,2,0,4,12,14,5,1.0,0.0,1,0
PEAK RESIDENCE,2728100.0,1065.64,2560.0,2023-02-01,99.0,27557.0,1.32534460429599,103.840724426138,333 THOMSON ROAD PEAK RESIDENCE SINGAPORE 307675,4.8198774142707626,31.0,2,0,4,12,14,5,1.0,0.0,1,0
PEAK RESIDENCE,2556800.0,1087.16,2352.0,2023-02-01,101.0,25315.0,1.32534460429599,103.840724426138,333 THOMSON ROAD PEAK RESIDENCE SINGAPORE 307675,4.8198774142707626,31.0,2,0,4,12,14,5,1.0,0.0,1,0
PEAK RESIDENCE,1902000.0,828.83,2295.0,2023-02-01,77.0,24701.0,1.32534460429599,103.840724426138,333 THOMSON ROAD PEAK RESIDENCE SINGAPORE 307675,4.8198774142707626,31.0,2,0,4,12,14,5,1.0,0.0,1,0
PEAK RESIDENCE,2866900.0,1087.16,2637.0,2023-02-01,101.0,28385.0,1.32534460429599,103.840724426138,333 THOMSON ROAD PEAK RESIDENCE SINGAPORE 307675,4.8198774142707626,31.0,2,0,4,12,14,5,1.0,0.0,1,0
PEAK RESIDENCE,2248888.0,828.83,2713.0,2023-02-01,77.0,29206.0,1.32534460429599,103.840724426138,333 THOMSON ROAD PEAK RESIDENCE SINGAPORE 307675,4.8198774142707626,31.0,2,0,4,12,14,5,1.0,0.0,1,0
PULLMAN RESIDENCES NEWTON,2166000.0,667.37,3246.0,2023-02-01,62.0,34935.0,1.31467262956125,103.839010845653,"18 DUNEARN ROAD PULLMAN RESIDENCES, NEWTON SINGAPORE 309421",3.747758902511321,31.0,3,1,2,14,10,6,6.0,0.0,0,0
SUITES @ SHREWSBURY,690000.0,333.68,2068.0,2023-02-01,31.0,22258.0,1.31819899592367,103.848906082215,84 SHREWSBURY ROAD SUITES @ SHREWSBURY SINGAPORE 307842,3.899093640567353,31.0,2,3,2,14,13,7,1.0,1.0,0,0
ZEDGE,865000.0,495.14,1747.0,2023-02-01,46.0,18804.0,1.32242172407521,103.848172032797,2 AKYAB ROAD ZEDGE SINGAPORE 309973,4.370398222376426,31.0,1,3,4,12,14,7,3.0,1.0,0,0
PEAK RESIDENCE,2800000.0,1065.64,2628.0,2023-02-01,99.0,28283.0,1.32534460429599,103.840724426138,333 THOMSON ROAD PEAK RESIDENCE SINGAPORE 307675,4.8198774142707626,31.0,2,0,4,12,14,5,1.0,0.0,1,0
SHELFORD REGENCY,2600000.0,1280.92,2030.0,2023-02-01,119.0,21849.0,1.32659730501812,103.811332907782,65 SHELFORD ROAD SHELFORD REGENCY SINGAPORE 288455,6.53669061517323,31.0,3,1,0,13,7,8,1.0,1.0,1,0
PULLMAN RESIDENCES NEWTON,3443220.0,1162.51,2962.0,2023-02-01,108.0,31882.0,1.31467262956125,103.839010845653,"18 DUNEARN ROAD PULLMAN RESIDENCES, NEWTON SINGAPORE 309421",3.747758902511321,31.0,3,1,2,14,10,6,4.0,0.0,0,0
PULLMAN RESIDENCES NEWTON,3458070.0,1162.51,2975.0,2023-02-01,108.0,32019.0,1.31467262956125,103.839010845653,"18 DUNEARN ROAD PULLMAN RESIDENCES, NEWTON SINGAPORE 309421",3.747758902511321,31.0,3,1,2,14,10,6,4.0,0.0,0,0
PULLMAN RESIDENCES NEWTON,2089000.0,667.37,3130.0,2023-02-01,62.0,33694.0,1.31467262956125,103.839010845653,"18 DUNEARN ROAD PULLMAN RESIDENCES, NEWTON SINGAPORE 309421",3.747758902511321,31.0,3,1,2,14,10,6,5.0,0.0,0,0
35 GILSTEAD,1760000.0,699.66,2516.0,2023-02-01,65.0,27077.0,1.31711023904743,103.837956844749,35 GILSTEAD ROAD 35 GILSTEAD SINGAPORE 309079,4.041420945749914,31.0,3,1,2,14,12,6,1.0,0.0,0,0
PEAK RESIDENCE,1877300.0,796.54,2357.0,2023-02-01,74.0,25369.0,1.32534460429599,103.840724426138,333 THOMSON ROAD PEAK RESIDENCE SINGAPORE 307675,4.8198774142707626,31.0,2,0,4,12,14,5,1.0,0.0,1,0
PEAK RESIDENCE,1957000.0,807.3,2424.0,2023-02-01,75.0,26093.0,1.32534460429599,103.840724426138,333 THOMSON ROAD PEAK RESIDENCE SINGAPORE 307675,4.8198774142707626,31.0,2,0,4,12,14,5,1.0,0.0,1,0
NOVENA SUITES,2000000.0,947.23,2111.0,2023-02-01,88.0,22727.0,1.32005187342709,103.852519734445,201 BALESTIER ROAD HOLIDAY INN EXPRESS & SUITES SINGAPORE NOVENA SINGAPORE 329926,4.100494883617021,31.0,2,3,1,13,16,3,2.0,1.0,0,0
PULLMAN RESIDENCES NEWTON,2098800.0,667.37,3145.0,2023-02-01,62.0,33852.0,1.31467262956125,103.839010845653,"18 DUNEARN ROAD PULLMAN RESIDENCES, NEWTON SINGAPORE 309421",3.747758902511321,31.0,3,1,2,14,10,6,5.0,0.0,0,0
PULLMAN RESIDENCES NEWTON,2098000.0,667.37,3144.0,2023-02-01,62.0,33839.0,1.31467262956125,103.839010845653,"18 DUNEARN ROAD PULLMAN RESIDENCES, NEWTON SINGAPORE 309421",3.747758902511321,31.0,3,1,2,14,10,6,5.0,0.0,0,0
PULLMAN RESIDENCES NEWTON,2133000.0,667.37,3196.0,2023-02-01,62.0,34403.0,1.31467262956125,103.839010845653,"18 DUNEARN ROAD PULLMAN RESIDENCES, NEWTON SINGAPORE 309421",3.747758902511321,31.0,3,1,2,14,10,6,5.0,0.0,0,0
PULLMAN RESIDENCES NEWTON,3385800.0,1162.51,2912.0,2023-02-01,108.0,31350.0,1.31467262956125,103.839010845653,"18 DUNEARN ROAD PULLMAN RESIDENCES, NEWTON SINGAPORE 309421",3.747758902511321,31.0,3,1,2,14,10,6,3.0,0.0,0,0
NEWTON 21,2380000.0,1065.64,2233.0,2023-02-01,99.0,24040.0,1.31490075979298,103.840460862924,21 NEWTON ROAD NEWTON 21 SINGAPORE 307954,3.7173142928382856,31.0,3,1,2,14,12,6,2.0,1.0,0,0
THOMSON 800,2600000.0,1399.32,1858.0,2023-02-01,130.0,20000.0,1.3411028334318,103.838741075921,808 THOMSON ROAD THOMSON 800 SINGAPORE 298190,6.567971581242121,31.0,4,1,0,13,13,2,4.0,1.0,1,0
L'VIV,1355000.0,613.55,2208.0,2023-01-01,57.0,23772.0,1.31544838531983,103.840354841468,23 NEWTON ROAD L'VIV SINGAPORE 307955,3.778505845346688,32.0,3,1,2,14,12,6,3.0,1.0,0,0
LINCOLN SUITES,1052988.0,462.85,2275.0,2023-01-01,43.0,24488.0,1.31710864002609,103.842743087159,3 KHIANG GUAN AVENUE LINCOLN SUITES SINGAPORE 308381,3.881888940990309,32.0,3,2,3,14,13,7,4.0,1.0,1,0
ZEDGE,1950000.0,1302.44,1497.0,2023-01-01,121.0,16116.0,1.32242172407521,103.848172032797,2 AKYAB ROAD ZEDGE SINGAPORE 309973,4.370398222376426,32.0,1,3,4,12,14,7,4.0,1.0,0,0
TREVOSE PARK,3250000.0,1657.66,1961.0,2023-01-01,154.0,21104.0,1.32530422394989,103.825473045143,68 TREVOSE CRESCENT TREVOSE PARK SINGAPORE 298069,5.472884262180392,32.0,2,0,0,12,6,5,1.0,1.0,1,0
PEAK RESIDENCE,3759653.0,1388.56,2708.0,2023-01-01,129.0,29145.0,1.32534460429599,103.840724426138,333 THOMSON ROAD PEAK RESIDENCE SINGAPORE 307675,4.8198774142707626,32.0,2,0,4,12,14,5,1.0,0.0,1,0
PEAK RESIDENCE,2860000.0,1087.16,2631.0,2023-01-01,101.0,28317.0,1.32534460429599,103.840724426138,333 THOMSON ROAD PEAK RESIDENCE SINGAPORE 307675,4.8198774142707626,32.0,2,0,4,12,14,5,1.0,0.0,1,0
PULLMAN RESIDENCES NEWTON,2140000.0,667.37,3207.0,2023-01-01,62.0,34516.0,1.31467262956125,103.839010845653,"18 DUNEARN ROAD PULLMAN RESIDENCES, NEWTON SINGAPORE 309421",3.747758902511321,32.0,3,1,2,14,10,6,5.0,0.0,0,0
NEWTON 21,3300000.0,1539.25,2144.0,2023-01-01,143.0,23077.0,1.31490075979298,103.840460862924,21 NEWTON ROAD NEWTON 21 SINGAPORE 307954,3.7173142928382856,32.0,3,1,2,14,12,6,2.0,1.0,0,0
NEU AT NOVENA,1950000.0,656.6,2970.0,2023-01-01,61.0,31967.0,1.31961486592659,103.845969245127,27 MOULMEIN RISE NEU AT NOVENA SINGAPORE 308140,4.087211641971712,32.0,1,2,4,14,13,7,4.0,0.0,0,0
10 EVELYN,2225000.0,807.3,2756.0,2023-01-01,75.0,29667.0,1.31615491830399,103.840533848314,10 EVELYN ROAD 10 EVELYN SINGAPORE 309312,3.846689837882823,32.0,3,1,2,14,13,8,1.0,0.0,0,0
HILLCREST ARCADIA,2280000.0,1711.48,1332.0,2023-01-01,159.0,14340.0,1.33377798542711,103.808806606762,255 ARCADIA ROAD HILLCREST ARCADIA SINGAPORE 289850,7.319529262671842,32.0,1,0,0,9,6,5,1.0,1.0,1,0
PEAK RESIDENCE,2030000.0,828.83,2449.0,2023-01-01,77.0,26364.0,1.32534460429599,103.840724426138,333 THOMSON ROAD PEAK RESIDENCE SINGAPORE 307675,4.8198774142707626,32.0,2,0,4,12,14,5,1.0,0.0,1,0
PEAK RESIDENCE,2060000.0,828.83,2485.0,2023-01-01,77.0,26753.0,1.32534460429599,103.840724426138,333 THOMSON ROAD PEAK RESIDENCE SINGAPORE 307675,4.8198774142707626,32.0,2,0,4,12,14,5,1.0,0.0,1,0
PULLMAN RESIDENCES NEWTON,3471930.0,1162.51,2987.0,2023-01-01,108.0,32148.0,1.31467262956125,103.839010845653,"18 DUNEARN ROAD PULLMAN RESIDENCES, NEWTON SINGAPORE 309421",3.747758902511321,32.0,3,1,2,14,10,6,4.0,0.0,0,0
PULLMAN RESIDENCES NEWTON,2068000.0,667.37,3099.0,2023-01-01,62.0,33355.0,1.31467262956125,103.839010845653,"18 DUNEARN ROAD PULLMAN RESIDENCES, NEWTON SINGAPORE 309421",3.747758902511321,32.0,3,1,2,14,10,6,5.0,0.0,0,0
PEAK RESIDENCE,2850000.0,1087.16,2621.0,2023-01-01,101.0,28218.0,1.32534460429599,103.840724426138,333 THOMSON ROAD PEAK RESIDENCE SINGAPORE 307675,4.8198774142707626,32.0,2,0,4,12,14,5,1.0,0.0,1,0
GILSTEAD COURT,2700000.0,1388.56,1944.0,2023-01-01,129.0,20930.0,1.31852490969421,103.839521125521,52H GILSTEAD ROAD GILSTEAD COURT SINGAPORE 309097,4.130671506328448,32.0,3,1,3,14,12,7,,1.0,1,0
PEAK RESIDENCE,1907531.0,807.3,2363.0,2023-01-01,75.0,25434.0,1.32534460429599,103.840724426138,333 THOMSON ROAD PEAK RESIDENCE SINGAPORE 307675,4.8198774142707626,32.0,2,0,4,12,14,5,1.0,0.0,1,0
PULLMAN RESIDENCES NEWTON,3862000.0,1280.92,3015.0,2023-01-01,119.0,32454.0,1.31467262956125,103.839010845653,"18 DUNEARN ROAD PULLMAN RESIDENCES, NEWTON SINGAPORE 309421",3.747758902511321,32.0,3,1,2,14,10,6,4.0,0.0,0,0
THE ARCADIA,4500000.0,3810.46,1181.0,2023-01-01,354.0,12712.0,1.33337474399547,103.811275631559,235 ARCADIA ROAD THE ARCADIA SINGAPORE 289843,7.111379394487015,32.0,1,0,0,9,6,5,1.0,1.0,1,0
8 BASSEIN,880000.0,452.09,1947.0,2023-01-01,42.0,20952.0,1.32353748014389,103.848108217465,8 BASSEIN ROAD 8 BASSEIN SINGAPORE 309838,4.493964280091297,32.0,2,3,5,12,14,6,3.0,1.0,0,0
PULLMAN RESIDENCES NEWTON,1455000.0,462.85,3144.0,2023-01-01,43.0,33837.0,1.31467262956125,103.839010845653,"18 DUNEARN ROAD PULLMAN RESIDENCES, NEWTON SINGAPORE 309421",3.747758902511321,32.0,3,1,2,14,10,6,4.0,0.0,0,0
PULLMAN RESIDENCES NEWTON,2058000.0,667.37,3084.0,2023-01-01,62.0,33194.0,1.31467262956125,103.839010845653,"18 DUNEARN ROAD PULLMAN RESIDENCES, NEWTON SINGAPORE 309421",3.747758902511321,32.0,3,1,2,14,10,6,5.0,0.0,0,0
L'VIV,1480000.0,656.6,2254.0,2023-01-01,61.0,24262.0,1.31544838531983,103.840354841468,23 NEWTON ROAD L'VIV SINGAPORE 307955,3.778505845346688,32.0,3,1,2,14,12,6,6.0,1.0,0,0
CITY EDGE,1510000.0,828.83,1822.0,2023-01-01,77.0,19610.0,1.31953328897071,103.84662602278,18 MOULMEIN RISE CITY EDGE SINGAPORE 308133,4.068886226265154,32.0,1,2,4,14,13,7,3.0,1.0,0,0
PULLMAN RESIDENCES NEWTON,2048000.0,667.37,3069.0,2022-12-01,62.0,33032.0,1.31467262956125,103.839010845653,"18 DUNEARN ROAD PULLMAN RESIDENCES, NEWTON SINGAPORE 309421",3.747758902511321,34.0,3,1,2,14,10,6,4.0,0.0,0,0
SOLEIL @ SINARAN,2038000.0,936.47,2176.0,2022-12-01,87.0,23425.0,1.31960020004528,103.845271738384,2 SINARAN DRIVE SOLEIL @ SINARAN SINGAPORE 307467,4.096964545722665,34.0,1,1,4,14,14,7,7.0,1.0,1,0
AMARYLLIS VILLE,1740000.0,958.0,1816.0,2022-12-01,89.0,19551.0,1.31478233515073,103.841958399488,22 NEWTON ROAD AMARYLLIS VILLE SINGAPORE 307990,3.655547978307824,34.0,3,2,2,14,13,6,3.0,1.0,1,0
NEWTON 18,1210000.0,570.49,2121.0,2022-12-01,53.0,22830.0,1.31429426375311,103.841150697585,18 NEWTON ROAD NEWTON 18 SINGAPORE 307989,3.6298212404791177,34.0,3,1,2,14,10,6,3.0,1.0,0,0
PULLMAN RESIDENCES NEWTON,1465000.0,462.85,3165.0,2022-12-01,43.0,34070.0,1.31467262956125,103.839010845653,"18 DUNEARN ROAD PULLMAN RESIDENCES, NEWTON SINGAPORE 309421",3.747758902511321,34.0,3,1,2,14,10,6,4.0,0.0,0,0
SOLEIL @ SINARAN,2990000.0,1463.9,2042.0,2022-12-01,136.0,21985.0,1.31960020004528,103.845271738384,2 SINARAN DRIVE SOLEIL @ SINARAN SINGAPORE 307467,4.096964545722665,34.0,1,1,4,14,14,7,4.0,1.0,1,0
8 BASSEIN,838000.0,452.09,1854.0,2022-12-01,42.0,19952.0,1.32353748014389,103.848108217465,8 BASSEIN ROAD 8 BASSEIN SINGAPORE 309838,4.493964280091297,34.0,2,3,5,12,14,6,2.0,1.0,0,0
PULLMAN RESIDENCES NEWTON,3932280.0,1280.92,3070.0,2022-12-01,119.0,33044.0,1.31467262956125,103.839010845653,"18 DUNEARN ROAD PULLMAN RESIDENCES, NEWTON SINGAPORE 309421",3.747758902511321,34.0,3,1,2,14,10,6,5.0,0.0,0,0
TRILIGHT,2400000.0,1087.16,2208.0,2022-12-01,101.0,23762.0,1.31447883237245,103.839899712589,7 NEWTON ROAD TRILIGHT SINGAPORE 307945,3.693489005647367,34.0,3,1,2,14,10,5,3.0,1.0,1,0
PEAK RESIDENCE,1923798.0,828.83,2321.0,2022-12-01,77.0,24984.0,1.32534460429599,103.840724426138,333 THOMSON ROAD PEAK RESIDENCE SINGAPORE 307675,4.8198774142707626,34.0,2,0,4,12,14,5,1.0,0.0,1,0
35 GILSTEAD,1800000.0,699.66,2573.0,2022-12-01,65.0,27692.0,1.31711023904743,103.837956844749,35 GILSTEAD ROAD 35 GILSTEAD SINGAPORE 309079,4.041420945749914,34.0,3,1,2,14,12,6,1.0,0.0,0,0
FYVE DERBYSHIRE,1420800.0,592.02,2400.0,2022-12-01,55.0,25833.0,1.3162773675544,103.845724040655,5 DERBYSHIRE ROAD FYVE DERBYSHIRE SINGAPORE 309461,3.7261930135692727,34.0,3,2,2,14,13,7,2.0,0.0,0,0
SHELFORD 23,3330000.0,1959.05,1700.0,2022-12-01,182.0,18297.0,1.3278356548858,103.812234495947,23 SHELFORD ROAD SHELFORD 23 SINGAPORE 288413,6.572019942767589,34.0,3,1,0,13,7,8,1.0,1.0,0,0
10 EVELYN,1462000.0,764.24,1913.0,2022-12-01,71.0,20592.0,1.31615491830399,103.840533848314,10 EVELYN ROAD 10 EVELYN SINGAPORE 309312,3.846689837882823,34.0,3,1,2,14,13,8,1.0,0.0,0,0
35 GILSTEAD,3680000.0,1539.25,2391.0,2022-12-01,143.0,25734.0,1.31711023904743,103.837956844749,35 GILSTEAD ROAD 35 GILSTEAD SINGAPORE 309079,4.041420945749914,34.0,3,1,2,14,12,6,1.0,0.0,0,0
PULLMAN RESIDENCES NEWTON,3529000.0,1162.51,3036.0,2022-12-01,108.0,32676.0,1.31467262956125,103.839010845653,"18 DUNEARN ROAD PULLMAN RESIDENCES, NEWTON SINGAPORE 309421",3.747758902511321,34.0,3,1,2,14,10,6,4.0,0.0,0,0
10 EVELYN,1373000.0,495.14,2773.0,2022-12-01,46.0,29848.0,1.31615491830399,103.840533848314,10 EVELYN ROAD 10 EVELYN SINGAPORE 309312,3.846689837882823,34.0,3,1,2,14,13,8,1.0,0.0,0,0
THE ARCADIA,4600000.0,3821.22,1204.0,2022-12-01,355.0,12958.0,1.33337474399547,103.811275631559,235 ARCADIA ROAD THE ARCADIA SINGAPORE 289843,7.111379394487015,34.0,1,0,0,9,6,5,1.0,1.0,1,0
SHELFORD SUITES,4150000.0,3541.36,1172.0,2022-12-01,329.0,12614.0,1.32660135432463,103.812654850327,16 SHELFORD ROAD SHELFORD SUITES SINGAPORE 288383,6.438582001199515,34.0,3,1,0,13,7,8,1.0,1.0,1,0
10 EVELYN,1365000.0,495.14,2757.0,2022-12-01,46.0,29674.0,1.31615491830399,103.840533848314,10 EVELYN ROAD 10 EVELYN SINGAPORE 309312,3.846689837882823,34.0,3,1,2,14,13,8,1.0,0.0,0,0
PULLMAN RESIDENCES NEWTON,2010000.0,667.37,3012.0,2022-12-01,62.0,32419.0,1.31467262956125,103.839010845653,"18 DUNEARN ROAD PULLMAN RESIDENCES, NEWTON SINGAPORE 309421",3.747758902511321,34.0,3,1,2,14,10,6,4.0,0.0,0,0
SKY@ELEVEN,5850000.0,2712.53,2157.0,2022-11-01,252.0,23214.0,1.33127079751604,103.841021896647,7 THOMSON LANE SKY@ELEVEN SINGAPORE 297725,5.451828930281204,34.0,4,1,3,12,15,2,8.0,1.0,1,0
THE LINCOLN MODERN,2080000.0,1205.57,1725.0,2022-11-01,112.0,18571.0,1.31532312585557,103.843055868846,20 LINCOLN ROAD THE LINCOLN MODERN SINGAPORE 308353,3.681849969048285,34.0,3,2,2,14,13,6,1.0,1.0,0,0
WATTEN HILL,5000000.0,2669.47,1873.0,2022-11-01,248.0,20161.0,1.33080602433021,103.809520144553,48 WATTEN VIEW WATTEN HILL SINGAPORE 287179,7.018102241408999,34.0,1,1,0,11,6,5,,1.0,1,0
IKIGAI,1445760.0,635.08,2277.0,2022-11-01,59.0,24504.0,1.31790382404123,103.847428354915,38 SHREWSBURY ROAD IKIGAI SINGAPORE 307818,3.879900072370961,34.0,2,2,2,14,13,7,1.0,0.0,0,0
THE GLYNDEBOURNE,5180000.0,2669.47,1940.0,2022-11-01,248.0,20887.0,1.32222533352038,103.823597825035,38 TREVOSE CRESCENT THE GLYNDEBOURNE SINGAPORE 297722,5.30213333703159,34.0,4,0,0,14,6,4,1.0,1.0,1,0
PULLMAN RESIDENCES NEWTON,1468000.0,462.85,3172.0,2022-11-01,43.0,34140.0,1.31467262956125,103.839010845653,"18 DUNEARN ROAD PULLMAN RESIDENCES, NEWTON SINGAPORE 309421",3.747758902511321,34.0,3,1,2,14,10,6,4.0,0.0,0,0
PULLMAN RESIDENCES NEWTON,2150000.0,667.37,3222.0,2022-11-01,62.0,34677.0,1.31467262956125,103.839010845653,"18 DUNEARN ROAD PULLMAN RESIDENCES, NEWTON SINGAPORE 309421",3.747758902511321,34.0,3,1,2,14,10,6,5.0,0.0,0,0
THE ARCADIA,4900000.0,3821.22,1282.0,2022-11-01,355.0,13803.0,1.33337474399547,103.811275631559,235 ARCADIA ROAD THE ARCADIA SINGAPORE 289843,7.111379394487015,34.0,1,0,0,9,6,5,1.0,1.0,1,0
EVELYN MANSIONS,1770000.0,839.59,2108.0,2022-11-01,78.0,22692.0,1.31649465009912,103.839103883927,20 EVELYN ROAD EVELYN MANSIONS SINGAPORE 309309,3.933183708587904,34.0,3,1,2,14,12,7,2.0,1.0,0,0
368 THOMSON,1180000.0,688.9,1713.0,2022-11-01,64.0,18438.0,1.3270913316471,103.841978573745,368 THOMSON ROAD 368 THOMSON SINGAPORE 298127,4.977697388092409,34.0,3,0,3,12,16,4,3.0,1.0,1,0
ZEDGE,1605000.0,914.94,1754.0,2022-11-01,85.0,18882.0,1.32242172407521,103.848172032797,2 AKYAB ROAD ZEDGE SINGAPORE 309973,4.370398222376426,34.0,1,3,4,12,14,7,1.0,1.0,0,0
MEDGE,800000.0,462.85,1728.0,2022-11-01,43.0,18605.0,1.32337432256355,103.850380826925,2 MINBU ROAD MEDGE SINGAPORE 308186,4.464916441227247,34.0,1,3,4,12,18,4,2.0,1.0,0,0
PULLMAN RESIDENCES NEWTON,1448000.0,462.85,3128.0,2022-11-01,43.0,33674.0,1.31467262956125,103.839010845653,"18 DUNEARN ROAD PULLMAN RESIDENCES, NEWTON SINGAPORE 309421",3.747758902511321,34.0,3,1,2,14,10,6,3.0,0.0,0,0
PULLMAN RESIDENCES NEWTON,1469000.0,462.85,3174.0,2022-11-01,43.0,34163.0,1.31467262956125,103.839010845653,"18 DUNEARN ROAD PULLMAN RESIDENCES, NEWTON SINGAPORE 309421",3.747758902511321,34.0,3,1,2,14,10,6,5.0,0.0,0,0
TRILIGHT,2700000.0,1162.51,2323.0,2022-11-01,108.0,25000.0,1.31447883237245,103.839899712589,7 NEWTON ROAD TRILIGHT SINGAPORE 307945,3.693489005647367,34.0,3,1,2,14,10,5,6.0,1.0,1,0
PULLMAN RESIDENCES NEWTON,1995000.0,667.37,2989.0,2022-11-01,62.0,32177.0,1.31467262956125,103.839010845653,"18 DUNEARN ROAD PULLMAN RESIDENCES, NEWTON SINGAPORE 309421",3.747758902511321,34.0,3,1,2,14,10,6,3.0,0.0,0,0
HILLCREST ARCADIA,780000.0,785.77,993.0,2022-11-01,73.0,10685.0,1.33377798542711,103.808806606762,255 ARCADIA ROAD HILLCREST ARCADIA SINGAPORE 289850,7.319529262671842,34.0,1,0,0,9,6,5,1.0,1.0,1,0
NOVENA COURT,1233000.0,861.12,1432.0,2022-11-01,80.0,15413.0,1.32292732467511,103.842114483993,2E JALAN NOVENA BARAT NOVENA COURT SINGAPORE 308603,4.524348727321245,34.0,1,0,4,13,13,4,1.0,1.0,0,0
PULLMAN RESIDENCES NEWTON,1461000.0,462.85,3157.0,2022-11-01,43.0,33977.0,1.31467262956125,103.839010845653,"18 DUNEARN ROAD PULLMAN RESIDENCES, NEWTON SINGAPORE 309421",3.747758902511321,34.0,3,1,2,14,10,6,4.0,0.0,0,0
PAVILION 11,4360000.0,4219.49,1033.0,2022-11-01,392.0,11122.0,1.32458602112842,103.848173371262,23 AKYAB ROAD PAVILION 11 SINGAPORE 309978,4.609115779437775,34.0,2,3,5,12,18,5,7.0,1.0,1,0
PEAK RESIDENCE,3473795.0,1388.56,2502.0,2022-11-01,129.0,26929.0,1.32534460429599,103.840724426138,333 THOMSON ROAD PEAK RESIDENCE SINGAPORE 307675,4.8198774142707626,34.0,2,0,4,12,14,5,1.0,0.0,1,0
PULLMAN RESIDENCES NEWTON,1454310.0,462.85,3142.0,2022-11-01,43.0,33821.0,1.31467262956125,103.839010845653,"18 DUNEARN ROAD PULLMAN RESIDENCES, NEWTON SINGAPORE 309421",3.747758902511321,34.0,3,1,2,14,10,6,4.0,0.0,0,0
BUCKLEY 18,2060000.0,1054.87,1953.0,2022-11-01,98.0,21020.0,1.31829562143795,103.841063256174,18 BUCKLEY ROAD BUCKLEY 18 SINGAPORE 309776,4.056458908595856,34.0,3,1,3,14,13,8,1.0,1.0,0,0
10 EVELYN,2260000.0,796.54,2837.0,2022-11-01,74.0,30541.0,1.31615491830399,103.840533848314,10 EVELYN ROAD 10 EVELYN SINGAPORE 309312,3.846689837882823,34.0,3,1,2,14,13,8,1.0,0.0,0,0
10 SHELFORD,1160000.0,839.59,1382.0,2022-11-01,78.0,14872.0,1.32580825364563,103.812516919467,10 SHELFORD ROAD 10 SHELFORD SINGAPORE 288353,6.383468750218335,34.0,3,1,0,13,7,8,1.0,1.0,0,0
PULLMAN RESIDENCES NEWTON,2078000.0,667.37,3114.0,2022-11-01,62.0,33516.0,1.31467262956125,103.839010845653,"18 DUNEARN ROAD PULLMAN RESIDENCES, NEWTON SINGAPORE 309421",3.747758902511321,34.0,3,1,2,14,10,6,5.0,0.0,0,0
BUCKLEY 18,4135000.0,2346.55,1762.0,2022-11-01,218.0,18968.0,1.31829562143795,103.841063256174,18 BUCKLEY ROAD BUCKLEY 18 SINGAPORE 309776,4.056458908595856,34.0,3,1,3,14,13,8,1.0,1.0,0,0
HILLCREST ARCADIA,3200000.0,2486.48,1287.0,2022-11-01,231.0,13853.0,1.33377798542711,103.808806606762,255 ARCADIA ROAD HILLCREST ARCADIA SINGAPORE 289850,7.319529262671842,34.0,1,0,0,9,6,5,3.0,1.0,1,0
PULLMAN RESIDENCES NEWTON,2124540.0,667.37,3183.0,2022-11-01,62.0,34267.0,1.31467262956125,103.839010845653,"18 DUNEARN ROAD PULLMAN RESIDENCES, NEWTON SINGAPORE 309421",3.747758902511321,34.0,3,1,2,14,10,6,5.0,0.0,0,0
AMARYLLIS VILLE,2500000.0,1237.86,2020.0,2022-11-01,115.0,21739.0,1.31478233515073,103.841958399488,22 NEWTON ROAD AMARYLLIS VILLE SINGAPORE 307990,3.655547978307824,34.0,3,2,2,14,13,6,2.0,1.0,1,0
SOLEIL @ SINARAN,1040888.0,505.91,2057.0,2022-11-01,47.0,22147.0,1.31960020004528,103.845271738384,2 SINARAN DRIVE SOLEIL @ SINARAN SINGAPORE 307467,4.096964545722665,34.0,1,1,4,14,14,7,2.0,1.0,1,0
PULLMAN RESIDENCES NEWTON,2130000.0,667.37,3192.0,2022-11-01,62.0,34355.0,1.31467262956125,103.839010845653,"18 DUNEARN ROAD PULLMAN RESIDENCES, NEWTON SINGAPORE 309421",3.747758902511321,34.0,3,1,2,14,10,6,5.0,0.0,0,0
10 SHELFORD,838000.0,452.09,1854.0,2022-11-01,42.0,19952.0,1.32580825364563,103.812516919467,10 SHELFORD ROAD 10 SHELFORD SINGAPORE 288353,6.383468750218335,34.0,3,1,0,13,7,8,1.0,1.0,0,0
GILSTEAD 38,1450000.0,979.52,1480.0,2022-11-01,91.0,15934.0,1.31814186950603,103.839151085711,38 GILSTEAD ROAD GILSTEAD 38 SINGAPORE 309082,4.103462631434991,34.0,3,1,3,14,12,7,1.0,1.0,0,0
35 GILSTEAD,1768000.0,678.13,2607.0,2022-10-01,63.0,28063.0,1.31711023904743,103.837956844749,35 GILSTEAD ROAD 35 GILSTEAD SINGAPORE 309079,4.041420945749914,36.0,3,1,2,14,12,6,1.0,0.0,0,0
DERBYSHIRE HEIGHTS,2200000.0,1388.56,1584.0,2022-10-01,129.0,17054.0,1.31612341185444,103.845518779011,3 DERBYSHIRE ROAD DERBYSHIRE HEIGHTS SINGAPORE 309459,3.7130675479522552,36.0,3,2,2,14,13,7,1.0,1.0,0,0
PEAK RESIDENCE,2230400.0,828.83,2691.0,2022-10-01,77.0,28966.0,1.32534460429599,103.840724426138,333 THOMSON ROAD PEAK RESIDENCE SINGAPORE 307675,4.8198774142707626,36.0,2,0,4,12,14,5,1.0,0.0,1,0
AMARYLLIS VILLE,2348000.0,1237.86,1897.0,2022-10-01,115.0,20417.0,1.31478233515073,103.841958399488,22 NEWTON ROAD AMARYLLIS VILLE SINGAPORE 307990,3.655547978307824,36.0,3,2,2,14,13,6,6.0,1.0,1,0
LUCIDA,1020000.0,624.31,1634.0,2022-10-01,58.0,17586.0,1.31464830253379,103.844819093226,2 SUFFOLK ROAD LUCIDA SINGAPORE 307780,3.566471950535546,36.0,4,2,2,14,11,6,5.0,1.0,0,0
MULBERRY TREE,780000.0,441.32,1767.0,2022-10-01,41.0,19024.0,1.31818439913906,103.846394220029,167 MOULMEIN ROAD MULBERRY TREE SINGAPORE 308092,3.9241311123236895,36.0,1,1,4,14,13,7,1.0,1.0,0,0
THE ANSLEY,1143333.0,731.95,1562.0,2022-10-01,68.0,16814.0,1.32327434333138,103.848835015461,33 MANDALAY ROAD THE ANSLEY SINGAPORE 308214,4.459842710119622,36.0,1,3,5,12,15,6,1.0,1.0,1,0
ENCHANTÉ,2650000.0,1001.05,2647.0,2022-10-01,93.0,28495.0,1.31585875980621,103.84033274534,3 EVELYN ROAD ENCHANTÉ (U/C) SINGAPORE 309727,3.822384309299648,36.0,3,1,2,14,12,7,1.0,0.0,0,0
PULLMAN RESIDENCES NEWTON,1458000.0,462.85,3150.0,2022-10-01,43.0,33907.0,1.31467262956125,103.839010845653,"18 DUNEARN ROAD PULLMAN RESIDENCES, NEWTON SINGAPORE 309421",3.747758902511321,36.0,3,1,2,14,10,6,4.0,0.0,0,0
PULLMAN RESIDENCES NEWTON,1478000.0,462.85,3193.0,2022-10-01,43.0,34372.0,1.31467262956125,103.839010845653,"18 DUNEARN ROAD PULLMAN RESIDENCES, NEWTON SINGAPORE 309421",3.747758902511321,36.0,3,1,2,14,10,6,4.0,0.0,0,0
DUNEARN 386,1688000.0,645.84,2614.0,2022-10-01,60.0,28133.0,1.32443998997673,103.81183629155,386 DUNEARN ROAD DUNEARN 386 SINGAPORE 289599,6.3240665481399505,36.0,4,1,0,13,7,8,1.0,0.0,0,0
PULLMAN RESIDENCES NEWTON,2202000.0,667.37,3300.0,2022-10-01,62.0,35516.0,1.31467262956125,103.839010845653,"18 DUNEARN ROAD PULLMAN RESIDENCES, NEWTON SINGAPORE 309421",3.747758902511321,36.0,3,1,2,14,10,6,6.0,0.0,0,0
ENCHANTÉ,2705600.0,1001.05,2703.0,2022-10-01,93.0,29092.0,1.31585875980621,103.84033274534,3 EVELYN ROAD ENCHANTÉ (U/C) SINGAPORE 309727,3.822384309299648,36.0,3,1,2,14,12,7,2.0,0.0,0,0
IKIGAI,2480000.0,1087.16,2281.0,2022-10-01,101.0,24554.0,1.31790382404123,103.847428354915,38 SHREWSBURY ROAD IKIGAI SINGAPORE 307818,3.879900072370961,36.0,2,2,2,14,13,7,1.0,0.0,0,0
MULBERRY TREE,1188000.0,667.37,1780.0,2022-10-01,62.0,19161.0,1.31818439913906,103.846394220029,167 MOULMEIN ROAD MULBERRY TREE SINGAPORE 308092,3.9241311123236895,36.0,1,1,4,14,13,7,1.0,1.0,0,0
M21,2980000.0,1754.53,1698.0,2022-10-01,163.0,18282.0,1.32252212187302,103.848891107309,21 MANDALAY ROAD M21 SINGAPORE 308208,4.376450490663607,36.0,1,3,4,12,14,6,2.0,1.0,0,0
APLETON VIEW,2450000.0,1227.1,1997.0,2022-10-01,114.0,21491.0,1.31906972390327,103.846101471001,71 SINARAN DRIVE APLETON VIEW SINGAPORE 308323,4.025490053197462,36.0,1,1,4,14,12,7,2.0,1.0,0,0
RESIDENCES @ EVELYN,2380000.0,1033.34,2303.0,2022-10-01,96.0,24792.0,1.31548497427322,103.839467418834,17 EVELYN ROAD RESIDENCES @ EVELYN SINGAPORE 309306,3.814435565431148,36.0,3,1,2,14,12,6,6.0,1.0,1,0
THE AXIS,1660000.0,1140.98,1455.0,2022-10-01,106.0,15660.0,1.32462194319897,103.849957588255,47 MANDALAY ROAD THE AXIS SINGAPORE 308227,4.6038020641452535,36.0,2,3,4,12,19,4,2.0,1.0,0,0
6 DERBYSHIRE,2275000.0,1011.82,2248.0,2022-10-01,94.0,24202.0,1.31568172551155,103.845880417376,6 DERBYSHIRE ROAD 6 DERBYSHIRE SINGAPORE 309462,3.6584167943606625,36.0,3,2,2,14,13,6,4.0,1.0,1,0
M21,2550000.0,1345.5,1895.0,2022-10-01,125.0,20400.0,1.32252212187302,103.848891107309,21 MANDALAY ROAD M21 SINGAPORE 308208,4.376450490663607,36.0,1,3,4,12,14,6,3.0,1.0,0,0
PULLMAN RESIDENCES NEWTON,1439000.0,462.85,3109.0,2022-10-01,43.0,33465.0,1.31467262956125,103.839010845653,"18 DUNEARN ROAD PULLMAN RESIDENCES, NEWTON SINGAPORE 309421",3.747758902511321,36.0,3,1,2,14,10,6,3.0,0.0,0,0
PULLMAN RESIDENCES NEWTON,3395700.0,1162.51,2921.0,2022-10-01,108.0,31442.0,1.31467262956125,103.839010845653,"18 DUNEARN ROAD PULLMAN RESIDENCES, NEWTON SINGAPORE 309421",3.747758902511321,36.0,3,1,2,14,10,6,3.0,0.0,0,0
ENG AUN MANSION,1388000.0,1001.05,1387.0,2022-10-01,93.0,14925.0,1.32375032517822,103.842119363653,322 THOMSON ROAD ENG AUN MANSION SINGAPORE 307665,4.613078068976608,36.0,2,0,4,13,13,5,1.0,1.0,0,0
STRATA,1900000.0,1065.64,1783.0,2022-10-01,99.0,19192.0,1.31740976334811,103.844913840423,1 ESSEX ROAD STRATA SINGAPORE 309329,3.864673219206803,36.0,3,2,3,14,14,7,3.0,1.0,0,0
PULLMAN RESIDENCES NEWTON,3780000.0,1280.92,2951.0,2022-10-01,119.0,31765.0,1.31467262956125,103.839010845653,"18 DUNEARN ROAD PULLMAN RESIDENCES, NEWTON SINGAPORE 309421",3.747758902511321,36.0,3,1,2,14,10,6,3.0,0.0,0,0
PULLMAN RESIDENCES NEWTON,2107000.0,667.37,3157.0,2022-10-01,62.0,33984.0,1.31467262956125,103.839010845653,"18 DUNEARN ROAD PULLMAN RESIDENCES, NEWTON SINGAPORE 309421",3.747758902511321,36.0,3,1,2,14,10,6,5.0,0.0,0,0
PULLMAN RESIDENCES NEWTON,3993600.0,1377.79,2899.0,2022-10-01,128.0,31200.0,1.31467262956125,103.839010845653,"18 DUNEARN ROAD PULLMAN RESIDENCES, NEWTON SINGAPORE 309421",3.747758902511321,36.0,3,1,2,14,10,6,3.0,0.0,0,0
PULLMAN RESIDENCES NEWTON,2019000.0,667.37,3025.0,2022-10-01,62.0,32565.0,1.31467262956125,103.839010845653,"18 DUNEARN ROAD PULLMAN RESIDENCES, NEWTON SINGAPORE 309421",3.747758902511321,36.0,3,1,2,14,10,6,4.0,0.0,0,0
PEAK RESIDENCE,2092400.0,807.3,2592.0,2022-10-01,75.0,27899.0,1.32534460429599,103.840724426138,333 THOMSON ROAD PEAK RESIDENCE SINGAPORE 307675,4.8198774142707626,36.0,2,0,4,12,14,5,1.0,0.0,1,0
6 DERBYSHIRE,880000.0,473.62,1858.0,2022-10-01,44.0,20000.0,1.31568172551155,103.845880417376,6 DERBYSHIRE ROAD 6 DERBYSHIRE SINGAPORE 309462,3.6584167943606625,36.0,3,2,2,14,13,6,1.0,1.0,1,0
PULLMAN RESIDENCES NEWTON,2028000.0,667.37,3039.0,2022-10-01,62.0,32710.0,1.31467262956125,103.839010845653,"18 DUNEARN ROAD PULLMAN RESIDENCES, NEWTON SINGAPORE 309421",3.747758902511321,36.0,3,1,2,14,10,6,4.0,0.0,0,0
ORCHID APARTMENTS,2300000.0,1399.32,1644.0,2022-10-01,130.0,17692.0,1.33377941780318,103.798570834569,42 ENG NEO AVENUE ORCHID APARTMENTS SINGAPORE 289533,8.097727085030213,36.0,1,0,0,5,6,3,1.0,1.0,0,0
M21,4350000.0,3207.67,1356.0,2022-10-01,298.0,14597.0,1.32252212187302,103.848891107309,21 MANDALAY ROAD M21 SINGAPORE 308208,4.376450490663607,36.0,1,3,4,12,14,6,4.0,1.0,0,0
PEAK RESIDENCE,2283831.0,828.83,2755.0,2022-10-01,77.0,29660.0,1.32534460429599,103.840724426138,333 THOMSON ROAD PEAK RESIDENCE SINGAPORE 307675,4.8198774142707626,36.0,2,0,4,12,14,5,1.0,0.0,1,0
ADRIA,2450000.0,1280.92,1913.0,2022-10-01,119.0,20588.0,1.3164463549549,103.846258551824,12 DERBYSHIRE ROAD ADRIA SINGAPORE 309466,3.735780917193752,36.0,3,2,2,14,13,7,4.0,1.0,0,0
FYVE DERBYSHIRE,1515520.0,592.02,2560.0,2022-10-01,55.0,27555.0,1.3162773675544,103.845724040655,5 DERBYSHIRE ROAD FYVE DERBYSHIRE SINGAPORE 309461,3.7261930135692727,36.0,3,2,2,14,13,7,4.0,0.0,0,0
FYVE DERBYSHIRE,1444480.0,592.02,2440.0,2022-10-01,55.0,26263.0,1.3162773675544,103.845724040655,5 DERBYSHIRE ROAD FYVE DERBYSHIRE SINGAPORE 309461,3.7261930135692727,36.0,3,2,2,14,13,7,2.0,0.0,0,0
FYVE DERBYSHIRE,1444480.0,592.02,2440.0,2022-10-01,55.0,26263.0,1.3162773675544,103.845724040655,5 DERBYSHIRE ROAD FYVE DERBYSHIRE SINGAPORE 309461,3.7261930135692727,36.0,3,2,2,14,13,7,3.0,0.0,0,0
FYVE DERBYSHIRE,1420800.0,592.02,2400.0,2022-10-01,55.0,25833.0,1.3162773675544,103.845724040655,5 DERBYSHIRE ROAD FYVE DERBYSHIRE SINGAPORE 309461,3.7261930135692727,36.0,3,2,2,14,13,7,3.0,0.0,0,0
FYVE DERBYSHIRE,1497760.0,592.02,2530.0,2022-10-01,55.0,27232.0,1.3162773675544,103.845724040655,5 DERBYSHIRE ROAD FYVE DERBYSHIRE SINGAPORE 309461,3.7261930135692727,36.0,3,2,2,14,13,7,3.0,0.0,0,0
FYVE DERBYSHIRE,1474080.0,592.02,2490.0,2022-10-01,55.0,26801.0,1.3162773675544,103.845724040655,5 DERBYSHIRE ROAD FYVE DERBYSHIRE SINGAPORE 309461,3.7261930135692727,36.0,3,2,2,14,13,7,3.0,0.0,0,0
FYVE DERBYSHIRE,1474080.0,592.02,2490.0,2022-10-01,55.0,26801.0,1.3162773675544,103.845724040655,5 DERBYSHIRE ROAD FYVE DERBYSHIRE SINGAPORE 309461,3.7261930135692727,36.0,3,2,2,14,13,7,3.0,0.0,0,0
FYVE DERBYSHIRE,1515520.0,592.02,2560.0,2022-10-01,55.0,27555.0,1.3162773675544,103.845724040655,5 DERBYSHIRE ROAD FYVE DERBYSHIRE SINGAPORE 309461,3.7261930135692727,36.0,3,2,2,14,13,7,4.0,0.0,0,0
FYVE DERBYSHIRE,1468160.0,592.02,2480.0,2022-10-01,55.0,26694.0,1.3162773675544,103.845724040655,5 DERBYSHIRE ROAD FYVE DERBYSHIRE SINGAPORE 309461,3.7261930135692727,36.0,3,2,2,14,13,7,4.0,0.0,0,0
FYVE DERBYSHIRE,1468160.0,592.02,2480.0,2022-10-01,55.0,26694.0,1.3162773675544,103.845724040655,5 DERBYSHIRE ROAD FYVE DERBYSHIRE SINGAPORE 309461,3.7261930135692727,36.0,3,2,2,14,13,7,4.0,0.0,0,0
DUNEARN 386,1654000.0,645.84,2561.0,2022-10-01,60.0,27567.0,1.32443998997673,103.81183629155,386 DUNEARN ROAD DUNEARN 386 SINGAPORE 289599,6.3240665481399505,36.0,4,1,0,13,7,8,1.0,0.0,0,0
SHELFORD 23,2500000.0,1313.21,1904.0,2022-10-01,122.0,20492.0,1.3278356548858,103.812234495947,23 SHELFORD ROAD SHELFORD 23 SINGAPORE 288413,6.572019942767589,36.0,3,1,0,13,7,8,1.0,1.0,0,0
ROCHELLE AT NEWTON,1800000.0,1011.82,1779.0,2022-10-01,94.0,19149.0,1.31404425678498,103.841922909924,188 KENG LEE ROAD ROCHELLE AT NEWTON SINGAPORE 308414,3.578271566582672,36.0,3,2,2,14,11,6,2.0,1.0,1,0
MANDALE HEIGHTS,1900000.0,1205.57,1576.0,2022-10-01,112.0,16964.0,1.32433421345059,103.849717961403,45 MANDALAY ROAD MANDALE HEIGHTS SINGAPORE 308225,4.572750960660567,36.0,2,3,4,12,19,4,2.0,1.0,0,0
GILSTEAD TWO,2100000.0,904.18,2323.0,2022-10-01,84.0,25000.0,1.31496035037871,103.838459402687,2 GILSTEAD ROAD GILSTEAD TWO SINGAPORE 309061,3.799617052654486,36.0,3,1,3,14,10,6,6.0,1.0,0,0
PEAK RESIDENCE,1299550.0,559.73,2322.0,2022-10-01,52.0,24991.0,1.32534460429599,103.840724426138,333 THOMSON ROAD PEAK RESIDENCE SINGAPORE 307675,4.8198774142707626,36.0,2,0,4,12,14,5,1.0,0.0,1,0
RESIDENCES @ EVELYN,2300000.0,1033.34,2226.0,2022-09-01,96.0,23958.0,1.31548497427322,103.839467418834,17 EVELYN ROAD RESIDENCES @ EVELYN SINGAPORE 309306,3.814435565431148,37.0,3,1,2,14,12,6,6.0,1.0,1,0
PULLMAN RESIDENCES NEWTON,1413000.0,462.85,3053.0,2022-09-01,43.0,32860.0,1.31467262956125,103.839010845653,"18 DUNEARN ROAD PULLMAN RESIDENCES, NEWTON SINGAPORE 309421",3.747758902511321,37.0,3,1,2,14,10,6,4.0,0.0,0,0
PULLMAN RESIDENCES NEWTON,3601000.0,1162.51,3098.0,2022-09-01,108.0,33343.0,1.31467262956125,103.839010845653,"18 DUNEARN ROAD PULLMAN RESIDENCES, NEWTON SINGAPORE 309421",3.747758902511321,37.0,3,1,2,14,10,6,5.0,0.0,0,0
PULLMAN RESIDENCES NEWTON,3380000.0,1162.51,2907.0,2022-09-01,108.0,31296.0,1.31467262956125,103.839010845653,"18 DUNEARN ROAD PULLMAN RESIDENCES, NEWTON SINGAPORE 309421",3.747758902511321,37.0,3,1,2,14,10,6,3.0,0.0,0,0
PULLMAN RESIDENCES NEWTON,1431000.0,462.85,3092.0,2022-09-01,43.0,33279.0,1.31467262956125,103.839010845653,"18 DUNEARN ROAD PULLMAN RESIDENCES, NEWTON SINGAPORE 309421",3.747758902511321,37.0,3,1,2,14,10,6,4.0,0.0,0,0
PULLMAN RESIDENCES NEWTON,1439000.0,462.85,3109.0,2022-09-01,43.0,33465.0,1.31467262956125,103.839010845653,"18 DUNEARN ROAD PULLMAN RESIDENCES, NEWTON SINGAPORE 309421",3.747758902511321,37.0,3,1,2,14,10,6,4.0,0.0,0,0
PULLMAN RESIDENCES NEWTON,4159655.0,1377.79,3019.0,2022-09-01,128.0,32497.0,1.31467262956125,103.839010845653,"18 DUNEARN ROAD PULLMAN RESIDENCES, NEWTON SINGAPORE 309421",3.747758902511321,37.0,3,1,2,14,10,6,5.0,0.0,0,0
PULLMAN RESIDENCES NEWTON,4248000.0,1377.79,3083.0,2022-09-01,128.0,33188.0,1.31467262956125,103.839010845653,"18 DUNEARN ROAD PULLMAN RESIDENCES, NEWTON SINGAPORE 309421",3.747758902511321,37.0,3,1,2,14,10,6,5.0,0.0,0,0
NEWTON LODGE,2110000.0,1216.33,1735.0,2022-09-01,113.0,18673.0,1.31756869967119,103.841183539314,41 NEWTON ROAD NEWTON LODGE SINGAPORE 307968,3.975485150961492,37.0,3,1,3,14,13,8,1.0,1.0,0,0
MULBERRY TREE,880000.0,581.26,1514.0,2022-09-01,54.0,16296.0,1.31818439913906,103.846394220029,167 MOULMEIN ROAD MULBERRY TREE SINGAPORE 308092,3.9241311123236895,37.0,1,1,4,14,13,7,1.0,1.0,0,0
NEWTON 18,1850000.0,925.7,1998.0,2022-09-01,86.0,21512.0,1.31429426375311,103.841150697585,18 NEWTON ROAD NEWTON 18 SINGAPORE 307989,3.6298212404791177,37.0,3,1,2,14,10,6,2.0,1.0,0,0
PULLMAN RESIDENCES NEWTON,3886000.0,1280.92,3034.0,2022-09-01,119.0,32655.0,1.31467262956125,103.839010845653,"18 DUNEARN ROAD PULLMAN RESIDENCES, NEWTON SINGAPORE 309421",3.747758902511321,37.0,3,1,2,14,10,6,4.0,0.0,0,0
PULLMAN RESIDENCES NEWTON,2090000.0,667.37,3132.0,2022-09-01,62.0,33710.0,1.31467262956125,103.839010845653,"18 DUNEARN ROAD PULLMAN RESIDENCES, NEWTON SINGAPORE 309421",3.747758902511321,37.0,3,1,2,14,10,6,5.0,0.0,0,0
LA MAISON,2400000.0,1302.44,1843.0,2022-09-01,121.0,19835.0,1.31953348960235,103.847029859453,10 MOULMEIN RISE LA MAISON SINGAPORE 308125,4.063776423393345,37.0,1,3,4,14,13,7,2.0,1.0,0,0
M21,1190000.0,710.42,1675.0,2022-09-01,66.0,18030.0,1.32252212187302,103.848891107309,21 MANDALAY ROAD M21 SINGAPORE 308208,4.376450490663607,37.0,1,3,4,12,14,6,1.0,1.0,0,0
ZEDGE,1290000.0,764.24,1688.0,2022-09-01,71.0,18169.0,1.32242172407521,103.848172032797,2 AKYAB ROAD ZEDGE SINGAPORE 309973,4.370398222376426,37.0,1,3,4,12,14,7,3.0,1.0,0,0
EVELYN MANSIONS,1700000.0,839.59,2025.0,2022-09-01,78.0,21795.0,1.31649465009912,103.839103883927,20 EVELYN ROAD EVELYN MANSIONS SINGAPORE 309309,3.933183708587904,37.0,3,1,2,14,12,7,1.0,1.0,0,0
PEAK RESIDENCE,3000000.0,1087.16,2759.0,2022-09-01,101.0,29703.0,1.32534460429599,103.840724426138,333 THOMSON ROAD PEAK RESIDENCE SINGAPORE 307675,4.8198774142707626,37.0,2,0,4,12,14,5,1.0,0.0,1,0
MIRO,2000000.0,1248.62,1602.0,2022-09-01,116.0,17241.0,1.31393361941559,103.842380394708,1 LINCOLN ROAD MIRO SINGAPORE 308365,3.5524517086546736,37.0,3,2,2,14,11,6,4.0,1.0,0,0
VIVA,2550000.0,1044.11,2442.0,2022-09-01,97.0,26289.0,1.31565586377638,103.844444721095,2 SUFFOLK WALK VIVA SINGAPORE 307462,3.683877967605451,37.0,3,2,2,14,13,6,5.0,1.0,1,0
THE LINCOLN MODERN,1958000.0,1205.57,1624.0,2022-09-01,112.0,17482.0,1.31532312585557,103.843055868846,20 LINCOLN ROAD THE LINCOLN MODERN SINGAPORE 308353,3.681849969048285,37.0,3,2,2,14,13,6,3.0,1.0,0,0
PULLMAN RESIDENCES NEWTON,4187000.0,1377.79,3039.0,2022-09-01,128.0,32711.0,1.31467262956125,103.839010845653,"18 DUNEARN ROAD PULLMAN RESIDENCES, NEWTON SINGAPORE 309421",3.747758902511321,37.0,3,1,2,14,10,6,5.0,0.0,0,0
IRIDIUM,3150000.0,2572.6,1224.0,2022-09-01,239.0,13180.0,1.31513812749678,103.842640203235,11 LINCOLN ROAD IRIDIUM SINGAPORE 308349,3.673438389333036,37.0,3,2,2,14,13,6,4.0,1.0,0,0
D'EVELYN,1015000.0,613.55,1654.0,2022-09-01,57.0,17807.0,1.31675903918365,103.839662106935,18 EVELYN ROAD D' EVELYN SINGAPORE 309307,3.9403934920901262,37.0,3,1,2,14,12,7,1.0,1.0,0,0
PULLMAN RESIDENCES NEWTON,1401000.0,462.85,3027.0,2022-09-01,43.0,32581.0,1.31467262956125,103.839010845653,"18 DUNEARN ROAD PULLMAN RESIDENCES, NEWTON SINGAPORE 309421",3.747758902511321,37.0,3,1,2,14,10,6,3.0,0.0,0,0
PULLMAN RESIDENCES NEWTON,1409760.0,462.85,3046.0,2022-09-01,43.0,32785.0,1.31467262956125,103.839010845653,"18 DUNEARN ROAD PULLMAN RESIDENCES, NEWTON SINGAPORE 309421",3.747758902511321,37.0,3,1,2,14,10,6,4.0,0.0,0,0
SUITES @ NEWTON,1288000.0,602.78,2137.0,2022-09-01,56.0,23000.0,1.31640035574617,103.841671833933,1 SURREY ROAD SUITES @ NEWTON SINGAPORE 307740,3.8363724273902986,37.0,3,2,2,14,13,7,2.0,1.0,0,0
SHELFORD SUITES,2600000.0,1442.38,1803.0,2022-09-01,134.0,19403.0,1.32660135432463,103.812654850327,16 SHELFORD ROAD SHELFORD SUITES SINGAPORE 288383,6.438582001199515,37.0,3,1,0,13,7,8,1.0,1.0,1,0
L'VIV,1470000.0,656.6,2239.0,2022-09-01,61.0,24098.0,1.31544838531983,103.840354841468,23 NEWTON ROAD L'VIV SINGAPORE 307955,3.778505845346688,37.0,3,1,2,14,12,6,2.0,1.0,0,0
ZEDGE,1620000.0,914.94,1771.0,2022-09-01,85.0,19059.0,1.32242172407521,103.848172032797,2 AKYAB ROAD ZEDGE SINGAPORE 309973,4.370398222376426,37.0,1,3,4,12,14,7,2.0,1.0,0,0
PULLMAN RESIDENCES NEWTON,3963000.0,1280.92,3094.0,2022-09-01,119.0,33303.0,1.31467262956125,103.839010845653,"18 DUNEARN ROAD PULLMAN RESIDENCES, NEWTON SINGAPORE 309421",3.747758902511321,37.0,3,1,2,14,10,6,5.0,0.0,0,0
PULLMAN RESIDENCES NEWTON,3498000.0,1280.92,2731.0,2022-09-01,119.0,29395.0,1.31467262956125,103.839010845653,"18 DUNEARN ROAD PULLMAN RESIDENCES, NEWTON SINGAPORE 309421",3.747758902511321,37.0,3,1,2,14,10,6,1.0,0.0,0,0
PULLMAN RESIDENCES NEWTON,1405000.0,462.85,3036.0,2022-09-01,43.0,32674.0,1.31467262956125,103.839010845653,"18 DUNEARN ROAD PULLMAN RESIDENCES, NEWTON SINGAPORE 309421",3.747758902511321,37.0,3,1,2,14,10,6,3.0,0.0,0,0
NOVENA COURT,1100000.0,861.12,1277.0,2022-09-01,80.0,13750.0,1.32292732467511,103.842114483993,2E JALAN NOVENA BARAT NOVENA COURT SINGAPORE 308603,4.524348727321245,37.0,1,0,4,13,13,4,1.0,1.0,0,0
L'VIV,2090000.0,990.29,2110.0,2022-09-01,92.0,22717.0,1.31544838531983,103.840354841468,23 NEWTON ROAD L'VIV SINGAPORE 307955,3.778505845346688,37.0,3,1,2,14,12,6,2.0,1.0,0,0
THE TREVOSE,1750000.0,1011.82,1730.0,2022-09-01,94.0,18617.0,1.32302176043306,103.82529938582,60 TREVOSE CRESCENT THE TREVOSE SINGAPORE 298090,5.269266023284268,37.0,3,0,0,13,6,5,1.0,1.0,1,0
ADRIA,1800000.0,850.36,2117.0,2022-09-01,79.0,22785.0,1.3164463549549,103.846258551824,12 DERBYSHIRE ROAD ADRIA SINGAPORE 309466,3.735780917193752,37.0,3,2,2,14,13,7,4.0,1.0,0,0
8 BASSEIN,1700000.0,871.88,1950.0,2022-09-01,81.0,20988.0,1.32353748014389,103.848108217465,8 BASSEIN ROAD 8 BASSEIN SINGAPORE 309838,4.493964280091297,37.0,2,3,5,12,14,6,3.0,1.0,0,0
PEAK RESIDENCE,1873000.0,796.54,2351.0,2022-09-01,74.0,25311.0,1.32534460429599,103.840724426138,333 THOMSON ROAD PEAK RESIDENCE SINGAPORE 307675,4.8198774142707626,37.0,2,0,4,12,14,5,1.0,0.0,1,0
CUBE 8,2250000.0,1334.74,1686.0,2022-09-01,124.0,18145.0,1.3283636088892,103.841418362322,376 THOMSON ROAD CUBE 8 SINGAPORE 298130,5.12816729630684,37.0,3,0,3,12,14,4,3.0,1.0,1,0
PEAK RESIDENCE,2849319.0,1065.64,2674.0,2022-09-01,99.0,28781.0,1.32534460429599,103.840724426138,333 THOMSON ROAD PEAK RESIDENCE SINGAPORE 307675,4.8198774142707626,37.0,2,0,4,12,14,5,1.0,0.0,1,0
NOVENA HILL,1110000.0,710.42,1562.0,2022-09-01,66.0,16818.0,1.32376633231593,103.843393016962,33A JALAN NOVENA NOVENA HILL SINGAPORE 308651,4.58654015401076,37.0,1,0,4,12,14,5,1.0,1.0,0,0
MONTEBLEU,4200000.0,2895.52,1451.0,2022-09-01,269.0,15613.0,1.32378273509884,103.850102052541,8 MINBU ROAD MONTEBLEU SINGAPORE 308162,4.510651977234295,37.0,1,3,4,12,18,4,7.0,1.0,1,0
PULLMAN RESIDENCES NEWTON,3652000.0,1280.92,2851.0,2022-09-01,119.0,30689.0,1.31467262956125,103.839010845653,"18 DUNEARN ROAD PULLMAN RESIDENCES, NEWTON SINGAPORE 309421",3.747758902511321,37.0,3,1,2,14,10,6,2.0,0.0,0,0
LA SUISSE,2730000.0,2045.16,1335.0,2022-09-01,190.0,14368.0,1.34663071510795,103.789436674932,1 SWISS VIEW LA SUISSE SINGAPORE 288007,9.820715471095133,37.0,0,0,0,1,1,2,1.0,1.0,1,0
SOLEIL @ SINARAN,2280000.0,1453.14,1569.0,2022-09-01,135.0,16889.0,1.31960020004528,103.845271738384,2 SINARAN DRIVE SOLEIL @ SINARAN SINGAPORE 307467,4.096964545722665,37.0,1,1,4,14,14,7,2.0,1.0,1,0
SKY@ELEVEN,3860000.0,1851.41,2085.0,2022-09-01,172.0,22442.0,1.33127079751604,103.841021896647,7 THOMSON LANE SKY@ELEVEN SINGAPORE 297725,5.451828930281204,37.0,4,1,3,12,15,2,3.0,1.0,1,0
SHELFORD SUITES,4050000.0,2755.58,1470.0,2022-09-01,256.0,15820.0,1.32660135432463,103.812654850327,16 SHELFORD ROAD SHELFORD SUITES SINGAPORE 288383,6.438582001199515,37.0,3,1,0,13,7,8,1.0,1.0,1,0
L'VIV,3925000.0,2529.54,1552.0,2022-09-01,235.0,16702.0,1.31544838531983,103.840354841468,23 NEWTON ROAD L'VIV SINGAPORE 307955,3.778505845346688,37.0,3,1,2,14,12,6,7.0,1.0,0,0
ADRIA,1400000.0,688.9,2032.0,2022-09-01,64.0,21875.0,1.3164463549549,103.846258551824,12 DERBYSHIRE ROAD ADRIA SINGAPORE 309466,3.735780917193752,37.0,3,2,2,14,13,7,2.0,1.0,0,0
PULLMAN RESIDENCES NEWTON,3210000.0,1162.51,2761.0,2022-09-01,108.0,29722.0,1.31467262956125,103.839010845653,"18 DUNEARN ROAD PULLMAN RESIDENCES, NEWTON SINGAPORE 309421",3.747758902511321,37.0,3,1,2,14,10,6,2.0,0.0,0,0
PULLMAN RESIDENCES NEWTON,1416000.0,462.85,3059.0,2022-09-01,43.0,32930.0,1.31467262956125,103.839010845653,"18 DUNEARN ROAD PULLMAN RESIDENCES, NEWTON SINGAPORE 309421",3.747758902511321,37.0,3,1,2,14,10,6,3.0,0.0,0,0
ROCHELLE AT NEWTON,1810000.0,1011.82,1789.0,2022-09-01,94.0,19255.0,1.31404425678498,103.841922909924,188 KENG LEE ROAD ROCHELLE AT NEWTON SINGAPORE 308414,3.578271566582672,37.0,3,2,2,14,11,6,3.0,1.0,1,0
WATTEN HILL,1700000.0,1044.11,1628.0,2022-09-01,97.0,17526.0,1.33080602433021,103.809520144553,48 WATTEN VIEW WATTEN HILL SINGAPORE 287179,7.018102241408999,37.0,1,1,0,11,6,5,,1.0,1,0
PULLMAN RESIDENCES NEWTON,1950000.0,667.37,2922.0,2022-09-01,62.0,31452.0,1.31467262956125,103.839010845653,"18 DUNEARN ROAD PULLMAN RESIDENCES, NEWTON SINGAPORE 309421",3.747758902511321,37.0,3,1,2,14,10,6,3.0,0.0,0,0
PULLMAN RESIDENCES NEWTON,3777840.0,1280.92,2949.0,2022-09-01,119.0,31747.0,1.31467262956125,103.839010845653,"18 DUNEARN ROAD PULLMAN RESIDENCES, NEWTON SINGAPORE 309421",3.747758902511321,37.0,3,1,2,14,10,6,4.0,0.0,0,0
THE ARMADALE,1500000.0,871.88,1720.0,2022-09-01,81.0,18519.0,1.31856765330093,103.840268808403,60 GILSTEAD ROAD THE ARMADALE SINGAPORE 309104,4.1102218338608845,37.0,3,1,3,14,13,7,1.0,1.0,0,0
AMANINDA,1760000.0,1054.87,1668.0,2022-09-01,98.0,17959.0,1.32478729402026,103.840864419636,331 THOMSON ROAD AMANINDA SINGAPORE 307687,4.756316064412432,37.0,2,0,4,12,14,5,1.0,1.0,1,0
PULLMAN RESIDENCES NEWTON,3344000.0,1162.51,2877.0,2022-08-01,108.0,30963.0,1.31467262956125,103.839010845653,"18 DUNEARN ROAD PULLMAN RESIDENCES, NEWTON SINGAPORE 309421",3.747758902511321,38.0,3,1,2,14,10,6,3.0,0.0,0,0
PEAK RESIDENCE,2136950.0,828.83,2578.0,2022-08-01,77.0,27753.0,1.32534460429599,103.840724426138,333 THOMSON ROAD PEAK RESIDENCE SINGAPORE 307675,4.8198774142707626,38.0,2,0,4,12,14,5,1.0,0.0,1,0
VIVA,3310000.0,1323.97,2500.0,2022-08-01,123.0,26911.0,1.31565586377638,103.844444721095,2 SUFFOLK WALK VIVA SINGAPORE 307462,3.683877967605451,38.0,3,2,2,14,13,6,2.0,1.0,1,0
NEU AT NOVENA,1750000.0,645.84,2710.0,2022-08-01,60.0,29167.0,1.31961486592659,103.845969245127,27 MOULMEIN RISE NEU AT NOVENA SINGAPORE 308140,4.087211641971712,38.0,1,2,4,14,13,7,1.0,0.0,0,0
6 DERBYSHIRE,1650000.0,731.95,2254.0,2022-08-01,68.0,24265.0,1.31568172551155,103.845880417376,6 DERBYSHIRE ROAD 6 DERBYSHIRE SINGAPORE 309462,3.6584167943606625,38.0,3,2,2,14,13,6,4.0,1.0,1,0
THE ARCADIA,4600000.0,3713.58,1239.0,2022-08-01,345.0,13333.0,1.33337474399547,103.811275631559,235 ARCADIA ROAD THE ARCADIA SINGAPORE 289843,7.111379394487015,38.0,1,0,0,9,6,5,2.0,1.0,1,0
L'VIV,1280000.0,613.55,2086.0,2022-08-01,57.0,22456.0,1.31544838531983,103.840354841468,23 NEWTON ROAD L'VIV SINGAPORE 307955,3.778505845346688,38.0,3,1,2,14,12,6,4.0,1.0,0,0
MONTEBLEU,1500000.0,807.3,1858.0,2022-08-01,75.0,20000.0,1.32378273509884,103.850102052541,8 MINBU ROAD MONTEBLEU SINGAPORE 308162,4.510651977234295,38.0,1,3,4,12,18,4,5.0,1.0,1,0
368 THOMSON,2500000.0,1302.44,1919.0,2022-08-01,121.0,20661.0,1.3270913316471,103.841978573745,368 THOMSON ROAD 368 THOMSON SINGAPORE 298127,4.977697388092409,38.0,3,0,3,12,16,4,7.0,1.0,1,0
THE TREVOSE,2660000.0,1733.0,1535.0,2022-08-01,161.0,16522.0,1.32302176043306,103.82529938582,60 TREVOSE CRESCENT THE TREVOSE SINGAPORE 298090,5.269266023284268,38.0,3,0,0,13,6,5,1.0,1.0,1,0
PULLMAN RESIDENCES NEWTON,2075000.0,667.37,3109.0,2022-08-01,62.0,33468.0,1.31467262956125,103.839010845653,"18 DUNEARN ROAD PULLMAN RESIDENCES, NEWTON SINGAPORE 309421",3.747758902511321,38.0,3,1,2,14,10,6,5.0,0.0,0,0
SOLEIL @ SINARAN,1725000.0,958.0,1801.0,2022-08-01,89.0,19382.0,1.31960020004528,103.845271738384,2 SINARAN DRIVE SOLEIL @ SINARAN SINGAPORE 307467,4.096964545722665,38.0,1,1,4,14,14,7,3.0,1.0,1,0
PARK INFINIA AT WEE NAM,2218000.0,893.41,2483.0,2022-08-01,83.0,26723.0,1.31441386999901,103.843291191875,2A LINCOLN ROAD PARK INFINIA AT WEE NAM SINGAPORE 308364,3.57796230174373,38.0,3,2,2,14,11,6,1.0,1.0,1,0
SOLEIL @ SINARAN,2290000.0,1097.93,2086.0,2022-08-01,102.0,22451.0,1.31960020004528,103.845271738384,2 SINARAN DRIVE SOLEIL @ SINARAN SINGAPORE 307467,4.096964545722665,38.0,1,1,4,14,14,7,7.0,1.0,1,0
AMARYLLIS VILLE,2308000.0,1259.39,1833.0,2022-08-01,117.0,19726.0,1.31478233515073,103.841958399488,22 NEWTON ROAD AMARYLLIS VILLE SINGAPORE 307990,3.655547978307824,38.0,3,2,2,14,13,6,5.0,1.0,1,0
10 EVELYN,2185000.0,796.54,2743.0,2022-08-01,74.0,29527.0,1.31615491830399,103.840533848314,10 EVELYN ROAD 10 EVELYN SINGAPORE 309312,3.846689837882823,38.0,3,1,2,14,13,8,1.0,0.0,0,0
PULLMAN RESIDENCES NEWTON,4233530.0,1377.79,3073.0,2022-08-01,128.0,33074.0,1.31467262956125,103.839010845653,"18 DUNEARN ROAD PULLMAN RESIDENCES, NEWTON SINGAPORE 309421",3.747758902511321,38.0,3,1,2,14,10,6,5.0,0.0,0,0
PULLMAN RESIDENCES NEWTON,3675000.0,1280.92,2869.0,2022-08-01,119.0,30882.0,1.31467262956125,103.839010845653,"18 DUNEARN ROAD PULLMAN RESIDENCES, NEWTON SINGAPORE 309421",3.747758902511321,38.0,3,1,2,14,10,6,2.0,0.0,0,0
HILLCREST ARCADIA,3100000.0,2529.54,1226.0,2022-08-01,235.0,13191.0,1.33377798542711,103.808806606762,255 ARCADIA ROAD HILLCREST ARCADIA SINGAPORE 289850,7.319529262671842,38.0,1,0,0,9,6,5,3.0,1.0,1,0
DUNEARN SUITES,1050000.0,527.44,1991.0,2022-08-01,49.0,21429.0,1.32473351341035,103.810724749056,404 DUNEARN ROAD DUNEARN SUITES SINGAPORE 289609,6.433192326543688,38.0,4,1,0,13,7,8,1.0,1.0,0,0
THOMSON 800,2850000.0,1625.36,1753.0,2022-08-01,151.0,18874.0,1.3411028334318,103.838741075921,808 THOMSON ROAD THOMSON 800 SINGAPORE 298190,6.567971581242121,38.0,4,1,0,13,13,2,3.0,1.0,1,0
NOVENA SUITES,1650000.0,796.54,2071.0,2022-08-01,74.0,22297.0,1.32005187342709,103.852519734445,201 BALESTIER ROAD HOLIDAY INN EXPRESS & SUITES SINGAPORE NOVENA SINGAPORE 329926,4.100494883617021,38.0,2,3,1,13,16,3,2.0,1.0,0,0
PULLMAN RESIDENCES NEWTON,3722000.0,1280.92,2906.0,2022-08-01,119.0,31277.0,1.31467262956125,103.839010845653,"18 DUNEARN ROAD PULLMAN RESIDENCES, NEWTON SINGAPORE 309421",3.747758902511321,38.0,3,1,2,14,10,6,3.0,0.0,0,0
35 GILSTEAD,1738000.0,678.13,2563.0,2022-08-01,63.0,27587.0,1.31711023904743,103.837956844749,35 GILSTEAD ROAD 35 GILSTEAD SINGAPORE 309079,4.041420945749914,38.0,3,1,2,14,12,6,1.0,0.0,0,0
NOVENA COURT,1280000.0,861.12,1486.0,2022-08-01,80.0,16000.0,1.32292732467511,103.842114483993,2E JALAN NOVENA BARAT NOVENA COURT SINGAPORE 308603,4.524348727321245,38.0,1,0,4,13,13,4,1.0,1.0,0,0
FYVE DERBYSHIRE,1770000.0,656.6,2696.0,2022-08-01,61.0,29016.0,1.3162773675544,103.845724040655,5 DERBYSHIRE ROAD FYVE DERBYSHIRE SINGAPORE 309461,3.7261930135692727,38.0,3,2,2,14,13,7,4.0,0.0,0,0
THOMSON 800,2950000.0,1625.36,1815.0,2022-08-01,151.0,19536.0,1.3411028334318,103.838741075921,808 THOMSON ROAD THOMSON 800 SINGAPORE 298190,6.567971581242121,38.0,4,1,0,13,13,2,4.0,1.0,1,0
PEAK RESIDENCE,1924500.0,775.01,2483.0,2022-08-01,72.0,26729.0,1.32534460429599,103.840724426138,333 THOMSON ROAD PEAK RESIDENCE SINGAPORE 307675,4.8198774142707626,38.0,2,0,4,12,14,5,1.0,0.0,1,0
THE TREVOSE,3950000.0,3627.47,1089.0,2022-08-01,337.0,11721.0,1.32302176043306,103.82529938582,60 TREVOSE CRESCENT THE TREVOSE SINGAPORE 298090,5.269266023284268,38.0,3,0,0,13,6,5,1.0,1.0,1,0
SUITES @ NEWTON,2000000.0,1323.97,1511.0,2022-08-01,123.0,16260.0,1.31640035574617,103.841671833933,1 SURREY ROAD SUITES @ NEWTON SINGAPORE 307740,3.8363724273902986,38.0,3,2,2,14,13,7,4.0,1.0,0,0
18 SHELFORD,3820000.0,2088.22,1829.0,2022-08-01,194.0,19691.0,1.32731952558617,103.812831770778,18 SHELFORD ROAD 18 SHELFORD SINGAPORE 288407,6.4853449338411195,38.0,3,1,0,13,7,8,1.0,1.0,0,0
CUBE 8,2580000.0,1474.67,1750.0,2022-08-01,137.0,18832.0,1.3283636088892,103.841418362322,376 THOMSON ROAD CUBE 8 SINGAPORE 298130,5.12816729630684,38.0,3,0,3,12,14,4,6.0,1.0,1,0
TRILIGHT,4288000.0,2098.98,2043.0,2022-08-01,195.0,21990.0,1.31447883237245,103.839899712589,7 NEWTON ROAD TRILIGHT SINGAPORE 307945,3.693489005647367,38.0,3,1,2,14,10,5,3.0,1.0,1,0
NEWTON 18,1900000.0,925.7,2052.0,2022-08-01,86.0,22093.0,1.31429426375311,103.841150697585,18 NEWTON ROAD NEWTON 18 SINGAPORE 307989,3.6298212404791177,38.0,3,1,2,14,10,6,4.0,1.0,0,0
PULLMAN RESIDENCES NEWTON,3675000.0,1280.92,2869.0,2022-08-01,119.0,30882.0,1.31467262956125,103.839010845653,"18 DUNEARN ROAD PULLMAN RESIDENCES, NEWTON SINGAPORE 309421",3.747758902511321,38.0,3,1,2,14,10,6,3.0,0.0,0,0
PULLMAN RESIDENCES NEWTON,2009000.0,667.37,3010.0,2022-08-01,62.0,32403.0,1.31467262956125,103.839010845653,"18 DUNEARN ROAD PULLMAN RESIDENCES, NEWTON SINGAPORE 309421",3.747758902511321,38.0,3,1,2,14,10,6,4.0,0.0,0,0
28 SHELFORD,1530000.0,818.06,1870.0,2022-08-01,76.0,20132.0,1.32930490165283,103.811999217829,28 SHELFORD ROAD 28 SHELFORD SINGAPORE 288422,6.712325789592847,38.0,3,1,0,11,7,7,1.0,1.0,0,0
D' IXORAS,1190000.0,839.59,1417.0,2022-08-01,78.0,15256.0,1.32411334495333,103.849040669227,23 MINBU ROAD D' IXORAS SINGAPORE 308172,4.551328531254225,38.0,2,3,5,12,18,4,3.0,1.0,0,0
AMARYLLIS VILLE,3950000.0,2594.12,1523.0,2022-08-01,241.0,16390.0,1.31478233515073,103.841958399488,22 NEWTON ROAD AMARYLLIS VILLE SINGAPORE 307990,3.655547978307824,38.0,3,2,2,14,13,6,6.0,1.0,1,0
PULLMAN RESIDENCES NEWTON,1958180.0,667.37,2934.0,2022-08-01,62.0,31584.0,1.31467262956125,103.839010845653,"18 DUNEARN ROAD PULLMAN RESIDENCES, NEWTON SINGAPORE 309421",3.747758902511321,38.0,3,1,2,14,10,6,3.0,0.0,0,0
DUNEARN 386,1653000.0,645.84,2559.0,2022-08-01,60.0,27550.0,1.32443998997673,103.81183629155,386 DUNEARN ROAD DUNEARN 386 SINGAPORE 289599,6.3240665481399505,38.0,4,1,0,13,7,8,1.0,0.0,0,0
WATTEN HILL,4900000.0,2669.47,1836.0,2022-08-01,248.0,19758.0,1.33080602433021,103.809520144553,48 WATTEN VIEW WATTEN HILL SINGAPORE 287179,7.018102241408999,38.0,1,1,0,11,6,5,,1.0,1,0
GILSTEAD COURT,2800000.0,1463.9,1913.0,2022-08-01,136.0,20588.0,1.31852490969421,103.839521125521,52H GILSTEAD ROAD GILSTEAD COURT SINGAPORE 309097,4.130671506328448,38.0,3,1,3,14,12,7,,1.0,1,0
SOLEIL @ SINARAN,1043888.0,581.26,1796.0,2022-08-01,54.0,19331.0,1.31960020004528,103.845271738384,2 SINARAN DRIVE SOLEIL @ SINARAN SINGAPORE 307467,4.096964545722665,38.0,1,1,4,14,14,7,3.0,1.0,1,0
PEAK RESIDENCE,1939288.0,807.3,2402.0,2022-07-01,75.0,25857.0,1.32534460429599,103.840724426138,333 THOMSON ROAD PEAK RESIDENCE SINGAPORE 307675,4.8198774142707626,39.0,2,0,4,12,14,5,1.0,0.0,1,0
PULLMAN RESIDENCES NEWTON,3214530.0,1162.51,2765.0,2022-07-01,108.0,29764.0,1.31467262956125,103.839010845653,"18 DUNEARN ROAD PULLMAN RESIDENCES, NEWTON SINGAPORE 309421",3.747758902511321,39.0,3,1,2,14,10,6,1.0,0.0,0,0
MANDALE HEIGHTS,1160000.0,764.24,1518.0,2022-07-01,71.0,16338.0,1.32433421345059,103.849717961403,45 MANDALAY ROAD MANDALE HEIGHTS SINGAPORE 308225,4.572750960660567,39.0,2,3,4,12,19,4,1.0,1.0,0,0
NEU AT NOVENA,2305000.0,861.12,2677.0,2022-07-01,80.0,28813.0,1.31961486592659,103.845969245127,27 MOULMEIN RISE NEU AT NOVENA SINGAPORE 308140,4.087211641971712,39.0,1,2,4,14,13,7,1.0,0.0,0,0
THOMSON 800,4828000.0,3756.64,1285.0,2022-07-01,349.0,13834.0,1.3411028334318,103.838741075921,808 THOMSON ROAD THOMSON 800 SINGAPORE 298190,6.567971581242121,39.0,4,1,0,13,13,2,4.0,1.0,1,0
LUCIDA,5000000.0,3853.51,1298.0,2022-07-01,358.0,13966.0,1.31464830253379,103.844819093226,2 SUFFOLK ROAD LUCIDA SINGAPORE 307780,3.566471950535546,39.0,4,2,2,14,11,6,5.0,1.0,0,0
NOVENA SUITES,1190000.0,667.37,1783.0,2022-07-01,62.0,19194.0,1.32005187342709,103.852519734445,201 BALESTIER ROAD HOLIDAY INN EXPRESS & SUITES SINGAPORE NOVENA SINGAPORE 329926,4.100494883617021,39.0,2,3,1,13,16,3,2.0,1.0,0,0
10 EVELYN,1357000.0,495.14,2741.0,2022-07-01,46.0,29500.0,1.31615491830399,103.840533848314,10 EVELYN ROAD 10 EVELYN SINGAPORE 309312,3.846689837882823,39.0,3,1,2,14,13,8,1.0,0.0,0,0
PEAK RESIDENCE,1430800.0,559.73,2556.0,2022-07-01,52.0,27515.0,1.32534460429599,103.840724426138,333 THOMSON ROAD PEAK RESIDENCE SINGAPORE 307675,4.8198774142707626,39.0,2,0,4,12,14,5,1.0,0.0,1,0
PEAK RESIDENCE,1607700.0,559.73,2872.0,2022-07-01,52.0,30917.0,1.32534460429599,103.840724426138,333 THOMSON ROAD PEAK RESIDENCE SINGAPORE 307675,4.8198774142707626,39.0,2,0,4,12,14,5,1.0,0.0,1,0
35 GILSTEAD,2478000.0,925.7,2677.0,2022-07-01,86.0,28814.0,1.31711023904743,103.837956844749,35 GILSTEAD ROAD 35 GILSTEAD SINGAPORE 309079,4.041420945749914,39.0,3,1,2,14,12,6,1.0,0.0,0,0
PEAK RESIDENCE,1932736.0,807.3,2394.0,2022-07-01,75.0,25770.0,1.32534460429599,103.840724426138,333 THOMSON ROAD PEAK RESIDENCE SINGAPORE 307675,4.8198774142707626,39.0,2,0,4,12,14,5,1.0,0.0,1,0
ROCHELLE AT NEWTON,2600000.0,1474.67,1763.0,2022-07-01,137.0,18978.0,1.31404425678498,103.841922909924,188 KENG LEE ROAD ROCHELLE AT NEWTON SINGAPORE 308414,3.578271566582672,39.0,3,2,2,14,11,6,2.0,1.0,1,0
LUCIDA,1741000.0,1065.64,1634.0,2022-07-01,99.0,17586.0,1.31464830253379,103.844819093226,2 SUFFOLK ROAD LUCIDA SINGAPORE 307780,3.566471950535546,39.0,4,2,2,14,11,6,4.0,1.0,0,0
PEAK RESIDENCE,2793500.0,1087.16,2570.0,2022-07-01,101.0,27658.0,1.32534460429599,103.840724426138,333 THOMSON ROAD PEAK RESIDENCE SINGAPORE 307675,4.8198774142707626,39.0,2,0,4,12,14,5,1.0,0.0,1,0
PULLMAN RESIDENCES NEWTON,1970000.0,667.37,2952.0,2022-07-01,62.0,31774.0,1.31467262956125,103.839010845653,"18 DUNEARN ROAD PULLMAN RESIDENCES, NEWTON SINGAPORE 309421",3.747758902511321,39.0,3,1,2,14,10,6,3.0,0.0,0,0
MONTEBLEU,1520000.0,850.36,1787.0,2022-07-01,79.0,19241.0,1.32378273509884,103.850102052541,8 MINBU ROAD MONTEBLEU SINGAPORE 308162,4.510651977234295,39.0,1,3,4,12,18,4,4.0,1.0,1,0
THE ARCADIA,7700000.0,7502.51,1026.0,2022-07-01,697.0,11047.0,1.33337474399547,103.811275631559,235 ARCADIA ROAD THE ARCADIA SINGAPORE 289843,7.111379394487015,39.0,1,0,0,9,6,5,2.0,1.0,1,0
THE HUNTINGTON,2070000.0,1044.11,1983.0,2022-07-01,97.0,21340.0,1.31880224228412,103.845318707665,190 MOULMEIN ROAD THE HUNTINGTON SINGAPORE 308095,4.009000992775222,39.0,2,2,4,14,14,7,1.0,1.0,0,0
THE SHELFORD,4150000.0,2174.33,1909.0,2022-07-01,202.0,20545.0,1.32561376215123,103.810731205358,1E SHELFORD ROAD THE SHELFORD SINGAPORE 286890,6.502869662773255,39.0,4,1,0,12,7,8,1.0,1.0,1,0
SUITES @ NEWTON,1208000.0,602.78,2004.0,2022-07-01,56.0,21571.0,1.31640035574617,103.841671833933,1 SURREY ROAD SUITES @ NEWTON SINGAPORE 307740,3.8363724273902986,39.0,3,2,2,14,13,7,1.0,1.0,0,0
THE TREVOSE,3980000.0,3595.18,1107.0,2022-07-01,334.0,11916.0,1.32302176043306,103.82529938582,60 TREVOSE CRESCENT THE TREVOSE SINGAPORE 298090,5.269266023284268,39.0,3,0,0,13,6,5,1.0,1.0,1,0
PULLMAN RESIDENCES NEWTON,3205000.0,1162.51,2757.0,2022-07-01,108.0,29676.0,1.31467262956125,103.839010845653,"18 DUNEARN ROAD PULLMAN RESIDENCES, NEWTON SINGAPORE 309421",3.747758902511321,39.0,3,1,2,14,10,6,2.0,0.0,0,0
NEWTON SUITES,2830000.0,1237.86,2286.0,2022-07-01,115.0,24609.0,1.31780091416565,103.842313806169,60 NEWTON ROAD NEWTON SUITES SINGAPORE 307994,3.967671598329251,39.0,3,2,3,14,13,7,4.0,1.0,0,0
10 EVELYN,2159000.0,828.83,2605.0,2022-07-01,77.0,28039.0,1.31615491830399,103.840533848314,10 EVELYN ROAD 10 EVELYN SINGAPORE 309312,3.846689837882823,39.0,3,1,2,14,13,8,1.0,0.0,0,0
NEWTON 21,2550000.0,1184.04,2154.0,2022-07-01,110.0,23182.0,1.31490075979298,103.840460862924,21 NEWTON ROAD NEWTON 21 SINGAPORE 307954,3.7173142928382856,39.0,3,1,2,14,12,6,4.0,1.0,0,0
SOLEIL @ SINARAN,3500000.0,1722.24,2032.0,2022-07-01,160.0,21875.0,1.31960020004528,103.845271738384,2 SINARAN DRIVE SOLEIL @ SINARAN SINGAPORE 307467,4.096964545722665,39.0,1,1,4,14,14,7,4.0,1.0,1,0
NOVENA COURT,1270000.0,861.12,1475.0,2022-07-01,80.0,15875.0,1.32292732467511,103.842114483993,2E JALAN NOVENA BARAT NOVENA COURT SINGAPORE 308603,4.524348727321245,39.0,1,0,4,13,13,4,1.0,1.0,0,0
SKY@ELEVEN,3950000.0,1851.41,2134.0,2022-07-01,172.0,22965.0,1.33127079751604,103.841021896647,7 THOMSON LANE SKY@ELEVEN SINGAPORE 297725,5.451828930281204,39.0,4,1,3,12,15,2,5.0,1.0,1,0
MULBERRY TREE,1120000.0,635.08,1764.0,2022-07-01,59.0,18983.0,1.31818439913906,103.846394220029,167 MOULMEIN ROAD MULBERRY TREE SINGAPORE 308092,3.9241311123236895,39.0,1,1,4,14,13,7,1.0,1.0,0,0
THOMSON EURO-ASIA,2300000.0,1130.22,2035.0,2022-07-01,105.0,21905.0,1.31805872665983,103.844682051372,150 THOMSON ROAD THOMSON EURO-ASIA SINGAPORE 307605,3.9398634725298134,39.0,3,2,3,14,14,7,2.0,1.0,1,0
PEAK RESIDENCE,2740956.0,1087.16,2521.0,2022-07-01,101.0,27138.0,1.32534460429599,103.840724426138,333 THOMSON ROAD PEAK RESIDENCE SINGAPORE 307675,4.8198774142707626,39.0,2,0,4,12,14,5,1.0,0.0,1,0
PEAK RESIDENCE,1360000.0,527.44,2579.0,2022-07-01,49.0,27755.0,1.32534460429599,103.840724426138,333 THOMSON ROAD PEAK RESIDENCE SINGAPORE 307675,4.8198774142707626,39.0,2,0,4,12,14,5,1.0,0.0,1,0
35 GILSTEAD,2475560.0,925.7,2674.0,2022-07-01,86.0,28786.0,1.31711023904743,103.837956844749,35 GILSTEAD ROAD 35 GILSTEAD SINGAPORE 309079,4.041420945749914,39.0,3,1,2,14,12,6,1.0,0.0,0,0
IKIGAI,1391750.0,635.08,2189.0,2022-07-01,59.0,23559.0,1.31790382404123,103.847428354915,38 SHREWSBURY ROAD IKIGAI SINGAPORE 307818,3.879900072370961,39.0,2,2,2,14,13,7,1.0,0.0,0,0
SOLEIL @ SINARAN,3550000.0,1722.24,2061.0,2022-07-01,160.0,22188.0,1.31960020004528,103.845271738384,2 SINARAN DRIVE SOLEIL @ SINARAN SINGAPORE 307467,4.096964545722665,39.0,1,1,4,14,14,7,6.0,1.0,1,0
PULLMAN RESIDENCES NEWTON,1424000.0,462.85,3077.0,2022-06-01,43.0,33116.0,1.31467262956125,103.839010845653,"18 DUNEARN ROAD PULLMAN RESIDENCES, NEWTON SINGAPORE 309421",3.747758902511321,40.0,3,1,2,14,10,6,4.0,0.0,0,0
THE TREVOSE,3200000.0,2098.98,1525.0,2022-06-01,195.0,16410.0,1.32302176043306,103.82529938582,60 TREVOSE CRESCENT THE TREVOSE SINGAPORE 298090,5.269266023284268,40.0,3,0,0,13,6,5,1.0,1.0,1,0
M21,1150000.0,710.42,1619.0,2022-06-01,66.0,17424.0,1.32252212187302,103.848891107309,21 MANDALAY ROAD M21 SINGAPORE 308208,4.376450490663607,40.0,1,3,4,12,14,6,3.0,1.0,0,0
35 GILSTEAD,1798000.0,699.66,2570.0,2022-06-01,65.0,27662.0,1.31711023904743,103.837956844749,35 GILSTEAD ROAD 35 GILSTEAD SINGAPORE 309079,4.041420945749914,40.0,3,1,2,14,12,6,1.0,0.0,0,0
NOVENA SUITES,1160000.0,667.37,1738.0,2022-06-01,62.0,18710.0,1.32005187342709,103.852519734445,201 BALESTIER ROAD HOLIDAY INN EXPRESS & SUITES SINGAPORE NOVENA SINGAPORE 329926,4.100494883617021,40.0,2,3,1,13,16,3,1.0,1.0,0,0
35 GILSTEAD,1775000.0,699.66,2537.0,2022-06-01,65.0,27308.0,1.31711023904743,103.837956844749,35 GILSTEAD ROAD 35 GILSTEAD SINGAPORE 309079,4.041420945749914,40.0,3,1,2,14,12,6,1.0,0.0,0,0
EVELYN MANSIONS,1720000.0,893.41,1925.0,2022-06-01,83.0,20723.0,1.31649465009912,103.839103883927,20 EVELYN ROAD EVELYN MANSIONS SINGAPORE 309309,3.933183708587904,40.0,3,1,2,14,12,7,2.0,1.0,0,0
MINBU VILLA,2850000.0,2335.79,1220.0,2022-06-01,217.0,13134.0,1.32578698013765,103.848059253669,56 MINBU ROAD MINBU VILLA SINGAPORE 308185,4.742470181311283,40.0,2,2,4,12,20,3,2.0,1.0,0,0
PULLMAN RESIDENCES NEWTON,2000000.0,667.37,2997.0,2022-06-01,62.0,32258.0,1.31467262956125,103.839010845653,"18 DUNEARN ROAD PULLMAN RESIDENCES, NEWTON SINGAPORE 309421",3.747758902511321,40.0,3,1,2,14,10,6,4.0,0.0,0,0
26 NEWTON,1840000.0,936.47,1965.0,2022-06-01,87.0,21149.0,1.3156928164724,103.841615456446,26 NEWTON ROAD 26 NEWTON SINGAPORE 307957,3.762851610410245,40.0,3,2,2,14,13,6,5.0,1.0,0,0
PAVILION 11,2650000.0,1485.43,1784.0,2022-06-01,138.0,19203.0,1.32458602112842,103.848173371262,23 AKYAB ROAD PAVILION 11 SINGAPORE 309978,4.609115779437775,40.0,2,3,5,12,18,5,1.0,1.0,1,0
NEWTON 18,1720000.0,925.7,1858.0,2022-06-01,86.0,20000.0,1.31429426375311,103.841150697585,18 NEWTON ROAD NEWTON 18 SINGAPORE 307989,3.6298212404791177,40.0,3,1,2,14,10,6,1.0,1.0,0,0
35 GILSTEAD,3458888.0,1539.25,2247.0,2022-06-01,143.0,24188.0,1.31711023904743,103.837956844749,35 GILSTEAD ROAD 35 GILSTEAD SINGAPORE 309079,4.041420945749914,40.0,3,1,2,14,12,6,1.0,0.0,0,0
35 GILSTEAD,1470000.0,548.96,2678.0,2022-06-01,51.0,28824.0,1.31711023904743,103.837956844749,35 GILSTEAD ROAD 35 GILSTEAD SINGAPORE 309079,4.041420945749914,40.0,3,1,2,14,12,6,1.0,0.0,0,0
THOMSON 800,2610000.0,1420.85,1837.0,2022-06-01,132.0,19773.0,1.3411028334318,103.838741075921,808 THOMSON ROAD THOMSON 800 SINGAPORE 298190,6.567971581242121,40.0,4,1,0,13,13,2,4.0,1.0,1,0
L'VIV,2150000.0,1001.05,2148.0,2022-06-01,93.0,23118.0,1.31544838531983,103.840354841468,23 NEWTON ROAD L'VIV SINGAPORE 307955,3.778505845346688,40.0,3,1,2,14,12,6,2.0,1.0,0,0
PEAK RESIDENCE,1248888.0,527.44,2368.0,2022-06-01,49.0,25488.0,1.32534460429599,103.840724426138,333 THOMSON ROAD PEAK RESIDENCE SINGAPORE 307675,4.8198774142707626,40.0,2,0,4,12,14,5,1.0,0.0,1,0
PULLMAN RESIDENCES NEWTON,3119490.0,1162.51,2683.0,2022-06-01,108.0,28884.0,1.31467262956125,103.839010845653,"18 DUNEARN ROAD PULLMAN RESIDENCES, NEWTON SINGAPORE 309421",3.747758902511321,40.0,3,1,2,14,10,6,1.0,0.0,0,0
PULLMAN RESIDENCES NEWTON,3268000.0,1162.51,2811.0,2022-06-01,108.0,30259.0,1.31467262956125,103.839010845653,"18 DUNEARN ROAD PULLMAN RESIDENCES, NEWTON SINGAPORE 309421",3.747758902511321,40.0,3,1,2,14,10,6,2.0,0.0,0,0
PULLMAN RESIDENCES NEWTON,1415000.0,462.85,3057.0,2022-06-01,43.0,32907.0,1.31467262956125,103.839010845653,"18 DUNEARN ROAD PULLMAN RESIDENCES, NEWTON SINGAPORE 309421",3.747758902511321,40.0,3,1,2,14,10,6,3.0,0.0,0,0
L'VIV,1320000.0,613.55,2151.0,2022-06-01,57.0,23158.0,1.31544838531983,103.840354841468,23 NEWTON ROAD L'VIV SINGAPORE 307955,3.778505845346688,40.0,3,1,2,14,12,6,5.0,1.0,0,0
PULLMAN RESIDENCES NEWTON,1951000.0,667.37,2923.0,2022-06-01,62.0,31468.0,1.31467262956125,103.839010845653,"18 DUNEARN ROAD PULLMAN RESIDENCES, NEWTON SINGAPORE 309421",3.747758902511321,40.0,3,1,2,14,10,6,3.0,0.0,0,0
THE TREVOSE,2100000.0,1323.97,1586.0,2022-06-01,123.0,17073.0,1.32302176043306,103.82529938582,60 TREVOSE CRESCENT THE TREVOSE SINGAPORE 298090,5.269266023284268,40.0,3,0,0,13,6,5,1.0,1.0,1,0
LA MAISON,2180000.0,1302.44,1674.0,2022-06-01,121.0,18017.0,1.31953348960235,103.847029859453,10 MOULMEIN RISE LA MAISON SINGAPORE 308125,4.063776423393345,40.0,1,3,4,14,13,7,1.0,1.0,0,0
NEU AT NOVENA,1967000.0,645.84,3046.0,2022-06-01,60.0,32783.0,1.31961486592659,103.845969245127,27 MOULMEIN RISE NEU AT NOVENA SINGAPORE 308140,4.087211641971712,40.0,1,2,4,14,13,7,4.0,0.0,0,0
PEAK RESIDENCE,1989600.0,828.83,2400.0,2022-06-01,77.0,25839.0,1.32534460429599,103.840724426138,333 THOMSON ROAD PEAK RESIDENCE SINGAPORE 307675,4.8198774142707626,40.0,2,0,4,12,14,5,1.0,0.0,1,0
35 GILSTEAD,1293000.0,484.38,2669.0,2022-06-01,45.0,28733.0,1.31711023904743,103.837956844749,35 GILSTEAD ROAD 35 GILSTEAD SINGAPORE 309079,4.041420945749914,40.0,3,1,2,14,12,6,1.0,0.0,0,0
HILLCREST ARCADIA,1620000.0,1420.85,1140.0,2022-06-01,132.0,12273.0,1.33377798542711,103.808806606762,255 ARCADIA ROAD HILLCREST ARCADIA SINGAPORE 289850,7.319529262671842,40.0,1,0,0,9,6,5,1.0,1.0,1,0
SOLEIL @ SINARAN,3230000.0,1722.24,1875.0,2022-06-01,160.0,20188.0,1.31960020004528,103.845271738384,2 SINARAN DRIVE SOLEIL @ SINARAN SINGAPORE 307467,4.096964545722665,40.0,1,1,4,14,14,7,2.0,1.0,1,0
ZEDGE,1150000.0,721.19,1595.0,2022-06-01,67.0,17164.0,1.32242172407521,103.848172032797,2 AKYAB ROAD ZEDGE SINGAPORE 309973,4.370398222376426,40.0,1,3,4,12,14,7,4.0,1.0,0,0
PEAK RESIDENCE,1248400.0,538.2,2320.0,2022-06-01,50.0,24968.0,1.32534460429599,103.840724426138,333 THOMSON ROAD PEAK RESIDENCE SINGAPORE 307675,4.8198774142707626,40.0,2,0,4,12,14,5,1.0,0.0,1,0
SOLEIL @ SINARAN,3475000.0,1722.24,2018.0,2022-06-01,160.0,21719.0,1.31960020004528,103.845271738384,2 SINARAN DRIVE SOLEIL @ SINARAN SINGAPORE 307467,4.096964545722665,40.0,1,1,4,14,14,7,7.0,1.0,1,0
AMARYLLIS VILLE,1710000.0,958.0,1785.0,2022-06-01,89.0,19213.0,1.31478233515073,103.841958399488,22 NEWTON ROAD AMARYLLIS VILLE SINGAPORE 307990,3.655547978307824,40.0,3,2,2,14,13,6,4.0,1.0,1,0
PULLMAN RESIDENCES NEWTON,1408000.0,462.85,3042.0,2022-06-01,43.0,32744.0,1.31467262956125,103.839010845653,"18 DUNEARN ROAD PULLMAN RESIDENCES, NEWTON SINGAPORE 309421",3.747758902511321,40.0,3,1,2,14,10,6,3.0,0.0,0,0
PULLMAN RESIDENCES NEWTON,2011000.0,667.37,3013.0,2022-06-01,62.0,32435.0,1.31467262956125,103.839010845653,"18 DUNEARN ROAD PULLMAN RESIDENCES, NEWTON SINGAPORE 309421",3.747758902511321,40.0,3,1,2,14,10,6,4.0,0.0,0,0
PEAK RESIDENCE,1293600.0,538.2,2404.0,2022-06-01,50.0,25872.0,1.32534460429599,103.840724426138,333 THOMSON ROAD PEAK RESIDENCE SINGAPORE 307675,4.8198774142707626,40.0,2,0,4,12,14,5,1.0,0.0,1,0
35 GILSTEAD,1780000.0,699.66,2544.0,2022-06-01,65.0,27385.0,1.31711023904743,103.837956844749,35 GILSTEAD ROAD 35 GILSTEAD SINGAPORE 309079,4.041420945749914,40.0,3,1,2,14,12,6,1.0,0.0,0,0
35 GILSTEAD,1301000.0,484.38,2686.0,2022-06-01,45.0,28911.0,1.31711023904743,103.837956844749,35 GILSTEAD ROAD 35 GILSTEAD SINGAPORE 309079,4.041420945749914,40.0,3,1,2,14,12,6,1.0,0.0,0,0
PAVILION 11,1630000.0,958.0,1701.0,2022-06-01,89.0,18315.0,1.32458602112842,103.848173371262,23 AKYAB ROAD PAVILION 11 SINGAPORE 309978,4.609115779437775,40.0,2,3,5,12,18,5,1.0,1.0,1,0
1 MOULMEIN RISE,2300000.0,1259.39,1826.0,2022-06-01,117.0,19658.0,1.31908636997896,103.847053580169,1 MOULMEIN RISE 1 MOULMEIN RISE SINGAPORE 308143,4.014343248034238,40.0,1,3,4,14,12,7,3.0,1.0,0,0
SOLEIL @ SINARAN,965000.0,505.91,1907.0,2022-06-01,47.0,20532.0,1.31960020004528,103.845271738384,2 SINARAN DRIVE SOLEIL @ SINARAN SINGAPORE 307467,4.096964545722665,40.0,1,1,4,14,14,7,4.0,1.0,1,0
MONTEBLEU,2510000.0,1474.67,1702.0,2022-06-01,137.0,18321.0,1.32378273509884,103.850102052541,8 MINBU ROAD MONTEBLEU SINGAPORE 308162,4.510651977234295,40.0,1,3,4,12,18,4,4.0,1.0,1,0
PULLMAN RESIDENCES NEWTON,1394000.0,462.85,3012.0,2022-06-01,43.0,32419.0,1.31467262956125,103.839010845653,"18 DUNEARN ROAD PULLMAN RESIDENCES, NEWTON SINGAPORE 309421",3.747758902511321,40.0,3,1,2,14,10,6,3.0,0.0,0,0
THE ARCADIA,3960000.0,3735.11,1060.0,2022-06-01,347.0,11412.0,1.33337474399547,103.811275631559,235 ARCADIA ROAD THE ARCADIA SINGAPORE 289843,7.111379394487015,40.0,1,0,0,9,6,5,2.0,1.0,1,0
NEWTON ONE,3968888.0,1808.35,2195.0,2022-06-01,168.0,23624.0,1.31404986796426,103.839452778834,1 NEWTON ROAD NEWTON ONE SINGAPORE 307943,3.665961575873588,40.0,3,1,3,14,10,5,6.0,1.0,1,0
FYVE DERBYSHIRE,1767000.0,656.6,2691.0,2022-06-01,61.0,28967.0,1.3162773675544,103.845724040655,5 DERBYSHIRE ROAD FYVE DERBYSHIRE SINGAPORE 309461,3.7261930135692727,40.0,3,2,2,14,13,7,4.0,0.0,0,0
SKY@ELEVEN,5250000.0,2712.53,1935.0,2022-06-01,252.0,20833.0,1.33127079751604,103.841021896647,7 THOMSON LANE SKY@ELEVEN SINGAPORE 297725,5.451828930281204,40.0,4,1,3,12,15,2,5.0,1.0,1,0
THOMSON EURO-ASIA,2500000.0,1130.22,2212.0,2022-06-01,105.0,23810.0,1.31805872665983,103.844682051372,150 THOMSON ROAD THOMSON EURO-ASIA SINGAPORE 307605,3.9398634725298134,40.0,3,2,3,14,14,7,1.0,1.0,1,0
NOVENA COURT,1290000.0,861.12,1498.0,2022-06-01,80.0,16125.0,1.32292732467511,103.842114483993,2E JALAN NOVENA BARAT NOVENA COURT SINGAPORE 308603,4.524348727321245,40.0,1,0,4,13,13,4,1.0,1.0,0,0
PULLMAN RESIDENCES NEWTON,2089000.0,667.37,3130.0,2022-06-01,62.0,33694.0,1.31467262956125,103.839010845653,"18 DUNEARN ROAD PULLMAN RESIDENCES, NEWTON SINGAPORE 309421",3.747758902511321,40.0,3,1,2,14,10,6,5.0,0.0,0,0
10 SHELFORD,980000.0,871.88,1124.0,2022-06-01,81.0,12099.0,1.32580825364563,103.812516919467,10 SHELFORD ROAD 10 SHELFORD SINGAPORE 288353,6.383468750218335,40.0,3,1,0,13,7,8,1.0,1.0,0,0
PEAK RESIDENCE,1823600.0,775.01,2353.0,2022-06-01,72.0,25328.0,1.32534460429599,103.840724426138,333 THOMSON ROAD PEAK RESIDENCE SINGAPORE 307675,4.8198774142707626,40.0,2,0,4,12,14,5,1.0,0.0,1,0
DUNEARN 386,2995000.0,1162.51,2576.0,2022-06-01,108.0,27731.0,1.32443998997673,103.81183629155,386 DUNEARN ROAD DUNEARN 386 SINGAPORE 289599,6.3240665481399505,40.0,4,1,0,13,7,8,1.0,0.0,0,0
THE GLYNDEBOURNE,7300000.0,3562.88,2049.0,2022-06-01,331.0,22054.0,1.32222533352038,103.823597825035,38 TREVOSE CRESCENT THE GLYNDEBOURNE SINGAPORE 297722,5.30213333703159,40.0,4,0,0,14,6,4,1.0,1.0,1,0
10 EVELYN,1296000.0,495.14,2617.0,2022-06-01,46.0,28174.0,1.31615491830399,103.840533848314,10 EVELYN ROAD 10 EVELYN SINGAPORE 309312,3.846689837882823,40.0,3,1,2,14,13,8,1.0,0.0,0,0
PEAK RESIDENCE,3264200.0,1388.56,2351.0,2022-06-01,129.0,25304.0,1.32534460429599,103.840724426138,333 THOMSON ROAD PEAK RESIDENCE SINGAPORE 307675,4.8198774142707626,40.0,2,0,4,12,14,5,1.0,0.0,1,0
MEDGE,1280000.0,807.3,1586.0,2022-06-01,75.0,17067.0,1.32337432256355,103.850380826925,2 MINBU ROAD MEDGE SINGAPORE 308186,4.464916441227247,40.0,1,3,4,12,18,4,2.0,1.0,0,0
NEU AT NOVENA,1757000.0,656.6,2676.0,2022-06-01,61.0,28803.0,1.31961486592659,103.845969245127,27 MOULMEIN RISE NEU AT NOVENA SINGAPORE 308140,4.087211641971712,40.0,1,2,4,14,13,7,1.0,0.0,0,0
SKY@ELEVEN,5500000.0,2712.53,2028.0,2022-06-01,252.0,21825.0,1.33127079751604,103.841021896647,7 THOMSON LANE SKY@ELEVEN SINGAPORE 297725,5.451828930281204,40.0,4,1,3,12,15,2,8.0,1.0,1,0
SOLEIL @ SINARAN,1860000.0,936.47,1986.0,2022-06-01,87.0,21379.0,1.31960020004528,103.845271738384,2 SINARAN DRIVE SOLEIL @ SINARAN SINGAPORE 307467,4.096964545722665,40.0,1,1,4,14,14,7,5.0,1.0,1,0
RESIDENCES @ EVELYN,4800000.0,2249.68,2134.0,2022-05-01,209.0,22967.0,1.31548497427322,103.839467418834,17 EVELYN ROAD RESIDENCES @ EVELYN SINGAPORE 309306,3.814435565431148,41.0,3,1,2,14,12,6,2.0,1.0,1,0
SOLEIL @ SINARAN,3488888.0,1722.24,2026.0,2022-05-01,160.0,21806.0,1.31960020004528,103.845271738384,2 SINARAN DRIVE SOLEIL @ SINARAN SINGAPORE 307467,4.096964545722665,41.0,1,1,4,14,14,7,5.0,1.0,1,0
PEAK RESIDENCE,2537080.0,1065.64,2381.0,2022-05-01,99.0,25627.0,1.32534460429599,103.840724426138,333 THOMSON ROAD PEAK RESIDENCE SINGAPORE 307675,4.8198774142707626,41.0,2,0,4,12,14,5,1.0,0.0,1,0
THE LINC,2600000.0,1280.92,2030.0,2022-05-01,119.0,21849.0,1.31449452187166,103.842505898673,7 LINCOLN ROAD THE LINC SINGAPORE 308346,3.6085239653203423,41.0,3,2,2,14,12,6,2.0,1.0,0,0
CITY EDGE,1360000.0,828.83,1641.0,2022-05-01,77.0,17662.0,1.31953328897071,103.84662602278,18 MOULMEIN RISE CITY EDGE SINGAPORE 308133,4.068886226265154,41.0,1,2,4,14,13,7,1.0,1.0,0,0
SHELFORD REGENCY,2150000.0,1097.93,1958.0,2022-05-01,102.0,21078.0,1.32659730501812,103.811332907782,65 SHELFORD ROAD SHELFORD REGENCY SINGAPORE 288455,6.53669061517323,41.0,3,1,0,13,7,8,1.0,1.0,1,0
SOLEIL @ SINARAN,1680000.0,958.0,1754.0,2022-05-01,89.0,18876.0,1.31960020004528,103.845271738384,2 SINARAN DRIVE SOLEIL @ SINARAN SINGAPORE 307467,4.096964545722665,41.0,1,1,4,14,14,7,1.0,1.0,1,0
PULLMAN RESIDENCES NEWTON,1425000.0,462.85,3079.0,2022-05-01,43.0,33140.0,1.31467262956125,103.839010845653,"18 DUNEARN ROAD PULLMAN RESIDENCES, NEWTON SINGAPORE 309421",3.747758902511321,41.0,3,1,2,14,10,6,3.0,0.0,0,0
PULLMAN RESIDENCES NEWTON,1976000.0,667.37,2961.0,2022-05-01,62.0,31871.0,1.31467262956125,103.839010845653,"18 DUNEARN ROAD PULLMAN RESIDENCES, NEWTON SINGAPORE 309421",3.747758902511321,41.0,3,1,2,14,10,6,3.0,0.0,0,0
FYVE DERBYSHIRE,1755000.0,656.6,2673.0,2022-05-01,61.0,28770.0,1.3162773675544,103.845724040655,5 DERBYSHIRE ROAD FYVE DERBYSHIRE SINGAPORE 309461,3.7261930135692727,41.0,3,2,2,14,13,7,4.0,0.0,0,0
PULLMAN RESIDENCES NEWTON,2018000.0,667.37,3024.0,2022-05-01,62.0,32548.0,1.31467262956125,103.839010845653,"18 DUNEARN ROAD PULLMAN RESIDENCES, NEWTON SINGAPORE 309421",3.747758902511321,41.0,3,1,2,14,10,6,4.0,0.0,0,0
AMARYLLIS VILLE,1800000.0,958.0,1879.0,2022-05-01,89.0,20225.0,1.31478233515073,103.841958399488,22 NEWTON ROAD AMARYLLIS VILLE SINGAPORE 307990,3.655547978307824,41.0,3,2,2,14,13,6,6.0,1.0,1,0
THE LINCOLN RESIDENCES,3650000.0,1840.64,1983.0,2022-05-01,171.0,21345.0,1.31537475902919,103.842399874258,28 SURREY ROAD THE LINCOLN RESIDENCES SINGAPORE 307762,3.70557482758304,41.0,3,2,2,14,13,6,2.0,1.0,1,0
PULLMAN RESIDENCES NEWTON,4096000.0,1377.79,2973.0,2022-05-01,128.0,32000.0,1.31467262956125,103.839010845653,"18 DUNEARN ROAD PULLMAN RESIDENCES, NEWTON SINGAPORE 309421",3.747758902511321,41.0,3,1,2,14,10,6,4.0,0.0,0,0
PULLMAN RESIDENCES NEWTON,3791730.0,1280.92,2960.0,2022-05-01,119.0,31863.0,1.31467262956125,103.839010845653,"18 DUNEARN ROAD PULLMAN RESIDENCES, NEWTON SINGAPORE 309421",3.747758902511321,41.0,3,1,2,14,10,6,4.0,0.0,0,0
VIVA,3438000.0,1345.5,2555.0,2022-05-01,125.0,27504.0,1.31565586377638,103.844444721095,2 SUFFOLK WALK VIVA SINGAPORE 307462,3.683877967605451,41.0,3,2,2,14,13,6,6.0,1.0,1,0
PULLMAN RESIDENCES NEWTON,3280000.0,1162.51,2821.0,2022-05-01,108.0,30370.0,1.31467262956125,103.839010845653,"18 DUNEARN ROAD PULLMAN RESIDENCES, NEWTON SINGAPORE 309421",3.747758902511321,41.0,3,1,2,14,10,6,2.0,0.0,0,0
35 GILSTEAD,1243000.0,473.62,2624.0,2022-05-01,44.0,28250.0,1.31711023904743,103.837956844749,35 GILSTEAD ROAD 35 GILSTEAD SINGAPORE 309079,4.041420945749914,41.0,3,1,2,14,12,6,1.0,0.0,0,0
35 GILSTEAD,1748320.0,678.13,2578.0,2022-05-01,63.0,27751.0,1.31711023904743,103.837956844749,35 GILSTEAD ROAD 35 GILSTEAD SINGAPORE 309079,4.041420945749914,41.0,3,1,2,14,12,6,1.0,0.0,0,0
NEWTON SUITES,1725000.0,796.54,2166.0,2022-05-01,74.0,23311.0,1.31780091416565,103.842313806169,60 NEWTON ROAD NEWTON SUITES SINGAPORE 307994,3.967671598329251,41.0,3,2,3,14,13,7,5.0,1.0,0,0
THE GLYNDEBOURNE,4600000.0,1991.34,2310.0,2022-05-01,185.0,24865.0,1.32222533352038,103.823597825035,38 TREVOSE CRESCENT THE GLYNDEBOURNE SINGAPORE 297722,5.30213333703159,41.0,4,0,0,14,6,4,1.0,1.0,1,0
NOVENA LODGE,1728000.0,947.23,1824.0,2022-05-01,88.0,19636.0,1.32357151793004,103.841133415932,2 JALAN MERLIMAU NOVENA LODGE SINGAPORE 308729,4.618618198372852,41.0,2,0,4,13,13,5,1.0,1.0,1,0
THE TREVOSE,2620000.0,1733.0,1512.0,2022-05-01,161.0,16273.0,1.32302176043306,103.82529938582,60 TREVOSE CRESCENT THE TREVOSE SINGAPORE 298090,5.269266023284268,41.0,3,0,0,13,6,5,1.0,1.0,1,0
10 EVELYN,2098000.0,807.3,2599.0,2022-05-01,75.0,27973.0,1.31615491830399,103.840533848314,10 EVELYN ROAD 10 EVELYN SINGAPORE 309312,3.846689837882823,41.0,3,1,2,14,13,8,1.0,0.0,0,0
MANDALE HEIGHTS,1210000.0,764.24,1583.0,2022-05-01,71.0,17042.0,1.32433421345059,103.849717961403,45 MANDALAY ROAD MANDALE HEIGHTS SINGAPORE 308225,4.572750960660567,41.0,2,3,4,12,19,4,2.0,1.0,0,0
NEWTON 18,1228000.0,613.55,2001.0,2022-05-01,57.0,21544.0,1.31429426375311,103.841150697585,18 NEWTON ROAD NEWTON 18 SINGAPORE 307989,3.6298212404791177,41.0,3,1,2,14,10,6,5.0,1.0,0,0
PAVILION 11,1850000.0,958.0,1931.0,2022-05-01,89.0,20787.0,1.32458602112842,103.848173371262,23 AKYAB ROAD PAVILION 11 SINGAPORE 309978,4.609115779437775,41.0,2,3,5,12,18,5,6.0,1.0,1,0
THE ANSLEY,1650000.0,1087.16,1518.0,2022-05-01,101.0,16337.0,1.32327434333138,103.848835015461,33 MANDALAY ROAD THE ANSLEY SINGAPORE 308214,4.459842710119622,41.0,1,3,5,12,15,6,5.0,1.0,1,0
L'VIV,2100000.0,1001.05,2098.0,2022-05-01,93.0,22581.0,1.31544838531983,103.840354841468,23 NEWTON ROAD L'VIV SINGAPORE 307955,3.778505845346688,41.0,3,1,2,14,12,6,2.0,1.0,0,0
THE ANSLEY,1100000.0,731.95,1503.0,2022-05-01,68.0,16176.0,1.32327434333138,103.848835015461,33 MANDALAY ROAD THE ANSLEY SINGAPORE 308214,4.459842710119622,41.0,1,3,5,12,15,6,1.0,1.0,1,0
THE GLYNDEBOURNE,7380000.0,3541.36,2084.0,2022-05-01,329.0,22432.0,1.32222533352038,103.823597825035,38 TREVOSE CRESCENT THE GLYNDEBOURNE SINGAPORE 297722,5.30213333703159,41.0,4,0,0,14,6,4,1.0,1.0,1,0
ZEDGE,1390000.0,861.12,1614.0,2022-05-01,80.0,17375.0,1.32242172407521,103.848172032797,2 AKYAB ROAD ZEDGE SINGAPORE 309973,4.370398222376426,41.0,1,3,4,12,14,7,4.0,1.0,0,0
ALEGRIA,1050000.0,667.37,1573.0,2022-05-01,62.0,16935.0,1.32430300605838,103.841018068843,323C THOMSON ROAD ALEGRIA SINGAPORE 307669,4.700240022799939,41.0,2,0,4,12,13,5,1.0,1.0,0,0
PEAK RESIDENCE,1973500.0,828.83,2381.0,2022-05-01,77.0,25630.0,1.32534460429599,103.840724426138,333 THOMSON ROAD PEAK RESIDENCE SINGAPORE 307675,4.8198774142707626,41.0,2,0,4,12,14,5,1.0,0.0,1,0
35 GILSTEAD,3388000.0,1646.89,2057.0,2022-05-01,153.0,22144.0,1.31711023904743,103.837956844749,35 GILSTEAD ROAD 35 GILSTEAD SINGAPORE 309079,4.041420945749914,41.0,3,1,2,14,12,6,1.0,0.0,0,0
CUBE 8,1500000.0,893.41,1679.0,2022-05-01,83.0,18072.0,1.3283636088892,103.841418362322,376 THOMSON ROAD CUBE 8 SINGAPORE 298130,5.12816729630684,41.0,3,0,3,12,14,4,2.0,1.0,1,0
CUBE 8,1538000.0,904.18,1701.0,2022-05-01,84.0,18310.0,1.3283636088892,103.841418362322,376 THOMSON ROAD CUBE 8 SINGAPORE 298130,5.12816729630684,41.0,3,0,3,12,14,4,5.0,1.0,1,0
FYVE DERBYSHIRE,1709000.0,656.6,2603.0,2022-05-01,61.0,28016.0,1.3162773675544,103.845724040655,5 DERBYSHIRE ROAD FYVE DERBYSHIRE SINGAPORE 309461,3.7261930135692727,41.0,3,2,2,14,13,7,4.0,0.0,0,0
ADRIA,2568000.0,1205.57,2130.0,2022-05-01,112.0,22929.0,1.3164463549549,103.846258551824,12 DERBYSHIRE ROAD ADRIA SINGAPORE 309466,3.735780917193752,41.0,3,2,2,14,13,7,1.0,1.0,0,0
SOLEIL @ SINARAN,1840000.0,936.47,1965.0,2022-05-01,87.0,21149.0,1.31960020004528,103.845271738384,2 SINARAN DRIVE SOLEIL @ SINARAN SINGAPORE 307467,4.096964545722665,41.0,1,1,4,14,14,7,6.0,1.0,1,0
PULLMAN RESIDENCES NEWTON,3569000.0,1280.92,2786.0,2022-05-01,119.0,29992.0,1.31467262956125,103.839010845653,"18 DUNEARN ROAD PULLMAN RESIDENCES, NEWTON SINGAPORE 309421",3.747758902511321,41.0,3,1,2,14,10,6,2.0,0.0,0,0
368 THOMSON,1620000.0,871.88,1858.0,2022-05-01,81.0,20000.0,1.3270913316471,103.841978573745,368 THOMSON ROAD 368 THOMSON SINGAPORE 298127,4.977697388092409,41.0,3,0,3,12,16,4,7.0,1.0,1,0
BIRMINGHAM MANSIONS,1950000.0,1065.64,1830.0,2022-05-01,99.0,19697.0,1.3177326204316,103.844909211296,130 THOMSON ROAD BIRMINGHAM MANSIONS SINGAPORE 307682,3.8999150436492296,41.0,3,2,3,14,14,7,2.0,1.0,0,0
AMANINDA,2250000.0,1280.92,1757.0,2022-05-01,119.0,18908.0,1.32478729402026,103.840864419636,331 THOMSON ROAD AMANINDA SINGAPORE 307687,4.756316064412432,41.0,2,0,4,12,14,5,1.0,1.0,1,0
SOLEIL @ SINARAN,3050000.0,1485.43,2053.0,2022-05-01,138.0,22101.0,1.31960020004528,103.845271738384,2 SINARAN DRIVE SOLEIL @ SINARAN SINGAPORE 307467,4.096964545722665,41.0,1,1,4,14,14,7,5.0,1.0,1,0
HILLCREST ARCADIA,1260000.0,914.94,1377.0,2022-05-01,85.0,14824.0,1.33377798542711,103.808806606762,255 ARCADIA ROAD HILLCREST ARCADIA SINGAPORE 289850,7.319529262671842,41.0,1,0,0,9,6,5,1.0,1.0,1,0
L'VIV,1288888.0,613.55,2101.0,2022-05-01,57.0,22612.0,1.31544838531983,103.840354841468,23 NEWTON ROAD L'VIV SINGAPORE 307955,3.778505845346688,41.0,3,1,2,14,12,6,6.0,1.0,0,0
GOLDHILL TOWERS,3060000.0,1550.02,1974.0,2022-05-01,144.0,21250.0,1.32063427888985,103.833512083526,38 GOLDHILL AVENUE GOLDHILL TOWERS SINGAPORE 309021,4.594035889452083,41.0,4,0,0,14,8,3,1.0,1.0,0,0
35 GILSTEAD,2454665.0,925.7,2652.0,2022-05-01,86.0,28543.0,1.31711023904743,103.837956844749,35 GILSTEAD ROAD 35 GILSTEAD SINGAPORE 309079,4.041420945749914,41.0,3,1,2,14,12,6,1.0,0.0,0,0
PEAK RESIDENCE,2556800.0,1087.16,2352.0,2022-04-01,101.0,25315.0,1.32534460429599,103.840724426138,333 THOMSON ROAD PEAK RESIDENCE SINGAPORE 307675,4.8198774142707626,42.0,2,0,4,12,14,5,1.0,0.0,1,0
THOMSON 800,2408888.0,1399.32,1721.0,2022-04-01,130.0,18530.0,1.3411028334318,103.838741075921,808 THOMSON ROAD THOMSON 800 SINGAPORE 298190,6.567971581242121,42.0,4,1,0,13,13,2,3.0,1.0,1,0
SHELFORD SUITES,2540000.0,1367.03,1858.0,2022-04-01,127.0,20000.0,1.32660135432463,103.812654850327,16 SHELFORD ROAD SHELFORD SUITES SINGAPORE 288383,6.438582001199515,42.0,3,1,0,13,7,8,1.0,1.0,1,0
ADAM PARK CONDOMINIUM,2708888.0,1743.77,1553.0,2022-04-01,162.0,16722.0,1.32804489589413,103.813395586111,27A ADAM ROAD ADAM PARK CONDOMINIUM SINGAPORE 289900,6.5056226819707295,42.0,3,1,0,13,7,8,1.0,1.0,1,0
18 SHELFORD,3810000.0,2088.22,1825.0,2022-04-01,194.0,19639.0,1.32731952558617,103.812831770778,18 SHELFORD ROAD 18 SHELFORD SINGAPORE 288407,6.4853449338411195,42.0,3,1,0,13,7,8,1.0,1.0,0,0
10 EVELYN,3350000.0,1431.61,2340.0,2022-04-01,133.0,25188.0,1.31615491830399,103.840533848314,10 EVELYN ROAD 10 EVELYN SINGAPORE 309312,3.846689837882823,42.0,3,1,2,14,13,8,1.0,0.0,0,0
SHELFORD SUITES,2420000.0,1270.15,1905.0,2022-04-01,118.0,20508.0,1.32660135432463,103.812654850327,16 SHELFORD ROAD SHELFORD SUITES SINGAPORE 288383,6.438582001199515,42.0,3,1,0,13,7,8,1.0,1.0,1,0
THE TREVOSE,2050000.0,1302.44,1574.0,2022-04-01,121.0,16942.0,1.32302176043306,103.82529938582,60 TREVOSE CRESCENT THE TREVOSE SINGAPORE 298090,5.269266023284268,42.0,3,0,0,13,6,5,1.0,1.0,1,0
PULLMAN RESIDENCES NEWTON,1950000.0,667.37,2922.0,2022-04-01,62.0,31452.0,1.31467262956125,103.839010845653,"18 DUNEARN ROAD PULLMAN RESIDENCES, NEWTON SINGAPORE 309421",3.747758902511321,42.0,3,1,2,14,10,6,4.0,0.0,0,0
IKIGAI,1280000.0,602.78,2121.0,2022-04-01,56.0,22826.0,1.31790382404123,103.847428354915,38 SHREWSBURY ROAD IKIGAI SINGAPORE 307818,3.879900072370961,42.0,2,2,2,14,13,7,1.0,0.0,0,0
RESIDENCES @ EVELYN,4850000.0,2249.68,2156.0,2022-04-01,209.0,23206.0,1.31548497427322,103.839467418834,17 EVELYN ROAD RESIDENCES @ EVELYN SINGAPORE 309306,3.814435565431148,42.0,3,1,2,14,12,6,6.0,1.0,1,0
PULLMAN RESIDENCES NEWTON,4147000.0,1377.79,3010.0,2022-04-01,128.0,32398.0,1.31467262956125,103.839010845653,"18 DUNEARN ROAD PULLMAN RESIDENCES, NEWTON SINGAPORE 309421",3.747758902511321,42.0,3,1,2,14,10,6,4.0,0.0,0,0
SHELFORD 23,2600000.0,1420.85,1830.0,2022-04-01,132.0,19697.0,1.3278356548858,103.812234495947,23 SHELFORD ROAD SHELFORD 23 SINGAPORE 288413,6.572019942767589,42.0,3,1,0,13,7,8,1.0,1.0,0,0
SUITES @ NEWTON,1298000.0,602.78,2153.0,2022-04-01,56.0,23179.0,1.31640035574617,103.841671833933,1 SURREY ROAD SUITES @ NEWTON SINGAPORE 307740,3.8363724273902986,42.0,3,2,2,14,13,7,4.0,1.0,0,0
ENG AUN MANSION,1380000.0,871.88,1583.0,2022-04-01,81.0,17037.0,1.32375032517822,103.842119363653,322 THOMSON ROAD ENG AUN MANSION SINGAPORE 307665,4.613078068976608,42.0,2,0,4,13,13,5,1.0,1.0,0,0
BUCKLEY 18,2960000.0,2002.1,1478.0,2022-04-01,186.0,15914.0,1.31829562143795,103.841063256174,18 BUCKLEY ROAD BUCKLEY 18 SINGAPORE 309776,4.056458908595856,42.0,3,1,3,14,13,8,1.0,1.0,0,0
PULLMAN RESIDENCES NEWTON,1968130.0,667.37,2949.0,2022-04-01,62.0,31744.0,1.31467262956125,103.839010845653,"18 DUNEARN ROAD PULLMAN RESIDENCES, NEWTON SINGAPORE 309421",3.747758902511321,42.0,3,1,2,14,10,6,4.0,0.0,0,0
BUCKLEY CLASSIQUE,3050000.0,1410.08,2163.0,2022-04-01,131.0,23282.0,1.3179599892541,103.840328123302,11 BUCKLEY ROAD BUCKLEY CLASSIQUE SINGAPORE 309767,4.044031983866686,42.0,3,1,3,14,13,7,1.0,1.0,1,0
PULLMAN RESIDENCES NEWTON,4111000.0,1377.79,2984.0,2022-04-01,128.0,32117.0,1.31467262956125,103.839010845653,"18 DUNEARN ROAD PULLMAN RESIDENCES, NEWTON SINGAPORE 309421",3.747758902511321,42.0,3,1,2,14,10,6,4.0,0.0,0,0
EVELYN MANSIONS,1628000.0,828.83,1964.0,2022-04-01,77.0,21143.0,1.31649465009912,103.839103883927,20 EVELYN ROAD EVELYN MANSIONS SINGAPORE 309309,3.933183708587904,42.0,3,1,2,14,12,7,1.0,1.0,0,0
PARK INFINIA AT WEE NAM,3080000.0,1463.9,2104.0,2022-04-01,136.0,22647.0,1.31441386999901,103.843291191875,2A LINCOLN ROAD PARK INFINIA AT WEE NAM SINGAPORE 308364,3.57796230174373,42.0,3,2,2,14,11,6,1.0,1.0,1,0
SUITES @ NEWTON,1132000.0,602.78,1878.0,2022-04-01,56.0,20214.0,1.31640035574617,103.841671833933,1 SURREY ROAD SUITES @ NEWTON SINGAPORE 307740,3.8363724273902986,42.0,3,2,2,14,13,7,3.0,1.0,0,0
PULLMAN RESIDENCES NEWTON,3172000.0,1162.51,2729.0,2022-04-01,108.0,29370.0,1.31467262956125,103.839010845653,"18 DUNEARN ROAD PULLMAN RESIDENCES, NEWTON SINGAPORE 309421",3.747758902511321,42.0,3,1,2,14,10,6,1.0,0.0,0,0
CUBE 8,2450000.0,1474.67,1661.0,2022-04-01,137.0,17883.0,1.3283636088892,103.841418362322,376 THOMSON ROAD CUBE 8 SINGAPORE 298130,5.12816729630684,42.0,3,0,3,12,14,4,5.0,1.0,1,0
BIRMINGHAM MANSIONS,1950000.0,1076.4,1812.0,2022-04-01,100.0,19500.0,1.3177326204316,103.844909211296,130 THOMSON ROAD BIRMINGHAM MANSIONS SINGAPORE 307682,3.8999150436492296,42.0,3,2,3,14,14,7,3.0,1.0,0,0
PULLMAN RESIDENCES NEWTON,1484000.0,462.85,3206.0,2022-04-01,43.0,34512.0,1.31467262956125,103.839010845653,"18 DUNEARN ROAD PULLMAN RESIDENCES, NEWTON SINGAPORE 309421",3.747758902511321,42.0,3,1,2,14,10,6,4.0,0.0,0,0
PULLMAN RESIDENCES NEWTON,2041000.0,667.37,3058.0,2022-04-01,62.0,32919.0,1.31467262956125,103.839010845653,"18 DUNEARN ROAD PULLMAN RESIDENCES, NEWTON SINGAPORE 309421",3.747758902511321,42.0,3,1,2,14,10,6,4.0,0.0,0,0
ZEDGE,1245000.0,753.48,1652.0,2022-04-01,70.0,17786.0,1.32242172407521,103.848172032797,2 AKYAB ROAD ZEDGE SINGAPORE 309973,4.370398222376426,42.0,1,3,4,12,14,7,2.0,1.0,0,0
THE SPRINGS,1750000.0,1076.4,1626.0,2022-04-01,100.0,17500.0,1.31911757962448,103.846655980088,3 MOULMEIN RISE THE SPRINGS SINGAPORE 308144,4.022851100975091,42.0,1,2,4,14,12,7,2.0,1.0,0,0
PEAK RESIDENCE,2611200.0,1087.16,2402.0,2022-04-01,101.0,25853.0,1.32534460429599,103.840724426138,333 THOMSON ROAD PEAK RESIDENCE SINGAPORE 307675,4.8198774142707626,42.0,2,0,4,12,14,5,1.0,0.0,1,0
TREVOSE PARK,3130000.0,1657.66,1888.0,2022-04-01,154.0,20325.0,1.32530422394989,103.825473045143,68 TREVOSE CRESCENT TREVOSE PARK SINGAPORE 298069,5.472884262180392,42.0,2,0,0,12,6,5,1.0,1.0,1,0
TRILIGHT,2250000.0,1087.16,2070.0,2022-04-01,101.0,22277.0,1.31447883237245,103.839899712589,7 NEWTON ROAD TRILIGHT SINGAPORE 307945,3.693489005647367,42.0,3,1,2,14,10,5,4.0,1.0,1,0
SETIA RESIDENCES,6800000.0,3347.6,2031.0,2022-04-01,311.0,21865.0,1.31590666330907,103.839947799817,11 EVELYN ROAD SETIA RESIDENCES SINGAPORE 309304,3.8409237752505945,42.0,3,1,2,14,12,6,4.0,1.0,0,0
SOLEIL @ SINARAN,2360000.0,1453.14,1624.0,2022-04-01,135.0,17481.0,1.31960020004528,103.845271738384,2 SINARAN DRIVE SOLEIL @ SINARAN SINGAPORE 307467,4.096964545722665,42.0,1,1,4,14,14,7,6.0,1.0,1,0
MANDALE HEIGHTS,840000.0,570.49,1472.0,2022-04-01,53.0,15849.0,1.32433421345059,103.849717961403,45 MANDALAY ROAD MANDALE HEIGHTS SINGAPORE 308225,4.572750960660567,42.0,2,3,4,12,19,4,1.0,1.0,0,0
ADAM PARK CONDOMINIUM,2750000.0,1453.14,1892.0,2022-04-01,135.0,20370.0,1.32804489589413,103.813395586111,27A ADAM ROAD ADAM PARK CONDOMINIUM SINGAPORE 289900,6.5056226819707295,42.0,3,1,0,13,7,8,1.0,1.0,1,0
PULLMAN RESIDENCES NEWTON,1387680.0,462.85,2998.0,2022-04-01,43.0,32272.0,1.31467262956125,103.839010845653,"18 DUNEARN ROAD PULLMAN RESIDENCES, NEWTON SINGAPORE 309421",3.747758902511321,42.0,3,1,2,14,10,6,3.0,0.0,0,0
ZEDGE,1600000.0,914.94,1749.0,2022-04-01,85.0,18824.0,1.32242172407521,103.848172032797,2 AKYAB ROAD ZEDGE SINGAPORE 309973,4.370398222376426,42.0,1,3,4,12,14,7,2.0,1.0,0,0
IKIGAI,1315000.0,602.78,2179.0,2022-04-01,56.0,23451.0,1.31790382404123,103.847428354915,38 SHREWSBURY ROAD IKIGAI SINGAPORE 307818,3.879900072370961,42.0,2,2,2,14,13,7,1.0,0.0,0,0
DUNEARN SUITES,820000.0,430.56,1904.0,2022-04-01,40.0,20500.0,1.32473351341035,103.810724749056,404 DUNEARN ROAD DUNEARN SUITES SINGAPORE 289609,6.433192326543688,42.0,4,1,0,13,7,8,1.0,1.0,0,0
HILLS APARTMENT,6000000.0,2981.63,2012.0,2022-04-01,277.0,21661.0,1.32116939090482,103.833781779254,48 GOLDHILL AVENUE HILLS APARTMENT SINGAPORE 309030,4.6352125155427,42.0,4,0,0,14,8,3,1.0,1.0,0,0
ADAM PARK CONDOMINIUM,1650000.0,958.0,1722.0,2022-04-01,89.0,18539.0,1.32804489589413,103.813395586111,27A ADAM ROAD ADAM PARK CONDOMINIUM SINGAPORE 289900,6.5056226819707295,42.0,3,1,0,13,7,8,1.0,1.0,1,0
ZEDGE,1518000.0,914.94,1659.0,2022-04-01,85.0,17859.0,1.32242172407521,103.848172032797,2 AKYAB ROAD ZEDGE SINGAPORE 309973,4.370398222376426,42.0,1,3,4,12,14,7,2.0,1.0,0,0
PEAK RESIDENCE,2807040.0,1087.16,2582.0,2022-04-01,101.0,27792.0,1.32534460429599,103.840724426138,333 THOMSON ROAD PEAK RESIDENCE SINGAPORE 307675,4.8198774142707626,42.0,2,0,4,12,14,5,1.0,0.0,1,0
PEAK RESIDENCE,2611200.0,1087.16,2402.0,2022-04-01,101.0,25853.0,1.32534460429599,103.840724426138,333 THOMSON ROAD PEAK RESIDENCE SINGAPORE 307675,4.8198774142707626,42.0,2,0,4,12,14,5,1.0,0.0,1,0
THE ARCADIA,4300000.0,3713.58,1158.0,2022-04-01,345.0,12464.0,1.33337474399547,103.811275631559,235 ARCADIA ROAD THE ARCADIA SINGAPORE 289843,7.111379394487015,42.0,1,0,0,9,6,5,2.0,1.0,1,0
SKY@ELEVEN,4650000.0,2271.2,2047.0,2022-04-01,211.0,22038.0,1.33127079751604,103.841021896647,7 THOMSON LANE SKY@ELEVEN SINGAPORE 297725,5.451828930281204,42.0,4,1,3,12,15,2,5.0,1.0,1,0
FYVE DERBYSHIRE,1689000.0,656.6,2572.0,2022-04-01,61.0,27689.0,1.3162773675544,103.845724040655,5 DERBYSHIRE ROAD FYVE DERBYSHIRE SINGAPORE 309461,3.7261930135692727,42.0,3,2,2,14,13,7,3.0,0.0,0,0
BIRMINGHAM MANSIONS,1880000.0,1065.64,1764.0,2022-04-01,99.0,18990.0,1.3177326204316,103.844909211296,130 THOMSON ROAD BIRMINGHAM MANSIONS SINGAPORE 307682,3.8999150436492296,42.0,3,2,3,14,14,7,3.0,1.0,0,0
ORCHID APARTMENTS,2300000.0,1356.26,1696.0,2022-04-01,126.0,18254.0,1.33377941780318,103.798570834569,42 ENG NEO AVENUE ORCHID APARTMENTS SINGAPORE 289533,8.097727085030213,42.0,1,0,0,5,6,3,1.0,1.0,0,0
THE ARMADALE,1550000.0,1184.04,1309.0,2022-04-01,110.0,14091.0,1.31856765330093,103.840268808403,60 GILSTEAD ROAD THE ARMADALE SINGAPORE 309104,4.1102218338608845,42.0,3,1,3,14,13,7,1.0,1.0,0,0
RESIDENCES @ EVELYN,2318000.0,1108.69,2091.0,2022-04-01,103.0,22505.0,1.31548497427322,103.839467418834,17 EVELYN ROAD RESIDENCES @ EVELYN SINGAPORE 309306,3.814435565431148,42.0,3,1,2,14,12,6,4.0,1.0,1,0
THE GLYNDEBOURNE,5780000.0,3164.62,1826.0,2022-04-01,294.0,19660.0,1.32222533352038,103.823597825035,38 TREVOSE CRESCENT THE GLYNDEBOURNE SINGAPORE 297722,5.30213333703159,42.0,4,0,0,14,6,4,1.0,1.0,1,0
THE HUNTINGTON,2080000.0,1151.75,1806.0,2022-04-01,107.0,19439.0,1.31880224228412,103.845318707665,190 MOULMEIN ROAD THE HUNTINGTON SINGAPORE 308095,4.009000992775222,42.0,2,2,4,14,14,7,1.0,1.0,0,0
SOLEIL @ SINARAN,1800000.0,958.0,1879.0,2022-04-01,89.0,20225.0,1.31960020004528,103.845271738384,2 SINARAN DRIVE SOLEIL @ SINARAN SINGAPORE 307467,4.096964545722665,42.0,1,1,4,14,14,7,6.0,1.0,1,0
PEAK RESIDENCE,1874600.0,807.3,2322.0,2022-04-01,75.0,24995.0,1.32534460429599,103.840724426138,333 THOMSON ROAD PEAK RESIDENCE SINGAPORE 307675,4.8198774142707626,42.0,2,0,4,12,14,5,1.0,0.0,1,0
10 EVELYN,1269112.0,495.14,2563.0,2022-04-01,46.0,27589.0,1.31615491830399,103.840533848314,10 EVELYN ROAD 10 EVELYN SINGAPORE 309312,3.846689837882823,42.0,3,1,2,14,13,8,1.0,0.0,0,0
PULLMAN RESIDENCES NEWTON,1849000.0,667.37,2771.0,2022-04-01,62.0,29823.0,1.31467262956125,103.839010845653,"18 DUNEARN ROAD PULLMAN RESIDENCES, NEWTON SINGAPORE 309421",3.747758902511321,42.0,3,1,2,14,10,6,1.0,0.0,0,0
PULLMAN RESIDENCES NEWTON,2028000.0,667.37,3039.0,2022-04-01,62.0,32710.0,1.31467262956125,103.839010845653,"18 DUNEARN ROAD PULLMAN RESIDENCES, NEWTON SINGAPORE 309421",3.747758902511321,42.0,3,1,2,14,10,6,4.0,0.0,0,0
35 GILSTEAD,3430980.0,1614.6,2125.0,2022-04-01,150.0,22873.0,1.31711023904743,103.837956844749,35 GILSTEAD ROAD 35 GILSTEAD SINGAPORE 309079,4.041420945749914,42.0,3,1,2,14,12,6,1.0,0.0,0,0
PULLMAN RESIDENCES NEWTON,1882580.0,667.37,2821.0,2022-04-01,62.0,30364.0,1.31467262956125,103.839010845653,"18 DUNEARN ROAD PULLMAN RESIDENCES, NEWTON SINGAPORE 309421",3.747758902511321,42.0,3,1,2,14,10,6,2.0,0.0,0,0
18 SHELFORD,3900000.0,2088.22,1868.0,2022-04-01,194.0,20103.0,1.32731952558617,103.812831770778,18 SHELFORD ROAD 18 SHELFORD SINGAPORE 288407,6.4853449338411195,42.0,3,1,0,13,7,8,1.0,1.0,0,0
SOLEIL @ SINARAN,1855888.0,958.0,1937.0,2022-04-01,89.0,20853.0,1.31960020004528,103.845271738384,2 SINARAN DRIVE SOLEIL @ SINARAN SINGAPORE 307467,4.096964545722665,42.0,1,1,4,14,14,7,5.0,1.0,1,0
VIVA,2410000.0,958.0,2516.0,2022-04-01,89.0,27079.0,1.31565586377638,103.844444721095,2 SUFFOLK WALK VIVA SINGAPORE 307462,3.683877967605451,42.0,3,2,2,14,13,6,4.0,1.0,1,0
SKY@ELEVEN,4700000.0,2271.2,2069.0,2022-04-01,211.0,22275.0,1.33127079751604,103.841021896647,7 THOMSON LANE SKY@ELEVEN SINGAPORE 297725,5.451828930281204,42.0,4,1,3,12,15,2,9.0,1.0,1,0
PULLMAN RESIDENCES NEWTON,1904000.0,667.37,2853.0,2022-03-01,62.0,30710.0,1.31467262956125,103.839010845653,"18 DUNEARN ROAD PULLMAN RESIDENCES, NEWTON SINGAPORE 309421",3.747758902511321,43.0,3,1,2,14,10,6,2.0,0.0,0,0
PEAK RESIDENCE,2556800.0,1087.16,2352.0,2022-03-01,101.0,25315.0,1.32534460429599,103.840724426138,333 THOMSON ROAD PEAK RESIDENCE SINGAPORE 307675,4.8198774142707626,43.0,2,0,4,12,14,5,1.0,0.0,1,0
DERBYSHIRE HEIGHTS,1870000.0,1291.68,1448.0,2022-03-01,120.0,15583.0,1.31612341185444,103.845518779011,3 DERBYSHIRE ROAD DERBYSHIRE HEIGHTS SINGAPORE 309459,3.7130675479522552,43.0,3,2,2,14,13,7,2.0,1.0,0,0
PULLMAN RESIDENCES NEWTON,1372000.0,462.85,2964.0,2022-03-01,43.0,31907.0,1.31467262956125,103.839010845653,"18 DUNEARN ROAD PULLMAN RESIDENCES, NEWTON SINGAPORE 309421",3.747758902511321,43.0,3,1,2,14,10,6,3.0,0.0,0,0
THE TREVOSE,2050000.0,1270.15,1614.0,2022-03-01,118.0,17373.0,1.32302176043306,103.82529938582,60 TREVOSE CRESCENT THE TREVOSE SINGAPORE 298090,5.269266023284268,43.0,3,0,0,13,6,5,1.0,1.0,1,0
PAVILION 11,2850000.0,1485.43,1919.0,2022-03-01,138.0,20652.0,1.32458602112842,103.848173371262,23 AKYAB ROAD PAVILION 11 SINGAPORE 309978,4.609115779437775,43.0,2,3,5,12,18,5,5.0,1.0,1,0
ROSEVALE,2550000.0,1399.32,1822.0,2022-03-01,130.0,19615.0,1.31596822029115,103.84339151806,32 LINCOLN ROAD ROSEVALE SINGAPORE 308362,3.742505102828654,43.0,3,2,2,14,13,7,1.0,1.0,0,0
THE SPINNAKER,2100000.0,1280.92,1639.0,2022-03-01,119.0,17647.0,1.31408342873893,103.843984943567,13 SUFFOLK ROAD THE SPINNAKER SINGAPORE 307788,3.524598413114717,43.0,4,2,2,14,11,6,2.0,1.0,0,0
35 GILSTEAD,1798000.0,742.72,2421.0,2022-03-01,69.0,26058.0,1.31711023904743,103.837956844749,35 GILSTEAD ROAD 35 GILSTEAD SINGAPORE 309079,4.041420945749914,43.0,3,1,2,14,12,6,1.0,0.0,0,0
35 GILSTEAD,1790000.0,742.72,2410.0,2022-03-01,69.0,25942.0,1.31711023904743,103.837956844749,35 GILSTEAD ROAD 35 GILSTEAD SINGAPORE 309079,4.041420945749914,43.0,3,1,2,14,12,6,1.0,0.0,0,0
CITY EDGE,1480000.0,828.83,1786.0,2022-03-01,77.0,19221.0,1.31953328897071,103.84662602278,18 MOULMEIN RISE CITY EDGE SINGAPORE 308133,4.068886226265154,43.0,1,2,4,14,13,7,3.0,1.0,0,0
PULLMAN RESIDENCES NEWTON,3343760.0,1162.51,2876.0,2022-03-01,108.0,30961.0,1.31467262956125,103.839010845653,"18 DUNEARN ROAD PULLMAN RESIDENCES, NEWTON SINGAPORE 309421",3.747758902511321,43.0,3,1,2,14,10,6,3.0,0.0,0,0
SOLEIL @ SINARAN,1042000.0,581.26,1793.0,2022-03-01,54.0,19296.0,1.31960020004528,103.845271738384,2 SINARAN DRIVE SOLEIL @ SINARAN SINGAPORE 307467,4.096964545722665,43.0,1,1,4,14,14,7,1.0,1.0,1,0
THOMSON 800,2595000.0,1625.36,1597.0,2022-03-01,151.0,17185.0,1.3411028334318,103.838741075921,808 THOMSON ROAD THOMSON 800 SINGAPORE 298190,6.567971581242121,43.0,4,1,0,13,13,2,1.0,1.0,1,0
APLETON VIEW,2760000.0,1851.41,1491.0,2022-03-01,172.0,16047.0,1.31906972390327,103.846101471001,71 SINARAN DRIVE APLETON VIEW SINGAPORE 308323,4.025490053197462,43.0,1,1,4,14,12,7,3.0,1.0,0,0
THE TREVOSE,1962500.0,1280.92,1532.0,2022-03-01,119.0,16492.0,1.32302176043306,103.82529938582,60 TREVOSE CRESCENT THE TREVOSE SINGAPORE 298090,5.269266023284268,43.0,3,0,0,13,6,5,1.0,1.0,1,0
PULLMAN RESIDENCES NEWTON,2019000.0,667.37,3025.0,2022-03-01,62.0,32565.0,1.31467262956125,103.839010845653,"18 DUNEARN ROAD PULLMAN RESIDENCES, NEWTON SINGAPORE 309421",3.747758902511321,43.0,3,1,2,14,10,6,4.0,0.0,0,0
MIRO,3150000.0,1937.52,1626.0,2022-03-01,180.0,17500.0,1.31393361941559,103.842380394708,1 LINCOLN ROAD MIRO SINGAPORE 308365,3.5524517086546736,43.0,3,2,2,14,11,6,4.0,1.0,0,0
THE LINCOLN MODERN,2350000.0,1377.79,1706.0,2022-03-01,128.0,18359.0,1.31532312585557,103.843055868846,20 LINCOLN ROAD THE LINCOLN MODERN SINGAPORE 308353,3.681849969048285,43.0,3,2,2,14,13,6,3.0,1.0,0,0
THOMSON EURO-ASIA,2655000.0,1291.68,2055.0,2022-03-01,120.0,22125.0,1.31805872665983,103.844682051372,150 THOMSON ROAD THOMSON EURO-ASIA SINGAPORE 307605,3.9398634725298134,43.0,3,2,3,14,14,7,2.0,1.0,1,0
PEAK RESIDENCE,1310000.0,538.2,2434.0,2022-03-01,50.0,26200.0,1.32534460429599,103.840724426138,333 THOMSON ROAD PEAK RESIDENCE SINGAPORE 307675,4.8198774142707626,43.0,2,0,4,12,14,5,1.0,0.0,1,0
35 GILSTEAD,1434000.0,559.73,2562.0,2022-03-01,52.0,27577.0,1.31711023904743,103.837956844749,35 GILSTEAD ROAD 35 GILSTEAD SINGAPORE 309079,4.041420945749914,43.0,3,1,2,14,12,6,1.0,0.0,0,0
PULLMAN RESIDENCES NEWTON,2059000.0,667.37,3085.0,2022-03-01,62.0,33210.0,1.31467262956125,103.839010845653,"18 DUNEARN ROAD PULLMAN RESIDENCES, NEWTON SINGAPORE 309421",3.747758902511321,43.0,3,1,2,14,10,6,4.0,0.0,0,0
PULLMAN RESIDENCES NEWTON,4129000.0,1377.79,2997.0,2022-03-01,128.0,32258.0,1.31467262956125,103.839010845653,"18 DUNEARN ROAD PULLMAN RESIDENCES, NEWTON SINGAPORE 309421",3.747758902511321,43.0,3,1,2,14,10,6,4.0,0.0,0,0
PULLMAN RESIDENCES NEWTON,1903000.0,667.37,2852.0,2022-03-01,62.0,30694.0,1.31467262956125,103.839010845653,"18 DUNEARN ROAD PULLMAN RESIDENCES, NEWTON SINGAPORE 309421",3.747758902511321,43.0,3,1,2,14,10,6,2.0,0.0,0,0
THE LINCOLN RESIDENCES,2700000.0,1323.97,2039.0,2022-03-01,123.0,21951.0,1.31537475902919,103.842399874258,28 SURREY ROAD THE LINCOLN RESIDENCES SINGAPORE 307762,3.70557482758304,43.0,3,2,2,14,13,6,3.0,1.0,1,0
MIRO,2650000.0,1700.71,1558.0,2022-03-01,158.0,16772.0,1.31393361941559,103.842380394708,1 LINCOLN ROAD MIRO SINGAPORE 308365,3.5524517086546736,43.0,3,2,2,14,11,6,1.0,1.0,0,0
PAVILION 11,2780000.0,1485.43,1872.0,2022-03-01,138.0,20145.0,1.32458602112842,103.848173371262,23 AKYAB ROAD PAVILION 11 SINGAPORE 309978,4.609115779437775,43.0,2,3,5,12,18,5,5.0,1.0,1,0
PULLMAN RESIDENCES NEWTON,3245000.0,1162.51,2791.0,2022-03-01,108.0,30046.0,1.31467262956125,103.839010845653,"18 DUNEARN ROAD PULLMAN RESIDENCES, NEWTON SINGAPORE 309421",3.747758902511321,43.0,3,1,2,14,10,6,2.0,0.0,0,0
PULLMAN RESIDENCES NEWTON,3970000.0,1377.79,2881.0,2022-03-01,128.0,31016.0,1.31467262956125,103.839010845653,"18 DUNEARN ROAD PULLMAN RESIDENCES, NEWTON SINGAPORE 309421",3.747758902511321,43.0,3,1,2,14,10,6,3.0,0.0,0,0
SOLEIL @ SINARAN,2820000.0,1485.43,1898.0,2022-03-01,138.0,20435.0,1.31960020004528,103.845271738384,2 SINARAN DRIVE SOLEIL @ SINARAN SINGAPORE 307467,4.096964545722665,43.0,1,1,4,14,14,7,5.0,1.0,1,0
6 DERBYSHIRE,1583000.0,731.95,2163.0,2022-03-01,68.0,23279.0,1.31568172551155,103.845880417376,6 DERBYSHIRE ROAD 6 DERBYSHIRE SINGAPORE 309462,3.6584167943606625,43.0,3,2,2,14,13,6,2.0,1.0,1,0
35 GILSTEAD,1236000.0,473.62,2610.0,2022-03-01,44.0,28091.0,1.31711023904743,103.837956844749,35 GILSTEAD ROAD 35 GILSTEAD SINGAPORE 309079,4.041420945749914,43.0,3,1,2,14,12,6,1.0,0.0,0,0
ONE AKYAB,2400000.0,1829.88,1312.0,2022-03-01,170.0,14118.0,1.32272793298026,103.847658788312,1 AKYAB ROAD ONE AKYAB SINGAPORE 309972,4.408619970701734,43.0,1,3,4,12,14,6,1.0,1.0,0,0
PULLMAN RESIDENCES NEWTON,2079000.0,667.37,3115.0,2022-03-01,62.0,33532.0,1.31467262956125,103.839010845653,"18 DUNEARN ROAD PULLMAN RESIDENCES, NEWTON SINGAPORE 309421",3.747758902511321,43.0,3,1,2,14,10,6,4.0,0.0,0,0
L'VIV,1295000.0,613.55,2111.0,2022-03-01,57.0,22719.0,1.31544838531983,103.840354841468,23 NEWTON ROAD L'VIV SINGAPORE 307955,3.778505845346688,43.0,3,1,2,14,12,6,4.0,1.0,0,0
THE SPINNAKER,2230000.0,1270.15,1756.0,2022-03-01,118.0,18898.0,1.31408342873893,103.843984943567,13 SUFFOLK ROAD THE SPINNAKER SINGAPORE 307788,3.524598413114717,43.0,4,2,2,14,11,6,3.0,1.0,0,0
SHELFORD SUITES,2400000.0,1291.68,1858.0,2022-03-01,120.0,20000.0,1.32660135432463,103.812654850327,16 SHELFORD ROAD SHELFORD SUITES SINGAPORE 288383,6.438582001199515,43.0,3,1,0,13,7,8,1.0,1.0,1,0
SOLEIL @ SINARAN,3408000.0,1722.24,1979.0,2022-03-01,160.0,21300.0,1.31960020004528,103.845271738384,2 SINARAN DRIVE SOLEIL @ SINARAN SINGAPORE 307467,4.096964545722665,43.0,1,1,4,14,14,7,6.0,1.0,1,0
NEWTON 18,1870000.0,925.7,2020.0,2022-03-01,86.0,21744.0,1.31429426375311,103.841150697585,18 NEWTON ROAD NEWTON 18 SINGAPORE 307989,3.6298212404791177,43.0,3,1,2,14,10,6,6.0,1.0,0,0
FYVE DERBYSHIRE,1692650.0,656.6,2578.0,2022-03-01,61.0,27748.0,1.3162773675544,103.845724040655,5 DERBYSHIRE ROAD FYVE DERBYSHIRE SINGAPORE 309461,3.7261930135692727,43.0,3,2,2,14,13,7,3.0,0.0,0,0
MONARCHY APARTMENTS,1500000.0,1162.51,1290.0,2022-03-01,108.0,13889.0,1.32479229453516,103.85012690661,51 MANDALAY ROAD MONARCHY APARTMENTS SINGAPORE 308231,4.622198166120569,43.0,2,3,4,12,19,4,3.0,1.0,0,0
26 NEWTON,1765736.0,775.01,2278.0,2022-03-01,72.0,24524.0,1.3156928164724,103.841615456446,26 NEWTON ROAD 26 NEWTON SINGAPORE 307957,3.762851610410245,43.0,3,2,2,14,13,6,2.0,1.0,0,0
ROCHELLE AT NEWTON,2540000.0,1506.96,1686.0,2022-03-01,140.0,18143.0,1.31404425678498,103.841922909924,188 KENG LEE ROAD ROCHELLE AT NEWTON SINGAPORE 308414,3.578271566582672,43.0,3,2,2,14,11,6,2.0,1.0,1,0
PARK INFINIA AT WEE NAM,2250000.0,893.41,2518.0,2022-03-01,83.0,27108.0,1.31441386999901,103.843291191875,2A LINCOLN ROAD PARK INFINIA AT WEE NAM SINGAPORE 308364,3.57796230174373,43.0,3,2,2,14,11,6,6.0,1.0,1,0
PULLMAN RESIDENCES NEWTON,3298680.0,1162.51,2838.0,2022-03-01,108.0,30543.0,1.31467262956125,103.839010845653,"18 DUNEARN ROAD PULLMAN RESIDENCES, NEWTON SINGAPORE 309421",3.747758902511321,43.0,3,1,2,14,10,6,3.0,0.0,0,0
MANDALAY TOWERS,3200000.0,2508.01,1276.0,2022-03-01,233.0,13734.0,1.32383858491685,103.848790804964,39 MANDALAY ROAD MANDALAY TOWERS SINGAPORE 308216,4.522408609033999,43.0,2,3,5,12,17,5,2.0,1.0,0,0
35 GILSTEAD,1237000.0,484.38,2554.0,2022-03-01,45.0,27489.0,1.31711023904743,103.837956844749,35 GILSTEAD ROAD 35 GILSTEAD SINGAPORE 309079,4.041420945749914,43.0,3,1,2,14,12,6,1.0,0.0,0,0
ROCHELLE AT NEWTON,3400000.0,1862.17,1826.0,2022-03-01,173.0,19653.0,1.31404425678498,103.841922909924,188 KENG LEE ROAD ROCHELLE AT NEWTON SINGAPORE 308414,3.578271566582672,43.0,3,2,2,14,11,6,4.0,1.0,1,0
STRATA,975000.0,505.91,1927.0,2022-02-01,47.0,20745.0,1.31740976334811,103.844913840423,1 ESSEX ROAD STRATA SINGAPORE 309329,3.864673219206803,44.0,3,2,3,14,14,7,2.0,1.0,0,0
35 GILSTEAD,1783000.0,699.66,2548.0,2022-02-01,65.0,27431.0,1.31711023904743,103.837956844749,35 GILSTEAD ROAD 35 GILSTEAD SINGAPORE 309079,4.041420945749914,44.0,3,1,2,14,12,6,1.0,0.0,0,0
SOLEIL @ SINARAN,1850000.0,936.47,1976.0,2022-02-01,87.0,21264.0,1.31960020004528,103.845271738384,2 SINARAN DRIVE SOLEIL @ SINARAN SINGAPORE 307467,4.096964545722665,44.0,1,1,4,14,14,7,5.0,1.0,1,0
8 BASSEIN,800000.0,430.56,1858.0,2022-02-01,40.0,20000.0,1.32353748014389,103.848108217465,8 BASSEIN ROAD 8 BASSEIN SINGAPORE 309838,4.493964280091297,44.0,2,3,5,12,14,6,2.0,1.0,0,0
SOLEIL @ SINARAN,2061888.0,1431.61,1440.0,2022-02-01,133.0,15503.0,1.31960020004528,103.845271738384,2 SINARAN DRIVE SOLEIL @ SINARAN SINGAPORE 307467,4.096964545722665,44.0,1,1,4,14,14,7,3.0,1.0,1,0
LA SUISSE,2268000.0,1679.18,1351.0,2022-02-01,156.0,14538.0,1.34663071510795,103.789436674932,1 SWISS VIEW LA SUISSE SINGAPORE 288007,9.820715471095133,44.0,0,0,0,1,1,2,1.0,1.0,1,0
10 SHELFORD,815000.0,430.56,1893.0,2022-02-01,40.0,20375.0,1.32580825364563,103.812516919467,10 SHELFORD ROAD 10 SHELFORD SINGAPORE 288353,6.383468750218335,44.0,3,1,0,13,7,8,1.0,1.0,0,0
SOLEIL @ SINARAN,2210000.0,1097.93,2013.0,2022-02-01,102.0,21667.0,1.31960020004528,103.845271738384,2 SINARAN DRIVE SOLEIL @ SINARAN SINGAPORE 307467,4.096964545722665,44.0,1,1,4,14,14,7,7.0,1.0,1,0
MULBERRY TREE,808000.0,441.32,1831.0,2022-02-01,41.0,19707.0,1.31818439913906,103.846394220029,167 MOULMEIN ROAD MULBERRY TREE SINGAPORE 308092,3.9241311123236895,44.0,1,1,4,14,13,7,1.0,1.0,0,0
THE LINCOLN RESIDENCES,2700000.0,1280.92,2108.0,2022-02-01,119.0,22689.0,1.31537475902919,103.842399874258,28 SURREY ROAD THE LINCOLN RESIDENCES SINGAPORE 307762,3.70557482758304,44.0,3,2,2,14,13,6,6.0,1.0,1,0
CUBE 8,983888.0,559.73,1758.0,2022-02-01,52.0,18921.0,1.3283636088892,103.841418362322,376 THOMSON ROAD CUBE 8 SINGAPORE 298130,5.12816729630684,44.0,3,0,3,12,14,4,4.0,1.0,1,0
NOVENA SUITES,1160000.0,667.37,1738.0,2022-02-01,62.0,18710.0,1.32005187342709,103.852519734445,201 BALESTIER ROAD HOLIDAY INN EXPRESS & SUITES SINGAPORE NOVENA SINGAPORE 329926,4.100494883617021,44.0,2,3,1,13,16,3,2.0,1.0,0,0
FYVE DERBYSHIRE,1670000.0,656.6,2543.0,2022-02-01,61.0,27377.0,1.3162773675544,103.845724040655,5 DERBYSHIRE ROAD FYVE DERBYSHIRE SINGAPORE 309461,3.7261930135692727,44.0,3,2,2,14,13,7,3.0,0.0,0,0
10 SHELFORD,800000.0,452.09,1770.0,2022-02-01,42.0,19048.0,1.32580825364563,103.812516919467,10 SHELFORD ROAD 10 SHELFORD SINGAPORE 288353,6.383468750218335,44.0,3,1,0,13,7,8,1.0,1.0,0,0
CUBE 8,1430888.0,893.41,1602.0,2022-02-01,83.0,17240.0,1.3283636088892,103.841418362322,376 THOMSON ROAD CUBE 8 SINGAPORE 298130,5.12816729630684,44.0,3,0,3,12,14,4,3.0,1.0,1,0
368 THOMSON,1615000.0,871.88,1852.0,2022-02-01,81.0,19938.0,1.3270913316471,103.841978573745,368 THOMSON ROAD 368 THOMSON SINGAPORE 298127,4.977697388092409,44.0,3,0,3,12,16,4,4.0,1.0,1,0
SHELFORD SUITES,2500000.0,1442.38,1733.0,2022-02-01,134.0,18657.0,1.32660135432463,103.812654850327,16 SHELFORD ROAD SHELFORD SUITES SINGAPORE 288383,6.438582001199515,44.0,3,1,0,13,7,8,1.0,1.0,1,0
35 GILSTEAD,2397000.0,925.7,2589.0,2022-02-01,86.0,27872.0,1.31711023904743,103.837956844749,35 GILSTEAD ROAD 35 GILSTEAD SINGAPORE 309079,4.041420945749914,44.0,3,1,2,14,12,6,1.0,0.0,0,0
PULLMAN RESIDENCES NEWTON,1947296.0,667.37,2918.0,2022-02-01,62.0,31408.0,1.31467262956125,103.839010845653,"18 DUNEARN ROAD PULLMAN RESIDENCES, NEWTON SINGAPORE 309421",3.747758902511321,44.0,3,1,2,14,10,6,3.0,0.0,0,0
NOVENA LODGE,1268888.0,731.95,1734.0,2022-02-01,68.0,18660.0,1.32357151793004,103.841133415932,2 JALAN MERLIMAU NOVENA LODGE SINGAPORE 308729,4.618618198372852,44.0,2,0,4,13,13,5,1.0,1.0,1,0
PULLMAN RESIDENCES NEWTON,1870912.0,667.37,2803.0,2022-02-01,62.0,30176.0,1.31467262956125,103.839010845653,"18 DUNEARN ROAD PULLMAN RESIDENCES, NEWTON SINGAPORE 309421",3.747758902511321,44.0,3,1,2,14,10,6,2.0,0.0,0,0
THE TREVOSE,1460000.0,1011.82,1443.0,2022-02-01,94.0,15532.0,1.32302176043306,103.82529938582,60 TREVOSE CRESCENT THE TREVOSE SINGAPORE 298090,5.269266023284268,44.0,3,0,0,13,6,5,1.0,1.0,1,0
ROCHELLE AT NEWTON,1830000.0,1011.82,1809.0,2022-02-01,94.0,19468.0,1.31404425678498,103.841922909924,188 KENG LEE ROAD ROCHELLE AT NEWTON SINGAPORE 308414,3.578271566582672,44.0,3,2,2,14,11,6,4.0,1.0,1,0
LUCIDA,1670000.0,1065.64,1567.0,2022-02-01,99.0,16869.0,1.31464830253379,103.844819093226,2 SUFFOLK ROAD LUCIDA SINGAPORE 307780,3.566471950535546,44.0,4,2,2,14,11,6,2.0,1.0,0,0
35 GILSTEAD,1271000.0,484.38,2624.0,2022-02-01,45.0,28244.0,1.31711023904743,103.837956844749,35 GILSTEAD ROAD 35 GILSTEAD SINGAPORE 309079,4.041420945749914,44.0,3,1,2,14,12,6,1.0,0.0,0,0
D'EVELYN,1768000.0,1087.16,1626.0,2022-02-01,101.0,17505.0,1.31675903918365,103.839662106935,18 EVELYN ROAD D' EVELYN SINGAPORE 309307,3.9403934920901262,44.0,3,1,2,14,12,7,1.0,1.0,0,0
SHELFORD 23,2750000.0,1765.3,1558.0,2022-02-01,164.0,16768.0,1.3278356548858,103.812234495947,23 SHELFORD ROAD SHELFORD 23 SINGAPORE 288413,6.572019942767589,44.0,3,1,0,13,7,8,1.0,1.0,0,0
HILLCREST ARCADIA,2280000.0,1969.81,1157.0,2022-02-01,183.0,12459.0,1.33377798542711,103.808806606762,255 ARCADIA ROAD HILLCREST ARCADIA SINGAPORE 289850,7.319529262671842,44.0,1,0,0,9,6,5,2.0,1.0,1,0
SOLEIL @ SINARAN,1738000.0,958.0,1814.0,2022-02-01,89.0,19528.0,1.31960020004528,103.845271738384,2 SINARAN DRIVE SOLEIL @ SINARAN SINGAPORE 307467,4.096964545722665,44.0,1,1,4,14,14,7,2.0,1.0,1,0
PEAK RESIDENCE,1260000.0,538.2,2341.0,2022-02-01,50.0,25200.0,1.32534460429599,103.840724426138,333 THOMSON ROAD PEAK RESIDENCE SINGAPORE 307675,4.8198774142707626,44.0,2,0,4,12,14,5,1.0,0.0,1,0
PEAK RESIDENCE,1347500.0,527.44,2555.0,2022-02-01,49.0,27500.0,1.32534460429599,103.840724426138,333 THOMSON ROAD PEAK RESIDENCE SINGAPORE 307675,4.8198774142707626,44.0,2,0,4,12,14,5,1.0,0.0,1,0
35 GILSTEAD,1450000.0,548.96,2641.0,2022-01-01,51.0,28431.0,1.31711023904743,103.837956844749,35 GILSTEAD ROAD 35 GILSTEAD SINGAPORE 309079,4.041420945749914,45.0,3,1,2,14,12,6,1.0,0.0,0,0
PULLMAN RESIDENCES NEWTON,1380864.0,462.85,2983.0,2022-01-01,43.0,32113.0,1.31467262956125,103.839010845653,"18 DUNEARN ROAD PULLMAN RESIDENCES, NEWTON SINGAPORE 309421",3.747758902511321,45.0,3,1,2,14,10,6,3.0,0.0,0,0
ROCHELLE AT NEWTON,1802000.0,1011.82,1781.0,2022-01-01,94.0,19170.0,1.31404425678498,103.841922909924,188 KENG LEE ROAD ROCHELLE AT NEWTON SINGAPORE 308414,3.578271566582672,45.0,3,2,2,14,11,6,3.0,1.0,1,0
SHELFORD SUITES,2300000.0,1291.68,1781.0,2022-01-01,120.0,19167.0,1.32660135432463,103.812654850327,16 SHELFORD ROAD SHELFORD SUITES SINGAPORE 288383,6.438582001199515,45.0,3,1,0,13,7,8,1.0,1.0,1,0
MANDALAY MANSION,2450000.0,2088.22,1173.0,2022-01-01,194.0,12629.0,1.3238494392232,103.849267497709,15 MINBU ROAD MANDALAY MANSION SINGAPORE 308166,4.521033989758252,45.0,2,3,5,12,17,4,1.0,1.0,0,0
SOLEIL @ SINARAN,3088888.0,1463.9,2110.0,2022-01-01,136.0,22712.0,1.31960020004528,103.845271738384,2 SINARAN DRIVE SOLEIL @ SINARAN SINGAPORE 307467,4.096964545722665,45.0,1,1,4,14,14,7,6.0,1.0,1,0
PAVILION 11,2628000.0,1485.43,1769.0,2022-01-01,138.0,19043.0,1.32458602112842,103.848173371262,23 AKYAB ROAD PAVILION 11 SINGAPORE 309978,4.609115779437775,45.0,2,3,5,12,18,5,3.0,1.0,1,0
PEAK RESIDENCE,1300000.0,527.44,2465.0,2022-01-01,49.0,26531.0,1.32534460429599,103.840724426138,333 THOMSON ROAD PEAK RESIDENCE SINGAPORE 307675,4.8198774142707626,45.0,2,0,4,12,14,5,1.0,0.0,1,0
THOMSON EURO-ASIA,2750000.0,1291.68,2129.0,2022-01-01,120.0,22917.0,1.31805872665983,103.844682051372,150 THOMSON ROAD THOMSON EURO-ASIA SINGAPORE 307605,3.9398634725298134,45.0,3,2,3,14,14,7,5.0,1.0,1,0
WATTEN HILL,4038000.0,2626.42,1537.0,2022-01-01,244.0,16549.0,1.33080602433021,103.809520144553,48 WATTEN VIEW WATTEN HILL SINGAPORE 287179,7.018102241408999,45.0,1,1,0,11,6,5,,1.0,1,0
SHELFORD REGENCY,1960000.0,1151.75,1702.0,2022-01-01,107.0,18318.0,1.32659730501812,103.811332907782,65 SHELFORD ROAD SHELFORD REGENCY SINGAPORE 288455,6.53669061517323,45.0,3,1,0,13,7,8,1.0,1.0,1,0
SOLEIL @ SINARAN,2800000.0,1485.43,1885.0,2022-01-01,138.0,20290.0,1.31960020004528,103.845271738384,2 SINARAN DRIVE SOLEIL @ SINARAN SINGAPORE 307467,4.096964545722665,45.0,1,1,4,14,14,7,5.0,1.0,1,0
SUITES @ SURREY,1730000.0,925.7,1869.0,2022-01-01,86.0,20116.0,1.31595167560923,103.841854612829,6 SURREY ROAD SUITES @ SURREY SINGAPORE 307745,3.783111193822046,45.0,3,2,2,14,13,7,1.0,1.0,0,0
1 MOULMEIN RISE,2420000.0,1248.62,1938.0,2022-01-01,116.0,20862.0,1.31908636997896,103.847053580169,1 MOULMEIN RISE 1 MOULMEIN RISE SINGAPORE 308143,4.014343248034238,45.0,1,3,4,14,12,7,4.0,1.0,0,0
PULLMAN RESIDENCES NEWTON,1960000.0,667.37,2937.0,2022-01-01,62.0,31613.0,1.31467262956125,103.839010845653,"18 DUNEARN ROAD PULLMAN RESIDENCES, NEWTON SINGAPORE 309421",3.747758902511321,45.0,3,1,2,14,10,6,3.0,0.0,0,0
NOVENA COURT,1150000.0,775.01,1484.0,2022-01-01,72.0,15972.0,1.32292732467511,103.842114483993,2E JALAN NOVENA BARAT NOVENA COURT SINGAPORE 308603,4.524348727321245,45.0,1,0,4,13,13,4,1.0,1.0,0,0
BUCKLEY CLASSIQUE,2800000.0,1410.08,1986.0,2022-01-01,131.0,21374.0,1.3179599892541,103.840328123302,11 BUCKLEY ROAD BUCKLEY CLASSIQUE SINGAPORE 309767,4.044031983866686,45.0,3,1,3,14,13,7,1.0,1.0,1,0
THOMSON 800,2770000.0,1625.36,1704.0,2022-01-01,151.0,18344.0,1.3411028334318,103.838741075921,808 THOMSON ROAD THOMSON 800 SINGAPORE 298190,6.567971581242121,45.0,4,1,0,13,13,2,2.0,1.0,1,0
NEWTON 18,1210000.0,613.55,1972.0,2022-01-01,57.0,21228.0,1.31429426375311,103.841150697585,18 NEWTON ROAD NEWTON 18 SINGAPORE 307989,3.6298212404791177,45.0,3,1,2,14,10,6,5.0,1.0,0,0
AMARYLLIS VILLE,1750000.0,979.52,1787.0,2022-01-01,91.0,19231.0,1.31478233515073,103.841958399488,22 NEWTON ROAD AMARYLLIS VILLE SINGAPORE 307990,3.655547978307824,45.0,3,2,2,14,13,6,2.0,1.0,1,0
35 GILSTEAD,2627000.0,1065.64,2465.0,2022-01-01,99.0,26535.0,1.31711023904743,103.837956844749,35 GILSTEAD ROAD 35 GILSTEAD SINGAPORE 309079,4.041420945749914,45.0,3,1,2,14,12,6,1.0,0.0,0,0
THE ARMADALE,1150000.0,678.13,1696.0,2022-01-01,63.0,18254.0,1.31856765330093,103.840268808403,60 GILSTEAD ROAD THE ARMADALE SINGAPORE 309104,4.1102218338608845,45.0,3,1,3,14,13,7,1.0,1.0,0,0
PULLMAN RESIDENCES NEWTON,3488000.0,1280.92,2723.0,2022-01-01,119.0,29311.0,1.31467262956125,103.839010845653,"18 DUNEARN ROAD PULLMAN RESIDENCES, NEWTON SINGAPORE 309421",3.747758902511321,45.0,3,1,2,14,10,6,1.0,0.0,0,0
DUNEARN 386,1648000.0,645.84,2552.0,2022-01-01,60.0,27467.0,1.32443998997673,103.81183629155,386 DUNEARN ROAD DUNEARN 386 SINGAPORE 289599,6.3240665481399505,45.0,4,1,0,13,7,8,1.0,0.0,0,0
PULLMAN RESIDENCES NEWTON,4143000.0,1280.92,3234.0,2022-01-01,119.0,34815.0,1.31467262956125,103.839010845653,"18 DUNEARN ROAD PULLMAN RESIDENCES, NEWTON SINGAPORE 309421",3.747758902511321,45.0,3,1,2,14,10,6,6.0,0.0,0,0
PARK INFINIA AT WEE NAM,3155000.0,1442.38,2187.0,2022-01-01,134.0,23545.0,1.31441386999901,103.843291191875,2A LINCOLN ROAD PARK INFINIA AT WEE NAM SINGAPORE 308364,3.57796230174373,45.0,3,2,2,14,11,6,1.0,1.0,1,0
THE TREVOSE,1950000.0,1399.32,1394.0,2022-01-01,130.0,15000.0,1.32302176043306,103.82529938582,60 TREVOSE CRESCENT THE TREVOSE SINGAPORE 298090,5.269266023284268,45.0,3,0,0,13,6,5,1.0,1.0,1,0
MIRO,2002000.0,1367.03,1464.0,2022-01-01,127.0,15764.0,1.31393361941559,103.842380394708,1 LINCOLN ROAD MIRO SINGAPORE 308365,3.5524517086546736,45.0,3,2,2,14,11,6,4.0,1.0,0,0
SHELFORD SUITES,1708000.0,893.41,1912.0,2022-01-01,83.0,20578.0,1.32660135432463,103.812654850327,16 SHELFORD ROAD SHELFORD SUITES SINGAPORE 288383,6.438582001199515,45.0,3,1,0,13,7,8,1.0,1.0,1,0
THOMSON 800,2680000.0,1625.36,1649.0,2022-01-01,151.0,17748.0,1.3411028334318,103.838741075921,808 THOMSON ROAD THOMSON 800 SINGAPORE 298190,6.567971581242121,45.0,4,1,0,13,13,2,3.0,1.0,1,0
PEAK RESIDENCE,1906700.0,828.83,2300.0,2022-01-01,77.0,24762.0,1.32534460429599,103.840724426138,333 THOMSON ROAD PEAK RESIDENCE SINGAPORE 307675,4.8198774142707626,45.0,2,0,4,12,14,5,1.0,0.0,1,0
THOMSON 800,2588000.0,1743.77,1484.0,2021-12-01,162.0,15975.0,1.3411028334318,103.838741075921,808 THOMSON ROAD THOMSON 800 SINGAPORE 298190,6.567971581242121,46.0,4,1,0,13,13,2,1.0,1.0,1,0
AMARYLLIS VILLE,2215000.0,1259.39,1759.0,2021-12-01,117.0,18932.0,1.31478233515073,103.841958399488,22 NEWTON ROAD AMARYLLIS VILLE SINGAPORE 307990,3.655547978307824,46.0,3,2,2,14,13,6,3.0,1.0,1,0
368 THOMSON,1100000.0,688.9,1597.0,2021-12-01,64.0,17188.0,1.3270913316471,103.841978573745,368 THOMSON ROAD 368 THOMSON SINGAPORE 298127,4.977697388092409,46.0,3,0,3,12,16,4,3.0,1.0,1,0
LUCIDA,1080000.0,624.31,1730.0,2021-12-01,58.0,18621.0,1.31464830253379,103.844819093226,2 SUFFOLK ROAD LUCIDA SINGAPORE 307780,3.566471950535546,46.0,4,2,2,14,11,6,4.0,1.0,0,0
THE SPINNAKER,3550000.0,2281.97,1556.0,2021-12-01,212.0,16745.0,1.31408342873893,103.843984943567,13 SUFFOLK ROAD THE SPINNAKER SINGAPORE 307788,3.524598413114717,46.0,4,2,2,14,11,6,3.0,1.0,0,0
THE ARCADIA,3780000.0,3821.22,989.0,2021-12-01,355.0,10648.0,1.33337474399547,103.811275631559,235 ARCADIA ROAD THE ARCADIA SINGAPORE 289843,7.111379394487015,46.0,1,0,0,9,6,5,1.0,1.0,1,0
MANDALE HEIGHTS,2980000.0,2497.25,1193.0,2021-12-01,232.0,12845.0,1.32433421345059,103.849717961403,45 MANDALAY ROAD MANDALE HEIGHTS SINGAPORE 308225,4.572750960660567,46.0,2,3,4,12,19,4,4.0,1.0,0,0
STRATA,2610000.0,1636.13,1595.0,2021-12-01,152.0,17171.0,1.31740976334811,103.844913840423,1 ESSEX ROAD STRATA SINGAPORE 309329,3.864673219206803,46.0,3,2,3,14,14,7,5.0,1.0,0,0
THE GLYNDEBOURNE,3180000.0,1550.02,2052.0,2021-12-01,144.0,22083.0,1.32222533352038,103.823597825035,38 TREVOSE CRESCENT THE GLYNDEBOURNE SINGAPORE 297722,5.30213333703159,46.0,4,0,0,14,6,4,1.0,1.0,1,0
SOLEIL @ SINARAN,2868000.0,1463.9,1959.0,2021-12-01,136.0,21088.0,1.31960020004528,103.845271738384,2 SINARAN DRIVE SOLEIL @ SINARAN SINGAPORE 307467,4.096964545722665,46.0,1,1,4,14,14,7,6.0,1.0,1,0
WATTEN HILL,1640000.0,1044.11,1571.0,2021-12-01,97.0,16907.0,1.33080602433021,103.809520144553,48 WATTEN VIEW WATTEN HILL SINGAPORE 287179,7.018102241408999,46.0,1,1,0,11,6,5,,1.0,1,0
AMARYLLIS VILLE,1200000.0,656.6,1828.0,2021-12-01,61.0,19672.0,1.31478233515073,103.841958399488,22 NEWTON ROAD AMARYLLIS VILLE SINGAPORE 307990,3.655547978307824,46.0,3,2,2,14,13,6,4.0,1.0,1,0
VIVA,4500000.0,1991.34,2260.0,2021-12-01,185.0,24324.0,1.31565586377638,103.844444721095,2 SUFFOLK WALK VIVA SINGAPORE 307462,3.683877967605451,46.0,3,2,2,14,13,6,1.0,1.0,1,0
PULLMAN RESIDENCES NEWTON,2057000.0,667.37,3082.0,2021-12-01,62.0,33177.0,1.31467262956125,103.839010845653,"18 DUNEARN ROAD PULLMAN RESIDENCES, NEWTON SINGAPORE 309421",3.747758902511321,46.0,3,1,2,14,10,6,4.0,0.0,0,0
THE GLYNDEBOURNE,3245000.0,1474.67,2200.0,2021-12-01,137.0,23686.0,1.32222533352038,103.823597825035,38 TREVOSE CRESCENT THE GLYNDEBOURNE SINGAPORE 297722,5.30213333703159,46.0,4,0,0,14,6,4,1.0,1.0,1,0
MONTEBLEU,1390000.0,807.3,1722.0,2021-12-01,75.0,18533.0,1.32378273509884,103.850102052541,8 MINBU ROAD MONTEBLEU SINGAPORE 308162,4.510651977234295,46.0,1,3,4,12,18,4,3.0,1.0,1,0
GILSTEAD COURT,2580000.0,1388.56,1858.0,2021-12-01,129.0,20000.0,1.31852490969421,103.839521125521,52H GILSTEAD ROAD GILSTEAD COURT SINGAPORE 309097,4.130671506328448,46.0,3,1,3,14,12,7,,1.0,1,0
10 EVELYN,1283000.0,495.14,2591.0,2021-12-01,46.0,27891.0,1.31615491830399,103.840533848314,10 EVELYN ROAD 10 EVELYN SINGAPORE 309312,3.846689837882823,46.0,3,1,2,14,13,8,1.0,0.0,0,0
ROSEVALE,2400000.0,1313.21,1828.0,2021-12-01,122.0,19672.0,1.31596822029115,103.84339151806,32 LINCOLN ROAD ROSEVALE SINGAPORE 308362,3.742505102828654,46.0,3,2,2,14,13,7,2.0,1.0,0,0
PULLMAN RESIDENCES NEWTON,1899000.0,667.37,2846.0,2021-12-01,62.0,30629.0,1.31467262956125,103.839010845653,"18 DUNEARN ROAD PULLMAN RESIDENCES, NEWTON SINGAPORE 309421",3.747758902511321,46.0,3,1,2,14,10,6,2.0,0.0,0,0
LINCOLN SUITES,3550000.0,1797.59,1975.0,2021-12-01,167.0,21257.0,1.31710864002609,103.842743087159,3 KHIANG GUAN AVENUE LINCOLN SUITES SINGAPORE 308381,3.881888940990309,46.0,3,2,3,14,13,7,2.0,1.0,1,0
PULLMAN RESIDENCES NEWTON,1930000.0,667.37,2892.0,2021-12-01,62.0,31129.0,1.31467262956125,103.839010845653,"18 DUNEARN ROAD PULLMAN RESIDENCES, NEWTON SINGAPORE 309421",3.747758902511321,46.0,3,1,2,14,10,6,2.0,0.0,0,0
IRIDIUM,1915000.0,1076.4,1779.0,2021-12-01,100.0,19150.0,1.31513812749678,103.842640203235,11 LINCOLN ROAD IRIDIUM SINGAPORE 308349,3.673438389333036,46.0,3,2,2,14,13,6,1.0,1.0,0,0
THOMSON EURO-ASIA,2800000.0,1291.68,2168.0,2021-12-01,120.0,23333.0,1.31805872665983,103.844682051372,150 THOMSON ROAD THOMSON EURO-ASIA SINGAPORE 307605,3.9398634725298134,46.0,3,2,3,14,14,7,2.0,1.0,1,0
L'VIV,1390000.0,656.6,2117.0,2021-12-01,61.0,22787.0,1.31544838531983,103.840354841468,23 NEWTON ROAD L'VIV SINGAPORE 307955,3.778505845346688,46.0,3,1,2,14,12,6,6.0,1.0,0,0
26 NEWTON,1020000.0,473.62,2154.0,2021-12-01,44.0,23182.0,1.3156928164724,103.841615456446,26 NEWTON ROAD 26 NEWTON SINGAPORE 307957,3.762851610410245,46.0,3,2,2,14,13,6,2.0,1.0,0,0
26 NEWTON,1771813.0,775.01,2286.0,2021-12-01,72.0,24609.0,1.3156928164724,103.841615456446,26 NEWTON ROAD 26 NEWTON SINGAPORE 307957,3.762851610410245,46.0,3,2,2,14,13,6,2.0,1.0,0,0
THOMSON 800,2500000.0,1646.89,1518.0,2021-12-01,153.0,16340.0,1.3411028334318,103.838741075921,808 THOMSON ROAD THOMSON 800 SINGAPORE 298190,6.567971581242121,46.0,4,1,0,13,13,2,1.0,1.0,1,0
RESIDENCES @ EVELYN,2218000.0,1108.69,2001.0,2021-12-01,103.0,21534.0,1.31548497427322,103.839467418834,17 EVELYN ROAD RESIDENCES @ EVELYN SINGAPORE 309306,3.814435565431148,46.0,3,1,2,14,12,6,3.0,1.0,1,0
HILLCREST ARCADIA,2700000.0,2744.82,984.0,2021-12-01,255.0,10588.0,1.33377798542711,103.808806606762,255 ARCADIA ROAD HILLCREST ARCADIA SINGAPORE 289850,7.319529262671842,46.0,1,0,0,9,6,5,1.0,1.0,1,0
SHELFORD REGENCY,1960000.0,1151.75,1702.0,2021-12-01,107.0,18318.0,1.32659730501812,103.811332907782,65 SHELFORD ROAD SHELFORD REGENCY SINGAPORE 288455,6.53669061517323,46.0,3,1,0,13,7,8,1.0,1.0,1,0
NOVENA HILL,1148000.0,710.42,1616.0,2021-12-01,66.0,17394.0,1.32376633231593,103.843393016962,33A JALAN NOVENA NOVENA HILL SINGAPORE 308651,4.58654015401076,46.0,1,0,4,12,14,5,1.0,1.0,0,0
SKY@ELEVEN,5300000.0,2712.53,1954.0,2021-12-01,252.0,21032.0,1.33127079751604,103.841021896647,7 THOMSON LANE SKY@ELEVEN SINGAPORE 297725,5.451828930281204,46.0,4,1,3,12,15,2,8.0,1.0,1,0
THE ARCADIA,4250000.0,3821.22,1112.0,2021-12-01,355.0,11972.0,1.33337474399547,103.811275631559,235 ARCADIA ROAD THE ARCADIA SINGAPORE 289843,7.111379394487015,46.0,1,0,0,9,6,5,1.0,1.0,1,0
PULLMAN RESIDENCES NEWTON,4055000.0,1377.79,2943.0,2021-12-01,128.0,31680.0,1.31467262956125,103.839010845653,"18 DUNEARN ROAD PULLMAN RESIDENCES, NEWTON SINGAPORE 309421",3.747758902511321,46.0,3,1,2,14,10,6,4.0,0.0,0,0
PARK INFINIA AT WEE NAM,3200000.0,1442.38,2219.0,2021-12-01,134.0,23881.0,1.31441386999901,103.843291191875,2A LINCOLN ROAD PARK INFINIA AT WEE NAM SINGAPORE 308364,3.57796230174373,46.0,3,2,2,14,11,6,5.0,1.0,1,0
LUCIDA,1788000.0,1097.93,1629.0,2021-12-01,102.0,17529.0,1.31464830253379,103.844819093226,2 SUFFOLK ROAD LUCIDA SINGAPORE 307780,3.566471950535546,46.0,4,2,2,14,11,6,3.0,1.0,0,0
368 THOMSON,1130000.0,688.9,1640.0,2021-12-01,64.0,17656.0,1.3270913316471,103.841978573745,368 THOMSON ROAD 368 THOMSON SINGAPORE 298127,4.977697388092409,46.0,3,0,3,12,16,4,2.0,1.0,1,0
ORCHID APARTMENTS,2300000.0,1356.26,1696.0,2021-12-01,126.0,18254.0,1.33377941780318,103.798570834569,42 ENG NEO AVENUE ORCHID APARTMENTS SINGAPORE 289533,8.097727085030213,46.0,1,0,0,5,6,3,1.0,1.0,0,0
6 DERBYSHIRE,2428000.0,1130.22,2148.0,2021-12-01,105.0,23124.0,1.31568172551155,103.845880417376,6 DERBYSHIRE ROAD 6 DERBYSHIRE SINGAPORE 309462,3.6584167943606625,46.0,3,2,2,14,13,6,6.0,1.0,1,0
MONTEBLEU,2550000.0,1593.07,1601.0,2021-12-01,148.0,17230.0,1.32378273509884,103.850102052541,8 MINBU ROAD MONTEBLEU SINGAPORE 308162,4.510651977234295,46.0,1,3,4,12,18,4,5.0,1.0,1,0
THE LINCOLN MODERN,1920000.0,1205.57,1593.0,2021-12-01,112.0,17143.0,1.31532312585557,103.843055868846,20 LINCOLN ROAD THE LINCOLN MODERN SINGAPORE 308353,3.681849969048285,46.0,3,2,2,14,13,6,5.0,1.0,0,0
PAVILION 11,1660000.0,958.0,1733.0,2021-12-01,89.0,18652.0,1.32458602112842,103.848173371262,23 AKYAB ROAD PAVILION 11 SINGAPORE 309978,4.609115779437775,46.0,2,3,5,12,18,5,2.0,1.0,1,0
PULLMAN RESIDENCES NEWTON,3350000.0,1162.51,2882.0,2021-12-01,108.0,31019.0,1.31467262956125,103.839010845653,"18 DUNEARN ROAD PULLMAN RESIDENCES, NEWTON SINGAPORE 309421",3.747758902511321,46.0,3,1,2,14,10,6,3.0,0.0,0,0
PULLMAN RESIDENCES NEWTON,2330000.0,667.37,3491.0,2021-12-01,62.0,37581.0,1.31467262956125,103.839010845653,"18 DUNEARN ROAD PULLMAN RESIDENCES, NEWTON SINGAPORE 309421",3.747758902511321,46.0,3,1,2,14,10,6,6.0,0.0,0,0
HILLCREST ARCADIA,2170000.0,1819.12,1193.0,2021-12-01,169.0,12840.0,1.33377798542711,103.808806606762,255 ARCADIA ROAD HILLCREST ARCADIA SINGAPORE 289850,7.319529262671842,46.0,1,0,0,9,6,5,1.0,1.0,1,0
AMARYLLIS VILLE,2150000.0,1237.86,1737.0,2021-12-01,115.0,18696.0,1.31478233515073,103.841958399488,22 NEWTON ROAD AMARYLLIS VILLE SINGAPORE 307990,3.655547978307824,46.0,3,2,2,14,13,6,1.0,1.0,1,0
SOLEIL @ SINARAN,1908000.0,1097.93,1738.0,2021-12-01,102.0,18706.0,1.31960020004528,103.845271738384,2 SINARAN DRIVE SOLEIL @ SINARAN SINGAPORE 307467,4.096964545722665,46.0,1,1,4,14,14,7,2.0,1.0,1,0
ADAM PARK CONDOMINIUM,2160000.0,1786.82,1209.0,2021-12-01,166.0,13012.0,1.32804489589413,103.813395586111,27A ADAM ROAD ADAM PARK CONDOMINIUM SINGAPORE 289900,6.5056226819707295,46.0,3,1,0,13,7,8,1.0,1.0,1,0
RESIDENCES @ EVELYN,2200000.0,1033.34,2129.0,2021-12-01,96.0,22917.0,1.31548497427322,103.839467418834,17 EVELYN ROAD RESIDENCES @ EVELYN SINGAPORE 309306,3.814435565431148,46.0,3,1,2,14,12,6,6.0,1.0,1,0
SHELFORD 23,2100000.0,1194.8,1758.0,2021-12-01,111.0,18919.0,1.3278356548858,103.812234495947,23 SHELFORD ROAD SHELFORD 23 SINGAPORE 288413,6.572019942767589,46.0,3,1,0,13,7,8,1.0,1.0,0,0
HILLS APARTMENT,6300000.0,3638.23,1732.0,2021-12-01,338.0,18639.0,1.32116939090482,103.833781779254,48 GOLDHILL AVENUE HILLS APARTMENT SINGAPORE 309030,4.6352125155427,46.0,4,0,0,14,8,3,1.0,1.0,0,0
ADAM PARK CONDOMINIUM,2570000.0,2335.79,1100.0,2021-12-01,217.0,11843.0,1.32804489589413,103.813395586111,27A ADAM ROAD ADAM PARK CONDOMINIUM SINGAPORE 289900,6.5056226819707295,46.0,3,1,0,13,7,8,1.0,1.0,1,0
SHELFORD SUITES,3850000.0,4111.85,936.0,2021-11-01,382.0,10079.0,1.32660135432463,103.812654850327,16 SHELFORD ROAD SHELFORD SUITES SINGAPORE 288383,6.438582001199515,47.0,3,1,0,13,7,8,1.0,1.0,1,0
PARK INFINIA AT WEE NAM,3625000.0,1668.42,2173.0,2021-11-01,155.0,23387.0,1.31441386999901,103.843291191875,2A LINCOLN ROAD PARK INFINIA AT WEE NAM SINGAPORE 308364,3.57796230174373,47.0,3,2,2,14,11,6,6.0,1.0,1,0
LINCOLN SUITES,3460000.0,1560.78,2217.0,2021-11-01,145.0,23862.0,1.31710864002609,103.842743087159,3 KHIANG GUAN AVENUE LINCOLN SUITES SINGAPORE 308381,3.881888940990309,47.0,3,2,3,14,13,7,2.0,1.0,1,0
THE LINC,2600000.0,1291.68,2013.0,2021-11-01,120.0,21667.0,1.31449452187166,103.842505898673,7 LINCOLN ROAD THE LINC SINGAPORE 308346,3.6085239653203423,47.0,3,2,2,14,12,6,4.0,1.0,0,0
THE GLYNDEBOURNE,4580000.0,1959.05,2338.0,2021-11-01,182.0,25165.0,1.32222533352038,103.823597825035,38 TREVOSE CRESCENT THE GLYNDEBOURNE SINGAPORE 297722,5.30213333703159,47.0,4,0,0,14,6,4,1.0,1.0,1,0
MORIMASA GARDENS,3700000.0,2217.38,1669.0,2021-11-01,206.0,17961.0,1.31608941426119,103.838579797187,11 GILSTEAD ROAD MORIMASA GARDENS SINGAPORE 309065,3.911249089851896,47.0,3,1,2,14,12,6,1.0,1.0,1,0
26 NEWTON,1780000.0,775.01,2297.0,2021-11-01,72.0,24722.0,1.3156928164724,103.841615456446,26 NEWTON ROAD 26 NEWTON SINGAPORE 307957,3.762851610410245,47.0,3,2,2,14,13,6,4.0,1.0,0,0
STRATA,970000.0,505.91,1917.0,2021-11-01,47.0,20638.0,1.31740976334811,103.844913840423,1 ESSEX ROAD STRATA SINGAPORE 309329,3.864673219206803,47.0,3,2,3,14,14,7,2.0,1.0,0,0
SHELFORD SUITES,2050000.0,1291.68,1587.0,2021-11-01,120.0,17083.0,1.32660135432463,103.812654850327,16 SHELFORD ROAD SHELFORD SUITES SINGAPORE 288383,6.438582001199515,47.0,3,1,0,13,7,8,1.0,1.0,1,0
PULLMAN RESIDENCES NEWTON,3288000.0,1162.51,2828.0,2021-11-01,108.0,30444.0,1.31467262956125,103.839010845653,"18 DUNEARN ROAD PULLMAN RESIDENCES, NEWTON SINGAPORE 309421",3.747758902511321,47.0,3,1,2,14,10,6,2.0,0.0,0,0
PEAK RESIDENCE,1370000.0,538.2,2546.0,2021-11-01,50.0,27400.0,1.32534460429599,103.840724426138,333 THOMSON ROAD PEAK RESIDENCE SINGAPORE 307675,4.8198774142707626,47.0,2,0,4,12,14,5,1.0,0.0,1,0
M21,2320000.0,1345.5,1724.0,2021-11-01,125.0,18560.0,1.32252212187302,103.848891107309,21 MANDALAY ROAD M21 SINGAPORE 308208,4.376450490663607,47.0,1,3,4,12,14,6,1.0,1.0,0,0
MANDALAY MANSION,2400000.0,2088.22,1149.0,2021-11-01,194.0,12371.0,1.3238494392232,103.849267497709,15 MINBU ROAD MANDALAY MANSION SINGAPORE 308166,4.521033989758252,47.0,2,3,5,12,17,4,2.0,1.0,0,0
26 NEWTON,2520000.0,1377.79,1829.0,2021-11-01,128.0,19688.0,1.3156928164724,103.841615456446,26 NEWTON ROAD 26 NEWTON SINGAPORE 307957,3.762851610410245,47.0,3,2,2,14,13,6,1.0,1.0,0,0
THE LINCOLN MODERN,2300000.0,1377.79,1669.0,2021-11-01,128.0,17969.0,1.31532312585557,103.843055868846,20 LINCOLN ROAD THE LINCOLN MODERN SINGAPORE 308353,3.681849969048285,47.0,3,2,2,14,13,6,5.0,1.0,0,0
VIVA,3470000.0,1517.72,2286.0,2021-11-01,141.0,24610.0,1.31565586377638,103.844444721095,2 SUFFOLK WALK VIVA SINGAPORE 307462,3.683877967605451,47.0,3,2,2,14,13,6,2.0,1.0,1,0
26 NEWTON,1870106.0,775.01,2413.0,2021-11-01,72.0,25974.0,1.3156928164724,103.841615456446,26 NEWTON ROAD 26 NEWTON SINGAPORE 307957,3.762851610410245,47.0,3,2,2,14,13,6,4.0,1.0,0,0
MONTEBLEU,1380000.0,807.3,1709.0,2021-11-01,75.0,18400.0,1.32378273509884,103.850102052541,8 MINBU ROAD MONTEBLEU SINGAPORE 308162,4.510651977234295,47.0,1,3,4,12,18,4,2.0,1.0,1,0
MIRO,3100000.0,1937.52,1600.0,2021-11-01,180.0,17222.0,1.31393361941559,103.842380394708,1 LINCOLN ROAD MIRO SINGAPORE 308365,3.5524517086546736,47.0,3,2,2,14,11,6,5.0,1.0,0,0
THE LINCOLN MODERN,2250000.0,1377.79,1633.0,2021-11-01,128.0,17578.0,1.31532312585557,103.843055868846,20 LINCOLN ROAD THE LINCOLN MODERN SINGAPORE 308353,3.681849969048285,47.0,3,2,2,14,13,6,6.0,1.0,0,0
NEWTON 18,1560000.0,807.3,1932.0,2021-11-01,75.0,20800.0,1.31429426375311,103.841150697585,18 NEWTON ROAD NEWTON 18 SINGAPORE 307989,3.6298212404791177,47.0,3,1,2,14,10,6,2.0,1.0,0,0
26 NEWTON,1838800.0,775.01,2373.0,2021-11-01,72.0,25539.0,1.3156928164724,103.841615456446,26 NEWTON ROAD 26 NEWTON SINGAPORE 307957,3.762851610410245,47.0,3,2,2,14,13,6,4.0,1.0,0,0
NEWTON SUITES,2780000.0,1237.86,2246.0,2021-11-01,115.0,24174.0,1.31780091416565,103.842313806169,60 NEWTON ROAD NEWTON SUITES SINGAPORE 307994,3.967671598329251,47.0,3,2,3,14,13,7,3.0,1.0,0,0
SHELFORD REGENCY,2030000.0,1463.9,1387.0,2021-11-01,136.0,14926.0,1.32659730501812,103.811332907782,65 SHELFORD ROAD SHELFORD REGENCY SINGAPORE 288455,6.53669061517323,47.0,3,1,0,13,7,8,1.0,1.0,1,0
THE LINCOLN RESIDENCES,3700000.0,1883.7,1964.0,2021-11-01,175.0,21143.0,1.31537475902919,103.842399874258,28 SURREY ROAD THE LINCOLN RESIDENCES SINGAPORE 307762,3.70557482758304,47.0,3,2,2,14,13,6,5.0,1.0,1,0
ROCHELLE AT NEWTON,2938000.0,1743.77,1685.0,2021-11-01,162.0,18136.0,1.31404425678498,103.841922909924,188 KENG LEE ROAD ROCHELLE AT NEWTON SINGAPORE 308414,3.578271566582672,47.0,3,2,2,14,11,6,3.0,1.0,1,0
PULLMAN RESIDENCES NEWTON,1391000.0,462.85,3005.0,2021-11-01,43.0,32349.0,1.31467262956125,103.839010845653,"18 DUNEARN ROAD PULLMAN RESIDENCES, NEWTON SINGAPORE 309421",3.747758902511321,47.0,3,1,2,14,10,6,3.0,0.0,0,0
PULLMAN RESIDENCES NEWTON,1960000.0,667.37,2937.0,2021-11-01,62.0,31613.0,1.31467262956125,103.839010845653,"18 DUNEARN ROAD PULLMAN RESIDENCES, NEWTON SINGAPORE 309421",3.747758902511321,47.0,3,1,2,14,10,6,3.0,0.0,0,0
ORCHID APARTMENTS,2012000.0,1356.26,1483.0,2021-11-01,126.0,15968.0,1.33377941780318,103.798570834569,42 ENG NEO AVENUE ORCHID APARTMENTS SINGAPORE 289533,8.097727085030213,47.0,1,0,0,5,6,3,1.0,1.0,0,0
MANDALE HEIGHTS,1160000.0,764.24,1518.0,2021-11-01,71.0,16338.0,1.32433421345059,103.849717961403,45 MANDALAY ROAD MANDALE HEIGHTS SINGAPORE 308225,4.572750960660567,47.0,2,3,4,12,19,4,2.0,1.0,0,0
TREVOSE PARK,3468000.0,1915.99,1810.0,2021-11-01,178.0,19483.0,1.32530422394989,103.825473045143,68 TREVOSE CRESCENT TREVOSE PARK SINGAPORE 298069,5.472884262180392,47.0,2,0,0,12,6,5,1.0,1.0,1,0
DERBYSHIRE HEIGHTS,2200000.0,1506.96,1460.0,2021-11-01,140.0,15714.0,1.31612341185444,103.845518779011,3 DERBYSHIRE ROAD DERBYSHIRE HEIGHTS SINGAPORE 309459,3.7130675479522552,47.0,3,2,2,14,13,7,1.0,1.0,0,0
PULLMAN RESIDENCES NEWTON,1896000.0,667.37,2841.0,2021-11-01,62.0,30581.0,1.31467262956125,103.839010845653,"18 DUNEARN ROAD PULLMAN RESIDENCES, NEWTON SINGAPORE 309421",3.747758902511321,47.0,3,1,2,14,10,6,2.0,0.0,0,0
SOLEIL @ SINARAN,1165000.0,581.26,2004.0,2021-11-01,54.0,21574.0,1.31960020004528,103.845271738384,2 SINARAN DRIVE SOLEIL @ SINARAN SINGAPORE 307467,4.096964545722665,47.0,1,1,4,14,14,7,5.0,1.0,1,0
SHELFORD 23,1550000.0,828.83,1870.0,2021-11-01,77.0,20130.0,1.3278356548858,103.812234495947,23 SHELFORD ROAD SHELFORD 23 SINGAPORE 288413,6.572019942767589,47.0,3,1,0,13,7,8,1.0,1.0,0,0
ADRIA,2720000.0,1410.08,1929.0,2021-11-01,131.0,20763.0,1.3164463549549,103.846258551824,12 DERBYSHIRE ROAD ADRIA SINGAPORE 309466,3.735780917193752,47.0,3,2,2,14,13,7,1.0,1.0,0,0
ROCHELLE AT NEWTON,2300000.0,1356.26,1696.0,2021-11-01,126.0,18254.0,1.31404425678498,103.841922909924,188 KENG LEE ROAD ROCHELLE AT NEWTON SINGAPORE 308414,3.578271566582672,47.0,3,2,2,14,11,6,4.0,1.0,1,0
WATTEN HILL,4000000.0,2669.47,1498.0,2021-11-01,248.0,16129.0,1.33080602433021,103.809520144553,48 WATTEN VIEW WATTEN HILL SINGAPORE 287179,7.018102241408999,47.0,1,1,0,11,6,5,,1.0,1,0
IRIDIUM,1910000.0,1076.4,1774.0,2021-11-01,100.0,19100.0,1.31513812749678,103.842640203235,11 LINCOLN ROAD IRIDIUM SINGAPORE 308349,3.673438389333036,47.0,3,2,2,14,13,6,2.0,1.0,0,0
ZEDGE,1600000.0,914.94,1749.0,2021-11-01,85.0,18824.0,1.32242172407521,103.848172032797,2 AKYAB ROAD ZEDGE SINGAPORE 309973,4.370398222376426,47.0,1,3,4,12,14,7,3.0,1.0,0,0
SOLEIL @ SINARAN,1038000.0,581.26,1786.0,2021-11-01,54.0,19222.0,1.31960020004528,103.845271738384,2 SINARAN DRIVE SOLEIL @ SINARAN SINGAPORE 307467,4.096964545722665,47.0,1,1,4,14,14,7,4.0,1.0,1,0
368 THOMSON,3080000.0,1722.24,1788.0,2021-11-01,160.0,19250.0,1.3270913316471,103.841978573745,368 THOMSON ROAD 368 THOMSON SINGAPORE 298127,4.977697388092409,47.0,3,0,3,12,16,4,4.0,1.0,1,0
ADAM PARK CONDOMINIUM,2680000.0,2335.79,1147.0,2021-11-01,217.0,12350.0,1.32804489589413,103.813395586111,27A ADAM ROAD ADAM PARK CONDOMINIUM SINGAPORE 289900,6.5056226819707295,47.0,3,1,0,13,7,8,1.0,1.0,1,0
THOMSON 800,2300000.0,1399.32,1644.0,2021-11-01,130.0,17692.0,1.3411028334318,103.838741075921,808 THOMSON ROAD THOMSON 800 SINGAPORE 298190,6.567971581242121,47.0,4,1,0,13,13,2,1.0,1.0,1,0
L'VIV,2170000.0,1001.05,2168.0,2021-11-01,93.0,23333.0,1.31544838531983,103.840354841468,23 NEWTON ROAD L'VIV SINGAPORE 307955,3.778505845346688,47.0,3,1,2,14,12,6,6.0,1.0,0,0
MONTEBLEU,3255000.0,2626.42,1239.0,2021-11-01,244.0,13340.0,1.32378273509884,103.850102052541,8 MINBU ROAD MONTEBLEU SINGAPORE 308162,4.510651977234295,47.0,1,3,4,12,18,4,7.0,1.0,1,0
PULLMAN RESIDENCES NEWTON,1381000.0,462.85,2984.0,2021-10-01,43.0,32116.0,1.31467262956125,103.839010845653,"18 DUNEARN ROAD PULLMAN RESIDENCES, NEWTON SINGAPORE 309421",3.747758902511321,48.0,3,1,2,14,10,6,3.0,0.0,0,0
PEAK RESIDENCE,1948200.0,828.83,2351.0,2021-10-01,77.0,25301.0,1.32534460429599,103.840724426138,333 THOMSON ROAD PEAK RESIDENCE SINGAPORE 307675,4.8198774142707626,48.0,2,0,4,12,14,5,1.0,0.0,1,0
MEDGE,1228000.0,807.3,1521.0,2021-10-01,75.0,16373.0,1.32337432256355,103.850380826925,2 MINBU ROAD MEDGE SINGAPORE 308186,4.464916441227247,48.0,1,3,4,12,18,4,2.0,1.0,0,0
SUFFOLK PREMIER,1820000.0,1076.4,1691.0,2021-10-01,100.0,18200.0,1.31424399792716,103.844686730014,3 SUFFOLK ROAD SUFFOLK PREMIER SINGAPORE 307781,3.5255221806794355,48.0,4,2,2,14,10,6,3.0,1.0,0,0
SKY@ELEVEN,4950000.0,2712.53,1825.0,2021-10-01,252.0,19643.0,1.33127079751604,103.841021896647,7 THOMSON LANE SKY@ELEVEN SINGAPORE 297725,5.451828930281204,48.0,4,1,3,12,15,2,3.0,1.0,1,0
LINCOLN SUITES,3425000.0,1614.6,2121.0,2021-10-01,150.0,22833.0,1.31710864002609,103.842743087159,3 KHIANG GUAN AVENUE LINCOLN SUITES SINGAPORE 308381,3.881888940990309,48.0,3,2,3,14,13,7,4.0,1.0,1,0
IRIDIUM,1260000.0,764.24,1649.0,2021-10-01,71.0,17746.0,1.31513812749678,103.842640203235,11 LINCOLN ROAD IRIDIUM SINGAPORE 308349,3.673438389333036,48.0,3,2,2,14,13,6,2.0,1.0,0,0
THE ARCADIA,3580000.0,3810.46,940.0,2021-10-01,354.0,10113.0,1.33337474399547,103.811275631559,235 ARCADIA ROAD THE ARCADIA SINGAPORE 289843,7.111379394487015,48.0,1,0,0,9,6,5,1.0,1.0,1,0
NOVENA COURT,1120000.0,775.01,1445.0,2021-10-01,72.0,15556.0,1.32292732467511,103.842114483993,2E JALAN NOVENA BARAT NOVENA COURT SINGAPORE 308603,4.524348727321245,48.0,1,0,4,13,13,4,1.0,1.0,0,0
10 SHELFORD,850000.0,462.85,1836.0,2021-10-01,43.0,19767.0,1.32580825364563,103.812516919467,10 SHELFORD ROAD 10 SHELFORD SINGAPORE 288353,6.383468750218335,48.0,3,1,0,13,7,8,1.0,1.0,0,0
10 EVELYN,3226000.0,1420.85,2270.0,2021-10-01,132.0,24439.0,1.31615491830399,103.840533848314,10 EVELYN ROAD 10 EVELYN SINGAPORE 309312,3.846689837882823,48.0,3,1,2,14,13,8,1.0,0.0,0,0
35 GILSTEAD,1741000.0,699.66,2488.0,2021-10-01,65.0,26785.0,1.31711023904743,103.837956844749,35 GILSTEAD ROAD 35 GILSTEAD SINGAPORE 309079,4.041420945749914,48.0,3,1,2,14,12,6,1.0,0.0,0,0
CUBE 8,885000.0,559.73,1581.0,2021-10-01,52.0,17019.0,1.3283636088892,103.841418362322,376 THOMSON ROAD CUBE 8 SINGAPORE 298130,5.12816729630684,48.0,3,0,3,12,14,4,2.0,1.0,1,0
PAVILION 11,2833000.0,1485.43,1907.0,2021-10-01,138.0,20529.0,1.32458602112842,103.848173371262,23 AKYAB ROAD PAVILION 11 SINGAPORE 309978,4.609115779437775,48.0,2,3,5,12,18,5,6.0,1.0,1,0
THE ARCADIA,3550000.0,3713.58,956.0,2021-10-01,345.0,10290.0,1.33337474399547,103.811275631559,235 ARCADIA ROAD THE ARCADIA SINGAPORE 289843,7.111379394487015,48.0,1,0,0,9,6,5,2.0,1.0,1,0
PULLMAN RESIDENCES NEWTON,1948000.0,667.37,2919.0,2021-10-01,62.0,31419.0,1.31467262956125,103.839010845653,"18 DUNEARN ROAD PULLMAN RESIDENCES, NEWTON SINGAPORE 309421",3.747758902511321,48.0,3,1,2,14,10,6,3.0,0.0,0,0
NEWTON 21,4380000.0,3067.74,1428.0,2021-10-01,285.0,15368.0,1.31490075979298,103.840460862924,21 NEWTON ROAD NEWTON 21 SINGAPORE 307954,3.7173142928382856,48.0,3,1,2,14,12,6,5.0,1.0,0,0
D'CHATEAU @ SHELFORD,3400000.0,2863.22,1187.0,2021-10-01,266.0,12782.0,1.32809614767202,103.81198826246,25 SHELFORD ROAD D'CHATEAU @ SHELFORD SINGAPORE 288415,6.611737912544638,48.0,3,1,0,13,7,8,1.0,1.0,0,0
MIRO,1900000.0,1323.97,1435.0,2021-10-01,123.0,15447.0,1.31393361941559,103.842380394708,1 LINCOLN ROAD MIRO SINGAPORE 308365,3.5524517086546736,48.0,3,2,2,14,11,6,6.0,1.0,0,0
MIRO,2000000.0,1345.5,1486.0,2021-10-01,125.0,16000.0,1.31393361941559,103.842380394708,1 LINCOLN ROAD MIRO SINGAPORE 308365,3.5524517086546736,48.0,3,2,2,14,11,6,3.0,1.0,0,0
THREE BUCKLEY,3600000.0,2368.08,1520.0,2021-10-01,220.0,16364.0,1.31701521407942,103.839874378926,3 BUCKLEY ROAD THREE BUCKLEY SINGAPORE 309752,3.9597883177789663,48.0,3,1,3,14,12,7,1.0,1.0,0,0
368 THOMSON,1112000.0,688.9,1614.0,2021-10-01,64.0,17375.0,1.3270913316471,103.841978573745,368 THOMSON ROAD 368 THOMSON SINGAPORE 298127,4.977697388092409,48.0,3,0,3,12,16,4,4.0,1.0,1,0
DUNEARN 386,1522000.0,645.84,2357.0,2021-10-01,60.0,25367.0,1.32443998997673,103.81183629155,386 DUNEARN ROAD DUNEARN 386 SINGAPORE 289599,6.3240665481399505,48.0,4,1,0,13,7,8,1.0,0.0,0,0
MONTEBLEU,2460000.0,1474.67,1668.0,2021-10-01,137.0,17956.0,1.32378273509884,103.850102052541,8 MINBU ROAD MONTEBLEU SINGAPORE 308162,4.510651977234295,48.0,1,3,4,12,18,4,6.0,1.0,1,0
THOMSON 800,2330000.0,1431.61,1628.0,2021-10-01,133.0,17519.0,1.3411028334318,103.838741075921,808 THOMSON ROAD THOMSON 800 SINGAPORE 298190,6.567971581242121,48.0,4,1,0,13,13,2,1.0,1.0,1,0
NEU AT NOVENA,3098760.0,1302.44,2379.0,2021-10-01,121.0,25610.0,1.31961486592659,103.845969245127,27 MOULMEIN RISE NEU AT NOVENA SINGAPORE 308140,4.087211641971712,48.0,1,2,4,14,13,7,3.0,0.0,0,0
26 NEWTON,1688995.0,775.01,2179.0,2021-10-01,72.0,23458.0,1.3156928164724,103.841615456446,26 NEWTON ROAD 26 NEWTON SINGAPORE 307957,3.762851610410245,48.0,3,2,2,14,13,6,2.0,1.0,0,0
THE SHELFORD,3220000.0,1593.07,2021.0,2021-10-01,148.0,21757.0,1.32561376215123,103.810731205358,1E SHELFORD ROAD THE SHELFORD SINGAPORE 286890,6.502869662773255,48.0,4,1,0,12,7,8,1.0,1.0,1,0
PULLMAN RESIDENCES NEWTON,3254000.0,1162.51,2799.0,2021-10-01,108.0,30130.0,1.31467262956125,103.839010845653,"18 DUNEARN ROAD PULLMAN RESIDENCES, NEWTON SINGAPORE 309421",3.747758902511321,48.0,3,1,2,14,10,6,2.0,0.0,0,0
AMANINDA,1815000.0,1216.33,1492.0,2021-10-01,113.0,16062.0,1.32478729402026,103.840864419636,331 THOMSON ROAD AMANINDA SINGAPORE 307687,4.756316064412432,48.0,2,0,4,12,14,5,1.0,1.0,1,0
35 GILSTEAD,1239000.0,473.62,2616.0,2021-10-01,44.0,28159.0,1.31711023904743,103.837956844749,35 GILSTEAD ROAD 35 GILSTEAD SINGAPORE 309079,4.041420945749914,48.0,3,1,2,14,12,6,1.0,0.0,0,0
EVELYN MANSIONS,1520000.0,796.54,1908.0,2021-10-01,74.0,20541.0,1.31649465009912,103.839103883927,20 EVELYN ROAD EVELYN MANSIONS SINGAPORE 309309,3.933183708587904,48.0,3,1,2,14,12,7,2.0,1.0,0,0
AMARYLLIS VILLE,1690000.0,958.0,1764.0,2021-10-01,89.0,18989.0,1.31478233515073,103.841958399488,22 NEWTON ROAD AMARYLLIS VILLE SINGAPORE 307990,3.655547978307824,48.0,3,2,2,14,13,6,4.0,1.0,1,0
SKY@ELEVEN,4630000.0,2712.53,1707.0,2021-10-01,252.0,18373.0,1.33127079751604,103.841021896647,7 THOMSON LANE SKY@ELEVEN SINGAPORE 297725,5.451828930281204,48.0,4,1,3,12,15,2,2.0,1.0,1,0
6 DERBYSHIRE,2190000.0,1011.82,2164.0,2021-10-01,94.0,23298.0,1.31568172551155,103.845880417376,6 DERBYSHIRE ROAD 6 DERBYSHIRE SINGAPORE 309462,3.6584167943606625,48.0,3,2,2,14,13,6,5.0,1.0,1,0
RESIDENCES @ EVELYN,4775000.0,2249.68,2123.0,2021-10-01,209.0,22847.0,1.31548497427322,103.839467418834,17 EVELYN ROAD RESIDENCES @ EVELYN SINGAPORE 309306,3.814435565431148,48.0,3,1,2,14,12,6,3.0,1.0,1,0
THE ARCADIA,4500000.0,4650.05,968.0,2021-10-01,432.0,10417.0,1.33337474399547,103.811275631559,235 ARCADIA ROAD THE ARCADIA SINGAPORE 289843,7.111379394487015,48.0,1,0,0,9,6,5,1.0,1.0,1,0
THOMSON EURO-ASIA,2288000.0,1130.22,2024.0,2021-10-01,105.0,21790.0,1.31805872665983,103.844682051372,150 THOMSON ROAD THOMSON EURO-ASIA SINGAPORE 307605,3.9398634725298134,48.0,3,2,3,14,14,7,2.0,1.0,1,0
HILLCREST ARCADIA,1120000.0,1097.93,1020.0,2021-10-01,102.0,10980.0,1.33377798542711,103.808806606762,255 ARCADIA ROAD HILLCREST ARCADIA SINGAPORE 289850,7.319529262671842,48.0,1,0,0,9,6,5,1.0,1.0,1,0
MONTEBLEU,2650000.0,1754.53,1510.0,2021-10-01,163.0,16258.0,1.32378273509884,103.850102052541,8 MINBU ROAD MONTEBLEU SINGAPORE 308162,4.510651977234295,48.0,1,3,4,12,18,4,1.0,1.0,1,0
THREE BUCKLEY,3428000.0,2238.91,1531.0,2021-10-01,208.0,16481.0,1.31701521407942,103.839874378926,3 BUCKLEY ROAD THREE BUCKLEY SINGAPORE 309752,3.9597883177789663,48.0,3,1,3,14,12,7,1.0,1.0,0,0
SHELFORD REGENCY,1680000.0,1065.64,1577.0,2021-10-01,99.0,16970.0,1.32659730501812,103.811332907782,65 SHELFORD ROAD SHELFORD REGENCY SINGAPORE 288455,6.53669061517323,48.0,3,1,0,13,7,8,1.0,1.0,1,0
ONE AKYAB,2308888.0,1829.88,1262.0,2021-10-01,170.0,13582.0,1.32272793298026,103.847658788312,1 AKYAB ROAD ONE AKYAB SINGAPORE 309972,4.408619970701734,48.0,1,3,4,12,14,6,1.0,1.0,0,0
AMANINDA,1048000.0,678.13,1545.0,2021-10-01,63.0,16635.0,1.32478729402026,103.840864419636,331 THOMSON ROAD AMANINDA SINGAPORE 307687,4.756316064412432,48.0,2,0,4,12,14,5,1.0,1.0,1,0
THE AXIS,1100000.0,753.48,1460.0,2021-10-01,70.0,15714.0,1.32462194319897,103.849957588255,47 MANDALAY ROAD THE AXIS SINGAPORE 308227,4.6038020641452535,48.0,2,3,4,12,19,4,3.0,1.0,0,0
TRILIGHT,2510000.0,1162.51,2159.0,2021-10-01,108.0,23241.0,1.31447883237245,103.839899712589,7 NEWTON ROAD TRILIGHT SINGAPORE 307945,3.693489005647367,48.0,3,1,2,14,10,5,4.0,1.0,1,0
THOMSON EURO-ASIA,2350000.0,1130.22,2079.0,2021-10-01,105.0,22381.0,1.31805872665983,103.844682051372,150 THOMSON ROAD THOMSON EURO-ASIA SINGAPORE 307605,3.9398634725298134,48.0,3,2,3,14,14,7,4.0,1.0,1,0
ROCHELLE AT NEWTON,2238000.0,1356.26,1650.0,2021-10-01,126.0,17762.0,1.31404425678498,103.841922909924,188 KENG LEE ROAD ROCHELLE AT NEWTON SINGAPORE 308414,3.578271566582672,48.0,3,2,2,14,11,6,3.0,1.0,1,0
PEAK RESIDENCE,1942500.0,828.83,2344.0,2021-10-01,77.0,25227.0,1.32534460429599,103.840724426138,333 THOMSON ROAD PEAK RESIDENCE SINGAPORE 307675,4.8198774142707626,48.0,2,0,4,12,14,5,1.0,0.0,1,0
RESIDENCES @ EVELYN,2400000.0,1140.98,2103.0,2021-10-01,106.0,22642.0,1.31548497427322,103.839467418834,17 EVELYN ROAD RESIDENCES @ EVELYN SINGAPORE 309306,3.814435565431148,48.0,3,1,2,14,12,6,3.0,1.0,1,0
THE ARCADIA,4100000.0,3778.16,1085.0,2021-10-01,351.0,11681.0,1.33337474399547,103.811275631559,235 ARCADIA ROAD THE ARCADIA SINGAPORE 289843,7.111379394487015,48.0,1,0,0,9,6,5,1.0,1.0,1,0
NEU AT NOVENA,3098760.0,1302.44,2379.0,2021-10-01,121.0,25610.0,1.31961486592659,103.845969245127,27 MOULMEIN RISE NEU AT NOVENA SINGAPORE 308140,4.087211641971712,48.0,1,2,4,14,13,7,3.0,0.0,0,0
ENG AUN MANSION,1200000.0,871.88,1376.0,2021-10-01,81.0,14815.0,1.32375032517822,103.842119363653,322 THOMSON ROAD ENG AUN MANSION SINGAPORE 307665,4.613078068976608,48.0,2,0,4,13,13,5,1.0,1.0,0,0
TREVOSE PARK,2950000.0,1700.71,1735.0,2021-10-01,158.0,18671.0,1.32530422394989,103.825473045143,68 TREVOSE CRESCENT TREVOSE PARK SINGAPORE 298069,5.472884262180392,48.0,2,0,0,12,6,5,1.0,1.0,1,0
AMARYLLIS VILLE,2900000.0,1689.95,1716.0,2021-09-01,157.0,18471.0,1.31478233515073,103.841958399488,22 NEWTON ROAD AMARYLLIS VILLE SINGAPORE 307990,3.655547978307824,49.0,3,2,2,14,13,6,5.0,1.0,1,0
SHELFORD REGENCY,1888000.0,1151.75,1639.0,2021-09-01,107.0,17645.0,1.32659730501812,103.811332907782,65 SHELFORD ROAD SHELFORD REGENCY SINGAPORE 288455,6.53669061517323,49.0,3,1,0,13,7,8,1.0,1.0,1,0
MANDALE HEIGHTS,1300000.0,818.06,1589.0,2021-09-01,76.0,17105.0,1.32433421345059,103.849717961403,45 MANDALAY ROAD MANDALE HEIGHTS SINGAPORE 308225,4.572750960660567,49.0,2,3,4,12,19,4,2.0,1.0,0,0
PULLMAN RESIDENCES NEWTON,3270000.0,1162.51,2813.0,2021-09-01,108.0,30278.0,1.31467262956125,103.839010845653,"18 DUNEARN ROAD PULLMAN RESIDENCES, NEWTON SINGAPORE 309421",3.747758902511321,49.0,3,1,2,14,10,6,2.0,0.0,0,0
35 GILSTEAD,1420000.0,559.73,2537.0,2021-09-01,52.0,27308.0,1.31711023904743,103.837956844749,35 GILSTEAD ROAD 35 GILSTEAD SINGAPORE 309079,4.041420945749914,49.0,3,1,2,14,12,6,1.0,0.0,0,0
MONTEBLEU,2600000.0,1593.07,1632.0,2021-09-01,148.0,17568.0,1.32378273509884,103.850102052541,8 MINBU ROAD MONTEBLEU SINGAPORE 308162,4.510651977234295,49.0,1,3,4,12,18,4,7.0,1.0,1,0
ROCHELLE AT NEWTON,1780000.0,1011.82,1759.0,2021-09-01,94.0,18936.0,1.31404425678498,103.841922909924,188 KENG LEE ROAD ROCHELLE AT NEWTON SINGAPORE 308414,3.578271566582672,49.0,3,2,2,14,11,6,3.0,1.0,1,0
TREVOSE PARK,3150000.0,1700.71,1852.0,2021-09-01,158.0,19937.0,1.32530422394989,103.825473045143,68 TREVOSE CRESCENT TREVOSE PARK SINGAPORE 298069,5.472884262180392,49.0,2,0,0,12,6,5,1.0,1.0,1,0
SKY@ELEVEN,4800000.0,2820.17,1702.0,2021-09-01,262.0,18321.0,1.33127079751604,103.841021896647,7 THOMSON LANE SKY@ELEVEN SINGAPORE 297725,5.451828930281204,49.0,4,1,3,12,15,2,1.0,1.0,1,0
NEWTON 18,1920000.0,1076.4,1784.0,2021-09-01,100.0,19200.0,1.31429426375311,103.841150697585,18 NEWTON ROAD NEWTON 18 SINGAPORE 307989,3.6298212404791177,49.0,3,1,2,14,10,6,1.0,1.0,0,0
THREE BUCKLEY,3398800.0,2206.62,1540.0,2021-09-01,205.0,16580.0,1.31701521407942,103.839874378926,3 BUCKLEY ROAD THREE BUCKLEY SINGAPORE 309752,3.9597883177789663,49.0,3,1,3,14,12,7,1.0,1.0,0,0
DUNEARN LODGE,1225000.0,968.76,1265.0,2021-09-01,90.0,13611.0,1.32496337821747,103.810317115677,408 DUNEARN ROAD DUNEARN LODGE SINGAPORE 289674,6.483049793483383,49.0,4,1,0,12,7,8,1.0,1.0,0,0
26 NEWTON,1815000.0,775.01,2342.0,2021-09-01,72.0,25208.0,1.3156928164724,103.841615456446,26 NEWTON ROAD 26 NEWTON SINGAPORE 307957,3.762851610410245,49.0,3,2,2,14,13,6,3.0,1.0,0,0
ADAM PARK CONDOMINIUM,1970000.0,1259.39,1564.0,2021-09-01,117.0,16838.0,1.32804489589413,103.813395586111,27A ADAM ROAD ADAM PARK CONDOMINIUM SINGAPORE 289900,6.5056226819707295,49.0,3,1,0,13,7,8,1.0,1.0,1,0
AMARYLLIS VILLE,1635000.0,958.0,1707.0,2021-09-01,89.0,18371.0,1.31478233515073,103.841958399488,22 NEWTON ROAD AMARYLLIS VILLE SINGAPORE 307990,3.655547978307824,49.0,3,2,2,14,13,6,3.0,1.0,1,0
LINCOLN SUITES,7768636.0,5597.28,1388.0,2021-09-01,520.0,14940.0,1.31710864002609,103.842743087159,3 KHIANG GUAN AVENUE LINCOLN SUITES SINGAPORE 308381,3.881888940990309,49.0,3,2,3,14,13,7,6.0,1.0,1,0
LINCOLN SUITES,3450000.0,1614.6,2137.0,2021-09-01,150.0,23000.0,1.31710864002609,103.842743087159,3 KHIANG GUAN AVENUE LINCOLN SUITES SINGAPORE 308381,3.881888940990309,49.0,3,2,3,14,13,7,5.0,1.0,1,0
THE ARCADIA,3980000.0,3821.22,1042.0,2021-09-01,355.0,11211.0,1.33337474399547,103.811275631559,235 ARCADIA ROAD THE ARCADIA SINGAPORE 289843,7.111379394487015,49.0,1,0,0,9,6,5,1.0,1.0,1,0
THREE BUCKLEY,3550000.0,2368.08,1499.0,2021-09-01,220.0,16136.0,1.31701521407942,103.839874378926,3 BUCKLEY ROAD THREE BUCKLEY SINGAPORE 309752,3.9597883177789663,49.0,3,1,3,14,12,7,1.0,1.0,0,0
ORCHID APARTMENTS,2300000.0,1356.26,1696.0,2021-09-01,126.0,18254.0,1.33377941780318,103.798570834569,42 ENG NEO AVENUE ORCHID APARTMENTS SINGAPORE 289533,8.097727085030213,49.0,1,0,0,5,6,3,1.0,1.0,0,0
HILLCREST ARCADIA,1538000.0,1420.85,1082.0,2021-09-01,132.0,11652.0,1.33377798542711,103.808806606762,255 ARCADIA ROAD HILLCREST ARCADIA SINGAPORE 289850,7.319529262671842,49.0,1,0,0,9,6,5,1.0,1.0,1,0
LA SUISSE,5180000.0,4090.32,1266.0,2021-09-01,380.0,13632.0,1.34663071510795,103.789436674932,1 SWISS VIEW LA SUISSE SINGAPORE 288007,9.820715471095133,49.0,0,0,0,1,1,2,2.0,1.0,1,0
SOLEIL @ SINARAN,3450000.0,1722.24,2003.0,2021-09-01,160.0,21563.0,1.31960020004528,103.845271738384,2 SINARAN DRIVE SOLEIL @ SINARAN SINGAPORE 307467,4.096964545722665,49.0,1,1,4,14,14,7,5.0,1.0,1,0
THOMSON 800,2120000.0,1345.5,1576.0,2021-09-01,125.0,16960.0,1.3411028334318,103.838741075921,808 THOMSON ROAD THOMSON 800 SINGAPORE 298190,6.567971581242121,49.0,4,1,0,13,13,2,1.0,1.0,1,0
26 NEWTON,1750000.0,850.36,2058.0,2021-09-01,79.0,22152.0,1.3156928164724,103.841615456446,26 NEWTON ROAD 26 NEWTON SINGAPORE 307957,3.762851610410245,49.0,3,2,2,14,13,6,1.0,1.0,0,0
PULLMAN RESIDENCES NEWTON,1941000.0,667.37,2908.0,2021-09-01,62.0,31306.0,1.31467262956125,103.839010845653,"18 DUNEARN ROAD PULLMAN RESIDENCES, NEWTON SINGAPORE 309421",3.747758902511321,49.0,3,1,2,14,10,6,3.0,0.0,0,0
L'VIV,1250000.0,613.55,2037.0,2021-09-01,57.0,21930.0,1.31544838531983,103.840354841468,23 NEWTON ROAD L'VIV SINGAPORE 307955,3.778505845346688,49.0,3,1,2,14,12,6,2.0,1.0,0,0
DUNEARN 386,1525000.0,667.37,2285.0,2021-09-01,62.0,24597.0,1.32443998997673,103.81183629155,386 DUNEARN ROAD DUNEARN 386 SINGAPORE 289599,6.3240665481399505,49.0,4,1,0,13,7,8,1.0,0.0,0,0
TRILIGHT,2460000.0,1162.51,2116.0,2021-09-01,108.0,22778.0,1.31447883237245,103.839899712589,7 NEWTON ROAD TRILIGHT SINGAPORE 307945,3.693489005647367,49.0,3,1,2,14,10,5,3.0,1.0,1,0
LINCOLN SUITES,3880000.0,1840.64,2108.0,2021-09-01,171.0,22690.0,1.31710864002609,103.842743087159,3 KHIANG GUAN AVENUE LINCOLN SUITES SINGAPORE 308381,3.881888940990309,49.0,3,2,3,14,13,7,4.0,1.0,1,0
368 THOMSON,1450000.0,882.65,1643.0,2021-09-01,82.0,17683.0,1.3270913316471,103.841978573745,368 THOMSON ROAD 368 THOMSON SINGAPORE 298127,4.977697388092409,49.0,3,0,3,12,16,4,3.0,1.0,1,0
SKY@ELEVEN,4000000.0,1851.41,2161.0,2021-09-01,172.0,23256.0,1.33127079751604,103.841021896647,7 THOMSON LANE SKY@ELEVEN SINGAPORE 297725,5.451828930281204,49.0,4,1,3,12,15,2,8.0,1.0,1,0
AMARYLLIS VILLE,1650000.0,958.0,1722.0,2021-09-01,89.0,18539.0,1.31478233515073,103.841958399488,22 NEWTON ROAD AMARYLLIS VILLE SINGAPORE 307990,3.655547978307824,49.0,3,2,2,14,13,6,3.0,1.0,1,0
10 SHELFORD,920000.0,818.06,1125.0,2021-09-01,76.0,12105.0,1.32580825364563,103.812516919467,10 SHELFORD ROAD 10 SHELFORD SINGAPORE 288353,6.383468750218335,49.0,3,1,0,13,7,8,1.0,1.0,0,0
35 GILSTEAD,2280000.0,871.88,2615.0,2021-09-01,81.0,28148.0,1.31711023904743,103.837956844749,35 GILSTEAD ROAD 35 GILSTEAD SINGAPORE 309079,4.041420945749914,49.0,3,1,2,14,12,6,1.0,0.0,0,0
PULLMAN RESIDENCES NEWTON,1970000.0,667.37,2952.0,2021-09-01,62.0,31774.0,1.31467262956125,103.839010845653,"18 DUNEARN ROAD PULLMAN RESIDENCES, NEWTON SINGAPORE 309421",3.747758902511321,49.0,3,1,2,14,10,6,3.0,0.0,0,0
26 NEWTON,1838000.0,775.01,2372.0,2021-09-01,72.0,25528.0,1.3156928164724,103.841615456446,26 NEWTON ROAD 26 NEWTON SINGAPORE 307957,3.762851610410245,49.0,3,2,2,14,13,6,5.0,1.0,0,0
MINBU VILLA,2800000.0,2335.79,1199.0,2021-09-01,217.0,12903.0,1.32578698013765,103.848059253669,56 MINBU ROAD MINBU VILLA SINGAPORE 308185,4.742470181311283,49.0,2,2,4,12,20,3,2.0,1.0,0,0
GLOUCESTER MANSIONS,1200000.0,656.6,1828.0,2021-09-01,61.0,19672.0,1.31369315585356,103.840387458086,10 NEWTON ROAD GLOUCESTER MANSIONS SINGAPORE 307947,3.5935288260621085,49.0,3,1,2,14,10,5,2.0,1.0,0,0
26 NEWTON,1779336.0,775.01,2296.0,2021-09-01,72.0,24713.0,1.3156928164724,103.841615456446,26 NEWTON ROAD 26 NEWTON SINGAPORE 307957,3.762851610410245,49.0,3,2,2,14,13,6,2.0,1.0,0,0
TRILIGHT,4300000.0,2109.74,2038.0,2021-09-01,196.0,21939.0,1.31447883237245,103.839899712589,7 NEWTON ROAD TRILIGHT SINGAPORE 307945,3.693489005647367,49.0,3,1,2,14,10,5,5.0,1.0,1,0
THE GLYNDEBOURNE,4300000.0,1991.34,2159.0,2021-09-01,185.0,23243.0,1.32222533352038,103.823597825035,38 TREVOSE CRESCENT THE GLYNDEBOURNE SINGAPORE 297722,5.30213333703159,49.0,4,0,0,14,6,4,1.0,1.0,1,0
DUNEARN 386,2113000.0,914.94,2309.0,2021-09-01,85.0,24859.0,1.32443998997673,103.81183629155,386 DUNEARN ROAD DUNEARN 386 SINGAPORE 289599,6.3240665481399505,49.0,4,1,0,13,7,8,1.0,0.0,0,0
GREENDALE COURT,2500000.0,1872.94,1335.0,2021-09-01,174.0,14368.0,1.33164133751616,103.807082527595,5 GREENDALE AVENUE GREENDALE COURT SINGAPORE 289501,7.267534231861783,49.0,1,0,0,9,6,6,1.0,1.0,0,0
SHELFORD VIEW,4100000.0,2691.0,1524.0,2021-09-01,250.0,16400.0,1.32890152807378,103.812100334091,26 SHELFORD ROAD SHELFORD VIEW SINGAPORE 288420,6.671056863615499,49.0,3,1,0,12,7,6,1.0,1.0,1,0
35 GILSTEAD,1299000.0,484.38,2682.0,2021-09-01,45.0,28867.0,1.31711023904743,103.837956844749,35 GILSTEAD ROAD 35 GILSTEAD SINGAPORE 309079,4.041420945749914,49.0,3,1,2,14,12,6,1.0,0.0,0,0
GLOUCESTER MANSIONS,1163888.0,656.6,1773.0,2021-09-01,61.0,19080.0,1.31369315585356,103.840387458086,10 NEWTON ROAD GLOUCESTER MANSIONS SINGAPORE 307947,3.5935288260621085,49.0,3,1,2,14,10,5,2.0,1.0,0,0
PEAK RESIDENCE,2700000.0,1087.16,2484.0,2021-09-01,101.0,26733.0,1.32534460429599,103.840724426138,333 THOMSON ROAD PEAK RESIDENCE SINGAPORE 307675,4.8198774142707626,49.0,2,0,4,12,14,5,1.0,0.0,1,0
RESIDENCES @ EVELYN,4600000.0,2249.68,2045.0,2021-09-01,209.0,22010.0,1.31548497427322,103.839467418834,17 EVELYN ROAD RESIDENCES @ EVELYN SINGAPORE 309306,3.814435565431148,49.0,3,1,2,14,12,6,2.0,1.0,1,0
L'VIV,2020000.0,990.29,2040.0,2021-09-01,92.0,21957.0,1.31544838531983,103.840354841468,23 NEWTON ROAD L'VIV SINGAPORE 307955,3.778505845346688,49.0,3,1,2,14,12,6,4.0,1.0,0,0
TRILIGHT,4000000.0,2098.98,1906.0,2021-09-01,195.0,20513.0,1.31447883237245,103.839899712589,7 NEWTON ROAD TRILIGHT SINGAPORE 307945,3.693489005647367,49.0,3,1,2,14,10,5,2.0,1.0,1,0
CUBE 8,2150000.0,1334.74,1611.0,2021-09-01,124.0,17339.0,1.3283636088892,103.841418362322,376 THOMSON ROAD CUBE 8 SINGAPORE 298130,5.12816729630684,49.0,3,0,3,12,14,4,6.0,1.0,1,0
DUNEARN 386,1528000.0,645.84,2366.0,2021-09-01,60.0,25467.0,1.32443998997673,103.81183629155,386 DUNEARN ROAD DUNEARN 386 SINGAPORE 289599,6.3240665481399505,49.0,4,1,0,13,7,8,1.0,0.0,0,0
HILLCREST ARCADIA,3050000.0,2432.66,1254.0,2021-09-01,226.0,13496.0,1.33377798542711,103.808806606762,255 ARCADIA ROAD HILLCREST ARCADIA SINGAPORE 289850,7.319529262671842,49.0,1,0,0,9,6,5,2.0,1.0,1,0
KHEAM HOCK GARDENS,2600000.0,1765.3,1473.0,2021-09-01,164.0,15854.0,1.32865923404591,103.820422048241,38 KHEAM HOCK ROAD KHEAM HOCK GARDENS SINGAPORE 298808,6.088572564604005,49.0,2,1,0,11,7,5,1.0,1.0,1,0
10 SHELFORD,815000.0,430.56,1893.0,2021-09-01,40.0,20375.0,1.32580825364563,103.812516919467,10 SHELFORD ROAD 10 SHELFORD SINGAPORE 288353,6.383468750218335,49.0,3,1,0,13,7,8,1.0,1.0,0,0
THE SPRINGS,2300000.0,1367.03,1682.0,2021-09-01,127.0,18110.0,1.31911757962448,103.846655980088,3 MOULMEIN RISE THE SPRINGS SINGAPORE 308144,4.022851100975091,49.0,1,2,4,14,12,7,4.0,1.0,0,0
BIRMINGHAM MANSIONS,1850000.0,1065.64,1736.0,2021-09-01,99.0,18687.0,1.3177326204316,103.844909211296,130 THOMSON ROAD BIRMINGHAM MANSIONS SINGAPORE 307682,3.8999150436492296,49.0,3,2,3,14,14,7,3.0,1.0,0,0
SKY@ELEVEN,4088000.0,2271.2,1800.0,2021-09-01,211.0,19374.0,1.33127079751604,103.841021896647,7 THOMSON LANE SKY@ELEVEN SINGAPORE 297725,5.451828930281204,49.0,4,1,3,12,15,2,3.0,1.0,1,0
THE SHELFORD,2290000.0,1033.34,2216.0,2021-09-01,96.0,23854.0,1.32561376215123,103.810731205358,1E SHELFORD ROAD THE SHELFORD SINGAPORE 286890,6.502869662773255,49.0,4,1,0,12,7,8,1.0,1.0,1,0
PARK INFINIA AT WEE NAM,3088000.0,1442.38,2141.0,2021-09-01,134.0,23045.0,1.31441386999901,103.843291191875,2A LINCOLN ROAD PARK INFINIA AT WEE NAM SINGAPORE 308364,3.57796230174373,49.0,3,2,2,14,11,6,1.0,1.0,1,0
GILSTEAD TWO,1555000.0,775.01,2006.0,2021-09-01,72.0,21597.0,1.31496035037871,103.838459402687,2 GILSTEAD ROAD GILSTEAD TWO SINGAPORE 309061,3.799617052654486,49.0,3,1,3,14,10,6,4.0,1.0,0,0
CHANCERY PARK,2950000.0,1679.18,1757.0,2021-09-01,156.0,18910.0,1.31928907823444,103.836653265191,11 CHANCERY LANE CHANCERY PARK SINGAPORE 309502,4.318653130172045,49.0,3,1,3,14,11,5,1.0,1.0,1,0
RESIDENCES @ EVELYN,2150000.0,1140.98,1884.0,2021-09-01,106.0,20283.0,1.31548497427322,103.839467418834,17 EVELYN ROAD RESIDENCES @ EVELYN SINGAPORE 309306,3.814435565431148,49.0,3,1,2,14,12,6,2.0,1.0,1,0
PULLMAN RESIDENCES NEWTON,4005000.0,1377.79,2907.0,2021-09-01,128.0,31289.0,1.31467262956125,103.839010845653,"18 DUNEARN ROAD PULLMAN RESIDENCES, NEWTON SINGAPORE 309421",3.747758902511321,49.0,3,1,2,14,10,6,3.0,0.0,0,0
M21,2310000.0,1345.5,1717.0,2021-09-01,125.0,18480.0,1.32252212187302,103.848891107309,21 MANDALAY ROAD M21 SINGAPORE 308208,4.376450490663607,49.0,1,3,4,12,14,6,3.0,1.0,0,0
ADAM PARK CONDOMINIUM,3300000.0,2734.06,1207.0,2021-09-01,254.0,12992.0,1.32804489589413,103.813395586111,27A ADAM ROAD ADAM PARK CONDOMINIUM SINGAPORE 289900,6.5056226819707295,49.0,3,1,0,13,7,8,1.0,1.0,1,0
MONTEBLEU,1510000.0,850.36,1776.0,2021-09-01,79.0,19114.0,1.32378273509884,103.850102052541,8 MINBU ROAD MONTEBLEU SINGAPORE 308162,4.510651977234295,49.0,1,3,4,12,18,4,5.0,1.0,1,0
THE LINCOLN MODERN,1750000.0,1108.69,1578.0,2021-09-01,103.0,16990.0,1.31532312585557,103.843055868846,20 LINCOLN ROAD THE LINCOLN MODERN SINGAPORE 308353,3.681849969048285,49.0,3,2,2,14,13,6,3.0,1.0,0,0
AMARYLLIS VILLE,1680000.0,979.52,1715.0,2021-09-01,91.0,18462.0,1.31478233515073,103.841958399488,22 NEWTON ROAD AMARYLLIS VILLE SINGAPORE 307990,3.655547978307824,49.0,3,2,2,14,13,6,2.0,1.0,1,0
NEU AT NOVENA,3228960.0,1302.44,2479.0,2021-09-01,121.0,26686.0,1.31961486592659,103.845969245127,27 MOULMEIN RISE NEU AT NOVENA SINGAPORE 308140,4.087211641971712,49.0,1,2,4,14,13,7,4.0,0.0,0,0
THE GLYNDEBOURNE,3100000.0,1474.67,2102.0,2021-09-01,137.0,22628.0,1.32222533352038,103.823597825035,38 TREVOSE CRESCENT THE GLYNDEBOURNE SINGAPORE 297722,5.30213333703159,49.0,4,0,0,14,6,4,1.0,1.0,1,0
PARK INFINIA AT WEE NAM,2550000.0,1130.22,2256.0,2021-09-01,105.0,24286.0,1.31441386999901,103.843291191875,2A LINCOLN ROAD PARK INFINIA AT WEE NAM SINGAPORE 308364,3.57796230174373,49.0,3,2,2,14,11,6,6.0,1.0,1,0
NEU AT NOVENA,3098760.0,1302.44,2379.0,2021-09-01,121.0,25610.0,1.31961486592659,103.845969245127,27 MOULMEIN RISE NEU AT NOVENA SINGAPORE 308140,4.087211641971712,49.0,1,2,4,14,13,7,3.0,0.0,0,0
26 NEWTON,1870000.0,775.01,2413.0,2021-08-01,72.0,25972.0,1.3156928164724,103.841615456446,26 NEWTON ROAD 26 NEWTON SINGAPORE 307957,3.762851610410245,50.0,3,2,2,14,13,6,5.0,1.0,0,0
6 DERBYSHIRE,1100000.0,516.67,2129.0,2021-08-01,48.0,22917.0,1.31568172551155,103.845880417376,6 DERBYSHIRE ROAD 6 DERBYSHIRE SINGAPORE 309462,3.6584167943606625,50.0,3,2,2,14,13,6,3.0,1.0,1,0
ORCHID APARTMENTS,2110000.0,1356.26,1556.0,2021-08-01,126.0,16746.0,1.33377941780318,103.798570834569,42 ENG NEO AVENUE ORCHID APARTMENTS SINGAPORE 289533,8.097727085030213,50.0,1,0,0,5,6,3,1.0,1.0,0,0
PARK INFINIA AT WEE NAM,1925000.0,893.41,2155.0,2021-08-01,83.0,23193.0,1.31441386999901,103.843291191875,2A LINCOLN ROAD PARK INFINIA AT WEE NAM SINGAPORE 308364,3.57796230174373,50.0,3,2,2,14,11,6,1.0,1.0,1,0
BUCKLEY CLASSIQUE,2850000.0,1410.08,2021.0,2021-08-01,131.0,21756.0,1.3179599892541,103.840328123302,11 BUCKLEY ROAD BUCKLEY CLASSIQUE SINGAPORE 309767,4.044031983866686,50.0,3,1,3,14,13,7,1.0,1.0,1,0
ENG AUN MANSION,1300000.0,1001.05,1299.0,2021-08-01,93.0,13978.0,1.32375032517822,103.842119363653,322 THOMSON ROAD ENG AUN MANSION SINGAPORE 307665,4.613078068976608,50.0,2,0,4,13,13,5,1.0,1.0,0,0
NEWTON 18,3430000.0,2195.86,1562.0,2021-08-01,204.0,16814.0,1.31429426375311,103.841150697585,18 NEWTON ROAD NEWTON 18 SINGAPORE 307989,3.6298212404791177,50.0,3,1,2,14,10,6,6.0,1.0,0,0
M21,2288200.0,1345.5,1701.0,2021-08-01,125.0,18306.0,1.32252212187302,103.848891107309,21 MANDALAY ROAD M21 SINGAPORE 308208,4.376450490663607,50.0,1,3,4,12,14,6,3.0,1.0,0,0
THE GLYNDEBOURNE,3180000.0,1474.67,2156.0,2021-08-01,137.0,23212.0,1.32222533352038,103.823597825035,38 TREVOSE CRESCENT THE GLYNDEBOURNE SINGAPORE 297722,5.30213333703159,50.0,4,0,0,14,6,4,1.0,1.0,1,0
26 NEWTON,1750000.0,775.01,2258.0,2021-08-01,72.0,24306.0,1.3156928164724,103.841615456446,26 NEWTON ROAD 26 NEWTON SINGAPORE 307957,3.762851610410245,50.0,3,2,2,14,13,6,2.0,1.0,0,0
THE GLYNDEBOURNE,2163888.0,1044.11,2072.0,2021-08-01,97.0,22308.0,1.32222533352038,103.823597825035,38 TREVOSE CRESCENT THE GLYNDEBOURNE SINGAPORE 297722,5.30213333703159,50.0,4,0,0,14,6,4,1.0,1.0,1,0
BASSEIN COURT,2050000.0,1399.32,1465.0,2021-08-01,130.0,15769.0,1.32276560882225,103.848248500031,5 BASSEIN ROAD BASSEIN COURT SINGAPORE 309836,4.407725960777773,50.0,1,3,4,12,14,6,2.0,1.0,0,0
THOMSON 800,2650000.0,1625.36,1630.0,2021-08-01,151.0,17550.0,1.3411028334318,103.838741075921,808 THOMSON ROAD THOMSON 800 SINGAPORE 298190,6.567971581242121,50.0,4,1,0,13,13,2,2.0,1.0,1,0
SKY@ELEVEN,3930000.0,2271.2,1730.0,2021-08-01,211.0,18626.0,1.33127079751604,103.841021896647,7 THOMSON LANE SKY@ELEVEN SINGAPORE 297725,5.451828930281204,50.0,4,1,3,12,15,2,2.0,1.0,1,0
HILLCREST PARK,1880000.0,1151.75,1632.0,2021-08-01,107.0,17570.0,1.32993938799652,103.807632998932,56 HILLCREST ROAD HILLCREST PARK SINGAPORE 288927,7.08752375045944,50.0,1,1,0,11,6,6,1.0,1.0,0,0
368 THOMSON,1420000.0,882.65,1609.0,2021-08-01,82.0,17317.0,1.3270913316471,103.841978573745,368 THOMSON ROAD 368 THOMSON SINGAPORE 298127,4.977697388092409,50.0,3,0,3,12,16,4,3.0,1.0,1,0
THE GLYNDEBOURNE,3180000.0,1474.67,2156.0,2021-08-01,137.0,23212.0,1.32222533352038,103.823597825035,38 TREVOSE CRESCENT THE GLYNDEBOURNE SINGAPORE 297722,5.30213333703159,50.0,4,0,0,14,6,4,1.0,1.0,1,0
TAN TONG MENG TOWER,3700000.0,3239.96,1142.0,2021-08-01,301.0,12292.0,1.32776719893522,103.84161445288,370 THOMSON ROAD TAN TONG MENG TOWER SINGAPORE 298128,5.059128758808929,50.0,3,0,3,12,15,4,1.0,1.0,0,0
PASADENA,2610000.0,2809.4,929.0,2021-08-01,261.0,10000.0,1.31524471792011,103.845450576406,2A DERBYSHIRE ROAD PASADENA SINGAPORE 309470,3.61854926950923,50.0,4,2,2,14,13,6,4.0,1.0,0,0
GLOUCESTER MANSIONS,2170000.0,1162.51,1867.0,2021-08-01,108.0,20093.0,1.31369315585356,103.840387458086,10 NEWTON ROAD GLOUCESTER MANSIONS SINGAPORE 307947,3.5935288260621085,50.0,3,1,2,14,10,5,2.0,1.0,0,0
PARK INFINIA AT WEE NAM,3128000.0,1442.38,2169.0,2021-08-01,134.0,23343.0,1.31441386999901,103.843291191875,2A LINCOLN ROAD PARK INFINIA AT WEE NAM SINGAPORE 308364,3.57796230174373,50.0,3,2,2,14,11,6,2.0,1.0,1,0
THE ARCADIA,3920000.0,3735.11,1050.0,2021-08-01,347.0,11297.0,1.33337474399547,103.811275631559,235 ARCADIA ROAD THE ARCADIA SINGAPORE 289843,7.111379394487015,50.0,1,0,0,9,6,5,2.0,1.0,1,0
ADAM PARK CONDOMINIUM,2450000.0,1453.14,1686.0,2021-08-01,135.0,18148.0,1.32804489589413,103.813395586111,27A ADAM ROAD ADAM PARK CONDOMINIUM SINGAPORE 289900,6.5056226819707295,50.0,3,1,0,13,7,8,1.0,1.0,1,0
DUNEARN 386,2130000.0,914.94,2328.0,2021-08-01,85.0,25059.0,1.32443998997673,103.81183629155,386 DUNEARN ROAD DUNEARN 386 SINGAPORE 289599,6.3240665481399505,50.0,4,1,0,13,7,8,1.0,0.0,0,0
HILLCREST ARCADIA,2800000.0,2744.82,1020.0,2021-08-01,255.0,10980.0,1.33377798542711,103.808806606762,255 ARCADIA ROAD HILLCREST ARCADIA SINGAPORE 289850,7.319529262671842,50.0,1,0,0,9,6,5,1.0,1.0,1,0
DUNEARN 386,1538000.0,645.84,2381.0,2021-08-01,60.0,25633.0,1.32443998997673,103.81183629155,386 DUNEARN ROAD DUNEARN 386 SINGAPORE 289599,6.3240665481399505,50.0,4,1,0,13,7,8,1.0,0.0,0,0
TREVOSE PARK,3380000.0,1926.76,1754.0,2021-08-01,179.0,18883.0,1.32530422394989,103.825473045143,68 TREVOSE CRESCENT TREVOSE PARK SINGAPORE 298069,5.472884262180392,50.0,2,0,0,12,6,5,1.0,1.0,1,0
THE LINCOLN RESIDENCES,2800000.0,1323.97,2115.0,2021-08-01,123.0,22764.0,1.31537475902919,103.842399874258,28 SURREY ROAD THE LINCOLN RESIDENCES SINGAPORE 307762,3.70557482758304,50.0,3,2,2,14,13,6,4.0,1.0,1,0
ROCHELLE AT NEWTON,2400000.0,1506.96,1593.0,2021-08-01,140.0,17143.0,1.31404425678498,103.841922909924,188 KENG LEE ROAD ROCHELLE AT NEWTON SINGAPORE 308414,3.578271566582672,50.0,3,2,2,14,11,6,2.0,1.0,1,0
M21,1750000.0,1065.64,1642.0,2021-08-01,99.0,17677.0,1.32252212187302,103.848891107309,21 MANDALAY ROAD M21 SINGAPORE 308208,4.376450490663607,50.0,1,3,4,12,14,6,3.0,1.0,0,0
THE LINCOLN RESIDENCES,3739000.0,1980.58,1888.0,2021-08-01,184.0,20321.0,1.31537475902919,103.842399874258,28 SURREY ROAD THE LINCOLN RESIDENCES SINGAPORE 307762,3.70557482758304,50.0,3,2,2,14,13,6,4.0,1.0,1,0
6 DERBYSHIRE,1028888.0,473.62,2172.0,2021-08-01,44.0,23384.0,1.31568172551155,103.845880417376,6 DERBYSHIRE ROAD 6 DERBYSHIRE SINGAPORE 309462,3.6584167943606625,50.0,3,2,2,14,13,6,6.0,1.0,1,0
VIVA,3060000.0,1345.5,2274.0,2021-08-01,125.0,24480.0,1.31565586377638,103.844444721095,2 SUFFOLK WALK VIVA SINGAPORE 307462,3.683877967605451,50.0,3,2,2,14,13,6,3.0,1.0,1,0
THOMSON 800,2518888.0,1625.36,1550.0,2021-08-01,151.0,16681.0,1.3411028334318,103.838741075921,808 THOMSON ROAD THOMSON 800 SINGAPORE 298190,6.567971581242121,50.0,4,1,0,13,13,2,3.0,1.0,1,0
L'VIV,2080000.0,1001.05,2078.0,2021-08-01,93.0,22366.0,1.31544838531983,103.840354841468,23 NEWTON ROAD L'VIV SINGAPORE 307955,3.778505845346688,50.0,3,1,2,14,12,6,3.0,1.0,0,0
SOLEIL @ SINARAN,1720000.0,958.0,1795.0,2021-08-01,89.0,19326.0,1.31960020004528,103.845271738384,2 SINARAN DRIVE SOLEIL @ SINARAN SINGAPORE 307467,4.096964545722665,50.0,1,1,4,14,14,7,4.0,1.0,1,0
THE ARCADIA,4300000.0,3713.58,1158.0,2021-08-01,345.0,12464.0,1.33337474399547,103.811275631559,235 ARCADIA ROAD THE ARCADIA SINGAPORE 289843,7.111379394487015,50.0,1,0,0,9,6,5,2.0,1.0,1,0
THREE BUCKLEY,3300000.0,2185.09,1510.0,2021-08-01,203.0,16256.0,1.31701521407942,103.839874378926,3 BUCKLEY ROAD THREE BUCKLEY SINGAPORE 309752,3.9597883177789663,50.0,3,1,3,14,12,7,1.0,1.0,0,0
ADRIA,950000.0,538.2,1765.0,2021-08-01,50.0,19000.0,1.3164463549549,103.846258551824,12 DERBYSHIRE ROAD ADRIA SINGAPORE 309466,3.735780917193752,50.0,3,2,2,14,13,7,2.0,1.0,0,0
SOLEIL @ SINARAN,1680000.0,958.0,1754.0,2021-08-01,89.0,18876.0,1.31960020004528,103.845271738384,2 SINARAN DRIVE SOLEIL @ SINARAN SINGAPORE 307467,4.096964545722665,50.0,1,1,4,14,14,7,4.0,1.0,1,0
THE SPINNAKER,2150000.0,1302.44,1651.0,2021-08-01,121.0,17769.0,1.31408342873893,103.843984943567,13 SUFFOLK ROAD THE SPINNAKER SINGAPORE 307788,3.524598413114717,50.0,4,2,2,14,11,6,2.0,1.0,0,0
MANDALE HEIGHTS,3200000.0,2572.6,1244.0,2021-08-01,239.0,13389.0,1.32433421345059,103.849717961403,45 MANDALAY ROAD MANDALE HEIGHTS SINGAPORE 308225,4.572750960660567,50.0,2,3,4,12,19,4,4.0,1.0,0,0
L'VIV,1268000.0,613.55,2067.0,2021-08-01,57.0,22246.0,1.31544838531983,103.840354841468,23 NEWTON ROAD L'VIV SINGAPORE 307955,3.778505845346688,50.0,3,1,2,14,12,6,1.0,1.0,0,0
PAVILION 11,2488000.0,1485.43,1675.0,2021-08-01,138.0,18029.0,1.32458602112842,103.848173371262,23 AKYAB ROAD PAVILION 11 SINGAPORE 309978,4.609115779437775,50.0,2,3,5,12,18,5,1.0,1.0,1,0
D'CHATEAU @ SHELFORD,2150000.0,1614.6,1332.0,2021-08-01,150.0,14333.0,1.32809614767202,103.81198826246,25 SHELFORD ROAD D'CHATEAU @ SHELFORD SINGAPORE 288415,6.611737912544638,50.0,3,1,0,13,7,8,1.0,1.0,0,0
ROCHELLE AT NEWTON,2830000.0,1700.71,1664.0,2021-08-01,158.0,17911.0,1.31404425678498,103.841922909924,188 KENG LEE ROAD ROCHELLE AT NEWTON SINGAPORE 308414,3.578271566582672,50.0,3,2,2,14,11,6,1.0,1.0,1,0
DUNEARN 386,1179000.0,452.09,2608.0,2021-08-01,42.0,28071.0,1.32443998997673,103.81183629155,386 DUNEARN ROAD DUNEARN 386 SINGAPORE 289599,6.3240665481399505,50.0,4,1,0,13,7,8,1.0,0.0,0,0
THE PARK VALE,2230000.0,1410.08,1581.0,2021-08-01,131.0,17023.0,1.32999513668172,103.811623198198,4B PARK VALE THE PARK VALE SINGAPORE 288564,6.797626695790571,50.0,3,1,0,11,6,7,1.0,1.0,1,0
NEWTON SUITES,1660000.0,796.54,2084.0,2021-08-01,74.0,22432.0,1.31780091416565,103.842313806169,60 NEWTON ROAD NEWTON SUITES SINGAPORE 307994,3.967671598329251,50.0,3,2,3,14,13,7,5.0,1.0,0,0
CUBE 8,900000.0,559.73,1608.0,2021-08-01,52.0,17308.0,1.3283636088892,103.841418362322,376 THOMSON ROAD CUBE 8 SINGAPORE 298130,5.12816729630684,50.0,3,0,3,12,14,4,2.0,1.0,1,0
6 DERBYSHIRE,1750000.0,828.83,2111.0,2021-08-01,77.0,22727.0,1.31568172551155,103.845880417376,6 DERBYSHIRE ROAD 6 DERBYSHIRE SINGAPORE 309462,3.6584167943606625,50.0,3,2,2,14,13,6,5.0,1.0,1,0
26 NEWTON,1700000.0,775.01,2194.0,2021-08-01,72.0,23611.0,1.3156928164724,103.841615456446,26 NEWTON ROAD 26 NEWTON SINGAPORE 307957,3.762851610410245,50.0,3,2,2,14,13,6,2.0,1.0,0,0
KHEAM HOCK GARDENS,2090000.0,1377.79,1517.0,2021-08-01,128.0,16328.0,1.32865923404591,103.820422048241,38 KHEAM HOCK ROAD KHEAM HOCK GARDENS SINGAPORE 298808,6.088572564604005,50.0,2,1,0,11,7,5,1.0,1.0,1,0
ENG AUN MANSION,1375000.0,1001.05,1374.0,2021-08-01,93.0,14785.0,1.32375032517822,103.842119363653,322 THOMSON ROAD ENG AUN MANSION SINGAPORE 307665,4.613078068976608,50.0,2,0,4,13,13,5,1.0,1.0,0,0
PULLMAN RESIDENCES NEWTON,3373000.0,1162.51,2901.0,2021-08-01,108.0,31231.0,1.31467262956125,103.839010845653,"18 DUNEARN ROAD PULLMAN RESIDENCES, NEWTON SINGAPORE 309421",3.747758902511321,50.0,3,1,2,14,10,6,3.0,0.0,0,0
DUNEARN 386,2442300.0,1162.51,2101.0,2021-08-01,108.0,22614.0,1.32443998997673,103.81183629155,386 DUNEARN ROAD DUNEARN 386 SINGAPORE 289599,6.3240665481399505,50.0,4,1,0,13,7,8,1.0,0.0,0,0
DUNEARN 386,2442300.0,1162.51,2101.0,2021-08-01,108.0,22614.0,1.32443998997673,103.81183629155,386 DUNEARN ROAD DUNEARN 386 SINGAPORE 289599,6.3240665481399505,50.0,4,1,0,13,7,8,1.0,0.0,0,0
DUNEARN 386,2090000.0,914.94,2284.0,2021-08-01,85.0,24588.0,1.32443998997673,103.81183629155,386 DUNEARN ROAD DUNEARN 386 SINGAPORE 289599,6.3240665481399505,50.0,4,1,0,13,7,8,1.0,0.0,0,0
THE LINCOLN MODERN,1500000.0,968.76,1548.0,2021-08-01,90.0,16667.0,1.31532312585557,103.843055868846,20 LINCOLN ROAD THE LINCOLN MODERN SINGAPORE 308353,3.681849969048285,50.0,3,2,2,14,13,6,1.0,1.0,0,0
PULLMAN RESIDENCES NEWTON,1917000.0,667.37,2872.0,2021-08-01,62.0,30919.0,1.31467262956125,103.839010845653,"18 DUNEARN ROAD PULLMAN RESIDENCES, NEWTON SINGAPORE 309421",3.747758902511321,50.0,3,1,2,14,10,6,2.0,0.0,0,0
DUNEARN 386,2442300.0,1162.51,2101.0,2021-08-01,108.0,22614.0,1.32443998997673,103.81183629155,386 DUNEARN ROAD DUNEARN 386 SINGAPORE 289599,6.3240665481399505,50.0,4,1,0,13,7,8,1.0,0.0,0,0
DUNEARN 386,2442300.0,1162.51,2101.0,2021-08-01,108.0,22614.0,1.32443998997673,103.81183629155,386 DUNEARN ROAD DUNEARN 386 SINGAPORE 289599,6.3240665481399505,50.0,4,1,0,13,7,8,1.0,0.0,0,0
ORCHID APARTMENTS,2018000.0,1356.26,1488.0,2021-08-01,126.0,16016.0,1.33377941780318,103.798570834569,42 ENG NEO AVENUE ORCHID APARTMENTS SINGAPORE 289533,8.097727085030213,50.0,1,0,0,5,6,3,1.0,1.0,0,0
NEWTON LODGE,2000000.0,1216.33,1644.0,2021-08-01,113.0,17699.0,1.31756869967119,103.841183539314,41 NEWTON ROAD NEWTON LODGE SINGAPORE 307968,3.975485150961492,50.0,3,1,3,14,13,8,1.0,1.0,0,0
SUITES @ NEWTON,1030000.0,559.73,1840.0,2021-08-01,52.0,19808.0,1.31640035574617,103.841671833933,1 SURREY ROAD SUITES @ NEWTON SINGAPORE 307740,3.8363724273902986,50.0,3,2,2,14,13,7,4.0,1.0,0,0
SHELFORD REGENCY,1818000.0,1097.93,1656.0,2021-08-01,102.0,17824.0,1.32659730501812,103.811332907782,65 SHELFORD ROAD SHELFORD REGENCY SINGAPORE 288455,6.53669061517323,50.0,3,1,0,13,7,8,1.0,1.0,1,0
DUNEARN SUITES,790000.0,409.03,1931.0,2021-08-01,38.0,20789.0,1.32473351341035,103.810724749056,404 DUNEARN ROAD DUNEARN SUITES SINGAPORE 289609,6.433192326543688,50.0,4,1,0,13,7,8,1.0,1.0,0,0
MANDALE HEIGHTS,1930000.0,1345.5,1434.0,2021-08-01,125.0,15440.0,1.32433421345059,103.849717961403,45 MANDALAY ROAD MANDALE HEIGHTS SINGAPORE 308225,4.572750960660567,50.0,2,3,4,12,19,4,1.0,1.0,0,0
AMARYLLIS VILLE,2200000.0,1259.39,1747.0,2021-08-01,117.0,18803.0,1.31478233515073,103.841958399488,22 NEWTON ROAD AMARYLLIS VILLE SINGAPORE 307990,3.655547978307824,50.0,3,2,2,14,13,6,6.0,1.0,1,0
ADAM PARK CONDOMINIUM,2110000.0,1786.82,1181.0,2021-08-01,166.0,12711.0,1.32804489589413,103.813395586111,27A ADAM ROAD ADAM PARK CONDOMINIUM SINGAPORE 289900,6.5056226819707295,50.0,3,1,0,13,7,8,1.0,1.0,1,0
MANDALE HEIGHTS,1160000.0,764.24,1518.0,2021-08-01,71.0,16338.0,1.32433421345059,103.849717961403,45 MANDALAY ROAD MANDALE HEIGHTS SINGAPORE 308225,4.572750960660567,50.0,2,3,4,12,19,4,2.0,1.0,0,0
HILLCREST ARCADIA,2578000.0,2895.52,890.0,2021-08-01,269.0,9584.0,1.33377798542711,103.808806606762,255 ARCADIA ROAD HILLCREST ARCADIA SINGAPORE 289850,7.319529262671842,50.0,1,0,0,9,6,5,1.0,1.0,1,0
THREE BUCKLEY,3300000.0,2206.62,1495.0,2021-08-01,205.0,16098.0,1.31701521407942,103.839874378926,3 BUCKLEY ROAD THREE BUCKLEY SINGAPORE 309752,3.9597883177789663,50.0,3,1,3,14,12,7,1.0,1.0,0,0
35 GILSTEAD,1456000.0,570.49,2552.0,2021-08-01,53.0,27472.0,1.31711023904743,103.837956844749,35 GILSTEAD ROAD 35 GILSTEAD SINGAPORE 309079,4.041420945749914,50.0,3,1,2,14,12,6,1.0,0.0,0,0
CUBE 8,1508000.0,925.7,1629.0,2021-08-01,86.0,17535.0,1.3283636088892,103.841418362322,376 THOMSON ROAD CUBE 8 SINGAPORE 298130,5.12816729630684,50.0,3,0,3,12,14,4,5.0,1.0,1,0
PARK INFINIA AT WEE NAM,2900000.0,1334.74,2173.0,2021-08-01,124.0,23387.0,1.31441386999901,103.843291191875,2A LINCOLN ROAD PARK INFINIA AT WEE NAM SINGAPORE 308364,3.57796230174373,50.0,3,2,2,14,11,6,5.0,1.0,1,0
TREASURE LOFT,1280000.0,936.47,1367.0,2021-08-01,87.0,14713.0,1.31871181570346,103.849669528243,115 SHREWSBURY ROAD TREASURE LOFT SINGAPORE 307856,3.951603709311678,50.0,2,3,3,14,13,4,1.0,1.0,0,0
PULLMAN RESIDENCES NEWTON,3754000.0,1377.79,2725.0,2021-07-01,128.0,29328.0,1.31467262956125,103.839010845653,"18 DUNEARN ROAD PULLMAN RESIDENCES, NEWTON SINGAPORE 309421",3.747758902511321,51.0,3,1,2,14,10,6,2.0,0.0,0,0
MEDGE,720000.0,462.85,1556.0,2021-07-01,43.0,16744.0,1.32337432256355,103.850380826925,2 MINBU ROAD MEDGE SINGAPORE 308186,4.464916441227247,51.0,1,3,4,12,18,4,2.0,1.0,0,0
M21,1090000.0,710.42,1534.0,2021-07-01,66.0,16515.0,1.32252212187302,103.848891107309,21 MANDALAY ROAD M21 SINGAPORE 308208,4.376450490663607,51.0,1,3,4,12,14,6,2.0,1.0,0,0
26 NEWTON,1275000.0,559.73,2278.0,2021-07-01,52.0,24519.0,1.3156928164724,103.841615456446,26 NEWTON ROAD 26 NEWTON SINGAPORE 307957,3.762851610410245,51.0,3,2,2,14,13,6,5.0,1.0,0,0
PEAK RESIDENCE,1259300.0,527.44,2388.0,2021-07-01,49.0,25700.0,1.32534460429599,103.840724426138,333 THOMSON ROAD PEAK RESIDENCE SINGAPORE 307675,4.8198774142707626,51.0,2,0,4,12,14,5,1.0,0.0,1,0
IRIDIUM,1450000.0,764.24,1897.0,2021-07-01,71.0,20423.0,1.31513812749678,103.842640203235,11 LINCOLN ROAD IRIDIUM SINGAPORE 308349,3.673438389333036,51.0,3,2,2,14,13,6,2.0,1.0,0,0
ADRIA,1290000.0,688.9,1873.0,2021-07-01,64.0,20156.0,1.3164463549549,103.846258551824,12 DERBYSHIRE ROAD ADRIA SINGAPORE 309466,3.735780917193752,51.0,3,2,2,14,13,7,2.0,1.0,0,0
BUCKLEY RESIDENCE,1042000.0,516.67,2017.0,2021-07-01,48.0,21708.0,1.31720027050967,103.840532892335,6 BUCKLEY ROAD BUCKLEY RESIDENCE SINGAPORE 309762,3.9570389949636264,51.0,3,1,3,14,13,8,1.0,1.0,0,0
LA SUISSE,2380000.0,2045.16,1164.0,2021-07-01,190.0,12526.0,1.34663071510795,103.789436674932,1 SWISS VIEW LA SUISSE SINGAPORE 288007,9.820715471095133,51.0,0,0,0,1,1,2,1.0,1.0,1,0
IRIDIUM,1910000.0,1065.64,1792.0,2021-07-01,99.0,19293.0,1.31513812749678,103.842640203235,11 LINCOLN ROAD IRIDIUM SINGAPORE 308349,3.673438389333036,51.0,3,2,2,14,13,6,2.0,1.0,0,0
35 GILSTEAD,1723000.0,699.66,2463.0,2021-07-01,65.0,26508.0,1.31711023904743,103.837956844749,35 GILSTEAD ROAD 35 GILSTEAD SINGAPORE 309079,4.041420945749914,51.0,3,1,2,14,12,6,1.0,0.0,0,0
MIRO,1960000.0,1345.5,1457.0,2021-07-01,125.0,15680.0,1.31393361941559,103.842380394708,1 LINCOLN ROAD MIRO SINGAPORE 308365,3.5524517086546736,51.0,3,2,2,14,11,6,2.0,1.0,0,0
WATTEN HILL,4120000.0,2626.42,1569.0,2021-07-01,244.0,16885.0,1.33080602433021,103.809520144553,48 WATTEN VIEW WATTEN HILL SINGAPORE 287179,7.018102241408999,51.0,1,1,0,11,6,5,,1.0,1,0
RESIDENCES @ EVELYN,2080000.0,1108.69,1876.0,2021-07-01,103.0,20194.0,1.31548497427322,103.839467418834,17 EVELYN ROAD RESIDENCES @ EVELYN SINGAPORE 309306,3.814435565431148,51.0,3,1,2,14,12,6,2.0,1.0,1,0
AMARYLLIS VILLE,1610000.0,958.0,1681.0,2021-07-01,89.0,18090.0,1.31478233515073,103.841958399488,22 NEWTON ROAD AMARYLLIS VILLE SINGAPORE 307990,3.655547978307824,51.0,3,2,2,14,13,6,2.0,1.0,1,0
WATTEN HILL,2580000.0,1506.96,1712.0,2021-07-01,140.0,18429.0,1.33080602433021,103.809520144553,48 WATTEN VIEW WATTEN HILL SINGAPORE 287179,7.018102241408999,51.0,1,1,0,11,6,5,,1.0,1,0
ZEDGE,1220000.0,764.24,1596.0,2021-07-01,71.0,17183.0,1.32242172407521,103.848172032797,2 AKYAB ROAD ZEDGE SINGAPORE 309973,4.370398222376426,51.0,1,3,4,12,14,7,2.0,1.0,0,0
MONTEBLEU,1985000.0,1140.98,1740.0,2021-07-01,106.0,18726.0,1.32378273509884,103.850102052541,8 MINBU ROAD MONTEBLEU SINGAPORE 308162,4.510651977234295,51.0,1,3,4,12,18,4,4.0,1.0,1,0
THE AXIS,2551888.0,2206.62,1156.0,2021-07-01,205.0,12448.0,1.32462194319897,103.849957588255,47 MANDALAY ROAD THE AXIS SINGAPORE 308227,4.6038020641452535,51.0,2,3,4,12,19,4,3.0,1.0,0,0
RESIDENCES @ EVELYN,3000000.0,1528.49,1963.0,2021-07-01,142.0,21127.0,1.31548497427322,103.839467418834,17 EVELYN ROAD RESIDENCES @ EVELYN SINGAPORE 309306,3.814435565431148,51.0,3,1,2,14,12,6,6.0,1.0,1,0
THE ARCADIA,3900000.0,3778.16,1032.0,2021-07-01,351.0,11111.0,1.33337474399547,103.811275631559,235 ARCADIA ROAD THE ARCADIA SINGAPORE 289843,7.111379394487015,51.0,1,0,0,9,6,5,1.0,1.0,1,0
26 NEWTON,1760000.0,775.01,2271.0,2021-07-01,72.0,24444.0,1.3156928164724,103.841615456446,26 NEWTON ROAD 26 NEWTON SINGAPORE 307957,3.762851610410245,51.0,3,2,2,14,13,6,3.0,1.0,0,0
HILLCREST ARCADIA,2430000.0,2744.82,885.0,2021-07-01,255.0,9529.0,1.33377798542711,103.808806606762,255 ARCADIA ROAD HILLCREST ARCADIA SINGAPORE 289850,7.319529262671842,51.0,1,0,0,9,6,5,1.0,1.0,1,0
26 NEWTON,1765736.0,775.01,2278.0,2021-07-01,72.0,24524.0,1.3156928164724,103.841615456446,26 NEWTON ROAD 26 NEWTON SINGAPORE 307957,3.762851610410245,51.0,3,2,2,14,13,6,2.0,1.0,0,0
1 MOULMEIN RISE,2430000.0,1259.39,1930.0,2021-07-01,117.0,20769.0,1.31908636997896,103.847053580169,1 MOULMEIN RISE 1 MOULMEIN RISE SINGAPORE 308143,4.014343248034238,51.0,1,3,4,14,12,7,4.0,1.0,0,0
SOLEIL @ SINARAN,2088000.0,1097.93,1902.0,2021-07-01,102.0,20471.0,1.31960020004528,103.845271738384,2 SINARAN DRIVE SOLEIL @ SINARAN SINGAPORE 307467,4.096964545722665,51.0,1,1,4,14,14,7,6.0,1.0,1,0
DUNEARN SUITES,780000.0,419.8,1858.0,2021-07-01,39.0,20000.0,1.32473351341035,103.810724749056,404 DUNEARN ROAD DUNEARN SUITES SINGAPORE 289609,6.433192326543688,51.0,4,1,0,13,7,8,1.0,1.0,0,0
PULLMAN RESIDENCES NEWTON,1330000.0,462.85,2873.0,2021-07-01,43.0,30930.0,1.31467262956125,103.839010845653,"18 DUNEARN ROAD PULLMAN RESIDENCES, NEWTON SINGAPORE 309421",3.747758902511321,51.0,3,1,2,14,10,6,2.0,0.0,0,0
ADAM PLACE,2380000.0,1420.85,1675.0,2021-07-01,132.0,18030.0,1.32522289753749,103.813021562629,5 ADAM ROAD ADAM PLACE APARTMENT SINGAPORE 289880,6.29779300913848,51.0,3,1,0,13,7,8,1.0,1.0,0,0
SHELFORD SUITES,2388000.0,1603.84,1489.0,2021-07-01,149.0,16027.0,1.32660135432463,103.812654850327,16 SHELFORD ROAD SHELFORD SUITES SINGAPORE 288383,6.438582001199515,51.0,3,1,0,13,7,8,1.0,1.0,1,0
STRATA,1930000.0,1323.97,1458.0,2021-07-01,123.0,15691.0,1.31740976334811,103.844913840423,1 ESSEX ROAD STRATA SINGAPORE 309329,3.864673219206803,51.0,3,2,3,14,14,7,3.0,1.0,0,0
ADAM PARK CONDOMINIUM,2350000.0,1453.14,1617.0,2021-07-01,135.0,17407.0,1.32804489589413,103.813395586111,27A ADAM ROAD ADAM PARK CONDOMINIUM SINGAPORE 289900,6.5056226819707295,51.0,3,1,0,13,7,8,1.0,1.0,1,0
SKY@ELEVEN,4880000.0,2712.53,1799.0,2021-07-01,252.0,19365.0,1.33127079751604,103.841021896647,7 THOMSON LANE SKY@ELEVEN SINGAPORE 297725,5.451828930281204,51.0,4,1,3,12,15,2,4.0,1.0,1,0
APLETON VIEW,2075000.0,1140.98,1819.0,2021-07-01,106.0,19575.0,1.31906972390327,103.846101471001,71 SINARAN DRIVE APLETON VIEW SINGAPORE 308323,4.025490053197462,51.0,1,1,4,14,12,7,3.0,1.0,0,0
ROCHELLE AT NEWTON,2200000.0,1356.26,1622.0,2021-07-01,126.0,17460.0,1.31404425678498,103.841922909924,188 KENG LEE ROAD ROCHELLE AT NEWTON SINGAPORE 308414,3.578271566582672,51.0,3,2,2,14,11,6,2.0,1.0,1,0
NOVENA REGENCY,2210000.0,1743.77,1267.0,2021-07-01,162.0,13642.0,1.32114652933088,103.841550400671,275 THOMSON ROAD NOVENA REGENCY SINGAPORE 307645,4.347171027644938,51.0,2,0,4,14,13,6,1.0,1.0,0,0
THE ARCADIA,3900000.0,3821.22,1021.0,2021-07-01,355.0,10986.0,1.33337474399547,103.811275631559,235 ARCADIA ROAD THE ARCADIA SINGAPORE 289843,7.111379394487015,51.0,1,0,0,9,6,5,1.0,1.0,1,0
THE AXIS,1225000.0,818.06,1497.0,2021-07-01,76.0,16118.0,1.32462194319897,103.849957588255,47 MANDALAY ROAD THE AXIS SINGAPORE 308227,4.6038020641452535,51.0,2,3,4,12,19,4,2.0,1.0,0,0
NEWTON LODGE,1850000.0,1216.33,1521.0,2021-07-01,113.0,16372.0,1.31756869967119,103.841183539314,41 NEWTON ROAD NEWTON LODGE SINGAPORE 307968,3.975485150961492,51.0,3,1,3,14,13,8,1.0,1.0,0,0
SOLEIL @ SINARAN,2768800.0,1463.9,1891.0,2021-07-01,136.0,20359.0,1.31960020004528,103.845271738384,2 SINARAN DRIVE SOLEIL @ SINARAN SINGAPORE 307467,4.096964545722665,51.0,1,1,4,14,14,7,2.0,1.0,1,0
THE LINCOLN RESIDENCES,2720000.0,1367.03,1990.0,2021-07-01,127.0,21417.0,1.31537475902919,103.842399874258,28 SURREY ROAD THE LINCOLN RESIDENCES SINGAPORE 307762,3.70557482758304,51.0,3,2,2,14,13,6,2.0,1.0,1,0
CUBE 8,900000.0,559.73,1608.0,2021-07-01,52.0,17308.0,1.3283636088892,103.841418362322,376 THOMSON ROAD CUBE 8 SINGAPORE 298130,5.12816729630684,51.0,3,0,3,12,14,4,3.0,1.0,1,0
NEWTON SUITES,1670000.0,796.54,2097.0,2021-07-01,74.0,22568.0,1.31780091416565,103.842313806169,60 NEWTON ROAD NEWTON SUITES SINGAPORE 307994,3.967671598329251,51.0,3,2,3,14,13,7,6.0,1.0,0,0
L'VIV,1300000.0,613.55,2119.0,2021-07-01,57.0,22807.0,1.31544838531983,103.840354841468,23 NEWTON ROAD L'VIV SINGAPORE 307955,3.778505845346688,51.0,3,1,2,14,12,6,6.0,1.0,0,0
SOLEIL @ SINARAN,2900000.0,1485.43,1952.0,2021-07-01,138.0,21014.0,1.31960020004528,103.845271738384,2 SINARAN DRIVE SOLEIL @ SINARAN SINGAPORE 307467,4.096964545722665,51.0,1,1,4,14,14,7,5.0,1.0,1,0
LINCOLN SUITES,2160000.0,1076.4,2007.0,2021-07-01,100.0,21600.0,1.31710864002609,103.842743087159,3 KHIANG GUAN AVENUE LINCOLN SUITES SINGAPORE 308381,3.881888940990309,51.0,3,2,3,14,13,7,4.0,1.0,1,0
SOLEIL @ SINARAN,3480000.0,1722.24,2021.0,2021-07-01,160.0,21750.0,1.31960020004528,103.845271738384,2 SINARAN DRIVE SOLEIL @ SINARAN SINGAPORE 307467,4.096964545722665,51.0,1,1,4,14,14,7,5.0,1.0,1,0
EVELYN MANSIONS,1635000.0,882.65,1852.0,2021-07-01,82.0,19939.0,1.31649465009912,103.839103883927,20 EVELYN ROAD EVELYN MANSIONS SINGAPORE 309309,3.933183708587904,51.0,3,1,2,14,12,7,1.0,1.0,0,0
368 THOMSON,1520000.0,882.65,1722.0,2021-07-01,82.0,18537.0,1.3270913316471,103.841978573745,368 THOMSON ROAD 368 THOMSON SINGAPORE 298127,4.977697388092409,51.0,3,0,3,12,16,4,7.0,1.0,1,0
THE TREVOSE,2320000.0,2701.76,859.0,2021-07-01,251.0,9243.0,1.32302176043306,103.82529938582,60 TREVOSE CRESCENT THE TREVOSE SINGAPORE 298090,5.269266023284268,51.0,3,0,0,13,6,5,1.0,1.0,1,0
L'VIV,2110000.0,1001.05,2108.0,2021-07-01,93.0,22688.0,1.31544838531983,103.840354841468,23 NEWTON ROAD L'VIV SINGAPORE 307955,3.778505845346688,51.0,3,1,2,14,12,6,4.0,1.0,0,0
THE GLYNDEBOURNE,3220000.0,1474.67,2184.0,2021-07-01,137.0,23504.0,1.32222533352038,103.823597825035,38 TREVOSE CRESCENT THE GLYNDEBOURNE SINGAPORE 297722,5.30213333703159,51.0,4,0,0,14,6,4,1.0,1.0,1,0
CUBE 8,1478000.0,893.41,1654.0,2021-07-01,83.0,17807.0,1.3283636088892,103.841418362322,376 THOMSON ROAD CUBE 8 SINGAPORE 298130,5.12816729630684,51.0,3,0,3,12,14,4,3.0,1.0,1,0
TREVOSE PARK,3310000.0,1679.18,1971.0,2021-07-01,156.0,21218.0,1.32530422394989,103.825473045143,68 TREVOSE CRESCENT TREVOSE PARK SINGAPORE 298069,5.472884262180392,51.0,2,0,0,12,6,5,1.0,1.0,1,0
PULLMAN RESIDENCES NEWTON,3488000.0,1388.56,2512.0,2021-07-01,129.0,27039.0,1.31467262956125,103.839010845653,"18 DUNEARN ROAD PULLMAN RESIDENCES, NEWTON SINGAPORE 309421",3.747758902511321,51.0,3,1,2,14,10,6,1.0,0.0,0,0
DUNEARN 386,2058000.0,914.94,2249.0,2021-07-01,85.0,24212.0,1.32443998997673,103.81183629155,386 DUNEARN ROAD DUNEARN 386 SINGAPORE 289599,6.3240665481399505,51.0,4,1,0,13,7,8,1.0,0.0,0,0
TREVOSE PARK,3220000.0,1679.18,1918.0,2021-07-01,156.0,20641.0,1.32530422394989,103.825473045143,68 TREVOSE CRESCENT TREVOSE PARK SINGAPORE 298069,5.472884262180392,51.0,2,0,0,12,6,5,1.0,1.0,1,0
26 NEWTON,1720000.0,775.01,2219.0,2021-07-01,72.0,23889.0,1.3156928164724,103.841615456446,26 NEWTON ROAD 26 NEWTON SINGAPORE 307957,3.762851610410245,51.0,3,2,2,14,13,6,5.0,1.0,0,0
PULLMAN RESIDENCES NEWTON,1367000.0,462.85,2953.0,2021-07-01,43.0,31791.0,1.31467262956125,103.839010845653,"18 DUNEARN ROAD PULLMAN RESIDENCES, NEWTON SINGAPORE 309421",3.747758902511321,51.0,3,1,2,14,10,6,3.0,0.0,0,0
NOVENA COURT,1260000.0,861.12,1463.0,2021-07-01,80.0,15750.0,1.32292732467511,103.842114483993,2E JALAN NOVENA BARAT NOVENA COURT SINGAPORE 308603,4.524348727321245,51.0,1,0,4,13,13,4,1.0,1.0,0,0
D' IXORAS,1130500.0,839.59,1346.0,2021-07-01,78.0,14494.0,1.32411334495333,103.849040669227,23 MINBU ROAD D' IXORAS SINGAPORE 308172,4.551328531254225,51.0,2,3,5,12,18,4,2.0,1.0,0,0
MONTEBLEU,1290000.0,807.3,1598.0,2021-07-01,75.0,17200.0,1.32378273509884,103.850102052541,8 MINBU ROAD MONTEBLEU SINGAPORE 308162,4.510651977234295,51.0,1,3,4,12,18,4,5.0,1.0,1,0
NEWTON SUITES,2620000.0,1237.86,2117.0,2021-07-01,115.0,22783.0,1.31780091416565,103.842313806169,60 NEWTON ROAD NEWTON SUITES SINGAPORE 307994,3.967671598329251,51.0,3,2,3,14,13,7,3.0,1.0,0,0
THOMSON 800,2300000.0,1399.32,1644.0,2021-06-01,130.0,17692.0,1.3411028334318,103.838741075921,808 THOMSON ROAD THOMSON 800 SINGAPORE 298190,6.567971581242121,52.0,4,1,0,13,13,2,4.0,1.0,1,0
ONE AKYAB,2280000.0,1829.88,1246.0,2021-06-01,170.0,13412.0,1.32272793298026,103.847658788312,1 AKYAB ROAD ONE AKYAB SINGAPORE 309972,4.408619970701734,52.0,1,3,4,12,14,6,2.0,1.0,0,0
26 NEWTON,1814059.0,775.01,2341.0,2021-06-01,72.0,25195.0,1.3156928164724,103.841615456446,26 NEWTON ROAD 26 NEWTON SINGAPORE 307957,3.762851610410245,52.0,3,2,2,14,13,6,3.0,1.0,0,0
ADRIA,2435888.0,1280.92,1902.0,2021-06-01,119.0,20470.0,1.3164463549549,103.846258551824,12 DERBYSHIRE ROAD ADRIA SINGAPORE 309466,3.735780917193752,52.0,3,2,2,14,13,7,4.0,1.0,0,0
LINCOLN SUITES,5850000.0,3745.87,1562.0,2021-06-01,348.0,16810.0,1.31710864002609,103.842743087159,3 KHIANG GUAN AVENUE LINCOLN SUITES SINGAPORE 308381,3.881888940990309,52.0,3,2,3,14,13,7,6.0,1.0,1,0
PULLMAN RESIDENCES NEWTON,1844000.0,667.37,2763.0,2021-06-01,62.0,29742.0,1.31467262956125,103.839010845653,"18 DUNEARN ROAD PULLMAN RESIDENCES, NEWTON SINGAPORE 309421",3.747758902511321,52.0,3,1,2,14,10,6,2.0,0.0,0,0
THE LINCOLN MODERN,1809000.0,1205.57,1501.0,2021-06-01,112.0,16152.0,1.31532312585557,103.843055868846,20 LINCOLN ROAD THE LINCOLN MODERN SINGAPORE 308353,3.681849969048285,52.0,3,2,2,14,13,6,2.0,1.0,0,0
SOLEIL @ SINARAN,960000.0,505.91,1898.0,2021-06-01,47.0,20426.0,1.31960020004528,103.845271738384,2 SINARAN DRIVE SOLEIL @ SINARAN SINGAPORE 307467,4.096964545722665,52.0,1,1,4,14,14,7,2.0,1.0,1,0
AMARYLLIS VILLE,1038000.0,656.6,1581.0,2021-06-01,61.0,17016.0,1.31478233515073,103.841958399488,22 NEWTON ROAD AMARYLLIS VILLE SINGAPORE 307990,3.655547978307824,52.0,3,2,2,14,13,6,5.0,1.0,1,0
NOVENA COURT,1084000.0,775.01,1399.0,2021-06-01,72.0,15056.0,1.32292732467511,103.842114483993,2E JALAN NOVENA BARAT NOVENA COURT SINGAPORE 308603,4.524348727321245,52.0,1,0,4,13,13,4,1.0,1.0,0,0
ZEDGE,860000.0,495.14,1737.0,2021-06-01,46.0,18696.0,1.32242172407521,103.848172032797,2 AKYAB ROAD ZEDGE SINGAPORE 309973,4.370398222376426,52.0,1,3,4,12,14,7,4.0,1.0,0,0
NEWTON 18,1780000.0,925.7,1923.0,2021-06-01,86.0,20698.0,1.31429426375311,103.841150697585,18 NEWTON ROAD NEWTON 18 SINGAPORE 307989,3.6298212404791177,52.0,3,1,2,14,10,6,6.0,1.0,0,0
TEN @ SUFFOLK,1680000.0,1119.46,1501.0,2021-06-01,104.0,16154.0,1.3145899979855,103.844453396673,10 SUFFOLK ROAD TEN @ SUFFOLK SINGAPORE 307786,3.5682333304887677,52.0,4,2,2,14,12,6,1.0,1.0,0,0
IRIDIUM,1840000.0,1065.64,1727.0,2021-06-01,99.0,18586.0,1.31513812749678,103.842640203235,11 LINCOLN ROAD IRIDIUM SINGAPORE 308349,3.673438389333036,52.0,3,2,2,14,13,6,3.0,1.0,0,0
SHELFORD 23,2750000.0,1754.53,1567.0,2021-06-01,163.0,16871.0,1.3278356548858,103.812234495947,23 SHELFORD ROAD SHELFORD 23 SINGAPORE 288413,6.572019942767589,52.0,3,1,0,13,7,8,1.0,1.0,0,0
26 NEWTON,1750000.0,775.01,2258.0,2021-06-01,72.0,24306.0,1.3156928164724,103.841615456446,26 NEWTON ROAD 26 NEWTON SINGAPORE 307957,3.762851610410245,52.0,3,2,2,14,13,6,2.0,1.0,0,0
GOLDHILL TOWERS,2800000.0,1550.02,1806.0,2021-06-01,144.0,19444.0,1.32063427888985,103.833512083526,38 GOLDHILL AVENUE GOLDHILL TOWERS SINGAPORE 309021,4.594035889452083,52.0,4,0,0,14,8,3,3.0,1.0,0,0
368 THOMSON,1501000.0,882.65,1701.0,2021-06-01,82.0,18305.0,1.3270913316471,103.841978573745,368 THOMSON ROAD 368 THOMSON SINGAPORE 298127,4.977697388092409,52.0,3,0,3,12,16,4,5.0,1.0,1,0
GILSTEAD TWO,1825000.0,904.18,2018.0,2021-06-01,84.0,21726.0,1.31496035037871,103.838459402687,2 GILSTEAD ROAD GILSTEAD TWO SINGAPORE 309061,3.799617052654486,52.0,3,1,3,14,10,6,3.0,1.0,0,0
M21,1950000.0,1463.9,1332.0,2021-06-01,136.0,14338.0,1.32252212187302,103.848891107309,21 MANDALAY ROAD M21 SINGAPORE 308208,4.376450490663607,52.0,1,3,4,12,14,6,1.0,1.0,0,0
THE ARCADIA,4100000.0,3713.58,1104.0,2021-06-01,345.0,11884.0,1.33337474399547,103.811275631559,235 ARCADIA ROAD THE ARCADIA SINGAPORE 289843,7.111379394487015,52.0,1,0,0,9,6,5,2.0,1.0,1,0
THOMSON 800,2000000.0,1323.97,1511.0,2021-06-01,123.0,16260.0,1.3411028334318,103.838741075921,808 THOMSON ROAD THOMSON 800 SINGAPORE 298190,6.567971581242121,52.0,4,1,0,13,13,2,1.0,1.0,1,0
TRILIGHT,2208000.0,1087.16,2031.0,2021-06-01,101.0,21861.0,1.31447883237245,103.839899712589,7 NEWTON ROAD TRILIGHT SINGAPORE 307945,3.693489005647367,52.0,3,1,2,14,10,5,6.0,1.0,1,0
EVELYN MANSIONS,1520000.0,839.59,1810.0,2021-06-01,78.0,19487.0,1.31649465009912,103.839103883927,20 EVELYN ROAD EVELYN MANSIONS SINGAPORE 309309,3.933183708587904,52.0,3,1,2,14,12,7,2.0,1.0,0,0
THREE BUCKLEY,3460000.0,2238.91,1545.0,2021-06-01,208.0,16635.0,1.31701521407942,103.839874378926,3 BUCKLEY ROAD THREE BUCKLEY SINGAPORE 309752,3.9597883177789663,52.0,3,1,3,14,12,7,1.0,1.0,0,0
PULLMAN RESIDENCES NEWTON,3050000.0,1162.51,2624.0,2021-06-01,108.0,28241.0,1.31467262956125,103.839010845653,"18 DUNEARN ROAD PULLMAN RESIDENCES, NEWTON SINGAPORE 309421",3.747758902511321,52.0,3,1,2,14,10,6,1.0,0.0,0,0
PARK INFINIA AT WEE NAM,1215888.0,559.73,2172.0,2021-06-01,52.0,23382.0,1.31441386999901,103.843291191875,2A LINCOLN ROAD PARK INFINIA AT WEE NAM SINGAPORE 308364,3.57796230174373,52.0,3,2,2,14,11,6,3.0,1.0,1,0
26 NEWTON,1771813.0,775.01,2286.0,2021-06-01,72.0,24609.0,1.3156928164724,103.841615456446,26 NEWTON ROAD 26 NEWTON SINGAPORE 307957,3.762851610410245,52.0,3,2,2,14,13,6,2.0,1.0,0,0
THE GLYNDEBOURNE,3150000.0,1474.67,2136.0,2021-06-01,137.0,22993.0,1.32222533352038,103.823597825035,38 TREVOSE CRESCENT THE GLYNDEBOURNE SINGAPORE 297722,5.30213333703159,52.0,4,0,0,14,6,4,1.0,1.0,1,0
PULLMAN RESIDENCES NEWTON,3000000.0,1162.51,2581.0,2021-06-01,108.0,27778.0,1.31467262956125,103.839010845653,"18 DUNEARN ROAD PULLMAN RESIDENCES, NEWTON SINGAPORE 309421",3.747758902511321,52.0,3,1,2,14,10,6,2.0,0.0,0,0
MONARCHY APARTMENTS,1300000.0,1302.44,998.0,2021-06-01,121.0,10744.0,1.32479229453516,103.85012690661,51 MANDALAY ROAD MONARCHY APARTMENTS SINGAPORE 308231,4.622198166120569,52.0,2,3,4,12,19,4,1.0,1.0,0,0
THREE BUCKLEY,3300000.0,2185.09,1510.0,2021-06-01,203.0,16256.0,1.31701521407942,103.839874378926,3 BUCKLEY ROAD THREE BUCKLEY SINGAPORE 309752,3.9597883177789663,52.0,3,1,3,14,12,7,1.0,1.0,0,0
SUITES @ NEWTON,1093000.0,602.78,1813.0,2021-06-01,56.0,19518.0,1.31640035574617,103.841671833933,1 SURREY ROAD SUITES @ NEWTON SINGAPORE 307740,3.8363724273902986,52.0,3,2,2,14,13,7,2.0,1.0,0,0
26 NEWTON,1783870.0,775.01,2302.0,2021-06-01,72.0,24776.0,1.3156928164724,103.841615456446,26 NEWTON ROAD 26 NEWTON SINGAPORE 307957,3.762851610410245,52.0,3,2,2,14,13,6,2.0,1.0,0,0
THE ARCADIA,3520000.0,3713.58,948.0,2021-06-01,345.0,10203.0,1.33337474399547,103.811275631559,235 ARCADIA ROAD THE ARCADIA SINGAPORE 289843,7.111379394487015,52.0,1,0,0,9,6,5,2.0,1.0,1,0
PULLMAN RESIDENCES NEWTON,1872000.0,667.37,2805.0,2021-06-01,62.0,30194.0,1.31467262956125,103.839010845653,"18 DUNEARN ROAD PULLMAN RESIDENCES, NEWTON SINGAPORE 309421",3.747758902511321,52.0,3,1,2,14,10,6,1.0,0.0,0,0
AMARYLLIS VILLE,1600000.0,958.0,1670.0,2021-06-01,89.0,17978.0,1.31478233515073,103.841958399488,22 NEWTON ROAD AMARYLLIS VILLE SINGAPORE 307990,3.655547978307824,52.0,3,2,2,14,13,6,3.0,1.0,1,0
SOLEIL @ SINARAN,2020000.0,1463.9,1380.0,2021-06-01,136.0,14853.0,1.31960020004528,103.845271738384,2 SINARAN DRIVE SOLEIL @ SINARAN SINGAPORE 307467,4.096964545722665,52.0,1,1,4,14,14,7,5.0,1.0,1,0
BUCKLEY 18,2220000.0,1280.92,1733.0,2021-06-01,119.0,18655.0,1.31829562143795,103.841063256174,18 BUCKLEY ROAD BUCKLEY 18 SINGAPORE 309776,4.056458908595856,52.0,3,1,3,14,13,8,1.0,1.0,0,0
NOVENA COURT,1150000.0,861.12,1335.0,2021-06-01,80.0,14375.0,1.32292732467511,103.842114483993,2E JALAN NOVENA BARAT NOVENA COURT SINGAPORE 308603,4.524348727321245,52.0,1,0,4,13,13,4,1.0,1.0,0,0
ZEDGE,1000000.0,592.02,1689.0,2021-06-01,55.0,18182.0,1.32242172407521,103.848172032797,2 AKYAB ROAD ZEDGE SINGAPORE 309973,4.370398222376426,52.0,1,3,4,12,14,7,4.0,1.0,0,0
PARK INFINIA AT WEE NAM,6500000.0,3283.02,1980.0,2021-05-01,305.0,21311.0,1.31441386999901,103.843291191875,2A LINCOLN ROAD PARK INFINIA AT WEE NAM SINGAPORE 308364,3.57796230174373,53.0,3,2,2,14,11,6,6.0,1.0,1,0
TRILIGHT,4200000.0,2098.98,2001.0,2021-05-01,195.0,21538.0,1.31447883237245,103.839899712589,7 NEWTON ROAD TRILIGHT SINGAPORE 307945,3.693489005647367,53.0,3,1,2,14,10,5,4.0,1.0,1,0
GILSTEAD TWO,1528000.0,775.01,1972.0,2021-05-01,72.0,21222.0,1.31496035037871,103.838459402687,2 GILSTEAD ROAD GILSTEAD TWO SINGAPORE 309061,3.799617052654486,53.0,3,1,3,14,10,6,3.0,1.0,0,0
35 GILSTEAD,2188000.0,882.65,2479.0,2021-05-01,82.0,26683.0,1.31711023904743,103.837956844749,35 GILSTEAD ROAD 35 GILSTEAD SINGAPORE 309079,4.041420945749914,53.0,3,1,2,14,12,6,1.0,0.0,0,0
SHELFORD REGENCY,1848000.0,1151.75,1605.0,2021-05-01,107.0,17271.0,1.32659730501812,103.811332907782,65 SHELFORD ROAD SHELFORD REGENCY SINGAPORE 288455,6.53669061517323,53.0,3,1,0,13,7,8,1.0,1.0,1,0
VILLA DES FLORES,2600000.0,1915.99,1357.0,2021-05-01,178.0,14607.0,1.32477895626053,103.837103239546,125 WHITLEY ROAD VILLA DES FLORES SINGAPORE 297820,4.871710406887163,53.0,2,0,2,12,10,4,1.0,1.0,1,0
SOLEIL @ SINARAN,2860000.0,1463.9,1954.0,2021-05-01,136.0,21029.0,1.31960020004528,103.845271738384,2 SINARAN DRIVE SOLEIL @ SINARAN SINGAPORE 307467,4.096964545722665,53.0,1,1,4,14,14,7,4.0,1.0,1,0
MANDALE HEIGHTS,1795000.0,1216.33,1476.0,2021-05-01,113.0,15885.0,1.32433421345059,103.849717961403,45 MANDALAY ROAD MANDALE HEIGHTS SINGAPORE 308225,4.572750960660567,53.0,2,3,4,12,19,4,3.0,1.0,0,0
MONTEBLEU,1318000.0,807.3,1633.0,2021-05-01,75.0,17573.0,1.32378273509884,103.850102052541,8 MINBU ROAD MONTEBLEU SINGAPORE 308162,4.510651977234295,53.0,1,3,4,12,18,4,5.0,1.0,1,0
IRIDIUM,1980000.0,1184.04,1672.0,2021-05-01,110.0,18000.0,1.31513812749678,103.842640203235,11 LINCOLN ROAD IRIDIUM SINGAPORE 308349,3.673438389333036,53.0,3,2,2,14,13,6,3.0,1.0,0,0
SHELFORD SUITES,2180000.0,1270.15,1716.0,2021-05-01,118.0,18475.0,1.32660135432463,103.812654850327,16 SHELFORD ROAD SHELFORD SUITES SINGAPORE 288383,6.438582001199515,53.0,3,1,0,13,7,8,1.0,1.0,1,0
PARK INFINIA AT WEE NAM,2220000.0,1001.05,2218.0,2021-05-01,93.0,23871.0,1.31441386999901,103.843291191875,2A LINCOLN ROAD PARK INFINIA AT WEE NAM SINGAPORE 308364,3.57796230174373,53.0,3,2,2,14,11,6,5.0,1.0,1,0
THE TREVOSE,2550000.0,1894.46,1346.0,2021-05-01,176.0,14489.0,1.32302176043306,103.82529938582,60 TREVOSE CRESCENT THE TREVOSE SINGAPORE 298090,5.269266023284268,53.0,3,0,0,13,6,5,1.0,1.0,1,0
HILLCREST ARCADIA,2500000.0,2895.52,863.0,2021-05-01,269.0,9294.0,1.33377798542711,103.808806606762,255 ARCADIA ROAD HILLCREST ARCADIA SINGAPORE 289850,7.319529262671842,53.0,1,0,0,9,6,5,1.0,1.0,1,0
35 GILSTEAD,1787600.0,678.13,2636.0,2021-05-01,63.0,28375.0,1.31711023904743,103.837956844749,35 GILSTEAD ROAD 35 GILSTEAD SINGAPORE 309079,4.041420945749914,53.0,3,1,2,14,12,6,1.0,0.0,0,0
THE GLYNDEBOURNE,4920000.0,2669.47,1843.0,2021-05-01,248.0,19839.0,1.32222533352038,103.823597825035,38 TREVOSE CRESCENT THE GLYNDEBOURNE SINGAPORE 297722,5.30213333703159,53.0,4,0,0,14,6,4,1.0,1.0,1,0
ADRIA,2600000.0,1410.08,1844.0,2021-05-01,131.0,19847.0,1.3164463549549,103.846258551824,12 DERBYSHIRE ROAD ADRIA SINGAPORE 309466,3.735780917193752,53.0,3,2,2,14,13,7,1.0,1.0,0,0
PARK INFINIA AT WEE NAM,3150000.0,1442.38,2184.0,2021-05-01,134.0,23507.0,1.31441386999901,103.843291191875,2A LINCOLN ROAD PARK INFINIA AT WEE NAM SINGAPORE 308364,3.57796230174373,53.0,3,2,2,14,11,6,5.0,1.0,1,0
PULLMAN RESIDENCES NEWTON,1982000.0,667.37,2970.0,2021-05-01,62.0,31968.0,1.31467262956125,103.839010845653,"18 DUNEARN ROAD PULLMAN RESIDENCES, NEWTON SINGAPORE 309421",3.747758902511321,53.0,3,1,2,14,10,6,3.0,0.0,0,0
10 SHELFORD,770000.0,430.56,1788.0,2021-05-01,40.0,19250.0,1.32580825364563,103.812516919467,10 SHELFORD ROAD 10 SHELFORD SINGAPORE 288353,6.383468750218335,53.0,3,1,0,13,7,8,1.0,1.0,0,0
PULLMAN RESIDENCES NEWTON,1946000.0,667.37,2916.0,2021-05-01,62.0,31387.0,1.31467262956125,103.839010845653,"18 DUNEARN ROAD PULLMAN RESIDENCES, NEWTON SINGAPORE 309421",3.747758902511321,53.0,3,1,2,14,10,6,3.0,0.0,0,0
ORCHID APARTMENTS,2020000.0,1356.26,1489.0,2021-05-01,126.0,16032.0,1.33377941780318,103.798570834569,42 ENG NEO AVENUE ORCHID APARTMENTS SINGAPORE 289533,8.097727085030213,53.0,1,0,0,5,6,3,1.0,1.0,0,0
MONTEBLEU,1235000.0,807.3,1530.0,2021-05-01,75.0,16467.0,1.32378273509884,103.850102052541,8 MINBU ROAD MONTEBLEU SINGAPORE 308162,4.510651977234295,53.0,1,3,4,12,18,4,1.0,1.0,1,0
LINCOLN SUITES,2350000.0,1119.46,2099.0,2021-05-01,104.0,22596.0,1.31710864002609,103.842743087159,3 KHIANG GUAN AVENUE LINCOLN SUITES SINGAPORE 308381,3.881888940990309,53.0,3,2,3,14,13,7,6.0,1.0,1,0
NEWTON 21,2380003.0,1184.04,2010.0,2021-05-01,110.0,21636.0,1.31490075979298,103.840460862924,21 NEWTON ROAD NEWTON 21 SINGAPORE 307954,3.7173142928382856,53.0,3,1,2,14,12,6,3.0,1.0,0,0
MANDALAY MANSION,2270000.0,2088.22,1087.0,2021-05-01,194.0,11701.0,1.3238494392232,103.849267497709,15 MINBU ROAD MANDALAY MANSION SINGAPORE 308166,4.521033989758252,53.0,2,3,5,12,17,4,1.0,1.0,0,0
THE GLYNDEBOURNE,4375000.0,1991.34,2197.0,2021-05-01,185.0,23649.0,1.32222533352038,103.823597825035,38 TREVOSE CRESCENT THE GLYNDEBOURNE SINGAPORE 297722,5.30213333703159,53.0,4,0,0,14,6,4,1.0,1.0,1,0
NEWTON 18,1748000.0,925.7,1888.0,2021-05-01,86.0,20326.0,1.31429426375311,103.841150697585,18 NEWTON ROAD NEWTON 18 SINGAPORE 307989,3.6298212404791177,53.0,3,1,2,14,10,6,5.0,1.0,0,0
BUCKLEY 18,2688888.0,1517.72,1772.0,2021-05-01,141.0,19070.0,1.31829562143795,103.841063256174,18 BUCKLEY ROAD BUCKLEY 18 SINGAPORE 309776,4.056458908595856,53.0,3,1,3,14,13,8,1.0,1.0,0,0
NEWTON LODGE,2460000.0,1506.96,1632.0,2021-05-01,140.0,17571.0,1.31756869967119,103.841183539314,41 NEWTON ROAD NEWTON LODGE SINGAPORE 307968,3.975485150961492,53.0,3,1,3,14,13,8,1.0,1.0,0,0
HILLS APARTMENT,5580000.0,3186.14,1751.0,2021-05-01,296.0,18851.0,1.32116939090482,103.833781779254,48 GOLDHILL AVENUE HILLS APARTMENT SINGAPORE 309030,4.6352125155427,53.0,4,0,0,14,8,3,2.0,1.0,0,0
ROSEVALE,2450000.0,1388.56,1764.0,2021-05-01,129.0,18992.0,1.31596822029115,103.84339151806,32 LINCOLN ROAD ROSEVALE SINGAPORE 308362,3.742505102828654,53.0,3,2,2,14,13,7,1.0,1.0,0,0
SOLEIL @ SINARAN,1100000.0,581.26,1892.0,2021-05-01,54.0,20370.0,1.31960020004528,103.845271738384,2 SINARAN DRIVE SOLEIL @ SINARAN SINGAPORE 307467,4.096964545722665,53.0,1,1,4,14,14,7,7.0,1.0,1,0
HILLCREST ARCADIA,1710000.0,1711.48,999.0,2021-05-01,159.0,10755.0,1.33377798542711,103.808806606762,255 ARCADIA ROAD HILLCREST ARCADIA SINGAPORE 289850,7.319529262671842,53.0,1,0,0,9,6,5,1.0,1.0,1,0
MIRO,2100000.0,1420.85,1478.0,2021-05-01,132.0,15909.0,1.31393361941559,103.842380394708,1 LINCOLN ROAD MIRO SINGAPORE 308365,3.5524517086546736,53.0,3,2,2,14,11,6,4.0,1.0,0,0
PEAK RESIDENCE,2207450.0,828.83,2663.0,2021-05-01,77.0,28668.0,1.32534460429599,103.840724426138,333 THOMSON ROAD PEAK RESIDENCE SINGAPORE 307675,4.8198774142707626,53.0,2,0,4,12,14,5,1.0,0.0,1,0
HILLCREST ARCADIA,610000.0,581.26,1049.0,2021-05-01,54.0,11296.0,1.33377798542711,103.808806606762,255 ARCADIA ROAD HILLCREST ARCADIA SINGAPORE 289850,7.319529262671842,53.0,1,0,0,9,6,5,1.0,1.0,1,0
M21,3720000.0,3024.68,1230.0,2021-05-01,281.0,13238.0,1.32252212187302,103.848891107309,21 MANDALAY ROAD M21 SINGAPORE 308208,4.376450490663607,53.0,1,3,4,12,14,6,4.0,1.0,0,0
THE TREVOSE,2420000.0,1894.46,1277.0,2021-05-01,176.0,13750.0,1.32302176043306,103.82529938582,60 TREVOSE CRESCENT THE TREVOSE SINGAPORE 298090,5.269266023284268,53.0,3,0,0,13,6,5,1.0,1.0,1,0
HILLCREST ARCADIA,2150000.0,1969.81,1091.0,2021-05-01,183.0,11749.0,1.33377798542711,103.808806606762,255 ARCADIA ROAD HILLCREST ARCADIA SINGAPORE 289850,7.319529262671842,53.0,1,0,0,9,6,5,1.0,1.0,1,0
CUBE 8,892000.0,559.73,1594.0,2021-05-01,52.0,17154.0,1.3283636088892,103.841418362322,376 THOMSON ROAD CUBE 8 SINGAPORE 298130,5.12816729630684,53.0,3,0,3,12,14,4,3.0,1.0,1,0
LA MAISON,2038000.0,1259.39,1618.0,2021-05-01,117.0,17419.0,1.31953348960235,103.847029859453,10 MOULMEIN RISE LA MAISON SINGAPORE 308125,4.063776423393345,53.0,1,3,4,14,13,7,3.0,1.0,0,0
THE ARCADIA,3450000.0,3778.16,913.0,2021-05-01,351.0,9829.0,1.33337474399547,103.811275631559,235 ARCADIA ROAD THE ARCADIA SINGAPORE 289843,7.111379394487015,53.0,1,0,0,9,6,5,1.0,1.0,1,0
HILLCREST ARCADIA,2470000.0,2895.52,853.0,2021-05-01,269.0,9182.0,1.33377798542711,103.808806606762,255 ARCADIA ROAD HILLCREST ARCADIA SINGAPORE 289850,7.319529262671842,53.0,1,0,0,9,6,5,1.0,1.0,1,0
TRILIGHT,2150000.0,1087.16,1978.0,2021-05-01,101.0,21287.0,1.31447883237245,103.839899712589,7 NEWTON ROAD TRILIGHT SINGAPORE 307945,3.693489005647367,53.0,3,1,2,14,10,5,4.0,1.0,1,0
SKY@ELEVEN,3825000.0,2271.2,1684.0,2021-05-01,211.0,18128.0,1.33127079751604,103.841021896647,7 THOMSON LANE SKY@ELEVEN SINGAPORE 297725,5.451828930281204,53.0,4,1,3,12,15,2,6.0,1.0,1,0
THE ARCADIA,3553000.0,3810.46,932.0,2021-05-01,354.0,10037.0,1.33337474399547,103.811275631559,235 ARCADIA ROAD THE ARCADIA SINGAPORE 289843,7.111379394487015,53.0,1,0,0,9,6,5,1.0,1.0,1,0
SOLEIL @ SINARAN,2130000.0,1097.93,1940.0,2021-05-01,102.0,20882.0,1.31960020004528,103.845271738384,2 SINARAN DRIVE SOLEIL @ SINARAN SINGAPORE 307467,4.096964545722665,53.0,1,1,4,14,14,7,7.0,1.0,1,0
VIVA,2300000.0,958.0,2401.0,2021-05-01,89.0,25843.0,1.31565586377638,103.844444721095,2 SUFFOLK WALK VIVA SINGAPORE 307462,3.683877967605451,53.0,3,2,2,14,13,6,3.0,1.0,1,0
VIVA,3480000.0,1528.49,2277.0,2021-05-01,142.0,24507.0,1.31565586377638,103.844444721095,2 SUFFOLK WALK VIVA SINGAPORE 307462,3.683877967605451,53.0,3,2,2,14,13,6,4.0,1.0,1,0
PARK INFINIA AT WEE NAM,1250000.0,559.73,2233.0,2021-05-01,52.0,24038.0,1.31441386999901,103.843291191875,2A LINCOLN ROAD PARK INFINIA AT WEE NAM SINGAPORE 308364,3.57796230174373,53.0,3,2,2,14,11,6,6.0,1.0,1,0
ROCHELLE AT NEWTON,1660000.0,1011.82,1641.0,2021-05-01,94.0,17660.0,1.31404425678498,103.841922909924,188 KENG LEE ROAD ROCHELLE AT NEWTON SINGAPORE 308414,3.578271566582672,53.0,3,2,2,14,11,6,5.0,1.0,1,0
26 NEWTON,1800000.0,775.01,2323.0,2021-05-01,72.0,25000.0,1.3156928164724,103.841615456446,26 NEWTON ROAD 26 NEWTON SINGAPORE 307957,3.762851610410245,53.0,3,2,2,14,13,6,4.0,1.0,0,0
PULLMAN RESIDENCES NEWTON,1785000.0,667.37,2675.0,2021-05-01,62.0,28790.0,1.31467262956125,103.839010845653,"18 DUNEARN ROAD PULLMAN RESIDENCES, NEWTON SINGAPORE 309421",3.747758902511321,53.0,3,1,2,14,10,6,1.0,0.0,0,0
SOLEIL @ SINARAN,2800000.0,1463.9,1913.0,2021-05-01,136.0,20588.0,1.31960020004528,103.845271738384,2 SINARAN DRIVE SOLEIL @ SINARAN SINGAPORE 307467,4.096964545722665,53.0,1,1,4,14,14,7,7.0,1.0,1,0
26 NEWTON,1789945.0,775.01,2310.0,2021-05-01,72.0,24860.0,1.3156928164724,103.841615456446,26 NEWTON ROAD 26 NEWTON SINGAPORE 307957,3.762851610410245,53.0,3,2,2,14,13,6,3.0,1.0,0,0
PULLMAN RESIDENCES NEWTON,3900000.0,1377.79,2831.0,2021-05-01,128.0,30469.0,1.31467262956125,103.839010845653,"18 DUNEARN ROAD PULLMAN RESIDENCES, NEWTON SINGAPORE 309421",3.747758902511321,53.0,3,1,2,14,10,6,3.0,0.0,0,0
PEAK RESIDENCE,3951850.0,1388.56,2846.0,2021-05-01,129.0,30634.0,1.32534460429599,103.840724426138,333 THOMSON ROAD PEAK RESIDENCE SINGAPORE 307675,4.8198774142707626,53.0,2,0,4,12,14,5,1.0,0.0,1,0
PULLMAN RESIDENCES NEWTON,3713000.0,1377.79,2695.0,2021-05-01,128.0,29008.0,1.31467262956125,103.839010845653,"18 DUNEARN ROAD PULLMAN RESIDENCES, NEWTON SINGAPORE 309421",3.747758902511321,53.0,3,1,2,14,10,6,2.0,0.0,0,0
MIRO,2030000.0,1248.62,1626.0,2021-04-01,116.0,17500.0,1.31393361941559,103.842380394708,1 LINCOLN ROAD MIRO SINGAPORE 308365,3.5524517086546736,54.0,3,2,2,14,11,6,3.0,1.0,0,0
PULLMAN RESIDENCES NEWTON,3670000.0,1377.79,2664.0,2021-04-01,128.0,28672.0,1.31467262956125,103.839010845653,"18 DUNEARN ROAD PULLMAN RESIDENCES, NEWTON SINGAPORE 309421",3.747758902511321,54.0,3,1,2,14,10,6,1.0,0.0,0,0
NEWTON 18,1720000.0,979.52,1756.0,2021-04-01,91.0,18901.0,1.31429426375311,103.841150697585,18 NEWTON ROAD NEWTON 18 SINGAPORE 307989,3.6298212404791177,54.0,3,1,2,14,10,6,2.0,1.0,0,0
ORCHID APARTMENTS,1960000.0,1356.26,1445.0,2021-04-01,126.0,15556.0,1.33377941780318,103.798570834569,42 ENG NEO AVENUE ORCHID APARTMENTS SINGAPORE 289533,8.097727085030213,54.0,1,0,0,5,6,3,1.0,1.0,0,0
PAVILION 11,2350000.0,1485.43,1582.0,2021-04-01,138.0,17029.0,1.32458602112842,103.848173371262,23 AKYAB ROAD PAVILION 11 SINGAPORE 309978,4.609115779437775,54.0,2,3,5,12,18,5,2.0,1.0,1,0
L'VIV,1250000.0,613.55,2037.0,2021-04-01,57.0,21930.0,1.31544838531983,103.840354841468,23 NEWTON ROAD L'VIV SINGAPORE 307955,3.778505845346688,54.0,3,1,2,14,12,6,3.0,1.0,0,0
L'VIV,2120000.0,1001.05,2118.0,2021-04-01,93.0,22796.0,1.31544838531983,103.840354841468,23 NEWTON ROAD L'VIV SINGAPORE 307955,3.778505845346688,54.0,3,1,2,14,12,6,6.0,1.0,0,0
PULLMAN RESIDENCES NEWTON,3841000.0,1377.79,2788.0,2021-04-01,128.0,30008.0,1.31467262956125,103.839010845653,"18 DUNEARN ROAD PULLMAN RESIDENCES, NEWTON SINGAPORE 309421",3.747758902511321,54.0,3,1,2,14,10,6,3.0,0.0,0,0
LINCOLN SUITES,1100000.0,473.62,2323.0,2021-04-01,44.0,25000.0,1.31710864002609,103.842743087159,3 KHIANG GUAN AVENUE LINCOLN SUITES SINGAPORE 308381,3.881888940990309,54.0,3,2,3,14,13,7,5.0,1.0,1,0
D' IXORAS,1100000.0,839.59,1310.0,2021-04-01,78.0,14103.0,1.32411334495333,103.849040669227,23 MINBU ROAD D' IXORAS SINGAPORE 308172,4.551328531254225,54.0,2,3,5,12,18,4,1.0,1.0,0,0
ZEDGE,805000.0,495.14,1626.0,2021-04-01,46.0,17500.0,1.32242172407521,103.848172032797,2 AKYAB ROAD ZEDGE SINGAPORE 309973,4.370398222376426,54.0,1,3,4,12,14,7,2.0,1.0,0,0
STRATA,2500000.0,1636.13,1528.0,2021-04-01,152.0,16447.0,1.31740976334811,103.844913840423,1 ESSEX ROAD STRATA SINGAPORE 309329,3.864673219206803,54.0,3,2,3,14,14,7,5.0,1.0,0,0
THE ANSLEY,1870000.0,1302.44,1436.0,2021-04-01,121.0,15455.0,1.32327434333138,103.848835015461,33 MANDALAY ROAD THE ANSLEY SINGAPORE 308214,4.459842710119622,54.0,1,3,5,12,15,6,3.0,1.0,1,0
35 GILSTEAD,2179000.0,839.59,2595.0,2021-04-01,78.0,27936.0,1.31711023904743,103.837956844749,35 GILSTEAD ROAD 35 GILSTEAD SINGAPORE 309079,4.041420945749914,54.0,3,1,2,14,12,6,1.0,0.0,0,0
VILLA CHANCERY,6850000.0,3702.82,1850.0,2021-04-01,344.0,19913.0,1.32356073869496,103.838750321504,39 CHANCERY LANE VILLA CHANCERY SINGAPORE 309568,4.687614447746414,54.0,2,0,4,13,12,5,1.0,1.0,1,0
BASSEIN COURT,1950000.0,1399.32,1394.0,2021-04-01,130.0,15000.0,1.32276560882225,103.848248500031,5 BASSEIN ROAD BASSEIN COURT SINGAPORE 309836,4.407725960777773,54.0,1,3,4,12,14,6,2.0,1.0,0,0
ROCHELLE AT NEWTON,2555000.0,1776.06,1439.0,2021-04-01,165.0,15485.0,1.31404425678498,103.841922909924,188 KENG LEE ROAD ROCHELLE AT NEWTON SINGAPORE 308414,3.578271566582672,54.0,3,2,2,14,11,6,1.0,1.0,1,0
MANDALE HEIGHTS,1080000.0,764.24,1413.0,2021-04-01,71.0,15211.0,1.32433421345059,103.849717961403,45 MANDALAY ROAD MANDALE HEIGHTS SINGAPORE 308225,4.572750960660567,54.0,2,3,4,12,19,4,2.0,1.0,0,0
PULLMAN RESIDENCES NEWTON,1372000.0,462.85,2964.0,2021-04-01,43.0,31907.0,1.31467262956125,103.839010845653,"18 DUNEARN ROAD PULLMAN RESIDENCES, NEWTON SINGAPORE 309421",3.747758902511321,54.0,3,1,2,14,10,6,3.0,0.0,0,0
PEAK RESIDENCE,2800000.0,1087.16,2576.0,2021-04-01,101.0,27723.0,1.32534460429599,103.840724426138,333 THOMSON ROAD PEAK RESIDENCE SINGAPORE 307675,4.8198774142707626,54.0,2,0,4,12,14,5,1.0,0.0,1,0
PULLMAN RESIDENCES NEWTON,3074000.0,1162.51,2644.0,2021-04-01,108.0,28463.0,1.31467262956125,103.839010845653,"18 DUNEARN ROAD PULLMAN RESIDENCES, NEWTON SINGAPORE 309421",3.747758902511321,54.0,3,1,2,14,10,6,1.0,0.0,0,0
PULLMAN RESIDENCES NEWTON,1805000.0,667.37,2705.0,2021-04-01,62.0,29113.0,1.31467262956125,103.839010845653,"18 DUNEARN ROAD PULLMAN RESIDENCES, NEWTON SINGAPORE 309421",3.747758902511321,54.0,3,1,2,14,10,6,2.0,0.0,0,0
STRATA,1800000.0,1065.64,1689.0,2021-04-01,99.0,18182.0,1.31740976334811,103.844913840423,1 ESSEX ROAD STRATA SINGAPORE 309329,3.864673219206803,54.0,3,2,3,14,14,7,5.0,1.0,0,0
BIRMINGHAM MANSIONS,2900000.0,1700.71,1705.0,2021-04-01,158.0,18354.0,1.3177326204316,103.844909211296,130 THOMSON ROAD BIRMINGHAM MANSIONS SINGAPORE 307682,3.8999150436492296,54.0,3,2,3,14,14,7,3.0,1.0,0,0
D'EVELYN,2080000.0,1280.92,1624.0,2021-04-01,119.0,17479.0,1.31675903918365,103.839662106935,18 EVELYN ROAD D' EVELYN SINGAPORE 309307,3.9403934920901262,54.0,3,1,2,14,12,7,1.0,1.0,0,0
RESIDENCES @ EVELYN,2250000.0,1108.69,2029.0,2021-04-01,103.0,21845.0,1.31548497427322,103.839467418834,17 EVELYN ROAD RESIDENCES @ EVELYN SINGAPORE 309306,3.814435565431148,54.0,3,1,2,14,12,6,5.0,1.0,1,0
TRILIGHT,4175000.0,2109.74,1979.0,2021-04-01,196.0,21301.0,1.31447883237245,103.839899712589,7 NEWTON ROAD TRILIGHT SINGAPORE 307945,3.693489005647367,54.0,3,1,2,14,10,5,5.0,1.0,1,0
THE GLYNDEBOURNE,3500000.0,2475.72,1414.0,2021-04-01,230.0,15217.0,1.32222533352038,103.823597825035,38 TREVOSE CRESCENT THE GLYNDEBOURNE SINGAPORE 297722,5.30213333703159,54.0,4,0,0,14,6,4,1.0,1.0,1,0
SHELFORD REGENCY,1790000.0,1151.75,1554.0,2021-04-01,107.0,16729.0,1.32659730501812,103.811332907782,65 SHELFORD ROAD SHELFORD REGENCY SINGAPORE 288455,6.53669061517323,54.0,3,1,0,13,7,8,1.0,1.0,1,0
FYVE DERBYSHIRE,1385000.0,592.02,2339.0,2021-04-01,55.0,25182.0,1.3162773675544,103.845724040655,5 DERBYSHIRE ROAD FYVE DERBYSHIRE SINGAPORE 309461,3.7261930135692727,54.0,3,2,2,14,13,7,1.0,0.0,0,0
SUITES @ NEWTON,1060000.0,602.78,1759.0,2021-04-01,56.0,18929.0,1.31640035574617,103.841671833933,1 SURREY ROAD SUITES @ NEWTON SINGAPORE 307740,3.8363724273902986,54.0,3,2,2,14,13,7,4.0,1.0,0,0
26 NEWTON,1820000.0,775.01,2348.0,2021-04-01,72.0,25278.0,1.3156928164724,103.841615456446,26 NEWTON ROAD 26 NEWTON SINGAPORE 307957,3.762851610410245,54.0,3,2,2,14,13,6,4.0,1.0,0,0
L'VIV,1950000.0,1001.05,1948.0,2021-04-01,93.0,20968.0,1.31544838531983,103.840354841468,23 NEWTON ROAD L'VIV SINGAPORE 307955,3.778505845346688,54.0,3,1,2,14,12,6,4.0,1.0,0,0
18 SHELFORD,3800000.0,2088.22,1820.0,2021-04-01,194.0,19588.0,1.32731952558617,103.812831770778,18 SHELFORD ROAD 18 SHELFORD SINGAPORE 288407,6.4853449338411195,54.0,3,1,0,13,7,8,1.0,1.0,0,0
M21,2200000.0,1345.5,1635.0,2021-04-01,125.0,17600.0,1.32252212187302,103.848891107309,21 MANDALAY ROAD M21 SINGAPORE 308208,4.376450490663607,54.0,1,3,4,12,14,6,2.0,1.0,0,0
35 GILSTEAD,1799000.0,721.19,2494.0,2021-04-01,67.0,26851.0,1.31711023904743,103.837956844749,35 GILSTEAD ROAD 35 GILSTEAD SINGAPORE 309079,4.041420945749914,54.0,3,1,2,14,12,6,1.0,0.0,0,0
AMARYLLIS VILLE,992000.0,656.6,1511.0,2021-04-01,61.0,16262.0,1.31478233515073,103.841958399488,22 NEWTON ROAD AMARYLLIS VILLE SINGAPORE 307990,3.655547978307824,54.0,3,2,2,14,13,6,5.0,1.0,1,0
AMARYLLIS VILLE,1620000.0,979.52,1654.0,2021-04-01,91.0,17802.0,1.31478233515073,103.841958399488,22 NEWTON ROAD AMARYLLIS VILLE SINGAPORE 307990,3.655547978307824,54.0,3,2,2,14,13,6,3.0,1.0,1,0
L'VIV,1980000.0,990.29,1999.0,2021-04-01,92.0,21522.0,1.31544838531983,103.840354841468,23 NEWTON ROAD L'VIV SINGAPORE 307955,3.778505845346688,54.0,3,1,2,14,12,6,5.0,1.0,0,0
HILLCREST ARCADIA,780000.0,699.66,1115.0,2021-04-01,65.0,12000.0,1.33377798542711,103.808806606762,255 ARCADIA ROAD HILLCREST ARCADIA SINGAPORE 289850,7.319529262671842,54.0,1,0,0,9,6,5,1.0,1.0,1,0
MIRO,2100000.0,1420.85,1478.0,2021-04-01,132.0,15909.0,1.31393361941559,103.842380394708,1 LINCOLN ROAD MIRO SINGAPORE 308365,3.5524517086546736,54.0,3,2,2,14,11,6,4.0,1.0,0,0
AMARYLLIS VILLE,2110000.0,1259.39,1675.0,2021-04-01,117.0,18034.0,1.31478233515073,103.841958399488,22 NEWTON ROAD AMARYLLIS VILLE SINGAPORE 307990,3.655547978307824,54.0,3,2,2,14,13,6,3.0,1.0,1,0
ROCHELLE AT NEWTON,1580000.0,1011.82,1562.0,2021-04-01,94.0,16809.0,1.31404425678498,103.841922909924,188 KENG LEE ROAD ROCHELLE AT NEWTON SINGAPORE 308414,3.578271566582672,54.0,3,2,2,14,11,6,1.0,1.0,1,0
LUCIDA,1570000.0,1065.64,1473.0,2021-04-01,99.0,15859.0,1.31464830253379,103.844819093226,2 SUFFOLK ROAD LUCIDA SINGAPORE 307780,3.566471950535546,54.0,4,2,2,14,11,6,1.0,1.0,0,0
HILLCREST ARCADIA,1880000.0,1797.59,1046.0,2021-04-01,167.0,11257.0,1.33377798542711,103.808806606762,255 ARCADIA ROAD HILLCREST ARCADIA SINGAPORE 289850,7.319529262671842,54.0,1,0,0,9,6,5,2.0,1.0,1,0
PULLMAN RESIDENCES NEWTON,1352000.0,462.85,2921.0,2021-04-01,43.0,31442.0,1.31467262956125,103.839010845653,"18 DUNEARN ROAD PULLMAN RESIDENCES, NEWTON SINGAPORE 309421",3.747758902511321,54.0,3,1,2,14,10,6,3.0,0.0,0,0
26 NEWTON,1791392.0,775.01,2311.0,2021-04-01,72.0,24880.0,1.3156928164724,103.841615456446,26 NEWTON ROAD 26 NEWTON SINGAPORE 307957,3.762851610410245,54.0,3,2,2,14,13,6,2.0,1.0,0,0
PARK INFINIA AT WEE NAM,1265000.0,559.73,2260.0,2021-04-01,52.0,24327.0,1.31441386999901,103.843291191875,2A LINCOLN ROAD PARK INFINIA AT WEE NAM SINGAPORE 308364,3.57796230174373,54.0,3,2,2,14,11,6,5.0,1.0,1,0
NEWTON IMPERIAL,3600000.0,1937.52,1858.0,2021-04-01,180.0,20000.0,1.3153487379872,103.84144796992,24 NEWTON ROAD NEWTON IMPERIAL SINGAPORE 307956,3.73158233655173,54.0,3,2,2,14,13,6,3.0,1.0,0,0
PAVILION 11,1670000.0,958.0,1743.0,2021-04-01,89.0,18764.0,1.32458602112842,103.848173371262,23 AKYAB ROAD PAVILION 11 SINGAPORE 309978,4.609115779437775,54.0,2,3,5,12,18,5,4.0,1.0,1,0
M21,1115000.0,710.42,1569.0,2021-04-01,66.0,16894.0,1.32252212187302,103.848891107309,21 MANDALAY ROAD M21 SINGAPORE 308208,4.376450490663607,54.0,1,3,4,12,14,6,4.0,1.0,0,0
AMARYLLIS VILLE,1600000.0,958.0,1670.0,2021-04-01,89.0,17978.0,1.31478233515073,103.841958399488,22 NEWTON ROAD AMARYLLIS VILLE SINGAPORE 307990,3.655547978307824,54.0,3,2,2,14,13,6,1.0,1.0,1,0
M21,1620000.0,1065.64,1520.0,2021-04-01,99.0,16364.0,1.32252212187302,103.848891107309,21 MANDALAY ROAD M21 SINGAPORE 308208,4.376450490663607,54.0,1,3,4,12,14,6,1.0,1.0,0,0
THE SHELFORD,3218000.0,1453.14,2215.0,2021-04-01,135.0,23837.0,1.32561376215123,103.810731205358,1E SHELFORD ROAD THE SHELFORD SINGAPORE 286890,6.502869662773255,54.0,4,1,0,12,7,8,1.0,1.0,1,0
GILSTEAD COURT,2500000.0,1463.9,1708.0,2021-04-01,136.0,18382.0,1.31852490969421,103.839521125521,52H GILSTEAD ROAD GILSTEAD COURT SINGAPORE 309097,4.130671506328448,54.0,3,1,3,14,12,7,,1.0,1,0
PARK INFINIA AT WEE NAM,1190000.0,559.73,2126.0,2021-04-01,52.0,22885.0,1.31441386999901,103.843291191875,2A LINCOLN ROAD PARK INFINIA AT WEE NAM SINGAPORE 308364,3.57796230174373,54.0,3,2,2,14,11,6,1.0,1.0,1,0
THOMSON 800,2300500.0,1431.61,1607.0,2021-04-01,133.0,17297.0,1.3411028334318,103.838741075921,808 THOMSON ROAD THOMSON 800 SINGAPORE 298190,6.567971581242121,54.0,4,1,0,13,13,2,2.0,1.0,1,0
PULLMAN RESIDENCES NEWTON,1338000.0,462.85,2891.0,2021-04-01,43.0,31116.0,1.31467262956125,103.839010845653,"18 DUNEARN ROAD PULLMAN RESIDENCES, NEWTON SINGAPORE 309421",3.747758902511321,54.0,3,1,2,14,10,6,2.0,0.0,0,0
PULLMAN RESIDENCES NEWTON,1340000.0,462.85,2895.0,2021-04-01,43.0,31163.0,1.31467262956125,103.839010845653,"18 DUNEARN ROAD PULLMAN RESIDENCES, NEWTON SINGAPORE 309421",3.747758902511321,54.0,3,1,2,14,10,6,2.0,0.0,0,0
PULLMAN RESIDENCES NEWTON,1349000.0,462.85,2915.0,2021-04-01,43.0,31372.0,1.31467262956125,103.839010845653,"18 DUNEARN ROAD PULLMAN RESIDENCES, NEWTON SINGAPORE 309421",3.747758902511321,54.0,3,1,2,14,10,6,2.0,0.0,0,0
LA SUISSE,2620000.0,2109.74,1242.0,2021-04-01,196.0,13367.0,1.34663071510795,103.789436674932,1 SWISS VIEW LA SUISSE SINGAPORE 288007,9.820715471095133,54.0,0,0,0,1,1,2,1.0,1.0,1,0
ZEDGE,1132000.0,721.19,1570.0,2021-04-01,67.0,16896.0,1.32242172407521,103.848172032797,2 AKYAB ROAD ZEDGE SINGAPORE 309973,4.370398222376426,54.0,1,3,4,12,14,7,4.0,1.0,0,0
PULLMAN RESIDENCES NEWTON,3368000.0,1280.92,2629.0,2021-04-01,119.0,28303.0,1.31467262956125,103.839010845653,"18 DUNEARN ROAD PULLMAN RESIDENCES, NEWTON SINGAPORE 309421",3.747758902511321,54.0,3,1,2,14,10,6,1.0,0.0,0,0
PULLMAN RESIDENCES NEWTON,1348000.0,462.85,2912.0,2021-04-01,43.0,31349.0,1.31467262956125,103.839010845653,"18 DUNEARN ROAD PULLMAN RESIDENCES, NEWTON SINGAPORE 309421",3.747758902511321,54.0,3,1,2,14,10,6,3.0,0.0,0,0
PARK INFINIA AT WEE NAM,2170000.0,1001.05,2168.0,2021-04-01,93.0,23333.0,1.31441386999901,103.843291191875,2A LINCOLN ROAD PARK INFINIA AT WEE NAM SINGAPORE 308364,3.57796230174373,54.0,3,2,2,14,11,6,2.0,1.0,1,0
GLOUCESTER MANSIONS,1553000.0,904.18,1718.0,2021-04-01,84.0,18488.0,1.31369315585356,103.840387458086,10 NEWTON ROAD GLOUCESTER MANSIONS SINGAPORE 307947,3.5935288260621085,54.0,3,1,2,14,10,5,1.0,1.0,0,0
NEWTON SUITES,2300000.0,1237.86,1858.0,2021-04-01,115.0,20000.0,1.31780091416565,103.842313806169,60 NEWTON ROAD NEWTON SUITES SINGAPORE 307994,3.967671598329251,54.0,3,2,3,14,13,7,2.0,1.0,0,0
HILLCREST ARCADIA,748000.0,699.66,1069.0,2021-04-01,65.0,11508.0,1.33377798542711,103.808806606762,255 ARCADIA ROAD HILLCREST ARCADIA SINGAPORE 289850,7.319529262671842,54.0,1,0,0,9,6,5,1.0,1.0,1,0
PULLMAN RESIDENCES NEWTON,1809000.0,667.37,2711.0,2021-04-01,62.0,29177.0,1.31467262956125,103.839010845653,"18 DUNEARN ROAD PULLMAN RESIDENCES, NEWTON SINGAPORE 309421",3.747758902511321,54.0,3,1,2,14,10,6,1.0,0.0,0,0
DUNEARN SUITES,958000.0,527.44,1816.0,2021-04-01,49.0,19551.0,1.32473351341035,103.810724749056,404 DUNEARN ROAD DUNEARN SUITES SINGAPORE 289609,6.433192326543688,54.0,4,1,0,13,7,8,1.0,1.0,0,0
TRILIGHT,2230000.0,1194.8,1866.0,2021-04-01,111.0,20090.0,1.31447883237245,103.839899712589,7 NEWTON ROAD TRILIGHT SINGAPORE 307945,3.693489005647367,54.0,3,1,2,14,10,5,1.0,1.0,1,0
BIRMINGHAM MANSIONS,1750000.0,1065.64,1642.0,2021-04-01,99.0,17677.0,1.3177326204316,103.844909211296,130 THOMSON ROAD BIRMINGHAM MANSIONS SINGAPORE 307682,3.8999150436492296,54.0,3,2,3,14,14,7,1.0,1.0,0,0
AMARYLLIS VILLE,1600000.0,979.52,1633.0,2021-04-01,91.0,17582.0,1.31478233515073,103.841958399488,22 NEWTON ROAD AMARYLLIS VILLE SINGAPORE 307990,3.655547978307824,54.0,3,2,2,14,13,6,3.0,1.0,1,0
ZEDGE,825000.0,495.14,1666.0,2021-04-01,46.0,17935.0,1.32242172407521,103.848172032797,2 AKYAB ROAD ZEDGE SINGAPORE 309973,4.370398222376426,54.0,1,3,4,12,14,7,3.0,1.0,0,0
CHANCERY PARK,3075000.0,1851.41,1661.0,2021-04-01,172.0,17878.0,1.31928907823444,103.836653265191,11 CHANCERY LANE CHANCERY PARK SINGAPORE 309502,4.318653130172045,54.0,3,1,3,14,11,5,1.0,1.0,1,0
VILLA DES FLORES,1968000.0,1388.56,1417.0,2021-04-01,129.0,15256.0,1.32477895626053,103.837103239546,125 WHITLEY ROAD VILLA DES FLORES SINGAPORE 297820,4.871710406887163,54.0,2,0,2,12,10,4,1.0,1.0,1,0
MANDALAY TOWERS,2800000.0,2508.01,1116.0,2021-04-01,233.0,12017.0,1.32383858491685,103.848790804964,39 MANDALAY ROAD MANDALAY TOWERS SINGAPORE 308216,4.522408609033999,54.0,2,3,5,12,17,5,1.0,1.0,0,0
L'VIV,1950000.0,990.29,1969.0,2021-04-01,92.0,21196.0,1.31544838531983,103.840354841468,23 NEWTON ROAD L'VIV SINGAPORE 307955,3.778505845346688,54.0,3,1,2,14,12,6,3.0,1.0,0,0
NEWTON SUITES,2400000.0,1237.86,1939.0,2021-04-01,115.0,20870.0,1.31780091416565,103.842313806169,60 NEWTON ROAD NEWTON SUITES SINGAPORE 307994,3.967671598329251,54.0,3,2,3,14,13,7,2.0,1.0,0,0
FYVE DERBYSHIRE,1569000.0,656.6,2390.0,2021-04-01,61.0,25721.0,1.3162773675544,103.845724040655,5 DERBYSHIRE ROAD FYVE DERBYSHIRE SINGAPORE 309461,3.7261930135692727,54.0,3,2,2,14,13,7,2.0,0.0,0,0
FYVE DERBYSHIRE,1404000.0,592.02,2372.0,2021-04-01,55.0,25527.0,1.3162773675544,103.845724040655,5 DERBYSHIRE ROAD FYVE DERBYSHIRE SINGAPORE 309461,3.7261930135692727,54.0,3,2,2,14,13,7,2.0,0.0,0,0
PULLMAN RESIDENCES NEWTON,1328000.0,462.85,2869.0,2021-04-01,43.0,30884.0,1.31467262956125,103.839010845653,"18 DUNEARN ROAD PULLMAN RESIDENCES, NEWTON SINGAPORE 309421",3.747758902511321,54.0,3,1,2,14,10,6,2.0,0.0,0,0
RESIDENCES @ EVELYN,3390000.0,1539.25,2202.0,2021-04-01,143.0,23706.0,1.31548497427322,103.839467418834,17 EVELYN ROAD RESIDENCES @ EVELYN SINGAPORE 309306,3.814435565431148,54.0,3,1,2,14,12,6,3.0,1.0,1,0
SOLEIL @ SINARAN,1628000.0,958.0,1699.0,2021-04-01,89.0,18292.0,1.31960020004528,103.845271738384,2 SINARAN DRIVE SOLEIL @ SINARAN SINGAPORE 307467,4.096964545722665,54.0,1,1,4,14,14,7,1.0,1.0,1,0
AMARYLLIS VILLE,1620000.0,958.0,1691.0,2021-03-01,89.0,18202.0,1.31478233515073,103.841958399488,22 NEWTON ROAD AMARYLLIS VILLE SINGAPORE 307990,3.655547978307824,55.0,3,2,2,14,13,6,6.0,1.0,1,0
SHELFORD 23,1940000.0,1140.98,1700.0,2021-03-01,106.0,18302.0,1.3278356548858,103.812234495947,23 SHELFORD ROAD SHELFORD 23 SINGAPORE 288413,6.572019942767589,55.0,3,1,0,13,7,8,1.0,1.0,0,0
10 SHELFORD,820000.0,452.09,1814.0,2021-03-01,42.0,19524.0,1.32580825364563,103.812516919467,10 SHELFORD ROAD 10 SHELFORD SINGAPORE 288353,6.383468750218335,55.0,3,1,0,13,7,8,1.0,1.0,0,0
THE ARCADIA,4000000.0,3735.11,1071.0,2021-03-01,347.0,11527.0,1.33337474399547,103.811275631559,235 ARCADIA ROAD THE ARCADIA SINGAPORE 289843,7.111379394487015,55.0,1,0,0,9,6,5,2.0,1.0,1,0
ADRIA,2360000.0,1280.92,1842.0,2021-03-01,119.0,19832.0,1.3164463549549,103.846258551824,12 DERBYSHIRE ROAD ADRIA SINGAPORE 309466,3.735780917193752,55.0,3,2,2,14,13,7,2.0,1.0,0,0
BUCKLEY CLASSIQUE,2700000.0,1410.08,1915.0,2021-03-01,131.0,20611.0,1.3179599892541,103.840328123302,11 BUCKLEY ROAD BUCKLEY CLASSIQUE SINGAPORE 309767,4.044031983866686,55.0,3,1,3,14,13,7,2.0,1.0,1,0
AMARYLLIS VILLE,2825000.0,1689.95,1672.0,2021-03-01,157.0,17994.0,1.31478233515073,103.841958399488,22 NEWTON ROAD AMARYLLIS VILLE SINGAPORE 307990,3.655547978307824,55.0,3,2,2,14,13,6,5.0,1.0,1,0
THE ARCADIA,3550000.0,3735.11,950.0,2021-03-01,347.0,10231.0,1.33337474399547,103.811275631559,235 ARCADIA ROAD THE ARCADIA SINGAPORE 289843,7.111379394487015,55.0,1,0,0,9,6,5,2.0,1.0,1,0
MANDALAY TOWERS,2800000.0,2508.01,1116.0,2021-03-01,233.0,12017.0,1.32383858491685,103.848790804964,39 MANDALAY ROAD MANDALAY TOWERS SINGAPORE 308216,4.522408609033999,55.0,2,3,5,12,17,5,1.0,1.0,0,0
MONTEBLEU,1360000.0,807.3,1685.0,2021-03-01,75.0,18133.0,1.32378273509884,103.850102052541,8 MINBU ROAD MONTEBLEU SINGAPORE 308162,4.510651977234295,55.0,1,3,4,12,18,4,6.0,1.0,1,0
NEWTON 21,2022000.0,1065.64,1897.0,2021-03-01,99.0,20424.0,1.31490075979298,103.840460862924,21 NEWTON ROAD NEWTON 21 SINGAPORE 307954,3.7173142928382856,55.0,3,1,2,14,12,6,1.0,1.0,0,0
LA MAISON,2080000.0,1291.68,1610.0,2021-03-01,120.0,17333.0,1.31953348960235,103.847029859453,10 MOULMEIN RISE LA MAISON SINGAPORE 308125,4.063776423393345,55.0,1,3,4,14,13,7,1.0,1.0,0,0
THE LINCOLN MODERN,2250000.0,1410.08,1596.0,2021-03-01,131.0,17176.0,1.31532312585557,103.843055868846,20 LINCOLN ROAD THE LINCOLN MODERN SINGAPORE 308353,3.681849969048285,55.0,3,2,2,14,13,6,2.0,1.0,0,0
BIRMINGHAM MANSIONS,1880000.0,1140.98,1648.0,2021-03-01,106.0,17736.0,1.3177326204316,103.844909211296,130 THOMSON ROAD BIRMINGHAM MANSIONS SINGAPORE 307682,3.8999150436492296,55.0,3,2,3,14,14,7,1.0,1.0,0,0
THE SHELFORD,3025000.0,1453.14,2082.0,2021-03-01,135.0,22407.0,1.32561376215123,103.810731205358,1E SHELFORD ROAD THE SHELFORD SINGAPORE 286890,6.502869662773255,55.0,4,1,0,12,7,8,1.0,1.0,1,0
FYVE DERBYSHIRE,1506925.0,656.6,2295.0,2021-03-01,61.0,24704.0,1.3162773675544,103.845724040655,5 DERBYSHIRE ROAD FYVE DERBYSHIRE SINGAPORE 309461,3.7261930135692727,55.0,3,2,2,14,13,7,2.0,0.0,0,0
8 BASSEIN,830000.0,452.09,1836.0,2021-03-01,42.0,19762.0,1.32353748014389,103.848108217465,8 BASSEIN ROAD 8 BASSEIN SINGAPORE 309838,4.493964280091297,55.0,2,3,5,12,14,6,2.0,1.0,0,0
ENG AUN MANSION,1350000.0,1001.05,1349.0,2021-03-01,93.0,14516.0,1.32375032517822,103.842119363653,322 THOMSON ROAD ENG AUN MANSION SINGAPORE 307665,4.613078068976608,55.0,2,0,4,13,13,5,1.0,1.0,0,0
THE GLYNDEBOURNE,4900000.0,2669.47,1836.0,2021-03-01,248.0,19758.0,1.32222533352038,103.823597825035,38 TREVOSE CRESCENT THE GLYNDEBOURNE SINGAPORE 297722,5.30213333703159,55.0,4,0,0,14,6,4,1.0,1.0,1,0
SKY@ELEVEN,3998000.0,2271.2,1760.0,2021-03-01,211.0,18948.0,1.33127079751604,103.841021896647,7 THOMSON LANE SKY@ELEVEN SINGAPORE 297725,5.451828930281204,55.0,4,1,3,12,15,2,6.0,1.0,1,0
ADRIA,1000000.0,538.2,1858.0,2021-03-01,50.0,20000.0,1.3164463549549,103.846258551824,12 DERBYSHIRE ROAD ADRIA SINGAPORE 309466,3.735780917193752,55.0,3,2,2,14,13,7,5.0,1.0,0,0
VIVA,4068000.0,1840.64,2210.0,2021-03-01,171.0,23789.0,1.31565586377638,103.844444721095,2 SUFFOLK WALK VIVA SINGAPORE 307462,3.683877967605451,55.0,3,2,2,14,13,6,3.0,1.0,1,0
CUBE 8,1850000.0,1334.74,1386.0,2021-03-01,124.0,14919.0,1.3283636088892,103.841418362322,376 THOMSON ROAD CUBE 8 SINGAPORE 298130,5.12816729630684,55.0,3,0,3,12,14,4,2.0,1.0,1,0
D'CHATEAU @ SHELFORD,1350000.0,775.01,1742.0,2021-03-01,72.0,18750.0,1.32809614767202,103.81198826246,25 SHELFORD ROAD D'CHATEAU @ SHELFORD SINGAPORE 288415,6.611737912544638,55.0,3,1,0,13,7,8,1.0,1.0,0,0
ROCHELLE AT NEWTON,2230000.0,1356.26,1644.0,2021-03-01,126.0,17698.0,1.31404425678498,103.841922909924,188 KENG LEE ROAD ROCHELLE AT NEWTON SINGAPORE 308414,3.578271566582672,55.0,3,2,2,14,11,6,5.0,1.0,1,0
PULLMAN RESIDENCES NEWTON,1825000.0,667.37,2735.0,2021-03-01,62.0,29435.0,1.31467262956125,103.839010845653,"18 DUNEARN ROAD PULLMAN RESIDENCES, NEWTON SINGAPORE 309421",3.747758902511321,55.0,3,1,2,14,10,6,2.0,0.0,0,0
TREASURE LOFT,1300000.0,936.47,1388.0,2021-03-01,87.0,14943.0,1.31871181570346,103.849669528243,115 SHREWSBURY ROAD TREASURE LOFT SINGAPORE 307856,3.951603709311678,55.0,2,3,3,14,13,4,1.0,1.0,0,0
VIVA,2850000.0,1345.5,2118.0,2021-03-01,125.0,22800.0,1.31565586377638,103.844444721095,2 SUFFOLK WALK VIVA SINGAPORE 307462,3.683877967605451,55.0,3,2,2,14,13,6,2.0,1.0,1,0
PULLMAN RESIDENCES NEWTON,3243000.0,1162.51,2790.0,2021-03-01,108.0,30028.0,1.31467262956125,103.839010845653,"18 DUNEARN ROAD PULLMAN RESIDENCES, NEWTON SINGAPORE 309421",3.747758902511321,55.0,3,1,2,14,10,6,2.0,0.0,0,0
SHELFORD MANSIONS,3650000.0,3196.91,1142.0,2021-03-01,297.0,12290.0,1.32832481094821,103.811700132613,27 SHELFORD ROAD SHELFORD MANSIONS SINGAPORE 288421,6.651867833140219,55.0,3,1,0,13,7,7,1.0,1.0,0,0
ROCHELLE AT NEWTON,2380000.0,1539.25,1546.0,2021-03-01,143.0,16643.0,1.31404425678498,103.841922909924,188 KENG LEE ROAD ROCHELLE AT NEWTON SINGAPORE 308414,3.578271566582672,55.0,3,2,2,14,11,6,3.0,1.0,1,0
THE LINCOLN MODERN,1520000.0,1108.69,1371.0,2021-03-01,103.0,14757.0,1.31532312585557,103.843055868846,20 LINCOLN ROAD THE LINCOLN MODERN SINGAPORE 308353,3.681849969048285,55.0,3,2,2,14,13,6,2.0,1.0,0,0
CUBE 8,3200000.0,1905.23,1680.0,2021-03-01,177.0,18079.0,1.3283636088892,103.841418362322,376 THOMSON ROAD CUBE 8 SINGAPORE 298130,5.12816729630684,55.0,3,0,3,12,14,4,7.0,1.0,1,0
L'VIV,1280000.0,613.55,2086.0,2021-03-01,57.0,22456.0,1.31544838531983,103.840354841468,23 NEWTON ROAD L'VIV SINGAPORE 307955,3.778505845346688,55.0,3,1,2,14,12,6,4.0,1.0,0,0
RESIDENCES @ EVELYN,4750000.0,2249.68,2111.0,2021-03-01,209.0,22727.0,1.31548497427322,103.839467418834,17 EVELYN ROAD RESIDENCES @ EVELYN SINGAPORE 309306,3.814435565431148,55.0,3,1,2,14,12,6,5.0,1.0,1,0
FYVE DERBYSHIRE,1909000.0,796.54,2397.0,2021-03-01,74.0,25797.0,1.3162773675544,103.845724040655,5 DERBYSHIRE ROAD FYVE DERBYSHIRE SINGAPORE 309461,3.7261930135692727,55.0,3,2,2,14,13,7,3.0,0.0,0,0
ADAM PARK CONDOMINIUM,1880000.0,1216.33,1546.0,2021-03-01,113.0,16637.0,1.32804489589413,103.813395586111,27A ADAM ROAD ADAM PARK CONDOMINIUM SINGAPORE 289900,6.5056226819707295,55.0,3,1,0,13,7,8,1.0,1.0,1,0
ADAM PARK CONDOMINIUM,2360000.0,1474.67,1600.0,2021-03-01,137.0,17226.0,1.32804489589413,103.813395586111,27A ADAM ROAD ADAM PARK CONDOMINIUM SINGAPORE 289900,6.5056226819707295,55.0,3,1,0,13,7,8,1.0,1.0,1,0
THE ANSLEY,1035000.0,731.95,1414.0,2021-03-01,68.0,15221.0,1.32327434333138,103.848835015461,33 MANDALAY ROAD THE ANSLEY SINGAPORE 308214,4.459842710119622,55.0,1,3,5,12,15,6,1.0,1.0,1,0
10 EVELYN,2012812.0,828.83,2429.0,2021-03-01,77.0,26140.0,1.31615491830399,103.840533848314,10 EVELYN ROAD 10 EVELYN SINGAPORE 309312,3.846689837882823,55.0,3,1,2,14,13,8,1.0,0.0,0,0
35 GILSTEAD,2690300.0,1097.93,2450.0,2021-03-01,102.0,26375.0,1.31711023904743,103.837956844749,35 GILSTEAD ROAD 35 GILSTEAD SINGAPORE 309079,4.041420945749914,55.0,3,1,2,14,12,6,1.0,0.0,0,0
ADAM PARK CONDOMINIUM,2000000.0,1410.08,1418.0,2021-03-01,131.0,15267.0,1.32804489589413,103.813395586111,27A ADAM ROAD ADAM PARK CONDOMINIUM SINGAPORE 289900,6.5056226819707295,55.0,3,1,0,13,7,8,1.0,1.0,1,0
STRATA,1560000.0,839.59,1858.0,2021-03-01,78.0,20000.0,1.31740976334811,103.844913840423,1 ESSEX ROAD STRATA SINGAPORE 309329,3.864673219206803,55.0,3,2,3,14,14,7,2.0,1.0,0,0
DUNEARN SUITES,740000.0,409.03,1809.0,2021-03-01,38.0,19474.0,1.32473351341035,103.810724749056,404 DUNEARN ROAD DUNEARN SUITES SINGAPORE 289609,6.433192326543688,55.0,4,1,0,13,7,8,1.0,1.0,0,0
NOVENA COURT,1200000.0,861.12,1394.0,2021-03-01,80.0,15000.0,1.32292732467511,103.842114483993,2E JALAN NOVENA BARAT NOVENA COURT SINGAPORE 308603,4.524348727321245,55.0,1,0,4,13,13,4,1.0,1.0,0,0
26 NEWTON,1914426.0,775.01,2470.0,2021-03-01,72.0,26589.0,1.3156928164724,103.841615456446,26 NEWTON ROAD 26 NEWTON SINGAPORE 307957,3.762851610410245,55.0,3,2,2,14,13,6,5.0,1.0,0,0
10 SHELFORD,815000.0,430.56,1893.0,2021-03-01,40.0,20375.0,1.32580825364563,103.812516919467,10 SHELFORD ROAD 10 SHELFORD SINGAPORE 288353,6.383468750218335,55.0,3,1,0,13,7,8,1.0,1.0,0,0
RESIDENCES @ EVELYN,2048000.0,1108.69,1847.0,2021-03-01,103.0,19883.0,1.31548497427322,103.839467418834,17 EVELYN ROAD RESIDENCES @ EVELYN SINGAPORE 309306,3.814435565431148,55.0,3,1,2,14,12,6,3.0,1.0,1,0
368 THOMSON,1420000.0,882.65,1609.0,2021-03-01,82.0,17317.0,1.3270913316471,103.841978573745,368 THOMSON ROAD 368 THOMSON SINGAPORE 298127,4.977697388092409,55.0,3,0,3,12,16,4,3.0,1.0,1,0
PARK INFINIA AT WEE NAM,2900000.0,1442.38,2011.0,2021-03-01,134.0,21642.0,1.31441386999901,103.843291191875,2A LINCOLN ROAD PARK INFINIA AT WEE NAM SINGAPORE 308364,3.57796230174373,55.0,3,2,2,14,11,6,1.0,1.0,1,0
PAVILION 11,2450000.0,1485.43,1649.0,2021-03-01,138.0,17754.0,1.32458602112842,103.848173371262,23 AKYAB ROAD PAVILION 11 SINGAPORE 309978,4.609115779437775,55.0,2,3,5,12,18,5,4.0,1.0,1,0
TAN TONG MENG TOWER,3450000.0,3239.96,1065.0,2021-03-01,301.0,11462.0,1.32776719893522,103.84161445288,370 THOMSON ROAD TAN TONG MENG TOWER SINGAPORE 298128,5.059128758808929,55.0,3,0,3,12,15,4,4.0,1.0,0,0
VIVA,2300000.0,1044.11,2203.0,2021-03-01,97.0,23711.0,1.31565586377638,103.844444721095,2 SUFFOLK WALK VIVA SINGAPORE 307462,3.683877967605451,55.0,3,2,2,14,13,6,5.0,1.0,1,0
D' IXORAS,1065000.0,839.59,1268.0,2021-03-01,78.0,13654.0,1.32411334495333,103.849040669227,23 MINBU ROAD D' IXORAS SINGAPORE 308172,4.551328531254225,55.0,2,3,5,12,18,4,2.0,1.0,0,0
L'VIV,1900000.0,1001.05,1898.0,2021-03-01,93.0,20430.0,1.31544838531983,103.840354841468,23 NEWTON ROAD L'VIV SINGAPORE 307955,3.778505845346688,55.0,3,1,2,14,12,6,1.0,1.0,0,0
NEU AT NOVENA,1780000.0,656.6,2711.0,2021-03-01,61.0,29180.0,1.31961486592659,103.845969245127,27 MOULMEIN RISE NEU AT NOVENA SINGAPORE 308140,4.087211641971712,55.0,1,2,4,14,13,7,3.0,0.0,0,0
PULLMAN RESIDENCES NEWTON,1824075.0,667.37,2733.0,2021-03-01,62.0,29421.0,1.31467262956125,103.839010845653,"18 DUNEARN ROAD PULLMAN RESIDENCES, NEWTON SINGAPORE 309421",3.747758902511321,55.0,3,1,2,14,10,6,2.0,0.0,0,0
PAVILION 11,2300000.0,1485.43,1548.0,2021-02-01,138.0,16667.0,1.32458602112842,103.848173371262,23 AKYAB ROAD PAVILION 11 SINGAPORE 309978,4.609115779437775,56.0,2,3,5,12,18,5,2.0,1.0,1,0
NEU AT NOVENA,2148000.0,818.06,2626.0,2021-02-01,76.0,28263.0,1.31961486592659,103.845969245127,27 MOULMEIN RISE NEU AT NOVENA SINGAPORE 308140,4.087211641971712,56.0,1,2,4,14,13,7,1.0,0.0,0,0
8 BASSEIN,750000.0,452.09,1659.0,2021-02-01,42.0,17857.0,1.32353748014389,103.848108217465,8 BASSEIN ROAD 8 BASSEIN SINGAPORE 309838,4.493964280091297,56.0,2,3,5,12,14,6,1.0,1.0,0,0
FYVE DERBYSHIRE,2155000.0,936.47,2301.0,2021-02-01,87.0,24770.0,1.3162773675544,103.845724040655,5 DERBYSHIRE ROAD FYVE DERBYSHIRE SINGAPORE 309461,3.7261930135692727,56.0,3,2,2,14,13,7,3.0,0.0,0,0
L'VIV,1330000.0,613.55,2168.0,2021-02-01,57.0,23333.0,1.31544838531983,103.840354841468,23 NEWTON ROAD L'VIV SINGAPORE 307955,3.778505845346688,56.0,3,1,2,14,12,6,6.0,1.0,0,0
MOUNT ROSIE GARDEN,2128000.0,1410.08,1509.0,2021-02-01,131.0,16244.0,1.32151951282408,103.833947029498,50 GOLDHILL AVENUE MOUNT ROSIE GARDEN SINGAPORE 309031,4.662976062716815,56.0,4,0,0,14,8,4,1.0,1.0,1,0
368 THOMSON,1115000.0,688.9,1619.0,2021-02-01,64.0,17422.0,1.3270913316471,103.841978573745,368 THOMSON ROAD 368 THOMSON SINGAPORE 298127,4.977697388092409,56.0,3,0,3,12,16,4,5.0,1.0,1,0
THE AXIS,1190000.0,818.06,1455.0,2021-02-01,76.0,15658.0,1.32462194319897,103.849957588255,47 MANDALAY ROAD THE AXIS SINGAPORE 308227,4.6038020641452535,56.0,2,3,4,12,19,4,3.0,1.0,0,0
SOLEIL @ SINARAN,2650000.0,1453.14,1824.0,2021-02-01,135.0,19630.0,1.31960020004528,103.845271738384,2 SINARAN DRIVE SOLEIL @ SINARAN SINGAPORE 307467,4.096964545722665,56.0,1,1,4,14,14,7,3.0,1.0,1,0
AMARYLLIS VILLE,2078000.0,1259.39,1650.0,2021-02-01,117.0,17761.0,1.31478233515073,103.841958399488,22 NEWTON ROAD AMARYLLIS VILLE SINGAPORE 307990,3.655547978307824,56.0,3,2,2,14,13,6,3.0,1.0,1,0
6 DERBYSHIRE,1490000.0,731.95,2036.0,2021-02-01,68.0,21912.0,1.31568172551155,103.845880417376,6 DERBYSHIRE ROAD 6 DERBYSHIRE SINGAPORE 309462,3.6584167943606625,56.0,3,2,2,14,13,6,3.0,1.0,1,0
THE ANSLEY,1880000.0,1302.44,1443.0,2021-02-01,121.0,15537.0,1.32327434333138,103.848835015461,33 MANDALAY ROAD THE ANSLEY SINGAPORE 308214,4.459842710119622,56.0,1,3,5,12,15,6,3.0,1.0,1,0
SOLEIL @ SINARAN,2335000.0,1442.38,1619.0,2021-02-01,134.0,17425.0,1.31960020004528,103.845271738384,2 SINARAN DRIVE SOLEIL @ SINARAN SINGAPORE 307467,4.096964545722665,56.0,1,1,4,14,14,7,7.0,1.0,1,0
26 NEWTON,1797469.0,775.01,2319.0,2021-02-01,72.0,24965.0,1.3156928164724,103.841615456446,26 NEWTON ROAD 26 NEWTON SINGAPORE 307957,3.762851610410245,56.0,3,2,2,14,13,6,2.0,1.0,0,0
THREE BUCKLEY,3490825.0,2335.79,1494.0,2021-02-01,217.0,16087.0,1.31701521407942,103.839874378926,3 BUCKLEY ROAD THREE BUCKLEY SINGAPORE 309752,3.9597883177789663,56.0,3,1,3,14,12,7,1.0,1.0,0,0
PULLMAN RESIDENCES NEWTON,1790000.0,667.37,2682.0,2021-02-01,62.0,28871.0,1.31467262956125,103.839010845653,"18 DUNEARN ROAD PULLMAN RESIDENCES, NEWTON SINGAPORE 309421",3.747758902511321,56.0,3,1,2,14,10,6,1.0,0.0,0,0
NEWTON SUITES,2800000.0,1237.86,2262.0,2021-02-01,115.0,24348.0,1.31780091416565,103.842313806169,60 NEWTON ROAD NEWTON SUITES SINGAPORE 307994,3.967671598329251,56.0,3,2,3,14,13,7,6.0,1.0,0,0
MONTEBLEU,2340100.0,1474.67,1587.0,2021-02-01,137.0,17081.0,1.32378273509884,103.850102052541,8 MINBU ROAD MONTEBLEU SINGAPORE 308162,4.510651977234295,56.0,1,3,4,12,18,4,2.0,1.0,1,0
M21,2700000.0,1754.53,1539.0,2021-02-01,163.0,16564.0,1.32252212187302,103.848891107309,21 MANDALAY ROAD M21 SINGAPORE 308208,4.376450490663607,56.0,1,3,4,12,14,6,4.0,1.0,0,0
THE ARCADIA,3980000.0,4671.58,852.0,2021-02-01,434.0,9171.0,1.33337474399547,103.811275631559,235 ARCADIA ROAD THE ARCADIA SINGAPORE 289843,7.111379394487015,56.0,1,0,0,9,6,5,1.0,1.0,1,0
SOLEIL @ SINARAN,2050000.0,1431.61,1432.0,2021-02-01,133.0,15414.0,1.31960020004528,103.845271738384,2 SINARAN DRIVE SOLEIL @ SINARAN SINGAPORE 307467,4.096964545722665,56.0,1,1,4,14,14,7,3.0,1.0,1,0
26 NEWTON,1783870.0,775.01,2302.0,2021-02-01,72.0,24776.0,1.3156928164724,103.841615456446,26 NEWTON ROAD 26 NEWTON SINGAPORE 307957,3.762851610410245,56.0,3,2,2,14,13,6,2.0,1.0,0,0
SOLEIL @ SINARAN,3400000.0,1722.24,1974.0,2021-02-01,160.0,21250.0,1.31960020004528,103.845271738384,2 SINARAN DRIVE SOLEIL @ SINARAN SINGAPORE 307467,4.096964545722665,56.0,1,1,4,14,14,7,6.0,1.0,1,0
1 MOULMEIN RISE,2360000.0,1237.86,1907.0,2021-02-01,115.0,20522.0,1.31908636997896,103.847053580169,1 MOULMEIN RISE 1 MOULMEIN RISE SINGAPORE 308143,4.014343248034238,56.0,1,3,4,14,12,7,5.0,1.0,0,0
PULLMAN RESIDENCES NEWTON,1850000.0,667.37,2772.0,2021-02-01,62.0,29839.0,1.31467262956125,103.839010845653,"18 DUNEARN ROAD PULLMAN RESIDENCES, NEWTON SINGAPORE 309421",3.747758902511321,56.0,3,1,2,14,10,6,2.0,0.0,0,0
FYVE DERBYSHIRE,1391000.0,592.02,2350.0,2021-02-01,55.0,25291.0,1.3162773675544,103.845724040655,5 DERBYSHIRE ROAD FYVE DERBYSHIRE SINGAPORE 309461,3.7261930135692727,56.0,3,2,2,14,13,7,2.0,0.0,0,0
MONTEBLEU,3368000.0,2551.07,1320.0,2021-02-01,237.0,14211.0,1.32378273509884,103.850102052541,8 MINBU ROAD MONTEBLEU SINGAPORE 308162,4.510651977234295,56.0,1,3,4,12,18,4,7.0,1.0,1,0
SOLEIL @ SINARAN,1738000.0,936.47,1856.0,2021-02-01,87.0,19977.0,1.31960020004528,103.845271738384,2 SINARAN DRIVE SOLEIL @ SINARAN SINGAPORE 307467,4.096964545722665,56.0,1,1,4,14,14,7,6.0,1.0,1,0
TRILIGHT,4200000.0,2098.98,2001.0,2021-02-01,195.0,21538.0,1.31447883237245,103.839899712589,7 NEWTON ROAD TRILIGHT SINGAPORE 307945,3.693489005647367,56.0,3,1,2,14,10,5,6.0,1.0,1,0
NEWTON 18,1165000.0,613.55,1899.0,2021-02-01,57.0,20439.0,1.31429426375311,103.841150697585,18 NEWTON ROAD NEWTON 18 SINGAPORE 307989,3.6298212404791177,56.0,3,1,2,14,10,6,5.0,1.0,0,0
NOVENA LODGE,1050000.0,699.66,1501.0,2021-02-01,65.0,16154.0,1.32357151793004,103.841133415932,2 JALAN MERLIMAU NOVENA LODGE SINGAPORE 308729,4.618618198372852,56.0,2,0,4,13,13,5,1.0,1.0,1,0
SOLEIL @ SINARAN,938800.0,495.14,1896.0,2021-02-01,46.0,20409.0,1.31960020004528,103.845271738384,2 SINARAN DRIVE SOLEIL @ SINARAN SINGAPORE 307467,4.096964545722665,56.0,1,1,4,14,14,7,3.0,1.0,1,0
SKY@ELEVEN,4825000.0,2820.17,1711.0,2021-02-01,262.0,18416.0,1.33127079751604,103.841021896647,7 THOMSON LANE SKY@ELEVEN SINGAPORE 297725,5.451828930281204,56.0,4,1,3,12,15,2,4.0,1.0,1,0
PARK INFINIA AT WEE NAM,3150000.0,1463.9,2152.0,2021-02-01,136.0,23162.0,1.31441386999901,103.843291191875,2A LINCOLN ROAD PARK INFINIA AT WEE NAM SINGAPORE 308364,3.57796230174373,56.0,3,2,2,14,11,6,5.0,1.0,1,0
DUNEARN SUITES,1850000.0,1323.97,1397.0,2021-02-01,123.0,15041.0,1.32473351341035,103.810724749056,404 DUNEARN ROAD DUNEARN SUITES SINGAPORE 289609,6.433192326543688,56.0,4,1,0,13,7,8,1.0,1.0,0,0
CUBE 8,1390000.0,925.7,1502.0,2021-02-01,86.0,16163.0,1.3283636088892,103.841418362322,376 THOMSON ROAD CUBE 8 SINGAPORE 298130,5.12816729630684,56.0,3,0,3,12,14,4,3.0,1.0,1,0
SOLEIL @ SINARAN,3280000.0,1722.24,1904.0,2021-02-01,160.0,20500.0,1.31960020004528,103.845271738384,2 SINARAN DRIVE SOLEIL @ SINARAN SINGAPORE 307467,4.096964545722665,56.0,1,1,4,14,14,7,4.0,1.0,1,0
MONTEBLEU,1328000.0,807.3,1645.0,2021-02-01,75.0,17707.0,1.32378273509884,103.850102052541,8 MINBU ROAD MONTEBLEU SINGAPORE 308162,4.510651977234295,56.0,1,3,4,12,18,4,6.0,1.0,1,0
ZEDGE,800000.0,495.14,1616.0,2021-02-01,46.0,17391.0,1.32242172407521,103.848172032797,2 AKYAB ROAD ZEDGE SINGAPORE 309973,4.370398222376426,56.0,1,3,4,12,14,7,1.0,1.0,0,0
PULLMAN RESIDENCES NEWTON,1207000.0,462.85,2608.0,2021-01-01,43.0,28070.0,1.31467262956125,103.839010845653,"18 DUNEARN ROAD PULLMAN RESIDENCES, NEWTON SINGAPORE 309421",3.747758902511321,57.0,3,1,2,14,10,6,1.0,0.0,0,0
NEU AT NOVENA,2143000.0,818.06,2620.0,2021-01-01,76.0,28197.0,1.31961486592659,103.845969245127,27 MOULMEIN RISE NEU AT NOVENA SINGAPORE 308140,4.087211641971712,57.0,1,2,4,14,13,7,1.0,0.0,0,0
DUNEARN 386,2278000.0,925.7,2461.0,2021-01-01,86.0,26488.0,1.32443998997673,103.81183629155,386 DUNEARN ROAD DUNEARN 386 SINGAPORE 289599,6.3240665481399505,57.0,4,1,0,13,7,8,1.0,0.0,0,0
L'VIV,1420000.0,656.6,2163.0,2021-01-01,61.0,23279.0,1.31544838531983,103.840354841468,23 NEWTON ROAD L'VIV SINGAPORE 307955,3.778505845346688,57.0,3,1,2,14,12,6,2.0,1.0,0,0
SOLEIL @ SINARAN,1950000.0,1097.93,1776.0,2021-01-01,102.0,19118.0,1.31960020004528,103.845271738384,2 SINARAN DRIVE SOLEIL @ SINARAN SINGAPORE 307467,4.096964545722665,57.0,1,1,4,14,14,7,3.0,1.0,1,0
28 SHELFORD,1300000.0,807.3,1610.0,2021-01-01,75.0,17333.0,1.32930490165283,103.811999217829,28 SHELFORD ROAD 28 SHELFORD SINGAPORE 288422,6.712325789592847,57.0,3,1,0,11,7,7,1.0,1.0,0,0
SOLEIL @ SINARAN,2130000.0,1453.14,1466.0,2021-01-01,135.0,15778.0,1.31960020004528,103.845271738384,2 SINARAN DRIVE SOLEIL @ SINARAN SINGAPORE 307467,4.096964545722665,57.0,1,1,4,14,14,7,5.0,1.0,1,0
NOVENA SUITES,1240000.0,667.37,1858.0,2021-01-01,62.0,20000.0,1.32005187342709,103.852519734445,201 BALESTIER ROAD HOLIDAY INN EXPRESS & SUITES SINGAPORE NOVENA SINGAPORE 329926,4.100494883617021,57.0,2,3,1,13,16,3,2.0,1.0,0,0
SOLEIL @ SINARAN,1010000.0,581.26,1738.0,2021-01-01,54.0,18704.0,1.31960020004528,103.845271738384,2 SINARAN DRIVE SOLEIL @ SINARAN SINGAPORE 307467,4.096964545722665,57.0,1,1,4,14,14,7,7.0,1.0,1,0
THE ANSLEY,1920000.0,1280.92,1499.0,2021-01-01,119.0,16134.0,1.32327434333138,103.848835015461,33 MANDALAY ROAD THE ANSLEY SINGAPORE 308214,4.459842710119622,57.0,1,3,5,12,15,6,4.0,1.0,1,0
GILSTEAD TWO,1520000.0,775.01,1961.0,2021-01-01,72.0,21111.0,1.31496035037871,103.838459402687,2 GILSTEAD ROAD GILSTEAD TWO SINGAPORE 309061,3.799617052654486,57.0,3,1,3,14,10,6,4.0,1.0,0,0
ADRIA,2500000.0,1485.43,1683.0,2021-01-01,138.0,18116.0,1.3164463549549,103.846258551824,12 DERBYSHIRE ROAD ADRIA SINGAPORE 309466,3.735780917193752,57.0,3,2,2,14,13,7,4.0,1.0,0,0
PULLMAN RESIDENCES NEWTON,1271000.0,462.85,2746.0,2021-01-01,43.0,29558.0,1.31467262956125,103.839010845653,"18 DUNEARN ROAD PULLMAN RESIDENCES, NEWTON SINGAPORE 309421",3.747758902511321,57.0,3,1,2,14,10,6,2.0,0.0,0,0
THOMSON 800,2470000.0,1625.36,1520.0,2021-01-01,151.0,16358.0,1.3411028334318,103.838741075921,808 THOMSON ROAD THOMSON 800 SINGAPORE 298190,6.567971581242121,57.0,4,1,0,13,13,2,3.0,1.0,1,0
THOMSON 800,2038000.0,1399.32,1456.0,2021-01-01,130.0,15677.0,1.3411028334318,103.838741075921,808 THOMSON ROAD THOMSON 800 SINGAPORE 298190,6.567971581242121,57.0,4,1,0,13,13,2,1.0,1.0,1,0
FYVE DERBYSHIRE,1580000.0,656.6,2406.0,2021-01-01,61.0,25902.0,1.3162773675544,103.845724040655,5 DERBYSHIRE ROAD FYVE DERBYSHIRE SINGAPORE 309461,3.7261930135692727,57.0,3,2,2,14,13,7,2.0,0.0,0,0
SUITES @ SHREWSBURY,579000.0,333.68,1735.0,2021-01-01,31.0,18677.0,1.31819899592367,103.848906082215,84 SHREWSBURY ROAD SUITES @ SHREWSBURY SINGAPORE 307842,3.899093640567353,57.0,2,3,2,14,13,7,1.0,1.0,0,0
L'VIV,1340000.0,656.6,2041.0,2021-01-01,61.0,21967.0,1.31544838531983,103.840354841468,23 NEWTON ROAD L'VIV SINGAPORE 307955,3.778505845346688,57.0,3,1,2,14,12,6,5.0,1.0,0,0
SHELFORD SUITES,2100000.0,1270.15,1653.0,2021-01-01,118.0,17797.0,1.32660135432463,103.812654850327,16 SHELFORD ROAD SHELFORD SUITES SINGAPORE 288383,6.438582001199515,57.0,3,1,0,13,7,8,1.0,1.0,1,0
AMARYLLIS VILLE,2010000.0,1237.86,1624.0,2021-01-01,115.0,17478.0,1.31478233515073,103.841958399488,22 NEWTON ROAD AMARYLLIS VILLE SINGAPORE 307990,3.655547978307824,57.0,3,2,2,14,13,6,3.0,1.0,1,0
MONTEBLEU,1280000.0,807.3,1586.0,2021-01-01,75.0,17067.0,1.32378273509884,103.850102052541,8 MINBU ROAD MONTEBLEU SINGAPORE 308162,4.510651977234295,57.0,1,3,4,12,18,4,2.0,1.0,1,0
NEU AT NOVENA,1688000.0,645.84,2614.0,2021-01-01,60.0,28133.0,1.31961486592659,103.845969245127,27 MOULMEIN RISE NEU AT NOVENA SINGAPORE 308140,4.087211641971712,57.0,1,2,4,14,13,7,2.0,0.0,0,0
PASADENA,2200000.0,2701.76,814.0,2021-01-01,251.0,8765.0,1.31524471792011,103.845450576406,2A DERBYSHIRE ROAD PASADENA SINGAPORE 309470,3.61854926950923,57.0,4,2,2,14,13,6,4.0,1.0,0,0
FYVE DERBYSHIRE,1921590.0,796.54,2412.0,2021-01-01,74.0,25967.0,1.3162773675544,103.845724040655,5 DERBYSHIRE ROAD FYVE DERBYSHIRE SINGAPORE 309461,3.7261930135692727,57.0,3,2,2,14,13,7,4.0,0.0,0,0
GILSTEAD COURT,2390000.0,1388.56,1721.0,2021-01-01,129.0,18527.0,1.31852490969421,103.839521125521,52H GILSTEAD ROAD GILSTEAD COURT SINGAPORE 309097,4.130671506328448,57.0,3,1,3,14,12,7,,1.0,1,0
PULLMAN RESIDENCES NEWTON,3350000.0,1280.92,2615.0,2021-01-01,119.0,28151.0,1.31467262956125,103.839010845653,"18 DUNEARN ROAD PULLMAN RESIDENCES, NEWTON SINGAPORE 309421",3.747758902511321,57.0,3,1,2,14,10,6,2.0,0.0,0,0
SKY@ELEVEN,4503888.0,2712.53,1660.0,2021-01-01,252.0,17873.0,1.33127079751604,103.841021896647,7 THOMSON LANE SKY@ELEVEN SINGAPORE 297725,5.451828930281204,57.0,4,1,3,12,15,2,3.0,1.0,1,0
SHELFORD REGENCY,1700000.0,1151.75,1476.0,2021-01-01,107.0,15888.0,1.32659730501812,103.811332907782,65 SHELFORD ROAD SHELFORD REGENCY SINGAPORE 288455,6.53669061517323,57.0,3,1,0,13,7,8,1.0,1.0,1,0
NEWTON ONE,5080000.0,2411.14,2107.0,2021-01-01,224.0,22679.0,1.31404986796426,103.839452778834,1 NEWTON ROAD NEWTON ONE SINGAPORE 307943,3.665961575873588,57.0,3,1,3,14,10,5,6.0,1.0,1,0
FYVE DERBYSHIRE,1790000.0,796.54,2247.0,2021-01-01,74.0,24189.0,1.3162773675544,103.845724040655,5 DERBYSHIRE ROAD FYVE DERBYSHIRE SINGAPORE 309461,3.7261930135692727,57.0,3,2,2,14,13,7,1.0,0.0,0,0
TREASURE LOFT,1265000.0,936.47,1351.0,2021-01-01,87.0,14540.0,1.31871181570346,103.849669528243,115 SHREWSBURY ROAD TREASURE LOFT SINGAPORE 307856,3.951603709311678,57.0,2,3,3,14,13,4,1.0,1.0,0,0
MONTEBLEU,935000.0,570.49,1639.0,2021-01-01,53.0,17642.0,1.32378273509884,103.850102052541,8 MINBU ROAD MONTEBLEU SINGAPORE 308162,4.510651977234295,57.0,1,3,4,12,18,4,2.0,1.0,1,0
FYVE DERBYSHIRE,1490000.0,656.6,2269.0,2021-01-01,61.0,24426.0,1.3162773675544,103.845724040655,5 DERBYSHIRE ROAD FYVE DERBYSHIRE SINGAPORE 309461,3.7261930135692727,57.0,3,2,2,14,13,7,1.0,0.0,0,0
THE ARCADIA,3535000.0,3756.64,941.0,2021-01-01,349.0,10129.0,1.33337474399547,103.811275631559,235 ARCADIA ROAD THE ARCADIA SINGAPORE 289843,7.111379394487015,57.0,1,0,0,9,6,5,1.0,1.0,1,0
26 NEWTON,1906730.0,775.01,2460.0,2021-01-01,72.0,26482.0,1.3156928164724,103.841615456446,26 NEWTON ROAD 26 NEWTON SINGAPORE 307957,3.762851610410245,57.0,3,2,2,14,13,6,5.0,1.0,0,0
M21,1630000.0,1065.64,1530.0,2021-01-01,99.0,16465.0,1.32252212187302,103.848891107309,21 MANDALAY ROAD M21 SINGAPORE 308208,4.376450490663607,57.0,1,3,4,12,14,6,2.0,1.0,0,0
PULLMAN RESIDENCES NEWTON,1295200.0,462.85,2798.0,2021-01-01,43.0,30121.0,1.31467262956125,103.839010845653,"18 DUNEARN ROAD PULLMAN RESIDENCES, NEWTON SINGAPORE 309421",3.747758902511321,57.0,3,1,2,14,10,6,2.0,0.0,0,0
10 SHELFORD,970000.0,871.88,1113.0,2021-01-01,81.0,11975.0,1.32580825364563,103.812516919467,10 SHELFORD ROAD 10 SHELFORD SINGAPORE 288353,6.383468750218335,57.0,3,1,0,13,7,8,1.0,1.0,0,0
GLOUCESTER MANSIONS,1142800.0,656.6,1740.0,2021-01-01,61.0,18734.0,1.31369315585356,103.840387458086,10 NEWTON ROAD GLOUCESTER MANSIONS SINGAPORE 307947,3.5935288260621085,57.0,3,1,2,14,10,5,3.0,1.0,0,0
AMARYLLIS VILLE,1547000.0,958.0,1615.0,2021-01-01,89.0,17382.0,1.31478233515073,103.841958399488,22 NEWTON ROAD AMARYLLIS VILLE SINGAPORE 307990,3.655547978307824,57.0,3,2,2,14,13,6,3.0,1.0,1,0
MONTEBLEU,1900000.0,1227.1,1548.0,2021-01-01,114.0,16667.0,1.32378273509884,103.850102052541,8 MINBU ROAD MONTEBLEU SINGAPORE 308162,4.510651977234295,57.0,1,3,4,12,18,4,2.0,1.0,1,0
FYVE DERBYSHIRE,1588000.0,656.6,2419.0,2021-01-01,61.0,26033.0,1.3162773675544,103.845724040655,5 DERBYSHIRE ROAD FYVE DERBYSHIRE SINGAPORE 309461,3.7261930135692727,57.0,3,2,2,14,13,7,3.0,0.0,0,0
10 SHELFORD,1035000.0,979.52,1057.0,2021-01-01,91.0,11374.0,1.32580825364563,103.812516919467,10 SHELFORD ROAD 10 SHELFORD SINGAPORE 288353,6.383468750218335,57.0,3,1,0,13,7,8,1.0,1.0,0,0
STRATA,1830000.0,1065.64,1717.0,2021-01-01,99.0,18485.0,1.31740976334811,103.844913840423,1 ESSEX ROAD STRATA SINGAPORE 309329,3.864673219206803,57.0,3,2,3,14,14,7,7.0,1.0,0,0
IRIDIUM,1838888.0,1065.64,1726.0,2021-01-01,99.0,18575.0,1.31513812749678,103.842640203235,11 LINCOLN ROAD IRIDIUM SINGAPORE 308349,3.673438389333036,57.0,3,2,2,14,13,6,3.0,1.0,0,0
NEWTON 18,1160000.0,613.55,1891.0,2021-01-01,57.0,20351.0,1.31429426375311,103.841150697585,18 NEWTON ROAD NEWTON 18 SINGAPORE 307989,3.6298212404791177,57.0,3,1,2,14,10,6,6.0,1.0,0,0
PARK INFINIA AT WEE NAM,2950000.0,1463.9,2015.0,2021-01-01,136.0,21691.0,1.31441386999901,103.843291191875,2A LINCOLN ROAD PARK INFINIA AT WEE NAM SINGAPORE 308364,3.57796230174373,57.0,3,2,2,14,11,6,2.0,1.0,1,0
PULLMAN RESIDENCES NEWTON,1710000.0,667.37,2562.0,2021-01-01,62.0,27581.0,1.31467262956125,103.839010845653,"18 DUNEARN ROAD PULLMAN RESIDENCES, NEWTON SINGAPORE 309421",3.747758902511321,57.0,3,1,2,14,10,6,1.0,0.0,0,0
18 SHELFORD,3500000.0,2357.32,1485.0,2021-01-01,219.0,15982.0,1.32731952558617,103.812831770778,18 SHELFORD ROAD 18 SHELFORD SINGAPORE 288407,6.4853449338411195,57.0,3,1,0,13,7,8,1.0,1.0,0,0
26 NEWTON,1750000.0,775.01,2258.0,2021-01-01,72.0,24306.0,1.3156928164724,103.841615456446,26 NEWTON ROAD 26 NEWTON SINGAPORE 307957,3.762851610410245,57.0,3,2,2,14,13,6,3.0,1.0,0,0
PAVILION 11,2100000.0,1485.43,1414.0,2021-01-01,138.0,15217.0,1.32458602112842,103.848173371262,23 AKYAB ROAD PAVILION 11 SINGAPORE 309978,4.609115779437775,57.0,2,3,5,12,18,5,1.0,1.0,1,0
FYVE DERBYSHIRE,1809720.0,796.54,2272.0,2021-01-01,74.0,24456.0,1.3162773675544,103.845724040655,5 DERBYSHIRE ROAD FYVE DERBYSHIRE SINGAPORE 309461,3.7261930135692727,57.0,3,2,2,14,13,7,1.0,0.0,0,0
DUNEARN 386,1147000.0,452.09,2537.0,2020-12-01,42.0,27310.0,1.32443998997673,103.81183629155,386 DUNEARN ROAD DUNEARN 386 SINGAPORE 289599,6.3240665481399505,58.0,4,1,0,13,7,8,1.0,0.0,0,0
CUBE 8,1450000.0,925.7,1566.0,2020-12-01,86.0,16860.0,1.3283636088892,103.841418362322,376 THOMSON ROAD CUBE 8 SINGAPORE 298130,5.12816729630684,58.0,3,0,3,12,14,4,3.0,1.0,1,0
HILLCREST ARCADIA,1050000.0,925.7,1134.0,2020-12-01,86.0,12209.0,1.33377798542711,103.808806606762,255 ARCADIA ROAD HILLCREST ARCADIA SINGAPORE 289850,7.319529262671842,58.0,1,0,0,9,6,5,3.0,1.0,1,0
NEU AT NOVENA,1625000.0,548.96,2960.0,2020-12-01,51.0,31863.0,1.31961486592659,103.845969245127,27 MOULMEIN RISE NEU AT NOVENA SINGAPORE 308140,4.087211641971712,58.0,1,2,4,14,13,7,4.0,0.0,0,0
VILLA CHANCERY,4100000.0,2055.92,1994.0,2020-12-01,191.0,21466.0,1.32356073869496,103.838750321504,39 CHANCERY LANE VILLA CHANCERY SINGAPORE 309568,4.687614447746414,58.0,2,0,4,13,12,5,1.0,1.0,1,0
NEWTON SUITES,1700000.0,796.54,2134.0,2020-12-01,74.0,22973.0,1.31780091416565,103.842313806169,60 NEWTON ROAD NEWTON SUITES SINGAPORE 307994,3.967671598329251,58.0,3,2,3,14,13,7,4.0,1.0,0,0
CUBE 8,1910000.0,1334.74,1431.0,2020-12-01,124.0,15403.0,1.3283636088892,103.841418362322,376 THOMSON ROAD CUBE 8 SINGAPORE 298130,5.12816729630684,58.0,3,0,3,12,14,4,4.0,1.0,1,0
CUBE 8,2900000.0,1905.23,1522.0,2020-12-01,177.0,16384.0,1.3283636088892,103.841418362322,376 THOMSON ROAD CUBE 8 SINGAPORE 298130,5.12816729630684,58.0,3,0,3,12,14,4,6.0,1.0,1,0
NEU AT NOVENA,2254000.0,818.06,2755.0,2020-12-01,76.0,29658.0,1.31961486592659,103.845969245127,27 MOULMEIN RISE NEU AT NOVENA SINGAPORE 308140,4.087211641971712,58.0,1,2,4,14,13,7,3.0,0.0,0,0
NEWTON 21,1980000.0,1065.64,1858.0,2020-12-01,99.0,20000.0,1.31490075979298,103.840460862924,21 NEWTON ROAD NEWTON 21 SINGAPORE 307954,3.7173142928382856,58.0,3,1,2,14,12,6,3.0,1.0,0,0
PAVILION 11,1620000.0,958.0,1691.0,2020-12-01,89.0,18202.0,1.32458602112842,103.848173371262,23 AKYAB ROAD PAVILION 11 SINGAPORE 309978,4.609115779437775,58.0,2,3,5,12,18,5,3.0,1.0,1,0
HILLCREST ARCADIA,1820000.0,1797.59,1012.0,2020-12-01,167.0,10898.0,1.33377798542711,103.808806606762,255 ARCADIA ROAD HILLCREST ARCADIA SINGAPORE 289850,7.319529262671842,58.0,1,0,0,9,6,5,1.0,1.0,1,0
DUNEARN 386,2187000.0,914.94,2390.0,2020-12-01,85.0,25729.0,1.32443998997673,103.81183629155,386 DUNEARN ROAD DUNEARN 386 SINGAPORE 289599,6.3240665481399505,58.0,4,1,0,13,7,8,1.0,0.0,0,0
THE SPINNAKER,2180000.0,1345.5,1620.0,2020-12-01,125.0,17440.0,1.31408342873893,103.843984943567,13 SUFFOLK ROAD THE SPINNAKER SINGAPORE 307788,3.524598413114717,58.0,4,2,2,14,11,6,3.0,1.0,0,0
NEU AT NOVENA,1599000.0,570.49,2803.0,2020-12-01,53.0,30170.0,1.31961486592659,103.845969245127,27 MOULMEIN RISE NEU AT NOVENA SINGAPORE 308140,4.087211641971712,58.0,1,2,4,14,13,7,4.0,0.0,0,0
ALEGRIA,2300000.0,1808.35,1272.0,2020-12-01,168.0,13690.0,1.32430300605838,103.841018068843,323C THOMSON ROAD ALEGRIA SINGAPORE 307669,4.700240022799939,58.0,2,0,4,12,13,5,1.0,1.0,0,0
SKY@ELEVEN,3230000.0,1851.41,1745.0,2020-12-01,172.0,18779.0,1.33127079751604,103.841021896647,7 THOMSON LANE SKY@ELEVEN SINGAPORE 297725,5.451828930281204,58.0,4,1,3,12,15,2,3.0,1.0,1,0
CHANCERY PARK,2826000.0,1679.18,1683.0,2020-12-01,156.0,18115.0,1.31928907823444,103.836653265191,11 CHANCERY LANE CHANCERY PARK SINGAPORE 309502,4.318653130172045,58.0,3,1,3,14,11,5,1.0,1.0,1,0
MONTEBLEU,1530000.0,1076.4,1421.0,2020-12-01,100.0,15300.0,1.32378273509884,103.850102052541,8 MINBU ROAD MONTEBLEU SINGAPORE 308162,4.510651977234295,58.0,1,3,4,12,18,4,1.0,1.0,1,0
ORCHID APARTMENTS,1800000.0,1356.26,1327.0,2020-12-01,126.0,14286.0,1.33377941780318,103.798570834569,42 ENG NEO AVENUE ORCHID APARTMENTS SINGAPORE 289533,8.097727085030213,58.0,1,0,0,5,6,3,1.0,1.0,0,0
NEU AT NOVENA,1680000.0,645.84,2601.0,2020-12-01,60.0,28000.0,1.31961486592659,103.845969245127,27 MOULMEIN RISE NEU AT NOVENA SINGAPORE 308140,4.087211641971712,58.0,1,2,4,14,13,7,2.0,0.0,0,0
ADRIA,1220000.0,688.9,1771.0,2020-12-01,64.0,19063.0,1.3164463549549,103.846258551824,12 DERBYSHIRE ROAD ADRIA SINGAPORE 309466,3.735780917193752,58.0,3,2,2,14,13,7,2.0,1.0,0,0
PAVILION 11,2400000.0,1485.43,1616.0,2020-12-01,138.0,17391.0,1.32458602112842,103.848173371262,23 AKYAB ROAD PAVILION 11 SINGAPORE 309978,4.609115779437775,58.0,2,3,5,12,18,5,5.0,1.0,1,0
PARK INFINIA AT WEE NAM,2250000.0,1130.22,1991.0,2020-12-01,105.0,21429.0,1.31441386999901,103.843291191875,2A LINCOLN ROAD PARK INFINIA AT WEE NAM SINGAPORE 308364,3.57796230174373,58.0,3,2,2,14,11,6,2.0,1.0,1,0
L'VIV,1925000.0,990.29,1944.0,2020-12-01,92.0,20924.0,1.31544838531983,103.840354841468,23 NEWTON ROAD L'VIV SINGAPORE 307955,3.778505845346688,58.0,3,1,2,14,12,6,3.0,1.0,0,0
D'CHATEAU @ SHELFORD,1620000.0,914.94,1771.0,2020-12-01,85.0,19059.0,1.32809614767202,103.81198826246,25 SHELFORD ROAD D'CHATEAU @ SHELFORD SINGAPORE 288415,6.611737912544638,58.0,3,1,0,13,7,8,1.0,1.0,0,0
THE AXIS,1550000.0,1140.98,1358.0,2020-12-01,106.0,14623.0,1.32462194319897,103.849957588255,47 MANDALAY ROAD THE AXIS SINGAPORE 308227,4.6038020641452535,58.0,2,3,4,12,19,4,3.0,1.0,0,0
NEWTON SUITES,1750000.0,796.54,2197.0,2020-12-01,74.0,23649.0,1.31780091416565,103.842313806169,60 NEWTON ROAD NEWTON SUITES SINGAPORE 307994,3.967671598329251,58.0,3,2,3,14,13,7,6.0,1.0,0,0
THE AXIS,1550000.0,1140.98,1358.0,2020-12-01,106.0,14623.0,1.32462194319897,103.849957588255,47 MANDALAY ROAD THE AXIS SINGAPORE 308227,4.6038020641452535,58.0,2,3,4,12,19,4,2.0,1.0,0,0
PARK INFINIA AT WEE NAM,2950000.0,1463.9,2015.0,2020-12-01,136.0,21691.0,1.31441386999901,103.843291191875,2A LINCOLN ROAD PARK INFINIA AT WEE NAM SINGAPORE 308364,3.57796230174373,58.0,3,2,2,14,11,6,3.0,1.0,1,0
THE GLYNDEBOURNE,4100000.0,1959.05,2093.0,2020-12-01,182.0,22527.0,1.32222533352038,103.823597825035,38 TREVOSE CRESCENT THE GLYNDEBOURNE SINGAPORE 297722,5.30213333703159,58.0,4,0,0,14,6,4,1.0,1.0,1,0
PULLMAN RESIDENCES NEWTON,1768000.0,667.37,2649.0,2020-12-01,62.0,28516.0,1.31467262956125,103.839010845653,"18 DUNEARN ROAD PULLMAN RESIDENCES, NEWTON SINGAPORE 309421",3.747758902511321,58.0,3,1,2,14,10,6,1.0,0.0,0,0
PULLMAN RESIDENCES NEWTON,1255000.0,462.85,2711.0,2020-12-01,43.0,29186.0,1.31467262956125,103.839010845653,"18 DUNEARN ROAD PULLMAN RESIDENCES, NEWTON SINGAPORE 309421",3.747758902511321,58.0,3,1,2,14,10,6,1.0,0.0,0,0
AMARYLLIS VILLE,1500000.0,958.0,1566.0,2020-12-01,89.0,16854.0,1.31478233515073,103.841958399488,22 NEWTON ROAD AMARYLLIS VILLE SINGAPORE 307990,3.655547978307824,58.0,3,2,2,14,13,6,1.0,1.0,1,0
8 BASSEIN,760000.0,430.56,1765.0,2020-12-01,40.0,19000.0,1.32353748014389,103.848108217465,8 BASSEIN ROAD 8 BASSEIN SINGAPORE 309838,4.493964280091297,58.0,2,3,5,12,14,6,2.0,1.0,0,0
HILLCREST ARCADIA,1720000.0,1797.59,957.0,2020-12-01,167.0,10299.0,1.33377798542711,103.808806606762,255 ARCADIA ROAD HILLCREST ARCADIA SINGAPORE 289850,7.319529262671842,58.0,1,0,0,9,6,5,1.0,1.0,1,0
ALEGRIA,878000.0,667.37,1316.0,2020-12-01,62.0,14161.0,1.32430300605838,103.841018068843,323C THOMSON ROAD ALEGRIA SINGAPORE 307669,4.700240022799939,58.0,2,0,4,12,13,5,1.0,1.0,0,0
HILLCREST ARCADIA,1820000.0,1883.7,966.0,2020-12-01,175.0,10400.0,1.33377798542711,103.808806606762,255 ARCADIA ROAD HILLCREST ARCADIA SINGAPORE 289850,7.319529262671842,58.0,1,0,0,9,6,5,2.0,1.0,1,0
FYVE DERBYSHIRE,1890000.0,796.54,2373.0,2020-12-01,74.0,25541.0,1.3162773675544,103.845724040655,5 DERBYSHIRE ROAD FYVE DERBYSHIRE SINGAPORE 309461,3.7261930135692727,58.0,3,2,2,14,13,7,3.0,0.0,0,0
PULLMAN RESIDENCES NEWTON,1765000.0,667.37,2645.0,2020-12-01,62.0,28468.0,1.31467262956125,103.839010845653,"18 DUNEARN ROAD PULLMAN RESIDENCES, NEWTON SINGAPORE 309421",3.747758902511321,58.0,3,1,2,14,10,6,1.0,0.0,0,0
TRILIGHT,2350000.0,1162.51,2021.0,2020-12-01,108.0,21759.0,1.31447883237245,103.839899712589,7 NEWTON ROAD TRILIGHT SINGAPORE 307945,3.693489005647367,58.0,3,1,2,14,10,5,6.0,1.0,1,0
PULLMAN RESIDENCES NEWTON,1278000.0,462.85,2761.0,2020-12-01,43.0,29721.0,1.31467262956125,103.839010845653,"18 DUNEARN ROAD PULLMAN RESIDENCES, NEWTON SINGAPORE 309421",3.747758902511321,58.0,3,1,2,14,10,6,2.0,0.0,0,0
DUNEARN 386,2265120.0,925.7,2447.0,2020-12-01,86.0,26339.0,1.32443998997673,103.81183629155,386 DUNEARN ROAD DUNEARN 386 SINGAPORE 289599,6.3240665481399505,58.0,4,1,0,13,7,8,1.0,0.0,0,0
PULLMAN RESIDENCES NEWTON,1767000.0,667.37,2648.0,2020-12-01,62.0,28500.0,1.31467262956125,103.839010845653,"18 DUNEARN ROAD PULLMAN RESIDENCES, NEWTON SINGAPORE 309421",3.747758902511321,58.0,3,1,2,14,10,6,1.0,0.0,0,0
LINCOLN SUITES,1250000.0,527.44,2370.0,2020-12-01,49.0,25510.0,1.31710864002609,103.842743087159,3 KHIANG GUAN AVENUE LINCOLN SUITES SINGAPORE 308381,3.881888940990309,58.0,3,2,3,14,13,7,5.0,1.0,1,0
GILSTEAD MANSION,2318000.0,1636.13,1417.0,2020-12-01,152.0,15250.0,1.31931195467857,103.840119121123,57D GILSTEAD ROAD GILSTEAD MANSION SINGAPORE 309101,4.193820010524355,58.0,3,1,3,14,13,7,1.0,1.0,0,0
MIRO,2100000.0,1323.97,1586.0,2020-11-01,123.0,17073.0,1.31393361941559,103.842380394708,1 LINCOLN ROAD MIRO SINGAPORE 308365,3.5524517086546736,59.0,3,2,2,14,11,6,7.0,1.0,0,0
NEU AT NOVENA,2168000.0,818.06,2650.0,2020-11-01,76.0,28526.0,1.31961486592659,103.845969245127,27 MOULMEIN RISE NEU AT NOVENA SINGAPORE 308140,4.087211641971712,59.0,1,2,4,14,13,7,2.0,0.0,0,0
10 SHELFORD,990000.0,947.23,1045.0,2020-11-01,88.0,11250.0,1.32580825364563,103.812516919467,10 SHELFORD ROAD 10 SHELFORD SINGAPORE 288353,6.383468750218335,59.0,3,1,0,13,7,8,1.0,1.0,0,0
LINCOLN SUITES,1000000.0,462.85,2161.0,2020-11-01,43.0,23256.0,1.31710864002609,103.842743087159,3 KHIANG GUAN AVENUE LINCOLN SUITES SINGAPORE 308381,3.881888940990309,59.0,3,2,3,14,13,7,5.0,1.0,1,0
THE ARCADIA,3428000.0,3756.64,913.0,2020-11-01,349.0,9822.0,1.33337474399547,103.811275631559,235 ARCADIA ROAD THE ARCADIA SINGAPORE 289843,7.111379394487015,59.0,1,0,0,9,6,5,1.0,1.0,1,0
CITY EDGE,1380000.0,828.83,1665.0,2020-11-01,77.0,17922.0,1.31953328897071,103.84662602278,18 MOULMEIN RISE CITY EDGE SINGAPORE 308133,4.068886226265154,59.0,1,2,4,14,13,7,2.0,1.0,0,0
GILSTEAD COURT,2480000.0,1463.9,1694.0,2020-11-01,136.0,18235.0,1.31852490969421,103.839521125521,52H GILSTEAD ROAD GILSTEAD COURT SINGAPORE 309097,4.130671506328448,59.0,3,1,3,14,12,7,,1.0,1,0
NEWTON SUITES,1685000.0,796.54,2115.0,2020-11-01,74.0,22770.0,1.31780091416565,103.842313806169,60 NEWTON ROAD NEWTON SUITES SINGAPORE 307994,3.967671598329251,59.0,3,2,3,14,13,7,4.0,1.0,0,0
MANDALAY MANSION,2300000.0,2088.22,1101.0,2020-11-01,194.0,11856.0,1.3238494392232,103.849267497709,15 MINBU ROAD MANDALAY MANSION SINGAPORE 308166,4.521033989758252,59.0,2,3,5,12,17,4,2.0,1.0,0,0
THOMSON 800,2250000.0,1625.36,1384.0,2020-11-01,151.0,14901.0,1.3411028334318,103.838741075921,808 THOMSON ROAD THOMSON 800 SINGAPORE 298190,6.567971581242121,59.0,4,1,0,13,13,2,2.0,1.0,1,0
SHELFORD SUITES,2180000.0,1442.38,1511.0,2020-11-01,134.0,16269.0,1.32660135432463,103.812654850327,16 SHELFORD ROAD SHELFORD SUITES SINGAPORE 288383,6.438582001199515,59.0,3,1,0,13,7,8,1.0,1.0,1,0
DUNEARN 386,1645000.0,667.37,2465.0,2020-11-01,62.0,26532.0,1.32443998997673,103.81183629155,386 DUNEARN ROAD DUNEARN 386 SINGAPORE 289599,6.3240665481399505,59.0,4,1,0,13,7,8,1.0,0.0,0,0
CUBE 8,1400000.0,925.7,1512.0,2020-11-01,86.0,16279.0,1.3283636088892,103.841418362322,376 THOMSON ROAD CUBE 8 SINGAPORE 298130,5.12816729630684,59.0,3,0,3,12,14,4,3.0,1.0,1,0
THREE BUCKLEY,3250000.0,2206.62,1473.0,2020-11-01,205.0,15854.0,1.31701521407942,103.839874378926,3 BUCKLEY ROAD THREE BUCKLEY SINGAPORE 309752,3.9597883177789663,59.0,3,1,3,14,12,7,1.0,1.0,0,0
1 MOULMEIN RISE,2300000.0,1237.86,1858.0,2020-11-01,115.0,20000.0,1.31908636997896,103.847053580169,1 MOULMEIN RISE 1 MOULMEIN RISE SINGAPORE 308143,4.014343248034238,59.0,1,3,4,14,12,7,2.0,1.0,0,0
THE ARMADALE,1750000.0,1033.34,1694.0,2020-11-01,96.0,18229.0,1.31856765330093,103.840268808403,60 GILSTEAD ROAD THE ARMADALE SINGAPORE 309104,4.1102218338608845,59.0,3,1,3,14,13,7,1.0,1.0,0,0
FYVE DERBYSHIRE,2107000.0,936.47,2250.0,2020-11-01,87.0,24218.0,1.3162773675544,103.845724040655,5 DERBYSHIRE ROAD FYVE DERBYSHIRE SINGAPORE 309461,3.7261930135692727,59.0,3,2,2,14,13,7,2.0,0.0,0,0
35 GILSTEAD,2300000.0,936.47,2456.0,2020-11-01,87.0,26437.0,1.31711023904743,103.837956844749,35 GILSTEAD ROAD 35 GILSTEAD SINGAPORE 309079,4.041420945749914,59.0,3,1,2,14,12,6,1.0,0.0,0,0
PULLMAN RESIDENCES NEWTON,1888000.0,667.37,2829.0,2020-11-01,62.0,30452.0,1.31467262956125,103.839010845653,"18 DUNEARN ROAD PULLMAN RESIDENCES, NEWTON SINGAPORE 309421",3.747758902511321,59.0,3,1,2,14,10,6,3.0,0.0,0,0
THOMSON 800,2100000.0,1410.08,1489.0,2020-11-01,131.0,16031.0,1.3411028334318,103.838741075921,808 THOMSON ROAD THOMSON 800 SINGAPORE 298190,6.567971581242121,59.0,4,1,0,13,13,2,3.0,1.0,1,0
PULLMAN RESIDENCES NEWTON,1298000.0,462.85,2804.0,2020-11-01,43.0,30186.0,1.31467262956125,103.839010845653,"18 DUNEARN ROAD PULLMAN RESIDENCES, NEWTON SINGAPORE 309421",3.747758902511321,59.0,3,1,2,14,10,6,2.0,0.0,0,0
SOLEIL @ SINARAN,1028000.0,581.26,1769.0,2020-11-01,54.0,19037.0,1.31960020004528,103.845271738384,2 SINARAN DRIVE SOLEIL @ SINARAN SINGAPORE 307467,4.096964545722665,59.0,1,1,4,14,14,7,6.0,1.0,1,0
LINCOLN SUITES,2100000.0,1044.11,2011.0,2020-11-01,97.0,21649.0,1.31710864002609,103.842743087159,3 KHIANG GUAN AVENUE LINCOLN SUITES SINGAPORE 308381,3.881888940990309,59.0,3,2,3,14,13,7,2.0,1.0,1,0
SETIA RESIDENCES,6100000.0,3347.6,1822.0,2020-11-01,311.0,19614.0,1.31590666330907,103.839947799817,11 EVELYN ROAD SETIA RESIDENCES SINGAPORE 309304,3.8409237752505945,59.0,3,1,2,14,12,6,4.0,1.0,0,0
ADAM PARK CONDOMINIUM,2480000.0,2335.79,1062.0,2020-11-01,217.0,11429.0,1.32804489589413,103.813395586111,27A ADAM ROAD ADAM PARK CONDOMINIUM SINGAPORE 289900,6.5056226819707295,59.0,3,1,0,13,7,8,1.0,1.0,1,0
368 THOMSON,1132000.0,688.9,1643.0,2020-11-01,64.0,17688.0,1.3270913316471,103.841978573745,368 THOMSON ROAD 368 THOMSON SINGAPORE 298127,4.977697388092409,59.0,3,0,3,12,16,4,6.0,1.0,1,0
THE TREVOSE,2680800.0,1991.34,1346.0,2020-11-01,185.0,14491.0,1.32302176043306,103.82529938582,60 TREVOSE CRESCENT THE TREVOSE SINGAPORE 298090,5.269266023284268,59.0,3,0,0,13,6,5,1.0,1.0,1,0
MANDALE HEIGHTS,1750000.0,1205.57,1452.0,2020-11-01,112.0,15625.0,1.32433421345059,103.849717961403,45 MANDALAY ROAD MANDALE HEIGHTS SINGAPORE 308225,4.572750960660567,59.0,2,3,4,12,19,4,3.0,1.0,0,0
SUITES @ SHREWSBURY,565000.0,344.45,1640.0,2020-11-01,32.0,17656.0,1.31819899592367,103.848906082215,84 SHREWSBURY ROAD SUITES @ SHREWSBURY SINGAPORE 307842,3.899093640567353,59.0,2,3,2,14,13,7,1.0,1.0,0,0
THOMSON 800,2050000.0,1399.32,1465.0,2020-11-01,130.0,15769.0,1.3411028334318,103.838741075921,808 THOMSON ROAD THOMSON 800 SINGAPORE 298190,6.567971581242121,59.0,4,1,0,13,13,2,3.0,1.0,1,0
SOLEIL @ SINARAN,1550000.0,936.47,1655.0,2020-11-01,87.0,17816.0,1.31960020004528,103.845271738384,2 SINARAN DRIVE SOLEIL @ SINARAN SINGAPORE 307467,4.096964545722665,59.0,1,1,4,14,14,7,3.0,1.0,1,0
PAVILION 11,2400000.0,1485.43,1616.0,2020-11-01,138.0,17391.0,1.32458602112842,103.848173371262,23 AKYAB ROAD PAVILION 11 SINGAPORE 309978,4.609115779437775,59.0,2,3,5,12,18,5,5.0,1.0,1,0
AMARYLLIS VILLE,2038000.0,1259.39,1618.0,2020-11-01,117.0,17419.0,1.31478233515073,103.841958399488,22 NEWTON ROAD AMARYLLIS VILLE SINGAPORE 307990,3.655547978307824,59.0,3,2,2,14,13,6,6.0,1.0,1,0
PULLMAN RESIDENCES NEWTON,3030000.0,1162.51,2606.0,2020-11-01,108.0,28056.0,1.31467262956125,103.839010845653,"18 DUNEARN ROAD PULLMAN RESIDENCES, NEWTON SINGAPORE 309421",3.747758902511321,59.0,3,1,2,14,10,6,1.0,0.0,0,0
PULLMAN RESIDENCES NEWTON,1308000.0,462.85,2826.0,2020-10-01,43.0,30419.0,1.31467262956125,103.839010845653,"18 DUNEARN ROAD PULLMAN RESIDENCES, NEWTON SINGAPORE 309421",3.747758902511321,60.0,3,1,2,14,10,6,2.0,0.0,0,0
ENG AUN MANSION,1100000.0,871.88,1262.0,2020-10-01,81.0,13580.0,1.32375032517822,103.842119363653,322 THOMSON ROAD ENG AUN MANSION SINGAPORE 307665,4.613078068976608,60.0,2,0,4,13,13,5,1.0,1.0,0,0
AMARYLLIS VILLE,988011.0,656.6,1505.0,2020-10-01,61.0,16197.0,1.31478233515073,103.841958399488,22 NEWTON ROAD AMARYLLIS VILLE SINGAPORE 307990,3.655547978307824,60.0,3,2,2,14,13,6,4.0,1.0,1,0
THE LINCOLN MODERN,2270000.0,1377.79,1648.0,2020-10-01,128.0,17734.0,1.31532312585557,103.843055868846,20 LINCOLN ROAD THE LINCOLN MODERN SINGAPORE 308353,3.681849969048285,60.0,3,2,2,14,13,6,5.0,1.0,0,0
MONTEBLEU,1950000.0,1227.1,1589.0,2020-10-01,114.0,17105.0,1.32378273509884,103.850102052541,8 MINBU ROAD MONTEBLEU SINGAPORE 308162,4.510651977234295,60.0,1,3,4,12,18,4,5.0,1.0,1,0
THREE BUCKLEY,3300000.0,2206.62,1495.0,2020-10-01,205.0,16098.0,1.31701521407942,103.839874378926,3 BUCKLEY ROAD THREE BUCKLEY SINGAPORE 309752,3.9597883177789663,60.0,3,1,3,14,12,7,1.0,1.0,0,0
GILSTEAD TWO,1712000.0,904.18,1893.0,2020-10-01,84.0,20381.0,1.31496035037871,103.838459402687,2 GILSTEAD ROAD GILSTEAD TWO SINGAPORE 309061,3.799617052654486,60.0,3,1,3,14,10,6,2.0,1.0,0,0
D'CHATEAU @ SHELFORD,1580000.0,914.94,1727.0,2020-10-01,85.0,18588.0,1.32809614767202,103.81198826246,25 SHELFORD ROAD D'CHATEAU @ SHELFORD SINGAPORE 288415,6.611737912544638,60.0,3,1,0,13,7,8,1.0,1.0,0,0
NEU AT NOVENA,1419000.0,548.96,2585.0,2020-10-01,51.0,27824.0,1.31961486592659,103.845969245127,27 MOULMEIN RISE NEU AT NOVENA SINGAPORE 308140,4.087211641971712,60.0,1,2,4,14,13,7,2.0,0.0,0,0
MONTEBLEU,2438000.0,1786.82,1364.0,2020-10-01,166.0,14687.0,1.32378273509884,103.850102052541,8 MINBU ROAD MONTEBLEU SINGAPORE 308162,4.510651977234295,60.0,1,3,4,12,18,4,5.0,1.0,1,0
PASADENA,1768000.0,1410.08,1254.0,2020-10-01,131.0,13496.0,1.31524471792011,103.845450576406,2A DERBYSHIRE ROAD PASADENA SINGAPORE 309470,3.61854926950923,60.0,4,2,2,14,13,6,1.0,1.0,0,0
CITY EDGE,2300000.0,1668.42,1379.0,2020-10-01,155.0,14839.0,1.31953328897071,103.84662602278,18 MOULMEIN RISE CITY EDGE SINGAPORE 308133,4.068886226265154,60.0,1,2,4,14,13,7,4.0,1.0,0,0
BUCKLEY 18,2900000.0,1754.53,1653.0,2020-10-01,163.0,17791.0,1.31829562143795,103.841063256174,18 BUCKLEY ROAD BUCKLEY 18 SINGAPORE 309776,4.056458908595856,60.0,3,1,3,14,13,8,1.0,1.0,0,0
8 BASSEIN,1470000.0,871.88,1686.0,2020-10-01,81.0,18148.0,1.32353748014389,103.848108217465,8 BASSEIN ROAD 8 BASSEIN SINGAPORE 309838,4.493964280091297,60.0,2,3,5,12,14,6,3.0,1.0,0,0
THE SPINNAKER,1960000.0,1270.15,1543.0,2020-10-01,118.0,16610.0,1.31408342873893,103.843984943567,13 SUFFOLK ROAD THE SPINNAKER SINGAPORE 307788,3.524598413114717,60.0,4,2,2,14,11,6,3.0,1.0,0,0
CHANCERY ESQUIRE,2020000.0,1291.68,1564.0,2020-10-01,120.0,16833.0,1.31765462879831,103.836535043005,8 CHANCERY LANE CHANCERY ESQUIRE SINGAPORE 309494,4.156345677003505,60.0,3,1,2,14,11,5,1.0,1.0,0,0
SKY@ELEVEN,5100000.0,2820.17,1808.0,2020-10-01,262.0,19466.0,1.33127079751604,103.841021896647,7 THOMSON LANE SKY@ELEVEN SINGAPORE 297725,5.451828930281204,60.0,4,1,3,12,15,2,8.0,1.0,1,0
THE ARCADIA,6250000.0,7502.51,833.0,2020-10-01,697.0,8967.0,1.33337474399547,103.811275631559,235 ARCADIA ROAD THE ARCADIA SINGAPORE 289843,7.111379394487015,60.0,1,0,0,9,6,5,2.0,1.0,1,0
THOMSON 800,2500000.0,1625.36,1538.0,2020-10-01,151.0,16556.0,1.3411028334318,103.838741075921,808 THOMSON ROAD THOMSON 800 SINGAPORE 298190,6.567971581242121,60.0,4,1,0,13,13,2,4.0,1.0,1,0
PULLMAN RESIDENCES NEWTON,1310000.0,462.85,2830.0,2020-10-01,43.0,30465.0,1.31467262956125,103.839010845653,"18 DUNEARN ROAD PULLMAN RESIDENCES, NEWTON SINGAPORE 309421",3.747758902511321,60.0,3,1,2,14,10,6,2.0,0.0,0,0
FYVE DERBYSHIRE,1542000.0,656.6,2348.0,2020-10-01,61.0,25279.0,1.3162773675544,103.845724040655,5 DERBYSHIRE ROAD FYVE DERBYSHIRE SINGAPORE 309461,3.7261930135692727,60.0,3,2,2,14,13,7,2.0,0.0,0,0
PULLMAN RESIDENCES NEWTON,1777000.0,667.37,2663.0,2020-10-01,62.0,28661.0,1.31467262956125,103.839010845653,"18 DUNEARN ROAD PULLMAN RESIDENCES, NEWTON SINGAPORE 309421",3.747758902511321,60.0,3,1,2,14,10,6,1.0,0.0,0,0
PULLMAN RESIDENCES NEWTON,1297000.0,462.85,2802.0,2020-10-01,43.0,30163.0,1.31467262956125,103.839010845653,"18 DUNEARN ROAD PULLMAN RESIDENCES, NEWTON SINGAPORE 309421",3.747758902511321,60.0,3,1,2,14,10,6,2.0,0.0,0,0
ROCHELLE AT NEWTON,2770000.0,1743.77,1589.0,2020-10-01,162.0,17099.0,1.31404425678498,103.841922909924,188 KENG LEE ROAD ROCHELLE AT NEWTON SINGAPORE 308414,3.578271566582672,60.0,3,2,2,14,11,6,4.0,1.0,1,0
EVELYN MANSIONS,1500000.0,893.41,1679.0,2020-10-01,83.0,18072.0,1.31649465009912,103.839103883927,20 EVELYN ROAD EVELYN MANSIONS SINGAPORE 309309,3.933183708587904,60.0,3,1,2,14,12,7,2.0,1.0,0,0
VILLA CHANCERY,3500000.0,2055.92,1702.0,2020-10-01,191.0,18325.0,1.32356073869496,103.838750321504,39 CHANCERY LANE VILLA CHANCERY SINGAPORE 309568,4.687614447746414,60.0,2,0,4,13,12,5,1.0,1.0,1,0
L'VIV,1950000.0,990.29,1969.0,2020-10-01,92.0,21196.0,1.31544838531983,103.840354841468,23 NEWTON ROAD L'VIV SINGAPORE 307955,3.778505845346688,60.0,3,1,2,14,12,6,5.0,1.0,0,0
NOVENA COURT,1160000.0,861.12,1347.0,2020-10-01,80.0,14500.0,1.32292732467511,103.842114483993,2E JALAN NOVENA BARAT NOVENA COURT SINGAPORE 308603,4.524348727321245,60.0,1,0,4,13,13,4,1.0,1.0,0,0
ADRIA,925000.0,538.2,1719.0,2020-10-01,50.0,18500.0,1.3164463549549,103.846258551824,12 DERBYSHIRE ROAD ADRIA SINGAPORE 309466,3.735780917193752,60.0,3,2,2,14,13,7,3.0,1.0,0,0
THOMSON 800,2360000.0,1625.36,1452.0,2020-10-01,151.0,15629.0,1.3411028334318,103.838741075921,808 THOMSON ROAD THOMSON 800 SINGAPORE 298190,6.567971581242121,60.0,4,1,0,13,13,2,2.0,1.0,1,0
SOLEIL @ SINARAN,1760000.0,936.47,1879.0,2020-10-01,87.0,20230.0,1.31960020004528,103.845271738384,2 SINARAN DRIVE SOLEIL @ SINARAN SINGAPORE 307467,4.096964545722665,60.0,1,1,4,14,14,7,7.0,1.0,1,0
NOVENA HILL,1110000.0,710.42,1562.0,2020-10-01,66.0,16818.0,1.32376633231593,103.843393016962,33A JALAN NOVENA NOVENA HILL SINGAPORE 308651,4.58654015401076,60.0,1,0,4,12,14,5,1.0,1.0,0,0
STRATA,1520000.0,839.59,1810.0,2020-10-01,78.0,19487.0,1.31740976334811,103.844913840423,1 ESSEX ROAD STRATA SINGAPORE 309329,3.864673219206803,60.0,3,2,3,14,14,7,1.0,1.0,0,0
ADAM PARK CONDOMINIUM,2120000.0,1765.3,1201.0,2020-10-01,164.0,12927.0,1.32804489589413,103.813395586111,27A ADAM ROAD ADAM PARK CONDOMINIUM SINGAPORE 289900,6.5056226819707295,60.0,3,1,0,13,7,8,1.0,1.0,1,0
SOLEIL @ SINARAN,2225000.0,1453.14,1531.0,2020-10-01,135.0,16481.0,1.31960020004528,103.845271738384,2 SINARAN DRIVE SOLEIL @ SINARAN SINGAPORE 307467,4.096964545722665,60.0,1,1,4,14,14,7,6.0,1.0,1,0
LA SUISSE,2500000.0,2131.27,1173.0,2020-10-01,198.0,12626.0,1.34663071510795,103.789436674932,1 SWISS VIEW LA SUISSE SINGAPORE 288007,9.820715471095133,60.0,0,0,0,1,1,2,1.0,1.0,1,0
10 SHELFORD,920000.0,871.88,1055.0,2020-10-01,81.0,11358.0,1.32580825364563,103.812516919467,10 SHELFORD ROAD 10 SHELFORD SINGAPORE 288353,6.383468750218335,60.0,3,1,0,13,7,8,1.0,1.0,0,0
RESIDENCES @ EVELYN,2020000.0,1108.69,1822.0,2020-10-01,103.0,19612.0,1.31548497427322,103.839467418834,17 EVELYN ROAD RESIDENCES @ EVELYN SINGAPORE 309306,3.814435565431148,60.0,3,1,2,14,12,6,2.0,1.0,1,0
SOLEIL @ SINARAN,968000.0,581.26,1665.0,2020-10-01,54.0,17926.0,1.31960020004528,103.845271738384,2 SINARAN DRIVE SOLEIL @ SINARAN SINGAPORE 307467,4.096964545722665,60.0,1,1,4,14,14,7,2.0,1.0,1,0
THE ARCADIA,3700000.0,3713.58,996.0,2020-10-01,345.0,10725.0,1.33337474399547,103.811275631559,235 ARCADIA ROAD THE ARCADIA SINGAPORE 289843,7.111379394487015,60.0,1,0,0,9,6,5,2.0,1.0,1,0
STRATA,1720000.0,1065.64,1614.0,2020-10-01,99.0,17374.0,1.31740976334811,103.844913840423,1 ESSEX ROAD STRATA SINGAPORE 309329,3.864673219206803,60.0,3,2,3,14,14,7,5.0,1.0,0,0
MANDALE HEIGHTS,1690000.0,1216.33,1389.0,2020-10-01,113.0,14956.0,1.32433421345059,103.849717961403,45 MANDALAY ROAD MANDALE HEIGHTS SINGAPORE 308225,4.572750960660567,60.0,2,3,4,12,19,4,4.0,1.0,0,0
RESIDENCES @ EVELYN,3250000.0,1528.49,2126.0,2020-10-01,142.0,22887.0,1.31548497427322,103.839467418834,17 EVELYN ROAD RESIDENCES @ EVELYN SINGAPORE 309306,3.814435565431148,60.0,3,1,2,14,12,6,4.0,1.0,1,0
RESIDENCES @ EVELYN,2030000.0,1033.34,1964.0,2020-10-01,96.0,21146.0,1.31548497427322,103.839467418834,17 EVELYN ROAD RESIDENCES @ EVELYN SINGAPORE 309306,3.814435565431148,60.0,3,1,2,14,12,6,6.0,1.0,1,0
SOLEIL @ SINARAN,1740000.0,958.0,1816.0,2020-10-01,89.0,19551.0,1.31960020004528,103.845271738384,2 SINARAN DRIVE SOLEIL @ SINARAN SINGAPORE 307467,4.096964545722665,60.0,1,1,4,14,14,7,6.0,1.0,1,0
PARK INFINIA AT WEE NAM,1920000.0,968.76,1982.0,2020-10-01,90.0,21333.0,1.31441386999901,103.843291191875,2A LINCOLN ROAD PARK INFINIA AT WEE NAM SINGAPORE 308364,3.57796230174373,60.0,3,2,2,14,11,6,6.0,1.0,1,0
ADAM PARK CONDOMINIUM,2240000.0,1915.99,1169.0,2020-10-01,178.0,12584.0,1.32804489589413,103.813395586111,27A ADAM ROAD ADAM PARK CONDOMINIUM SINGAPORE 289900,6.5056226819707295,60.0,3,1,0,13,7,8,1.0,1.0,1,0
PULLMAN RESIDENCES NEWTON,3735000.0,1377.79,2711.0,2020-10-01,128.0,29180.0,1.31467262956125,103.839010845653,"18 DUNEARN ROAD PULLMAN RESIDENCES, NEWTON SINGAPORE 309421",3.747758902511321,60.0,3,1,2,14,10,6,2.0,0.0,0,0
PULLMAN RESIDENCES NEWTON,1333000.0,462.85,2880.0,2020-10-01,43.0,31000.0,1.31467262956125,103.839010845653,"18 DUNEARN ROAD PULLMAN RESIDENCES, NEWTON SINGAPORE 309421",3.747758902511321,60.0,3,1,2,14,10,6,3.0,0.0,0,0
THE HUNTINGTON,1700000.0,968.76,1755.0,2020-10-01,90.0,18889.0,1.31880224228412,103.845318707665,190 MOULMEIN ROAD THE HUNTINGTON SINGAPORE 308095,4.009000992775222,60.0,2,2,4,14,14,7,2.0,1.0,0,0
SOLEIL @ SINARAN,2000000.0,1097.93,1822.0,2020-10-01,102.0,19608.0,1.31960020004528,103.845271738384,2 SINARAN DRIVE SOLEIL @ SINARAN SINGAPORE 307467,4.096964545722665,60.0,1,1,4,14,14,7,4.0,1.0,1,0
PULLMAN RESIDENCES NEWTON,1270000.0,462.85,2744.0,2020-10-01,43.0,29535.0,1.31467262956125,103.839010845653,"18 DUNEARN ROAD PULLMAN RESIDENCES, NEWTON SINGAPORE 309421",3.747758902511321,60.0,3,1,2,14,10,6,2.0,0.0,0,0
PULLMAN RESIDENCES NEWTON,3548000.0,1377.79,2575.0,2020-10-01,128.0,27719.0,1.31467262956125,103.839010845653,"18 DUNEARN ROAD PULLMAN RESIDENCES, NEWTON SINGAPORE 309421",3.747758902511321,60.0,3,1,2,14,10,6,1.0,0.0,0,0
FYVE DERBYSHIRE,2068000.0,936.47,2208.0,2020-10-01,87.0,23770.0,1.3162773675544,103.845724040655,5 DERBYSHIRE ROAD FYVE DERBYSHIRE SINGAPORE 309461,3.7261930135692727,60.0,3,2,2,14,13,7,2.0,0.0,0,0
ADRIA,2200000.0,1302.44,1689.0,2020-10-01,121.0,18182.0,1.3164463549549,103.846258551824,12 DERBYSHIRE ROAD ADRIA SINGAPORE 309466,3.735780917193752,60.0,3,2,2,14,13,7,4.0,1.0,0,0
PULLMAN RESIDENCES NEWTON,3100000.0,1162.51,2667.0,2020-09-01,108.0,28704.0,1.31467262956125,103.839010845653,"18 DUNEARN ROAD PULLMAN RESIDENCES, NEWTON SINGAPORE 309421",3.747758902511321,61.0,3,1,2,14,10,6,1.0,0.0,0,0
SOLEIL @ SINARAN,1800000.0,958.0,1879.0,2020-09-01,89.0,20225.0,1.31960020004528,103.845271738384,2 SINARAN DRIVE SOLEIL @ SINARAN SINGAPORE 307467,4.096964545722665,61.0,1,1,4,14,14,7,6.0,1.0,1,0
PAVILION 11,2350000.0,1485.43,1582.0,2020-09-01,138.0,17029.0,1.32458602112842,103.848173371262,23 AKYAB ROAD PAVILION 11 SINGAPORE 309978,4.609115779437775,61.0,2,3,5,12,18,5,3.0,1.0,1,0
6 DERBYSHIRE,936000.0,516.67,1812.0,2020-09-01,48.0,19500.0,1.31568172551155,103.845880417376,6 DERBYSHIRE ROAD 6 DERBYSHIRE SINGAPORE 309462,3.6584167943606625,61.0,3,2,2,14,13,6,3.0,1.0,1,0
PULLMAN RESIDENCES NEWTON,1253000.0,462.85,2707.0,2020-09-01,43.0,29140.0,1.31467262956125,103.839010845653,"18 DUNEARN ROAD PULLMAN RESIDENCES, NEWTON SINGAPORE 309421",3.747758902511321,61.0,3,1,2,14,10,6,1.0,0.0,0,0
PULLMAN RESIDENCES NEWTON,1262000.0,462.85,2727.0,2020-09-01,43.0,29349.0,1.31467262956125,103.839010845653,"18 DUNEARN ROAD PULLMAN RESIDENCES, NEWTON SINGAPORE 309421",3.747758902511321,61.0,3,1,2,14,10,6,1.0,0.0,0,0
AMARYLLIS VILLE,2780000.0,1689.95,1645.0,2020-09-01,157.0,17707.0,1.31478233515073,103.841958399488,22 NEWTON ROAD AMARYLLIS VILLE SINGAPORE 307990,3.655547978307824,61.0,3,2,2,14,13,6,5.0,1.0,1,0
M21,2550000.0,1754.53,1453.0,2020-09-01,163.0,15644.0,1.32252212187302,103.848891107309,21 MANDALAY ROAD M21 SINGAPORE 308208,4.376450490663607,61.0,1,3,4,12,14,6,2.0,1.0,0,0
THE LINCOLN MODERN,2125000.0,1377.79,1542.0,2020-09-01,128.0,16602.0,1.31532312585557,103.843055868846,20 LINCOLN ROAD THE LINCOLN MODERN SINGAPORE 308353,3.681849969048285,61.0,3,2,2,14,13,6,2.0,1.0,0,0
SKY@ELEVEN,3520000.0,1851.41,1901.0,2020-09-01,172.0,20465.0,1.33127079751604,103.841021896647,7 THOMSON LANE SKY@ELEVEN SINGAPORE 297725,5.451828930281204,61.0,4,1,3,12,15,2,8.0,1.0,1,0
PULLMAN RESIDENCES NEWTON,1859000.0,667.37,2786.0,2020-09-01,62.0,29984.0,1.31467262956125,103.839010845653,"18 DUNEARN ROAD PULLMAN RESIDENCES, NEWTON SINGAPORE 309421",3.747758902511321,61.0,3,1,2,14,10,6,3.0,0.0,0,0
ROCHELLE AT NEWTON,2790400.0,1743.77,1600.0,2020-09-01,162.0,17225.0,1.31404425678498,103.841922909924,188 KENG LEE ROAD ROCHELLE AT NEWTON SINGAPORE 308414,3.578271566582672,61.0,3,2,2,14,11,6,4.0,1.0,1,0
THE ANSLEY,980000.0,731.95,1339.0,2020-09-01,68.0,14412.0,1.32327434333138,103.848835015461,33 MANDALAY ROAD THE ANSLEY SINGAPORE 308214,4.459842710119622,61.0,1,3,5,12,15,6,2.0,1.0,1,0
PAVILION 11,1630000.0,958.0,1701.0,2020-09-01,89.0,18315.0,1.32458602112842,103.848173371262,23 AKYAB ROAD PAVILION 11 SINGAPORE 309978,4.609115779437775,61.0,2,3,5,12,18,5,6.0,1.0,1,0
THE AXIS,1530000.0,1140.98,1341.0,2020-09-01,106.0,14434.0,1.32462194319897,103.849957588255,47 MANDALAY ROAD THE AXIS SINGAPORE 308227,4.6038020641452535,61.0,2,3,4,12,19,4,3.0,1.0,0,0
TREVOSE PARK,3265000.0,1948.28,1676.0,2020-09-01,181.0,18039.0,1.32530422394989,103.825473045143,68 TREVOSE CRESCENT TREVOSE PARK SINGAPORE 298069,5.472884262180392,61.0,2,0,0,12,6,5,1.0,1.0,1,0
PULLMAN RESIDENCES NEWTON,3688000.0,1377.79,2677.0,2020-09-01,128.0,28813.0,1.31467262956125,103.839010845653,"18 DUNEARN ROAD PULLMAN RESIDENCES, NEWTON SINGAPORE 309421",3.747758902511321,61.0,3,1,2,14,10,6,2.0,0.0,0,0
PULLMAN RESIDENCES NEWTON,3712000.0,1377.79,2694.0,2020-09-01,128.0,29000.0,1.31467262956125,103.839010845653,"18 DUNEARN ROAD PULLMAN RESIDENCES, NEWTON SINGAPORE 309421",3.747758902511321,61.0,3,1,2,14,10,6,2.0,0.0,0,0
NEU AT NOVENA,1704000.0,645.84,2638.0,2020-09-01,60.0,28400.0,1.31961486592659,103.845969245127,27 MOULMEIN RISE NEU AT NOVENA SINGAPORE 308140,4.087211641971712,61.0,1,2,4,14,13,7,2.0,0.0,0,0
ROCHELLE AT NEWTON,2710000.0,1786.82,1517.0,2020-09-01,166.0,16325.0,1.31404425678498,103.841922909924,188 KENG LEE ROAD ROCHELLE AT NEWTON SINGAPORE 308414,3.578271566582672,61.0,3,2,2,14,11,6,4.0,1.0,1,0
PAVILION 11,1700000.0,958.0,1775.0,2020-09-01,89.0,19101.0,1.32458602112842,103.848173371262,23 AKYAB ROAD PAVILION 11 SINGAPORE 309978,4.609115779437775,61.0,2,3,5,12,18,5,6.0,1.0,1,0
CUBE 8,1430000.0,925.7,1545.0,2020-09-01,86.0,16628.0,1.3283636088892,103.841418362322,376 THOMSON ROAD CUBE 8 SINGAPORE 298130,5.12816729630684,61.0,3,0,3,12,14,4,4.0,1.0,1,0
DUNEARN 386,2334000.0,925.7,2521.0,2020-09-01,86.0,27140.0,1.32443998997673,103.81183629155,386 DUNEARN ROAD DUNEARN 386 SINGAPORE 289599,6.3240665481399505,61.0,4,1,0,13,7,8,1.0,0.0,0,0
MONTEBLEU,1880000.0,1140.98,1648.0,2020-09-01,106.0,17736.0,1.32378273509884,103.850102052541,8 MINBU ROAD MONTEBLEU SINGAPORE 308162,4.510651977234295,61.0,1,3,4,12,18,4,2.0,1.0,1,0
PULLMAN RESIDENCES NEWTON,1841000.0,667.37,2759.0,2020-09-01,62.0,29694.0,1.31467262956125,103.839010845653,"18 DUNEARN ROAD PULLMAN RESIDENCES, NEWTON SINGAPORE 309421",3.747758902511321,61.0,3,1,2,14,10,6,2.0,0.0,0,0
PARK INFINIA AT WEE NAM,2000000.0,968.76,2064.0,2020-09-01,90.0,22222.0,1.31441386999901,103.843291191875,2A LINCOLN ROAD PARK INFINIA AT WEE NAM SINGAPORE 308364,3.57796230174373,61.0,3,2,2,14,11,6,2.0,1.0,1,0
PULLMAN RESIDENCES NEWTON,1770000.0,667.37,2652.0,2020-09-01,62.0,28548.0,1.31467262956125,103.839010845653,"18 DUNEARN ROAD PULLMAN RESIDENCES, NEWTON SINGAPORE 309421",3.747758902511321,61.0,3,1,2,14,10,6,1.0,0.0,0,0
368 THOMSON,2570000.0,1722.24,1492.0,2020-09-01,160.0,16063.0,1.3270913316471,103.841978573745,368 THOMSON ROAD 368 THOMSON SINGAPORE 298127,4.977697388092409,61.0,3,0,3,12,16,4,1.0,1.0,1,0
EVELYN MANSIONS,1340000.0,796.54,1682.0,2020-09-01,74.0,18108.0,1.31649465009912,103.839103883927,20 EVELYN ROAD EVELYN MANSIONS SINGAPORE 309309,3.933183708587904,61.0,3,1,2,14,12,7,1.0,1.0,0,0
PULLMAN RESIDENCES NEWTON,1321000.0,462.85,2854.0,2020-09-01,43.0,30721.0,1.31467262956125,103.839010845653,"18 DUNEARN ROAD PULLMAN RESIDENCES, NEWTON SINGAPORE 309421",3.747758902511321,61.0,3,1,2,14,10,6,3.0,0.0,0,0
368 THOMSON,2768800.0,1722.24,1608.0,2020-09-01,160.0,17305.0,1.3270913316471,103.841978573745,368 THOMSON ROAD 368 THOMSON SINGAPORE 298127,4.977697388092409,61.0,3,0,3,12,16,4,6.0,1.0,1,0
TREVOSE PARK,2350000.0,1345.5,1747.0,2020-09-01,125.0,18800.0,1.32530422394989,103.825473045143,68 TREVOSE CRESCENT TREVOSE PARK SINGAPORE 298069,5.472884262180392,61.0,2,0,0,12,6,5,1.0,1.0,1,0
ROCHELLE AT NEWTON,2020000.0,1356.26,1489.0,2020-09-01,126.0,16032.0,1.31404425678498,103.841922909924,188 KENG LEE ROAD ROCHELLE AT NEWTON SINGAPORE 308414,3.578271566582672,61.0,3,2,2,14,11,6,1.0,1.0,1,0
