Project Name,Transacted Price ($),Area (SQFT),Unit Price ($ PSF),Sale Date,Area (SQM),Unit Price ($ PSM),Latitude,Longitude,Full Address,Dist to CBD in Km,Sale Months Since Sep 2025,Num MRT Within 1km,Num Hawker Within 1km,Num Malls Within 1km,Num Hospitals Within 5km,Num Schools Within 2km,Num Parks Within 1km,Floor_Level_Category,Type_of_Sale_Encoded,Property_Type_Encoded,Market_Segment_Encoded
THE ALCOVE,1590000.0,1550.02,1026.0,2025-09-01,144.0,11042.0,1.31400655260741,103.884015328938,10 LORONG 27 GEYLANG THE ALCOVE SINGAPORE 388199,5.025483913717779,0.0,4,4,0,8,9,4,1.0,1.0,0,1
PARC ESTA,1975000.0,839.59,2352.0,2025-09-01,78.0,25321.0,1.31786521916555,103.903967184717,904 SIMS AVENUE PARC ESTA SINGAPORE 408968,7.043509290403673,0.0,1,4,0,1,13,16,3.0,1.0,0,1
SIMSVILLE,1400000.0,979.52,1429.0,2025-09-01,91.0,15385.0,1.31703114737635,103.890499582849,2 GEYLANG EAST AVENUE 2 SIMSVILLE SINGAPORE 389754,5.786575389274496,0.0,4,4,3,6,12,4,2.0,1.0,1,1
THE SUNFLOWER,2368000.0,1679.18,1410.0,2025-09-01,156.0,15179.0,1.31328282918802,103.885380308735,10 LORONG 28 GEYLANG THE SUNFLOWER SINGAPORE 398415,5.084541366217786,0.0,4,4,1,7,11,5,1.0,1.0,0,1
DAKOTA RESIDENCES,3950000.0,1829.88,2159.0,2025-09-01,170.0,23235.0,1.30637270876178,103.88708549006,34 DAKOTA CRESCENT DAKOTA RESIDENCES SINGAPORE 399936,4.7757251422267535,0.0,3,3,0,6,10,5,3.0,1.0,1,1
STARVILLE,1688000.0,1216.33,1388.0,2025-09-01,113.0,14938.0,1.32826483616522,103.912067534158,66 LENGKONG TIGA STARVILLE SINGAPORE 417471,8.44041551036464,0.0,3,1,0,2,7,15,2.0,1.0,1,2
WING FONG COURT,1065000.0,1054.87,1010.0,2025-09-01,98.0,10867.0,1.31173462254903,103.87881521885,10 LORONG 14 GEYLANG WING FONG COURT SINGAPORE 398922,4.435996550952671,0.0,3,4,0,10,9,1,1.0,1.0,0,1
EDENZ SUITES,648000.0,473.62,1368.0,2025-09-01,44.0,14727.0,1.31286931612854,103.885753141885,21 LORONG 28 GEYLANG EDENZ SUITES SINGAPORE 398425,5.086028153004915,0.0,5,4,1,7,11,4,2.0,1.0,0,1
KEMBANGAN SUITES,830000.0,430.56,1928.0,2025-09-01,40.0,20750.0,1.32015257058639,103.912727083961,16 JALAN MASJID KEMBANGAN SUITES SINGAPORE 418941,8.00431940901614,0.0,1,1,0,2,12,18,1.0,1.0,0,2
GEMS VILLE,1158000.0,516.67,2241.0,2025-09-01,48.0,24125.0,1.31297838670543,103.877757621351,8 LORONG 13 GEYLANG GEMS VILLE SINGAPORE 389901,4.456014953033219,0.0,3,3,0,10,8,0,2.0,1.0,0,1
SIMS URBAN OASIS,1980000.0,958.0,2067.0,2025-09-01,89.0,22247.0,1.31926710475553,103.880615863782,6 SIMS DRIVE SIMS URBAN OASIS SINGAPORE 387388,5.190897370243519,0.0,3,4,0,8,9,1,4.0,1.0,1,1
SIMS URBAN OASIS,1328000.0,710.42,1869.0,2025-08-01,66.0,20121.0,1.31926710475553,103.880615863782,6 SIMS DRIVE SIMS URBAN OASIS SINGAPORE 387388,5.190897370243519,1.0,3,4,0,8,9,1,3.0,1.0,1,1
PENROSE,900000.0,473.62,1900.0,2025-08-01,44.0,20455.0,1.31948983025856,103.879994891095,22 SIMS DRIVE PENROSE SINGAPORE 387396,5.166503889250989,1.0,3,4,0,8,9,1,1.0,,0,1
THE ANTARES,1424000.0,667.37,2134.0,2025-08-01,62.0,22968.0,1.32541778538724,103.883403765337,23 MATTAR ROAD THE ANTARES SINGAPORE 387730,5.916441166611573,1.0,4,4,0,8,9,4,3.0,1.0,0,1
PARC ESTA,1980000.0,839.59,2358.0,2025-08-01,78.0,25385.0,1.31786521916555,103.903967184717,904 SIMS AVENUE PARC ESTA SINGAPORE 408968,7.043509290403673,1.0,1,4,0,1,13,16,3.0,1.0,0,1
EUHABITAT,1050000.0,807.3,1301.0,2025-08-01,75.0,14000.0,1.32795415126263,103.9070014142,196 JALAN EUNOS EUHABITAT SINGAPORE 419542,7.971961203569236,1.0,2,2,0,2,6,15,1.0,1.0,1,2
D'GALLERY,1675000.0,1022.58,1638.0,2025-08-01,95.0,17632.0,1.31999864551861,103.912136345882,15 JALAN MASJID D' GALLERY SINGAPORE 418936,7.939182881901876,1.0,1,1,0,2,12,17,1.0,1.0,0,2
EUHABITAT,700000.0,527.44,1327.0,2025-08-01,49.0,14286.0,1.32795415126263,103.9070014142,196 JALAN EUNOS EUHABITAT SINGAPORE 419542,7.971961203569236,1.0,2,2,0,2,6,15,1.0,1.0,1,2
CASSIA VIEW,1950000.0,1205.57,1617.0,2025-08-01,112.0,17411.0,1.31103276112231,103.886630140814,320 GUILLEMARD ROAD CASSIA VIEW SINGAPORE 399746,5.033091805099718,1.0,4,2,1,7,11,5,3.0,1.0,0,1
ASTOR,1325000.0,1130.22,1172.0,2025-08-01,105.0,12619.0,1.32879593267373,103.912963648128,51C LENGKONG EMPAT ASTOR SINGAPORE 417660,8.55554984945014,1.0,3,1,0,2,7,14,2.0,1.0,0,2
PALMERA EAST,750000.0,430.56,1742.0,2025-08-01,40.0,18750.0,1.32088202092246,103.910092007142,29 LORONG MELAYU PALMERA EAST SINGAPORE 416914,7.797123839454816,1.0,2,1,0,2,12,15,1.0,1.0,0,2
PARC ESTA,965000.0,452.09,2135.0,2025-08-01,42.0,22976.0,1.31786521916555,103.903967184717,904 SIMS AVENUE PARC ESTA SINGAPORE 408968,7.043509290403673,1.0,1,4,0,1,13,16,3.0,1.0,0,1
PARC ESTA,2488000.0,1001.05,2485.0,2025-08-01,93.0,26753.0,1.31786521916555,103.903967184717,904 SIMS AVENUE PARC ESTA SINGAPORE 408968,7.043509290403673,1.0,1,4,0,1,13,16,4.0,1.0,0,1
SIMS DORADO,1330000.0,861.12,1545.0,2025-08-01,80.0,16625.0,1.31578022165817,103.890338973057,11 LORONG 39 GEYLANG SIMS DORADO SINGAPORE 387869,5.68381613917474,1.0,4,4,3,6,13,4,2.0,1.0,0,1
REZI 24,1168888.0,699.66,1671.0,2025-08-01,65.0,17983.0,1.31156422500946,103.883576001591,39 LORONG 24 GEYLANG REZI 24 SINGAPORE 398636,4.808294965951603,1.0,3,3,0,8,10,4,1.0,1.0,0,1
EUHABITAT,840000.0,613.55,1369.0,2025-08-01,57.0,14737.0,1.32795415126263,103.9070014142,196 JALAN EUNOS EUHABITAT SINGAPORE 419542,7.971961203569236,1.0,2,2,0,2,6,15,1.0,1.0,1,2
DAKOTA RESIDENCES,2050000.0,1022.58,2005.0,2025-08-01,95.0,21579.0,1.30637270876178,103.88708549006,34 DAKOTA CRESCENT DAKOTA RESIDENCES SINGAPORE 399936,4.7757251422267535,1.0,3,3,0,6,10,5,3.0,1.0,1,1
REZI 24,1280000.0,753.48,1699.0,2025-08-01,70.0,18286.0,1.31156422500946,103.883576001591,39 LORONG 24 GEYLANG REZI 24 SINGAPORE 398636,4.808294965951603,1.0,3,3,0,8,10,4,1.0,1.0,0,1
EUHABITAT,815000.0,559.73,1456.0,2025-08-01,52.0,15673.0,1.32795415126263,103.9070014142,196 JALAN EUNOS EUHABITAT SINGAPORE 419542,7.971961203569236,1.0,2,2,0,2,6,15,1.0,1.0,1,2
PARK PLACE RESIDENCES AT PLQ,1060000.0,484.38,2188.0,2025-08-01,45.0,23556.0,1.31583675363618,103.892746648427,2 PAYA LEBAR ROAD PARK PLACE RESIDENCES AT PLQ SINGAPORE 409053,5.896537427358871,1.0,3,3,3,4,12,6,4.0,1.0,0,1
SIMS URBAN OASIS,1960000.0,958.0,2046.0,2025-08-01,89.0,22022.0,1.31926710475553,103.880615863782,6 SIMS DRIVE SIMS URBAN OASIS SINGAPORE 387388,5.190897370243519,1.0,3,4,0,8,9,1,2.0,1.0,1,1
PARC ESTA,1725028.0,742.72,2323.0,2025-08-01,69.0,25000.0,1.31786521916555,103.903967184717,904 SIMS AVENUE PARC ESTA SINGAPORE 408968,7.043509290403673,1.0,1,4,0,1,13,16,4.0,1.0,0,1
WING FONG MANSIONS,1290000.0,1237.86,1042.0,2025-08-01,115.0,11217.0,1.31057552074486,103.879078933752,12 LORONG 14 GEYLANG WING FONG MANSIONS SINGAPORE 398924,4.366074173360566,1.0,4,4,1,10,9,1,1.0,1.0,0,1
PENROSE,1348000.0,645.84,2087.0,2025-08-01,60.0,22467.0,1.31948983025856,103.879994891095,22 SIMS DRIVE PENROSE SINGAPORE 387396,5.166503889250989,1.0,3,4,0,8,9,1,4.0,,0,1
SUNNY LODGE,650000.0,398.27,1632.0,2025-08-01,37.0,17568.0,1.32438242964886,103.906966580799,6A LORONG SALLEH SUNNY LODGE SINGAPORE 416757,7.728747151239156,1.0,2,1,0,1,6,14,1.0,1.0,0,2
EUHABITAT,1498888.0,1130.22,1326.0,2025-08-01,105.0,14275.0,1.32795415126263,103.9070014142,196 JALAN EUNOS EUHABITAT SINGAPORE 419542,7.971961203569236,1.0,2,2,0,2,6,15,1.0,1.0,1,2
SIMS URBAN OASIS,2180000.0,1033.34,2110.0,2025-08-01,96.0,22708.0,1.31926710475553,103.880615863782,6 SIMS DRIVE SIMS URBAN OASIS SINGAPORE 387388,5.190897370243519,1.0,3,4,0,8,9,1,3.0,1.0,1,1
PENROSE,1800000.0,807.3,2230.0,2025-08-01,75.0,24000.0,1.31948983025856,103.879994891095,22 SIMS DRIVE PENROSE SINGAPORE 387396,5.166503889250989,1.0,3,4,0,8,9,1,3.0,,0,1
STARVILLE,1738880.0,1237.86,1405.0,2025-08-01,115.0,15121.0,1.32826483616522,103.912067534158,66 LENGKONG TIGA STARVILLE SINGAPORE 417471,8.44041551036464,1.0,3,1,0,2,7,15,1.0,1.0,1,2
THE TRUMPS,1635000.0,1119.46,1461.0,2025-08-01,104.0,15721.0,1.32002610262337,103.91348728953,1 JALAN KEMBANGAN THE TRUMPS SINGAPORE 419154,8.069943599460245,1.0,1,0,0,2,12,18,1.0,1.0,1,2
TROPIKA EAST,1190000.0,731.95,1626.0,2025-08-01,68.0,17500.0,1.32886589161997,103.90719397756,3 FOO KIM LIN ROAD TROPIKA EAST SINGAPORE 419679,8.051842718239321,1.0,2,1,0,2,6,15,1.0,1.0,1,2
PENROSE,1750000.0,796.54,2197.0,2025-08-01,74.0,23649.0,1.31948983025856,103.879994891095,22 SIMS DRIVE PENROSE SINGAPORE 387396,5.166503889250989,1.0,3,4,0,8,9,1,4.0,,0,1
SIMS URBAN OASIS,1888888.0,958.0,1972.0,2025-08-01,89.0,21223.0,1.31926710475553,103.880615863782,6 SIMS DRIVE SIMS URBAN OASIS SINGAPORE 387388,5.190897370243519,1.0,3,4,0,8,9,1,2.0,1.0,1,1
CASA AERATA,940000.0,602.78,1559.0,2025-08-01,56.0,16786.0,1.31232393794378,103.885033090499,9 LORONG 26 GEYLANG CASA AERATA SINGAPORE 398484,4.985931367630484,1.0,4,4,1,7,11,4,2.0,1.0,0,1
PENROSE,1680000.0,807.3,2081.0,2025-08-01,75.0,22400.0,1.31948983025856,103.879994891095,22 SIMS DRIVE PENROSE SINGAPORE 387396,5.166503889250989,1.0,3,4,0,8,9,1,1.0,,0,1
SIMS URBAN OASIS,2050000.0,1065.64,1924.0,2025-08-01,99.0,20707.0,1.31926710475553,103.880615863782,6 SIMS DRIVE SIMS URBAN OASIS SINGAPORE 387388,5.190897370243519,1.0,3,4,0,8,9,1,1.0,1.0,1,1
PENROSE,2638000.0,1184.04,2228.0,2025-08-01,110.0,23982.0,1.31948983025856,103.879994891095,22 SIMS DRIVE PENROSE SINGAPORE 387396,5.166503889250989,1.0,3,4,0,8,9,1,4.0,,0,1
PENROSE,2618888.0,1173.28,2232.0,2025-08-01,109.0,24026.0,1.31948983025856,103.879994891095,22 SIMS DRIVE PENROSE SINGAPORE 387396,5.166503889250989,1.0,3,4,0,8,9,1,3.0,,0,1
PENROSE,1775000.0,807.3,2199.0,2025-08-01,75.0,23667.0,1.31948983025856,103.879994891095,22 SIMS DRIVE PENROSE SINGAPORE 387396,5.166503889250989,1.0,3,4,0,8,9,1,4.0,,0,1
SIMS URBAN OASIS,850000.0,441.32,1926.0,2025-08-01,41.0,20732.0,1.31926710475553,103.880615863782,6 SIMS DRIVE SIMS URBAN OASIS SINGAPORE 387388,5.190897370243519,1.0,3,4,0,8,9,1,3.0,1.0,1,1
TRE RESIDENCES,1800000.0,947.23,1900.0,2025-08-01,88.0,20455.0,1.3172278261209,103.885015905304,9 GEYLANG EAST AVENUE 1 TRE RESIDENCES SINGAPORE 389783,5.353082321074245,1.0,3,3,2,8,9,3,3.0,1.0,1,1
CHEN FANG MANSIONS,1180000.0,936.47,1260.0,2025-08-01,87.0,13563.0,1.31538221755903,103.887936481421,26 LORONG 33 GEYLANG CHEN FANG MANSIONS SINGAPORE 387986,5.451511173883931,1.0,4,6,3,7,11,4,1.0,1.0,0,1
THE HELICONIA,1725000.0,1302.44,1324.0,2025-08-01,121.0,14256.0,1.32635294484067,103.908900244938,30 JALAN DAUD THE HELICONIA SINGAPORE 419572,8.031320801555648,1.0,3,2,0,2,7,16,2.0,1.0,1,2
PENROSE,960000.0,484.38,1982.0,2025-08-01,45.0,21333.0,1.31948983025856,103.879994891095,22 SIMS DRIVE PENROSE SINGAPORE 387396,5.166503889250989,1.0,3,4,0,8,9,1,2.0,,0,1
GUILLEMARD SUITES,1720000.0,1259.39,1366.0,2025-08-01,117.0,14701.0,1.31094521852726,103.882721097721,213 GUILLEMARD ROAD GUILLEMARD SUITES SINGAPORE 399733,4.691609257032653,1.0,3,4,0,8,9,3,1.0,1.0,0,1
LE CRESCENDO,2200000.0,1313.21,1675.0,2025-08-01,122.0,18033.0,1.33049714674003,103.888409268781,233 PAYA LEBAR ROAD LE CRESCENDO SINGAPORE 409044,6.701977813091088,1.0,4,3,0,6,9,4,2.0,1.0,1,1
EUHABITAT,790000.0,548.96,1439.0,2025-08-01,51.0,15490.0,1.32795415126263,103.9070014142,196 JALAN EUNOS EUHABITAT SINGAPORE 419542,7.971961203569236,1.0,2,2,0,2,6,15,1.0,1.0,1,2
VACANZA @ EAST,748888.0,484.38,1546.0,2025-08-01,45.0,16642.0,1.32901984483655,103.914196223923,36 LENGKONG TUJOH VACANZA @ EAST SINGAPORE 417391,8.680985857703446,1.0,3,1,0,2,8,12,1.0,1.0,1,2
THE TRUMPS,1698888.0,979.52,1734.0,2025-08-01,91.0,18669.0,1.32002610262337,103.91348728953,1 JALAN KEMBANGAN THE TRUMPS SINGAPORE 419154,8.069943599460245,1.0,1,0,0,2,12,18,2.0,1.0,1,2
ATRIUM RESIDENCES,1630000.0,1022.58,1594.0,2025-08-01,95.0,17158.0,1.31372274938589,103.886156549479,532 GEYLANG ROAD ATRIUM RESIDENCES SINGAPORE 389488,5.181625591258403,1.0,5,4,2,7,11,5,2.0,1.0,0,1
SIMS URBAN OASIS,2228888.0,1033.34,2157.0,2025-07-01,96.0,23218.0,1.31926710475553,103.880615863782,6 SIMS DRIVE SIMS URBAN OASIS SINGAPORE 387388,5.190897370243519,2.0,3,4,0,8,9,1,3.0,1.0,1,1
SIMS URBAN OASIS,875000.0,441.32,1983.0,2025-07-01,41.0,21341.0,1.31926710475553,103.880615863782,6 SIMS DRIVE SIMS URBAN OASIS SINGAPORE 387388,5.190897370243519,2.0,3,4,0,8,9,1,3.0,1.0,1,1
PARC ESTA,1650000.0,742.72,2222.0,2025-07-01,69.0,23913.0,1.31786521916555,103.903967184717,904 SIMS AVENUE PARC ESTA SINGAPORE 408968,7.043509290403673,2.0,1,4,0,1,13,16,1.0,1.0,0,1
TRE RESIDENCES,1836888.0,947.23,1939.0,2025-07-01,88.0,20874.0,1.3172278261209,103.885015905304,9 GEYLANG EAST AVENUE 1 TRE RESIDENCES SINGAPORE 389783,5.353082321074245,2.0,3,3,2,8,9,3,3.0,1.0,1,1
CENTRA STUDIOS,641800.0,376.74,1704.0,2025-07-01,35.0,18337.0,1.31444000148435,103.882324003158,25 LORONG 25 GEYLANG CENTRA STUDIOS SINGAPORE 388302,4.923274977554681,2.0,3,4,0,8,9,2,2.0,1.0,0,1
PARC ESTA,1655000.0,742.72,2228.0,2025-07-01,69.0,23986.0,1.31786521916555,103.903967184717,904 SIMS AVENUE PARC ESTA SINGAPORE 408968,7.043509290403673,2.0,1,4,0,1,13,16,2.0,1.0,0,1
PENROSE,2030000.0,958.0,2119.0,2025-07-01,89.0,22809.0,1.31948983025856,103.879994891095,22 SIMS DRIVE PENROSE SINGAPORE 387396,5.166503889250989,2.0,3,4,0,8,9,1,2.0,,0,1
PARK PLACE RESIDENCES AT PLQ,1860000.0,904.18,2057.0,2025-07-01,84.0,22143.0,1.31583675363618,103.892746648427,2 PAYA LEBAR ROAD PARK PLACE RESIDENCES AT PLQ SINGAPORE 409053,5.896537427358871,2.0,3,3,3,4,12,6,1.0,1.0,0,1
SUITES 28,855000.0,1033.34,827.0,2025-07-01,96.0,8906.0,1.31268459175571,103.885941111431,28 LORONG 30 GEYLANG SUITES 28 SINGAPORE 398361,5.088755596385559,2.0,5,4,1,7,11,4,2.0,1.0,0,1
ASTORIA PARK,1240000.0,958.0,1294.0,2025-07-01,89.0,13933.0,1.32177770499303,103.91225216665,34 LORONG MYDIN ASTORIA PARK SINGAPORE 416827,8.053226885077692,2.0,1,1,0,2,12,17,3.0,1.0,1,2
PAYA LEBAR RESIDENCES,2350000.0,1302.44,1804.0,2025-07-01,121.0,19421.0,1.31752143815241,103.891475654733,27 PAYA LEBAR ROAD PAYA LEBAR RESIDENCES SINGAPORE 409042,5.904426206584732,2.0,4,4,3,4,12,4,3.0,1.0,0,1
PENROSE,2600000.0,1173.28,2216.0,2025-07-01,109.0,23853.0,1.31948983025856,103.879994891095,22 SIMS DRIVE PENROSE SINGAPORE 387396,5.166503889250989,2.0,3,4,0,8,9,1,4.0,,0,1
SIMS MEADOWS,1280000.0,968.76,1321.0,2025-07-01,90.0,14222.0,1.31481342923106,103.888046887621,8 LORONG 33 GEYLANG SIMS MEADOWS SINGAPORE 387977,5.419751008298904,2.0,4,4,3,7,11,4,2.0,1.0,0,1
D'WEAVE,888888.0,548.96,1619.0,2025-07-01,51.0,17429.0,1.31554107907724,103.890458266408,5 LORONG 39 GEYLANG D'WEAVE SINGAPORE 387866,5.67725259584862,2.0,4,4,3,5,13,4,2.0,1.0,0,1
PARC ESTA,1442000.0,635.08,2271.0,2025-07-01,59.0,24441.0,1.31786521916555,103.903967184717,904 SIMS AVENUE PARC ESTA SINGAPORE 408968,7.043509290403673,2.0,1,4,0,1,13,16,2.0,1.0,0,1
PARK PLACE RESIDENCES AT PLQ,1470000.0,645.84,2276.0,2025-07-01,60.0,24500.0,1.31583675363618,103.892746648427,2 PAYA LEBAR ROAD PARK PLACE RESIDENCES AT PLQ SINGAPORE 409053,5.896537427358871,2.0,3,3,3,4,12,6,3.0,1.0,0,1
ASTORIA PARK,1465000.0,1194.8,1226.0,2025-07-01,111.0,13198.0,1.32177770499303,103.91225216665,34 LORONG MYDIN ASTORIA PARK SINGAPORE 416827,8.053226885077692,2.0,1,1,0,2,12,17,3.0,1.0,1,2
PENROSE,1350000.0,645.84,2090.0,2025-07-01,60.0,22500.0,1.31948983025856,103.879994891095,22 SIMS DRIVE PENROSE SINGAPORE 387396,5.166503889250989,2.0,3,4,0,8,9,1,3.0,,0,1
PENROSE,2920000.0,1388.56,2103.0,2025-07-01,129.0,22636.0,1.31948983025856,103.879994891095,22 SIMS DRIVE PENROSE SINGAPORE 387396,5.166503889250989,2.0,3,4,0,8,9,1,2.0,,0,1
NESS,680000.0,430.56,1579.0,2025-07-01,40.0,17000.0,1.31269794714045,103.886776844129,38 LORONG 32 GEYLANG NESS SINGAPORE 398298,5.1611183017097115,2.0,5,4,2,7,11,5,1.0,1.0,0,1
SIMSVILLE,1400000.0,979.52,1429.0,2025-07-01,91.0,15385.0,1.31703114737635,103.890499582849,2 GEYLANG EAST AVENUE 2 SIMSVILLE SINGAPORE 389754,5.786575389274496,2.0,4,4,3,6,12,4,3.0,1.0,1,1
# 1 SUITES,700000.0,559.73,1251.0,2025-07-01,52.0,13462.0,1.31239029325188,103.881504147527,1 LORONG 20 GEYLANG # 1 SUITES SINGAPORE 398721,4.699608709809529,2.0,3,3,0,8,9,2,2.0,1.0,0,1
PARK 1 SUITES,908000.0,602.78,1506.0,2025-07-01,56.0,16214.0,1.31404268792091,103.889347045446,8 LORONG 40 GEYLANG PARK 1 SUITES SINGAPORE 398054,5.476811645969878,2.0,4,4,3,6,11,4,2.0,1.0,0,1
THE TRUMPS,1000000.0,667.37,1498.0,2025-07-01,62.0,16129.0,1.32002610262337,103.91348728953,1 JALAN KEMBANGAN THE TRUMPS SINGAPORE 419154,8.069943599460245,2.0,1,0,0,2,12,18,2.0,1.0,1,2
LEVENUE,820000.0,495.14,1656.0,2025-07-01,46.0,17826.0,1.32864269824431,103.913744097652,55 LENGKONG EMPAT LEVENUE SINGAPORE 417642,8.61577565611189,2.0,3,1,0,2,7,13,2.0,1.0,0,2
PARC ESTA,1188000.0,516.67,2299.0,2025-07-01,48.0,24750.0,1.31786521916555,103.903967184717,904 SIMS AVENUE PARC ESTA SINGAPORE 408968,7.043509290403673,2.0,1,4,0,1,13,16,2.0,1.0,0,1
SIMS URBAN OASIS,2710000.0,1539.25,1761.0,2025-07-01,143.0,18951.0,1.31926710475553,103.880615863782,6 SIMS DRIVE SIMS URBAN OASIS SINGAPORE 387388,5.190897370243519,2.0,3,4,0,8,9,1,4.0,1.0,1,1
PARK PLACE RESIDENCES AT PLQ,1500000.0,667.37,2248.0,2025-07-01,62.0,24194.0,1.31583675363618,103.892746648427,2 PAYA LEBAR ROAD PARK PLACE RESIDENCES AT PLQ SINGAPORE 409053,5.896537427358871,2.0,3,3,3,4,12,6,1.0,1.0,0,1
PARC ESTA,2350000.0,1054.87,2228.0,2025-07-01,98.0,23980.0,1.31786521916555,103.903967184717,904 SIMS AVENUE PARC ESTA SINGAPORE 408968,7.043509290403673,2.0,1,4,0,1,13,16,4.0,1.0,0,1
EUHABITAT,777000.0,527.44,1473.0,2025-07-01,49.0,15857.0,1.32795415126263,103.9070014142,196 JALAN EUNOS EUHABITAT SINGAPORE 419542,7.971961203569236,2.0,2,2,0,2,6,15,1.0,1.0,1,2
TROPIKA EAST,1218000.0,731.95,1664.0,2025-07-01,68.0,17912.0,1.32886589161997,103.90719397756,3 FOO KIM LIN ROAD TROPIKA EAST SINGAPORE 419679,8.051842718239321,2.0,2,1,0,2,6,15,1.0,1.0,1,2
REZI 35,750000.0,452.09,1659.0,2025-07-01,42.0,17857.0,1.31572120937619,103.888837131268,20 LORONG 35 GEYLANG REZI 35 SINGAPORE 387949,5.551839737035237,2.0,4,4,3,6,13,4,1.0,1.0,0,1
SUNFLOWER VIEW,1338000.0,1022.58,1308.0,2025-07-01,95.0,14084.0,1.31288444198327,103.888327290325,30 LORONG 36 GEYLANG SUNFLOWER VIEW SINGAPORE 398162,5.30818701585947,2.0,5,4,3,6,11,6,2.0,1.0,0,1
PARC ESTA,1380000.0,624.31,2210.0,2025-07-01,58.0,23793.0,1.31786521916555,103.903967184717,904 SIMS AVENUE PARC ESTA SINGAPORE 408968,7.043509290403673,2.0,1,4,0,1,13,16,1.0,1.0,0,1
EUHABITAT,788000.0,548.96,1435.0,2025-07-01,51.0,15451.0,1.32795415126263,103.9070014142,196 JALAN EUNOS EUHABITAT SINGAPORE 419542,7.971961203569236,2.0,2,2,0,2,6,15,1.0,1.0,1,2
ASTON MANSIONS,1605888.0,1227.1,1309.0,2025-07-01,114.0,14087.0,1.31393251470132,103.890612644048,7 LORONG 42 GEYLANG ASTON MANSIONS SINGAPORE 398028,5.57978728565853,2.0,4,4,3,5,12,6,1.0,1.0,0,1
PARK PLACE RESIDENCES AT PLQ,1328000.0,645.84,2056.0,2025-07-01,60.0,22133.0,1.31583675363618,103.892746648427,2 PAYA LEBAR ROAD PARK PLACE RESIDENCES AT PLQ SINGAPORE 409053,5.896537427358871,2.0,3,3,3,4,12,6,1.0,1.0,0,1
PARK PLACE RESIDENCES AT PLQ,1443000.0,645.84,2234.0,2025-07-01,60.0,24050.0,1.31583675363618,103.892746648427,2 PAYA LEBAR ROAD PARK PLACE RESIDENCES AT PLQ SINGAPORE 409053,5.896537427358871,2.0,3,3,3,4,12,6,3.0,1.0,0,1
PENROSE,898000.0,473.62,1896.0,2025-07-01,44.0,20409.0,1.31948983025856,103.879994891095,22 SIMS DRIVE PENROSE SINGAPORE 387396,5.166503889250989,2.0,3,4,0,8,9,1,1.0,,0,1
BLISS VILLE,2100000.0,1657.66,1267.0,2025-07-01,154.0,13636.0,1.32374715619118,103.909135122768,69H LORONG MELAYU BLISS VILLE SINGAPORE 417030,7.88417716920167,2.0,2,1,0,2,8,16,1.0,1.0,0,2
PARC ESTA,1620000.0,699.66,2315.0,2025-07-01,65.0,24923.0,1.31786521916555,103.903967184717,904 SIMS AVENUE PARC ESTA SINGAPORE 408968,7.043509290403673,2.0,1,4,0,1,13,16,3.0,1.0,0,1
PARC ESTA,1678000.0,742.72,2259.0,2025-07-01,69.0,24319.0,1.31786521916555,103.903967184717,904 SIMS AVENUE PARC ESTA SINGAPORE 408968,7.043509290403673,2.0,1,4,0,1,13,16,2.0,1.0,0,1
SIMS URBAN OASIS,1800000.0,958.0,1879.0,2025-07-01,89.0,20225.0,1.31926710475553,103.880615863782,6 SIMS DRIVE SIMS URBAN OASIS SINGAPORE 387388,5.190897370243519,2.0,3,4,0,8,9,1,4.0,1.0,1,1
PARK PLACE RESIDENCES AT PLQ,2620000.0,1162.51,2254.0,2025-07-01,108.0,24259.0,1.31583675363618,103.892746648427,2 PAYA LEBAR ROAD PARK PLACE RESIDENCES AT PLQ SINGAPORE 409053,5.896537427358871,2.0,3,3,3,4,12,6,2.0,1.0,0,1
SIMS URBAN OASIS,1968000.0,958.0,2054.0,2025-07-01,89.0,22112.0,1.31926710475553,103.880615863782,6 SIMS DRIVE SIMS URBAN OASIS SINGAPORE 387388,5.190897370243519,2.0,3,4,0,8,9,1,2.0,1.0,1,1
PENROSE,1325888.0,645.84,2053.0,2025-07-01,60.0,22098.0,1.31948983025856,103.879994891095,22 SIMS DRIVE PENROSE SINGAPORE 387396,5.166503889250989,2.0,3,4,0,8,9,1,2.0,,0,1
PENROSE,2430000.0,1184.04,2052.0,2025-07-01,110.0,22091.0,1.31948983025856,103.879994891095,22 SIMS DRIVE PENROSE SINGAPORE 387396,5.166503889250989,2.0,3,4,0,8,9,1,1.0,,0,1
PENROSE,1995000.0,936.47,2130.0,2025-07-01,87.0,22931.0,1.31948983025856,103.879994891095,22 SIMS DRIVE PENROSE SINGAPORE 387396,5.166503889250989,2.0,3,4,0,8,9,1,3.0,,0,1
PENROSE,2015000.0,936.47,2152.0,2025-07-01,87.0,23161.0,1.31948983025856,103.879994891095,22 SIMS DRIVE PENROSE SINGAPORE 387396,5.166503889250989,2.0,3,4,0,8,9,1,4.0,,0,1
PARC ESTA,1798000.0,861.12,2088.0,2025-07-01,80.0,22475.0,1.31786521916555,103.903967184717,904 SIMS AVENUE PARC ESTA SINGAPORE 408968,7.043509290403673,2.0,1,4,0,1,13,16,4.0,1.0,0,1
EVERGREEN VIEW,1180000.0,861.12,1370.0,2025-07-01,80.0,14750.0,1.31352657764499,103.888547680917,15 LORONG 36 GEYLANG EVERGREEN VIEW SINGAPORE 398150,5.371734690468961,2.0,4,4,3,6,11,4,2.0,1.0,0,1
SIMS GREEN,1465000.0,1237.86,1183.0,2025-07-01,115.0,12739.0,1.31441038654771,103.884629689864,7 LORONG 27A GEYLANG SIMS GREEN SINGAPORE 388133,5.105957066325405,2.0,4,4,1,8,9,5,1.0,1.0,0,1
EUHABITAT,725000.0,516.67,1403.0,2025-07-01,48.0,15104.0,1.32795415126263,103.9070014142,196 JALAN EUNOS EUHABITAT SINGAPORE 419542,7.971961203569236,2.0,2,2,0,2,6,15,1.0,1.0,1,2
DAKOTA RESIDENCES,3688000.0,1829.88,2015.0,2025-07-01,170.0,21694.0,1.30637270876178,103.88708549006,34 DAKOTA CRESCENT DAKOTA RESIDENCES SINGAPORE 399936,4.7757251422267535,2.0,3,3,0,6,10,5,1.0,1.0,1,1
ARENA RESIDENCES,1675000.0,807.3,2075.0,2025-07-01,75.0,22333.0,1.30967685823486,103.880642764235,20 GUILLEMARD CRESCENT ARENA RESIDENCES SINGAPORE 399915,4.425439723338632,2.0,4,4,1,9,9,1,2.0,1.0,0,1
PENROSE,2225000.0,979.52,2272.0,2025-07-01,91.0,24451.0,1.31948983025856,103.879994891095,22 SIMS DRIVE PENROSE SINGAPORE 387396,5.166503889250989,2.0,3,4,0,8,9,1,3.0,,0,1
SUNFLOWER RESIDENCE,1245000.0,1065.64,1168.0,2025-07-01,99.0,12576.0,1.31241326518363,103.887148121308,45 LORONG 32 GEYLANG SUNFLOWER RESIDENCE SINGAPORE 398305,5.173213893378579,2.0,5,4,2,7,11,5,1.0,1.0,0,1
SILVERSCAPE,650000.0,409.03,1589.0,2025-07-01,38.0,17105.0,1.31256998658763,103.887209225771,39 LORONG 32 GEYLANG SILVERSCAPE SINGAPORE 398299,5.189405207979182,2.0,5,4,2,7,11,5,1.0,1.0,0,1
PARC ESTA,1660000.0,742.72,2235.0,2025-07-01,69.0,24058.0,1.31786521916555,103.903967184717,904 SIMS AVENUE PARC ESTA SINGAPORE 408968,7.043509290403673,2.0,1,4,0,1,13,16,3.0,1.0,0,1
CENTRAL GROVE,1550888.0,1022.58,1517.0,2025-07-01,95.0,16325.0,1.31623494982413,103.884417981377,3 GEYLANG EAST AVENUE 1 CENTRAL GROVE SINGAPORE 389779,5.228491443172765,2.0,4,5,1,8,9,3,2.0,1.0,1,1
PARC ESTA,1911000.0,839.59,2276.0,2025-07-01,78.0,24500.0,1.31786521916555,103.903967184717,904 SIMS AVENUE PARC ESTA SINGAPORE 408968,7.043509290403673,2.0,1,4,0,1,13,16,1.0,1.0,0,1
PARK PLACE RESIDENCES AT PLQ,1600000.0,678.13,2359.0,2025-07-01,63.0,25397.0,1.31583675363618,103.892746648427,2 PAYA LEBAR ROAD PARK PLACE RESIDENCES AT PLQ SINGAPORE 409053,5.896537427358871,2.0,3,3,3,4,12,6,2.0,1.0,0,1
PARC ESTA,1640000.0,775.01,2116.0,2025-07-01,72.0,22778.0,1.31786521916555,103.903967184717,904 SIMS AVENUE PARC ESTA SINGAPORE 408968,7.043509290403673,2.0,1,4,0,1,13,16,4.0,1.0,0,1
SIMS URBAN OASIS,2160000.0,1033.34,2090.0,2025-07-01,96.0,22500.0,1.31926710475553,103.880615863782,6 SIMS DRIVE SIMS URBAN OASIS SINGAPORE 387388,5.190897370243519,2.0,3,4,0,8,9,1,2.0,1.0,1,1
SIMS URBAN OASIS,1705000.0,958.0,1780.0,2025-07-01,89.0,19157.0,1.31926710475553,103.880615863782,6 SIMS DRIVE SIMS URBAN OASIS SINGAPORE 387388,5.190897370243519,2.0,3,4,0,8,9,1,2.0,1.0,1,1
ASTOR,1548000.0,1173.28,1319.0,2025-07-01,109.0,14202.0,1.32879593267373,103.912963648128,51C LENGKONG EMPAT ASTOR SINGAPORE 417660,8.55554984945014,2.0,3,1,0,2,7,14,3.0,1.0,0,2
VACANZA @ EAST,750000.0,484.38,1548.0,2025-07-01,45.0,16667.0,1.32901984483655,103.914196223923,36 LENGKONG TUJOH VACANZA @ EAST SINGAPORE 417391,8.680985857703446,2.0,3,1,0,2,8,12,3.0,1.0,1,2
GUILLEMARD SUITES,1080000.0,775.01,1394.0,2025-07-01,72.0,15000.0,1.31094521852726,103.882721097721,213 GUILLEMARD ROAD GUILLEMARD SUITES SINGAPORE 399733,4.691609257032653,2.0,3,4,0,8,9,3,1.0,1.0,0,1
PARK PLACE RESIDENCES AT PLQ,1540000.0,667.37,2308.0,2025-07-01,62.0,24839.0,1.31583675363618,103.892746648427,2 PAYA LEBAR ROAD PARK PLACE RESIDENCES AT PLQ SINGAPORE 409053,5.896537427358871,2.0,3,3,3,4,12,6,2.0,1.0,0,1
THE ANTARES,1565000.0,731.95,2138.0,2025-07-01,68.0,23015.0,1.32541778538724,103.883403765337,23 MATTAR ROAD THE ANTARES SINGAPORE 387730,5.916441166611573,2.0,4,4,0,8,9,4,3.0,1.0,0,1
GEMS VILLE,2398000.0,1216.33,1972.0,2025-07-01,113.0,21221.0,1.31297838670543,103.877757621351,8 LORONG 13 GEYLANG GEMS VILLE SINGAPORE 389901,4.456014953033219,2.0,3,3,0,10,8,0,1.0,1.0,0,1
PENROSE,2900000.0,1399.32,2072.0,2025-06-01,130.0,22308.0,1.31948983025856,103.879994891095,22 SIMS DRIVE PENROSE SINGAPORE 387396,5.166503889250989,3.0,3,4,0,8,9,1,2.0,,0,1
SIMS URBAN OASIS,860000.0,441.32,1949.0,2025-06-01,41.0,20976.0,1.31926710475553,103.880615863782,6 SIMS DRIVE SIMS URBAN OASIS SINGAPORE 387388,5.190897370243519,3.0,3,4,0,8,9,1,1.0,1.0,1,1
PARC ESTA,1520000.0,742.72,2047.0,2025-06-01,69.0,22029.0,1.31786521916555,103.903967184717,904 SIMS AVENUE PARC ESTA SINGAPORE 408968,7.043509290403673,3.0,1,4,0,1,13,16,1.0,1.0,0,1
LEVENUE,779000.0,462.85,1683.0,2025-06-01,43.0,18116.0,1.32864269824431,103.913744097652,55 LENGKONG EMPAT LEVENUE SINGAPORE 417642,8.61577565611189,3.0,3,1,0,2,7,13,2.0,1.0,0,2
PARK PLACE RESIDENCES AT PLQ,1550000.0,667.37,2323.0,2025-06-01,62.0,25000.0,1.31583675363618,103.892746648427,2 PAYA LEBAR ROAD PARK PLACE RESIDENCES AT PLQ SINGAPORE 409053,5.896537427358871,3.0,3,3,3,4,12,6,2.0,1.0,0,1
WANG LODGE,1250000.0,1011.82,1235.0,2025-06-01,94.0,13298.0,1.31132969345473,103.87602835242,5 LORONG 4 GEYLANG WANG LODGE SINGAPORE 399264,4.191839964631866,3.0,4,3,1,10,8,1,2.0,1.0,0,1
# 1 LOFT,750000.0,559.73,1340.0,2025-06-01,52.0,14423.0,1.31276346405244,103.883518875617,1 LORONG 24 GEYLANG # 1 LOFT SINGAPORE 398614,4.891716160848941,3.0,3,4,0,8,9,2,2.0,1.0,0,1
WINDY HEIGHTS,3550000.0,2475.72,1434.0,2025-06-01,230.0,15435.0,1.32664204297673,103.910617408664,84 JALAN DAUD WINDY HEIGHTS SINGAPORE 419593,8.204206295506795,3.0,2,2,0,2,7,16,1.0,1.0,1,2
THE SUNNY SPRING,1982000.0,1194.8,1659.0,2025-06-01,111.0,17856.0,1.31219203070087,103.889464697147,50 LORONG 40 GEYLANG THE SUNNY SPRING SINGAPORE 398074,5.3613842782215055,3.0,4,4,3,6,11,5,1.0,1.0,0,1
WATERBANK AT DAKOTA,928888.0,484.38,1918.0,2025-06-01,45.0,20642.0,1.30647833742136,103.888537197136,76 DAKOTA CRESCENT WATERBANK AT DAKOTA SINGAPORE 399944,4.918518965685704,3.0,3,3,0,5,10,6,4.0,1.0,1,1
EUHABITAT,1219888.0,818.06,1491.0,2025-06-01,76.0,16051.0,1.32795415126263,103.9070014142,196 JALAN EUNOS EUHABITAT SINGAPORE 419542,7.971961203569236,3.0,2,2,0,2,6,15,1.0,1.0,1,2
PENROSE,2630000.0,1184.04,2221.0,2025-06-01,110.0,23909.0,1.31948983025856,103.879994891095,22 SIMS DRIVE PENROSE SINGAPORE 387396,5.166503889250989,3.0,3,4,0,8,9,1,1.0,,0,1
PARC ESTA,1900000.0,839.59,2263.0,2025-06-01,78.0,24359.0,1.31786521916555,103.903967184717,904 SIMS AVENUE PARC ESTA SINGAPORE 408968,7.043509290403673,3.0,1,4,0,1,13,16,1.0,1.0,0,1
SIMS URBAN OASIS,1820000.0,958.0,1900.0,2025-06-01,89.0,20449.0,1.31926710475553,103.880615863782,6 SIMS DRIVE SIMS URBAN OASIS SINGAPORE 387388,5.190897370243519,3.0,3,4,0,8,9,1,1.0,1.0,1,1
SIMS URBAN OASIS,1175000.0,624.31,1882.0,2025-06-01,58.0,20259.0,1.31926710475553,103.880615863782,6 SIMS DRIVE SIMS URBAN OASIS SINGAPORE 387388,5.190897370243519,3.0,3,4,0,8,9,1,2.0,1.0,1,1
SMART SUITES,750000.0,484.38,1548.0,2025-06-01,45.0,16667.0,1.31514448371947,103.884050282732,302 SIMS AVENUE SMART SUITES SINGAPORE 387516,5.114950686082434,3.0,3,5,0,8,9,3,1.0,1.0,0,1
PARC ESTA,1730000.0,742.72,2329.0,2025-06-01,69.0,25072.0,1.31786521916555,103.903967184717,904 SIMS AVENUE PARC ESTA SINGAPORE 408968,7.043509290403673,3.0,1,4,0,1,13,16,4.0,1.0,0,1
REZI 24,868000.0,495.14,1753.0,2025-06-01,46.0,18870.0,1.31156422500946,103.883576001591,39 LORONG 24 GEYLANG REZI 24 SINGAPORE 398636,4.808294965951603,3.0,3,3,0,8,10,4,1.0,1.0,0,1
THE HELICONIA,1536000.0,1302.44,1179.0,2025-06-01,121.0,12694.0,1.32635294484067,103.908900244938,30 JALAN DAUD THE HELICONIA SINGAPORE 419572,8.031320801555648,3.0,3,2,0,2,7,16,2.0,1.0,1,2
ASTORIA PARK,1268888.0,958.0,1325.0,2025-06-01,89.0,14257.0,1.32177770499303,103.91225216665,34 LORONG MYDIN ASTORIA PARK SINGAPORE 416827,8.053226885077692,3.0,1,1,0,2,12,17,1.0,1.0,1,2
SIMS URBAN OASIS,1300000.0,667.37,1948.0,2025-06-01,62.0,20968.0,1.31926710475553,103.880615863782,6 SIMS DRIVE SIMS URBAN OASIS SINGAPORE 387388,5.190897370243519,3.0,3,4,0,8,9,1,4.0,1.0,1,1
MELOSA,800000.0,538.2,1486.0,2025-06-01,50.0,16000.0,1.31253733235708,103.885402784916,28 LORONG 28 GEYLANG MELOSA SINGAPORE 398432,5.032539138387234,3.0,4,4,1,7,11,4,2.0,1.0,0,1
33 RESIDENCES,1238000.0,678.13,1826.0,2025-06-01,63.0,19651.0,1.31198083528283,103.886532676904,33 LORONG 30 GEYLANG 33 RESIDENCES SINGAPORE 398366,5.089891829855762,3.0,5,4,1,7,11,5,1.0,1.0,0,1
THE ANTARES,1345000.0,678.13,1983.0,2025-06-01,63.0,21349.0,1.32541778538724,103.883403765337,23 MATTAR ROAD THE ANTARES SINGAPORE 387730,5.916441166611573,3.0,4,4,0,8,9,4,1.0,1.0,0,1
PARC ESTA,1930000.0,839.59,2299.0,2025-06-01,78.0,24744.0,1.31786521916555,103.903967184717,904 SIMS AVENUE PARC ESTA SINGAPORE 408968,7.043509290403673,3.0,1,4,0,1,13,16,2.0,1.0,0,1
SINGA HILLS,1738000.0,1162.51,1495.0,2025-06-01,108.0,16093.0,1.33013262911561,103.908284993545,33 JALAN SINGA SINGA HILLS SINGAPORE 418109,8.234437338266625,3.0,1,1,0,2,5,13,1.0,1.0,0,2
CENTRA SUITES,737000.0,462.85,1592.0,2025-06-01,43.0,17140.0,1.31465166781856,103.883288149427,38 LORONG 25A GEYLANG CENTRA SUITES SINGAPORE 388242,5.016128952160774,3.0,3,4,0,8,9,3,1.0,1.0,0,1
TREASURES @ G20,605000.0,419.8,1441.0,2025-06-01,39.0,15513.0,1.31144699404485,103.881539708397,35 LORONG 20 GEYLANG TREASURES@G20 SINGAPORE 398751,4.6309982597520785,3.0,3,3,0,8,9,2,1.0,1.0,0,1
DAKOTA RESIDENCES,2000000.0,1022.58,1956.0,2025-06-01,95.0,21053.0,1.30637270876178,103.88708549006,34 DAKOTA CRESCENT DAKOTA RESIDENCES SINGAPORE 399936,4.7757251422267535,3.0,3,3,0,6,10,5,4.0,1.0,1,1
PARC ESTA,2900000.0,1227.1,2363.0,2025-06-01,114.0,25439.0,1.31786521916555,103.903967184717,904 SIMS AVENUE PARC ESTA SINGAPORE 408968,7.043509290403673,3.0,1,4,0,1,13,16,1.0,1.0,0,1
STARVILLE,1400000.0,936.47,1495.0,2025-06-01,87.0,16092.0,1.32826483616522,103.912067534158,66 LENGKONG TIGA STARVILLE SINGAPORE 417471,8.44041551036464,3.0,3,1,0,2,7,15,2.0,1.0,1,2
PARC ESTA,1075888.0,452.09,2380.0,2025-06-01,42.0,25616.0,1.31786521916555,103.903967184717,904 SIMS AVENUE PARC ESTA SINGAPORE 408968,7.043509290403673,3.0,1,4,0,1,13,16,4.0,1.0,0,1
VACANZA @ EAST,1650000.0,1033.34,1597.0,2025-06-01,96.0,17188.0,1.32901984483655,103.914196223923,36 LENGKONG TUJOH VACANZA @ EAST SINGAPORE 417391,8.680985857703446,3.0,3,1,0,2,8,12,1.0,1.0,1,2
PENROSE,2590000.0,1184.04,2187.0,2025-06-01,110.0,23545.0,1.31948983025856,103.879994891095,22 SIMS DRIVE PENROSE SINGAPORE 387396,5.166503889250989,3.0,3,4,0,8,9,1,2.0,,0,1
CENTRAL IMPERIAL,728000.0,548.96,1326.0,2025-06-01,51.0,14275.0,1.31194266781347,103.879213970964,3 LORONG 14 GEYLANG CENTRAL IMPERIAL SINGAPORE 398915,4.483469484998063,3.0,3,4,0,10,9,1,2.0,1.0,0,1
PARC ESTA,2800000.0,1334.74,2098.0,2025-06-01,124.0,22581.0,1.31786521916555,103.903967184717,904 SIMS AVENUE PARC ESTA SINGAPORE 408968,7.043509290403673,3.0,1,4,0,1,13,16,4.0,1.0,0,1
ARENA RESIDENCES,1148000.0,548.96,2091.0,2025-06-01,51.0,22510.0,1.30967685823486,103.880642764235,20 GUILLEMARD CRESCENT ARENA RESIDENCES SINGAPORE 399915,4.425439723338632,3.0,4,4,1,9,9,1,1.0,1.0,0,1
EUHABITAT,730000.0,538.2,1356.0,2025-06-01,50.0,14600.0,1.32795415126263,103.9070014142,196 JALAN EUNOS EUHABITAT SINGAPORE 419542,7.971961203569236,3.0,2,2,0,2,6,15,1.0,1.0,1,2
PENROSE,2020888.0,947.23,2133.0,2025-06-01,88.0,22965.0,1.31948983025856,103.879994891095,22 SIMS DRIVE PENROSE SINGAPORE 387396,5.166503889250989,3.0,3,4,0,8,9,1,3.0,,0,1
SIMS URBAN OASIS,1830000.0,958.0,1910.0,2025-06-01,89.0,20562.0,1.31926710475553,103.880615863782,6 SIMS DRIVE SIMS URBAN OASIS SINGAPORE 387388,5.190897370243519,3.0,3,4,0,8,9,1,2.0,1.0,1,1
PENROSE,1980000.0,947.23,2090.0,2025-06-01,88.0,22500.0,1.31948983025856,103.879994891095,22 SIMS DRIVE PENROSE SINGAPORE 387396,5.166503889250989,3.0,3,4,0,8,9,1,2.0,,0,1
TRE RESIDENCES,1400000.0,764.24,1832.0,2025-06-01,71.0,19718.0,1.3172278261209,103.885015905304,9 GEYLANG EAST AVENUE 1 TRE RESIDENCES SINGAPORE 389783,5.353082321074245,3.0,3,3,2,8,9,3,1.0,1.0,1,1
SIMS GREEN,1430000.0,1237.86,1155.0,2025-06-01,115.0,12435.0,1.31441038654771,103.884629689864,7 LORONG 27A GEYLANG SIMS GREEN SINGAPORE 388133,5.105957066325405,3.0,4,4,1,8,9,5,2.0,1.0,0,1
THE ANTARES,1180000.0,602.78,1958.0,2025-06-01,56.0,21071.0,1.32541778538724,103.883403765337,23 MATTAR ROAD THE ANTARES SINGAPORE 387730,5.916441166611573,3.0,4,4,0,8,9,4,1.0,1.0,0,1
EUHABITAT,1650000.0,1270.15,1299.0,2025-06-01,118.0,13983.0,1.32795415126263,103.9070014142,196 JALAN EUNOS EUHABITAT SINGAPORE 419542,7.971961203569236,3.0,2,2,0,2,6,15,1.0,1.0,1,2
SUITES@CHANGI,700000.0,441.32,1586.0,2025-06-01,41.0,17073.0,1.317041377544,103.904748281539,226 CHANGI ROAD SUITES@CHANGI SINGAPORE 419740,7.06748560964527,3.0,1,3,0,1,14,16,1.0,1.0,0,1
PARC ESTA,1680000.0,742.72,2262.0,2025-06-01,69.0,24348.0,1.31786521916555,103.903967184717,904 SIMS AVENUE PARC ESTA SINGAPORE 408968,7.043509290403673,3.0,1,4,0,1,13,16,3.0,1.0,0,1
PENROSE,1580000.0,710.42,2224.0,2025-06-01,66.0,23939.0,1.31948983025856,103.879994891095,22 SIMS DRIVE PENROSE SINGAPORE 387396,5.166503889250989,3.0,3,4,0,8,9,1,3.0,,0,1
WATERBANK AT DAKOTA,1700000.0,882.65,1926.0,2025-06-01,82.0,20732.0,1.30647833742136,103.888537197136,76 DAKOTA CRESCENT WATERBANK AT DAKOTA SINGAPORE 399944,4.918518965685704,3.0,3,3,0,5,10,6,1.0,1.0,1,1
CENTRA RESIDENCE,1270000.0,1108.69,1145.0,2025-06-01,103.0,12330.0,1.312846209179,103.875936321332,8 LORONG 7 GEYLANG CENTRA RESIDENCE SINGAPORE 388792,4.311991373002679,3.0,2,2,0,10,8,1,2.0,1.0,0,1
THE SUNNY SPRING,1850000.0,1108.69,1669.0,2025-06-01,103.0,17961.0,1.31219203070087,103.889464697147,50 LORONG 40 GEYLANG THE SUNNY SPRING SINGAPORE 398074,5.3613842782215055,3.0,4,4,3,6,11,5,2.0,1.0,0,1
REZI 24,970000.0,548.96,1767.0,2025-06-01,51.0,19020.0,1.31156422500946,103.883576001591,39 LORONG 24 GEYLANG REZI 24 SINGAPORE 398636,4.808294965951603,3.0,3,3,0,8,10,4,1.0,1.0,0,1
SIMS URBAN OASIS,2038000.0,1022.58,1993.0,2025-06-01,95.0,21453.0,1.31926710475553,103.880615863782,6 SIMS DRIVE SIMS URBAN OASIS SINGAPORE 387388,5.190897370243519,3.0,3,4,0,8,9,1,4.0,1.0,1,1
PARK PLACE RESIDENCES AT PLQ,2550000.0,1087.16,2346.0,2025-06-01,101.0,25248.0,1.31583675363618,103.892746648427,2 PAYA LEBAR ROAD PARK PLACE RESIDENCES AT PLQ SINGAPORE 409053,5.896537427358871,3.0,3,3,3,4,12,6,3.0,1.0,0,1
PARC ESTA,2388888.0,1022.58,2336.0,2025-06-01,95.0,25146.0,1.31786521916555,103.903967184717,904 SIMS AVENUE PARC ESTA SINGAPORE 408968,7.043509290403673,3.0,1,4,0,1,13,16,2.0,1.0,0,1
GUILLEMARD EDGE,950000.0,559.73,1697.0,2025-06-01,52.0,18269.0,1.31200443744473,103.885949377155,38 LORONG 30 GEYLANG GUILLEMARD EDGE SINGAPORE 398371,5.041282413008211,3.0,4,4,1,7,11,5,1.0,1.0,0,1
SIMS URBAN OASIS,1200000.0,624.31,1922.0,2025-06-01,58.0,20690.0,1.31926710475553,103.880615863782,6 SIMS DRIVE SIMS URBAN OASIS SINGAPORE 387388,5.190897370243519,3.0,3,4,0,8,9,1,4.0,1.0,1,1
COSY 23,1180000.0,1022.58,1154.0,2025-06-01,95.0,12421.0,1.3125776569644,103.886492342637,23 LORONG 30 GEYLANG COSY 23 SINGAPORE 398355,5.128238232463941,3.0,5,4,2,7,11,5,2.0,1.0,0,1
PARK PLACE RESIDENCES AT PLQ,2515000.0,1087.16,2313.0,2025-06-01,101.0,24901.0,1.31583675363618,103.892746648427,2 PAYA LEBAR ROAD PARK PLACE RESIDENCES AT PLQ SINGAPORE 409053,5.896537427358871,3.0,3,3,3,4,12,6,3.0,1.0,0,1
PARC ESTA,1608000.0,710.42,2263.0,2025-06-01,66.0,24364.0,1.31786521916555,103.903967184717,904 SIMS AVENUE PARC ESTA SINGAPORE 408968,7.043509290403673,3.0,1,4,0,1,13,16,1.0,1.0,0,1
NOMA,1050000.0,602.78,1742.0,2025-06-01,56.0,18750.0,1.31161656190118,103.885373542152,333 GUILLEMARD ROAD NOMA SINGAPORE 399758,4.964558828553237,3.0,3,3,1,7,11,5,1.0,1.0,0,1
SIMS EDGE,878000.0,473.62,1854.0,2025-06-01,44.0,19955.0,1.31640485669867,103.887906763671,1 GEYLANG EAST AVENUE 2 SIMS EDGE SINGAPORE 389760,5.523980705206435,3.0,4,5,3,7,12,4,2.0,1.0,0,1
GUILLEMARD EDGE,725000.0,409.03,1772.0,2025-06-01,38.0,19079.0,1.31200443744473,103.885949377155,38 LORONG 30 GEYLANG GUILLEMARD EDGE SINGAPORE 398371,5.041282413008211,3.0,4,4,1,7,11,5,1.0,1.0,0,1
TRE RESIDENCES,780000.0,419.8,1858.0,2025-06-01,39.0,20000.0,1.3172278261209,103.885015905304,9 GEYLANG EAST AVENUE 1 TRE RESIDENCES SINGAPORE 389783,5.353082321074245,3.0,3,3,2,8,9,3,2.0,1.0,1,1
EUNOS PARK,2150000.0,1636.13,1314.0,2025-06-01,152.0,14145.0,1.31846390653038,103.9060767957,5 KAMPONG EUNOS EUNOS PARK SINGAPORE 417771,7.276599829446479,3.0,2,2,0,1,13,14,1.0,1.0,1,2
WATERBANK AT DAKOTA,3500000.0,1571.54,2227.0,2025-05-01,146.0,23973.0,1.30647833742136,103.888537197136,76 DAKOTA CRESCENT WATERBANK AT DAKOTA SINGAPORE 399944,4.918518965685704,4.0,3,3,0,5,10,6,2.0,1.0,1,1
SUITES@CHANGI,698000.0,441.32,1582.0,2025-05-01,41.0,17024.0,1.317041377544,103.904748281539,226 CHANGI ROAD SUITES@CHANGI SINGAPORE 419740,7.06748560964527,4.0,1,3,0,1,14,16,1.0,1.0,0,1
SIMS URBAN OASIS,1258888.0,710.42,1772.0,2025-05-01,66.0,19074.0,1.31926710475553,103.880615863782,6 SIMS DRIVE SIMS URBAN OASIS SINGAPORE 387388,5.190897370243519,4.0,3,4,0,8,9,1,3.0,1.0,1,1
PARK PLACE RESIDENCES AT PLQ,1638000.0,667.37,2454.0,2025-05-01,62.0,26419.0,1.31583675363618,103.892746648427,2 PAYA LEBAR ROAD PARK PLACE RESIDENCES AT PLQ SINGAPORE 409053,5.896537427358871,4.0,3,3,3,4,12,6,3.0,1.0,0,1
WATERBANK AT DAKOTA,1390000.0,624.31,2226.0,2025-05-01,58.0,23966.0,1.30647833742136,103.888537197136,76 DAKOTA CRESCENT WATERBANK AT DAKOTA SINGAPORE 399944,4.918518965685704,4.0,3,3,0,5,10,6,3.0,1.0,1,1
PENROSE,2228000.0,968.76,2300.0,2025-05-01,90.0,24756.0,1.31948983025856,103.879994891095,22 SIMS DRIVE PENROSE SINGAPORE 387396,5.166503889250989,4.0,3,4,0,8,9,1,4.0,,0,1
IDYLLIC SUITES,720000.0,441.32,1631.0,2025-05-01,41.0,17561.0,1.31285080910896,103.886497625764,21 LORONG 30 GEYLANG IDYLLIC SUITES SINGAPORE 398353,5.1480043421598065,4.0,5,4,2,7,11,5,2.0,1.0,0,1
ASTOR,1070000.0,861.12,1243.0,2025-05-01,80.0,13375.0,1.32879593267373,103.912963648128,51C LENGKONG EMPAT ASTOR SINGAPORE 417660,8.55554984945014,4.0,3,1,0,2,7,14,1.0,1.0,0,2
PENROSE,1485000.0,710.42,2090.0,2025-05-01,66.0,22500.0,1.31948983025856,103.879994891095,22 SIMS DRIVE PENROSE SINGAPORE 387396,5.166503889250989,4.0,3,4,0,8,9,1,1.0,,0,1
PARC ESTA,1450000.0,635.08,2283.0,2025-05-01,59.0,24576.0,1.31786521916555,103.903967184717,904 SIMS AVENUE PARC ESTA SINGAPORE 408968,7.043509290403673,4.0,1,4,0,1,13,16,2.0,1.0,0,1
VIENTO,744888.0,473.62,1573.0,2025-05-01,44.0,16929.0,1.31221104514144,103.886520466932,29 LORONG 30 GEYLANG VIENTO SINGAPORE 398362,5.104904162018615,4.0,5,4,2,7,11,5,2.0,1.0,0,1
PARC ESTA,1245000.0,527.44,2360.0,2025-05-01,49.0,25408.0,1.31786521916555,103.903967184717,904 SIMS AVENUE PARC ESTA SINGAPORE 408968,7.043509290403673,4.0,1,4,0,1,13,16,3.0,1.0,0,1
LA BRISA,888000.0,559.73,1586.0,2025-05-01,52.0,17077.0,1.31190419143627,103.885369365155,50 LORONG 28 GEYLANG LA BRISA SINGAPORE 398453,4.984533537431171,4.0,4,4,1,7,11,5,1.0,1.0,0,1
TREASURES@G6,650000.0,409.03,1589.0,2025-05-01,38.0,17105.0,1.31061812912929,103.876727965474,35 LORONG 6 GEYLANG TREASURES@G6 SINGAPORE 399187,4.186237477544645,4.0,4,3,2,10,8,2,2.0,1.0,0,1
LE REGAL,760000.0,688.9,1103.0,2025-05-01,64.0,11875.0,1.31250268727998,103.880368117228,340 GEYLANG ROAD LE REGAL SINGAPORE 389365,4.61788023094977,4.0,2,3,0,9,10,1,1.0,1.0,0,1
D' CASITA,1790000.0,1140.98,1569.0,2025-05-01,106.0,16887.0,1.32189602855264,103.909352749897,38 LORONG MARZUKI D' CASITA SINGAPORE 417104,7.789202468309825,4.0,2,1,0,2,10,15,1.0,1.0,0,2
THE WATER EDGE,750000.0,430.56,1742.0,2025-05-01,40.0,18750.0,1.31372105189031,103.888759579471,8 LORONG 38 GEYLANG THE WATER EDGE SINGAPORE 398106,5.4035924754809175,4.0,4,4,3,6,11,4,1.0,1.0,0,1
THE WATERINA,1235000.0,710.42,1738.0,2025-05-01,66.0,18712.0,1.3132821071538,103.89085032363,59 LORONG 40 GEYLANG THE WATERINA SINGAPORE 398082,5.55708137380416,4.0,4,4,3,5,12,5,2.0,1.0,0,1
TRE RESIDENCES,1055000.0,570.49,1849.0,2025-05-01,53.0,19906.0,1.3172278261209,103.885015905304,9 GEYLANG EAST AVENUE 1 TRE RESIDENCES SINGAPORE 389783,5.353082321074245,4.0,3,3,2,8,9,3,2.0,1.0,1,1
EUHABITAT,2030222.0,1302.44,1559.0,2025-05-01,121.0,16779.0,1.32795415126263,103.9070014142,196 JALAN EUNOS EUHABITAT SINGAPORE 419542,7.971961203569236,4.0,2,2,0,2,6,15,1.0,1.0,1,2
REZI 26,1200000.0,764.24,1570.0,2025-05-01,71.0,16901.0,1.31277485329606,103.885104634024,5 LORONG 26 GEYLANG REZI 26 SINGAPORE 398480,5.024511275001018,4.0,4,4,1,7,11,4,1.0,1.0,0,1
PARC ESTA,1400000.0,635.08,2204.0,2025-05-01,59.0,23729.0,1.31786521916555,103.903967184717,904 SIMS AVENUE PARC ESTA SINGAPORE 408968,7.043509290403673,4.0,1,4,0,1,13,16,1.0,1.0,0,1
SIMS URBAN OASIS,1220000.0,624.31,1954.0,2025-05-01,58.0,21034.0,1.31926710475553,103.880615863782,6 SIMS DRIVE SIMS URBAN OASIS SINGAPORE 387388,5.190897370243519,4.0,3,4,0,8,9,1,4.0,1.0,1,1
TRE RESIDENCES,1405000.0,764.24,1838.0,2025-05-01,71.0,19789.0,1.3172278261209,103.885015905304,9 GEYLANG EAST AVENUE 1 TRE RESIDENCES SINGAPORE 389783,5.353082321074245,4.0,3,3,2,8,9,3,2.0,1.0,1,1
NOMA,760000.0,430.56,1765.0,2025-05-01,40.0,19000.0,1.31161656190118,103.885373542152,333 GUILLEMARD ROAD NOMA SINGAPORE 399758,4.964558828553237,4.0,3,3,1,7,11,5,1.0,1.0,0,1
SIMS URBAN OASIS,2050000.0,1033.34,1984.0,2025-05-01,96.0,21354.0,1.31926710475553,103.880615863782,6 SIMS DRIVE SIMS URBAN OASIS SINGAPORE 387388,5.190897370243519,4.0,3,4,0,8,9,1,1.0,1.0,1,1
TRE RESIDENCES,1339888.0,699.66,1915.0,2025-05-01,65.0,20614.0,1.3172278261209,103.885015905304,9 GEYLANG EAST AVENUE 1 TRE RESIDENCES SINGAPORE 389783,5.353082321074245,4.0,3,3,2,8,9,3,2.0,1.0,1,1
PENROSE,2008000.0,958.0,2096.0,2025-05-01,89.0,22562.0,1.31948983025856,103.879994891095,22 SIMS DRIVE PENROSE SINGAPORE 387396,5.166503889250989,4.0,3,4,0,8,9,1,4.0,,0,1
PENROSE,1910000.0,936.47,2040.0,2025-05-01,87.0,21954.0,1.31948983025856,103.879994891095,22 SIMS DRIVE PENROSE SINGAPORE 387396,5.166503889250989,4.0,3,4,0,8,9,1,2.0,,0,1
THE NAVIAN,1628888.0,925.7,1760.0,2025-05-01,86.0,18941.0,1.32780887766582,103.906399584482,178 JALAN EUNOS THE NAVIAN SINGAPORE 419530,7.909635869494765,4.0,3,1,0,2,6,14,1.0,1.0,0,2
PARC ESTA,1615000.0,699.66,2308.0,2025-05-01,65.0,24846.0,1.31786521916555,103.903967184717,904 SIMS AVENUE PARC ESTA SINGAPORE 408968,7.043509290403673,4.0,1,4,0,1,13,16,3.0,1.0,0,1
SIMS URBAN OASIS,1870000.0,958.0,1952.0,2025-05-01,89.0,21011.0,1.31926710475553,103.880615863782,6 SIMS DRIVE SIMS URBAN OASIS SINGAPORE 387388,5.190897370243519,4.0,3,4,0,8,9,1,3.0,1.0,1,1
PARK PLACE RESIDENCES AT PLQ,1650000.0,678.13,2433.0,2025-05-01,63.0,26190.0,1.31583675363618,103.892746648427,2 PAYA LEBAR ROAD PARK PLACE RESIDENCES AT PLQ SINGAPORE 409053,5.896537427358871,4.0,3,3,3,4,12,6,1.0,1.0,0,1
PARC ESTA,1688000.0,742.72,2273.0,2025-05-01,69.0,24464.0,1.31786521916555,103.903967184717,904 SIMS AVENUE PARC ESTA SINGAPORE 408968,7.043509290403673,4.0,1,4,0,1,13,16,3.0,1.0,0,1
PENROSE,2288888.0,979.52,2337.0,2025-05-01,91.0,25153.0,1.31948983025856,103.879994891095,22 SIMS DRIVE PENROSE SINGAPORE 387396,5.166503889250989,4.0,3,4,0,8,9,1,4.0,,0,1
PARC ESTA,1190000.0,527.44,2256.0,2025-05-01,49.0,24286.0,1.31786521916555,103.903967184717,904 SIMS AVENUE PARC ESTA SINGAPORE 408968,7.043509290403673,4.0,1,4,0,1,13,16,2.0,1.0,0,1
CANNE LODGE,1950000.0,1420.85,1372.0,2025-05-01,132.0,14773.0,1.31417485125009,103.873278239692,75 LORONG 3 GEYLANG CANNE LODGE SINGAPORE 388869,4.2461920431379285,4.0,2,3,0,11,10,1,1.0,1.0,0,1
PARC ESTA,1640000.0,710.42,2308.0,2025-05-01,66.0,24848.0,1.31786521916555,103.903967184717,904 SIMS AVENUE PARC ESTA SINGAPORE 408968,7.043509290403673,4.0,1,4,0,1,13,16,4.0,1.0,0,1
PARK PLACE RESIDENCES AT PLQ,1535000.0,667.37,2300.0,2025-05-01,62.0,24758.0,1.31583675363618,103.892746648427,2 PAYA LEBAR ROAD PARK PLACE RESIDENCES AT PLQ SINGAPORE 409053,5.896537427358871,4.0,3,3,3,4,12,6,2.0,1.0,0,1
SIMS GREEN,1850000.0,2045.16,905.0,2025-05-01,190.0,9737.0,1.31441038654771,103.884629689864,7 LORONG 27A GEYLANG SIMS GREEN SINGAPORE 388133,5.105957066325405,4.0,4,4,1,8,9,5,2.0,1.0,0,1
PENANG SERVICE APARTMENTS,1238888.0,1011.82,1224.0,2025-05-01,94.0,13180.0,1.31336434016643,103.887597407486,16 LORONG 34 GEYLANG PENANG SERVICE APARTMENTS SINGAPORE 398213,5.278453845984745,4.0,5,4,2,7,11,5,1.0,1.0,0,1
PARC ESTA,2163000.0,904.18,2392.0,2025-05-01,84.0,25750.0,1.31786521916555,103.903967184717,904 SIMS AVENUE PARC ESTA SINGAPORE 408968,7.043509290403673,4.0,1,4,0,1,13,16,2.0,1.0,0,1
PENROSE,1568000.0,710.42,2207.0,2025-05-01,66.0,23758.0,1.31948983025856,103.879994891095,22 SIMS DRIVE PENROSE SINGAPORE 387396,5.166503889250989,4.0,3,4,0,8,9,1,3.0,,0,1
WINDY HEIGHTS,3200000.0,2475.72,1293.0,2025-05-01,230.0,13913.0,1.32664204297673,103.910617408664,84 JALAN DAUD WINDY HEIGHTS SINGAPORE 419593,8.204206295506795,4.0,2,2,0,2,7,16,2.0,1.0,1,2
PARC ESTA,1636000.0,742.72,2203.0,2025-05-01,69.0,23710.0,1.31786521916555,103.903967184717,904 SIMS AVENUE PARC ESTA SINGAPORE 408968,7.043509290403673,4.0,1,4,0,1,13,16,1.0,1.0,0,1
SUITES 28,868888.0,1054.87,824.0,2025-05-01,98.0,8866.0,1.31268459175571,103.885941111431,28 LORONG 30 GEYLANG SUITES 28 SINGAPORE 398361,5.088755596385559,4.0,5,4,1,7,11,4,2.0,1.0,0,1
PARK PLACE RESIDENCES AT PLQ,1075000.0,484.38,2219.0,2025-05-01,45.0,23889.0,1.31583675363618,103.892746648427,2 PAYA LEBAR ROAD PARK PLACE RESIDENCES AT PLQ SINGAPORE 409053,5.896537427358871,4.0,3,3,3,4,12,6,3.0,1.0,0,1
GUILLEMARD EDGE,1050000.0,775.01,1355.0,2025-05-01,72.0,14583.0,1.31200443744473,103.885949377155,38 LORONG 30 GEYLANG GUILLEMARD EDGE SINGAPORE 398371,5.041282413008211,4.0,4,4,1,7,11,5,2.0,1.0,0,1
TROPIKA EAST,1090000.0,839.59,1298.0,2025-05-01,78.0,13974.0,1.32886589161997,103.90719397756,3 FOO KIM LIN ROAD TROPIKA EAST SINGAPORE 419679,8.051842718239321,4.0,2,1,0,2,6,15,1.0,1.0,1,2
ESTA RUBY,1700000.0,958.0,1775.0,2025-05-01,89.0,19101.0,1.31390006507675,103.893617178884,500 GUILLEMARD ROAD ESTA RUBY SINGAPORE 399839,5.845471443212252,4.0,3,2,3,3,13,8,4.0,1.0,0,1
# 1 SUITES,719888.0,559.73,1286.0,2025-05-01,52.0,13844.0,1.31239029325188,103.881504147527,1 LORONG 20 GEYLANG # 1 SUITES SINGAPORE 398721,4.699608709809529,4.0,3,3,0,8,9,2,1.0,1.0,0,1
THE GATZ,1980000.0,1054.87,1877.0,2025-04-01,98.0,20204.0,1.31295371704839,103.886753196091,26 LORONG 32 GEYLANG THE GATZ SINGAPORE 398284,5.177135793090663,5.0,5,4,2,7,11,5,2.0,1.0,0,1
WATERBANK AT DAKOTA,2650000.0,1130.22,2345.0,2025-04-01,105.0,25238.0,1.30647833742136,103.888537197136,76 DAKOTA CRESCENT WATERBANK AT DAKOTA SINGAPORE 399944,4.918518965685704,5.0,3,3,0,5,10,6,3.0,1.0,1,1
PENROSE,930000.0,473.62,1964.0,2025-04-01,44.0,21136.0,1.31948983025856,103.879994891095,22 SIMS DRIVE PENROSE SINGAPORE 387396,5.166503889250989,5.0,3,4,0,8,9,1,1.0,,0,1
CENTRA LOFT,800000.0,484.38,1652.0,2025-04-01,45.0,17778.0,1.31481743950624,103.888376977987,3 LORONG 35 GEYLANG CENTRA LOFT SINGAPORE 387935,5.44803594028427,5.0,4,4,3,7,11,4,2.0,1.0,0,1
PENROSE,2130000.0,936.47,2275.0,2025-04-01,87.0,24483.0,1.31948983025856,103.879994891095,22 SIMS DRIVE PENROSE SINGAPORE 387396,5.166503889250989,5.0,3,4,0,8,9,1,2.0,,0,1
PENROSE,946000.0,473.62,1997.0,2025-04-01,44.0,21500.0,1.31948983025856,103.879994891095,22 SIMS DRIVE PENROSE SINGAPORE 387396,5.166503889250989,5.0,3,4,0,8,9,1,2.0,,0,1
SIMS URBAN OASIS,1964000.0,958.0,2050.0,2025-04-01,89.0,22067.0,1.31926710475553,103.880615863782,6 SIMS DRIVE SIMS URBAN OASIS SINGAPORE 387388,5.190897370243519,5.0,3,4,0,8,9,1,4.0,1.0,1,1
WING FONG COURT,1000000.0,1054.87,948.0,2025-04-01,98.0,10204.0,1.31173462254903,103.87881521885,10 LORONG 14 GEYLANG WING FONG COURT SINGAPORE 398922,4.435996550952671,5.0,3,4,0,10,9,1,1.0,1.0,0,1
PARC ESTA,1785000.0,861.12,2073.0,2025-04-01,80.0,22313.0,1.31786521916555,103.903967184717,904 SIMS AVENUE PARC ESTA SINGAPORE 408968,7.043509290403673,5.0,1,4,0,1,13,16,4.0,1.0,0,1
D' PALMA,1580000.0,1001.05,1578.0,2025-04-01,93.0,16989.0,1.31995634032593,103.911742980787,18 LORONG MYDIN D' PALMA SINGAPORE 416817,7.899276193383356,5.0,2,1,0,2,11,16,1.0,1.0,0,2
PENROSE,1790000.0,807.3,2217.0,2025-04-01,75.0,23867.0,1.31948983025856,103.879994891095,22 SIMS DRIVE PENROSE SINGAPORE 387396,5.166503889250989,5.0,3,4,0,8,9,1,3.0,,0,1
ASTORIA PARK,1550000.0,1173.28,1321.0,2025-04-01,109.0,14220.0,1.32177770499303,103.91225216665,34 LORONG MYDIN ASTORIA PARK SINGAPORE 416827,8.053226885077692,5.0,1,1,0,2,12,17,1.0,1.0,1,2
PENROSE,1585000.0,710.42,2231.0,2025-04-01,66.0,24015.0,1.31948983025856,103.879994891095,22 SIMS DRIVE PENROSE SINGAPORE 387396,5.166503889250989,5.0,3,4,0,8,9,1,3.0,,0,1
# 1 LOFT,732888.0,559.73,1309.0,2025-04-01,52.0,14094.0,1.31276346405244,103.883518875617,1 LORONG 24 GEYLANG # 1 LOFT SINGAPORE 398614,4.891716160848941,5.0,3,4,0,8,9,2,1.0,1.0,0,1
PENROSE,2450000.0,1065.64,2299.0,2025-04-01,99.0,24747.0,1.31948983025856,103.879994891095,22 SIMS DRIVE PENROSE SINGAPORE 387396,5.166503889250989,5.0,3,4,0,8,9,1,3.0,,0,1
THE HELICONIA,1850000.0,1345.5,1375.0,2025-04-01,125.0,14800.0,1.32635294484067,103.908900244938,30 JALAN DAUD THE HELICONIA SINGAPORE 419572,8.031320801555648,5.0,3,2,0,2,7,16,1.0,1.0,1,2
SIMS RESIDENCES,1650000.0,1420.85,1161.0,2025-04-01,132.0,12500.0,1.31607412947418,103.891092837354,8 LORONG 39 GEYLANG SIMS RESIDENCES SINGAPORE 387882,5.769235671840805,5.0,4,3,3,5,12,4,1.0,1.0,0,1
PARC ESTA,1000000.0,452.09,2212.0,2025-04-01,42.0,23810.0,1.31786521916555,103.903967184717,904 SIMS AVENUE PARC ESTA SINGAPORE 408968,7.043509290403673,5.0,1,4,0,1,13,16,2.0,1.0,0,1
PARC ESTA,1620000.0,699.66,2315.0,2025-04-01,65.0,24923.0,1.31786521916555,103.903967184717,904 SIMS AVENUE PARC ESTA SINGAPORE 408968,7.043509290403673,5.0,1,4,0,1,13,16,3.0,1.0,0,1
SIMS GREEN,1100000.0,958.0,1148.0,2025-04-01,89.0,12360.0,1.31441038654771,103.884629689864,7 LORONG 27A GEYLANG SIMS GREEN SINGAPORE 388133,5.105957066325405,5.0,4,4,1,8,9,5,1.0,1.0,0,1
PENROSE,1345000.0,645.84,2083.0,2025-04-01,60.0,22417.0,1.31948983025856,103.879994891095,22 SIMS DRIVE PENROSE SINGAPORE 387396,5.166503889250989,5.0,3,4,0,8,9,1,4.0,,0,1
CENTRAL IMPERIAL,718000.0,548.96,1308.0,2025-04-01,51.0,14078.0,1.31194266781347,103.879213970964,3 LORONG 14 GEYLANG CENTRAL IMPERIAL SINGAPORE 398915,4.483469484998063,5.0,3,4,0,10,9,1,1.0,1.0,0,1
WINDY HEIGHTS,3158000.0,2475.72,1276.0,2025-04-01,230.0,13730.0,1.32664204297673,103.910617408664,84 JALAN DAUD WINDY HEIGHTS SINGAPORE 419593,8.204206295506795,5.0,2,2,0,2,7,16,2.0,1.0,1,2
SMART SUITES,716888.0,452.09,1586.0,2025-04-01,42.0,17069.0,1.31514448371947,103.884050282732,302 SIMS AVENUE SMART SUITES SINGAPORE 387516,5.114950686082434,5.0,3,5,0,8,9,3,1.0,1.0,0,1
DENG FU VILLE,2358000.0,1420.85,1660.0,2025-04-01,132.0,17864.0,1.31907103004917,103.906727650036,30 KAMPONG EUNOS DENG FU VILLE SINGAPORE 417777,7.373814325731649,5.0,2,2,0,1,13,14,1.0,1.0,0,2
VACANZA @ EAST,1218000.0,807.3,1509.0,2025-04-01,75.0,16240.0,1.32901984483655,103.914196223923,36 LENGKONG TUJOH VACANZA @ EAST SINGAPORE 417391,8.680985857703446,5.0,3,1,0,2,8,12,3.0,1.0,1,2
PARC ESTA,2390000.0,958.0,2495.0,2025-04-01,89.0,26854.0,1.31786521916555,103.903967184717,904 SIMS AVENUE PARC ESTA SINGAPORE 408968,7.043509290403673,5.0,1,4,0,1,13,16,3.0,1.0,0,1
EUHABITAT,808000.0,624.31,1294.0,2025-04-01,58.0,13931.0,1.32795415126263,103.9070014142,196 JALAN EUNOS EUHABITAT SINGAPORE 419542,7.971961203569236,5.0,2,2,0,2,6,15,1.0,1.0,1,2
D' CASITA,2050000.0,1453.14,1411.0,2025-04-01,135.0,15185.0,1.32189602855264,103.909352749897,38 LORONG MARZUKI D' CASITA SINGAPORE 417104,7.789202468309825,5.0,2,1,0,2,10,15,1.0,1.0,0,2
GUILLEMARD SUITES,820324.0,538.2,1524.0,2025-04-01,50.0,16406.0,1.31094521852726,103.882721097721,213 GUILLEMARD ROAD GUILLEMARD SUITES SINGAPORE 399733,4.691609257032653,5.0,3,4,0,8,9,3,1.0,1.0,0,1
GUILLEMARD EDGE,712000.0,409.03,1741.0,2025-04-01,38.0,18737.0,1.31200443744473,103.885949377155,38 LORONG 30 GEYLANG GUILLEMARD EDGE SINGAPORE 398371,5.041282413008211,5.0,4,4,1,7,11,5,2.0,1.0,0,1
THE WATERINA,2700000.0,1334.74,2023.0,2025-04-01,124.0,21774.0,1.3132821071538,103.89085032363,59 LORONG 40 GEYLANG THE WATERINA SINGAPORE 398082,5.55708137380416,5.0,4,4,3,5,12,5,2.0,1.0,0,1
PENROSE,1330000.0,645.84,2059.0,2025-04-01,60.0,22167.0,1.31948983025856,103.879994891095,22 SIMS DRIVE PENROSE SINGAPORE 387396,5.166503889250989,5.0,3,4,0,8,9,1,2.0,,0,1
MERA EAST,2025000.0,1496.2,1353.0,2025-04-01,139.0,14568.0,1.31817526770849,103.909292082346,338 CHANGI ROAD MERA EAST SINGAPORE 419977,7.564017720548594,5.0,2,1,0,1,14,15,1.0,1.0,0,2
TRE RESIDENCES,990000.0,570.49,1735.0,2025-04-01,53.0,18679.0,1.3172278261209,103.885015905304,9 GEYLANG EAST AVENUE 1 TRE RESIDENCES SINGAPORE 389783,5.353082321074245,5.0,3,3,2,8,9,3,2.0,1.0,1,1
THE HELICONIA,1720000.0,1302.44,1321.0,2025-04-01,121.0,14215.0,1.32635294484067,103.908900244938,30 JALAN DAUD THE HELICONIA SINGAPORE 419572,8.031320801555648,5.0,3,2,0,2,7,16,2.0,1.0,1,2
MORI,1370000.0,710.42,1928.0,2025-04-01,66.0,20758.0,1.31131219787605,103.882972095616,223 GUILLEMARD ROAD MORI SINGAPORE 399738,4.739370253523735,5.0,3,3,0,8,9,2,2.0,,0,1
VACANZA @ EAST,2030000.0,1259.39,1612.0,2025-04-01,117.0,17350.0,1.32901984483655,103.914196223923,36 LENGKONG TUJOH VACANZA @ EAST SINGAPORE 417391,8.680985857703446,5.0,3,1,0,2,8,12,1.0,1.0,1,2
THE HELICONIA,1850000.0,1334.74,1386.0,2025-04-01,124.0,14919.0,1.32635294484067,103.908900244938,30 JALAN DAUD THE HELICONIA SINGAPORE 419572,8.031320801555648,5.0,3,2,0,2,7,16,1.0,1.0,1,2
PAVILION SQUARE,631888.0,398.27,1587.0,2025-04-01,37.0,17078.0,1.31297800060859,103.879770800217,345 GEYLANG ROAD PAVILION SQUARE SINGAPORE 389366,4.608727400946871,5.0,3,4,0,10,10,1,2.0,1.0,0,1
PARC ESTA,936000.0,419.8,2230.0,2025-04-01,39.0,24000.0,1.31786521916555,103.903967184717,904 SIMS AVENUE PARC ESTA SINGAPORE 408968,7.043509290403673,5.0,1,4,0,1,13,16,2.0,1.0,0,1
SIMS URBAN OASIS,825000.0,409.03,2017.0,2025-04-01,38.0,21711.0,1.31926710475553,103.880615863782,6 SIMS DRIVE SIMS URBAN OASIS SINGAPORE 387388,5.190897370243519,5.0,3,4,0,8,9,1,3.0,1.0,1,1
SINGA HILLS,1150000.0,667.37,1723.0,2025-04-01,62.0,18548.0,1.33013262911561,103.908284993545,33 JALAN SINGA SINGA HILLS SINGAPORE 418109,8.234437338266625,5.0,1,1,0,2,5,13,1.0,1.0,0,2
CENTRA RESIDENCE,800000.0,505.91,1581.0,2025-04-01,47.0,17021.0,1.312846209179,103.875936321332,8 LORONG 7 GEYLANG CENTRA RESIDENCE SINGAPORE 388792,4.311991373002679,5.0,2,2,0,10,8,1,2.0,1.0,0,1
PARC ESTA,2230000.0,925.7,2409.0,2025-04-01,86.0,25930.0,1.31786521916555,103.903967184717,904 SIMS AVENUE PARC ESTA SINGAPORE 408968,7.043509290403673,5.0,1,4,0,1,13,16,2.0,1.0,0,1
SILVERSCAPE,738000.0,473.62,1558.0,2025-04-01,44.0,16773.0,1.31256998658763,103.887209225771,39 LORONG 32 GEYLANG SILVERSCAPE SINGAPORE 398299,5.189405207979182,5.0,5,4,2,7,11,5,1.0,1.0,0,1
THE ANTARES,1300000.0,667.37,1948.0,2025-04-01,62.0,20968.0,1.32541778538724,103.883403765337,23 MATTAR ROAD THE ANTARES SINGAPORE 387730,5.916441166611573,5.0,4,4,0,8,9,4,2.0,1.0,0,1
PARK PLACE RESIDENCES AT PLQ,2380000.0,1076.4,2211.0,2025-04-01,100.0,23800.0,1.31583675363618,103.892746648427,2 PAYA LEBAR ROAD PARK PLACE RESIDENCES AT PLQ SINGAPORE 409053,5.896537427358871,5.0,3,3,3,4,12,6,2.0,1.0,0,1
TRE RESIDENCES,1610000.0,861.12,1870.0,2025-04-01,80.0,20125.0,1.3172278261209,103.885015905304,9 GEYLANG EAST AVENUE 1 TRE RESIDENCES SINGAPORE 389783,5.353082321074245,5.0,3,3,2,8,9,3,3.0,1.0,1,1
PENROSE,1588000.0,699.66,2270.0,2025-04-01,65.0,24431.0,1.31948983025856,103.879994891095,22 SIMS DRIVE PENROSE SINGAPORE 387396,5.166503889250989,5.0,3,4,0,8,9,1,3.0,,0,1
PARC ESTA,1965000.0,839.59,2340.0,2025-04-01,78.0,25192.0,1.31786521916555,103.903967184717,904 SIMS AVENUE PARC ESTA SINGAPORE 408968,7.043509290403673,5.0,1,4,0,1,13,16,3.0,1.0,0,1
PARC ESTA,1680000.0,731.95,2295.0,2025-04-01,68.0,24706.0,1.31786521916555,103.903967184717,904 SIMS AVENUE PARC ESTA SINGAPORE 408968,7.043509290403673,5.0,1,4,0,1,13,16,3.0,1.0,0,1
PENROSE,2570000.0,1184.04,2171.0,2025-04-01,110.0,23364.0,1.31948983025856,103.879994891095,22 SIMS DRIVE PENROSE SINGAPORE 387396,5.166503889250989,5.0,3,4,0,8,9,1,2.0,,0,1
THE GATZ,1990000.0,1054.87,1886.0,2025-04-01,98.0,20306.0,1.31295371704839,103.886753196091,26 LORONG 32 GEYLANG THE GATZ SINGAPORE 398284,5.177135793090663,5.0,5,4,2,7,11,5,2.0,1.0,0,1
EUHABITAT,1810000.0,1140.98,1586.0,2025-04-01,106.0,17075.0,1.32795415126263,103.9070014142,196 JALAN EUNOS EUHABITAT SINGAPORE 419542,7.971961203569236,5.0,2,2,0,2,6,15,1.0,1.0,1,2
PENROSE,1880000.0,936.47,2008.0,2025-04-01,87.0,21609.0,1.31948983025856,103.879994891095,22 SIMS DRIVE PENROSE SINGAPORE 387396,5.166503889250989,5.0,3,4,0,8,9,1,2.0,,0,1
PRIMEDGE,845000.0,527.44,1602.0,2025-04-01,49.0,17245.0,1.31253129900962,103.888139939124,45 LORONG 34 GEYLANG PRIMEDGE SINGAPORE 398236,5.2675901930288065,5.0,5,4,2,7,11,5,2.0,1.0,0,1
PARC ESTA,1180000.0,527.44,2237.0,2025-04-01,49.0,24082.0,1.31786521916555,103.903967184717,904 SIMS AVENUE PARC ESTA SINGAPORE 408968,7.043509290403673,5.0,1,4,0,1,13,16,2.0,1.0,0,1
33 RESIDENCES,1070000.0,699.66,1529.0,2025-04-01,65.0,16462.0,1.31198083528283,103.886532676904,33 LORONG 30 GEYLANG 33 RESIDENCES SINGAPORE 398366,5.089891829855762,5.0,5,4,1,7,11,5,1.0,1.0,0,1
PARC ESTA,2200888.0,914.94,2405.0,2025-04-01,85.0,25893.0,1.31786521916555,103.903967184717,904 SIMS AVENUE PARC ESTA SINGAPORE 408968,7.043509290403673,5.0,1,4,0,1,13,16,3.0,1.0,0,1
PENROSE,940888.0,484.38,1942.0,2025-04-01,45.0,20909.0,1.31948983025856,103.879994891095,22 SIMS DRIVE PENROSE SINGAPORE 387396,5.166503889250989,5.0,3,4,0,8,9,1,2.0,,0,1
PARC ESTA,938000.0,452.09,2075.0,2025-04-01,42.0,22333.0,1.31786521916555,103.903967184717,904 SIMS AVENUE PARC ESTA SINGAPORE 408968,7.043509290403673,5.0,1,4,0,1,13,16,1.0,1.0,0,1
ESTA RUBY,2050000.0,1130.22,1814.0,2025-04-01,105.0,19524.0,1.31390006507675,103.893617178884,500 GUILLEMARD ROAD ESTA RUBY SINGAPORE 399839,5.845471443212252,5.0,3,2,3,3,13,8,3.0,1.0,0,1
SIMS MEADOWS,1350000.0,1065.64,1267.0,2025-04-01,99.0,13636.0,1.31481342923106,103.888046887621,8 LORONG 33 GEYLANG SIMS MEADOWS SINGAPORE 387977,5.419751008298904,5.0,4,4,3,7,11,4,1.0,1.0,0,1
LE CRESCENDO,1471500.0,914.94,1608.0,2025-04-01,85.0,17312.0,1.33049714674003,103.888409268781,233 PAYA LEBAR ROAD LE CRESCENDO SINGAPORE 409044,6.701977813091088,5.0,4,3,0,6,9,4,3.0,1.0,1,1
PARC ESTA,943000.0,419.8,2246.0,2025-04-01,39.0,24179.0,1.31786521916555,103.903967184717,904 SIMS AVENUE PARC ESTA SINGAPORE 408968,7.043509290403673,5.0,1,4,0,1,13,16,4.0,1.0,0,1
DAKOTA RESIDENCES,3700000.0,1829.88,2022.0,2025-04-01,170.0,21765.0,1.30637270876178,103.88708549006,34 DAKOTA CRESCENT DAKOTA RESIDENCES SINGAPORE 399936,4.7757251422267535,5.0,3,3,0,6,10,5,2.0,1.0,1,1
SIMS URBAN OASIS,1238000.0,624.31,1983.0,2025-04-01,58.0,21345.0,1.31926710475553,103.880615863782,6 SIMS DRIVE SIMS URBAN OASIS SINGAPORE 387388,5.190897370243519,5.0,3,4,0,8,9,1,4.0,1.0,1,1
PARK PLACE RESIDENCES AT PLQ,2400000.0,1076.4,2230.0,2025-04-01,100.0,24000.0,1.31583675363618,103.892746648427,2 PAYA LEBAR ROAD PARK PLACE RESIDENCES AT PLQ SINGAPORE 409053,5.896537427358871,5.0,3,3,3,4,12,6,4.0,1.0,0,1
PENROSE,2136400.0,979.52,2181.0,2025-04-01,91.0,23477.0,1.31948983025856,103.879994891095,22 SIMS DRIVE PENROSE SINGAPORE 387396,5.166503889250989,5.0,3,4,0,8,9,1,2.0,,0,1
SIMS URBAN OASIS,865000.0,462.85,1869.0,2025-04-01,43.0,20116.0,1.31926710475553,103.880615863782,6 SIMS DRIVE SIMS URBAN OASIS SINGAPORE 387388,5.190897370243519,5.0,3,4,0,8,9,1,2.0,1.0,1,1
PENROSE,1530000.0,699.66,2187.0,2025-04-01,65.0,23538.0,1.31948983025856,103.879994891095,22 SIMS DRIVE PENROSE SINGAPORE 387396,5.166503889250989,5.0,3,4,0,8,9,1,2.0,,0,1
ASTORIA PARK,1515000.0,1194.8,1268.0,2025-04-01,111.0,13649.0,1.32177770499303,103.91225216665,34 LORONG MYDIN ASTORIA PARK SINGAPORE 416827,8.053226885077692,5.0,1,1,0,2,12,17,2.0,1.0,1,2
EUHABITAT,2058700.0,1302.44,1581.0,2025-04-01,121.0,17014.0,1.32795415126263,103.9070014142,196 JALAN EUNOS EUHABITAT SINGAPORE 419542,7.971961203569236,5.0,2,2,0,2,6,15,1.0,1.0,1,2
SUITES @ EUNOS,980000.0,710.42,1379.0,2025-04-01,66.0,14848.0,1.3205334041426,103.905772422058,1 JALAN YASIN SUITES @ EUNOS SINGAPORE 417958,7.374403827770043,5.0,2,2,0,1,10,12,1.0,1.0,0,2
PENROSE,2415600.0,1097.93,2200.0,2025-04-01,102.0,23682.0,1.31948983025856,103.879994891095,22 SIMS DRIVE PENROSE SINGAPORE 387396,5.166503889250989,5.0,3,4,0,8,9,1,3.0,,0,1
STARVILLE,1668000.0,1216.33,1371.0,2025-04-01,113.0,14761.0,1.32826483616522,103.912067534158,66 LENGKONG TIGA STARVILLE SINGAPORE 417471,8.44041551036464,5.0,3,1,0,2,7,15,1.0,1.0,1,2
TRE RESIDENCES,1080000.0,570.49,1893.0,2025-04-01,53.0,20377.0,1.3172278261209,103.885015905304,9 GEYLANG EAST AVENUE 1 TRE RESIDENCES SINGAPORE 389783,5.353082321074245,5.0,3,3,2,8,9,3,2.0,1.0,1,1
PARC ESTA,2240000.0,958.0,2338.0,2025-04-01,89.0,25169.0,1.31786521916555,103.903967184717,904 SIMS AVENUE PARC ESTA SINGAPORE 408968,7.043509290403673,5.0,1,4,0,1,13,16,1.0,1.0,0,1
ASTORIA PARK,1580000.0,1194.8,1322.0,2025-04-01,111.0,14234.0,1.32177770499303,103.91225216665,34 LORONG MYDIN ASTORIA PARK SINGAPORE 416827,8.053226885077692,5.0,1,1,0,2,12,17,1.0,1.0,1,2
THE ANTARES,1398000.0,656.6,2129.0,2025-04-01,61.0,22918.0,1.32541778538724,103.883403765337,23 MATTAR ROAD THE ANTARES SINGAPORE 387730,5.916441166611573,5.0,4,4,0,8,9,4,2.0,1.0,0,1
PARC ESTA,1700000.0,742.72,2289.0,2025-04-01,69.0,24638.0,1.31786521916555,103.903967184717,904 SIMS AVENUE PARC ESTA SINGAPORE 408968,7.043509290403673,5.0,1,4,0,1,13,16,2.0,1.0,0,1
PENROSE,1570000.0,699.66,2244.0,2025-04-01,65.0,24154.0,1.31948983025856,103.879994891095,22 SIMS DRIVE PENROSE SINGAPORE 387396,5.166503889250989,5.0,3,4,0,8,9,1,2.0,,0,1
PENROSE,2600000.0,1173.28,2216.0,2025-04-01,109.0,23853.0,1.31948983025856,103.879994891095,22 SIMS DRIVE PENROSE SINGAPORE 387396,5.166503889250989,5.0,3,4,0,8,9,1,3.0,,0,1
LA FLEUR,710000.0,473.62,1499.0,2025-04-01,44.0,16136.0,1.31244454232324,103.884576516653,8 LORONG 26 GEYLANG LA FLEUR SINGAPORE 398483,4.956192019907782,5.0,3,4,0,7,10,4,2.0,1.0,0,1
ASTORIA PARK,1300000.0,958.0,1357.0,2025-04-01,89.0,14607.0,1.32177770499303,103.91225216665,34 LORONG MYDIN ASTORIA PARK SINGAPORE 416827,8.053226885077692,5.0,1,1,0,2,12,17,2.0,1.0,1,2
EUHABITAT,2066000.0,1302.44,1586.0,2025-04-01,121.0,17074.0,1.32795415126263,103.9070014142,196 JALAN EUNOS EUHABITAT SINGAPORE 419542,7.971961203569236,5.0,2,2,0,2,6,15,1.0,1.0,1,2
VIENTO,850000.0,527.44,1612.0,2025-03-01,49.0,17347.0,1.31221104514144,103.886520466932,29 LORONG 30 GEYLANG VIENTO SINGAPORE 398362,5.104904162018615,6.0,5,4,2,7,11,5,1.0,1.0,0,1
PARC ESTA,1225000.0,516.67,2371.0,2025-03-01,48.0,25521.0,1.31786521916555,103.903967184717,904 SIMS AVENUE PARC ESTA SINGAPORE 408968,7.043509290403673,6.0,1,4,0,1,13,16,3.0,1.0,0,1
PENROSE,1300000.0,645.84,2013.0,2025-03-01,60.0,21667.0,1.31948983025856,103.879994891095,22 SIMS DRIVE PENROSE SINGAPORE 387396,5.166503889250989,6.0,3,4,0,8,9,1,1.0,,0,1
ASTOR,1530000.0,1108.69,1380.0,2025-03-01,103.0,14854.0,1.32879593267373,103.912963648128,51C LENGKONG EMPAT ASTOR SINGAPORE 417660,8.55554984945014,6.0,3,1,0,2,7,14,2.0,1.0,0,2
GRANDLINK SQUARE,1600000.0,1162.51,1376.0,2025-03-01,108.0,14815.0,1.3141912983094,103.891500511011,511 GUILLEMARD ROAD GRANDLINK SQUARE SINGAPORE 399849,5.67552490483051,6.0,4,4,3,5,13,6,2.0,1.0,0,1
LE CRESCENDO,1900000.0,1184.04,1605.0,2025-03-01,110.0,17273.0,1.33049714674003,103.888409268781,233 PAYA LEBAR ROAD LE CRESCENDO SINGAPORE 409044,6.701977813091088,6.0,4,3,0,6,9,4,2.0,1.0,1,1
THE TRUMPS,2320000.0,1356.26,1711.0,2025-03-01,126.0,18413.0,1.32002610262337,103.91348728953,1 JALAN KEMBANGAN THE TRUMPS SINGAPORE 419154,8.069943599460245,6.0,1,0,0,2,12,18,1.0,1.0,1,2
THE GATZ,1980000.0,1054.87,1877.0,2025-03-01,98.0,20204.0,1.31295371704839,103.886753196091,26 LORONG 32 GEYLANG THE GATZ SINGAPORE 398284,5.177135793090663,6.0,5,4,2,7,11,5,1.0,1.0,0,1
PENROSE,2325000.0,1044.11,2227.0,2025-03-01,97.0,23969.0,1.31948983025856,103.879994891095,22 SIMS DRIVE PENROSE SINGAPORE 387396,5.166503889250989,6.0,3,4,0,8,9,1,2.0,,0,1
VACANZA @ EAST,740000.0,484.38,1528.0,2025-03-01,45.0,16444.0,1.32901984483655,103.914196223923,36 LENGKONG TUJOH VACANZA @ EAST SINGAPORE 417391,8.680985857703446,6.0,3,1,0,2,8,12,2.0,1.0,1,2
SIMS URBAN OASIS,857000.0,441.32,1942.0,2025-03-01,41.0,20902.0,1.31926710475553,103.880615863782,6 SIMS DRIVE SIMS URBAN OASIS SINGAPORE 387388,5.190897370243519,6.0,3,4,0,8,9,1,2.0,1.0,1,1
GUILLEMARD EDGE,785000.0,441.32,1779.0,2025-03-01,41.0,19146.0,1.31200443744473,103.885949377155,38 LORONG 30 GEYLANG GUILLEMARD EDGE SINGAPORE 398371,5.041282413008211,6.0,4,4,1,7,11,5,1.0,1.0,0,1
STUDIO8,838000.0,462.85,1811.0,2025-03-01,43.0,19488.0,1.31110937477676,103.873025954425,8 JALAN AYER STUDIO8 SINGAPORE 389144,3.958495376383,6.0,2,2,2,10,6,1,1.0,1.0,0,1
SUNFLOWER COURT,1175000.0,1184.04,992.0,2025-03-01,110.0,10682.0,1.31064927792671,103.876402171482,30 LORONG 6 GEYLANG SUNFLOWER COURT SINGAPORE 399182,4.164050031664185,6.0,4,3,2,10,8,2,1.0,1.0,0,1
REZI 3TWO,770000.0,495.14,1555.0,2025-03-01,46.0,16739.0,1.31212753143258,103.886814275583,48 LORONG 32 GEYLANG REZI 3TWO SINGAPORE 398308,5.124457679901286,6.0,5,4,2,7,11,5,1.0,1.0,0,1
SIMS URBAN OASIS,1560000.0,818.06,1907.0,2025-03-01,76.0,20526.0,1.31926710475553,103.880615863782,6 SIMS DRIVE SIMS URBAN OASIS SINGAPORE 387388,5.190897370243519,6.0,3,4,0,8,9,1,4.0,1.0,1,1
GUILLEMARD SUITES,783000.0,527.44,1485.0,2025-03-01,49.0,15980.0,1.31094521852726,103.882721097721,213 GUILLEMARD ROAD GUILLEMARD SUITES SINGAPORE 399733,4.691609257032653,6.0,3,4,0,8,9,3,1.0,1.0,0,1
URBAN TREASURES,1000000.0,516.67,1935.0,2025-03-01,48.0,20833.0,1.32936720206385,103.905791323853,205 JALAN EUNOS URBAN TREASURES SINGAPORE 419535,7.966767145631702,6.0,2,0,0,2,6,11,2.0,1.0,1,2
PENROSE,1350000.0,645.84,2090.0,2025-03-01,60.0,22500.0,1.31948983025856,103.879994891095,22 SIMS DRIVE PENROSE SINGAPORE 387396,5.166503889250989,6.0,3,4,0,8,9,1,3.0,,0,1
IDYLLIC SUITES,678000.0,419.8,1615.0,2025-03-01,39.0,17385.0,1.31285080910896,103.886497625764,21 LORONG 30 GEYLANG IDYLLIC SUITES SINGAPORE 398353,5.1480043421598065,6.0,5,4,2,7,11,5,1.0,1.0,0,1
PENROSE,2030000.0,958.0,2119.0,2025-03-01,89.0,22809.0,1.31948983025856,103.879994891095,22 SIMS DRIVE PENROSE SINGAPORE 387396,5.166503889250989,6.0,3,4,0,8,9,1,4.0,,0,1
SIMS URBAN OASIS,2363165.0,1205.57,1960.0,2025-03-01,112.0,21100.0,1.31926710475553,103.880615863782,6 SIMS DRIVE SIMS URBAN OASIS SINGAPORE 387388,5.190897370243519,6.0,3,4,0,8,9,1,2.0,1.0,1,1
EUHABITAT,820000.0,548.96,1494.0,2025-03-01,51.0,16078.0,1.32795415126263,103.9070014142,196 JALAN EUNOS EUHABITAT SINGAPORE 419542,7.971961203569236,6.0,2,2,0,2,6,15,1.0,1.0,1,2
DAKOTA RESIDENCES,3700000.0,1829.88,2022.0,2025-03-01,170.0,21765.0,1.30637270876178,103.88708549006,34 DAKOTA CRESCENT DAKOTA RESIDENCES SINGAPORE 399936,4.7757251422267535,6.0,3,3,0,6,10,5,4.0,1.0,1,1
STARVILLE,1820000.0,1237.86,1470.0,2025-03-01,115.0,15826.0,1.32826483616522,103.912067534158,66 LENGKONG TIGA STARVILLE SINGAPORE 417471,8.44041551036464,6.0,3,1,0,2,7,15,1.0,1.0,1,2
PARC ESTA,985000.0,452.09,2179.0,2025-03-01,42.0,23452.0,1.31786521916555,103.903967184717,904 SIMS AVENUE PARC ESTA SINGAPORE 408968,7.043509290403673,6.0,1,4,0,1,13,16,1.0,1.0,0,1
PARC ESTA,1748888.0,850.36,2057.0,2025-03-01,79.0,22138.0,1.31786521916555,103.903967184717,904 SIMS AVENUE PARC ESTA SINGAPORE 408968,7.043509290403673,6.0,1,4,0,1,13,16,4.0,1.0,0,1
CASSIA EDGE,1100000.0,721.19,1525.0,2025-03-01,67.0,16418.0,1.3115742491255,103.885828118166,343 GUILLEMARD ROAD CASSIA EDGE SINGAPORE 399764,5.000687919837781,6.0,4,3,1,7,11,5,1.0,1.0,0,1
CANNE LODGE,1730000.0,1227.1,1410.0,2025-03-01,114.0,15175.0,1.31417485125009,103.873278239692,75 LORONG 3 GEYLANG CANNE LODGE SINGAPORE 388869,4.2461920431379285,6.0,2,3,0,11,10,1,2.0,1.0,0,1
33 RESIDENCES,1088800.0,699.66,1556.0,2025-03-01,65.0,16751.0,1.31198083528283,103.886532676904,33 LORONG 30 GEYLANG 33 RESIDENCES SINGAPORE 398366,5.089891829855762,6.0,5,4,1,7,11,5,2.0,1.0,0,1
VACANZA @ EAST,1388000.0,839.59,1653.0,2025-03-01,78.0,17795.0,1.32901984483655,103.914196223923,36 LENGKONG TUJOH VACANZA @ EAST SINGAPORE 417391,8.680985857703446,6.0,3,1,0,2,8,12,2.0,1.0,1,2
PARC ESTA,2850000.0,1119.46,2546.0,2025-03-01,104.0,27404.0,1.31786521916555,103.903967184717,904 SIMS AVENUE PARC ESTA SINGAPORE 408968,7.043509290403673,6.0,1,4,0,1,13,16,2.0,1.0,0,1
KEMBANGAN SUITES,880000.0,516.67,1703.0,2025-03-01,48.0,18333.0,1.32015257058639,103.912727083961,16 JALAN MASJID KEMBANGAN SUITES SINGAPORE 418941,8.00431940901614,6.0,1,1,0,2,12,18,1.0,1.0,0,2
THE WATER EDGE,650000.0,387.5,1677.0,2025-03-01,36.0,18056.0,1.31372105189031,103.888759579471,8 LORONG 38 GEYLANG THE WATER EDGE SINGAPORE 398106,5.4035924754809175,6.0,4,4,3,6,11,4,1.0,1.0,0,1
LA BRISA,860000.0,516.67,1664.0,2025-03-01,48.0,17917.0,1.31190419143627,103.885369365155,50 LORONG 28 GEYLANG LA BRISA SINGAPORE 398453,4.984533537431171,6.0,4,4,1,7,11,5,1.0,1.0,0,1
VACANZA @ EAST,728000.0,484.38,1503.0,2025-03-01,45.0,16178.0,1.32901984483655,103.914196223923,36 LENGKONG TUJOH VACANZA @ EAST SINGAPORE 417391,8.680985857703446,6.0,3,1,0,2,8,12,2.0,1.0,1,2
PARC ESTA,900000.0,419.8,2144.0,2025-03-01,39.0,23077.0,1.31786521916555,103.903967184717,904 SIMS AVENUE PARC ESTA SINGAPORE 408968,7.043509290403673,6.0,1,4,0,1,13,16,2.0,1.0,0,1
EUHABITAT,743800.0,527.44,1410.0,2025-03-01,49.0,15180.0,1.32795415126263,103.9070014142,196 JALAN EUNOS EUHABITAT SINGAPORE 419542,7.971961203569236,6.0,2,2,0,2,6,15,1.0,1.0,1,2
TRE RESIDENCES,1390000.0,764.24,1819.0,2025-03-01,71.0,19577.0,1.3172278261209,103.885015905304,9 GEYLANG EAST AVENUE 1 TRE RESIDENCES SINGAPORE 389783,5.353082321074245,6.0,3,3,2,8,9,3,3.0,1.0,1,1
SIMS URBAN OASIS,1915000.0,958.0,1999.0,2025-03-01,89.0,21517.0,1.31926710475553,103.880615863782,6 SIMS DRIVE SIMS URBAN OASIS SINGAPORE 387388,5.190897370243519,6.0,3,4,0,8,9,1,2.0,1.0,1,1
REZI 35,785000.0,452.09,1736.0,2025-03-01,42.0,18690.0,1.31572120937619,103.888837131268,20 LORONG 35 GEYLANG REZI 35 SINGAPORE 387949,5.551839737035237,6.0,4,4,3,6,13,4,2.0,1.0,0,1
SIXTEEN35 RESIDENCES,710000.0,462.85,1534.0,2025-03-01,43.0,16512.0,1.31547407018063,103.888827552085,16 LORONG 35 GEYLANG SIXTEEN35 RESIDENCES SINGAPORE 387946,5.533258263987247,6.0,4,4,3,6,12,4,2.0,1.0,0,1
SIMS URBAN OASIS,860000.0,462.85,1858.0,2025-03-01,43.0,20000.0,1.31926710475553,103.880615863782,6 SIMS DRIVE SIMS URBAN OASIS SINGAPORE 387388,5.190897370243519,6.0,3,4,0,8,9,1,2.0,1.0,1,1
PENROSE,888000.0,473.62,1875.0,2025-03-01,44.0,20182.0,1.31948983025856,103.879994891095,22 SIMS DRIVE PENROSE SINGAPORE 387396,5.166503889250989,6.0,3,4,0,8,9,1,1.0,,0,1
ASTORIA PARK,1625000.0,1173.28,1385.0,2025-03-01,109.0,14908.0,1.32177770499303,103.91225216665,34 LORONG MYDIN ASTORIA PARK SINGAPORE 416827,8.053226885077692,6.0,1,1,0,2,12,17,2.0,1.0,1,2
DAKOTA RESIDENCES,1900000.0,1022.58,1858.0,2025-03-01,95.0,20000.0,1.30637270876178,103.88708549006,34 DAKOTA CRESCENT DAKOTA RESIDENCES SINGAPORE 399936,4.7757251422267535,6.0,3,3,0,6,10,5,1.0,1.0,1,1
EUHABITAT,728000.0,527.44,1380.0,2025-03-01,49.0,14857.0,1.32795415126263,103.9070014142,196 JALAN EUNOS EUHABITAT SINGAPORE 419542,7.971961203569236,6.0,2,2,0,2,6,15,1.0,1.0,1,2
PENROSE,2280000.0,1044.11,2184.0,2025-03-01,97.0,23505.0,1.31948983025856,103.879994891095,22 SIMS DRIVE PENROSE SINGAPORE 387396,5.166503889250989,6.0,3,4,0,8,9,1,1.0,,0,1
GUILLEMARD SUITES,1180000.0,764.24,1544.0,2025-03-01,71.0,16620.0,1.31094521852726,103.882721097721,213 GUILLEMARD ROAD GUILLEMARD SUITES SINGAPORE 399733,4.691609257032653,6.0,3,4,0,8,9,3,1.0,1.0,0,1
SIMS URBAN OASIS,1825000.0,958.0,1905.0,2025-03-01,89.0,20506.0,1.31926710475553,103.880615863782,6 SIMS DRIVE SIMS URBAN OASIS SINGAPORE 387388,5.190897370243519,6.0,3,4,0,8,9,1,2.0,1.0,1,1
VACANZA @ EAST,1280000.0,807.3,1586.0,2025-03-01,75.0,17067.0,1.32901984483655,103.914196223923,36 LENGKONG TUJOH VACANZA @ EAST SINGAPORE 417391,8.680985857703446,6.0,3,1,0,2,8,12,1.0,1.0,1,2
THE TRUMPS,2100000.0,1291.68,1626.0,2025-03-01,120.0,17500.0,1.32002610262337,103.91348728953,1 JALAN KEMBANGAN THE TRUMPS SINGAPORE 419154,8.069943599460245,6.0,1,0,0,2,12,18,3.0,1.0,1,2
PARC ESTA,2476000.0,1022.58,2421.0,2025-03-01,95.0,26063.0,1.31786521916555,103.903967184717,904 SIMS AVENUE PARC ESTA SINGAPORE 408968,7.043509290403673,6.0,1,4,0,1,13,16,4.0,1.0,0,1
EUHABITAT,780000.0,538.2,1449.0,2025-03-01,50.0,15600.0,1.32795415126263,103.9070014142,196 JALAN EUNOS EUHABITAT SINGAPORE 419542,7.971961203569236,6.0,2,2,0,2,6,15,1.0,1.0,1,2
PARC ESTA,2266000.0,958.0,2365.0,2025-03-01,89.0,25461.0,1.31786521916555,103.903967184717,904 SIMS AVENUE PARC ESTA SINGAPORE 408968,7.043509290403673,6.0,1,4,0,1,13,16,1.0,1.0,0,1
WING FONG COURT,1080000.0,1065.64,1013.0,2025-03-01,99.0,10909.0,1.31173462254903,103.87881521885,10 LORONG 14 GEYLANG WING FONG COURT SINGAPORE 398922,4.435996550952671,6.0,3,4,0,10,9,1,2.0,1.0,0,1
WATERBANK AT DAKOTA,2630000.0,1431.61,1837.0,2025-03-01,133.0,19774.0,1.30647833742136,103.888537197136,76 DAKOTA CRESCENT WATERBANK AT DAKOTA SINGAPORE 399944,4.918518965685704,6.0,3,3,0,5,10,6,1.0,1.0,1,1
PARC ESTA,1680000.0,742.72,2262.0,2025-03-01,69.0,24348.0,1.31786521916555,103.903967184717,904 SIMS AVENUE PARC ESTA SINGAPORE 408968,7.043509290403673,6.0,1,4,0,1,13,16,3.0,1.0,0,1
SING LIAN BUILDING,4300000.0,6393.82,673.0,2025-03-01,594.0,7239.0,1.31835145077091,103.910978671494,390B CHANGI ROAD SING LIAN BUILDING SINGAPORE 419839,7.735432187268546,6.0,2,1,0,2,13,15,1.0,1.0,0,2
SIMS URBAN OASIS,1260000.0,667.37,1888.0,2025-03-01,62.0,20323.0,1.31926710475553,103.880615863782,6 SIMS DRIVE SIMS URBAN OASIS SINGAPORE 387388,5.190897370243519,6.0,3,4,0,8,9,1,3.0,1.0,1,1
PENROSE,3050000.0,1399.32,2180.0,2025-03-01,130.0,23462.0,1.31948983025856,103.879994891095,22 SIMS DRIVE PENROSE SINGAPORE 387396,5.166503889250989,6.0,3,4,0,8,9,1,2.0,,0,1
PARC ESTA,2300000.0,958.0,2401.0,2025-03-01,89.0,25843.0,1.31786521916555,103.903967184717,904 SIMS AVENUE PARC ESTA SINGAPORE 408968,7.043509290403673,6.0,1,4,0,1,13,16,2.0,1.0,0,1
SIMS URBAN OASIS,1165000.0,624.31,1866.0,2025-03-01,58.0,20086.0,1.31926710475553,103.880615863782,6 SIMS DRIVE SIMS URBAN OASIS SINGAPORE 387388,5.190897370243519,6.0,3,4,0,8,9,1,1.0,1.0,1,1
SIMS URBAN OASIS,1280000.0,667.37,1918.0,2025-03-01,62.0,20645.0,1.31926710475553,103.880615863782,6 SIMS DRIVE SIMS URBAN OASIS SINGAPORE 387388,5.190897370243519,6.0,3,4,0,8,9,1,3.0,1.0,1,1
PAYA LEBAR RESIDENCES,2308000.0,1280.92,1802.0,2025-03-01,119.0,19395.0,1.31752143815241,103.891475654733,27 PAYA LEBAR ROAD PAYA LEBAR RESIDENCES SINGAPORE 409042,5.904426206584732,6.0,4,4,3,4,12,4,4.0,1.0,0,1
PAVILION SQUARE,970000.0,656.6,1477.0,2025-03-01,61.0,15902.0,1.31297800060859,103.879770800217,345 GEYLANG ROAD PAVILION SQUARE SINGAPORE 389366,4.608727400946871,6.0,3,4,0,10,10,1,1.0,1.0,0,1
SIMS URBAN OASIS,1515000.0,785.77,1928.0,2025-03-01,73.0,20753.0,1.31926710475553,103.880615863782,6 SIMS DRIVE SIMS URBAN OASIS SINGAPORE 387388,5.190897370243519,6.0,3,4,0,8,9,1,3.0,1.0,1,1
PENROSE,1910000.0,958.0,1994.0,2025-03-01,89.0,21461.0,1.31948983025856,103.879994891095,22 SIMS DRIVE PENROSE SINGAPORE 387396,5.166503889250989,6.0,3,4,0,8,9,1,2.0,,0,1
PARC ESTA,1690000.0,742.72,2275.0,2025-03-01,69.0,24493.0,1.31786521916555,103.903967184717,904 SIMS AVENUE PARC ESTA SINGAPORE 408968,7.043509290403673,6.0,1,4,0,1,13,16,3.0,1.0,0,1
VACANZA @ EAST,1600000.0,1022.58,1565.0,2025-03-01,95.0,16842.0,1.32901984483655,103.914196223923,36 LENGKONG TUJOH VACANZA @ EAST SINGAPORE 417391,8.680985857703446,6.0,3,1,0,2,8,12,2.0,1.0,1,2
THE OCTET,720000.0,505.91,1423.0,2025-03-01,47.0,15319.0,1.31206999136037,103.883562422294,23 LORONG 24 GEYLANG THE OCTET SINGAPORE 398628,4.844083676929457,6.0,3,3,0,8,10,2,1.0,1.0,0,1
ASTORIA PARK,1243500.0,958.0,1298.0,2025-03-01,89.0,13972.0,1.32177770499303,103.91225216665,34 LORONG MYDIN ASTORIA PARK SINGAPORE 416827,8.053226885077692,6.0,1,1,0,2,12,17,1.0,1.0,1,2
PARC ESTA,1200000.0,527.44,2275.0,2025-03-01,49.0,24490.0,1.31786521916555,103.903967184717,904 SIMS AVENUE PARC ESTA SINGAPORE 408968,7.043509290403673,6.0,1,4,0,1,13,16,4.0,1.0,0,1
EUHABITAT,1405000.0,904.18,1554.0,2025-03-01,84.0,16726.0,1.32795415126263,103.9070014142,196 JALAN EUNOS EUHABITAT SINGAPORE 419542,7.971961203569236,6.0,2,2,0,2,6,15,1.0,1.0,1,2
GUILLEMARD EDGE,962000.0,538.2,1787.0,2025-03-01,50.0,19240.0,1.31200443744473,103.885949377155,38 LORONG 30 GEYLANG GUILLEMARD EDGE SINGAPORE 398371,5.041282413008211,6.0,4,4,1,7,11,5,1.0,1.0,0,1
EUHABITAT,740000.0,527.44,1403.0,2025-03-01,49.0,15102.0,1.32795415126263,103.9070014142,196 JALAN EUNOS EUHABITAT SINGAPORE 419542,7.971961203569236,6.0,2,2,0,2,6,15,1.0,1.0,1,2
PARC ESTA,1028000.0,452.09,2274.0,2025-03-01,42.0,24476.0,1.31786521916555,103.903967184717,904 SIMS AVENUE PARC ESTA SINGAPORE 408968,7.043509290403673,6.0,1,4,0,1,13,16,3.0,1.0,0,1
PENROSE,1588888.0,699.66,2271.0,2025-03-01,65.0,24444.0,1.31948983025856,103.879994891095,22 SIMS DRIVE PENROSE SINGAPORE 387396,5.166503889250989,6.0,3,4,0,8,9,1,4.0,,0,1
PARC ESTA,1634000.0,699.66,2335.0,2025-03-01,65.0,25138.0,1.31786521916555,103.903967184717,904 SIMS AVENUE PARC ESTA SINGAPORE 408968,7.043509290403673,6.0,1,4,0,1,13,16,4.0,1.0,0,1
PENROSE,1330000.0,645.84,2059.0,2025-03-01,60.0,22167.0,1.31948983025856,103.879994891095,22 SIMS DRIVE PENROSE SINGAPORE 387396,5.166503889250989,6.0,3,4,0,8,9,1,4.0,,0,1
PENROSE,2000000.0,958.0,2088.0,2025-03-01,89.0,22472.0,1.31948983025856,103.879994891095,22 SIMS DRIVE PENROSE SINGAPORE 387396,5.166503889250989,6.0,3,4,0,8,9,1,4.0,,0,1
PENROSE,1270000.0,645.84,1966.0,2025-03-01,60.0,21167.0,1.31948983025856,103.879994891095,22 SIMS DRIVE PENROSE SINGAPORE 387396,5.166503889250989,6.0,3,4,0,8,9,1,2.0,,0,1
THE WATERINA,1105000.0,635.08,1740.0,2025-03-01,59.0,18729.0,1.3132821071538,103.89085032363,59 LORONG 40 GEYLANG THE WATERINA SINGAPORE 398082,5.55708137380416,6.0,4,4,3,5,12,5,2.0,1.0,0,1
PARC ESTA,2220000.0,958.0,2317.0,2025-03-01,89.0,24944.0,1.31786521916555,103.903967184717,904 SIMS AVENUE PARC ESTA SINGAPORE 408968,7.043509290403673,6.0,1,4,0,1,13,16,2.0,1.0,0,1
SUNFLOWER VIEW,1300000.0,1011.82,1285.0,2025-03-01,94.0,13830.0,1.31288444198327,103.888327290325,30 LORONG 36 GEYLANG SUNFLOWER VIEW SINGAPORE 398162,5.30818701585947,6.0,5,4,3,6,11,6,1.0,1.0,0,1
ATRIUM RESIDENCES,1560000.0,968.76,1610.0,2025-03-01,90.0,17333.0,1.31372274938589,103.886156549479,532 GEYLANG ROAD ATRIUM RESIDENCES SINGAPORE 389488,5.181625591258403,6.0,5,4,2,7,11,5,2.0,1.0,0,1
TEDGE,1730000.0,990.29,1747.0,2025-03-01,92.0,18804.0,1.3180672677589,103.908811491066,328 CHANGI ROAD TEDGE SINGAPORE 419803,7.512024356099393,6.0,2,1,0,1,14,15,1.0,1.0,0,2
DAKOTA RESIDENCES,2500000.0,1291.68,1935.0,2025-03-01,120.0,20833.0,1.30637270876178,103.88708549006,34 DAKOTA CRESCENT DAKOTA RESIDENCES SINGAPORE 399936,4.7757251422267535,6.0,3,3,0,6,10,5,1.0,1.0,1,1
LA BRISA,920000.0,656.6,1401.0,2025-02-01,61.0,15082.0,1.31190419143627,103.885369365155,50 LORONG 28 GEYLANG LA BRISA SINGAPORE 398453,4.984533537431171,7.0,4,4,1,7,11,5,2.0,1.0,0,1
TROPIKA EAST,1620000.0,1184.04,1368.0,2025-02-01,110.0,14727.0,1.32886589161997,103.90719397756,3 FOO KIM LIN ROAD TROPIKA EAST SINGAPORE 419679,8.051842718239321,7.0,2,1,0,2,6,15,1.0,1.0,1,2
TREASURES@G19,700000.0,516.67,1355.0,2025-02-01,48.0,14583.0,1.3139281583716,103.87898672052,33 LORONG 19 GEYLANG TREASURES@G19 SINGAPORE 388502,4.625661126897555,7.0,3,4,0,10,9,0,2.0,1.0,0,1
# 1 LOFT,738888.0,559.73,1320.0,2025-02-01,52.0,14209.0,1.31276346405244,103.883518875617,1 LORONG 24 GEYLANG # 1 LOFT SINGAPORE 398614,4.891716160848941,7.0,3,4,0,8,9,2,2.0,1.0,0,1
SIMS URBAN OASIS,1720000.0,958.0,1795.0,2025-02-01,89.0,19326.0,1.31926710475553,103.880615863782,6 SIMS DRIVE SIMS URBAN OASIS SINGAPORE 387388,5.190897370243519,7.0,3,4,0,8,9,1,4.0,1.0,1,1
PARC ESTA,2380000.0,1033.34,2303.0,2025-02-01,96.0,24792.0,1.31786521916555,103.903967184717,904 SIMS AVENUE PARC ESTA SINGAPORE 408968,7.043509290403673,7.0,1,4,0,1,13,16,2.0,1.0,0,1
SIMS URBAN OASIS,2060000.0,1184.04,1740.0,2025-02-01,110.0,18727.0,1.31926710475553,103.880615863782,6 SIMS DRIVE SIMS URBAN OASIS SINGAPORE 387388,5.190897370243519,7.0,3,4,0,8,9,1,4.0,1.0,1,1
WATERBANK AT DAKOTA,843888.0,484.38,1742.0,2025-02-01,45.0,18753.0,1.30647833742136,103.888537197136,76 DAKOTA CRESCENT WATERBANK AT DAKOTA SINGAPORE 399944,4.918518965685704,7.0,3,3,0,5,10,6,2.0,1.0,1,1
PENROSE,2414598.0,1054.87,2289.0,2025-02-01,98.0,24639.0,1.31948983025856,103.879994891095,22 SIMS DRIVE PENROSE SINGAPORE 387396,5.166503889250989,7.0,3,4,0,8,9,1,4.0,,0,1
LE REVE,1350000.0,807.3,1672.0,2025-02-01,75.0,18000.0,1.31868241486572,103.90610166475,27 KAMPONG EUNOS LE REVE SINGAPORE 417783,7.2919762495069005,7.0,2,2,0,1,13,14,1.0,1.0,1,2
PENROSE,1730000.0,807.3,2143.0,2025-02-01,75.0,23067.0,1.31948983025856,103.879994891095,22 SIMS DRIVE PENROSE SINGAPORE 387396,5.166503889250989,7.0,3,4,0,8,9,1,1.0,,0,1
THE ANTARES,1930000.0,882.65,2187.0,2025-02-01,82.0,23537.0,1.32541778538724,103.883403765337,23 MATTAR ROAD THE ANTARES SINGAPORE 387730,5.916441166611573,7.0,4,4,0,8,9,4,2.0,1.0,0,1
SUITES @ SIMS,1100888.0,818.06,1346.0,2025-02-01,76.0,14485.0,1.3157472607643,103.887188203157,468 SIMS AVENUE SUITES @ SIMS SINGAPORE 387544,5.415897782797746,7.0,4,6,3,7,11,4,1.0,1.0,0,1
KEMBANGAN SUITES,925000.0,538.2,1719.0,2025-02-01,50.0,18500.0,1.32015257058639,103.912727083961,16 JALAN MASJID KEMBANGAN SUITES SINGAPORE 418941,8.00431940901614,7.0,1,1,0,2,12,18,1.0,1.0,0,2
SUNFLOWER RESIDENCE,1225000.0,979.52,1251.0,2025-02-01,91.0,13462.0,1.31241326518363,103.887148121308,45 LORONG 32 GEYLANG SUNFLOWER RESIDENCE SINGAPORE 398305,5.173213893378579,7.0,5,4,2,7,11,5,2.0,1.0,0,1
SIMS URBAN OASIS,1900000.0,1022.58,1858.0,2025-02-01,95.0,20000.0,1.31926710475553,103.880615863782,6 SIMS DRIVE SIMS URBAN OASIS SINGAPORE 387388,5.190897370243519,7.0,3,4,0,8,9,1,2.0,1.0,1,1
D'WEAVE,688000.0,398.27,1727.0,2025-02-01,37.0,18595.0,1.31554107907724,103.890458266408,5 LORONG 39 GEYLANG D'WEAVE SINGAPORE 387866,5.67725259584862,7.0,4,4,3,5,13,4,1.0,1.0,0,1
PARC ESTA,1680000.0,742.72,2262.0,2025-02-01,69.0,24348.0,1.31786521916555,103.903967184717,904 SIMS AVENUE PARC ESTA SINGAPORE 408968,7.043509290403673,7.0,1,4,0,1,13,16,4.0,1.0,0,1
EUHABITAT,755000.0,538.2,1403.0,2025-02-01,50.0,15100.0,1.32795415126263,103.9070014142,196 JALAN EUNOS EUHABITAT SINGAPORE 419542,7.971961203569236,7.0,2,2,0,2,6,15,1.0,1.0,1,2
PARK PLACE RESIDENCES AT PLQ,1465000.0,645.84,2268.0,2025-02-01,60.0,24417.0,1.31583675363618,103.892746648427,2 PAYA LEBAR ROAD PARK PLACE RESIDENCES AT PLQ SINGAPORE 409053,5.896537427358871,7.0,3,3,3,4,12,6,2.0,1.0,0,1
PARC ESTA,1670000.0,742.72,2249.0,2025-02-01,69.0,24203.0,1.31786521916555,103.903967184717,904 SIMS AVENUE PARC ESTA SINGAPORE 408968,7.043509290403673,7.0,1,4,0,1,13,16,3.0,1.0,0,1
PARC ESTA,918000.0,419.8,2187.0,2025-02-01,39.0,23538.0,1.31786521916555,103.903967184717,904 SIMS AVENUE PARC ESTA SINGAPORE 408968,7.043509290403673,7.0,1,4,0,1,13,16,4.0,1.0,0,1
EUHABITAT,1700000.0,1140.98,1490.0,2025-02-01,106.0,16038.0,1.32795415126263,103.9070014142,196 JALAN EUNOS EUHABITAT SINGAPORE 419542,7.971961203569236,7.0,2,2,0,2,6,15,1.0,1.0,1,2
PARC ESTA,1688000.0,742.72,2273.0,2025-02-01,69.0,24464.0,1.31786521916555,103.903967184717,904 SIMS AVENUE PARC ESTA SINGAPORE 408968,7.043509290403673,7.0,1,4,0,1,13,16,3.0,1.0,0,1
THE ALCOVE,1575000.0,1356.26,1161.0,2025-02-01,126.0,12500.0,1.31400655260741,103.884015328938,10 LORONG 27 GEYLANG THE ALCOVE SINGAPORE 388199,5.025483913717779,7.0,4,4,0,8,9,4,1.0,1.0,0,1
WATERBANK AT DAKOTA,1770000.0,1087.16,1628.0,2025-02-01,101.0,17525.0,1.30647833742136,103.888537197136,76 DAKOTA CRESCENT WATERBANK AT DAKOTA SINGAPORE 399944,4.918518965685704,7.0,3,3,0,5,10,6,1.0,1.0,1,1
SIMS URBAN OASIS,892000.0,462.85,1927.0,2025-02-01,43.0,20744.0,1.31926710475553,103.880615863782,6 SIMS DRIVE SIMS URBAN OASIS SINGAPORE 387388,5.190897370243519,7.0,3,4,0,8,9,1,3.0,1.0,1,1
PENROSE,1585000.0,710.42,2231.0,2025-02-01,66.0,24015.0,1.31948983025856,103.879994891095,22 SIMS DRIVE PENROSE SINGAPORE 387396,5.166503889250989,7.0,3,4,0,8,9,1,3.0,,0,1
VACANZA @ EAST,1560000.0,1022.58,1526.0,2025-02-01,95.0,16421.0,1.32901984483655,103.914196223923,36 LENGKONG TUJOH VACANZA @ EAST SINGAPORE 417391,8.680985857703446,7.0,3,1,0,2,8,12,1.0,1.0,1,2
CENTRA SUITES,735000.0,441.32,1665.0,2025-02-01,41.0,17927.0,1.31465166781856,103.883288149427,38 LORONG 25A GEYLANG CENTRA SUITES SINGAPORE 388242,5.016128952160774,7.0,3,4,0,8,9,3,1.0,1.0,0,1
STARVILLE,1678000.0,1237.86,1356.0,2025-02-01,115.0,14591.0,1.32826483616522,103.912067534158,66 LENGKONG TIGA STARVILLE SINGAPORE 417471,8.44041551036464,7.0,3,1,0,2,7,15,2.0,1.0,1,2
# 1 SUITES,705000.0,581.26,1213.0,2025-02-01,54.0,13056.0,1.31239029325188,103.881504147527,1 LORONG 20 GEYLANG # 1 SUITES SINGAPORE 398721,4.699608709809529,7.0,3,3,0,8,9,2,2.0,1.0,0,1
EUHABITAT,728000.0,516.67,1409.0,2025-02-01,48.0,15167.0,1.32795415126263,103.9070014142,196 JALAN EUNOS EUHABITAT SINGAPORE 419542,7.971961203569236,7.0,2,2,0,2,6,15,1.0,1.0,1,2
DAKOTA RESIDENCES,2720000.0,1743.77,1560.0,2025-02-01,162.0,16790.0,1.30637270876178,103.88708549006,34 DAKOTA CRESCENT DAKOTA RESIDENCES SINGAPORE 399936,4.7757251422267535,7.0,3,3,0,6,10,5,1.0,1.0,1,1
SUITES @ SIMS,680000.0,355.21,1914.0,2025-02-01,33.0,20606.0,1.3157472607643,103.887188203157,468 SIMS AVENUE SUITES @ SIMS SINGAPORE 387544,5.415897782797746,7.0,4,6,3,7,11,4,1.0,1.0,0,1
STARVILLE,1620000.0,1216.33,1332.0,2025-02-01,113.0,14336.0,1.32826483616522,103.912067534158,66 LENGKONG TIGA STARVILLE SINGAPORE 417471,8.44041551036464,7.0,3,1,0,2,7,15,2.0,1.0,1,2
PENROSE,2300000.0,1044.11,2203.0,2025-02-01,97.0,23711.0,1.31948983025856,103.879994891095,22 SIMS DRIVE PENROSE SINGAPORE 387396,5.166503889250989,7.0,3,4,0,8,9,1,1.0,,0,1
PENROSE,1840000.0,958.0,1921.0,2025-02-01,89.0,20674.0,1.31948983025856,103.879994891095,22 SIMS DRIVE PENROSE SINGAPORE 387396,5.166503889250989,7.0,3,4,0,8,9,1,3.0,,0,1
PARC ESTA,1418000.0,635.08,2233.0,2025-02-01,59.0,24034.0,1.31786521916555,103.903967184717,904 SIMS AVENUE PARC ESTA SINGAPORE 408968,7.043509290403673,7.0,1,4,0,1,13,16,2.0,1.0,0,1
PARC ESTA,1910000.0,828.83,2304.0,2025-02-01,77.0,24805.0,1.31786521916555,103.903967184717,904 SIMS AVENUE PARC ESTA SINGAPORE 408968,7.043509290403673,7.0,1,4,0,1,13,16,3.0,1.0,0,1
GRANDVIEW SUITES,590000.0,409.03,1442.0,2025-02-01,38.0,15526.0,1.31277604580511,103.882455638462,1 LORONG 22 GEYLANG GRANDVIEW SUITES SINGAPORE 398664,4.805784944271149,7.0,3,3,0,8,9,2,1.0,1.0,0,1
SIMS URBAN OASIS,1950000.0,958.0,2035.0,2025-02-01,89.0,21910.0,1.31926710475553,103.880615863782,6 SIMS DRIVE SIMS URBAN OASIS SINGAPORE 387388,5.190897370243519,7.0,3,4,0,8,9,1,3.0,1.0,1,1
PENROSE,2418888.0,1054.87,2293.0,2025-02-01,98.0,24683.0,1.31948983025856,103.879994891095,22 SIMS DRIVE PENROSE SINGAPORE 387396,5.166503889250989,7.0,3,4,0,8,9,1,1.0,,0,1
PARC ESTA,2100000.0,925.7,2269.0,2025-02-01,86.0,24419.0,1.31786521916555,103.903967184717,904 SIMS AVENUE PARC ESTA SINGAPORE 408968,7.043509290403673,7.0,1,4,0,1,13,16,1.0,1.0,0,1
PARC ESTA,2260000.0,1011.82,2234.0,2025-02-01,94.0,24043.0,1.31786521916555,103.903967184717,904 SIMS AVENUE PARC ESTA SINGAPORE 408968,7.043509290403673,7.0,1,4,0,1,13,16,4.0,1.0,0,1
MELOSA,675000.0,430.56,1568.0,2025-02-01,40.0,16875.0,1.31253733235708,103.885402784916,28 LORONG 28 GEYLANG MELOSA SINGAPORE 398432,5.032539138387234,7.0,4,4,1,7,11,4,1.0,1.0,0,1
SIMS URBAN OASIS,808888.0,409.03,1978.0,2025-02-01,38.0,21287.0,1.31926710475553,103.880615863782,6 SIMS DRIVE SIMS URBAN OASIS SINGAPORE 387388,5.190897370243519,7.0,3,4,0,8,9,1,2.0,1.0,1,1
EUHABITAT,750000.0,548.96,1366.0,2025-02-01,51.0,14706.0,1.32795415126263,103.9070014142,196 JALAN EUNOS EUHABITAT SINGAPORE 419542,7.971961203569236,7.0,2,2,0,2,6,15,1.0,1.0,1,2
DENG FU VILLE,1835000.0,1130.22,1624.0,2025-02-01,105.0,17476.0,1.31907103004917,103.906727650036,30 KAMPONG EUNOS DENG FU VILLE SINGAPORE 417777,7.373814325731649,7.0,2,2,0,1,13,14,1.0,1.0,0,2
TRE RESIDENCES,1728888.0,947.23,1825.0,2025-02-01,88.0,19646.0,1.3172278261209,103.885015905304,9 GEYLANG EAST AVENUE 1 TRE RESIDENCES SINGAPORE 389783,5.353082321074245,7.0,3,3,2,8,9,3,1.0,1.0,1,1
PENROSE,1580000.0,699.66,2258.0,2025-02-01,65.0,24308.0,1.31948983025856,103.879994891095,22 SIMS DRIVE PENROSE SINGAPORE 387396,5.166503889250989,7.0,3,4,0,8,9,1,2.0,,0,1
PENROSE,918000.0,473.62,1938.0,2025-02-01,44.0,20864.0,1.31948983025856,103.879994891095,22 SIMS DRIVE PENROSE SINGAPORE 387396,5.166503889250989,7.0,3,4,0,8,9,1,2.0,,0,1
PENROSE,970888.0,473.62,2050.0,2025-02-01,44.0,22066.0,1.31948983025856,103.879994891095,22 SIMS DRIVE PENROSE SINGAPORE 387396,5.166503889250989,7.0,3,4,0,8,9,1,4.0,,0,1
SIMS URBAN OASIS,1250000.0,710.42,1760.0,2025-02-01,66.0,18939.0,1.31926710475553,103.880615863782,6 SIMS DRIVE SIMS URBAN OASIS SINGAPORE 387388,5.190897370243519,7.0,3,4,0,8,9,1,2.0,1.0,1,1
PENROSE,2550000.0,1184.04,2154.0,2025-02-01,110.0,23182.0,1.31948983025856,103.879994891095,22 SIMS DRIVE PENROSE SINGAPORE 387396,5.166503889250989,7.0,3,4,0,8,9,1,2.0,,0,1
ASTORIA PARK,1310000.0,958.0,1367.0,2025-02-01,89.0,14719.0,1.32177770499303,103.91225216665,34 LORONG MYDIN ASTORIA PARK SINGAPORE 416827,8.053226885077692,7.0,1,1,0,2,12,17,3.0,1.0,1,2
TORIEVIEW MANSIONS,3200000.0,2271.2,1409.0,2025-02-01,211.0,15166.0,1.31458206613494,103.886280315206,10 LORONG 29 GEYLANG TORIEVIEW MANSIONS SINGAPORE 388066,5.254696051517615,7.0,4,4,2,7,11,4,1.0,1.0,0,1
TRE RESIDENCES,1555000.0,861.12,1806.0,2025-02-01,80.0,19438.0,1.3172278261209,103.885015905304,9 GEYLANG EAST AVENUE 1 TRE RESIDENCES SINGAPORE 389783,5.353082321074245,7.0,3,3,2,8,9,3,1.0,1.0,1,1
SUITES @ EUNOS,668888.0,365.98,1828.0,2025-02-01,34.0,19673.0,1.3205334041426,103.905772422058,1 JALAN YASIN SUITES @ EUNOS SINGAPORE 417958,7.374403827770043,7.0,2,2,0,1,10,12,1.0,1.0,0,2
SIMS URBAN OASIS,1730000.0,958.0,1806.0,2025-02-01,89.0,19438.0,1.31926710475553,103.880615863782,6 SIMS DRIVE SIMS URBAN OASIS SINGAPORE 387388,5.190897370243519,7.0,3,4,0,8,9,1,4.0,1.0,1,1
VACANZA @ EAST,1215000.0,882.65,1377.0,2025-02-01,82.0,14817.0,1.32901984483655,103.914196223923,36 LENGKONG TUJOH VACANZA @ EAST SINGAPORE 417391,8.680985857703446,7.0,3,1,0,2,8,12,1.0,1.0,1,2
PARC ESTA,1358888.0,635.08,2140.0,2025-02-01,59.0,23032.0,1.31786521916555,103.903967184717,904 SIMS AVENUE PARC ESTA SINGAPORE 408968,7.043509290403673,7.0,1,4,0,1,13,16,1.0,1.0,0,1
PRIME RESIDENCE,602888.0,398.27,1514.0,2025-02-01,37.0,16294.0,1.31118981428433,103.882466535926,41 LORONG 22 GEYLANG PRIME RESIDENCE SINGAPORE 398697,4.688267126786674,7.0,3,4,0,8,9,2,1.0,1.0,0,1
GUILLEMARD EDGE,1100000.0,602.78,1825.0,2025-02-01,56.0,19643.0,1.31200443744473,103.885949377155,38 LORONG 30 GEYLANG GUILLEMARD EDGE SINGAPORE 398371,5.041282413008211,7.0,4,4,1,7,11,5,1.0,1.0,0,1
GUILLEMARD SUITES,760000.0,516.67,1471.0,2025-02-01,48.0,15833.0,1.31094521852726,103.882721097721,213 GUILLEMARD ROAD GUILLEMARD SUITES SINGAPORE 399733,4.691609257032653,7.0,3,4,0,8,9,3,1.0,1.0,0,1
EUHABITAT,765000.0,559.73,1367.0,2025-02-01,52.0,14712.0,1.32795415126263,103.9070014142,196 JALAN EUNOS EUHABITAT SINGAPORE 419542,7.971961203569236,7.0,2,2,0,2,6,15,1.0,1.0,1,2
WATERBANK AT DAKOTA,2000000.0,882.65,2266.0,2025-02-01,82.0,24390.0,1.30647833742136,103.888537197136,76 DAKOTA CRESCENT WATERBANK AT DAKOTA SINGAPORE 399944,4.918518965685704,7.0,3,3,0,5,10,6,3.0,1.0,1,1
THE ANTARES,2148000.0,1022.58,2101.0,2025-02-01,95.0,22611.0,1.32541778538724,103.883403765337,23 MATTAR ROAD THE ANTARES SINGAPORE 387730,5.916441166611573,7.0,4,4,0,8,9,4,4.0,1.0,0,1
PENROSE,1550000.0,710.42,2182.0,2025-02-01,66.0,23485.0,1.31948983025856,103.879994891095,22 SIMS DRIVE PENROSE SINGAPORE 387396,5.166503889250989,7.0,3,4,0,8,9,1,2.0,,0,1
CENTRA LOFT,800000.0,645.84,1239.0,2025-02-01,60.0,13333.0,1.31481743950624,103.888376977987,3 LORONG 35 GEYLANG CENTRA LOFT SINGAPORE 387935,5.44803594028427,7.0,4,4,3,7,11,4,1.0,1.0,0,1
WINDY HEIGHTS,3100000.0,2475.72,1252.0,2025-02-01,230.0,13478.0,1.32664204297673,103.910617408664,84 JALAN DAUD WINDY HEIGHTS SINGAPORE 419593,8.204206295506795,7.0,2,2,0,2,7,16,2.0,1.0,1,2
TEDGE,2080000.0,1108.69,1876.0,2025-02-01,103.0,20194.0,1.3180672677589,103.908811491066,328 CHANGI ROAD TEDGE SINGAPORE 419803,7.512024356099393,7.0,2,1,0,1,14,15,1.0,1.0,0,2
GUILLEMARD SUITES,868000.0,559.73,1551.0,2025-02-01,52.0,16692.0,1.31094521852726,103.882721097721,213 GUILLEMARD ROAD GUILLEMARD SUITES SINGAPORE 399733,4.691609257032653,7.0,3,4,0,8,9,3,1.0,1.0,0,1
PENROSE,2160000.0,1044.11,2069.0,2025-01-01,97.0,22268.0,1.31948983025856,103.879994891095,22 SIMS DRIVE PENROSE SINGAPORE 387396,5.166503889250989,8.0,3,4,0,8,9,1,1.0,,0,1
PARC ESTA,2120000.0,914.94,2317.0,2025-01-01,85.0,24941.0,1.31786521916555,103.903967184717,904 SIMS AVENUE PARC ESTA SINGAPORE 408968,7.043509290403673,8.0,1,4,0,1,13,16,1.0,1.0,0,1
PARC ESTA,1738000.0,839.59,2070.0,2025-01-01,78.0,22282.0,1.31786521916555,103.903967184717,904 SIMS AVENUE PARC ESTA SINGAPORE 408968,7.043509290403673,8.0,1,4,0,1,13,16,1.0,1.0,0,1
SIMS URBAN OASIS,1860000.0,958.0,1942.0,2025-01-01,89.0,20899.0,1.31926710475553,103.880615863782,6 SIMS DRIVE SIMS URBAN OASIS SINGAPORE 387388,5.190897370243519,8.0,3,4,0,8,9,1,3.0,1.0,1,1
TORIEVIEW MANSIONS,2900000.0,2249.68,1289.0,2025-01-01,209.0,13876.0,1.31458206613494,103.886280315206,10 LORONG 29 GEYLANG TORIEVIEW MANSIONS SINGAPORE 388066,5.254696051517615,8.0,4,4,2,7,11,4,1.0,1.0,0,1
SIMS URBAN OASIS,1820000.0,958.0,1900.0,2025-01-01,89.0,20449.0,1.31926710475553,103.880615863782,6 SIMS DRIVE SIMS URBAN OASIS SINGAPORE 387388,5.190897370243519,8.0,3,4,0,8,9,1,2.0,1.0,1,1
PARC ESTA,1468000.0,635.08,2312.0,2025-01-01,59.0,24881.0,1.31786521916555,103.903967184717,904 SIMS AVENUE PARC ESTA SINGAPORE 408968,7.043509290403673,8.0,1,4,0,1,13,16,3.0,1.0,0,1
PARC ESTA,2225000.0,925.7,2404.0,2025-01-01,86.0,25872.0,1.31786521916555,103.903967184717,904 SIMS AVENUE PARC ESTA SINGAPORE 408968,7.043509290403673,8.0,1,4,0,1,13,16,2.0,1.0,0,1
SIMS URBAN OASIS,1180000.0,624.31,1890.0,2025-01-01,58.0,20345.0,1.31926710475553,103.880615863782,6 SIMS DRIVE SIMS URBAN OASIS SINGAPORE 387388,5.190897370243519,8.0,3,4,0,8,9,1,2.0,1.0,1,1
PARK PLACE RESIDENCES AT PLQ,1520000.0,667.37,2278.0,2025-01-01,62.0,24516.0,1.31583675363618,103.892746648427,2 PAYA LEBAR ROAD PARK PLACE RESIDENCES AT PLQ SINGAPORE 409053,5.896537427358871,8.0,3,3,3,4,12,6,3.0,1.0,0,1
PARK PLACE RESIDENCES AT PLQ,1110000.0,484.38,2292.0,2025-01-01,45.0,24667.0,1.31583675363618,103.892746648427,2 PAYA LEBAR ROAD PARK PLACE RESIDENCES AT PLQ SINGAPORE 409053,5.896537427358871,8.0,3,3,3,4,12,6,3.0,1.0,0,1
SIMSVILLE,1735000.0,1237.86,1402.0,2025-01-01,115.0,15087.0,1.31703114737635,103.890499582849,2 GEYLANG EAST AVENUE 2 SIMSVILLE SINGAPORE 389754,5.786575389274496,8.0,4,4,3,6,12,4,2.0,1.0,1,1
PAVILION SQUARE,618000.0,398.27,1552.0,2025-01-01,37.0,16703.0,1.31297800060859,103.879770800217,345 GEYLANG ROAD PAVILION SQUARE SINGAPORE 389366,4.608727400946871,8.0,3,4,0,10,10,1,1.0,1.0,0,1
SIMS EDGE,870000.0,473.62,1837.0,2025-01-01,44.0,19773.0,1.31640485669867,103.887906763671,1 GEYLANG EAST AVENUE 2 SIMS EDGE SINGAPORE 389760,5.523980705206435,8.0,4,5,3,7,12,4,2.0,1.0,0,1
PARC ESTA,1180000.0,516.67,2284.0,2025-01-01,48.0,24583.0,1.31786521916555,103.903967184717,904 SIMS AVENUE PARC ESTA SINGAPORE 408968,7.043509290403673,8.0,1,4,0,1,13,16,4.0,1.0,0,1
PARC ESTA,1708888.0,742.72,2301.0,2025-01-01,69.0,24766.0,1.31786521916555,103.903967184717,904 SIMS AVENUE PARC ESTA SINGAPORE 408968,7.043509290403673,8.0,1,4,0,1,13,16,4.0,1.0,0,1
PENROSE,1960000.0,947.23,2069.0,2025-01-01,88.0,22273.0,1.31948983025856,103.879994891095,22 SIMS DRIVE PENROSE SINGAPORE 387396,5.166503889250989,8.0,3,4,0,8,9,1,2.0,,0,1
WATERBANK AT DAKOTA,2550000.0,1140.98,2235.0,2025-01-01,106.0,24057.0,1.30647833742136,103.888537197136,76 DAKOTA CRESCENT WATERBANK AT DAKOTA SINGAPORE 399944,4.918518965685704,8.0,3,3,0,5,10,6,3.0,1.0,1,1
SIMS URBAN OASIS,1788000.0,958.0,1866.0,2025-01-01,89.0,20090.0,1.31926710475553,103.880615863782,6 SIMS DRIVE SIMS URBAN OASIS SINGAPORE 387388,5.190897370243519,8.0,3,4,0,8,9,1,1.0,1.0,1,1
PARC ESTA,1608000.0,699.66,2298.0,2025-01-01,65.0,24738.0,1.31786521916555,103.903967184717,904 SIMS AVENUE PARC ESTA SINGAPORE 408968,7.043509290403673,8.0,1,4,0,1,13,16,1.0,1.0,0,1
D'OASIA,1650000.0,1097.93,1503.0,2025-01-01,102.0,16176.0,1.31966969295307,103.910261197479,11 LORONG MELAYU D'OASIA SINGAPORE 416905,7.741970201225104,8.0,2,1,0,2,13,14,1.0,1.0,0,2
D'OASIA,1300000.0,861.12,1510.0,2025-01-01,80.0,16250.0,1.31966969295307,103.910261197479,11 LORONG MELAYU D'OASIA SINGAPORE 416905,7.741970201225104,8.0,2,1,0,2,13,14,1.0,1.0,0,2
PARC ESTA,2400000.0,1001.05,2397.0,2025-01-01,93.0,25806.0,1.31786521916555,103.903967184717,904 SIMS AVENUE PARC ESTA SINGAPORE 408968,7.043509290403673,8.0,1,4,0,1,13,16,2.0,1.0,0,1
VACANZA @ EAST,1260000.0,807.3,1561.0,2025-01-01,75.0,16800.0,1.32901984483655,103.914196223923,36 LENGKONG TUJOH VACANZA @ EAST SINGAPORE 417391,8.680985857703446,8.0,3,1,0,2,8,12,1.0,1.0,1,2
VACANZA @ EAST,1477500.0,1022.58,1445.0,2025-01-01,95.0,15553.0,1.32901984483655,103.914196223923,36 LENGKONG TUJOH VACANZA @ EAST SINGAPORE 417391,8.680985857703446,8.0,3,1,0,2,8,12,1.0,1.0,1,2
THE SUNNY SPRING,2000000.0,1194.8,1674.0,2025-01-01,111.0,18018.0,1.31219203070087,103.889464697147,50 LORONG 40 GEYLANG THE SUNNY SPRING SINGAPORE 398074,5.3613842782215055,8.0,4,4,3,6,11,5,1.0,1.0,0,1
TRE RESIDENCES,1630000.0,861.12,1893.0,2025-01-01,80.0,20375.0,1.3172278261209,103.885015905304,9 GEYLANG EAST AVENUE 1 TRE RESIDENCES SINGAPORE 389783,5.353082321074245,8.0,3,3,2,8,9,3,4.0,1.0,1,1
SIMS URBAN OASIS,1920000.0,1184.04,1622.0,2025-01-01,110.0,17455.0,1.31926710475553,103.880615863782,6 SIMS DRIVE SIMS URBAN OASIS SINGAPORE 387388,5.190897370243519,8.0,3,4,0,8,9,1,4.0,1.0,1,1
PENROSE,2820000.0,1388.56,2031.0,2025-01-01,129.0,21860.0,1.31948983025856,103.879994891095,22 SIMS DRIVE PENROSE SINGAPORE 387396,5.166503889250989,8.0,3,4,0,8,9,1,2.0,,0,1
DAKOTA RESIDENCES,1910000.0,1022.58,1868.0,2025-01-01,95.0,20105.0,1.30637270876178,103.88708549006,34 DAKOTA CRESCENT DAKOTA RESIDENCES SINGAPORE 399936,4.7757251422267535,8.0,3,3,0,6,10,5,2.0,1.0,1,1
THE CENTREN,900000.0,548.96,1639.0,2025-01-01,51.0,17647.0,1.3139398304258,103.883560951253,1 LORONG 27 GEYLANG THE CENTREN SINGAPORE 388153,4.983563349553069,8.0,3,4,0,8,9,4,1.0,1.0,0,1
PARC ESTA,2165000.0,925.7,2339.0,2025-01-01,86.0,25174.0,1.31786521916555,103.903967184717,904 SIMS AVENUE PARC ESTA SINGAPORE 408968,7.043509290403673,8.0,1,4,0,1,13,16,1.0,1.0,0,1
PARK PLACE RESIDENCES AT PLQ,2450000.0,1087.16,2254.0,2025-01-01,101.0,24257.0,1.31583675363618,103.892746648427,2 PAYA LEBAR ROAD PARK PLACE RESIDENCES AT PLQ SINGAPORE 409053,5.896537427358871,8.0,3,3,3,4,12,6,2.0,1.0,0,1
STARVILLE,1728000.0,1302.44,1327.0,2025-01-01,121.0,14281.0,1.32826483616522,103.912067534158,66 LENGKONG TIGA STARVILLE SINGAPORE 417471,8.44041551036464,8.0,3,1,0,2,7,15,1.0,1.0,1,2
PARK PLACE RESIDENCES AT PLQ,1450000.0,645.84,2245.0,2025-01-01,60.0,24167.0,1.31583675363618,103.892746648427,2 PAYA LEBAR ROAD PARK PLACE RESIDENCES AT PLQ SINGAPORE 409053,5.896537427358871,8.0,3,3,3,4,12,6,3.0,1.0,0,1
ZYANYA,2407900.0,1194.8,2015.0,2025-01-01,111.0,21693.0,1.31392103072017,103.883276357397,8 LORONG 25A GEYLANG ZYANYA SINGAPORE 388222,4.959147064738651,8.0,3,4,0,8,9,3,2.0,0.0,0,1
CENTRA STUDIOS,648000.0,409.03,1584.0,2025-01-01,38.0,17053.0,1.31444000148435,103.882324003158,25 LORONG 25 GEYLANG CENTRA STUDIOS SINGAPORE 388302,4.923274977554681,8.0,3,4,0,8,9,2,2.0,1.0,0,1
GRANDLINK SQUARE,1650000.0,1227.1,1345.0,2025-01-01,114.0,14474.0,1.3141912983094,103.891500511011,511 GUILLEMARD ROAD GRANDLINK SQUARE SINGAPORE 399849,5.67552490483051,8.0,4,4,3,5,13,6,2.0,1.0,0,1
PARC ESTA,2000000.0,914.94,2186.0,2025-01-01,85.0,23529.0,1.31786521916555,103.903967184717,904 SIMS AVENUE PARC ESTA SINGAPORE 408968,7.043509290403673,8.0,1,4,0,1,13,16,1.0,1.0,0,1
WATERBANK AT DAKOTA,2350000.0,1184.04,1985.0,2025-01-01,110.0,21364.0,1.30647833742136,103.888537197136,76 DAKOTA CRESCENT WATERBANK AT DAKOTA SINGAPORE 399944,4.918518965685704,8.0,3,3,0,5,10,6,3.0,1.0,1,1
THE WATER EDGE,700000.0,387.5,1806.0,2025-01-01,36.0,19444.0,1.31372105189031,103.888759579471,8 LORONG 38 GEYLANG THE WATER EDGE SINGAPORE 398106,5.4035924754809175,8.0,4,4,3,6,11,4,1.0,1.0,0,1
PENROSE,1295000.0,645.84,2005.0,2025-01-01,60.0,21583.0,1.31948983025856,103.879994891095,22 SIMS DRIVE PENROSE SINGAPORE 387396,5.166503889250989,8.0,3,4,0,8,9,1,3.0,,0,1
PARC ESTA,1010000.0,452.09,2234.0,2025-01-01,42.0,24048.0,1.31786521916555,103.903967184717,904 SIMS AVENUE PARC ESTA SINGAPORE 408968,7.043509290403673,8.0,1,4,0,1,13,16,4.0,1.0,0,1
MORO MANSIONS,1579000.0,1205.57,1310.0,2025-01-01,112.0,14098.0,1.31528810526081,103.889430101654,3 LORONG 37 GEYLANG MORO MANSIONS SINGAPORE 387901,5.571248132610593,8.0,4,4,3,6,13,4,1.0,1.0,0,1
NOMA,850000.0,462.85,1836.0,2025-01-01,43.0,19767.0,1.31161656190118,103.885373542152,333 GUILLEMARD ROAD NOMA SINGAPORE 399758,4.964558828553237,8.0,3,3,1,7,11,5,1.0,1.0,0,1
SIMS URBAN OASIS,800000.0,409.03,1956.0,2025-01-01,38.0,21053.0,1.31926710475553,103.880615863782,6 SIMS DRIVE SIMS URBAN OASIS SINGAPORE 387388,5.190897370243519,8.0,3,4,0,8,9,1,2.0,1.0,1,1
SIMS URBAN OASIS,860000.0,462.85,1858.0,2025-01-01,43.0,20000.0,1.31926710475553,103.880615863782,6 SIMS DRIVE SIMS URBAN OASIS SINGAPORE 387388,5.190897370243519,8.0,3,4,0,8,9,1,1.0,1.0,1,1
PARC ESTA,1690000.0,742.72,2275.0,2025-01-01,69.0,24493.0,1.31786521916555,103.903967184717,904 SIMS AVENUE PARC ESTA SINGAPORE 408968,7.043509290403673,8.0,1,4,0,1,13,16,4.0,1.0,0,1
PARC ESTA,995000.0,452.09,2201.0,2025-01-01,42.0,23690.0,1.31786521916555,103.903967184717,904 SIMS AVENUE PARC ESTA SINGAPORE 408968,7.043509290403673,8.0,1,4,0,1,13,16,2.0,1.0,0,1
PARC ESTA,2380000.0,1001.05,2377.0,2025-01-01,93.0,25591.0,1.31786521916555,103.903967184717,904 SIMS AVENUE PARC ESTA SINGAPORE 408968,7.043509290403673,8.0,1,4,0,1,13,16,2.0,1.0,0,1
SIMS URBAN OASIS,1800000.0,1130.22,1593.0,2025-01-01,105.0,17143.0,1.31926710475553,103.880615863782,6 SIMS DRIVE SIMS URBAN OASIS SINGAPORE 387388,5.190897370243519,8.0,3,4,0,8,9,1,4.0,1.0,1,1
STARVILLE,1670000.0,1216.33,1373.0,2025-01-01,113.0,14779.0,1.32826483616522,103.912067534158,66 LENGKONG TIGA STARVILLE SINGAPORE 417471,8.44041551036464,8.0,3,1,0,2,7,15,2.0,1.0,1,2
CENTRAL GROVE,1760000.0,1184.04,1486.0,2025-01-01,110.0,16000.0,1.31623494982413,103.884417981377,3 GEYLANG EAST AVENUE 1 CENTRAL GROVE SINGAPORE 389779,5.228491443172765,8.0,4,5,1,8,9,3,3.0,1.0,1,1
PENROSE,3100000.0,1388.56,2233.0,2025-01-01,129.0,24031.0,1.31948983025856,103.879994891095,22 SIMS DRIVE PENROSE SINGAPORE 387396,5.166503889250989,8.0,3,4,0,8,9,1,2.0,,0,1
EUHABITAT,940000.0,635.08,1480.0,2025-01-01,59.0,15932.0,1.32795415126263,103.9070014142,196 JALAN EUNOS EUHABITAT SINGAPORE 419542,7.971961203569236,8.0,2,2,0,2,6,15,1.0,1.0,1,2
DAKOTA RESIDENCES,1830000.0,1097.93,1667.0,2025-01-01,102.0,17941.0,1.30637270876178,103.88708549006,34 DAKOTA CRESCENT DAKOTA RESIDENCES SINGAPORE 399936,4.7757251422267535,8.0,3,3,0,6,10,5,1.0,1.0,1,1
PENROSE,2088888.0,936.47,2231.0,2025-01-01,87.0,24010.0,1.31948983025856,103.879994891095,22 SIMS DRIVE PENROSE SINGAPORE 387396,5.166503889250989,8.0,3,4,0,8,9,1,3.0,,0,1
THE LENOX,760000.0,430.56,1765.0,2025-01-01,40.0,19000.0,1.31824376273926,103.911351165333,396 CHANGI ROAD THE LENOX SINGAPORE 415899,7.765250446888848,8.0,2,1,0,2,13,15,1.0,1.0,0,2
ASTON MANSIONS,1560000.0,1302.44,1198.0,2025-01-01,121.0,12893.0,1.31393251470132,103.890612644048,7 LORONG 42 GEYLANG ASTON MANSIONS SINGAPORE 398028,5.57978728565853,8.0,4,4,3,5,12,6,2.0,1.0,0,1
PARC ESTA,1500000.0,699.66,2144.0,2025-01-01,65.0,23077.0,1.31786521916555,103.903967184717,904 SIMS AVENUE PARC ESTA SINGAPORE 408968,7.043509290403673,8.0,1,4,0,1,13,16,1.0,1.0,0,1
PENROSE,1720000.0,796.54,2159.0,2025-01-01,74.0,23243.0,1.31948983025856,103.879994891095,22 SIMS DRIVE PENROSE SINGAPORE 387396,5.166503889250989,8.0,3,4,0,8,9,1,3.0,,0,1
ASTORIA PARK,1400000.0,1001.05,1399.0,2025-01-01,93.0,15054.0,1.32177770499303,103.91225216665,34 LORONG MYDIN ASTORIA PARK SINGAPORE 416827,8.053226885077692,8.0,1,1,0,2,12,17,3.0,1.0,1,2
THE OCTET,660000.0,430.56,1533.0,2025-01-01,40.0,16500.0,1.31206999136037,103.883562422294,23 LORONG 24 GEYLANG THE OCTET SINGAPORE 398628,4.844083676929457,8.0,3,3,0,8,10,2,1.0,1.0,0,1
PARC ESTA,1060000.0,452.09,2345.0,2025-01-01,42.0,25238.0,1.31786521916555,103.903967184717,904 SIMS AVENUE PARC ESTA SINGAPORE 408968,7.043509290403673,8.0,1,4,0,1,13,16,3.0,1.0,0,1
PENROSE,2330000.0,1044.11,2232.0,2025-01-01,97.0,24021.0,1.31948983025856,103.879994891095,22 SIMS DRIVE PENROSE SINGAPORE 387396,5.166503889250989,8.0,3,4,0,8,9,1,3.0,,0,1
PENROSE,1600000.0,796.54,2009.0,2025-01-01,74.0,21622.0,1.31948983025856,103.879994891095,22 SIMS DRIVE PENROSE SINGAPORE 387396,5.166503889250989,8.0,3,4,0,8,9,1,1.0,,0,1
WATERBANK AT DAKOTA,1633888.0,882.65,1851.0,2025-01-01,82.0,19925.0,1.30647833742136,103.888537197136,76 DAKOTA CRESCENT WATERBANK AT DAKOTA SINGAPORE 399944,4.918518965685704,8.0,3,3,0,5,10,6,1.0,1.0,1,1
PENROSE,1920000.0,958.0,2004.0,2024-12-01,89.0,21573.0,1.31948983025856,103.879994891095,22 SIMS DRIVE PENROSE SINGAPORE 387396,5.166503889250989,9.0,3,4,0,8,9,1,3.0,,0,1
PARC ESTA,2240000.0,914.94,2448.0,2024-12-01,85.0,26353.0,1.31786521916555,103.903967184717,904 SIMS AVENUE PARC ESTA SINGAPORE 408968,7.043509290403673,9.0,1,4,0,1,13,16,3.0,1.0,0,1
ASTOR,1180000.0,990.29,1192.0,2024-12-01,92.0,12826.0,1.32879593267373,103.912963648128,51C LENGKONG EMPAT ASTOR SINGAPORE 417660,8.55554984945014,9.0,3,1,0,2,7,14,1.0,1.0,0,2
PENROSE,906000.0,473.62,1913.0,2024-12-01,44.0,20591.0,1.31948983025856,103.879994891095,22 SIMS DRIVE PENROSE SINGAPORE 387396,5.166503889250989,9.0,3,4,0,8,9,1,1.0,,0,1
GUILLEMARD EDGE,720000.0,409.03,1760.0,2024-12-01,38.0,18947.0,1.31200443744473,103.885949377155,38 LORONG 30 GEYLANG GUILLEMARD EDGE SINGAPORE 398371,5.041282413008211,9.0,4,4,1,7,11,5,1.0,1.0,0,1
SIMSVILLE,1800000.0,1237.86,1454.0,2024-12-01,115.0,15652.0,1.31703114737635,103.890499582849,2 GEYLANG EAST AVENUE 2 SIMSVILLE SINGAPORE 389754,5.786575389274496,9.0,4,4,3,6,12,4,2.0,1.0,1,1
TRE RESIDENCES,1383000.0,764.24,1810.0,2024-12-01,71.0,19479.0,1.3172278261209,103.885015905304,9 GEYLANG EAST AVENUE 1 TRE RESIDENCES SINGAPORE 389783,5.353082321074245,9.0,3,3,2,8,9,3,2.0,1.0,1,1
PARC ESTA,930000.0,419.8,2215.0,2024-12-01,39.0,23846.0,1.31786521916555,103.903967184717,904 SIMS AVENUE PARC ESTA SINGAPORE 408968,7.043509290403673,9.0,1,4,0,1,13,16,4.0,1.0,0,1
THE MIDAS,1683888.0,1410.08,1194.0,2024-12-01,131.0,12854.0,1.31287327322577,103.886114462631,26 LORONG 30 GEYLANG THE MIDAS SINGAPORE 398359,5.116956655400778,9.0,5,4,2,7,11,4,1.0,1.0,0,1
PENROSE,1568000.0,710.42,2207.0,2024-12-01,66.0,23758.0,1.31948983025856,103.879994891095,22 SIMS DRIVE PENROSE SINGAPORE 387396,5.166503889250989,9.0,3,4,0,8,9,1,2.0,,0,1
GUILLEMARD EDGE,680000.0,409.03,1662.0,2024-12-01,38.0,17895.0,1.31200443744473,103.885949377155,38 LORONG 30 GEYLANG GUILLEMARD EDGE SINGAPORE 398371,5.041282413008211,9.0,4,4,1,7,11,5,2.0,1.0,0,1
PENROSE,2358888.0,1065.64,2214.0,2024-12-01,99.0,23827.0,1.31948983025856,103.879994891095,22 SIMS DRIVE PENROSE SINGAPORE 387396,5.166503889250989,9.0,3,4,0,8,9,1,2.0,,0,1
BLISS RESIDENCES,950000.0,656.6,1447.0,2024-12-01,61.0,15574.0,1.32012879856897,103.91212772924,17 JALAN MASJID BLISS RESIDENCES SINGAPORE 418942,7.945787384352488,9.0,1,1,0,2,12,17,1.0,1.0,0,2
PENROSE,2403888.0,1065.64,2256.0,2024-12-01,99.0,24282.0,1.31948983025856,103.879994891095,22 SIMS DRIVE PENROSE SINGAPORE 387396,5.166503889250989,9.0,3,4,0,8,9,1,4.0,,0,1
SIMS MEADOWS,1220000.0,968.76,1259.0,2024-12-01,90.0,13556.0,1.31481342923106,103.888046887621,8 LORONG 33 GEYLANG SIMS MEADOWS SINGAPORE 387977,5.419751008298904,9.0,4,4,3,7,11,4,1.0,1.0,0,1
PARC ESTA,1215000.0,516.67,2352.0,2024-12-01,48.0,25313.0,1.31786521916555,103.903967184717,904 SIMS AVENUE PARC ESTA SINGAPORE 408968,7.043509290403673,9.0,1,4,0,1,13,16,4.0,1.0,0,1
REZI 24,1780000.0,1184.04,1503.0,2024-12-01,110.0,16182.0,1.31156422500946,103.883576001591,39 LORONG 24 GEYLANG REZI 24 SINGAPORE 398636,4.808294965951603,9.0,3,3,0,8,10,4,2.0,1.0,0,1
PENANG SERVICE APARTMENTS,1318888.0,1151.75,1145.0,2024-12-01,107.0,12326.0,1.31336434016643,103.887597407486,16 LORONG 34 GEYLANG PENANG SERVICE APARTMENTS SINGAPORE 398213,5.278453845984745,9.0,5,4,2,7,11,5,1.0,1.0,0,1
ESTA RUBY,2050000.0,1130.22,1814.0,2024-12-01,105.0,19524.0,1.31390006507675,103.893617178884,500 GUILLEMARD ROAD ESTA RUBY SINGAPORE 399839,5.845471443212252,9.0,3,2,3,3,13,8,4.0,1.0,0,1
PALM LODGE,1688000.0,1237.86,1364.0,2024-12-01,115.0,14678.0,1.31520570234631,103.889925313896,4 LORONG 37 GEYLANG PALM LODGE SINGAPORE 387902,5.607877557528137,9.0,4,4,3,6,13,4,1.0,1.0,0,1
ZYANYA,1894000.0,893.41,2120.0,2024-12-01,83.0,22819.0,1.31392103072017,103.883276357397,8 LORONG 25A GEYLANG ZYANYA SINGAPORE 388222,4.959147064738651,9.0,3,4,0,8,9,3,2.0,0.0,0,1
REZI 24,1062000.0,602.78,1762.0,2024-12-01,56.0,18964.0,1.31156422500946,103.883576001591,39 LORONG 24 GEYLANG REZI 24 SINGAPORE 398636,4.808294965951603,9.0,3,3,0,8,10,4,2.0,1.0,0,1
EUHABITAT,1350000.0,904.18,1493.0,2024-12-01,84.0,16071.0,1.32795415126263,103.9070014142,196 JALAN EUNOS EUHABITAT SINGAPORE 419542,7.971961203569236,9.0,2,2,0,2,6,15,1.0,1.0,1,2
PENROSE,920000.0,473.62,1943.0,2024-12-01,44.0,20909.0,1.31948983025856,103.879994891095,22 SIMS DRIVE PENROSE SINGAPORE 387396,5.166503889250989,9.0,3,4,0,8,9,1,1.0,,0,1
COSY 23,1640000.0,1420.85,1154.0,2024-12-01,132.0,12424.0,1.3125776569644,103.886492342637,23 LORONG 30 GEYLANG COSY 23 SINGAPORE 398355,5.128238232463941,9.0,5,4,2,7,11,5,1.0,1.0,0,1
CENTRAL MEADOWS,1310000.0,1001.05,1309.0,2024-12-01,93.0,14086.0,1.31225825932858,103.888161790535,51 LORONG 34 GEYLANG CENTRAL MEADOWS SINGAPORE 398240,5.250843225664112,9.0,5,4,2,6,11,5,1.0,1.0,0,1
TROPIKA EAST,1600000.0,1097.93,1457.0,2024-12-01,102.0,15686.0,1.32886589161997,103.90719397756,3 FOO KIM LIN ROAD TROPIKA EAST SINGAPORE 419679,8.051842718239321,9.0,2,1,0,2,6,15,1.0,1.0,1,2
PENROSE,1388888.0,645.84,2151.0,2024-12-01,60.0,23148.0,1.31948983025856,103.879994891095,22 SIMS DRIVE PENROSE SINGAPORE 387396,5.166503889250989,9.0,3,4,0,8,9,1,3.0,,0,1
PARC ESTA,2220000.0,925.7,2398.0,2024-12-01,86.0,25814.0,1.31786521916555,103.903967184717,904 SIMS AVENUE PARC ESTA SINGAPORE 408968,7.043509290403673,9.0,1,4,0,1,13,16,3.0,1.0,0,1
TRE RESIDENCES,800000.0,419.8,1906.0,2024-12-01,39.0,20513.0,1.3172278261209,103.885015905304,9 GEYLANG EAST AVENUE 1 TRE RESIDENCES SINGAPORE 389783,5.353082321074245,9.0,3,3,2,8,9,3,4.0,1.0,1,1
PENROSE,2478888.0,1184.04,2094.0,2024-12-01,110.0,22535.0,1.31948983025856,103.879994891095,22 SIMS DRIVE PENROSE SINGAPORE 387396,5.166503889250989,9.0,3,4,0,8,9,1,2.0,,0,1
WATERBANK AT DAKOTA,1790000.0,882.65,2028.0,2024-12-01,82.0,21829.0,1.30647833742136,103.888537197136,76 DAKOTA CRESCENT WATERBANK AT DAKOTA SINGAPORE 399944,4.918518965685704,9.0,3,3,0,5,10,6,3.0,1.0,1,1
GUILLEMARD EDGE,760000.0,441.32,1722.0,2024-12-01,41.0,18537.0,1.31200443744473,103.885949377155,38 LORONG 30 GEYLANG GUILLEMARD EDGE SINGAPORE 398371,5.041282413008211,9.0,4,4,1,7,11,5,2.0,1.0,0,1
DAKOTA RESIDENCES,3700000.0,1829.88,2022.0,2024-12-01,170.0,21765.0,1.30637270876178,103.88708549006,34 DAKOTA CRESCENT DAKOTA RESIDENCES SINGAPORE 399936,4.7757251422267535,9.0,3,3,0,6,10,5,3.0,1.0,1,1
WING FONG MANSIONS,1220000.0,1227.1,994.0,2024-12-01,114.0,10702.0,1.31057552074486,103.879078933752,12 LORONG 14 GEYLANG WING FONG MANSIONS SINGAPORE 398924,4.366074173360566,9.0,4,4,1,10,9,1,1.0,1.0,0,1
PARC ESTA,2850888.0,1119.46,2547.0,2024-12-01,104.0,27412.0,1.31786521916555,103.903967184717,904 SIMS AVENUE PARC ESTA SINGAPORE 408968,7.043509290403673,9.0,1,4,0,1,13,16,3.0,1.0,0,1
PENROSE,2310000.0,1054.87,2190.0,2024-12-01,98.0,23571.0,1.31948983025856,103.879994891095,22 SIMS DRIVE PENROSE SINGAPORE 387396,5.166503889250989,9.0,3,4,0,8,9,1,1.0,,0,1
SIMS URBAN OASIS,828000.0,409.03,2024.0,2024-12-01,38.0,21789.0,1.31926710475553,103.880615863782,6 SIMS DRIVE SIMS URBAN OASIS SINGAPORE 387388,5.190897370243519,9.0,3,4,0,8,9,1,4.0,1.0,1,1
LE CRESCENDO,1880000.0,1420.85,1323.0,2024-12-01,132.0,14242.0,1.33049714674003,103.888409268781,233 PAYA LEBAR ROAD LE CRESCENDO SINGAPORE 409044,6.701977813091088,9.0,4,3,0,6,9,4,1.0,1.0,1,1
PAYA LEBAR RESIDENCES,1668000.0,871.88,1913.0,2024-12-01,81.0,20593.0,1.31752143815241,103.891475654733,27 PAYA LEBAR ROAD PAYA LEBAR RESIDENCES SINGAPORE 409042,5.904426206584732,9.0,4,4,3,4,12,4,2.0,1.0,0,1
PENROSE,2050000.0,979.52,2093.0,2024-12-01,91.0,22527.0,1.31948983025856,103.879994891095,22 SIMS DRIVE PENROSE SINGAPORE 387396,5.166503889250989,9.0,3,4,0,8,9,1,1.0,,0,1
D - HERITAGE APARTMENTS,1660000.0,1205.57,1377.0,2024-12-01,112.0,14821.0,1.32831187101076,103.912674237605,43 LENGKONG EMPAT D - HERITAGE APARTMENTS SINGAPORE 417659,8.497942948537789,9.0,3,1,0,2,7,15,1.0,1.0,0,2
LA BRISA,730000.0,452.09,1615.0,2024-12-01,42.0,17381.0,1.31190419143627,103.885369365155,50 LORONG 28 GEYLANG LA BRISA SINGAPORE 398453,4.984533537431171,9.0,4,4,1,7,11,5,1.0,1.0,0,1
THE WATER EDGE,745000.0,484.38,1538.0,2024-12-01,45.0,16556.0,1.31372105189031,103.888759579471,8 LORONG 38 GEYLANG THE WATER EDGE SINGAPORE 398106,5.4035924754809175,9.0,4,4,3,6,11,4,2.0,1.0,0,1
THE WATERINA,2510000.0,1291.68,1943.0,2024-12-01,120.0,20917.0,1.3132821071538,103.89085032363,59 LORONG 40 GEYLANG THE WATERINA SINGAPORE 398082,5.55708137380416,9.0,4,4,3,5,12,5,1.0,1.0,0,1
LA FLEUR,620000.0,409.03,1516.0,2024-12-01,38.0,16316.0,1.31244454232324,103.884576516653,8 LORONG 26 GEYLANG LA FLEUR SINGAPORE 398483,4.956192019907782,9.0,3,4,0,7,10,4,2.0,1.0,0,1
28 IMPERIAL RESIDENCES,740000.0,441.32,1677.0,2024-12-01,41.0,18049.0,1.311780119269,103.884605770106,28 LORONG 26 GEYLANG 28 IMPERIAL RESIDENCES SINGAPORE 398495,4.910721054286701,9.0,3,3,0,7,10,5,2.0,1.0,0,1
PARK PLACE RESIDENCES AT PLQ,1618000.0,678.13,2386.0,2024-12-01,63.0,25683.0,1.31583675363618,103.892746648427,2 PAYA LEBAR ROAD PARK PLACE RESIDENCES AT PLQ SINGAPORE 409053,5.896537427358871,9.0,3,3,3,4,12,6,4.0,1.0,0,1
MORI,2082500.0,1173.28,1775.0,2024-12-01,109.0,19106.0,1.31131219787605,103.882972095616,223 GUILLEMARD ROAD MORI SINGAPORE 399738,4.739370253523735,9.0,3,3,0,8,9,2,1.0,0.0,0,1
GRANDLINK SQUARE,1830000.0,1377.79,1328.0,2024-12-01,128.0,14297.0,1.3141912983094,103.891500511011,511 GUILLEMARD ROAD GRANDLINK SQUARE SINGAPORE 399849,5.67552490483051,9.0,4,4,3,5,13,6,1.0,1.0,0,1
PENROSE,1280000.0,645.84,1982.0,2024-12-01,60.0,21333.0,1.31948983025856,103.879994891095,22 SIMS DRIVE PENROSE SINGAPORE 387396,5.166503889250989,9.0,3,4,0,8,9,1,1.0,,0,1
# 1 LOFT,735000.0,559.73,1313.0,2024-12-01,52.0,14135.0,1.31276346405244,103.883518875617,1 LORONG 24 GEYLANG # 1 LOFT SINGAPORE 398614,4.891716160848941,9.0,3,4,0,8,9,2,2.0,1.0,0,1
TRE RESIDENCES,1670000.0,947.23,1763.0,2024-12-01,88.0,18977.0,1.3172278261209,103.885015905304,9 GEYLANG EAST AVENUE 1 TRE RESIDENCES SINGAPORE 389783,5.353082321074245,9.0,3,3,2,8,9,3,2.0,1.0,1,1
PARC ESTA,1045000.0,452.09,2311.0,2024-12-01,42.0,24881.0,1.31786521916555,103.903967184717,904 SIMS AVENUE PARC ESTA SINGAPORE 408968,7.043509290403673,9.0,1,4,0,1,13,16,3.0,1.0,0,1
PENROSE,1280000.0,645.84,1982.0,2024-12-01,60.0,21333.0,1.31948983025856,103.879994891095,22 SIMS DRIVE PENROSE SINGAPORE 387396,5.166503889250989,9.0,3,4,0,8,9,1,2.0,,0,1
MORI,2111000.0,1173.28,1799.0,2024-12-01,109.0,19367.0,1.31131219787605,103.882972095616,223 GUILLEMARD ROAD MORI SINGAPORE 399738,4.739370253523735,9.0,3,3,0,8,9,2,1.0,0.0,0,1
SIMS URBAN OASIS,2120000.0,1033.34,2052.0,2024-12-01,96.0,22083.0,1.31926710475553,103.880615863782,6 SIMS DRIVE SIMS URBAN OASIS SINGAPORE 387388,5.190897370243519,9.0,3,4,0,8,9,1,4.0,1.0,1,1
MORI,2125000.0,1173.28,1811.0,2024-12-01,109.0,19495.0,1.31131219787605,103.882972095616,223 GUILLEMARD ROAD MORI SINGAPORE 399738,4.739370253523735,9.0,3,3,0,8,9,2,1.0,0.0,0,1
VACANZA @ EAST,856000.0,559.73,1529.0,2024-12-01,52.0,16462.0,1.32901984483655,103.914196223923,36 LENGKONG TUJOH VACANZA @ EAST SINGAPORE 417391,8.680985857703446,9.0,3,1,0,2,8,12,2.0,1.0,1,2
VACANZA @ EAST,860888.0,559.73,1538.0,2024-12-01,52.0,16556.0,1.32901984483655,103.914196223923,36 LENGKONG TUJOH VACANZA @ EAST SINGAPORE 417391,8.680985857703446,9.0,3,1,0,2,8,12,1.0,1.0,1,2
TRE RESIDENCES,1560000.0,861.12,1812.0,2024-12-01,80.0,19500.0,1.3172278261209,103.885015905304,9 GEYLANG EAST AVENUE 1 TRE RESIDENCES SINGAPORE 389783,5.353082321074245,9.0,3,3,2,8,9,3,3.0,1.0,1,1
PARC ESTA,1400000.0,635.08,2204.0,2024-12-01,59.0,23729.0,1.31786521916555,103.903967184717,904 SIMS AVENUE PARC ESTA SINGAPORE 408968,7.043509290403673,9.0,1,4,0,1,13,16,3.0,1.0,0,1
THE ANTARES,1398000.0,731.95,1910.0,2024-12-01,68.0,20559.0,1.32541778538724,103.883403765337,23 MATTAR ROAD THE ANTARES SINGAPORE 387730,5.916441166611573,9.0,4,4,0,8,9,4,1.0,1.0,0,1
PARC ESTA,1450000.0,635.08,2283.0,2024-12-01,59.0,24576.0,1.31786521916555,103.903967184717,904 SIMS AVENUE PARC ESTA SINGAPORE 408968,7.043509290403673,9.0,1,4,0,1,13,16,2.0,1.0,0,1
PARC ESTA,2765000.0,1227.1,2253.0,2024-12-01,114.0,24254.0,1.31786521916555,103.903967184717,904 SIMS AVENUE PARC ESTA SINGAPORE 408968,7.043509290403673,9.0,1,4,0,1,13,16,1.0,1.0,0,1
ASTOR,1048000.0,861.12,1217.0,2024-12-01,80.0,13100.0,1.32879593267373,103.912963648128,51C LENGKONG EMPAT ASTOR SINGAPORE 417660,8.55554984945014,9.0,3,1,0,2,7,14,1.0,1.0,0,2
PARK PLACE RESIDENCES AT PLQ,1470000.0,645.84,2276.0,2024-12-01,60.0,24500.0,1.31583675363618,103.892746648427,2 PAYA LEBAR ROAD PARK PLACE RESIDENCES AT PLQ SINGAPORE 409053,5.896537427358871,9.0,3,3,3,4,12,6,4.0,1.0,0,1
PENROSE,1518888.0,699.66,2171.0,2024-12-01,65.0,23368.0,1.31948983025856,103.879994891095,22 SIMS DRIVE PENROSE SINGAPORE 387396,5.166503889250989,9.0,3,4,0,8,9,1,3.0,,0,1
PARC ESTA,2110000.0,914.94,2306.0,2024-12-01,85.0,24824.0,1.31786521916555,103.903967184717,904 SIMS AVENUE PARC ESTA SINGAPORE 408968,7.043509290403673,9.0,1,4,0,1,13,16,1.0,1.0,0,1
PENROSE,1920000.0,958.0,2004.0,2024-12-01,89.0,21573.0,1.31948983025856,103.879994891095,22 SIMS DRIVE PENROSE SINGAPORE 387396,5.166503889250989,9.0,3,4,0,8,9,1,2.0,,0,1
PARC ESTA,1590000.0,742.72,2141.0,2024-12-01,69.0,23043.0,1.31786521916555,103.903967184717,904 SIMS AVENUE PARC ESTA SINGAPORE 408968,7.043509290403673,9.0,1,4,0,1,13,16,1.0,1.0,0,1
PARC ESTA,1608000.0,742.72,2165.0,2024-12-01,69.0,23304.0,1.31786521916555,103.903967184717,904 SIMS AVENUE PARC ESTA SINGAPORE 408968,7.043509290403673,9.0,1,4,0,1,13,16,1.0,1.0,0,1
LEVENUE,790000.0,473.62,1668.0,2024-12-01,44.0,17955.0,1.32864269824431,103.913744097652,55 LENGKONG EMPAT LEVENUE SINGAPORE 417642,8.61577565611189,9.0,3,1,0,2,7,13,3.0,1.0,0,2
THE EBONY,640000.0,333.68,1918.0,2024-12-01,31.0,20645.0,1.32038515836726,103.908487204597,35 LORONG MARICAN THE EBONY SINGAPORE 417216,7.617132227591283,9.0,2,1,0,1,14,13,1.0,1.0,0,2
VACANZA @ EAST,1930000.0,1259.39,1532.0,2024-12-01,117.0,16496.0,1.32901984483655,103.914196223923,36 LENGKONG TUJOH VACANZA @ EAST SINGAPORE 417391,8.680985857703446,9.0,3,1,0,2,8,12,1.0,1.0,1,2
PENROSE,1568000.0,699.66,2241.0,2024-12-01,65.0,24123.0,1.31948983025856,103.879994891095,22 SIMS DRIVE PENROSE SINGAPORE 387396,5.166503889250989,9.0,3,4,0,8,9,1,4.0,,0,1
DAKOTA RESIDENCES,2475000.0,1313.21,1885.0,2024-11-01,122.0,20287.0,1.30637270876178,103.88708549006,34 DAKOTA CRESCENT DAKOTA RESIDENCES SINGAPORE 399936,4.7757251422267535,10.0,3,3,0,6,10,5,2.0,1.0,1,1
STARVILLE,1688000.0,1216.33,1388.0,2024-11-01,113.0,14938.0,1.32826483616522,103.912067534158,66 LENGKONG TIGA STARVILLE SINGAPORE 417471,8.44041551036464,10.0,3,1,0,2,7,15,1.0,1.0,1,2
SIMS URBAN OASIS,1385000.0,796.54,1739.0,2024-11-01,74.0,18716.0,1.31926710475553,103.880615863782,6 SIMS DRIVE SIMS URBAN OASIS SINGAPORE 387388,5.190897370243519,10.0,3,4,0,8,9,1,4.0,1.0,1,1
PARC ESTA,2030000.0,904.18,2245.0,2024-11-01,84.0,24167.0,1.31786521916555,103.903967184717,904 SIMS AVENUE PARC ESTA SINGAPORE 408968,7.043509290403673,10.0,1,4,0,1,13,16,3.0,1.0,0,1
PARC ESTA,1660000.0,742.72,2235.0,2024-11-01,69.0,24058.0,1.31786521916555,103.903967184717,904 SIMS AVENUE PARC ESTA SINGAPORE 408968,7.043509290403673,10.0,1,4,0,1,13,16,3.0,1.0,0,1
PENROSE,1730000.0,796.54,2172.0,2024-11-01,74.0,23378.0,1.31948983025856,103.879994891095,22 SIMS DRIVE PENROSE SINGAPORE 387396,5.166503889250989,10.0,3,4,0,8,9,1,4.0,,0,1
PARC ESTA,2238888.0,958.0,2337.0,2024-11-01,89.0,25156.0,1.31786521916555,103.903967184717,904 SIMS AVENUE PARC ESTA SINGAPORE 408968,7.043509290403673,10.0,1,4,0,1,13,16,3.0,1.0,0,1
SIMS URBAN OASIS,840000.0,441.32,1903.0,2024-11-01,41.0,20488.0,1.31926710475553,103.880615863782,6 SIMS DRIVE SIMS URBAN OASIS SINGAPORE 387388,5.190897370243519,10.0,3,4,0,8,9,1,1.0,1.0,1,1
THE SUNNY SPRING,1650000.0,1022.58,1614.0,2024-11-01,95.0,17368.0,1.31219203070087,103.889464697147,50 LORONG 40 GEYLANG THE SUNNY SPRING SINGAPORE 398074,5.3613842782215055,10.0,4,4,3,6,11,5,1.0,1.0,0,1
PARC ESTA,1560000.0,742.72,2100.0,2024-11-01,69.0,22609.0,1.31786521916555,103.903967184717,904 SIMS AVENUE PARC ESTA SINGAPORE 408968,7.043509290403673,10.0,1,4,0,1,13,16,1.0,1.0,0,1
PARC ESTA,1610000.0,721.19,2232.0,2024-11-01,67.0,24030.0,1.31786521916555,103.903967184717,904 SIMS AVENUE PARC ESTA SINGAPORE 408968,7.043509290403673,10.0,1,4,0,1,13,16,1.0,1.0,0,1
SIMS URBAN OASIS,1880000.0,958.0,1962.0,2024-11-01,89.0,21124.0,1.31926710475553,103.880615863782,6 SIMS DRIVE SIMS URBAN OASIS SINGAPORE 387388,5.190897370243519,10.0,3,4,0,8,9,1,3.0,1.0,1,1
TRE RESIDENCES,1030000.0,570.49,1805.0,2024-11-01,53.0,19434.0,1.3172278261209,103.885015905304,9 GEYLANG EAST AVENUE 1 TRE RESIDENCES SINGAPORE 389783,5.353082321074245,10.0,3,3,2,8,9,3,2.0,1.0,1,1
PARC ESTA,1582000.0,742.72,2130.0,2024-11-01,69.0,22928.0,1.31786521916555,103.903967184717,904 SIMS AVENUE PARC ESTA SINGAPORE 408968,7.043509290403673,10.0,1,4,0,1,13,16,2.0,1.0,0,1
CENTRAL GROVE,1650000.0,1227.1,1345.0,2024-11-01,114.0,14474.0,1.31623494982413,103.884417981377,3 GEYLANG EAST AVENUE 1 CENTRAL GROVE SINGAPORE 389779,5.228491443172765,10.0,4,5,1,8,9,3,3.0,1.0,1,1
PARC ESTA,1628000.0,775.01,2101.0,2024-11-01,72.0,22611.0,1.31786521916555,103.903967184717,904 SIMS AVENUE PARC ESTA SINGAPORE 408968,7.043509290403673,10.0,1,4,0,1,13,16,4.0,1.0,0,1
THE LATTIZ,1922496.0,1291.68,1488.0,2024-11-01,120.0,16021.0,1.32423180591114,103.906234493187,3D LORONG SALLEH THE LATTIZ SINGAPORE 416751,7.653305530124327,10.0,2,1,0,1,6,13,1.0,1.0,0,2
WINDY HEIGHTS,3080000.0,2475.72,1244.0,2024-11-01,230.0,13391.0,1.32664204297673,103.910617408664,84 JALAN DAUD WINDY HEIGHTS SINGAPORE 419593,8.204206295506795,10.0,2,2,0,2,7,16,1.0,1.0,1,2
SIMS EDGE,780000.0,409.03,1907.0,2024-11-01,38.0,20526.0,1.31640485669867,103.887906763671,1 GEYLANG EAST AVENUE 2 SIMS EDGE SINGAPORE 389760,5.523980705206435,10.0,4,5,3,7,12,4,3.0,1.0,0,1
WING FONG COURT,970000.0,958.0,1013.0,2024-11-01,89.0,10899.0,1.31173462254903,103.87881521885,10 LORONG 14 GEYLANG WING FONG COURT SINGAPORE 398922,4.435996550952671,10.0,3,4,0,10,9,1,1.0,1.0,0,1
PARC ESTA,985000.0,452.09,2179.0,2024-11-01,42.0,23452.0,1.31786521916555,103.903967184717,904 SIMS AVENUE PARC ESTA SINGAPORE 408968,7.043509290403673,10.0,1,4,0,1,13,16,1.0,1.0,0,1
TRE RESIDENCES,988000.0,570.49,1732.0,2024-11-01,53.0,18642.0,1.3172278261209,103.885015905304,9 GEYLANG EAST AVENUE 1 TRE RESIDENCES SINGAPORE 389783,5.353082321074245,10.0,3,3,2,8,9,3,1.0,1.0,1,1
PARC ESTA,1900000.0,839.59,2263.0,2024-11-01,78.0,24359.0,1.31786521916555,103.903967184717,904 SIMS AVENUE PARC ESTA SINGAPORE 408968,7.043509290403673,10.0,1,4,0,1,13,16,2.0,1.0,0,1
WATERBANK AT DAKOTA,2512000.0,1130.22,2223.0,2024-11-01,105.0,23924.0,1.30647833742136,103.888537197136,76 DAKOTA CRESCENT WATERBANK AT DAKOTA SINGAPORE 399944,4.918518965685704,10.0,3,3,0,5,10,6,2.0,1.0,1,1
GRANDVIEW SUITES,580000.0,376.74,1540.0,2024-11-01,35.0,16571.0,1.31277604580511,103.882455638462,1 LORONG 22 GEYLANG GRANDVIEW SUITES SINGAPORE 398664,4.805784944271149,10.0,3,3,0,8,9,2,1.0,1.0,0,1
EUHABITAT,1750000.0,1173.28,1492.0,2024-11-01,109.0,16055.0,1.32795415126263,103.9070014142,196 JALAN EUNOS EUHABITAT SINGAPORE 419542,7.971961203569236,10.0,2,2,0,2,6,15,1.0,1.0,1,2
GUILLEMARD VIEW,1450000.0,1184.04,1225.0,2024-11-01,110.0,13182.0,1.31131608082757,103.884615884842,329A GUILLEMARD ROAD GUILLEMARD VIEW SINGAPORE 399850,4.878489345784435,10.0,3,4,0,7,10,5,1.0,1.0,0,1
PARK PLACE RESIDENCES AT PLQ,1590000.0,678.13,2345.0,2024-11-01,63.0,25238.0,1.31583675363618,103.892746648427,2 PAYA LEBAR ROAD PARK PLACE RESIDENCES AT PLQ SINGAPORE 409053,5.896537427358871,10.0,3,3,3,4,12,6,3.0,1.0,0,1
DAKOTA RESIDENCES,1860000.0,1022.58,1819.0,2024-11-01,95.0,19579.0,1.30637270876178,103.88708549006,34 DAKOTA CRESCENT DAKOTA RESIDENCES SINGAPORE 399936,4.7757251422267535,10.0,3,3,0,6,10,5,3.0,1.0,1,1
TREASURES @ G20,610000.0,452.09,1349.0,2024-11-01,42.0,14524.0,1.31144699404485,103.881539708397,35 LORONG 20 GEYLANG TREASURES@G20 SINGAPORE 398751,4.6309982597520785,10.0,3,3,0,8,9,2,1.0,1.0,0,1
SIMSVILLE,2100000.0,1528.49,1374.0,2024-11-01,142.0,14789.0,1.31703114737635,103.890499582849,2 GEYLANG EAST AVENUE 2 SIMSVILLE SINGAPORE 389754,5.786575389274496,10.0,4,4,3,6,12,4,2.0,1.0,1,1
CENTRAL IMPERIAL,980000.0,581.26,1686.0,2024-11-01,54.0,18148.0,1.31194266781347,103.879213970964,3 LORONG 14 GEYLANG CENTRAL IMPERIAL SINGAPORE 398915,4.483469484998063,10.0,3,4,0,10,9,1,2.0,1.0,0,1
PARC ESTA,2350000.0,958.0,2453.0,2024-11-01,89.0,26404.0,1.31786521916555,103.903967184717,904 SIMS AVENUE PARC ESTA SINGAPORE 408968,7.043509290403673,10.0,1,4,0,1,13,16,4.0,1.0,0,1
SMART SUITES,790000.0,516.67,1529.0,2024-11-01,48.0,16458.0,1.31514448371947,103.884050282732,302 SIMS AVENUE SMART SUITES SINGAPORE 387516,5.114950686082434,10.0,3,5,0,8,9,3,1.0,1.0,0,1
DAKOTA RESIDENCES,2420000.0,1291.68,1874.0,2024-11-01,120.0,20167.0,1.30637270876178,103.88708549006,34 DAKOTA CRESCENT DAKOTA RESIDENCES SINGAPORE 399936,4.7757251422267535,10.0,3,3,0,6,10,5,3.0,1.0,1,1
D - HERITAGE APARTMENTS,2300000.0,1765.3,1303.0,2024-11-01,164.0,14024.0,1.32831187101076,103.912674237605,43 LENGKONG EMPAT D - HERITAGE APARTMENTS SINGAPORE 417659,8.497942948537789,10.0,3,1,0,2,7,15,1.0,1.0,0,2
PARC ESTA,2000000.0,914.94,2186.0,2024-11-01,85.0,23529.0,1.31786521916555,103.903967184717,904 SIMS AVENUE PARC ESTA SINGAPORE 408968,7.043509290403673,10.0,1,4,0,1,13,16,2.0,1.0,0,1
SIMS URBAN OASIS,820000.0,409.03,2005.0,2024-11-01,38.0,21579.0,1.31926710475553,103.880615863782,6 SIMS DRIVE SIMS URBAN OASIS SINGAPORE 387388,5.190897370243519,10.0,3,4,0,8,9,1,4.0,1.0,1,1
REGAL 35,1500000.0,1194.8,1255.0,2024-11-01,111.0,13514.0,1.31567200360524,103.888350601456,15 LORONG 35 GEYLANG REGAL 35 SINGAPORE 387945,5.50731333517945,10.0,4,4,3,7,12,4,2.0,1.0,0,1
SIMS RESIDENCES,1640000.0,1442.38,1137.0,2024-11-01,134.0,12239.0,1.31607412947418,103.891092837354,8 LORONG 39 GEYLANG SIMS RESIDENCES SINGAPORE 387882,5.769235671840805,10.0,4,3,3,5,12,4,2.0,1.0,0,1
PAVILION SQUARE,1010000.0,731.95,1380.0,2024-11-01,68.0,14853.0,1.31297800060859,103.879770800217,345 GEYLANG ROAD PAVILION SQUARE SINGAPORE 389366,4.608727400946871,10.0,3,4,0,10,10,1,2.0,1.0,0,1
WATERBANK AT DAKOTA,2538000.0,1130.22,2246.0,2024-11-01,105.0,24171.0,1.30647833742136,103.888537197136,76 DAKOTA CRESCENT WATERBANK AT DAKOTA SINGAPORE 399944,4.918518965685704,10.0,3,3,0,5,10,6,2.0,1.0,1,1
VACANZA @ EAST,830000.0,559.73,1483.0,2024-11-01,52.0,15962.0,1.32901984483655,103.914196223923,36 LENGKONG TUJOH VACANZA @ EAST SINGAPORE 417391,8.680985857703446,10.0,3,1,0,2,8,12,2.0,1.0,1,2
# 1 SUITES,720000.0,559.73,1286.0,2024-11-01,52.0,13846.0,1.31239029325188,103.881504147527,1 LORONG 20 GEYLANG # 1 SUITES SINGAPORE 398721,4.699608709809529,10.0,3,3,0,8,9,2,1.0,1.0,0,1
ASTOR,1300000.0,1119.46,1161.0,2024-11-01,104.0,12500.0,1.32879593267373,103.912963648128,51C LENGKONG EMPAT ASTOR SINGAPORE 417660,8.55554984945014,10.0,3,1,0,2,7,14,1.0,1.0,0,2
PARC ESTA,2225000.0,1022.58,2176.0,2024-11-01,95.0,23421.0,1.31786521916555,103.903967184717,904 SIMS AVENUE PARC ESTA SINGAPORE 408968,7.043509290403673,10.0,1,4,0,1,13,16,1.0,1.0,0,1
MILLAGE,825000.0,505.91,1631.0,2024-11-01,47.0,17553.0,1.38854656229022,103.987804503483,1 CHANGI VILLAGE ROAD SINGAPORE 500001,19.183455237444974,10.0,0,1,0,0,0,5,2.0,1.0,0,1
REZI 26,710000.0,452.09,1570.0,2024-11-01,42.0,16905.0,1.31277485329606,103.885104634024,5 LORONG 26 GEYLANG REZI 26 SINGAPORE 398480,5.024511275001018,10.0,4,4,1,7,11,4,1.0,1.0,0,1
D' PALMA,1268888.0,1237.86,1025.0,2024-11-01,115.0,11034.0,1.31995634032593,103.911742980787,18 LORONG MYDIN D' PALMA SINGAPORE 416817,7.899276193383356,10.0,2,1,0,2,11,16,1.0,1.0,0,2
ESTA RUBY,2020000.0,1130.22,1787.0,2024-11-01,105.0,19238.0,1.31390006507675,103.893617178884,500 GUILLEMARD ROAD ESTA RUBY SINGAPORE 399839,5.845471443212252,10.0,3,2,3,3,13,8,4.0,1.0,0,1
ASTORIA PARK,1256000.0,958.0,1311.0,2024-11-01,89.0,14112.0,1.32177770499303,103.91225216665,34 LORONG MYDIN ASTORIA PARK SINGAPORE 416827,8.053226885077692,10.0,1,1,0,2,12,17,2.0,1.0,1,2
PENROSE,1880000.0,947.23,1985.0,2024-11-01,88.0,21364.0,1.31948983025856,103.879994891095,22 SIMS DRIVE PENROSE SINGAPORE 387396,5.166503889250989,10.0,3,4,0,8,9,1,3.0,,0,1
PENROSE,2402410.0,1054.87,2277.0,2024-11-01,98.0,24514.0,1.31948983025856,103.879994891095,22 SIMS DRIVE PENROSE SINGAPORE 387396,5.166503889250989,10.0,3,4,0,8,9,1,4.0,,0,1
WING FONG MANSIONS,1150000.0,1130.22,1018.0,2024-11-01,105.0,10952.0,1.31057552074486,103.879078933752,12 LORONG 14 GEYLANG WING FONG MANSIONS SINGAPORE 398924,4.366074173360566,10.0,4,4,1,10,9,1,1.0,1.0,0,1
BLISS RESIDENCES,950000.0,710.42,1337.0,2024-11-01,66.0,14394.0,1.32012879856897,103.91212772924,17 JALAN MASJID BLISS RESIDENCES SINGAPORE 418942,7.945787384352488,10.0,1,1,0,2,12,17,1.0,1.0,0,2
ESTA RUBY,1672000.0,958.0,1745.0,2024-11-01,89.0,18787.0,1.31390006507675,103.893617178884,500 GUILLEMARD ROAD ESTA RUBY SINGAPORE 399839,5.845471443212252,10.0,3,2,3,3,13,8,4.0,1.0,0,1
PRIME RESIDENCE,750000.0,538.2,1394.0,2024-11-01,50.0,15000.0,1.31118981428433,103.882466535926,41 LORONG 22 GEYLANG PRIME RESIDENCE SINGAPORE 398697,4.688267126786674,10.0,3,4,0,8,9,2,2.0,1.0,0,1
PENROSE,2300000.0,1054.87,2180.0,2024-11-01,98.0,23469.0,1.31948983025856,103.879994891095,22 SIMS DRIVE PENROSE SINGAPORE 387396,5.166503889250989,10.0,3,4,0,8,9,1,2.0,,0,1
AVANT RESIDENCES,600000.0,398.27,1507.0,2024-11-01,37.0,16216.0,1.31353535987581,103.882362870576,10 ALJUNIED ROAD AVANT RESIDENCES SINGAPORE 389799,4.856265736693036,10.0,3,4,0,8,9,2,1.0,1.0,0,1
28 IMPERIAL RESIDENCES,940000.0,592.02,1588.0,2024-11-01,55.0,17091.0,1.311780119269,103.884605770106,28 LORONG 26 GEYLANG 28 IMPERIAL RESIDENCES SINGAPORE 398495,4.910721054286701,10.0,3,3,0,7,10,5,1.0,1.0,0,1
SIN CHUAN GARDEN,1848000.0,1388.56,1331.0,2024-11-01,129.0,14326.0,1.32213401922458,103.918072024417,6 WARINGIN PARK SIN CHUAN GARDEN SINGAPORE 416320,8.628085290550366,10.0,1,0,0,2,14,11,1.0,1.0,0,2
PENROSE,1900000.0,936.47,2029.0,2024-11-01,87.0,21839.0,1.31948983025856,103.879994891095,22 SIMS DRIVE PENROSE SINGAPORE 387396,5.166503889250989,10.0,3,4,0,8,9,1,4.0,,0,1
THE DIAMOND,1350000.0,1205.57,1120.0,2024-11-01,112.0,12054.0,1.31298480453538,103.876190036205,17 LORONG 9 GEYLANG THE DIAMOND SINGAPORE 388761,4.341909316259402,10.0,2,2,0,10,8,0,1.0,1.0,0,1
WING FONG MANSIONS,1150000.0,1130.22,1018.0,2024-11-01,105.0,10952.0,1.31057552074486,103.879078933752,12 LORONG 14 GEYLANG WING FONG MANSIONS SINGAPORE 398924,4.366074173360566,10.0,4,4,1,10,9,1,1.0,1.0,0,1
PARK PLACE RESIDENCES AT PLQ,1120000.0,484.38,2312.0,2024-11-01,45.0,24889.0,1.31583675363618,103.892746648427,2 PAYA LEBAR ROAD PARK PLACE RESIDENCES AT PLQ SINGAPORE 409053,5.896537427358871,10.0,3,3,3,4,12,6,2.0,1.0,0,1
REZI 24,980000.0,548.96,1785.0,2024-11-01,51.0,19216.0,1.31156422500946,103.883576001591,39 LORONG 24 GEYLANG REZI 24 SINGAPORE 398636,4.808294965951603,10.0,3,3,0,8,10,4,2.0,1.0,0,1
QUBE SUITES,695000.0,419.8,1656.0,2024-11-01,39.0,17821.0,1.32987209553022,103.908123975446,24 JALAN PUNAI QUBE SUITES SINGAPORE 418804,8.202337725386041,10.0,2,1,0,2,5,14,1.0,1.0,0,2
PARC ESTA,1708880.0,742.72,2301.0,2024-11-01,69.0,24766.0,1.31786521916555,103.903967184717,904 SIMS AVENUE PARC ESTA SINGAPORE 408968,7.043509290403673,10.0,1,4,0,1,13,16,3.0,1.0,0,1
GUILLEMARD SUITES,685000.0,409.03,1675.0,2024-11-01,38.0,18026.0,1.31094521852726,103.882721097721,213 GUILLEMARD ROAD GUILLEMARD SUITES SINGAPORE 399733,4.691609257032653,10.0,3,4,0,8,9,3,1.0,1.0,0,1
PENROSE,1540000.0,710.42,2168.0,2024-11-01,66.0,23333.0,1.31948983025856,103.879994891095,22 SIMS DRIVE PENROSE SINGAPORE 387396,5.166503889250989,10.0,3,4,0,8,9,1,2.0,,0,1
PARC ESTA,1180000.0,527.44,2237.0,2024-11-01,49.0,24082.0,1.31786521916555,103.903967184717,904 SIMS AVENUE PARC ESTA SINGAPORE 408968,7.043509290403673,10.0,1,4,0,1,13,16,3.0,1.0,0,1
THE WATERINA,1930000.0,1054.87,1830.0,2024-10-01,98.0,19694.0,1.3132821071538,103.89085032363,59 LORONG 40 GEYLANG THE WATERINA SINGAPORE 398082,5.55708137380416,11.0,4,4,3,5,12,5,2.0,1.0,0,1
PENROSE,1880000.0,947.23,1985.0,2024-10-01,88.0,21364.0,1.31948983025856,103.879994891095,22 SIMS DRIVE PENROSE SINGAPORE 387396,5.166503889250989,11.0,3,4,0,8,9,1,2.0,,0,1
LA FLEUR,650000.0,441.32,1473.0,2024-10-01,41.0,15854.0,1.31244454232324,103.884576516653,8 LORONG 26 GEYLANG LA FLEUR SINGAPORE 398483,4.956192019907782,11.0,3,4,0,7,10,4,1.0,1.0,0,1
WATERBANK AT DAKOTA,3326000.0,1571.54,2116.0,2024-10-01,146.0,22781.0,1.30647833742136,103.888537197136,76 DAKOTA CRESCENT WATERBANK AT DAKOTA SINGAPORE 399944,4.918518965685704,11.0,3,3,0,5,10,6,2.0,1.0,1,1
SIMS EDGE,920388.0,505.91,1819.0,2024-10-01,47.0,19583.0,1.31640485669867,103.887906763671,1 GEYLANG EAST AVENUE 2 SIMS EDGE SINGAPORE 389760,5.523980705206435,11.0,4,5,3,7,12,4,3.0,1.0,0,1
ASTON MANSIONS,1238888.0,1011.82,1224.0,2024-10-01,94.0,13180.0,1.31393251470132,103.890612644048,7 LORONG 42 GEYLANG ASTON MANSIONS SINGAPORE 398028,5.57978728565853,11.0,4,4,3,5,12,6,2.0,1.0,0,1
PARC ESTA,1680000.0,742.72,2262.0,2024-10-01,69.0,24348.0,1.31786521916555,103.903967184717,904 SIMS AVENUE PARC ESTA SINGAPORE 408968,7.043509290403673,11.0,1,4,0,1,13,16,3.0,1.0,0,1
ARENA RESIDENCES,1300000.0,602.78,2157.0,2024-10-01,56.0,23214.0,1.30967685823486,103.880642764235,20 GUILLEMARD CRESCENT ARENA RESIDENCES SINGAPORE 399915,4.425439723338632,11.0,4,4,1,9,9,1,1.0,1.0,0,1
SUNFLOWER LODGE,1820000.0,2357.32,772.0,2024-10-01,219.0,8311.0,1.31359813614381,103.887912449228,9 LORONG 34 GEYLANG SUNFLOWER LODGE SINGAPORE 398207,5.321952269657823,11.0,4,4,3,7,11,4,2.0,1.0,0,1
THE TRUMPS,1200000.0,1108.69,1082.0,2024-10-01,103.0,11650.0,1.32002610262337,103.91348728953,1 JALAN KEMBANGAN THE TRUMPS SINGAPORE 419154,8.069943599460245,11.0,1,0,0,2,12,18,1.0,1.0,1,2
URBAN TREASURES,2180000.0,1011.82,2155.0,2024-10-01,94.0,23191.0,1.32936720206385,103.905791323853,205 JALAN EUNOS URBAN TREASURES SINGAPORE 419535,7.966767145631702,11.0,2,0,0,2,6,11,2.0,1.0,1,2
PENROSE,2280000.0,1097.93,2077.0,2024-10-01,102.0,22353.0,1.31948983025856,103.879994891095,22 SIMS DRIVE PENROSE SINGAPORE 387396,5.166503889250989,11.0,3,4,0,8,9,1,1.0,,0,1
CASSIA VIEW,1786000.0,1205.57,1481.0,2024-10-01,112.0,15946.0,1.31103276112231,103.886630140814,320 GUILLEMARD ROAD CASSIA VIEW SINGAPORE 399746,5.033091805099718,11.0,4,2,1,7,11,5,2.0,1.0,0,1
PARC ESTA,1420000.0,635.08,2236.0,2024-10-01,59.0,24068.0,1.31786521916555,103.903967184717,904 SIMS AVENUE PARC ESTA SINGAPORE 408968,7.043509290403673,11.0,1,4,0,1,13,16,2.0,1.0,0,1
LE CRESCENDO,1465000.0,947.23,1547.0,2024-10-01,88.0,16648.0,1.33049714674003,103.888409268781,233 PAYA LEBAR ROAD LE CRESCENDO SINGAPORE 409044,6.701977813091088,11.0,4,3,0,6,9,4,1.0,1.0,1,1
CASSIA VIEW,1777000.0,1205.57,1474.0,2024-10-01,112.0,15866.0,1.31103276112231,103.886630140814,320 GUILLEMARD ROAD CASSIA VIEW SINGAPORE 399746,5.033091805099718,11.0,4,2,1,7,11,5,2.0,1.0,0,1
REZI 3TWO,730000.0,462.85,1577.0,2024-10-01,43.0,16977.0,1.31212753143258,103.886814275583,48 LORONG 32 GEYLANG REZI 3TWO SINGAPORE 398308,5.124457679901286,11.0,5,4,2,7,11,5,1.0,1.0,0,1
LE REGAL,615000.0,419.8,1465.0,2024-10-01,39.0,15769.0,1.31250268727998,103.880368117228,340 GEYLANG ROAD LE REGAL SINGAPORE 389365,4.61788023094977,11.0,2,3,0,9,10,1,1.0,1.0,0,1
TORIEVIEW MANSIONS,1550000.0,1356.26,1143.0,2024-10-01,126.0,12302.0,1.31458206613494,103.886280315206,10 LORONG 29 GEYLANG TORIEVIEW MANSIONS SINGAPORE 388066,5.254696051517615,11.0,4,4,2,7,11,4,2.0,1.0,0,1
SIMSVILLE,1388000.0,979.52,1417.0,2024-10-01,91.0,15253.0,1.31703114737635,103.890499582849,2 GEYLANG EAST AVENUE 2 SIMSVILLE SINGAPORE 389754,5.786575389274496,11.0,4,4,3,6,12,4,4.0,1.0,1,1
EUHABITAT,2060000.0,1582.31,1302.0,2024-10-01,147.0,14014.0,1.32795415126263,103.9070014142,196 JALAN EUNOS EUHABITAT SINGAPORE 419542,7.971961203569236,11.0,2,2,0,2,6,15,1.0,1.0,1,2
GUILIN COURT,1320000.0,1173.28,1125.0,2024-10-01,109.0,12110.0,1.31225854673977,103.884662481524,10 LORONG 26 GEYLANG GUILIN COURT SINGAPORE 398485,4.949942797411857,11.0,3,4,0,7,10,4,1.0,1.0,0,1
PENROSE,1300000.0,645.84,2013.0,2024-10-01,60.0,21667.0,1.31948983025856,103.879994891095,22 SIMS DRIVE PENROSE SINGAPORE 387396,5.166503889250989,11.0,3,4,0,8,9,1,2.0,,0,1
GRANDVIEW SUITES,645000.0,505.91,1275.0,2024-10-01,47.0,13723.0,1.31277604580511,103.882455638462,1 LORONG 22 GEYLANG GRANDVIEW SUITES SINGAPORE 398664,4.805784944271149,11.0,3,3,0,8,9,2,1.0,1.0,0,1
EUHABITAT,720000.0,527.44,1365.0,2024-10-01,49.0,14694.0,1.32795415126263,103.9070014142,196 JALAN EUNOS EUHABITAT SINGAPORE 419542,7.971961203569236,11.0,2,2,0,2,6,15,1.0,1.0,1,2
ASTORIA PARK,1565000.0,1194.8,1310.0,2024-10-01,111.0,14099.0,1.32177770499303,103.91225216665,34 LORONG MYDIN ASTORIA PARK SINGAPORE 416827,8.053226885077692,11.0,1,1,0,2,12,17,3.0,1.0,1,2
TRE RESIDENCES,1680000.0,947.23,1774.0,2024-10-01,88.0,19091.0,1.3172278261209,103.885015905304,9 GEYLANG EAST AVENUE 1 TRE RESIDENCES SINGAPORE 389783,5.353082321074245,11.0,3,3,2,8,9,3,3.0,1.0,1,1
WATERBANK AT DAKOTA,1880000.0,1420.85,1323.0,2024-10-01,132.0,14242.0,1.30647833742136,103.888537197136,76 DAKOTA CRESCENT WATERBANK AT DAKOTA SINGAPORE 399944,4.918518965685704,11.0,3,3,0,5,10,6,2.0,1.0,1,1
SIMS URBAN OASIS,1450000.0,785.77,1845.0,2024-10-01,73.0,19863.0,1.31926710475553,103.880615863782,6 SIMS DRIVE SIMS URBAN OASIS SINGAPORE 387388,5.190897370243519,11.0,3,4,0,8,9,1,2.0,1.0,1,1
PENROSE,1785000.0,958.0,1863.0,2024-10-01,89.0,20056.0,1.31948983025856,103.879994891095,22 SIMS DRIVE PENROSE SINGAPORE 387396,5.166503889250989,11.0,3,4,0,8,9,1,2.0,,0,1
SIMS URBAN OASIS,1800000.0,990.29,1818.0,2024-10-01,92.0,19565.0,1.31926710475553,103.880615863782,6 SIMS DRIVE SIMS URBAN OASIS SINGAPORE 387388,5.190897370243519,11.0,3,4,0,8,9,1,2.0,1.0,1,1
ASTON MANSIONS,1460000.0,1194.8,1222.0,2024-10-01,111.0,13153.0,1.31393251470132,103.890612644048,7 LORONG 42 GEYLANG ASTON MANSIONS SINGAPORE 398028,5.57978728565853,11.0,4,4,3,5,12,6,1.0,1.0,0,1
EVERGREEN VIEW,1169000.0,861.12,1358.0,2024-10-01,80.0,14613.0,1.31352657764499,103.888547680917,15 LORONG 36 GEYLANG EVERGREEN VIEW SINGAPORE 398150,5.371734690468961,11.0,4,4,3,6,11,4,1.0,1.0,0,1
THE SUNNY SPRING,1780000.0,1119.46,1590.0,2024-10-01,104.0,17115.0,1.31219203070087,103.889464697147,50 LORONG 40 GEYLANG THE SUNNY SPRING SINGAPORE 398074,5.3613842782215055,11.0,4,4,3,6,11,5,1.0,1.0,0,1
WATERBANK AT DAKOTA,1680000.0,882.65,1903.0,2024-10-01,82.0,20488.0,1.30647833742136,103.888537197136,76 DAKOTA CRESCENT WATERBANK AT DAKOTA SINGAPORE 399944,4.918518965685704,11.0,3,3,0,5,10,6,2.0,1.0,1,1
PARC ESTA,1063888.0,452.09,2353.0,2024-10-01,42.0,25331.0,1.31786521916555,103.903967184717,904 SIMS AVENUE PARC ESTA SINGAPORE 408968,7.043509290403673,11.0,1,4,0,1,13,16,3.0,1.0,0,1
MILLAGE,738000.0,462.85,1594.0,2024-10-01,43.0,17163.0,1.38854656229022,103.987804503483,1 CHANGI VILLAGE ROAD SINGAPORE 500001,19.183455237444974,11.0,0,1,0,0,0,5,1.0,1.0,0,1
PENROSE,2100000.0,979.52,2144.0,2024-10-01,91.0,23077.0,1.31948983025856,103.879994891095,22 SIMS DRIVE PENROSE SINGAPORE 387396,5.166503889250989,11.0,3,4,0,8,9,1,4.0,,0,1
EUHABITAT,1830000.0,1173.28,1560.0,2024-10-01,109.0,16789.0,1.32795415126263,103.9070014142,196 JALAN EUNOS EUHABITAT SINGAPORE 419542,7.971961203569236,11.0,2,2,0,2,6,15,1.0,1.0,1,2
EUHABITAT,1712000.0,1173.28,1459.0,2024-10-01,109.0,15706.0,1.32795415126263,103.9070014142,196 JALAN EUNOS EUHABITAT SINGAPORE 419542,7.971961203569236,11.0,2,2,0,2,6,15,1.0,1.0,1,2
MATTAR RESIDENCES,1576143.0,656.6,2400.0,2024-10-01,61.0,25838.0,1.32562146026034,103.881811611954,7 MATTAR ROAD MATTAR RESIDENCES SINGAPORE 387716,5.828331618543042,11.0,3,5,0,8,11,5,1.0,1.0,0,1
ESCADA VIEW,1460000.0,1162.51,1256.0,2024-10-01,108.0,13519.0,1.32899344664489,103.91347731741,53 LENGKONG EMPAT ESCADA VIEW SINGAPORE 417657,8.614569394694955,11.0,3,1,0,2,7,13,1.0,1.0,1,2
LE CRESCENDO,1300000.0,914.94,1421.0,2024-10-01,85.0,15294.0,1.33049714674003,103.888409268781,233 PAYA LEBAR ROAD LE CRESCENDO SINGAPORE 409044,6.701977813091088,11.0,4,3,0,6,9,4,1.0,1.0,1,1
GUILLEMARD SUITES,940000.0,613.55,1532.0,2024-10-01,57.0,16491.0,1.31094521852726,103.882721097721,213 GUILLEMARD ROAD GUILLEMARD SUITES SINGAPORE 399733,4.691609257032653,11.0,3,4,0,8,9,3,1.0,1.0,0,1
REZI 3TWO,750000.0,452.09,1659.0,2024-10-01,42.0,17857.0,1.31212753143258,103.886814275583,48 LORONG 32 GEYLANG REZI 3TWO SINGAPORE 398308,5.124457679901286,11.0,5,4,2,7,11,5,1.0,1.0,0,1
PENROSE,1800000.0,947.23,1900.0,2024-10-01,88.0,20455.0,1.31948983025856,103.879994891095,22 SIMS DRIVE PENROSE SINGAPORE 387396,5.166503889250989,11.0,3,4,0,8,9,1,2.0,,0,1
CANAAN,1410503.0,775.01,1820.0,2024-10-01,72.0,19590.0,1.32399443458641,103.863546754589,84 SAINT FRANCIS ROAD CANAAN CENTRE SINGAPORE 328069,4.743145644222147,11.0,2,3,0,10,11,4,1.0,1.0,0,1
PENROSE,1370000.0,645.84,2121.0,2024-10-01,60.0,22833.0,1.31948983025856,103.879994891095,22 SIMS DRIVE PENROSE SINGAPORE 387396,5.166503889250989,11.0,3,4,0,8,9,1,2.0,,0,1
THE WATERINA,3500000.0,2142.04,1634.0,2024-10-01,199.0,17588.0,1.3132821071538,103.89085032363,59 LORONG 40 GEYLANG THE WATERINA SINGAPORE 398082,5.55708137380416,11.0,4,4,3,5,12,5,1.0,1.0,0,1
GUILLEMARD EDGE,961888.0,775.01,1241.0,2024-10-01,72.0,13360.0,1.31200443744473,103.885949377155,38 LORONG 30 GEYLANG GUILLEMARD EDGE SINGAPORE 398371,5.041282413008211,11.0,4,4,1,7,11,5,2.0,1.0,0,1
CANAAN,1657643.0,947.23,1750.0,2024-10-01,88.0,18837.0,1.32399443458641,103.863546754589,84 SAINT FRANCIS ROAD CANAAN CENTRE SINGAPORE 328069,4.743145644222147,11.0,2,3,0,10,11,4,1.0,1.0,0,1
CANAAN,1998213.0,1280.92,1560.0,2024-10-01,119.0,16792.0,1.32399443458641,103.863546754589,84 SAINT FRANCIS ROAD CANAAN CENTRE SINGAPORE 328069,4.743145644222147,11.0,2,3,0,10,11,4,1.0,1.0,0,1
D'OASIA,945000.0,570.49,1656.0,2024-10-01,53.0,17830.0,1.31966969295307,103.910261197479,11 LORONG MELAYU D'OASIA SINGAPORE 416905,7.741970201225104,11.0,2,1,0,2,13,14,1.0,1.0,0,2
WATERBANK AT DAKOTA,2520000.0,1259.39,2001.0,2024-10-01,117.0,21538.0,1.30647833742136,103.888537197136,76 DAKOTA CRESCENT WATERBANK AT DAKOTA SINGAPORE 399944,4.918518965685704,11.0,3,3,0,5,10,6,3.0,1.0,1,1
PENROSE,910000.0,473.62,1921.0,2024-10-01,44.0,20682.0,1.31948983025856,103.879994891095,22 SIMS DRIVE PENROSE SINGAPORE 387396,5.166503889250989,11.0,3,4,0,8,9,1,1.0,,0,1
EUHABITAT,730000.0,527.44,1384.0,2024-10-01,49.0,14898.0,1.32795415126263,103.9070014142,196 JALAN EUNOS EUHABITAT SINGAPORE 419542,7.971961203569236,11.0,2,2,0,2,6,15,1.0,1.0,1,2
CASSIA VIEW,1760000.0,1151.75,1528.0,2024-10-01,107.0,16449.0,1.31103276112231,103.886630140814,320 GUILLEMARD ROAD CASSIA VIEW SINGAPORE 399746,5.033091805099718,11.0,4,2,1,7,11,5,2.0,1.0,0,1
ESCADA VIEW,800000.0,775.01,1032.0,2024-10-01,72.0,11111.0,1.32899344664489,103.91347731741,53 LENGKONG EMPAT ESCADA VIEW SINGAPORE 417657,8.614569394694955,11.0,3,1,0,2,7,13,1.0,1.0,1,2
PARC ESTA,1590000.0,731.95,2172.0,2024-10-01,68.0,23382.0,1.31786521916555,103.903967184717,904 SIMS AVENUE PARC ESTA SINGAPORE 408968,7.043509290403673,11.0,1,4,0,1,13,16,1.0,1.0,0,1
PARC ESTA,2500000.0,1151.75,2171.0,2024-10-01,107.0,23364.0,1.31786521916555,103.903967184717,904 SIMS AVENUE PARC ESTA SINGAPORE 408968,7.043509290403673,11.0,1,4,0,1,13,16,4.0,1.0,0,1
PARC ESTA,2290000.0,1022.58,2239.0,2024-10-01,95.0,24105.0,1.31786521916555,103.903967184717,904 SIMS AVENUE PARC ESTA SINGAPORE 408968,7.043509290403673,11.0,1,4,0,1,13,16,2.0,1.0,0,1
PENROSE,2220000.0,1054.87,2105.0,2024-10-01,98.0,22653.0,1.31948983025856,103.879994891095,22 SIMS DRIVE PENROSE SINGAPORE 387396,5.166503889250989,11.0,3,4,0,8,9,1,3.0,,0,1
PARC ESTA,2250000.0,1022.58,2200.0,2024-10-01,95.0,23684.0,1.31786521916555,103.903967184717,904 SIMS AVENUE PARC ESTA SINGAPORE 408968,7.043509290403673,11.0,1,4,0,1,13,16,1.0,1.0,0,1
SIMS URBAN OASIS,1850000.0,958.0,1931.0,2024-10-01,89.0,20787.0,1.31926710475553,103.880615863782,6 SIMS DRIVE SIMS URBAN OASIS SINGAPORE 387388,5.190897370243519,11.0,3,4,0,8,9,1,3.0,1.0,1,1
SIMS URBAN OASIS,1485000.0,785.77,1890.0,2024-10-01,73.0,20342.0,1.31926710475553,103.880615863782,6 SIMS DRIVE SIMS URBAN OASIS SINGAPORE 387388,5.190897370243519,11.0,3,4,0,8,9,1,2.0,1.0,1,1
28 IMPERIAL RESIDENCES,850000.0,484.38,1755.0,2024-10-01,45.0,18889.0,1.311780119269,103.884605770106,28 LORONG 26 GEYLANG 28 IMPERIAL RESIDENCES SINGAPORE 398495,4.910721054286701,11.0,3,3,0,7,10,5,1.0,1.0,0,1
PENROSE,2250000.0,1044.11,2155.0,2024-10-01,97.0,23196.0,1.31948983025856,103.879994891095,22 SIMS DRIVE PENROSE SINGAPORE 387396,5.166503889250989,11.0,3,4,0,8,9,1,4.0,,0,1
PENROSE,946000.0,473.62,1997.0,2024-10-01,44.0,21500.0,1.31948983025856,103.879994891095,22 SIMS DRIVE PENROSE SINGAPORE 387396,5.166503889250989,11.0,3,4,0,8,9,1,3.0,,0,1
GEMS VILLE,1528000.0,796.54,1918.0,2024-10-01,74.0,20649.0,1.31297838670543,103.877757621351,8 LORONG 13 GEYLANG GEMS VILLE SINGAPORE 389901,4.456014953033219,11.0,3,3,0,10,8,0,1.0,0.0,0,1
PAVILION SQUARE,650000.0,398.27,1632.0,2024-10-01,37.0,17568.0,1.31297800060859,103.879770800217,345 GEYLANG ROAD PAVILION SQUARE SINGAPORE 389366,4.608727400946871,11.0,3,4,0,10,10,1,1.0,1.0,0,1
BLISS RESIDENCES,1207000.0,839.59,1438.0,2024-10-01,78.0,15474.0,1.32012879856897,103.91212772924,17 JALAN MASJID BLISS RESIDENCES SINGAPORE 418942,7.945787384352488,11.0,1,1,0,2,12,17,1.0,1.0,0,2
PENROSE,1880000.0,947.23,1985.0,2024-10-01,88.0,21364.0,1.31948983025856,103.879994891095,22 SIMS DRIVE PENROSE SINGAPORE 387396,5.166503889250989,11.0,3,4,0,8,9,1,4.0,,0,1
STARVILLE,1630000.0,1237.86,1317.0,2024-10-01,115.0,14174.0,1.32826483616522,103.912067534158,66 LENGKONG TIGA STARVILLE SINGAPORE 417471,8.44041551036464,11.0,3,1,0,2,7,15,1.0,1.0,1,2
WATERBANK AT DAKOTA,2700000.0,1259.39,2144.0,2024-10-01,117.0,23077.0,1.30647833742136,103.888537197136,76 DAKOTA CRESCENT WATERBANK AT DAKOTA SINGAPORE 399944,4.918518965685704,11.0,3,3,0,5,10,6,4.0,1.0,1,1
WINDY HEIGHTS,3000000.0,2475.72,1212.0,2024-10-01,230.0,13043.0,1.32664204297673,103.910617408664,84 JALAN DAUD WINDY HEIGHTS SINGAPORE 419593,8.204206295506795,11.0,2,2,0,2,7,16,1.0,1.0,1,2
PARC ESTA,1950000.0,904.18,2157.0,2024-10-01,84.0,23214.0,1.31786521916555,103.903967184717,904 SIMS AVENUE PARC ESTA SINGAPORE 408968,7.043509290403673,11.0,1,4,0,1,13,16,1.0,1.0,0,1
WING FONG MANSIONS,1140000.0,1130.22,1009.0,2024-10-01,105.0,10857.0,1.31057552074486,103.879078933752,12 LORONG 14 GEYLANG WING FONG MANSIONS SINGAPORE 398924,4.366074173360566,11.0,4,4,1,10,9,1,1.0,1.0,0,1
TRE RESIDENCES,1385000.0,764.24,1812.0,2024-10-01,71.0,19507.0,1.3172278261209,103.885015905304,9 GEYLANG EAST AVENUE 1 TRE RESIDENCES SINGAPORE 389783,5.353082321074245,11.0,3,3,2,8,9,3,4.0,1.0,1,1
DAKOTA RESIDENCES,2350000.0,1313.21,1790.0,2024-10-01,122.0,19262.0,1.30637270876178,103.88708549006,34 DAKOTA CRESCENT DAKOTA RESIDENCES SINGAPORE 399936,4.7757251422267535,11.0,3,3,0,6,10,5,1.0,1.0,1,1
TORIEVILLE,1000000.0,1022.58,978.0,2024-10-01,95.0,10526.0,1.30976631711074,103.876878105707,47 LORONG 6 GEYLANG TORIE VILLE SINGAPORE 399202,4.129666215374106,11.0,3,3,2,10,8,2,1.0,1.0,0,1
PENROSE,1800000.0,958.0,1879.0,2024-10-01,89.0,20225.0,1.31948983025856,103.879994891095,22 SIMS DRIVE PENROSE SINGAPORE 387396,5.166503889250989,11.0,3,4,0,8,9,1,2.0,,0,1
MATTAR RESIDENCES,1897000.0,893.41,2123.0,2024-10-01,83.0,22855.0,1.32562146026034,103.881811611954,7 MATTAR ROAD MATTAR RESIDENCES SINGAPORE 387716,5.828331618543042,11.0,3,5,0,8,11,5,1.0,1.0,0,1
PENROSE,1250000.0,645.84,1935.0,2024-10-01,60.0,20833.0,1.31948983025856,103.879994891095,22 SIMS DRIVE PENROSE SINGAPORE 387396,5.166503889250989,11.0,3,4,0,8,9,1,2.0,,0,1
DAKOTA RESIDENCES,1840000.0,1044.11,1762.0,2024-09-01,97.0,18969.0,1.30637270876178,103.88708549006,34 DAKOTA CRESCENT DAKOTA RESIDENCES SINGAPORE 399936,4.7757251422267535,12.0,3,3,0,6,10,5,3.0,1.0,1,1
THE TRUMPS,2550000.0,1356.26,1880.0,2024-09-01,126.0,20238.0,1.32002610262337,103.91348728953,1 JALAN KEMBANGAN THE TRUMPS SINGAPORE 419154,8.069943599460245,12.0,1,0,0,2,12,18,3.0,1.0,1,2
PAYA LEBAR RESIDENCES,2310000.0,1280.92,1803.0,2024-09-01,119.0,19412.0,1.31752143815241,103.891475654733,27 PAYA LEBAR ROAD PAYA LEBAR RESIDENCES SINGAPORE 409042,5.904426206584732,12.0,4,4,3,4,12,4,3.0,1.0,0,1
PARC ESTA,1618000.0,721.19,2244.0,2024-09-01,67.0,24149.0,1.31786521916555,103.903967184717,904 SIMS AVENUE PARC ESTA SINGAPORE 408968,7.043509290403673,12.0,1,4,0,1,13,16,4.0,1.0,0,1
CENTRAL GROVE,1750000.0,1216.33,1439.0,2024-09-01,113.0,15487.0,1.31623494982413,103.884417981377,3 GEYLANG EAST AVENUE 1 CENTRAL GROVE SINGAPORE 389779,5.228491443172765,12.0,4,5,1,8,9,3,1.0,1.0,1,1
CANAAN,1441503.0,775.01,1860.0,2024-09-01,72.0,20021.0,1.32399443458641,103.863546754589,84 SAINT FRANCIS ROAD CANAAN CENTRE SINGAPORE 328069,4.743145644222147,12.0,2,3,0,10,11,4,1.0,1.0,0,1
CENTRA HEIGHTS,828000.0,462.85,1789.0,2024-09-01,43.0,19256.0,1.31629397762889,103.88657418395,455 SIMS AVENUE CENTRA HEIGHTS SINGAPORE 387607,5.406260020602187,12.0,4,4,3,7,11,4,2.0,1.0,0,1
PENROSE,946000.0,473.62,1997.0,2024-09-01,44.0,21500.0,1.31948983025856,103.879994891095,22 SIMS DRIVE PENROSE SINGAPORE 387396,5.166503889250989,12.0,3,4,0,8,9,1,3.0,,0,1
SIMS URBAN OASIS,2018000.0,1033.34,1953.0,2024-09-01,96.0,21021.0,1.31926710475553,103.880615863782,6 SIMS DRIVE SIMS URBAN OASIS SINGAPORE 387388,5.190897370243519,12.0,3,4,0,8,9,1,3.0,1.0,1,1
SIMSVILLE,1288000.0,968.76,1330.0,2024-09-01,90.0,14311.0,1.31703114737635,103.890499582849,2 GEYLANG EAST AVENUE 2 SIMSVILLE SINGAPORE 389754,5.786575389274496,12.0,4,4,3,6,12,4,2.0,1.0,1,1
GEMS VILLE,2288000.0,1130.22,2024.0,2024-09-01,105.0,21790.0,1.31297838670543,103.877757621351,8 LORONG 13 GEYLANG GEMS VILLE SINGAPORE 389901,4.456014953033219,12.0,3,3,0,10,8,0,2.0,0.0,0,1
METRO LOFT,730000.0,452.09,1615.0,2024-09-01,42.0,17381.0,1.31417031455963,103.883562175927,5 LORONG 27 GEYLANG METRO LOFT SINGAPORE 388158,5.001192040278531,12.0,3,4,0,8,9,4,1.0,1.0,0,1
SILVERSCAPE,655000.0,409.03,1601.0,2024-09-01,38.0,17237.0,1.31256998658763,103.887209225771,39 LORONG 32 GEYLANG SILVERSCAPE SINGAPORE 398299,5.189405207979182,12.0,5,4,2,7,11,5,1.0,1.0,0,1
TEDGE,1600000.0,925.7,1728.0,2024-09-01,86.0,18605.0,1.3180672677589,103.908811491066,328 CHANGI ROAD TEDGE SINGAPORE 419803,7.512024356099393,12.0,2,1,0,1,14,15,1.0,,0,2
ZYANYA,1866000.0,893.41,2089.0,2024-09-01,83.0,22482.0,1.31392103072017,103.883276357397,8 LORONG 25A GEYLANG ZYANYA SINGAPORE 388222,4.959147064738651,12.0,3,4,0,8,9,3,2.0,0.0,0,1
SIMS RESIDENCES,1330000.0,1184.04,1123.0,2024-09-01,110.0,12091.0,1.31607412947418,103.891092837354,8 LORONG 39 GEYLANG SIMS RESIDENCES SINGAPORE 387882,5.769235671840805,12.0,4,3,3,5,12,4,1.0,1.0,0,1
EUHABITAT,720000.0,516.67,1394.0,2024-09-01,48.0,15000.0,1.32795415126263,103.9070014142,196 JALAN EUNOS EUHABITAT SINGAPORE 419542,7.971961203569236,12.0,2,2,0,2,6,15,1.0,1.0,1,2
THE ANTARES,1600000.0,731.95,2186.0,2024-09-01,68.0,23529.0,1.32541778538724,103.883403765337,23 MATTAR ROAD THE ANTARES SINGAPORE 387730,5.916441166611573,12.0,4,4,0,8,9,4,3.0,1.0,0,1
PRIMEDGE,672000.0,441.32,1523.0,2024-09-01,41.0,16390.0,1.31253129900962,103.888139939124,45 LORONG 34 GEYLANG PRIMEDGE SINGAPORE 398236,5.2675901930288065,12.0,5,4,2,7,11,5,1.0,1.0,0,1
STARVILLE,1721000.0,1237.86,1390.0,2024-09-01,115.0,14965.0,1.32826483616522,103.912067534158,66 LENGKONG TIGA STARVILLE SINGAPORE 417471,8.44041551036464,12.0,3,1,0,2,7,15,1.0,1.0,1,2
DAKOTA RESIDENCES,3300000.0,1829.88,1803.0,2024-09-01,170.0,19412.0,1.30637270876178,103.88708549006,34 DAKOTA CRESCENT DAKOTA RESIDENCES SINGAPORE 399936,4.7757251422267535,12.0,3,3,0,6,10,5,2.0,1.0,1,1
D'WEAVE,720000.0,419.8,1715.0,2024-09-01,39.0,18462.0,1.31554107907724,103.890458266408,5 LORONG 39 GEYLANG D'WEAVE SINGAPORE 387866,5.67725259584862,12.0,4,4,3,5,13,4,2.0,1.0,0,1
WATERBANK AT DAKOTA,1300000.0,624.31,2082.0,2024-09-01,58.0,22414.0,1.30647833742136,103.888537197136,76 DAKOTA CRESCENT WATERBANK AT DAKOTA SINGAPORE 399944,4.918518965685704,12.0,3,3,0,5,10,6,3.0,1.0,1,1
THE ANTARES,1580000.0,818.06,1931.0,2024-09-01,76.0,20789.0,1.32541778538724,103.883403765337,23 MATTAR ROAD THE ANTARES SINGAPORE 387730,5.916441166611573,12.0,4,4,0,8,9,4,1.0,1.0,0,1
VACANZA @ EAST,1700000.0,1022.58,1662.0,2024-09-01,95.0,17895.0,1.32901984483655,103.914196223923,36 LENGKONG TUJOH VACANZA @ EAST SINGAPORE 417391,8.680985857703446,12.0,3,1,0,2,8,12,2.0,1.0,1,2
PENROSE,1320000.0,645.84,2044.0,2024-09-01,60.0,22000.0,1.31948983025856,103.879994891095,22 SIMS DRIVE PENROSE SINGAPORE 387396,5.166503889250989,12.0,3,4,0,8,9,1,4.0,,0,1
DAKOTA RESIDENCES,2275000.0,1313.21,1732.0,2024-09-01,122.0,18648.0,1.30637270876178,103.88708549006,34 DAKOTA CRESCENT DAKOTA RESIDENCES SINGAPORE 399936,4.7757251422267535,12.0,3,3,0,6,10,5,1.0,1.0,1,1
PENROSE,2400000.0,1184.04,2027.0,2024-09-01,110.0,21818.0,1.31948983025856,103.879994891095,22 SIMS DRIVE PENROSE SINGAPORE 387396,5.166503889250989,12.0,3,4,0,8,9,1,1.0,,0,1
GUILLEMARD SUITES,900000.0,613.55,1467.0,2024-09-01,57.0,15789.0,1.31094521852726,103.882721097721,213 GUILLEMARD ROAD GUILLEMARD SUITES SINGAPORE 399733,4.691609257032653,12.0,3,4,0,8,9,3,1.0,1.0,0,1
PENROSE,2360000.0,1054.87,2237.0,2024-09-01,98.0,24082.0,1.31948983025856,103.879994891095,22 SIMS DRIVE PENROSE SINGAPORE 387396,5.166503889250989,12.0,3,4,0,8,9,1,4.0,,0,1
PENROSE,1270000.0,645.84,1966.0,2024-09-01,60.0,21167.0,1.31948983025856,103.879994891095,22 SIMS DRIVE PENROSE SINGAPORE 387396,5.166503889250989,12.0,3,4,0,8,9,1,2.0,,0,1
CENTRAL GROVE,1685000.0,1216.33,1385.0,2024-09-01,113.0,14912.0,1.31623494982413,103.884417981377,3 GEYLANG EAST AVENUE 1 CENTRAL GROVE SINGAPORE 389779,5.228491443172765,12.0,4,5,1,8,9,3,2.0,1.0,1,1
PENROSE,1550000.0,710.42,2182.0,2024-09-01,66.0,23485.0,1.31948983025856,103.879994891095,22 SIMS DRIVE PENROSE SINGAPORE 387396,5.166503889250989,12.0,3,4,0,8,9,1,3.0,,0,1
D'WEAVE,1345000.0,839.59,1602.0,2024-09-01,78.0,17244.0,1.31554107907724,103.890458266408,5 LORONG 39 GEYLANG D'WEAVE SINGAPORE 387866,5.67725259584862,12.0,4,4,3,5,13,4,2.0,1.0,0,1
PARC ESTA,2380000.0,1001.05,2377.0,2024-09-01,93.0,25591.0,1.31786521916555,103.903967184717,904 SIMS AVENUE PARC ESTA SINGAPORE 408968,7.043509290403673,12.0,1,4,0,1,13,16,4.0,1.0,0,1
PENROSE,1280000.0,645.84,1982.0,2024-09-01,60.0,21333.0,1.31948983025856,103.879994891095,22 SIMS DRIVE PENROSE SINGAPORE 387396,5.166503889250989,12.0,3,4,0,8,9,1,3.0,,0,1
PARC ESTA,2130888.0,958.0,2224.0,2024-09-01,89.0,23943.0,1.31786521916555,103.903967184717,904 SIMS AVENUE PARC ESTA SINGAPORE 408968,7.043509290403673,12.0,1,4,0,1,13,16,1.0,1.0,0,1
PARK PLACE RESIDENCES AT PLQ,1420000.0,645.84,2199.0,2024-09-01,60.0,23667.0,1.31583675363618,103.892746648427,2 PAYA LEBAR ROAD PARK PLACE RESIDENCES AT PLQ SINGAPORE 409053,5.896537427358871,12.0,3,3,3,4,12,6,2.0,1.0,0,1
CANAAN,1426003.0,775.01,1840.0,2024-09-01,72.0,19806.0,1.32399443458641,103.863546754589,84 SAINT FRANCIS ROAD CANAAN CENTRE SINGAPORE 328069,4.743145644222147,12.0,2,3,0,10,11,4,1.0,1.0,0,1
TRE RESIDENCES,1410000.0,861.12,1637.0,2024-09-01,80.0,17625.0,1.3172278261209,103.885015905304,9 GEYLANG EAST AVENUE 1 TRE RESIDENCES SINGAPORE 389783,5.353082321074245,12.0,3,3,2,8,9,3,1.0,1.0,1,1
THE ALCOVE,1500000.0,1377.79,1089.0,2024-09-01,128.0,11719.0,1.31400655260741,103.884015328938,10 LORONG 27 GEYLANG THE ALCOVE SINGAPORE 388199,5.025483913717779,12.0,4,4,0,8,9,4,2.0,1.0,0,1
METRO LOFT,720000.0,452.09,1593.0,2024-09-01,42.0,17143.0,1.31417031455963,103.883562175927,5 LORONG 27 GEYLANG METRO LOFT SINGAPORE 388158,5.001192040278531,12.0,3,4,0,8,9,4,2.0,1.0,0,1
33 RESIDENCES,1220000.0,753.48,1619.0,2024-09-01,70.0,17429.0,1.31198083528283,103.886532676904,33 LORONG 30 GEYLANG 33 RESIDENCES SINGAPORE 398366,5.089891829855762,12.0,5,4,1,7,11,5,1.0,1.0,0,1
WATERBANK AT DAKOTA,2780000.0,1571.54,1769.0,2024-09-01,146.0,19041.0,1.30647833742136,103.888537197136,76 DAKOTA CRESCENT WATERBANK AT DAKOTA SINGAPORE 399944,4.918518965685704,12.0,3,3,0,5,10,6,1.0,1.0,1,1
PARC ESTA,1395000.0,635.08,2197.0,2024-09-01,59.0,23644.0,1.31786521916555,103.903967184717,904 SIMS AVENUE PARC ESTA SINGAPORE 408968,7.043509290403673,12.0,1,4,0,1,13,16,2.0,1.0,0,1
PARC ESTA,1370000.0,602.78,2273.0,2024-09-01,56.0,24464.0,1.31786521916555,103.903967184717,904 SIMS AVENUE PARC ESTA SINGAPORE 408968,7.043509290403673,12.0,1,4,0,1,13,16,2.0,1.0,0,1
PARC ESTA,1235000.0,527.44,2342.0,2024-09-01,49.0,25204.0,1.31786521916555,103.903967184717,904 SIMS AVENUE PARC ESTA SINGAPORE 408968,7.043509290403673,12.0,1,4,0,1,13,16,4.0,1.0,0,1
MELOSA,682000.0,430.56,1584.0,2024-09-01,40.0,17050.0,1.31253733235708,103.885402784916,28 LORONG 28 GEYLANG MELOSA SINGAPORE 398432,5.032539138387234,12.0,4,4,1,7,11,4,1.0,1.0,0,1
THE SUNNY SPRING,1980000.0,1194.8,1657.0,2024-09-01,111.0,17838.0,1.31219203070087,103.889464697147,50 LORONG 40 GEYLANG THE SUNNY SPRING SINGAPORE 398074,5.3613842782215055,12.0,4,4,3,6,11,5,2.0,1.0,0,1
PARC ESTA,1168000.0,527.44,2214.0,2024-09-01,49.0,23837.0,1.31786521916555,103.903967184717,904 SIMS AVENUE PARC ESTA SINGAPORE 408968,7.043509290403673,12.0,1,4,0,1,13,16,3.0,1.0,0,1
WATERBANK AT DAKOTA,1330000.0,624.31,2130.0,2024-09-01,58.0,22931.0,1.30647833742136,103.888537197136,76 DAKOTA CRESCENT WATERBANK AT DAKOTA SINGAPORE 399944,4.918518965685704,12.0,3,3,0,5,10,6,3.0,1.0,1,1
EUHABITAT,718000.0,516.67,1390.0,2024-09-01,48.0,14958.0,1.32795415126263,103.9070014142,196 JALAN EUNOS EUHABITAT SINGAPORE 419542,7.971961203569236,12.0,2,2,0,2,6,15,1.0,1.0,1,2
PENROSE,1540000.0,699.66,2201.0,2024-09-01,65.0,23692.0,1.31948983025856,103.879994891095,22 SIMS DRIVE PENROSE SINGAPORE 387396,5.166503889250989,12.0,3,4,0,8,9,1,2.0,,0,1
MATTAR RESIDENCES,1675000.0,710.42,2358.0,2024-09-01,66.0,25379.0,1.32562146026034,103.881811611954,7 MATTAR ROAD MATTAR RESIDENCES SINGAPORE 387716,5.828331618543042,12.0,3,5,0,8,11,5,1.0,1.0,0,1
VICENTA LODGE,1580000.0,1270.15,1244.0,2024-09-01,118.0,13390.0,1.32059857195485,103.909742944202,22 LORONG MARZUKI VICENTA LODGE SINGAPORE 417067,7.747522741045532,12.0,2,1,0,2,12,15,1.0,1.0,0,2
VACANZA @ EAST,2198000.0,1603.84,1370.0,2024-09-01,149.0,14752.0,1.32901984483655,103.914196223923,36 LENGKONG TUJOH VACANZA @ EAST SINGAPORE 417391,8.680985857703446,12.0,3,1,0,2,8,12,3.0,1.0,1,2
PALMERA EAST,715000.0,430.56,1661.0,2024-09-01,40.0,17875.0,1.32088202092246,103.910092007142,29 LORONG MELAYU PALMERA EAST SINGAPORE 416914,7.797123839454816,12.0,2,1,0,2,12,15,1.0,1.0,0,2
ASTORIA PARK,1240000.0,958.0,1294.0,2024-09-01,89.0,13933.0,1.32177770499303,103.91225216665,34 LORONG MYDIN ASTORIA PARK SINGAPORE 416827,8.053226885077692,12.0,1,1,0,2,12,17,3.0,1.0,1,2
PARC ESTA,1000000.0,452.09,2212.0,2024-09-01,42.0,23810.0,1.31786521916555,103.903967184717,904 SIMS AVENUE PARC ESTA SINGAPORE 408968,7.043509290403673,12.0,1,4,0,1,13,16,3.0,1.0,0,1
PARC ESTA,2320000.0,1022.58,2269.0,2024-08-01,95.0,24421.0,1.31786521916555,103.903967184717,904 SIMS AVENUE PARC ESTA SINGAPORE 408968,7.043509290403673,13.0,1,4,0,1,13,16,3.0,1.0,0,1
WATERBANK AT DAKOTA,2470000.0,1184.04,2086.0,2024-08-01,110.0,22455.0,1.30647833742136,103.888537197136,76 DAKOTA CRESCENT WATERBANK AT DAKOTA SINGAPORE 399944,4.918518965685704,13.0,3,3,0,5,10,6,1.0,1.0,1,1
PENROSE,1835000.0,936.47,1959.0,2024-08-01,87.0,21092.0,1.31948983025856,103.879994891095,22 SIMS DRIVE PENROSE SINGAPORE 387396,5.166503889250989,13.0,3,4,0,8,9,1,2.0,,0,1
PENROSE,1880000.0,936.47,2008.0,2024-08-01,87.0,21609.0,1.31948983025856,103.879994891095,22 SIMS DRIVE PENROSE SINGAPORE 387396,5.166503889250989,13.0,3,4,0,8,9,1,4.0,,0,1
COSMO,1270000.0,710.42,1788.0,2024-08-01,66.0,19242.0,1.30957643997194,103.881039620932,18 GUILLEMARD CRESCENT COSMO SINGAPORE 399914,4.451122722705213,13.0,4,4,1,9,9,1,1.0,1.0,0,1
CENTRAL GROVE,1620000.0,1345.5,1204.0,2024-08-01,125.0,12960.0,1.31623494982413,103.884417981377,3 GEYLANG EAST AVENUE 1 CENTRAL GROVE SINGAPORE 389779,5.228491443172765,13.0,4,5,1,8,9,3,1.0,1.0,1,1
PENROSE,2100000.0,968.76,2168.0,2024-08-01,90.0,23333.0,1.31948983025856,103.879994891095,22 SIMS DRIVE PENROSE SINGAPORE 387396,5.166503889250989,13.0,3,4,0,8,9,1,3.0,,0,1
SIMS URBAN OASIS,859000.0,462.85,1856.0,2024-08-01,43.0,19977.0,1.31926710475553,103.880615863782,6 SIMS DRIVE SIMS URBAN OASIS SINGAPORE 387388,5.190897370243519,13.0,3,4,0,8,9,1,1.0,1.0,1,1
THE NAVIAN,1088888.0,656.6,1658.0,2024-08-01,61.0,17851.0,1.32780887766582,103.906399584482,178 JALAN EUNOS THE NAVIAN SINGAPORE 419530,7.909635869494765,13.0,3,1,0,2,6,14,1.0,1.0,0,2
PARC ESTA,2040000.0,914.94,2230.0,2024-08-01,85.0,24000.0,1.31786521916555,103.903967184717,904 SIMS AVENUE PARC ESTA SINGAPORE 408968,7.043509290403673,13.0,1,4,0,1,13,16,1.0,1.0,0,1
D'WEAVE,900000.0,559.73,1608.0,2024-08-01,52.0,17308.0,1.31554107907724,103.890458266408,5 LORONG 39 GEYLANG D'WEAVE SINGAPORE 387866,5.67725259584862,13.0,4,4,3,5,13,4,2.0,1.0,0,1
THE SUNNY SPRING,1430000.0,1270.15,1126.0,2024-08-01,118.0,12119.0,1.31219203070087,103.889464697147,50 LORONG 40 GEYLANG THE SUNNY SPRING SINGAPORE 398074,5.3613842782215055,13.0,4,4,3,6,11,5,1.0,1.0,0,1
REZI 35,1398000.0,925.7,1510.0,2024-08-01,86.0,16256.0,1.31572120937619,103.888837131268,20 LORONG 35 GEYLANG REZI 35 SINGAPORE 387949,5.551839737035237,13.0,4,4,3,6,13,4,1.0,1.0,0,1
GUILLEMARD SUITES,800000.0,484.38,1652.0,2024-08-01,45.0,17778.0,1.31094521852726,103.882721097721,213 GUILLEMARD ROAD GUILLEMARD SUITES SINGAPORE 399733,4.691609257032653,13.0,3,4,0,8,9,3,1.0,1.0,0,1
PARC ESTA,1360000.0,635.08,2141.0,2024-08-01,59.0,23051.0,1.31786521916555,103.903967184717,904 SIMS AVENUE PARC ESTA SINGAPORE 408968,7.043509290403673,13.0,1,4,0,1,13,16,2.0,1.0,0,1
THE WATERINA,2630000.0,1302.44,2019.0,2024-08-01,121.0,21736.0,1.3132821071538,103.89085032363,59 LORONG 40 GEYLANG THE WATERINA SINGAPORE 398082,5.55708137380416,13.0,4,4,3,5,12,5,2.0,1.0,0,1
SUNFLOWER VIEW,1270000.0,1011.82,1255.0,2024-08-01,94.0,13511.0,1.31288444198327,103.888327290325,30 LORONG 36 GEYLANG SUNFLOWER VIEW SINGAPORE 398162,5.30818701585947,13.0,5,4,3,6,11,6,1.0,1.0,0,1
SIXTEEN35 RESIDENCES,988000.0,624.31,1583.0,2024-08-01,58.0,17034.0,1.31547407018063,103.888827552085,16 LORONG 35 GEYLANG SIXTEEN35 RESIDENCES SINGAPORE 387946,5.533258263987247,13.0,4,4,3,6,12,4,1.0,1.0,0,1
SKT MANSIONS,1222000.0,1011.82,1208.0,2024-08-01,94.0,13000.0,1.31469684747176,103.882628937424,38 LORONG 25 GEYLANG SKT MANSIONS SINGAPORE 388307,4.967360744758596,13.0,3,4,0,8,9,3,1.0,1.0,0,1
PENROSE,1708888.0,807.3,2117.0,2024-08-01,75.0,22785.0,1.31948983025856,103.879994891095,22 SIMS DRIVE PENROSE SINGAPORE 387396,5.166503889250989,13.0,3,4,0,8,9,1,4.0,,0,1
SIXTEEN35 RESIDENCES,998000.0,624.31,1599.0,2024-08-01,58.0,17207.0,1.31547407018063,103.888827552085,16 LORONG 35 GEYLANG SIXTEEN35 RESIDENCES SINGAPORE 387946,5.533258263987247,13.0,4,4,3,6,12,4,2.0,1.0,0,1
PARC ESTA,1388000.0,635.08,2186.0,2024-08-01,59.0,23525.0,1.31786521916555,103.903967184717,904 SIMS AVENUE PARC ESTA SINGAPORE 408968,7.043509290403673,13.0,1,4,0,1,13,16,4.0,1.0,0,1
PARC ESTA,1050000.0,452.09,2323.0,2024-08-01,42.0,25000.0,1.31786521916555,103.903967184717,904 SIMS AVENUE PARC ESTA SINGAPORE 408968,7.043509290403673,13.0,1,4,0,1,13,16,3.0,1.0,0,1
PENROSE,2000000.0,936.47,2136.0,2024-08-01,87.0,22989.0,1.31948983025856,103.879994891095,22 SIMS DRIVE PENROSE SINGAPORE 387396,5.166503889250989,13.0,3,4,0,8,9,1,2.0,,0,1
MILLAGE,710000.0,419.8,1691.0,2024-08-01,39.0,18205.0,1.38854656229022,103.987804503483,1 CHANGI VILLAGE ROAD SINGAPORE 500001,19.183455237444974,13.0,0,1,0,0,0,5,2.0,1.0,0,1
SIMSVILLE,1750000.0,1248.62,1402.0,2024-08-01,116.0,15086.0,1.31703114737635,103.890499582849,2 GEYLANG EAST AVENUE 2 SIMSVILLE SINGAPORE 389754,5.786575389274496,13.0,4,4,3,6,12,4,2.0,1.0,1,1
PRIME RESIDENCE,750000.0,527.44,1422.0,2024-08-01,49.0,15306.0,1.31118981428433,103.882466535926,41 LORONG 22 GEYLANG PRIME RESIDENCE SINGAPORE 398697,4.688267126786674,13.0,3,4,0,8,9,2,1.0,1.0,0,1
CENTRAL GROVE,1468880.0,1022.58,1436.0,2024-08-01,95.0,15462.0,1.31623494982413,103.884417981377,3 GEYLANG EAST AVENUE 1 CENTRAL GROVE SINGAPORE 389779,5.228491443172765,13.0,4,5,1,8,9,3,1.0,1.0,1,1
CASSIA EDGE,1000000.0,710.42,1408.0,2024-08-01,66.0,15152.0,1.3115742491255,103.885828118166,343 GUILLEMARD ROAD CASSIA EDGE SINGAPORE 399764,5.000687919837781,13.0,4,3,1,7,11,5,1.0,1.0,0,1
VACANZA @ EAST,1178000.0,807.3,1459.0,2024-08-01,75.0,15707.0,1.32901984483655,103.914196223923,36 LENGKONG TUJOH VACANZA @ EAST SINGAPORE 417391,8.680985857703446,13.0,3,1,0,2,8,12,1.0,1.0,1,2
PARK PLACE RESIDENCES AT PLQ,1075000.0,484.38,2219.0,2024-08-01,45.0,23889.0,1.31583675363618,103.892746648427,2 PAYA LEBAR ROAD PARK PLACE RESIDENCES AT PLQ SINGAPORE 409053,5.896537427358871,13.0,3,3,3,4,12,6,2.0,1.0,0,1
PARC ESTA,1918888.0,839.59,2286.0,2024-08-01,78.0,24601.0,1.31786521916555,103.903967184717,904 SIMS AVENUE PARC ESTA SINGAPORE 408968,7.043509290403673,13.0,1,4,0,1,13,16,2.0,1.0,0,1
SIMS URBAN OASIS,2000000.0,1033.34,1935.0,2024-08-01,96.0,20833.0,1.31926710475553,103.880615863782,6 SIMS DRIVE SIMS URBAN OASIS SINGAPORE 387388,5.190897370243519,13.0,3,4,0,8,9,1,4.0,1.0,1,1
WING FONG MANSIONS,1120000.0,1130.22,991.0,2024-08-01,105.0,10667.0,1.31057552074486,103.879078933752,12 LORONG 14 GEYLANG WING FONG MANSIONS SINGAPORE 398924,4.366074173360566,13.0,4,4,1,10,9,1,1.0,1.0,0,1
GRANDVIEW SUITES,580000.0,376.74,1540.0,2024-08-01,35.0,16571.0,1.31277604580511,103.882455638462,1 LORONG 22 GEYLANG GRANDVIEW SUITES SINGAPORE 398664,4.805784944271149,13.0,3,3,0,8,9,2,1.0,1.0,0,1
GEMS VILLE,1150000.0,516.67,2226.0,2024-08-01,48.0,23958.0,1.31297838670543,103.877757621351,8 LORONG 13 GEYLANG GEMS VILLE SINGAPORE 389901,4.456014953033219,13.0,3,3,0,10,8,0,1.0,0.0,0,1
CASSIA VIEW,1735000.0,1205.57,1439.0,2024-08-01,112.0,15491.0,1.31103276112231,103.886630140814,320 GUILLEMARD ROAD CASSIA VIEW SINGAPORE 399746,5.033091805099718,13.0,4,2,1,7,11,5,3.0,1.0,0,1
PARC ESTA,2330000.0,958.0,2432.0,2024-08-01,89.0,26180.0,1.31786521916555,103.903967184717,904 SIMS AVENUE PARC ESTA SINGAPORE 408968,7.043509290403673,13.0,1,4,0,1,13,16,3.0,1.0,0,1
PENROSE,1290000.0,645.84,1997.0,2024-08-01,60.0,21500.0,1.31948983025856,103.879994891095,22 SIMS DRIVE PENROSE SINGAPORE 387396,5.166503889250989,13.0,3,4,0,8,9,1,4.0,,0,1
SIMS URBAN OASIS,1280000.0,667.37,1918.0,2024-08-01,62.0,20645.0,1.31926710475553,103.880615863782,6 SIMS DRIVE SIMS URBAN OASIS SINGAPORE 387388,5.190897370243519,13.0,3,4,0,8,9,1,2.0,1.0,1,1
SIXTEEN35 RESIDENCES,1110000.0,742.72,1495.0,2024-08-01,69.0,16087.0,1.31547407018063,103.888827552085,16 LORONG 35 GEYLANG SIXTEEN35 RESIDENCES SINGAPORE 387946,5.533258263987247,13.0,4,4,3,6,12,4,1.0,1.0,0,1
D'GALLERY,850000.0,527.44,1612.0,2024-08-01,49.0,17347.0,1.31999864551861,103.912136345882,15 JALAN MASJID D' GALLERY SINGAPORE 418936,7.939182881901876,13.0,1,1,0,2,12,17,1.0,1.0,0,2
PENROSE,2220000.0,1054.87,2105.0,2024-08-01,98.0,22653.0,1.31948983025856,103.879994891095,22 SIMS DRIVE PENROSE SINGAPORE 387396,5.166503889250989,13.0,3,4,0,8,9,1,1.0,,0,1
SIMS URBAN OASIS,1168000.0,624.31,1871.0,2024-08-01,58.0,20138.0,1.31926710475553,103.880615863782,6 SIMS DRIVE SIMS URBAN OASIS SINGAPORE 387388,5.190897370243519,13.0,3,4,0,8,9,1,1.0,1.0,1,1
TRE RESIDENCES,1660000.0,947.23,1752.0,2024-08-01,88.0,18864.0,1.3172278261209,103.885015905304,9 GEYLANG EAST AVENUE 1 TRE RESIDENCES SINGAPORE 389783,5.353082321074245,13.0,3,3,2,8,9,3,3.0,1.0,1,1
MATTAR RESIDENCES,1300000.0,559.73,2323.0,2024-08-01,52.0,25000.0,1.32562146026034,103.881811611954,7 MATTAR ROAD MATTAR RESIDENCES SINGAPORE 387716,5.828331618543042,13.0,3,5,0,8,11,5,1.0,1.0,0,1
TRE RESIDENCES,1275000.0,699.66,1822.0,2024-08-01,65.0,19615.0,1.3172278261209,103.885015905304,9 GEYLANG EAST AVENUE 1 TRE RESIDENCES SINGAPORE 389783,5.353082321074245,13.0,3,3,2,8,9,3,1.0,1.0,1,1
PARC ESTA,1040000.0,452.09,2300.0,2024-08-01,42.0,24762.0,1.31786521916555,103.903967184717,904 SIMS AVENUE PARC ESTA SINGAPORE 408968,7.043509290403673,13.0,1,4,0,1,13,16,3.0,1.0,0,1
PARK PLACE RESIDENCES AT PLQ,1460000.0,645.84,2261.0,2024-08-01,60.0,24333.0,1.31583675363618,103.892746648427,2 PAYA LEBAR ROAD PARK PLACE RESIDENCES AT PLQ SINGAPORE 409053,5.896537427358871,13.0,3,3,3,4,12,6,3.0,1.0,0,1
TRE RESIDENCES,1320000.0,699.66,1887.0,2024-08-01,65.0,20308.0,1.3172278261209,103.885015905304,9 GEYLANG EAST AVENUE 1 TRE RESIDENCES SINGAPORE 389783,5.353082321074245,13.0,3,3,2,8,9,3,3.0,1.0,1,1
ARENA RESIDENCES,1740000.0,818.06,2127.0,2024-08-01,76.0,22895.0,1.30967685823486,103.880642764235,20 GUILLEMARD CRESCENT ARENA RESIDENCES SINGAPORE 399915,4.425439723338632,13.0,4,4,1,9,9,1,2.0,1.0,0,1
CASSIA VIEW,1670000.0,1151.75,1450.0,2024-08-01,107.0,15607.0,1.31103276112231,103.886630140814,320 GUILLEMARD ROAD CASSIA VIEW SINGAPORE 399746,5.033091805099718,13.0,4,2,1,7,11,5,3.0,1.0,0,1
SIMS URBAN OASIS,1860000.0,958.0,1942.0,2024-08-01,89.0,20899.0,1.31926710475553,103.880615863782,6 SIMS DRIVE SIMS URBAN OASIS SINGAPORE 387388,5.190897370243519,13.0,3,4,0,8,9,1,3.0,1.0,1,1
ARENA RESIDENCES,1265000.0,602.78,2099.0,2024-08-01,56.0,22589.0,1.30967685823486,103.880642764235,20 GUILLEMARD CRESCENT ARENA RESIDENCES SINGAPORE 399915,4.425439723338632,13.0,4,4,1,9,9,1,1.0,1.0,0,1
EUHABITAT,780000.0,538.2,1449.0,2024-08-01,50.0,15600.0,1.32795415126263,103.9070014142,196 JALAN EUNOS EUHABITAT SINGAPORE 419542,7.971961203569236,13.0,2,2,0,2,6,15,1.0,1.0,1,2
PARK PLACE RESIDENCES AT PLQ,1070000.0,484.38,2209.0,2024-08-01,45.0,23778.0,1.31583675363618,103.892746648427,2 PAYA LEBAR ROAD PARK PLACE RESIDENCES AT PLQ SINGAPORE 409053,5.896537427358871,13.0,3,3,3,4,12,6,3.0,1.0,0,1
PENROSE,1275000.0,645.84,1974.0,2024-08-01,60.0,21250.0,1.31948983025856,103.879994891095,22 SIMS DRIVE PENROSE SINGAPORE 387396,5.166503889250989,13.0,3,4,0,8,9,1,3.0,,0,1
PARC ESTA,1575000.0,742.72,2121.0,2024-08-01,69.0,22826.0,1.31786521916555,103.903967184717,904 SIMS AVENUE PARC ESTA SINGAPORE 408968,7.043509290403673,13.0,1,4,0,1,13,16,1.0,1.0,0,1
PARC ESTA,1668000.0,742.72,2246.0,2024-08-01,69.0,24174.0,1.31786521916555,103.903967184717,904 SIMS AVENUE PARC ESTA SINGAPORE 408968,7.043509290403673,13.0,1,4,0,1,13,16,2.0,1.0,0,1
SIMS URBAN OASIS,1000000.0,656.6,1523.0,2024-08-01,61.0,16393.0,1.31926710475553,103.880615863782,6 SIMS DRIVE SIMS URBAN OASIS SINGAPORE 387388,5.190897370243519,13.0,3,4,0,8,9,1,3.0,1.0,1,1
PENROSE,1268000.0,645.84,1963.0,2024-08-01,60.0,21133.0,1.31948983025856,103.879994891095,22 SIMS DRIVE PENROSE SINGAPORE 387396,5.166503889250989,13.0,3,4,0,8,9,1,2.0,,0,1
PARC ESTA,1050000.0,452.09,2323.0,2024-08-01,42.0,25000.0,1.31786521916555,103.903967184717,904 SIMS AVENUE PARC ESTA SINGAPORE 408968,7.043509290403673,13.0,1,4,0,1,13,16,3.0,1.0,0,1
PARC ESTA,1580000.0,742.72,2127.0,2024-08-01,69.0,22899.0,1.31786521916555,103.903967184717,904 SIMS AVENUE PARC ESTA SINGAPORE 408968,7.043509290403673,13.0,1,4,0,1,13,16,1.0,1.0,0,1
CENTRA LOFT,660000.0,419.8,1572.0,2024-08-01,39.0,16923.0,1.31481743950624,103.888376977987,3 LORONG 35 GEYLANG CENTRA LOFT SINGAPORE 387935,5.44803594028427,13.0,4,4,3,7,11,4,2.0,1.0,0,1
THE ANTARES,1560000.0,731.95,2131.0,2024-08-01,68.0,22941.0,1.32541778538724,103.883403765337,23 MATTAR ROAD THE ANTARES SINGAPORE 387730,5.916441166611573,13.0,4,4,0,8,9,4,2.0,1.0,0,1
WING FONG COURT,935000.0,958.0,976.0,2024-08-01,89.0,10506.0,1.31173462254903,103.87881521885,10 LORONG 14 GEYLANG WING FONG COURT SINGAPORE 398922,4.435996550952671,13.0,3,4,0,10,9,1,1.0,1.0,0,1
PENROSE,1260000.0,645.84,1951.0,2024-08-01,60.0,21000.0,1.31948983025856,103.879994891095,22 SIMS DRIVE PENROSE SINGAPORE 387396,5.166503889250989,13.0,3,4,0,8,9,1,3.0,,0,1
ASTORIA PARK,1550000.0,1313.21,1180.0,2024-08-01,122.0,12705.0,1.32177770499303,103.91225216665,34 LORONG MYDIN ASTORIA PARK SINGAPORE 416827,8.053226885077692,13.0,1,1,0,2,12,17,1.0,1.0,1,2
VACANZA @ EAST,1971000.0,1323.97,1489.0,2024-08-01,123.0,16024.0,1.32901984483655,103.914196223923,36 LENGKONG TUJOH VACANZA @ EAST SINGAPORE 417391,8.680985857703446,13.0,3,1,0,2,8,12,1.0,1.0,1,2
VACANZA @ EAST,2128000.0,1323.97,1607.0,2024-08-01,123.0,17301.0,1.32901984483655,103.914196223923,36 LENGKONG TUJOH VACANZA @ EAST SINGAPORE 417391,8.680985857703446,13.0,3,1,0,2,8,12,2.0,1.0,1,2
SIMS URBAN OASIS,1800000.0,958.0,1879.0,2024-08-01,89.0,20225.0,1.31926710475553,103.880615863782,6 SIMS DRIVE SIMS URBAN OASIS SINGAPORE 387388,5.190897370243519,13.0,3,4,0,8,9,1,1.0,1.0,1,1
# 1 SUITES,713000.0,559.73,1274.0,2024-08-01,52.0,13712.0,1.31239029325188,103.881504147527,1 LORONG 20 GEYLANG # 1 SUITES SINGAPORE 398721,4.699608709809529,13.0,3,3,0,8,9,2,2.0,1.0,0,1
EUHABITAT,1400000.0,904.18,1548.0,2024-08-01,84.0,16667.0,1.32795415126263,103.9070014142,196 JALAN EUNOS EUHABITAT SINGAPORE 419542,7.971961203569236,13.0,2,2,0,2,6,15,1.0,1.0,1,2
PENROSE,1280000.0,645.84,1982.0,2024-08-01,60.0,21333.0,1.31948983025856,103.879994891095,22 SIMS DRIVE PENROSE SINGAPORE 387396,5.166503889250989,13.0,3,4,0,8,9,1,4.0,,0,1
VACANZA @ EAST,1082000.0,731.95,1478.0,2024-08-01,68.0,15912.0,1.32901984483655,103.914196223923,36 LENGKONG TUJOH VACANZA @ EAST SINGAPORE 417391,8.680985857703446,13.0,3,1,0,2,8,12,2.0,1.0,1,2
PARC ESTA,1650000.0,861.12,1916.0,2024-08-01,80.0,20625.0,1.31786521916555,103.903967184717,904 SIMS AVENUE PARC ESTA SINGAPORE 408968,7.043509290403673,13.0,1,4,0,1,13,16,4.0,1.0,0,1
DAKOTA RESIDENCES,1820000.0,1044.11,1743.0,2024-08-01,97.0,18763.0,1.30637270876178,103.88708549006,34 DAKOTA CRESCENT DAKOTA RESIDENCES SINGAPORE 399936,4.7757251422267535,13.0,3,3,0,6,10,5,1.0,1.0,1,1
PARC ESTA,2400000.0,1022.58,2347.0,2024-08-01,95.0,25263.0,1.31786521916555,103.903967184717,904 SIMS AVENUE PARC ESTA SINGAPORE 408968,7.043509290403673,13.0,1,4,0,1,13,16,4.0,1.0,0,1
VACANZA @ EAST,1315000.0,839.59,1566.0,2024-08-01,78.0,16859.0,1.32901984483655,103.914196223923,36 LENGKONG TUJOH VACANZA @ EAST SINGAPORE 417391,8.680985857703446,13.0,3,1,0,2,8,12,2.0,1.0,1,2
SIMSVILLE,1700000.0,1248.62,1361.0,2024-07-01,116.0,14655.0,1.31703114737635,103.890499582849,2 GEYLANG EAST AVENUE 2 SIMSVILLE SINGAPORE 389754,5.786575389274496,14.0,4,4,3,6,12,4,2.0,1.0,1,1
PARC ESTA,960000.0,452.09,2123.0,2024-07-01,42.0,22857.0,1.31786521916555,103.903967184717,904 SIMS AVENUE PARC ESTA SINGAPORE 408968,7.043509290403673,14.0,1,4,0,1,13,16,1.0,1.0,0,1
EUHABITAT,735000.0,538.2,1366.0,2024-07-01,50.0,14700.0,1.32795415126263,103.9070014142,196 JALAN EUNOS EUHABITAT SINGAPORE 419542,7.971961203569236,14.0,2,2,0,2,6,15,1.0,1.0,1,2
SUITES 28,656000.0,429.48,1527.0,2024-07-01,39.9,16441.0,1.31268459175571,103.885941111431,28 LORONG 30 GEYLANG SUITES 28 SINGAPORE 398361,5.088755596385559,14.0,5,4,1,7,11,4,2.0,1.0,0,1
EUHABITAT,1288000.0,1011.82,1273.0,2024-07-01,94.0,13702.0,1.32795415126263,103.9070014142,196 JALAN EUNOS EUHABITAT SINGAPORE 419542,7.971961203569236,14.0,2,2,0,2,6,15,1.0,1.0,1,2
MATTAR RESIDENCES,1942000.0,893.41,2174.0,2024-07-01,83.0,23398.0,1.32562146026034,103.881811611954,7 MATTAR ROAD MATTAR RESIDENCES SINGAPORE 387716,5.828331618543042,14.0,3,5,0,8,11,5,1.0,1.0,0,1
TREASURES@G6,675888.0,452.09,1495.0,2024-07-01,42.0,16093.0,1.31061812912929,103.876727965474,35 LORONG 6 GEYLANG TREASURES@G6 SINGAPORE 399187,4.186237477544645,14.0,4,3,2,10,8,2,1.0,1.0,0,1
# 1 SUITES,765000.0,602.78,1269.0,2024-07-01,56.0,13661.0,1.31239029325188,103.881504147527,1 LORONG 20 GEYLANG # 1 SUITES SINGAPORE 398721,4.699608709809529,14.0,3,3,0,8,9,2,2.0,1.0,0,1
VACANZA @ EAST,2550000.0,1915.99,1331.0,2024-07-01,178.0,14326.0,1.32901984483655,103.914196223923,36 LENGKONG TUJOH VACANZA @ EAST SINGAPORE 417391,8.680985857703446,14.0,3,1,0,2,8,12,3.0,1.0,1,2
PARC ESTA,2580000.0,1119.46,2305.0,2024-07-01,104.0,24808.0,1.31786521916555,103.903967184717,904 SIMS AVENUE PARC ESTA SINGAPORE 408968,7.043509290403673,14.0,1,4,0,1,13,16,1.0,1.0,0,1
PARK PLACE RESIDENCES AT PLQ,1750000.0,742.72,2356.0,2024-07-01,69.0,25362.0,1.31583675363618,103.892746648427,2 PAYA LEBAR ROAD PARK PLACE RESIDENCES AT PLQ SINGAPORE 409053,5.896537427358871,14.0,3,3,3,4,12,6,3.0,1.0,0,1
EUHABITAT,1698888.0,1184.04,1435.0,2024-07-01,110.0,15444.0,1.32795415126263,103.9070014142,196 JALAN EUNOS EUHABITAT SINGAPORE 419542,7.971961203569236,14.0,2,2,0,2,6,15,1.0,1.0,1,2
THE HELICONIA,1706900.0,1313.21,1300.0,2024-07-01,122.0,13991.0,1.32635294484067,103.908900244938,30 JALAN DAUD THE HELICONIA SINGAPORE 419572,8.031320801555648,14.0,3,2,0,2,7,16,1.0,1.0,1,2
THE WATERINA,2668888.0,1356.26,1968.0,2024-07-01,126.0,21182.0,1.3132821071538,103.89085032363,59 LORONG 40 GEYLANG THE WATERINA SINGAPORE 398082,5.55708137380416,14.0,4,4,3,5,12,5,2.0,1.0,0,1
CENTRAL GROVE,1600000.0,1205.57,1327.0,2024-07-01,112.0,14286.0,1.31623494982413,103.884417981377,3 GEYLANG EAST AVENUE 1 CENTRAL GROVE SINGAPORE 389779,5.228491443172765,14.0,4,5,1,8,9,3,3.0,1.0,1,1
DAKOTA RESIDENCES,3500000.0,1829.88,1913.0,2024-07-01,170.0,20588.0,1.30637270876178,103.88708549006,34 DAKOTA CRESCENT DAKOTA RESIDENCES SINGAPORE 399936,4.7757251422267535,14.0,3,3,0,6,10,5,2.0,1.0,1,1
PARC ESTA,1055000.0,452.09,2334.0,2024-07-01,42.0,25119.0,1.31786521916555,103.903967184717,904 SIMS AVENUE PARC ESTA SINGAPORE 408968,7.043509290403673,14.0,1,4,0,1,13,16,3.0,1.0,0,1
THE ANTARES,1530000.0,731.95,2090.0,2024-07-01,68.0,22500.0,1.32541778538724,103.883403765337,23 MATTAR ROAD THE ANTARES SINGAPORE 387730,5.916441166611573,14.0,4,4,0,8,9,4,2.0,1.0,0,1
PENROSE,1483000.0,710.42,2087.0,2024-07-01,66.0,22470.0,1.31948983025856,103.879994891095,22 SIMS DRIVE PENROSE SINGAPORE 387396,5.166503889250989,14.0,3,4,0,8,9,1,1.0,,0,1
THE TRUMPS,2300000.0,1270.15,1811.0,2024-07-01,118.0,19492.0,1.32002610262337,103.91348728953,1 JALAN KEMBANGAN THE TRUMPS SINGAPORE 419154,8.069943599460245,14.0,1,0,0,2,12,18,2.0,1.0,1,2
SIMS EDGE,745000.0,409.03,1821.0,2024-07-01,38.0,19605.0,1.31640485669867,103.887906763671,1 GEYLANG EAST AVENUE 2 SIMS EDGE SINGAPORE 389760,5.523980705206435,14.0,4,5,3,7,12,4,1.0,1.0,0,1
PARK PLACE RESIDENCES AT PLQ,1085000.0,484.38,2240.0,2024-07-01,45.0,24111.0,1.31583675363618,103.892746648427,2 PAYA LEBAR ROAD PARK PLACE RESIDENCES AT PLQ SINGAPORE 409053,5.896537427358871,14.0,3,3,3,4,12,6,3.0,1.0,0,1
EUHABITAT,1700000.0,1173.28,1449.0,2024-07-01,109.0,15596.0,1.32795415126263,103.9070014142,196 JALAN EUNOS EUHABITAT SINGAPORE 419542,7.971961203569236,14.0,2,2,0,2,6,15,1.0,1.0,1,2
SIMSVILLE,1275000.0,979.52,1302.0,2024-07-01,91.0,14011.0,1.31703114737635,103.890499582849,2 GEYLANG EAST AVENUE 2 SIMSVILLE SINGAPORE 389754,5.786575389274496,14.0,4,4,3,6,12,4,1.0,1.0,1,1
EAST 25 APARTMENTS,1820000.0,1485.43,1225.0,2024-07-01,138.0,13188.0,1.3142270612182,103.88326759779,10 LORONG 25A GEYLANG EAST 25 APARTMENTS SINGAPORE 388224,4.981834951529755,14.0,3,4,0,8,9,3,1.0,1.0,0,1
TRE RESIDENCES,980000.0,570.49,1718.0,2024-07-01,53.0,18491.0,1.3172278261209,103.885015905304,9 GEYLANG EAST AVENUE 1 TRE RESIDENCES SINGAPORE 389783,5.353082321074245,14.0,3,3,2,8,9,3,2.0,1.0,1,1
SIMS URBAN OASIS,1800000.0,958.0,1879.0,2024-07-01,89.0,20225.0,1.31926710475553,103.880615863782,6 SIMS DRIVE SIMS URBAN OASIS SINGAPORE 387388,5.190897370243519,14.0,3,4,0,8,9,1,3.0,1.0,1,1
SIMS URBAN OASIS,795000.0,409.03,1944.0,2024-07-01,38.0,20921.0,1.31926710475553,103.880615863782,6 SIMS DRIVE SIMS URBAN OASIS SINGAPORE 387388,5.190897370243519,14.0,3,4,0,8,9,1,1.0,1.0,1,1
PENROSE,1580000.0,710.42,2224.0,2024-07-01,66.0,23939.0,1.31948983025856,103.879994891095,22 SIMS DRIVE PENROSE SINGAPORE 387396,5.166503889250989,14.0,3,4,0,8,9,1,4.0,,0,1
PENROSE,1236888.0,645.84,1915.0,2024-07-01,60.0,20615.0,1.31948983025856,103.879994891095,22 SIMS DRIVE PENROSE SINGAPORE 387396,5.166503889250989,14.0,3,4,0,8,9,1,3.0,,0,1
SIMS URBAN OASIS,3050000.0,2034.4,1499.0,2024-07-01,189.0,16138.0,1.31926710475553,103.880615863782,6 SIMS DRIVE SIMS URBAN OASIS SINGAPORE 387388,5.190897370243519,14.0,3,4,0,8,9,1,4.0,1.0,1,1
PARC ESTA,2800000.0,1227.1,2282.0,2024-07-01,114.0,24561.0,1.31786521916555,103.903967184717,904 SIMS AVENUE PARC ESTA SINGAPORE 408968,7.043509290403673,14.0,1,4,0,1,13,16,1.0,1.0,0,1
COSY LODGE,1480000.0,1291.68,1146.0,2024-07-01,120.0,12333.0,1.31519496465052,103.88657401161,29 LORONG 31 GEYLANG COSY LODGE SINGAPORE 388029,5.324237088176503,14.0,4,5,2,7,11,4,1.0,1.0,0,1
THE LENOX,720000.0,409.03,1760.0,2024-07-01,38.0,18947.0,1.31824376273926,103.911351165333,396 CHANGI ROAD THE LENOX SINGAPORE 415899,7.765250446888848,14.0,2,1,0,2,13,15,1.0,1.0,0,2
CANAAN,1619754.0,947.23,1710.0,2024-07-01,88.0,18406.0,1.32399443458641,103.863546754589,84 SAINT FRANCIS ROAD CANAAN CENTRE SINGAPORE 328069,4.743145644222147,14.0,2,3,0,10,11,4,1.0,1.0,0,1
CANAAN,1638698.0,947.23,1730.0,2024-07-01,88.0,18622.0,1.32399443458641,103.863546754589,84 SAINT FRANCIS ROAD CANAAN CENTRE SINGAPORE 328069,4.743145644222147,14.0,2,3,0,10,11,4,1.0,1.0,0,1
CANAAN,1860004.0,1162.51,1600.0,2024-07-01,108.0,17222.0,1.32399443458641,103.863546754589,84 SAINT FRANCIS ROAD CANAAN CENTRE SINGAPORE 328069,4.743145644222147,14.0,2,3,0,10,11,4,1.0,1.0,0,1
WING FONG MANSIONS,1238000.0,1237.86,1000.0,2024-07-01,115.0,10765.0,1.31057552074486,103.879078933752,12 LORONG 14 GEYLANG WING FONG MANSIONS SINGAPORE 398924,4.366074173360566,14.0,4,4,1,10,9,1,2.0,1.0,0,1
VACANZA @ EAST,735000.0,484.38,1517.0,2024-07-01,45.0,16333.0,1.32901984483655,103.914196223923,36 LENGKONG TUJOH VACANZA @ EAST SINGAPORE 417391,8.680985857703446,14.0,3,1,0,2,8,12,3.0,1.0,1,2
# 1 SUITES,710000.0,581.26,1221.0,2024-07-01,54.0,13148.0,1.31239029325188,103.881504147527,1 LORONG 20 GEYLANG # 1 SUITES SINGAPORE 398721,4.699608709809529,14.0,3,3,0,8,9,2,2.0,1.0,0,1
GUILLEMARD EDGE,770000.0,441.32,1745.0,2024-07-01,41.0,18780.0,1.31200443744473,103.885949377155,38 LORONG 30 GEYLANG GUILLEMARD EDGE SINGAPORE 398371,5.041282413008211,14.0,4,4,1,7,11,5,1.0,1.0,0,1
CENTRO MANSIONS,1480000.0,1194.8,1239.0,2024-07-01,111.0,13333.0,1.31309633401655,103.886754727605,20 LORONG 32 GEYLANG CENTRO MANSIONS SINGAPORE 398280,5.187369541821438,14.0,5,4,2,7,11,5,2.0,1.0,0,1
PENROSE,1950000.0,936.47,2082.0,2024-07-01,87.0,22414.0,1.31948983025856,103.879994891095,22 SIMS DRIVE PENROSE SINGAPORE 387396,5.166503889250989,14.0,3,4,0,8,9,1,2.0,,0,1
PENROSE,1280000.0,645.84,1982.0,2024-07-01,60.0,21333.0,1.31948983025856,103.879994891095,22 SIMS DRIVE PENROSE SINGAPORE 387396,5.166503889250989,14.0,3,4,0,8,9,1,2.0,,0,1
SIMS URBAN OASIS,1420000.0,785.77,1807.0,2024-07-01,73.0,19452.0,1.31926710475553,103.880615863782,6 SIMS DRIVE SIMS URBAN OASIS SINGAPORE 387388,5.190897370243519,14.0,3,4,0,8,9,1,2.0,1.0,1,1
DAKOTA RESIDENCES,1875000.0,1022.58,1834.0,2024-07-01,95.0,19737.0,1.30637270876178,103.88708549006,34 DAKOTA CRESCENT DAKOTA RESIDENCES SINGAPORE 399936,4.7757251422267535,14.0,3,3,0,6,10,5,4.0,1.0,1,1
CASA AERATA,898000.0,592.02,1517.0,2024-07-01,55.0,16327.0,1.31232393794378,103.885033090499,9 LORONG 26 GEYLANG CASA AERATA SINGAPORE 398484,4.985931367630484,14.0,4,4,1,7,11,4,1.0,1.0,0,1
GUILLEMARD EDGE,935000.0,559.73,1670.0,2024-07-01,52.0,17981.0,1.31200443744473,103.885949377155,38 LORONG 30 GEYLANG GUILLEMARD EDGE SINGAPORE 398371,5.041282413008211,14.0,4,4,1,7,11,5,2.0,1.0,0,1
SUNFLOWER VIEW,1300000.0,1011.82,1285.0,2024-07-01,94.0,13830.0,1.31288444198327,103.888327290325,30 LORONG 36 GEYLANG SUNFLOWER VIEW SINGAPORE 398162,5.30818701585947,14.0,5,4,3,6,11,6,2.0,1.0,0,1
CASA SARINA,995000.0,742.72,1340.0,2024-07-01,69.0,14420.0,1.32018967220914,103.906865928269,101 LORONG SARINA CASA SARINA SINGAPORE 416729,7.4542779982704115,14.0,2,1,0,1,12,14,1.0,1.0,1,2
URBAN TREASURES,1400000.0,635.08,2204.0,2024-07-01,59.0,23729.0,1.32936720206385,103.905791323853,205 JALAN EUNOS URBAN TREASURES SINGAPORE 419535,7.966767145631702,14.0,2,0,0,2,6,11,2.0,1.0,1,2
PENROSE,2238888.0,1054.87,2122.0,2024-07-01,98.0,22846.0,1.31948983025856,103.879994891095,22 SIMS DRIVE PENROSE SINGAPORE 387396,5.166503889250989,14.0,3,4,0,8,9,1,3.0,,0,1
PARC ESTA,2118000.0,958.0,2211.0,2024-07-01,89.0,23798.0,1.31786521916555,103.903967184717,904 SIMS AVENUE PARC ESTA SINGAPORE 408968,7.043509290403673,14.0,1,4,0,1,13,16,1.0,1.0,0,1
GUILLEMARD EDGE,1468000.0,1550.02,947.0,2024-07-01,144.0,10194.0,1.31200443744473,103.885949377155,38 LORONG 30 GEYLANG GUILLEMARD EDGE SINGAPORE 398371,5.041282413008211,14.0,4,4,1,7,11,5,2.0,1.0,0,1
GEMS VILLE,1473120.0,796.54,1849.0,2024-07-01,74.0,19907.0,1.31297838670543,103.877757621351,8 LORONG 13 GEYLANG GEMS VILLE SINGAPORE 389901,4.456014953033219,14.0,3,3,0,10,8,0,1.0,0.0,0,1
PARC ESTA,1390000.0,635.08,2189.0,2024-07-01,59.0,23559.0,1.31786521916555,103.903967184717,904 SIMS AVENUE PARC ESTA SINGAPORE 408968,7.043509290403673,14.0,1,4,0,1,13,16,1.0,1.0,0,1
SING LIAN BUILDING,4100000.0,6393.82,641.0,2024-07-01,594.0,6902.0,1.31835145077091,103.910978671494,390B CHANGI ROAD SING LIAN BUILDING SINGAPORE 419839,7.735432187268546,14.0,2,1,0,2,13,15,1.0,1.0,0,2
MATTAR RESIDENCES,1494000.0,656.6,2275.0,2024-07-01,61.0,24492.0,1.32562146026034,103.881811611954,7 MATTAR ROAD MATTAR RESIDENCES SINGAPORE 387716,5.828331618543042,14.0,3,5,0,8,11,5,1.0,1.0,0,1
PARK PLACE RESIDENCES AT PLQ,2400000.0,1076.4,2230.0,2024-07-01,100.0,24000.0,1.31583675363618,103.892746648427,2 PAYA LEBAR ROAD PARK PLACE RESIDENCES AT PLQ SINGAPORE 409053,5.896537427358871,14.0,3,3,3,4,12,6,3.0,1.0,0,1
PARK PLACE RESIDENCES AT PLQ,1520000.0,667.37,2278.0,2024-07-01,62.0,24516.0,1.31583675363618,103.892746648427,2 PAYA LEBAR ROAD PARK PLACE RESIDENCES AT PLQ SINGAPORE 409053,5.896537427358871,14.0,3,3,3,4,12,6,3.0,1.0,0,1
PRIMEDGE,680000.0,441.32,1541.0,2024-07-01,41.0,16585.0,1.31253129900962,103.888139939124,45 LORONG 34 GEYLANG PRIMEDGE SINGAPORE 398236,5.2675901930288065,14.0,5,4,2,7,11,5,2.0,1.0,0,1
THE SUNNY SPRING,1930000.0,1184.04,1630.0,2024-07-01,110.0,17545.0,1.31219203070087,103.889464697147,50 LORONG 40 GEYLANG THE SUNNY SPRING SINGAPORE 398074,5.3613842782215055,14.0,4,4,3,6,11,5,1.0,1.0,0,1
CENTRAL GROVE,1638888.0,1227.1,1336.0,2024-07-01,114.0,14376.0,1.31623494982413,103.884417981377,3 GEYLANG EAST AVENUE 1 CENTRAL GROVE SINGAPORE 389779,5.228491443172765,14.0,4,5,1,8,9,3,3.0,1.0,1,1
EUHABITAT,725000.0,527.44,1375.0,2024-07-01,49.0,14796.0,1.32795415126263,103.9070014142,196 JALAN EUNOS EUHABITAT SINGAPORE 419542,7.971961203569236,14.0,2,2,0,2,6,15,1.0,1.0,1,2
MATTAR RESIDENCES,1781000.0,828.83,2149.0,2024-07-01,77.0,23130.0,1.32562146026034,103.881811611954,7 MATTAR ROAD MATTAR RESIDENCES SINGAPORE 387716,5.828331618543042,14.0,3,5,0,8,11,5,1.0,1.0,0,1
URBAN TREASURES,1818000.0,882.65,2060.0,2024-07-01,82.0,22171.0,1.32936720206385,103.905791323853,205 JALAN EUNOS URBAN TREASURES SINGAPORE 419535,7.966767145631702,14.0,2,0,0,2,6,11,2.0,1.0,1,2
EUHABITAT,790000.0,581.26,1359.0,2024-07-01,54.0,14630.0,1.32795415126263,103.9070014142,196 JALAN EUNOS EUHABITAT SINGAPORE 419542,7.971961203569236,14.0,2,2,0,2,6,15,1.0,1.0,1,2
TROPIKA EAST,1050000.0,839.59,1251.0,2024-07-01,78.0,13462.0,1.32886589161997,103.90719397756,3 FOO KIM LIN ROAD TROPIKA EAST SINGAPORE 419679,8.051842718239321,14.0,2,1,0,2,6,15,1.0,1.0,1,2
PENROSE,1468888.0,699.66,2099.0,2024-07-01,65.0,22598.0,1.31948983025856,103.879994891095,22 SIMS DRIVE PENROSE SINGAPORE 387396,5.166503889250989,14.0,3,4,0,8,9,1,2.0,,0,1
# 1 SUITES,718000.0,581.26,1235.0,2024-07-01,54.0,13296.0,1.31239029325188,103.881504147527,1 LORONG 20 GEYLANG # 1 SUITES SINGAPORE 398721,4.699608709809529,14.0,3,3,0,8,9,2,2.0,1.0,0,1
CANNE LODGE,1178000.0,818.06,1440.0,2024-07-01,76.0,15500.0,1.31417485125009,103.873278239692,75 LORONG 3 GEYLANG CANNE LODGE SINGAPORE 388869,4.2461920431379285,14.0,2,3,0,11,10,1,1.0,1.0,0,1
WINDY HEIGHTS,3300000.0,2475.72,1333.0,2024-07-01,230.0,14348.0,1.32664204297673,103.910617408664,84 JALAN DAUD WINDY HEIGHTS SINGAPORE 419593,8.204206295506795,14.0,2,2,0,2,7,16,2.0,1.0,1,2
EUHABITAT,740000.0,527.44,1403.0,2024-07-01,49.0,15102.0,1.32795415126263,103.9070014142,196 JALAN EUNOS EUHABITAT SINGAPORE 419542,7.971961203569236,14.0,2,2,0,2,6,15,1.0,1.0,1,2
PENROSE,1515000.0,710.42,2133.0,2024-07-01,66.0,22955.0,1.31948983025856,103.879994891095,22 SIMS DRIVE PENROSE SINGAPORE 387396,5.166503889250989,14.0,3,4,0,8,9,1,4.0,,0,1
PARC ESTA,1922155.0,828.83,2319.0,2024-06-01,77.0,24963.0,1.31786521916555,103.903967184717,904 SIMS AVENUE PARC ESTA SINGAPORE 408968,7.043509290403673,15.0,1,4,0,1,13,16,3.0,1.0,0,1
GUILLEMARD EDGE,782000.0,441.32,1772.0,2024-06-01,41.0,19073.0,1.31200443744473,103.885949377155,38 LORONG 30 GEYLANG GUILLEMARD EDGE SINGAPORE 398371,5.041282413008211,15.0,4,4,1,7,11,5,2.0,1.0,0,1
SIMS URBAN OASIS,1180000.0,624.31,1890.0,2024-06-01,58.0,20345.0,1.31926710475553,103.880615863782,6 SIMS DRIVE SIMS URBAN OASIS SINGAPORE 387388,5.190897370243519,15.0,3,4,0,8,9,1,3.0,1.0,1,1
MATTAR RESIDENCES,1333000.0,613.55,2173.0,2024-06-01,57.0,23386.0,1.32562146026034,103.881811611954,7 MATTAR ROAD MATTAR RESIDENCES SINGAPORE 387716,5.828331618543042,15.0,3,5,0,8,11,5,1.0,1.0,0,1
PENROSE,1850000.0,936.47,1976.0,2024-06-01,87.0,21264.0,1.31948983025856,103.879994891095,22 SIMS DRIVE PENROSE SINGAPORE 387396,5.166503889250989,15.0,3,4,0,8,9,1,2.0,,0,1
SIMS URBAN OASIS,1220000.0,667.37,1828.0,2024-06-01,62.0,19677.0,1.31926710475553,103.880615863782,6 SIMS DRIVE SIMS URBAN OASIS SINGAPORE 387388,5.190897370243519,15.0,3,4,0,8,9,1,1.0,1.0,1,1
# 1 LOFT,750000.0,548.96,1366.0,2024-06-01,51.0,14706.0,1.31276346405244,103.883518875617,1 LORONG 24 GEYLANG # 1 LOFT SINGAPORE 398614,4.891716160848941,15.0,3,4,0,8,9,2,2.0,1.0,0,1
THE SUNNY SPRING,1850000.0,1194.8,1548.0,2024-06-01,111.0,16667.0,1.31219203070087,103.889464697147,50 LORONG 40 GEYLANG THE SUNNY SPRING SINGAPORE 398074,5.3613842782215055,15.0,4,4,3,6,11,5,1.0,1.0,0,1
PENROSE,2130000.0,1044.11,2040.0,2024-06-01,97.0,21959.0,1.31948983025856,103.879994891095,22 SIMS DRIVE PENROSE SINGAPORE 387396,5.166503889250989,15.0,3,4,0,8,9,1,1.0,,0,1
THE ANTARES,1395000.0,667.37,2090.0,2024-06-01,62.0,22500.0,1.32541778538724,103.883403765337,23 MATTAR ROAD THE ANTARES SINGAPORE 387730,5.916441166611573,15.0,4,4,0,8,9,4,2.0,1.0,0,1
SIMS URBAN OASIS,818000.0,441.32,1854.0,2024-06-01,41.0,19951.0,1.31926710475553,103.880615863782,6 SIMS DRIVE SIMS URBAN OASIS SINGAPORE 387388,5.190897370243519,15.0,3,4,0,8,9,1,1.0,1.0,1,1
SINGA HILLS,1480000.0,828.83,1786.0,2024-06-01,77.0,19221.0,1.33013262911561,103.908284993545,33 JALAN SINGA SINGA HILLS SINGAPORE 418109,8.234437338266625,15.0,1,1,0,2,5,13,1.0,1.0,0,2
WATERBANK AT DAKOTA,2280000.0,1280.92,1780.0,2024-06-01,119.0,19160.0,1.30647833742136,103.888537197136,76 DAKOTA CRESCENT WATERBANK AT DAKOTA SINGAPORE 399944,4.918518965685704,15.0,3,3,0,5,10,6,1.0,1.0,1,1
WATERBANK AT DAKOTA,2500000.0,1130.22,2212.0,2024-06-01,105.0,23810.0,1.30647833742136,103.888537197136,76 DAKOTA CRESCENT WATERBANK AT DAKOTA SINGAPORE 399944,4.918518965685704,15.0,3,3,0,5,10,6,4.0,1.0,1,1
STARVILLE,908000.0,602.78,1506.0,2024-06-01,56.0,16214.0,1.32826483616522,103.912067534158,66 LENGKONG TIGA STARVILLE SINGAPORE 417471,8.44041551036464,15.0,3,1,0,2,7,15,3.0,1.0,1,2
EUHABITAT,790000.0,538.2,1468.0,2024-06-01,50.0,15800.0,1.32795415126263,103.9070014142,196 JALAN EUNOS EUHABITAT SINGAPORE 419542,7.971961203569236,15.0,2,2,0,2,6,15,1.0,1.0,1,2
STUDIO8,760000.0,419.8,1810.0,2024-06-01,39.0,19487.0,1.31110937477676,103.873025954425,8 JALAN AYER STUDIO8 SINGAPORE 389144,3.958495376383,15.0,2,2,2,10,6,1,1.0,1.0,0,1
ARENA RESIDENCES,1630000.0,807.3,2019.0,2024-06-01,75.0,21733.0,1.30967685823486,103.880642764235,20 GUILLEMARD CRESCENT ARENA RESIDENCES SINGAPORE 399915,4.425439723338632,15.0,4,4,1,9,9,1,1.0,1.0,0,1
VACANZA @ EAST,1220000.0,807.3,1511.0,2024-06-01,75.0,16267.0,1.32901984483655,103.914196223923,36 LENGKONG TUJOH VACANZA @ EAST SINGAPORE 417391,8.680985857703446,15.0,3,1,0,2,8,12,1.0,1.0,1,2
SIXTEEN35 RESIDENCES,1330000.0,796.54,1670.0,2024-06-01,74.0,17973.0,1.31547407018063,103.888827552085,16 LORONG 35 GEYLANG SIXTEEN35 RESIDENCES SINGAPORE 387946,5.533258263987247,15.0,4,4,3,6,12,4,1.0,1.0,0,1
TRE RESIDENCES,1490000.0,861.12,1730.0,2024-06-01,80.0,18625.0,1.3172278261209,103.885015905304,9 GEYLANG EAST AVENUE 1 TRE RESIDENCES SINGAPORE 389783,5.353082321074245,15.0,3,3,2,8,9,3,2.0,1.0,1,1
THE HELICONIA,1693000.0,1302.44,1300.0,2024-06-01,121.0,13992.0,1.32635294484067,103.908900244938,30 JALAN DAUD THE HELICONIA SINGAPORE 419572,8.031320801555648,15.0,3,2,0,2,7,16,1.0,1.0,1,2
THE MIDAS,1100000.0,818.06,1345.0,2024-06-01,76.0,14474.0,1.31287327322577,103.886114462631,26 LORONG 30 GEYLANG THE MIDAS SINGAPORE 398359,5.116956655400778,15.0,5,4,2,7,11,4,2.0,1.0,0,1
PENROSE,942500.0,473.62,1990.0,2024-06-01,44.0,21420.0,1.31948983025856,103.879994891095,22 SIMS DRIVE PENROSE SINGAPORE 387396,5.166503889250989,15.0,3,4,0,8,9,1,2.0,,0,1
CENTRAL GROVE,1395000.0,1022.58,1364.0,2024-06-01,95.0,14684.0,1.31623494982413,103.884417981377,3 GEYLANG EAST AVENUE 1 CENTRAL GROVE SINGAPORE 389779,5.228491443172765,15.0,4,5,1,8,9,3,2.0,1.0,1,1
PRIME RESIDENCE,620000.0,398.27,1557.0,2024-06-01,37.0,16757.0,1.31118981428433,103.882466535926,41 LORONG 22 GEYLANG PRIME RESIDENCE SINGAPORE 398697,4.688267126786674,15.0,3,4,0,8,9,2,2.0,1.0,0,1
TRE RESIDENCES,1568888.0,861.12,1822.0,2024-06-01,80.0,19611.0,1.3172278261209,103.885015905304,9 GEYLANG EAST AVENUE 1 TRE RESIDENCES SINGAPORE 389783,5.353082321074245,15.0,3,3,2,8,9,3,2.0,1.0,1,1
REZI 26,700000.0,441.32,1586.0,2024-06-01,41.0,17073.0,1.31277485329606,103.885104634024,5 LORONG 26 GEYLANG REZI 26 SINGAPORE 398480,5.024511275001018,15.0,4,4,1,7,11,4,1.0,1.0,0,1
EDENZ SUITES,668000.0,441.32,1514.0,2024-06-01,41.0,16293.0,1.31286931612854,103.885753141885,21 LORONG 28 GEYLANG EDENZ SUITES SINGAPORE 398425,5.086028153004915,15.0,5,4,1,7,11,4,1.0,1.0,0,1
CENTRA STUDIOS,620000.0,344.45,1800.0,2024-06-01,32.0,19375.0,1.31444000148435,103.882324003158,25 LORONG 25 GEYLANG CENTRA STUDIOS SINGAPORE 388302,4.923274977554681,15.0,3,4,0,8,9,2,2.0,1.0,0,1
KEMBANGAN SUITES,866000.0,516.67,1676.0,2024-06-01,48.0,18042.0,1.32015257058639,103.912727083961,16 JALAN MASJID KEMBANGAN SUITES SINGAPORE 418941,8.00431940901614,15.0,1,1,0,2,12,18,1.0,1.0,0,2
DENG FU VILLE,1850000.0,1119.46,1653.0,2024-06-01,104.0,17788.0,1.31907103004917,103.906727650036,30 KAMPONG EUNOS DENG FU VILLE SINGAPORE 417777,7.373814325731649,15.0,2,2,0,1,13,14,1.0,1.0,0,2
SIMS URBAN OASIS,1900000.0,1033.34,1839.0,2024-06-01,96.0,19792.0,1.31926710475553,103.880615863782,6 SIMS DRIVE SIMS URBAN OASIS SINGAPORE 387388,5.190897370243519,15.0,3,4,0,8,9,1,3.0,1.0,1,1
MATTAR RESIDENCES,1927000.0,893.41,2157.0,2024-06-01,83.0,23217.0,1.32562146026034,103.881811611954,7 MATTAR ROAD MATTAR RESIDENCES SINGAPORE 387716,5.828331618543042,15.0,3,5,0,8,11,5,1.0,1.0,0,1
WATERBANK AT DAKOTA,2300000.0,1259.39,1826.0,2024-06-01,117.0,19658.0,1.30647833742136,103.888537197136,76 DAKOTA CRESCENT WATERBANK AT DAKOTA SINGAPORE 399944,4.918518965685704,15.0,3,3,0,5,10,6,2.0,1.0,1,1
SINGA HILLS,1290000.0,775.01,1664.0,2024-06-01,72.0,17917.0,1.33013262911561,103.908284993545,33 JALAN SINGA SINGA HILLS SINGAPORE 418109,8.234437338266625,15.0,1,1,0,2,5,13,1.0,1.0,0,2
THE ALCOVE,1458000.0,1323.97,1101.0,2024-06-01,123.0,11854.0,1.31400655260741,103.884015328938,10 LORONG 27 GEYLANG THE ALCOVE SINGAPORE 388199,5.025483913717779,15.0,4,4,0,8,9,4,2.0,1.0,0,1
SIXTEEN35 RESIDENCES,1160000.0,742.72,1562.0,2024-06-01,69.0,16812.0,1.31547407018063,103.888827552085,16 LORONG 35 GEYLANG SIXTEEN35 RESIDENCES SINGAPORE 387946,5.533258263987247,15.0,4,4,3,6,12,4,2.0,1.0,0,1
PENROSE,2280000.0,1054.87,2161.0,2024-06-01,98.0,23265.0,1.31948983025856,103.879994891095,22 SIMS DRIVE PENROSE SINGAPORE 387396,5.166503889250989,15.0,3,4,0,8,9,1,2.0,,0,1
KEMBANGAN SUITES,838000.0,516.67,1622.0,2024-06-01,48.0,17458.0,1.32015257058639,103.912727083961,16 JALAN MASJID KEMBANGAN SUITES SINGAPORE 418941,8.00431940901614,15.0,1,1,0,2,12,18,1.0,1.0,0,2
EUHABITAT,750000.0,516.67,1452.0,2024-06-01,48.0,15625.0,1.32795415126263,103.9070014142,196 JALAN EUNOS EUHABITAT SINGAPORE 419542,7.971961203569236,15.0,2,2,0,2,6,15,1.0,1.0,1,2
PARC ESTA,2158000.0,1033.34,2088.0,2024-06-01,96.0,22479.0,1.31786521916555,103.903967184717,904 SIMS AVENUE PARC ESTA SINGAPORE 408968,7.043509290403673,15.0,1,4,0,1,13,16,1.0,1.0,0,1
THE VINES,1520000.0,1065.64,1426.0,2024-06-01,99.0,15354.0,1.31938865407237,103.908010725574,12 LORONG SARINA THE VINES SINGAPORE 416736,7.513064861326432,15.0,2,1,0,1,14,14,1.0,1.0,0,2
CANNE LODGE,1935000.0,1420.85,1362.0,2024-06-01,132.0,14659.0,1.31417485125009,103.873278239692,75 LORONG 3 GEYLANG CANNE LODGE SINGAPORE 388869,4.2461920431379285,15.0,2,3,0,11,10,1,2.0,1.0,0,1
PARC ESTA,1910000.0,839.59,2275.0,2024-06-01,78.0,24487.0,1.31786521916555,103.903967184717,904 SIMS AVENUE PARC ESTA SINGAPORE 408968,7.043509290403673,15.0,1,4,0,1,13,16,2.0,1.0,0,1
PENROSE,915000.0,473.62,1932.0,2024-06-01,44.0,20795.0,1.31948983025856,103.879994891095,22 SIMS DRIVE PENROSE SINGAPORE 387396,5.166503889250989,15.0,3,4,0,8,9,1,2.0,,0,1
CRYSTAL MANSIONS,1420000.0,1259.39,1128.0,2024-06-01,117.0,12137.0,1.31115202963177,103.876674762958,3 LORONG 6 GEYLANG CRYSTAL MANSIONS SINGAPORE 399165,4.225490768881534,15.0,4,3,2,10,8,2,2.0,1.0,0,1
PARC ESTA,930000.0,452.09,2057.0,2024-06-01,42.0,22143.0,1.31786521916555,103.903967184717,904 SIMS AVENUE PARC ESTA SINGAPORE 408968,7.043509290403673,15.0,1,4,0,1,13,16,1.0,1.0,0,1
REZI 35,1050000.0,645.84,1626.0,2024-06-01,60.0,17500.0,1.31572120937619,103.888837131268,20 LORONG 35 GEYLANG REZI 35 SINGAPORE 387949,5.551839737035237,15.0,4,4,3,6,13,4,2.0,1.0,0,1
SIMS URBAN OASIS,1282800.0,667.37,1922.0,2024-06-01,62.0,20690.0,1.31926710475553,103.880615863782,6 SIMS DRIVE SIMS URBAN OASIS SINGAPORE 387388,5.190897370243519,15.0,3,4,0,8,9,1,3.0,1.0,1,1
PENROSE,2300000.0,1097.93,2095.0,2024-06-01,102.0,22549.0,1.31948983025856,103.879994891095,22 SIMS DRIVE PENROSE SINGAPORE 387396,5.166503889250989,15.0,3,4,0,8,9,1,1.0,,0,1
ARENA RESIDENCES,1750000.0,818.06,2139.0,2024-06-01,76.0,23026.0,1.30967685823486,103.880642764235,20 GUILLEMARD CRESCENT ARENA RESIDENCES SINGAPORE 399915,4.425439723338632,15.0,4,4,1,9,9,1,3.0,1.0,0,1
WATERBANK AT DAKOTA,860000.0,484.38,1775.0,2024-06-01,45.0,19111.0,1.30647833742136,103.888537197136,76 DAKOTA CRESCENT WATERBANK AT DAKOTA SINGAPORE 399944,4.918518965685704,15.0,3,3,0,5,10,6,1.0,1.0,1,1
SMART SUITES,815000.0,527.44,1545.0,2024-06-01,49.0,16633.0,1.31514448371947,103.884050282732,302 SIMS AVENUE SMART SUITES SINGAPORE 387516,5.114950686082434,15.0,3,5,0,8,9,3,1.0,1.0,0,1
SMART SUITES,700000.0,452.09,1548.0,2024-06-01,42.0,16667.0,1.31514448371947,103.884050282732,302 SIMS AVENUE SMART SUITES SINGAPORE 387516,5.114950686082434,15.0,3,5,0,8,9,3,1.0,1.0,0,1
PENROSE,1350000.0,645.84,2090.0,2024-06-01,60.0,22500.0,1.31948983025856,103.879994891095,22 SIMS DRIVE PENROSE SINGAPORE 387396,5.166503889250989,15.0,3,4,0,8,9,1,2.0,,0,1
SIMS URBAN OASIS,1135000.0,624.31,1818.0,2024-06-01,58.0,19569.0,1.31926710475553,103.880615863782,6 SIMS DRIVE SIMS URBAN OASIS SINGAPORE 387388,5.190897370243519,15.0,3,4,0,8,9,1,1.0,1.0,1,1
THE SUNNY SPRING,1900000.0,1194.8,1590.0,2024-06-01,111.0,17117.0,1.31219203070087,103.889464697147,50 LORONG 40 GEYLANG THE SUNNY SPRING SINGAPORE 398074,5.3613842782215055,15.0,4,4,3,6,11,5,2.0,1.0,0,1
SIMS URBAN OASIS,1938888.0,1022.58,1896.0,2024-06-01,95.0,20409.0,1.31926710475553,103.880615863782,6 SIMS DRIVE SIMS URBAN OASIS SINGAPORE 387388,5.190897370243519,15.0,3,4,0,8,9,1,2.0,1.0,1,1
BLISS VILLE,1380000.0,871.88,1583.0,2024-06-01,81.0,17037.0,1.32374715619118,103.909135122768,69H LORONG MELAYU BLISS VILLE SINGAPORE 417030,7.88417716920167,15.0,2,1,0,2,8,16,1.0,1.0,0,2
THE HELICONIA,1650000.0,1302.44,1267.0,2024-06-01,121.0,13636.0,1.32635294484067,103.908900244938,30 JALAN DAUD THE HELICONIA SINGAPORE 419572,8.031320801555648,15.0,3,2,0,2,7,16,3.0,1.0,1,2
PARC ESTA,1920000.0,839.59,2287.0,2024-06-01,78.0,24615.0,1.31786521916555,103.903967184717,904 SIMS AVENUE PARC ESTA SINGAPORE 408968,7.043509290403673,15.0,1,4,0,1,13,16,1.0,1.0,0,1
PARC ESTA,2240000.0,1022.58,2191.0,2024-06-01,95.0,23579.0,1.31786521916555,103.903967184717,904 SIMS AVENUE PARC ESTA SINGAPORE 408968,7.043509290403673,15.0,1,4,0,1,13,16,2.0,1.0,0,1
GUILLEMARD EDGE,935000.0,559.73,1670.0,2024-06-01,52.0,17981.0,1.31200443744473,103.885949377155,38 LORONG 30 GEYLANG GUILLEMARD EDGE SINGAPORE 398371,5.041282413008211,15.0,4,4,1,7,11,5,2.0,1.0,0,1
PARC ESTA,2000000.0,914.94,2186.0,2024-06-01,85.0,23529.0,1.31786521916555,103.903967184717,904 SIMS AVENUE PARC ESTA SINGAPORE 408968,7.043509290403673,15.0,1,4,0,1,13,16,1.0,1.0,0,1
TRE RESIDENCES,1000000.0,570.49,1753.0,2024-06-01,53.0,18868.0,1.3172278261209,103.885015905304,9 GEYLANG EAST AVENUE 1 TRE RESIDENCES SINGAPORE 389783,5.353082321074245,15.0,3,3,2,8,9,3,3.0,1.0,1,1
PARC ESTA,2280000.0,958.0,2380.0,2024-06-01,89.0,25618.0,1.31786521916555,103.903967184717,904 SIMS AVENUE PARC ESTA SINGAPORE 408968,7.043509290403673,15.0,1,4,0,1,13,16,4.0,1.0,0,1
SIMS URBAN OASIS,1300000.0,699.66,1858.0,2024-06-01,65.0,20000.0,1.31926710475553,103.880615863782,6 SIMS DRIVE SIMS URBAN OASIS SINGAPORE 387388,5.190897370243519,15.0,3,4,0,8,9,1,2.0,1.0,1,1
PENROSE,2110000.0,1044.11,2021.0,2024-06-01,97.0,21753.0,1.31948983025856,103.879994891095,22 SIMS DRIVE PENROSE SINGAPORE 387396,5.166503889250989,15.0,3,4,0,8,9,1,2.0,,0,1
PENROSE,1368000.0,645.84,2118.0,2024-06-01,60.0,22800.0,1.31948983025856,103.879994891095,22 SIMS DRIVE PENROSE SINGAPORE 387396,5.166503889250989,15.0,3,4,0,8,9,1,3.0,,0,1
EUHABITAT,740000.0,527.44,1403.0,2024-06-01,49.0,15102.0,1.32795415126263,103.9070014142,196 JALAN EUNOS EUHABITAT SINGAPORE 419542,7.971961203569236,15.0,2,2,0,2,6,15,1.0,1.0,1,2
PARC ESTA,1988888.0,904.18,2200.0,2024-06-01,84.0,23677.0,1.31786521916555,103.903967184717,904 SIMS AVENUE PARC ESTA SINGAPORE 408968,7.043509290403673,15.0,1,4,0,1,13,16,2.0,1.0,0,1
WING FONG COURT,1050000.0,1054.87,995.0,2024-06-01,98.0,10714.0,1.31173462254903,103.87881521885,10 LORONG 14 GEYLANG WING FONG COURT SINGAPORE 398922,4.435996550952671,15.0,3,4,0,10,9,1,2.0,1.0,0,1
SIMSVILLE,1688000.0,1248.62,1352.0,2024-06-01,116.0,14552.0,1.31703114737635,103.890499582849,2 GEYLANG EAST AVENUE 2 SIMSVILLE SINGAPORE 389754,5.786575389274496,15.0,4,4,3,6,12,4,2.0,1.0,1,1
GUILLEMARD SUITES,1190000.0,807.3,1474.0,2024-06-01,75.0,15867.0,1.31094521852726,103.882721097721,213 GUILLEMARD ROAD GUILLEMARD SUITES SINGAPORE 399733,4.691609257032653,15.0,3,4,0,8,9,3,1.0,1.0,0,1
PARC ESTA,1400000.0,581.26,2409.0,2024-06-01,54.0,25926.0,1.31786521916555,103.903967184717,904 SIMS AVENUE PARC ESTA SINGAPORE 408968,7.043509290403673,15.0,1,4,0,1,13,16,3.0,1.0,0,1
SIMS URBAN OASIS,1250000.0,667.37,1873.0,2024-06-01,62.0,20161.0,1.31926710475553,103.880615863782,6 SIMS DRIVE SIMS URBAN OASIS SINGAPORE 387388,5.190897370243519,15.0,3,4,0,8,9,1,3.0,1.0,1,1
MORI,2236000.0,1173.28,1906.0,2024-06-01,109.0,20514.0,1.31131219787605,103.882972095616,223 GUILLEMARD ROAD MORI SINGAPORE 399738,4.739370253523735,15.0,3,3,0,8,9,2,2.0,0.0,0,1
THE LENOX,1010000.0,699.66,1444.0,2024-05-01,65.0,15538.0,1.31824376273926,103.911351165333,396 CHANGI ROAD THE LENOX SINGAPORE 415899,7.765250446888848,16.0,2,1,0,2,13,15,1.0,1.0,0,2
GUILLEMARD SUITES,1828000.0,1270.15,1439.0,2024-05-01,118.0,15492.0,1.31094521852726,103.882721097721,213 GUILLEMARD ROAD GUILLEMARD SUITES SINGAPORE 399733,4.691609257032653,16.0,3,4,0,8,9,3,1.0,1.0,0,1
CAMELLIA LODGE,1320000.0,1184.04,1115.0,2024-05-01,110.0,12000.0,1.31535537044873,103.886535887931,31 LORONG 31 GEYLANG CAMELLIA LODGE SINGAPORE 388030,5.332965554393036,16.0,4,5,2,7,11,4,2.0,1.0,0,1
MATTAR RESIDENCES,1517000.0,656.6,2310.0,2024-05-01,61.0,24869.0,1.32562146026034,103.881811611954,7 MATTAR ROAD MATTAR RESIDENCES SINGAPORE 387716,5.828331618543042,16.0,3,5,0,8,11,5,1.0,1.0,0,1
CHEN FANG MANSIONS,1080000.0,936.47,1153.0,2024-05-01,87.0,12414.0,1.31538221755903,103.887936481421,26 LORONG 33 GEYLANG CHEN FANG MANSIONS SINGAPORE 387986,5.451511173883931,16.0,4,6,3,7,11,4,1.0,1.0,0,1
EUHABITAT,870000.0,613.55,1418.0,2024-05-01,57.0,15263.0,1.32795415126263,103.9070014142,196 JALAN EUNOS EUHABITAT SINGAPORE 419542,7.971961203569236,16.0,2,2,0,2,6,15,1.0,1.0,1,2
PARK PLACE RESIDENCES AT PLQ,2350000.0,1248.62,1882.0,2024-05-01,116.0,20259.0,1.31583675363618,103.892746648427,2 PAYA LEBAR ROAD PARK PLACE RESIDENCES AT PLQ SINGAPORE 409053,5.896537427358871,16.0,3,3,3,4,12,6,1.0,1.0,0,1
SIMS URBAN OASIS,1240000.0,667.37,1858.0,2024-05-01,62.0,20000.0,1.31926710475553,103.880615863782,6 SIMS DRIVE SIMS URBAN OASIS SINGAPORE 387388,5.190897370243519,16.0,3,4,0,8,9,1,3.0,1.0,1,1
PARC ESTA,1905000.0,839.59,2269.0,2024-05-01,78.0,24423.0,1.31786521916555,103.903967184717,904 SIMS AVENUE PARC ESTA SINGAPORE 408968,7.043509290403673,16.0,1,4,0,1,13,16,3.0,1.0,0,1
CENTRAL IMPERIAL,700000.0,548.96,1275.0,2024-05-01,51.0,13725.0,1.31194266781347,103.879213970964,3 LORONG 14 GEYLANG CENTRAL IMPERIAL SINGAPORE 398915,4.483469484998063,16.0,3,4,0,10,9,1,1.0,1.0,0,1
SIMS URBAN OASIS,880000.0,462.85,1901.0,2024-05-01,43.0,20465.0,1.31926710475553,103.880615863782,6 SIMS DRIVE SIMS URBAN OASIS SINGAPORE 387388,5.190897370243519,16.0,3,4,0,8,9,1,4.0,1.0,1,1
SIMS URBAN OASIS,860000.0,484.38,1775.0,2024-05-01,45.0,19111.0,1.31926710475553,103.880615863782,6 SIMS DRIVE SIMS URBAN OASIS SINGAPORE 387388,5.190897370243519,16.0,3,4,0,8,9,1,1.0,1.0,1,1
SIMS URBAN OASIS,850000.0,441.32,1926.0,2024-05-01,41.0,20732.0,1.31926710475553,103.880615863782,6 SIMS DRIVE SIMS URBAN OASIS SINGAPORE 387388,5.190897370243519,16.0,3,4,0,8,9,1,2.0,1.0,1,1
MORI,2080000.0,1184.04,1757.0,2024-05-01,110.0,18909.0,1.31131219787605,103.882972095616,223 GUILLEMARD ROAD MORI SINGAPORE 399738,4.739370253523735,16.0,3,3,0,8,9,2,1.0,0.0,0,1
SIMS URBAN OASIS,865000.0,441.32,1960.0,2024-05-01,41.0,21098.0,1.31926710475553,103.880615863782,6 SIMS DRIVE SIMS URBAN OASIS SINGAPORE 387388,5.190897370243519,16.0,3,4,0,8,9,1,2.0,1.0,1,1
PENROSE,1920000.0,979.52,1960.0,2024-05-01,91.0,21099.0,1.31948983025856,103.879994891095,22 SIMS DRIVE PENROSE SINGAPORE 387396,5.166503889250989,16.0,3,4,0,8,9,1,2.0,,0,1
TRE RESIDENCES,1630000.0,947.23,1721.0,2024-05-01,88.0,18523.0,1.3172278261209,103.885015905304,9 GEYLANG EAST AVENUE 1 TRE RESIDENCES SINGAPORE 389783,5.353082321074245,16.0,3,3,2,8,9,3,2.0,1.0,1,1
ATRIUM RESIDENCES,1550000.0,1022.58,1516.0,2024-05-01,95.0,16316.0,1.31372274938589,103.886156549479,532 GEYLANG ROAD ATRIUM RESIDENCES SINGAPORE 389488,5.181625591258403,16.0,5,4,2,7,11,5,2.0,1.0,0,1
PENROSE,1660000.0,807.3,2056.0,2024-05-01,75.0,22133.0,1.31948983025856,103.879994891095,22 SIMS DRIVE PENROSE SINGAPORE 387396,5.166503889250989,16.0,3,4,0,8,9,1,2.0,,0,1
ATRIUM RESIDENCES,2300000.0,2303.5,998.0,2024-05-01,214.0,10748.0,1.31372274938589,103.886156549479,532 GEYLANG ROAD ATRIUM RESIDENCES SINGAPORE 389488,5.181625591258403,16.0,5,4,2,7,11,5,2.0,1.0,0,1
WATERBANK AT DAKOTA,2588000.0,1130.22,2290.0,2024-05-01,105.0,24648.0,1.30647833742136,103.888537197136,76 DAKOTA CRESCENT WATERBANK AT DAKOTA SINGAPORE 399944,4.918518965685704,16.0,3,3,0,5,10,6,3.0,1.0,1,1
PARC ESTA,890000.0,419.8,2120.0,2024-05-01,39.0,22821.0,1.31786521916555,103.903967184717,904 SIMS AVENUE PARC ESTA SINGAPORE 408968,7.043509290403673,16.0,1,4,0,1,13,16,2.0,1.0,0,1
SIMS URBAN OASIS,835000.0,441.32,1892.0,2024-05-01,41.0,20366.0,1.31926710475553,103.880615863782,6 SIMS DRIVE SIMS URBAN OASIS SINGAPORE 387388,5.190897370243519,16.0,3,4,0,8,9,1,1.0,1.0,1,1
STUDIO8,878888.0,559.73,1570.0,2024-05-01,52.0,16902.0,1.31110937477676,103.873025954425,8 JALAN AYER STUDIO8 SINGAPORE 389144,3.958495376383,16.0,2,2,2,10,6,1,1.0,1.0,0,1
PARK PLACE RESIDENCES AT PLQ,1550000.0,678.13,2286.0,2024-05-01,63.0,24603.0,1.31583675363618,103.892746648427,2 PAYA LEBAR ROAD PARK PLACE RESIDENCES AT PLQ SINGAPORE 409053,5.896537427358871,16.0,3,3,3,4,12,6,2.0,1.0,0,1
EDENZ SUITES,700000.0,484.38,1445.0,2024-05-01,45.0,15556.0,1.31286931612854,103.885753141885,21 LORONG 28 GEYLANG EDENZ SUITES SINGAPORE 398425,5.086028153004915,16.0,5,4,1,7,11,4,1.0,1.0,0,1
PARK PLACE RESIDENCES AT PLQ,1450000.0,667.37,2173.0,2024-05-01,62.0,23387.0,1.31583675363618,103.892746648427,2 PAYA LEBAR ROAD PARK PLACE RESIDENCES AT PLQ SINGAPORE 409053,5.896537427358871,16.0,3,3,3,4,12,6,2.0,1.0,0,1
PARC ESTA,2280000.0,958.0,2380.0,2024-05-01,89.0,25618.0,1.31786521916555,103.903967184717,904 SIMS AVENUE PARC ESTA SINGAPORE 408968,7.043509290403673,16.0,1,4,0,1,13,16,4.0,1.0,0,1
EUHABITAT,765000.0,548.96,1394.0,2024-05-01,51.0,15000.0,1.32795415126263,103.9070014142,196 JALAN EUNOS EUHABITAT SINGAPORE 419542,7.971961203569236,16.0,2,2,0,2,6,15,1.0,1.0,1,2
ASTORIA PARK,1400000.0,1194.8,1172.0,2024-05-01,111.0,12613.0,1.32177770499303,103.91225216665,34 LORONG MYDIN ASTORIA PARK SINGAPORE 416827,8.053226885077692,16.0,1,1,0,2,12,17,1.0,1.0,1,2
PARC ESTA,2210000.0,1001.05,2208.0,2024-05-01,93.0,23763.0,1.31786521916555,103.903967184717,904 SIMS AVENUE PARC ESTA SINGAPORE 408968,7.043509290403673,16.0,1,4,0,1,13,16,1.0,1.0,0,1
PARC ESTA,2220000.0,1001.05,2218.0,2024-05-01,93.0,23871.0,1.31786521916555,103.903967184717,904 SIMS AVENUE PARC ESTA SINGAPORE 408968,7.043509290403673,16.0,1,4,0,1,13,16,1.0,1.0,0,1
28 IMPERIAL RESIDENCES,700000.0,441.32,1586.0,2024-05-01,41.0,17073.0,1.311780119269,103.884605770106,28 LORONG 26 GEYLANG 28 IMPERIAL RESIDENCES SINGAPORE 398495,4.910721054286701,16.0,3,3,0,7,10,5,1.0,1.0,0,1
MORI,2359000.0,1259.39,1873.0,2024-05-01,117.0,20162.0,1.31131219787605,103.882972095616,223 GUILLEMARD ROAD MORI SINGAPORE 399738,4.739370253523735,16.0,3,3,0,8,9,2,1.0,0.0,0,1
PENROSE,1515000.0,710.42,2133.0,2024-05-01,66.0,22955.0,1.31948983025856,103.879994891095,22 SIMS DRIVE PENROSE SINGAPORE 387396,5.166503889250989,16.0,3,4,0,8,9,1,3.0,,0,1
DAKOTA RESIDENCES,2150000.0,1291.68,1664.0,2024-05-01,120.0,17917.0,1.30637270876178,103.88708549006,34 DAKOTA CRESCENT DAKOTA RESIDENCES SINGAPORE 399936,4.7757251422267535,16.0,3,3,0,6,10,5,1.0,1.0,1,1
THE TRUMPS,1600000.0,947.23,1689.0,2024-05-01,88.0,18182.0,1.32002610262337,103.91348728953,1 JALAN KEMBANGAN THE TRUMPS SINGAPORE 419154,8.069943599460245,16.0,1,0,0,2,12,18,1.0,1.0,1,2
KEMBANGAN SUITES,905000.0,559.73,1617.0,2024-05-01,52.0,17404.0,1.32015257058639,103.912727083961,16 JALAN MASJID KEMBANGAN SUITES SINGAPORE 418941,8.00431940901614,16.0,1,1,0,2,12,18,1.0,1.0,0,2
THE WATERINA,3200000.0,1754.53,1824.0,2024-05-01,163.0,19632.0,1.3132821071538,103.89085032363,59 LORONG 40 GEYLANG THE WATERINA SINGAPORE 398082,5.55708137380416,16.0,4,4,3,5,12,5,1.0,1.0,0,1
WING FONG MANSIONS,1139000.0,1130.22,1008.0,2024-05-01,105.0,10848.0,1.31057552074486,103.879078933752,12 LORONG 14 GEYLANG WING FONG MANSIONS SINGAPORE 398924,4.366074173360566,16.0,4,4,1,10,9,1,1.0,1.0,0,1
PENROSE,2000000.0,1044.11,1916.0,2024-05-01,97.0,20619.0,1.31948983025856,103.879994891095,22 SIMS DRIVE PENROSE SINGAPORE 387396,5.166503889250989,16.0,3,4,0,8,9,1,1.0,,0,1
GUILLEMARD EDGE,722000.0,409.03,1765.0,2024-05-01,38.0,19000.0,1.31200443744473,103.885949377155,38 LORONG 30 GEYLANG GUILLEMARD EDGE SINGAPORE 398371,5.041282413008211,16.0,4,4,1,7,11,5,1.0,1.0,0,1
GUILLEMARD EDGE,732000.0,409.03,1790.0,2024-05-01,38.0,19263.0,1.31200443744473,103.885949377155,38 LORONG 30 GEYLANG GUILLEMARD EDGE SINGAPORE 398371,5.041282413008211,16.0,4,4,1,7,11,5,1.0,1.0,0,1
MILLAGE,820000.0,548.96,1494.0,2024-05-01,51.0,16078.0,1.38854656229022,103.987804503483,1 CHANGI VILLAGE ROAD SINGAPORE 500001,19.183455237444974,16.0,0,1,0,0,0,5,2.0,1.0,0,1
CENTRAL GROVE,1640000.0,1216.33,1348.0,2024-05-01,113.0,14513.0,1.31623494982413,103.884417981377,3 GEYLANG EAST AVENUE 1 CENTRAL GROVE SINGAPORE 389779,5.228491443172765,16.0,4,5,1,8,9,3,3.0,1.0,1,1
PENROSE,2000000.0,968.76,2064.0,2024-05-01,90.0,22222.0,1.31948983025856,103.879994891095,22 SIMS DRIVE PENROSE SINGAPORE 387396,5.166503889250989,16.0,3,4,0,8,9,1,3.0,,0,1
MATTAR RESIDENCES,1130000.0,495.14,2282.0,2024-05-01,46.0,24565.0,1.32562146026034,103.881811611954,7 MATTAR ROAD MATTAR RESIDENCES SINGAPORE 387716,5.828331618543042,16.0,3,5,0,8,11,5,1.0,1.0,0,1
LE ARC,1270000.0,1291.68,983.0,2024-05-01,120.0,10583.0,1.31259777837018,103.884583890504,6 LORONG 26 GEYLANG LE ARC SINGAPORE 398481,4.967956638099901,16.0,3,4,0,8,10,4,1.0,1.0,0,1
THE OCTET,780000.0,505.91,1542.0,2024-05-01,47.0,16596.0,1.31206999136037,103.883562422294,23 LORONG 24 GEYLANG THE OCTET SINGAPORE 398628,4.844083676929457,16.0,3,3,0,8,10,2,1.0,1.0,0,1
EDENZ SUITES,682888.0,441.32,1547.0,2024-05-01,41.0,16656.0,1.31286931612854,103.885753141885,21 LORONG 28 GEYLANG EDENZ SUITES SINGAPORE 398425,5.086028153004915,16.0,5,4,1,7,11,4,1.0,1.0,0,1
THE SANCTUARY @ GEYLANG,788888.0,559.73,1409.0,2024-05-01,52.0,15171.0,1.31345709214795,103.886467318231,1 LORONG 30 GEYLANG THE SANCTUARY @ GEYLANG SINGAPORE 398342,5.188676380984995,16.0,5,4,2,7,11,5,1.0,1.0,0,1
CENTRA SUITES,660000.0,419.8,1572.0,2024-05-01,39.0,16923.0,1.31465166781856,103.883288149427,38 LORONG 25A GEYLANG CENTRA SUITES SINGAPORE 388242,5.016128952160774,16.0,3,4,0,8,9,3,1.0,1.0,0,1
ESTA RUBY,1915000.0,1130.22,1694.0,2024-05-01,105.0,18238.0,1.31390006507675,103.893617178884,500 GUILLEMARD ROAD ESTA RUBY SINGAPORE 399839,5.845471443212252,16.0,3,2,3,3,13,8,3.0,1.0,0,1
MATTAR RESIDENCES,1280000.0,559.73,2287.0,2024-05-01,52.0,24615.0,1.32562146026034,103.881811611954,7 MATTAR ROAD MATTAR RESIDENCES SINGAPORE 387716,5.828331618543042,16.0,3,5,0,8,11,5,1.0,1.0,0,1
CENTRA RESIDENCE,1343000.0,1140.98,1177.0,2024-05-01,106.0,12670.0,1.312846209179,103.875936321332,8 LORONG 7 GEYLANG CENTRA RESIDENCE SINGAPORE 388792,4.311991373002679,16.0,2,2,0,10,8,1,2.0,1.0,0,1
PARC ESTA,1702000.0,742.72,2292.0,2024-05-01,69.0,24667.0,1.31786521916555,103.903967184717,904 SIMS AVENUE PARC ESTA SINGAPORE 408968,7.043509290403673,16.0,1,4,0,1,13,16,3.0,1.0,0,1
RESIDENCES 88,790000.0,505.91,1562.0,2024-05-01,47.0,16809.0,1.32627973484674,103.907811483759,88 LORONG MARICAN RESIDENCES 88 SINGAPORE 417297,7.92954468966822,16.0,3,1,0,2,7,15,1.0,1.0,0,2
ARENA RESIDENCES,1610000.0,807.3,1994.0,2024-05-01,75.0,21467.0,1.30967685823486,103.880642764235,20 GUILLEMARD CRESCENT ARENA RESIDENCES SINGAPORE 399915,4.425439723338632,16.0,4,4,1,9,9,1,1.0,,0,1
EUHABITAT,820000.0,548.96,1494.0,2024-05-01,51.0,16078.0,1.32795415126263,103.9070014142,196 JALAN EUNOS EUHABITAT SINGAPORE 419542,7.971961203569236,16.0,2,2,0,2,6,15,1.0,1.0,1,2
CENTRAL GROVE,1570000.0,1216.33,1291.0,2024-05-01,113.0,13894.0,1.31623494982413,103.884417981377,3 GEYLANG EAST AVENUE 1 CENTRAL GROVE SINGAPORE 389779,5.228491443172765,16.0,4,5,1,8,9,3,2.0,1.0,1,1
REZI 26,790000.0,495.14,1595.0,2024-05-01,46.0,17174.0,1.31277485329606,103.885104634024,5 LORONG 26 GEYLANG REZI 26 SINGAPORE 398480,5.024511275001018,16.0,4,4,1,7,11,4,1.0,1.0,0,1
TRE RESIDENCES,1380000.0,850.36,1623.0,2024-05-01,79.0,17468.0,1.3172278261209,103.885015905304,9 GEYLANG EAST AVENUE 1 TRE RESIDENCES SINGAPORE 389783,5.353082321074245,16.0,3,3,2,8,9,3,1.0,1.0,1,1
PAVILION SQUARE,630888.0,398.27,1584.0,2024-05-01,37.0,17051.0,1.31297800060859,103.879770800217,345 GEYLANG ROAD PAVILION SQUARE SINGAPORE 389366,4.608727400946871,16.0,3,4,0,10,10,1,2.0,1.0,0,1
PARC ESTA,2298888.0,1033.34,2225.0,2024-05-01,96.0,23947.0,1.31786521916555,103.903967184717,904 SIMS AVENUE PARC ESTA SINGAPORE 408968,7.043509290403673,16.0,1,4,0,1,13,16,2.0,1.0,0,1
EUHABITAT,1350000.0,904.18,1493.0,2024-05-01,84.0,16071.0,1.32795415126263,103.9070014142,196 JALAN EUNOS EUHABITAT SINGAPORE 419542,7.971961203569236,16.0,2,2,0,2,6,15,1.0,1.0,1,2
THE WATERINA,2560000.0,1356.26,1888.0,2024-05-01,126.0,20317.0,1.3132821071538,103.89085032363,59 LORONG 40 GEYLANG THE WATERINA SINGAPORE 398082,5.55708137380416,16.0,4,4,3,5,12,5,1.0,1.0,0,1
MORI,2155712.0,1097.93,1963.0,2024-05-01,102.0,21134.0,1.31131219787605,103.882972095616,223 GUILLEMARD ROAD MORI SINGAPORE 399738,4.739370253523735,16.0,3,3,0,8,9,2,1.0,0.0,0,1
PENROSE,1705000.0,807.3,2112.0,2024-05-01,75.0,22733.0,1.31948983025856,103.879994891095,22 SIMS DRIVE PENROSE SINGAPORE 387396,5.166503889250989,16.0,3,4,0,8,9,1,2.0,,0,1
28 IMPERIAL RESIDENCES,700000.0,409.03,1711.0,2024-05-01,38.0,18421.0,1.311780119269,103.884605770106,28 LORONG 26 GEYLANG 28 IMPERIAL RESIDENCES SINGAPORE 398495,4.910721054286701,16.0,3,3,0,7,10,5,1.0,1.0,0,1
PENROSE,1285000.0,645.84,1990.0,2024-05-01,60.0,21417.0,1.31948983025856,103.879994891095,22 SIMS DRIVE PENROSE SINGAPORE 387396,5.166503889250989,16.0,3,4,0,8,9,1,2.0,,0,1
PARC ESTA,1680000.0,839.59,2001.0,2024-05-01,78.0,21538.0,1.31786521916555,103.903967184717,904 SIMS AVENUE PARC ESTA SINGAPORE 408968,7.043509290403673,16.0,1,4,0,1,13,16,1.0,1.0,0,1
CASA AERATA,650000.0,419.8,1548.0,2024-05-01,39.0,16667.0,1.31232393794378,103.885033090499,9 LORONG 26 GEYLANG CASA AERATA SINGAPORE 398484,4.985931367630484,16.0,4,4,1,7,11,4,1.0,1.0,0,1
MATTAR RESIDENCES,1362000.0,613.55,2220.0,2024-05-01,57.0,23895.0,1.32562146026034,103.881811611954,7 MATTAR ROAD MATTAR RESIDENCES SINGAPORE 387716,5.828331618543042,16.0,3,5,0,8,11,5,1.0,1.0,0,1
MATTAR RESIDENCES,1786000.0,828.83,2155.0,2024-05-01,77.0,23195.0,1.32562146026034,103.881811611954,7 MATTAR ROAD MATTAR RESIDENCES SINGAPORE 387716,5.828331618543042,16.0,3,5,0,8,11,5,1.0,1.0,0,1
EDENZ SUITES,666000.0,452.09,1473.0,2024-05-01,42.0,15857.0,1.31286931612854,103.885753141885,21 LORONG 28 GEYLANG EDENZ SUITES SINGAPORE 398425,5.086028153004915,16.0,5,4,1,7,11,4,1.0,1.0,0,1
EVERGREEN VIEW,1040000.0,1065.64,976.0,2024-05-01,99.0,10505.0,1.31352657764499,103.888547680917,15 LORONG 36 GEYLANG EVERGREEN VIEW SINGAPORE 398150,5.371734690468961,16.0,4,4,3,6,11,4,1.0,1.0,0,1
THE ALCOVE,1430000.0,1291.68,1107.0,2024-05-01,120.0,11917.0,1.31400655260741,103.884015328938,10 LORONG 27 GEYLANG THE ALCOVE SINGAPORE 388199,5.025483913717779,16.0,4,4,0,8,9,4,2.0,1.0,0,1
PARC ESTA,1020000.0,452.09,2256.0,2024-05-01,42.0,24286.0,1.31786521916555,103.903967184717,904 SIMS AVENUE PARC ESTA SINGAPORE 408968,7.043509290403673,16.0,1,4,0,1,13,16,2.0,1.0,0,1
THE ANTARES,1385000.0,667.37,2075.0,2024-05-01,62.0,22339.0,1.32541778538724,103.883403765337,23 MATTAR ROAD THE ANTARES SINGAPORE 387730,5.916441166611573,16.0,4,4,0,8,9,4,1.0,1.0,0,1
PARC ESTA,1425000.0,635.08,2244.0,2024-05-01,59.0,24153.0,1.31786521916555,103.903967184717,904 SIMS AVENUE PARC ESTA SINGAPORE 408968,7.043509290403673,16.0,1,4,0,1,13,16,3.0,1.0,0,1
PENROSE,1500000.0,710.42,2111.0,2024-05-01,66.0,22727.0,1.31948983025856,103.879994891095,22 SIMS DRIVE PENROSE SINGAPORE 387396,5.166503889250989,16.0,3,4,0,8,9,1,4.0,,0,1
THE HELICONIA,1700000.0,1334.74,1274.0,2024-05-01,124.0,13710.0,1.32635294484067,103.908900244938,30 JALAN DAUD THE HELICONIA SINGAPORE 419572,8.031320801555648,16.0,3,2,0,2,7,16,3.0,1.0,1,2
SIMS GREEN,1220000.0,990.29,1232.0,2024-05-01,92.0,13261.0,1.31441038654771,103.884629689864,7 LORONG 27A GEYLANG SIMS GREEN SINGAPORE 388133,5.105957066325405,16.0,4,4,1,8,9,5,1.0,1.0,0,1
SIMS RESIDENCES,1630000.0,1410.08,1156.0,2024-05-01,131.0,12443.0,1.31607412947418,103.891092837354,8 LORONG 39 GEYLANG SIMS RESIDENCES SINGAPORE 387882,5.769235671840805,16.0,4,3,3,5,12,4,1.0,1.0,0,1
THE HELICONIA,1685000.0,1302.44,1294.0,2024-05-01,121.0,13926.0,1.32635294484067,103.908900244938,30 JALAN DAUD THE HELICONIA SINGAPORE 419572,8.031320801555648,16.0,3,2,0,2,7,16,2.0,1.0,1,2
SIMS URBAN OASIS,1120000.0,624.31,1794.0,2024-04-01,58.0,19310.0,1.31926710475553,103.880615863782,6 SIMS DRIVE SIMS URBAN OASIS SINGAPORE 387388,5.190897370243519,17.0,3,4,0,8,9,1,1.0,1.0,1,1
LE REGAL,575000.0,365.98,1571.0,2024-04-01,34.0,16912.0,1.31250268727998,103.880368117228,340 GEYLANG ROAD LE REGAL SINGAPORE 389365,4.61788023094977,17.0,2,3,0,9,10,1,1.0,1.0,0,1
PARC ESTA,1325000.0,635.08,2086.0,2024-04-01,59.0,22458.0,1.31786521916555,103.903967184717,904 SIMS AVENUE PARC ESTA SINGAPORE 408968,7.043509290403673,17.0,1,4,0,1,13,16,1.0,1.0,0,1
PENROSE,1450000.0,710.42,2041.0,2024-04-01,66.0,21970.0,1.31948983025856,103.879994891095,22 SIMS DRIVE PENROSE SINGAPORE 387396,5.166503889250989,17.0,3,4,0,8,9,1,2.0,,0,1
PENROSE,1388000.0,645.84,2149.0,2024-04-01,60.0,23133.0,1.31948983025856,103.879994891095,22 SIMS DRIVE PENROSE SINGAPORE 387396,5.166503889250989,17.0,3,4,0,8,9,1,4.0,,0,1
SUNNY LODGE,660000.0,398.27,1657.0,2024-04-01,37.0,17838.0,1.32438242964886,103.906966580799,6A LORONG SALLEH SUNNY LODGE SINGAPORE 416757,7.728747151239156,17.0,2,1,0,1,6,14,1.0,1.0,0,2
WING FONG COURT,968000.0,990.29,977.0,2024-04-01,92.0,10522.0,1.31173462254903,103.87881521885,10 LORONG 14 GEYLANG WING FONG COURT SINGAPORE 398922,4.435996550952671,17.0,3,4,0,10,9,1,1.0,1.0,0,1
SIMS URBAN OASIS,1988888.0,1184.04,1680.0,2024-04-01,110.0,18081.0,1.31926710475553,103.880615863782,6 SIMS DRIVE SIMS URBAN OASIS SINGAPORE 387388,5.190897370243519,17.0,3,4,0,8,9,1,4.0,1.0,1,1
SIMS URBAN OASIS,1178000.0,667.37,1765.0,2024-04-01,62.0,19000.0,1.31926710475553,103.880615863782,6 SIMS DRIVE SIMS URBAN OASIS SINGAPORE 387388,5.190897370243519,17.0,3,4,0,8,9,1,1.0,1.0,1,1
VIENTO,702000.0,430.56,1630.0,2024-04-01,40.0,17550.0,1.31221104514144,103.886520466932,29 LORONG 30 GEYLANG VIENTO SINGAPORE 398362,5.104904162018615,17.0,5,4,2,7,11,5,1.0,1.0,0,1
PARK PLACE RESIDENCES AT PLQ,1075000.0,484.38,2219.0,2024-04-01,45.0,23889.0,1.31583675363618,103.892746648427,2 PAYA LEBAR ROAD PARK PLACE RESIDENCES AT PLQ SINGAPORE 409053,5.896537427358871,17.0,3,3,3,4,12,6,2.0,1.0,0,1
PARC ESTA,1080000.0,527.44,2048.0,2024-04-01,49.0,22041.0,1.31786521916555,103.903967184717,904 SIMS AVENUE PARC ESTA SINGAPORE 408968,7.043509290403673,17.0,1,4,0,1,13,16,2.0,1.0,0,1
TREASURES@G6,670000.0,452.09,1482.0,2024-04-01,42.0,15952.0,1.31061812912929,103.876727965474,35 LORONG 6 GEYLANG TREASURES@G6 SINGAPORE 399187,4.186237477544645,17.0,4,3,2,10,8,2,2.0,1.0,0,1
CENTRAL GROVE,1610000.0,1205.57,1335.0,2024-04-01,112.0,14375.0,1.31623494982413,103.884417981377,3 GEYLANG EAST AVENUE 1 CENTRAL GROVE SINGAPORE 389779,5.228491443172765,17.0,4,5,1,8,9,3,1.0,1.0,1,1
PENROSE,1202000.0,645.84,1861.0,2024-04-01,60.0,20033.0,1.31948983025856,103.879994891095,22 SIMS DRIVE PENROSE SINGAPORE 387396,5.166503889250989,17.0,3,4,0,8,9,1,2.0,,0,1
PENROSE,1408000.0,710.42,1982.0,2024-04-01,66.0,21333.0,1.31948983025856,103.879994891095,22 SIMS DRIVE PENROSE SINGAPORE 387396,5.166503889250989,17.0,3,4,0,8,9,1,1.0,,0,1
THE TRUMPS,960000.0,645.84,1486.0,2024-04-01,60.0,16000.0,1.32002610262337,103.91348728953,1 JALAN KEMBANGAN THE TRUMPS SINGAPORE 419154,8.069943599460245,17.0,1,0,0,2,12,18,4.0,1.0,1,2
TROPIKA EAST,1107888.0,731.95,1514.0,2024-04-01,68.0,16292.0,1.32886589161997,103.90719397756,3 FOO KIM LIN ROAD TROPIKA EAST SINGAPORE 419679,8.051842718239321,17.0,2,1,0,2,6,15,1.0,1.0,1,2
THE VINES,2130000.0,1980.58,1075.0,2024-04-01,184.0,11576.0,1.31938865407237,103.908010725574,12 LORONG SARINA THE VINES SINGAPORE 416736,7.513064861326432,17.0,2,1,0,1,14,14,1.0,1.0,0,2
CENTRA HEIGHTS,738888.0,430.56,1716.0,2024-04-01,40.0,18472.0,1.31629397762889,103.88657418395,455 SIMS AVENUE CENTRA HEIGHTS SINGAPORE 387607,5.406260020602187,17.0,4,4,3,7,11,4,2.0,1.0,0,1
ATRIUM RESIDENCES,1650000.0,1227.1,1345.0,2024-04-01,114.0,14474.0,1.31372274938589,103.886156549479,532 GEYLANG ROAD ATRIUM RESIDENCES SINGAPORE 389488,5.181625591258403,17.0,5,4,2,7,11,5,1.0,1.0,0,1
PARC ESTA,2250000.0,958.0,2349.0,2024-04-01,89.0,25281.0,1.31786521916555,103.903967184717,904 SIMS AVENUE PARC ESTA SINGAPORE 408968,7.043509290403673,17.0,1,4,0,1,13,16,2.0,1.0,0,1
CENTRA SUITES,720000.0,452.09,1593.0,2024-04-01,42.0,17143.0,1.31465166781856,103.883288149427,38 LORONG 25A GEYLANG CENTRA SUITES SINGAPORE 388242,5.016128952160774,17.0,3,4,0,8,9,3,1.0,1.0,0,1
WING FONG MANSIONS,1020000.0,958.0,1065.0,2024-04-01,89.0,11461.0,1.31057552074486,103.879078933752,12 LORONG 14 GEYLANG WING FONG MANSIONS SINGAPORE 398924,4.366074173360566,17.0,4,4,1,10,9,1,1.0,1.0,0,1
SIXTEEN35 RESIDENCES,1280000.0,796.54,1607.0,2024-04-01,74.0,17297.0,1.31547407018063,103.888827552085,16 LORONG 35 GEYLANG SIXTEEN35 RESIDENCES SINGAPORE 387946,5.533258263987247,17.0,4,4,3,6,12,4,1.0,1.0,0,1
NESS,780000.0,559.73,1394.0,2024-04-01,52.0,15000.0,1.31269794714045,103.886776844129,38 LORONG 32 GEYLANG NESS SINGAPORE 398298,5.1611183017097115,17.0,5,4,2,7,11,5,1.0,1.0,0,1
SIMS URBAN OASIS,1188000.0,624.31,1903.0,2024-04-01,58.0,20483.0,1.31926710475553,103.880615863782,6 SIMS DRIVE SIMS URBAN OASIS SINGAPORE 387388,5.190897370243519,17.0,3,4,0,8,9,1,3.0,1.0,1,1
WATERBANK AT DAKOTA,1750000.0,882.65,1983.0,2024-04-01,82.0,21341.0,1.30647833742136,103.888537197136,76 DAKOTA CRESCENT WATERBANK AT DAKOTA SINGAPORE 399944,4.918518965685704,17.0,3,3,0,5,10,6,3.0,1.0,1,1
PENROSE,2180000.0,1054.87,2067.0,2024-04-01,98.0,22245.0,1.31948983025856,103.879994891095,22 SIMS DRIVE PENROSE SINGAPORE 387396,5.166503889250989,17.0,3,4,0,8,9,1,3.0,,0,1
D'WEAVE,720000.0,419.8,1715.0,2024-04-01,39.0,18462.0,1.31554107907724,103.890458266408,5 LORONG 39 GEYLANG D'WEAVE SINGAPORE 387866,5.67725259584862,17.0,4,4,3,5,13,4,1.0,1.0,0,1
EDENZ SUITES,645000.0,452.09,1427.0,2024-04-01,42.0,15357.0,1.31286931612854,103.885753141885,21 LORONG 28 GEYLANG EDENZ SUITES SINGAPORE 398425,5.086028153004915,17.0,5,4,1,7,11,4,2.0,1.0,0,1
SUITES @ EUNOS,670000.0,365.98,1831.0,2024-04-01,34.0,19706.0,1.3205334041426,103.905772422058,1 JALAN YASIN SUITES @ EUNOS SINGAPORE 417958,7.374403827770043,17.0,2,2,0,1,10,12,1.0,1.0,0,2
PENROSE,1439000.0,699.66,2057.0,2024-04-01,65.0,22138.0,1.31948983025856,103.879994891095,22 SIMS DRIVE PENROSE SINGAPORE 387396,5.166503889250989,17.0,3,4,0,8,9,1,3.0,,0,1
PAYA LEBAR RESIDENCES,2320000.0,1280.92,1811.0,2024-04-01,119.0,19496.0,1.31752143815241,103.891475654733,27 PAYA LEBAR ROAD PAYA LEBAR RESIDENCES SINGAPORE 409042,5.904426206584732,17.0,4,4,3,4,12,4,2.0,1.0,0,1
SIMS URBAN OASIS,790000.0,409.03,1931.0,2024-04-01,38.0,20789.0,1.31926710475553,103.880615863782,6 SIMS DRIVE SIMS URBAN OASIS SINGAPORE 387388,5.190897370243519,17.0,3,4,0,8,9,1,2.0,1.0,1,1
STUDIO8,1080000.0,731.95,1476.0,2024-04-01,68.0,15882.0,1.31110937477676,103.873025954425,8 JALAN AYER STUDIO8 SINGAPORE 389144,3.958495376383,17.0,2,2,2,10,6,1,2.0,1.0,0,1
SIMS URBAN OASIS,2088000.0,1065.64,1959.0,2024-04-01,99.0,21091.0,1.31926710475553,103.880615863782,6 SIMS DRIVE SIMS URBAN OASIS SINGAPORE 387388,5.190897370243519,17.0,3,4,0,8,9,1,1.0,1.0,1,1
GUILLEMARD SUITES,858888.0,592.02,1451.0,2024-04-01,55.0,15616.0,1.31094521852726,103.882721097721,213 GUILLEMARD ROAD GUILLEMARD SUITES SINGAPORE 399733,4.691609257032653,17.0,3,4,0,8,9,3,1.0,1.0,0,1
PARC ESTA,2138000.0,914.94,2337.0,2024-04-01,85.0,25153.0,1.31786521916555,103.903967184717,904 SIMS AVENUE PARC ESTA SINGAPORE 408968,7.043509290403673,17.0,1,4,0,1,13,16,4.0,1.0,0,1
WATERBANK AT DAKOTA,1695000.0,882.65,1920.0,2024-04-01,82.0,20671.0,1.30647833742136,103.888537197136,76 DAKOTA CRESCENT WATERBANK AT DAKOTA SINGAPORE 399944,4.918518965685704,17.0,3,3,0,5,10,6,3.0,1.0,1,1
ZYANYA,2498700.0,1313.21,1903.0,2024-04-01,122.0,20481.0,1.31392103072017,103.883276357397,8 LORONG 25A GEYLANG ZYANYA SINGAPORE 388222,4.959147064738651,17.0,3,4,0,8,9,3,1.0,0.0,0,1
# 1 SUITES,720000.0,592.02,1216.0,2024-04-01,55.0,13091.0,1.31239029325188,103.881504147527,1 LORONG 20 GEYLANG # 1 SUITES SINGAPORE 398721,4.699608709809529,17.0,3,3,0,8,9,2,2.0,1.0,0,1
CENTRAL GROVE,1590000.0,1216.33,1307.0,2024-04-01,113.0,14071.0,1.31623494982413,103.884417981377,3 GEYLANG EAST AVENUE 1 CENTRAL GROVE SINGAPORE 389779,5.228491443172765,17.0,4,5,1,8,9,3,3.0,1.0,1,1
TRE RESIDENCES,1538000.0,861.12,1786.0,2024-04-01,80.0,19225.0,1.3172278261209,103.885015905304,9 GEYLANG EAST AVENUE 1 TRE RESIDENCES SINGAPORE 389783,5.353082321074245,17.0,3,3,2,8,9,3,3.0,1.0,1,1
PENROSE,2200000.0,1054.87,2086.0,2024-04-01,98.0,22449.0,1.31948983025856,103.879994891095,22 SIMS DRIVE PENROSE SINGAPORE 387396,5.166503889250989,17.0,3,4,0,8,9,1,3.0,,0,1
TREASURES@G6,660000.0,452.09,1460.0,2024-04-01,42.0,15714.0,1.31061812912929,103.876727965474,35 LORONG 6 GEYLANG TREASURES@G6 SINGAPORE 399187,4.186237477544645,17.0,4,3,2,10,8,2,2.0,1.0,0,1
THE WATERINA,2640000.0,1356.26,1947.0,2024-04-01,126.0,20952.0,1.3132821071538,103.89085032363,59 LORONG 40 GEYLANG THE WATERINA SINGAPORE 398082,5.55708137380416,17.0,4,4,3,5,12,5,2.0,1.0,0,1
VACANZA @ EAST,1260000.0,807.3,1561.0,2024-04-01,75.0,16800.0,1.32901984483655,103.914196223923,36 LENGKONG TUJOH VACANZA @ EAST SINGAPORE 417391,8.680985857703446,17.0,3,1,0,2,8,12,1.0,1.0,1,2
SIMS URBAN OASIS,842000.0,441.32,1908.0,2024-04-01,41.0,20537.0,1.31926710475553,103.880615863782,6 SIMS DRIVE SIMS URBAN OASIS SINGAPORE 387388,5.190897370243519,17.0,3,4,0,8,9,1,3.0,1.0,1,1
WINDY HEIGHTS,5360000.0,4972.97,1078.0,2024-04-01,462.0,11602.0,1.32664204297673,103.910617408664,84 JALAN DAUD WINDY HEIGHTS SINGAPORE 419593,8.204206295506795,17.0,2,2,0,2,7,16,3.0,1.0,1,2
CASA AERATA,600000.0,387.5,1548.0,2024-04-01,36.0,16667.0,1.31232393794378,103.885033090499,9 LORONG 26 GEYLANG CASA AERATA SINGAPORE 398484,4.985931367630484,17.0,4,4,1,7,11,4,2.0,1.0,0,1
SIMS URBAN OASIS,1168888.0,624.31,1872.0,2024-04-01,58.0,20153.0,1.31926710475553,103.880615863782,6 SIMS DRIVE SIMS URBAN OASIS SINGAPORE 387388,5.190897370243519,17.0,3,4,0,8,9,1,1.0,1.0,1,1
GUILLEMARD EDGE,1273888.0,1087.16,1172.0,2024-04-01,101.0,12613.0,1.31200443744473,103.885949377155,38 LORONG 30 GEYLANG GUILLEMARD EDGE SINGAPORE 398371,5.041282413008211,17.0,4,4,1,7,11,5,2.0,1.0,0,1
TEDGE,1600000.0,958.0,1670.0,2024-04-01,89.0,17978.0,1.3180672677589,103.908811491066,328 CHANGI ROAD TEDGE SINGAPORE 419803,7.512024356099393,17.0,2,1,0,1,14,15,1.0,,0,2
TRE RESIDENCES,1496000.0,947.23,1579.0,2024-04-01,88.0,17000.0,1.3172278261209,103.885015905304,9 GEYLANG EAST AVENUE 1 TRE RESIDENCES SINGAPORE 389783,5.353082321074245,17.0,3,3,2,8,9,3,1.0,1.0,1,1
GEMS VILLE,1048000.0,516.67,2028.0,2024-04-01,48.0,21833.0,1.31297838670543,103.877757621351,8 LORONG 13 GEYLANG GEMS VILLE SINGAPORE 389901,4.456014953033219,17.0,3,3,0,10,8,0,1.0,0.0,0,1
TRE RESIDENCES,783000.0,419.8,1865.0,2024-04-01,39.0,20077.0,1.3172278261209,103.885015905304,9 GEYLANG EAST AVENUE 1 TRE RESIDENCES SINGAPORE 389783,5.353082321074245,17.0,3,3,2,8,9,3,3.0,1.0,1,1
PENROSE,1445000.0,710.42,2034.0,2024-04-01,66.0,21894.0,1.31948983025856,103.879994891095,22 SIMS DRIVE PENROSE SINGAPORE 387396,5.166503889250989,17.0,3,4,0,8,9,1,2.0,,0,1
TRE RESIDENCES,1560000.0,947.23,1647.0,2024-04-01,88.0,17727.0,1.3172278261209,103.885015905304,9 GEYLANG EAST AVENUE 1 TRE RESIDENCES SINGAPORE 389783,5.353082321074245,17.0,3,3,2,8,9,3,1.0,1.0,1,1
PARC ESTA,2062000.0,914.94,2254.0,2024-04-01,85.0,24259.0,1.31786521916555,103.903967184717,904 SIMS AVENUE PARC ESTA SINGAPORE 408968,7.043509290403673,17.0,1,4,0,1,13,16,2.0,1.0,0,1
PENROSE,2088000.0,1044.11,2000.0,2024-04-01,97.0,21526.0,1.31948983025856,103.879994891095,22 SIMS DRIVE PENROSE SINGAPORE 387396,5.166503889250989,17.0,3,4,0,8,9,1,3.0,,0,1
ESTA RUBY,1930000.0,1130.22,1708.0,2024-04-01,105.0,18381.0,1.31390006507675,103.893617178884,500 GUILLEMARD ROAD ESTA RUBY SINGAPORE 399839,5.845471443212252,17.0,3,2,3,3,13,8,4.0,1.0,0,1
WATERBANK AT DAKOTA,850000.0,484.38,1755.0,2024-04-01,45.0,18889.0,1.30647833742136,103.888537197136,76 DAKOTA CRESCENT WATERBANK AT DAKOTA SINGAPORE 399944,4.918518965685704,17.0,3,3,0,5,10,6,1.0,1.0,1,1
GEMS VILLE,1018000.0,516.67,1970.0,2024-04-01,48.0,21208.0,1.31297838670543,103.877757621351,8 LORONG 13 GEYLANG GEMS VILLE SINGAPORE 389901,4.456014953033219,17.0,3,3,0,10,8,0,1.0,0.0,0,1
THE TRUMPS,2280000.0,1388.56,1642.0,2024-04-01,129.0,17674.0,1.32002610262337,103.91348728953,1 JALAN KEMBANGAN THE TRUMPS SINGAPORE 419154,8.069943599460245,17.0,1,0,0,2,12,18,1.0,1.0,1,2
PENROSE,2110000.0,1065.64,1980.0,2024-04-01,99.0,21313.0,1.31948983025856,103.879994891095,22 SIMS DRIVE PENROSE SINGAPORE 387396,5.166503889250989,17.0,3,4,0,8,9,1,3.0,,0,1
PARC ESTA,1210000.0,516.67,2342.0,2024-04-01,48.0,25208.0,1.31786521916555,103.903967184717,904 SIMS AVENUE PARC ESTA SINGAPORE 408968,7.043509290403673,17.0,1,4,0,1,13,16,4.0,1.0,0,1
ESTA RUBY,2000000.0,1130.22,1770.0,2024-04-01,105.0,19048.0,1.31390006507675,103.893617178884,500 GUILLEMARD ROAD ESTA RUBY SINGAPORE 399839,5.845471443212252,17.0,3,2,3,3,13,8,4.0,1.0,0,1
THE SUNNY SPRING,1860000.0,1184.04,1571.0,2024-04-01,110.0,16909.0,1.31219203070087,103.889464697147,50 LORONG 40 GEYLANG THE SUNNY SPRING SINGAPORE 398074,5.3613842782215055,17.0,4,4,3,6,11,5,2.0,1.0,0,1
PARC ESTA,2248000.0,1022.58,2198.0,2024-04-01,95.0,23663.0,1.31786521916555,103.903967184717,904 SIMS AVENUE PARC ESTA SINGAPORE 408968,7.043509290403673,17.0,1,4,0,1,13,16,3.0,1.0,0,1
PARK PLACE RESIDENCES AT PLQ,1520000.0,667.37,2278.0,2024-04-01,62.0,24516.0,1.31583675363618,103.892746648427,2 PAYA LEBAR ROAD PARK PLACE RESIDENCES AT PLQ SINGAPORE 409053,5.896537427358871,17.0,3,3,3,4,12,6,4.0,1.0,0,1
SIMS URBAN OASIS,1400000.0,882.65,1586.0,2024-04-01,82.0,17073.0,1.31926710475553,103.880615863782,6 SIMS DRIVE SIMS URBAN OASIS SINGAPORE 387388,5.190897370243519,17.0,3,4,0,8,9,1,3.0,1.0,1,1
SIMS URBAN OASIS,850000.0,462.85,1836.0,2024-04-01,43.0,19767.0,1.31926710475553,103.880615863782,6 SIMS DRIVE SIMS URBAN OASIS SINGAPORE 387388,5.190897370243519,17.0,3,4,0,8,9,1,2.0,1.0,1,1
DAKOTA RESIDENCES,3500000.0,1894.46,1847.0,2024-04-01,176.0,19886.0,1.30637270876178,103.88708549006,34 DAKOTA CRESCENT DAKOTA RESIDENCES SINGAPORE 399936,4.7757251422267535,17.0,3,3,0,6,10,5,2.0,1.0,1,1
PARC ESTA,1370000.0,602.78,2273.0,2024-04-01,56.0,24464.0,1.31786521916555,103.903967184717,904 SIMS AVENUE PARC ESTA SINGAPORE 408968,7.043509290403673,17.0,1,4,0,1,13,16,4.0,1.0,0,1
SIMS URBAN OASIS,860000.0,484.38,1775.0,2024-04-01,45.0,19111.0,1.31926710475553,103.880615863782,6 SIMS DRIVE SIMS URBAN OASIS SINGAPORE 387388,5.190897370243519,17.0,3,4,0,8,9,1,3.0,1.0,1,1
PARC ESTA,1610000.0,710.42,2266.0,2024-04-01,66.0,24394.0,1.31786521916555,103.903967184717,904 SIMS AVENUE PARC ESTA SINGAPORE 408968,7.043509290403673,17.0,1,4,0,1,13,16,4.0,1.0,0,1
SIMS URBAN OASIS,1303000.0,699.66,1862.0,2024-04-01,65.0,20046.0,1.31926710475553,103.880615863782,6 SIMS DRIVE SIMS URBAN OASIS SINGAPORE 387388,5.190897370243519,17.0,3,4,0,8,9,1,3.0,1.0,1,1
REZI 24,840000.0,462.85,1815.0,2024-04-01,43.0,19535.0,1.31156422500946,103.883576001591,39 LORONG 24 GEYLANG REZI 24 SINGAPORE 398636,4.808294965951603,17.0,3,3,0,8,10,4,2.0,1.0,0,1
D'WEAVE,708000.0,419.8,1687.0,2024-04-01,39.0,18154.0,1.31554107907724,103.890458266408,5 LORONG 39 GEYLANG D'WEAVE SINGAPORE 387866,5.67725259584862,17.0,4,4,3,5,13,4,1.0,1.0,0,1
VACANZA @ EAST,1538000.0,1033.34,1488.0,2024-04-01,96.0,16021.0,1.32901984483655,103.914196223923,36 LENGKONG TUJOH VACANZA @ EAST SINGAPORE 417391,8.680985857703446,17.0,3,1,0,2,8,12,2.0,1.0,1,2
RESIDENCES 88,1100000.0,1011.82,1087.0,2024-04-01,94.0,11702.0,1.32627973484674,103.907811483759,88 LORONG MARICAN RESIDENCES 88 SINGAPORE 417297,7.92954468966822,17.0,3,1,0,2,7,15,1.0,1.0,0,2
SIMS URBAN OASIS,780000.0,409.03,1907.0,2024-04-01,38.0,20526.0,1.31926710475553,103.880615863782,6 SIMS DRIVE SIMS URBAN OASIS SINGAPORE 387388,5.190897370243519,17.0,3,4,0,8,9,1,3.0,1.0,1,1
SIMS URBAN OASIS,780000.0,409.03,1907.0,2024-04-01,38.0,20526.0,1.31926710475553,103.880615863782,6 SIMS DRIVE SIMS URBAN OASIS SINGAPORE 387388,5.190897370243519,17.0,3,4,0,8,9,1,2.0,1.0,1,1
REZI 35,755000.0,441.32,1711.0,2024-03-01,41.0,18415.0,1.31572120937619,103.888837131268,20 LORONG 35 GEYLANG REZI 35 SINGAPORE 387949,5.551839737035237,18.0,4,4,3,6,13,4,2.0,1.0,0,1
SUITES 28,1300000.0,925.7,1404.0,2024-03-01,86.0,15116.0,1.31268459175571,103.885941111431,28 LORONG 30 GEYLANG SUITES 28 SINGAPORE 398361,5.088755596385559,18.0,5,4,1,7,11,4,1.0,1.0,0,1
PENROSE,2200000.0,1054.87,2086.0,2024-03-01,98.0,22449.0,1.31948983025856,103.879994891095,22 SIMS DRIVE PENROSE SINGAPORE 387396,5.166503889250989,18.0,3,4,0,8,9,1,4.0,,0,1
PENROSE,1500000.0,699.66,2144.0,2024-03-01,65.0,23077.0,1.31948983025856,103.879994891095,22 SIMS DRIVE PENROSE SINGAPORE 387396,5.166503889250989,18.0,3,4,0,8,9,1,3.0,,0,1
PENROSE,1800000.0,1044.11,1724.0,2024-03-01,97.0,18557.0,1.31948983025856,103.879994891095,22 SIMS DRIVE PENROSE SINGAPORE 387396,5.166503889250989,18.0,3,4,0,8,9,1,1.0,,0,1
PARC ESTA,908000.0,419.8,2163.0,2024-03-01,39.0,23282.0,1.31786521916555,103.903967184717,904 SIMS AVENUE PARC ESTA SINGAPORE 408968,7.043509290403673,18.0,1,4,0,1,13,16,3.0,1.0,0,1
DENG FU VILLE,1750000.0,1151.75,1519.0,2024-03-01,107.0,16355.0,1.31907103004917,103.906727650036,30 KAMPONG EUNOS DENG FU VILLE SINGAPORE 417777,7.373814325731649,18.0,2,2,0,1,13,14,1.0,1.0,0,2
PARC ESTA,2310000.0,1033.34,2235.0,2024-03-01,96.0,24063.0,1.31786521916555,103.903967184717,904 SIMS AVENUE PARC ESTA SINGAPORE 408968,7.043509290403673,18.0,1,4,0,1,13,16,3.0,1.0,0,1
THE TRUMPS,2428000.0,1431.61,1696.0,2024-03-01,133.0,18256.0,1.32002610262337,103.91348728953,1 JALAN KEMBANGAN THE TRUMPS SINGAPORE 419154,8.069943599460245,18.0,1,0,0,2,12,18,2.0,1.0,1,2
WATERBANK AT DAKOTA,1810000.0,1420.85,1274.0,2024-03-01,132.0,13712.0,1.30647833742136,103.888537197136,76 DAKOTA CRESCENT WATERBANK AT DAKOTA SINGAPORE 399944,4.918518965685704,18.0,3,3,0,5,10,6,2.0,1.0,1,1
PARK PLACE RESIDENCES AT PLQ,1435000.0,667.37,2150.0,2024-03-01,62.0,23145.0,1.31583675363618,103.892746648427,2 PAYA LEBAR ROAD PARK PLACE RESIDENCES AT PLQ SINGAPORE 409053,5.896537427358871,18.0,3,3,3,4,12,6,3.0,1.0,0,1
PARK PLACE RESIDENCES AT PLQ,1070000.0,484.38,2209.0,2024-03-01,45.0,23778.0,1.31583675363618,103.892746648427,2 PAYA LEBAR ROAD PARK PLACE RESIDENCES AT PLQ SINGAPORE 409053,5.896537427358871,18.0,3,3,3,4,12,6,2.0,1.0,0,1
VACANZA @ EAST,1600000.0,1151.75,1389.0,2024-03-01,107.0,14953.0,1.32901984483655,103.914196223923,36 LENGKONG TUJOH VACANZA @ EAST SINGAPORE 417391,8.680985857703446,18.0,3,1,0,2,8,12,1.0,1.0,1,2
EUHABITAT,750000.0,548.96,1366.0,2024-03-01,51.0,14706.0,1.32795415126263,103.9070014142,196 JALAN EUNOS EUHABITAT SINGAPORE 419542,7.971961203569236,18.0,2,2,0,2,6,15,1.0,1.0,1,2
PENROSE,1438000.0,710.42,2024.0,2024-03-01,66.0,21788.0,1.31948983025856,103.879994891095,22 SIMS DRIVE PENROSE SINGAPORE 387396,5.166503889250989,18.0,3,4,0,8,9,1,1.0,,0,1
MORI,1670000.0,882.65,1892.0,2024-03-01,82.0,20366.0,1.31131219787605,103.882972095616,223 GUILLEMARD ROAD MORI SINGAPORE 399738,4.739370253523735,18.0,3,3,0,8,9,2,1.0,0.0,0,1
SIMS URBAN OASIS,1800000.0,958.0,1879.0,2024-03-01,89.0,20225.0,1.31926710475553,103.880615863782,6 SIMS DRIVE SIMS URBAN OASIS SINGAPORE 387388,5.190897370243519,18.0,3,4,0,8,9,1,2.0,1.0,1,1
PARC ESTA,940000.0,419.8,2239.0,2024-03-01,39.0,24103.0,1.31786521916555,103.903967184717,904 SIMS AVENUE PARC ESTA SINGAPORE 408968,7.043509290403673,18.0,1,4,0,1,13,16,4.0,1.0,0,1
WING FONG MANSIONS,1200000.0,1237.86,969.0,2024-03-01,115.0,10435.0,1.31057552074486,103.879078933752,12 LORONG 14 GEYLANG WING FONG MANSIONS SINGAPORE 398924,4.366074173360566,18.0,4,4,1,10,9,1,1.0,1.0,0,1
TRE RESIDENCES,980000.0,570.49,1718.0,2024-03-01,53.0,18491.0,1.3172278261209,103.885015905304,9 GEYLANG EAST AVENUE 1 TRE RESIDENCES SINGAPORE 389783,5.353082321074245,18.0,3,3,2,8,9,3,1.0,1.0,1,1
CENTRA HEIGHTS,765888.0,430.56,1779.0,2024-03-01,40.0,19147.0,1.31629397762889,103.88657418395,455 SIMS AVENUE CENTRA HEIGHTS SINGAPORE 387607,5.406260020602187,18.0,4,4,3,7,11,4,3.0,1.0,0,1
CENTRA STUDIOS,673000.0,419.8,1603.0,2024-03-01,39.0,17256.0,1.31444000148435,103.882324003158,25 LORONG 25 GEYLANG CENTRA STUDIOS SINGAPORE 388302,4.923274977554681,18.0,3,4,0,8,9,2,2.0,1.0,0,1
EUHABITAT,1300000.0,904.18,1438.0,2024-03-01,84.0,15476.0,1.32795415126263,103.9070014142,196 JALAN EUNOS EUHABITAT SINGAPORE 419542,7.971961203569236,18.0,2,2,0,2,6,15,1.0,1.0,1,2
COSY LODGE,1525000.0,1291.68,1181.0,2024-03-01,120.0,12708.0,1.31519496465052,103.88657401161,29 LORONG 31 GEYLANG COSY LODGE SINGAPORE 388029,5.324237088176503,18.0,4,5,2,7,11,4,2.0,1.0,0,1
PARK PLACE RESIDENCES AT PLQ,2750000.0,1162.51,2366.0,2024-03-01,108.0,25463.0,1.31583675363618,103.892746648427,2 PAYA LEBAR ROAD PARK PLACE RESIDENCES AT PLQ SINGAPORE 409053,5.896537427358871,18.0,3,3,3,4,12,6,3.0,1.0,0,1
SIMS URBAN OASIS,781000.0,462.85,1687.0,2024-03-01,43.0,18163.0,1.31926710475553,103.880615863782,6 SIMS DRIVE SIMS URBAN OASIS SINGAPORE 387388,5.190897370243519,18.0,3,4,0,8,9,1,3.0,1.0,1,1
WATERBANK AT DAKOTA,2355000.0,1184.04,1989.0,2024-03-01,110.0,21409.0,1.30647833742136,103.888537197136,76 DAKOTA CRESCENT WATERBANK AT DAKOTA SINGAPORE 399944,4.918518965685704,18.0,3,3,0,5,10,6,2.0,1.0,1,1
THE MIDAS,1000000.0,818.06,1222.0,2024-03-01,76.0,13158.0,1.31287327322577,103.886114462631,26 LORONG 30 GEYLANG THE MIDAS SINGAPORE 398359,5.116956655400778,18.0,5,4,2,7,11,4,1.0,1.0,0,1
WATERBANK AT DAKOTA,1298000.0,624.31,2079.0,2024-03-01,58.0,22379.0,1.30647833742136,103.888537197136,76 DAKOTA CRESCENT WATERBANK AT DAKOTA SINGAPORE 399944,4.918518965685704,18.0,3,3,0,5,10,6,4.0,1.0,1,1
PARC ESTA,2550000.0,1119.46,2278.0,2024-03-01,104.0,24519.0,1.31786521916555,103.903967184717,904 SIMS AVENUE PARC ESTA SINGAPORE 408968,7.043509290403673,18.0,1,4,0,1,13,16,3.0,1.0,0,1
THE ALCOVE,1360000.0,1237.86,1099.0,2024-03-01,115.0,11826.0,1.31400655260741,103.884015328938,10 LORONG 27 GEYLANG THE ALCOVE SINGAPORE 388199,5.025483913717779,18.0,4,4,0,8,9,4,1.0,1.0,0,1
SIMS URBAN OASIS,1182000.0,624.31,1893.0,2024-03-01,58.0,20379.0,1.31926710475553,103.880615863782,6 SIMS DRIVE SIMS URBAN OASIS SINGAPORE 387388,5.190897370243519,18.0,3,4,0,8,9,1,3.0,1.0,1,1
DENG FU VILLE,1780000.0,1194.8,1490.0,2024-03-01,111.0,16036.0,1.31907103004917,103.906727650036,30 KAMPONG EUNOS DENG FU VILLE SINGAPORE 417777,7.373814325731649,18.0,2,2,0,1,13,14,1.0,1.0,0,2
SIMSVILLE,1650000.0,1248.62,1321.0,2024-03-01,116.0,14224.0,1.31703114737635,103.890499582849,2 GEYLANG EAST AVENUE 2 SIMSVILLE SINGAPORE 389754,5.786575389274496,18.0,4,4,3,6,12,4,2.0,1.0,1,1
PARC ESTA,1645000.0,742.72,2215.0,2024-03-01,69.0,23841.0,1.31786521916555,103.903967184717,904 SIMS AVENUE PARC ESTA SINGAPORE 408968,7.043509290403673,18.0,1,4,0,1,13,16,3.0,1.0,0,1
PARC ESTA,1405000.0,635.08,2212.0,2024-03-01,59.0,23814.0,1.31786521916555,103.903967184717,904 SIMS AVENUE PARC ESTA SINGAPORE 408968,7.043509290403673,18.0,1,4,0,1,13,16,3.0,1.0,0,1
TRE RESIDENCES,1210000.0,699.66,1729.0,2024-03-01,65.0,18615.0,1.3172278261209,103.885015905304,9 GEYLANG EAST AVENUE 1 TRE RESIDENCES SINGAPORE 389783,5.353082321074245,18.0,3,3,2,8,9,3,1.0,1.0,1,1
ASTON LODGE,1000000.0,979.52,1021.0,2024-03-01,91.0,10989.0,1.31013061106888,103.877075411974,56 LORONG 8 GEYLANG ASTON LODGE SINGAPORE 399116,4.173867489967378,18.0,4,4,2,10,8,2,2.0,1.0,0,1
THE ANTARES,1420000.0,656.6,2163.0,2024-03-01,61.0,23279.0,1.32541778538724,103.883403765337,23 MATTAR ROAD THE ANTARES SINGAPORE 387730,5.916441166611573,18.0,4,4,0,8,9,4,2.0,1.0,0,1
WING FONG COURT,985000.0,947.23,1040.0,2024-03-01,88.0,11193.0,1.31173462254903,103.87881521885,10 LORONG 14 GEYLANG WING FONG COURT SINGAPORE 398922,4.435996550952671,18.0,3,4,0,10,9,1,2.0,1.0,0,1
DAKOTA RESIDENCES,3070000.0,1894.46,1621.0,2024-03-01,176.0,17443.0,1.30637270876178,103.88708549006,34 DAKOTA CRESCENT DAKOTA RESIDENCES SINGAPORE 399936,4.7757251422267535,18.0,3,3,0,6,10,5,1.0,1.0,1,1
SILVERSCAPE,645000.0,409.03,1577.0,2024-03-01,38.0,16974.0,1.31256998658763,103.887209225771,39 LORONG 32 GEYLANG SILVERSCAPE SINGAPORE 398299,5.189405207979182,18.0,5,4,2,7,11,5,1.0,1.0,0,1
SING LIAN BUILDING,2030000.0,2002.1,1014.0,2024-03-01,186.0,10914.0,1.31835145077091,103.910978671494,390B CHANGI ROAD SING LIAN BUILDING SINGAPORE 419839,7.735432187268546,18.0,2,1,0,2,13,15,1.0,1.0,0,2
ASTON MANSIONS,1425000.0,1227.1,1161.0,2024-03-01,114.0,12500.0,1.31393251470132,103.890612644048,7 LORONG 42 GEYLANG ASTON MANSIONS SINGAPORE 398028,5.57978728565853,18.0,4,4,3,5,12,6,2.0,1.0,0,1
CENTRA HEIGHTS,760000.0,430.56,1765.0,2024-03-01,40.0,19000.0,1.31629397762889,103.88657418395,455 SIMS AVENUE CENTRA HEIGHTS SINGAPORE 387607,5.406260020602187,18.0,4,4,3,7,11,4,2.0,1.0,0,1
ARENA RESIDENCES,1730000.0,893.41,1936.0,2024-03-01,83.0,20843.0,1.30967685823486,103.880642764235,20 GUILLEMARD CRESCENT ARENA RESIDENCES SINGAPORE 399915,4.425439723338632,18.0,4,4,1,9,9,1,2.0,,0,1
EUHABITAT,728000.0,527.44,1380.0,2024-03-01,49.0,14857.0,1.32795415126263,103.9070014142,196 JALAN EUNOS EUHABITAT SINGAPORE 419542,7.971961203569236,18.0,2,2,0,2,6,15,1.0,1.0,1,2
THE TRUMPS,1540000.0,947.23,1626.0,2024-03-01,88.0,17500.0,1.32002610262337,103.91348728953,1 JALAN KEMBANGAN THE TRUMPS SINGAPORE 419154,8.069943599460245,18.0,1,0,0,2,12,18,1.0,1.0,1,2
FAMILIE MANSIONS,1200000.0,1227.1,978.0,2024-03-01,114.0,10526.0,1.30983669240885,103.877503215165,65 LORONG 8 GEYLANG FAMILIE MANSIONS SINGAPORE 399125,4.183996333305238,18.0,4,4,2,10,8,2,1.0,1.0,0,1
WATERBANK AT DAKOTA,850000.0,484.38,1755.0,2024-03-01,45.0,18889.0,1.30647833742136,103.888537197136,76 DAKOTA CRESCENT WATERBANK AT DAKOTA SINGAPORE 399944,4.918518965685704,18.0,3,3,0,5,10,6,2.0,1.0,1,1
PENROSE,1280000.0,645.84,1982.0,2024-03-01,60.0,21333.0,1.31948983025856,103.879994891095,22 SIMS DRIVE PENROSE SINGAPORE 387396,5.166503889250989,18.0,3,4,0,8,9,1,4.0,,0,1
MELOSA,870000.0,602.78,1443.0,2024-03-01,56.0,15536.0,1.31253733235708,103.885402784916,28 LORONG 28 GEYLANG MELOSA SINGAPORE 398432,5.032539138387234,18.0,4,4,1,7,11,4,2.0,1.0,0,1
TROPIKA EAST,1170000.0,775.01,1510.0,2024-03-01,72.0,16250.0,1.32886589161997,103.90719397756,3 FOO KIM LIN ROAD TROPIKA EAST SINGAPORE 419679,8.051842718239321,18.0,2,1,0,2,6,15,1.0,1.0,1,2
EUHABITAT,840000.0,581.26,1445.0,2024-03-01,54.0,15556.0,1.32795415126263,103.9070014142,196 JALAN EUNOS EUHABITAT SINGAPORE 419542,7.971961203569236,18.0,2,2,0,2,6,15,1.0,1.0,1,2
GRANDVIEW SUITES,630000.0,505.91,1245.0,2024-03-01,47.0,13404.0,1.31277604580511,103.882455638462,1 LORONG 22 GEYLANG GRANDVIEW SUITES SINGAPORE 398664,4.805784944271149,18.0,3,3,0,8,9,2,1.0,1.0,0,1
GUILLEMARD EDGE,928000.0,559.73,1658.0,2024-03-01,52.0,17846.0,1.31200443744473,103.885949377155,38 LORONG 30 GEYLANG GUILLEMARD EDGE SINGAPORE 398371,5.041282413008211,18.0,4,4,1,7,11,5,2.0,1.0,0,1
CENTRA SUITES,722000.0,452.09,1597.0,2024-03-01,42.0,17190.0,1.31465166781856,103.883288149427,38 LORONG 25A GEYLANG CENTRA SUITES SINGAPORE 388242,5.016128952160774,18.0,3,4,0,8,9,3,1.0,1.0,0,1
SIMS GREEN,1380000.0,1259.39,1096.0,2024-03-01,117.0,11795.0,1.31441038654771,103.884629689864,7 LORONG 27A GEYLANG SIMS GREEN SINGAPORE 388133,5.105957066325405,18.0,4,4,1,8,9,5,1.0,1.0,0,1
SIMS RESIDENCES,1750000.0,1679.18,1042.0,2024-03-01,156.0,11218.0,1.31607412947418,103.891092837354,8 LORONG 39 GEYLANG SIMS RESIDENCES SINGAPORE 387882,5.769235671840805,18.0,4,3,3,5,12,4,1.0,1.0,0,1
ARENA RESIDENCES,1720000.0,807.3,2131.0,2024-02-01,75.0,22933.0,1.30967685823486,103.880642764235,20 GUILLEMARD CRESCENT ARENA RESIDENCES SINGAPORE 399915,4.425439723338632,19.0,4,4,1,9,9,1,3.0,,0,1
ASTORIA PARK,1380000.0,958.0,1441.0,2024-02-01,89.0,15506.0,1.32177770499303,103.91225216665,34 LORONG MYDIN ASTORIA PARK SINGAPORE 416827,8.053226885077692,19.0,1,1,0,2,12,17,3.0,1.0,1,2
TRE RESIDENCES,970000.0,570.49,1700.0,2024-02-01,53.0,18302.0,1.3172278261209,103.885015905304,9 GEYLANG EAST AVENUE 1 TRE RESIDENCES SINGAPORE 389783,5.353082321074245,19.0,3,3,2,8,9,3,2.0,1.0,1,1
TRE RESIDENCES,780000.0,419.8,1858.0,2024-02-01,39.0,20000.0,1.3172278261209,103.885015905304,9 GEYLANG EAST AVENUE 1 TRE RESIDENCES SINGAPORE 389783,5.353082321074245,19.0,3,3,2,8,9,3,3.0,1.0,1,1
WING FONG MANSIONS,1068000.0,990.29,1078.0,2024-02-01,92.0,11609.0,1.31057552074486,103.879078933752,12 LORONG 14 GEYLANG WING FONG MANSIONS SINGAPORE 398924,4.366074173360566,19.0,4,4,1,10,9,1,1.0,1.0,0,1
PARK PLACE RESIDENCES AT PLQ,1440000.0,645.84,2230.0,2024-02-01,60.0,24000.0,1.31583675363618,103.892746648427,2 PAYA LEBAR ROAD PARK PLACE RESIDENCES AT PLQ SINGAPORE 409053,5.896537427358871,19.0,3,3,3,4,12,6,4.0,1.0,0,1
THE TRUMPS,2100000.0,1345.5,1561.0,2024-02-01,125.0,16800.0,1.32002610262337,103.91348728953,1 JALAN KEMBANGAN THE TRUMPS SINGAPORE 419154,8.069943599460245,19.0,1,0,0,2,12,18,1.0,1.0,1,2
PARK PLACE RESIDENCES AT PLQ,2640000.0,1162.51,2271.0,2024-02-01,108.0,24444.0,1.31583675363618,103.892746648427,2 PAYA LEBAR ROAD PARK PLACE RESIDENCES AT PLQ SINGAPORE 409053,5.896537427358871,19.0,3,3,3,4,12,6,2.0,1.0,0,1
THE CENTREN,888000.0,548.96,1618.0,2024-02-01,51.0,17412.0,1.3139398304258,103.883560951253,1 LORONG 27 GEYLANG THE CENTREN SINGAPORE 388153,4.983563349553069,19.0,3,4,0,8,9,4,2.0,1.0,0,1
SUITES 28,1230000.0,924.63,1330.0,2024-02-01,85.9,14319.0,1.31268459175571,103.885941111431,28 LORONG 30 GEYLANG SUITES 28 SINGAPORE 398361,5.088755596385559,19.0,5,4,1,7,11,4,1.0,1.0,0,1
SIMS URBAN OASIS,960000.0,581.26,1652.0,2024-02-01,54.0,17778.0,1.31926710475553,103.880615863782,6 SIMS DRIVE SIMS URBAN OASIS SINGAPORE 387388,5.190897370243519,19.0,3,4,0,8,9,1,4.0,1.0,1,1
REZI 3TWO,690000.0,473.62,1457.0,2024-02-01,44.0,15682.0,1.31212753143258,103.886814275583,48 LORONG 32 GEYLANG REZI 3TWO SINGAPORE 398308,5.124457679901286,19.0,5,4,2,7,11,5,1.0,1.0,0,1
REZI 35,1335000.0,839.59,1590.0,2024-02-01,78.0,17115.0,1.31572120937619,103.888837131268,20 LORONG 35 GEYLANG REZI 35 SINGAPORE 387949,5.551839737035237,19.0,4,4,3,6,13,4,1.0,1.0,0,1
# 1 LOFT,758000.0,581.26,1304.0,2024-02-01,54.0,14037.0,1.31276346405244,103.883518875617,1 LORONG 24 GEYLANG # 1 LOFT SINGAPORE 398614,4.891716160848941,19.0,3,4,0,8,9,2,2.0,1.0,0,1
LE CRESCENDO,1410000.0,947.23,1489.0,2024-02-01,88.0,16023.0,1.33049714674003,103.888409268781,233 PAYA LEBAR ROAD LE CRESCENDO SINGAPORE 409044,6.701977813091088,19.0,4,3,0,6,9,4,3.0,1.0,1,1
# 1 SUITES,738000.0,559.73,1318.0,2024-02-01,52.0,14192.0,1.31239029325188,103.881504147527,1 LORONG 20 GEYLANG # 1 SUITES SINGAPORE 398721,4.699608709809529,19.0,3,3,0,8,9,2,1.0,1.0,0,1
PARC ESTA,1688888.0,828.83,2038.0,2024-02-01,77.0,21934.0,1.31786521916555,103.903967184717,904 SIMS AVENUE PARC ESTA SINGAPORE 408968,7.043509290403673,19.0,1,4,0,1,13,16,1.0,1.0,0,1
PARC ESTA,890000.0,419.8,2120.0,2024-02-01,39.0,22821.0,1.31786521916555,103.903967184717,904 SIMS AVENUE PARC ESTA SINGAPORE 408968,7.043509290403673,19.0,1,4,0,1,13,16,3.0,1.0,0,1
SIMSVILLE,1628000.0,1237.86,1315.0,2024-02-01,115.0,14157.0,1.31703114737635,103.890499582849,2 GEYLANG EAST AVENUE 2 SIMSVILLE SINGAPORE 389754,5.786575389274496,19.0,4,4,3,6,12,4,2.0,1.0,1,1
MERA EAST,1850000.0,1280.92,1444.0,2024-02-01,119.0,15546.0,1.31817526770849,103.909292082346,338 CHANGI ROAD MERA EAST SINGAPORE 419977,7.564017720548594,19.0,2,1,0,1,14,15,1.0,1.0,0,2
MATTAR RESIDENCES,1289000.0,559.73,2303.0,2024-02-01,52.0,24788.0,1.32562146026034,103.881811611954,7 MATTAR ROAD MATTAR RESIDENCES SINGAPORE 387716,5.828331618543042,19.0,3,5,0,8,11,5,1.0,0.0,0,1
VACANZA @ EAST,705000.0,484.38,1455.0,2024-02-01,45.0,15667.0,1.32901984483655,103.914196223923,36 LENGKONG TUJOH VACANZA @ EAST SINGAPORE 417391,8.680985857703446,19.0,3,1,0,2,8,12,2.0,1.0,1,2
EUHABITAT,755000.0,527.44,1431.0,2024-02-01,49.0,15408.0,1.32795415126263,103.9070014142,196 JALAN EUNOS EUHABITAT SINGAPORE 419542,7.971961203569236,19.0,2,2,0,2,6,15,1.0,1.0,1,2
CASSIA EDGE,1380000.0,914.94,1508.0,2024-02-01,85.0,16235.0,1.3115742491255,103.885828118166,343 GUILLEMARD ROAD CASSIA EDGE SINGAPORE 399764,5.000687919837781,19.0,4,3,1,7,11,5,1.0,1.0,0,1
DAKOTA RESIDENCES,3268000.0,1894.46,1725.0,2024-02-01,176.0,18568.0,1.30637270876178,103.88708549006,34 DAKOTA CRESCENT DAKOTA RESIDENCES SINGAPORE 399936,4.7757251422267535,19.0,3,3,0,6,10,5,2.0,1.0,1,1
PENROSE,1458000.0,710.42,2052.0,2024-02-01,66.0,22091.0,1.31948983025856,103.879994891095,22 SIMS DRIVE PENROSE SINGAPORE 387396,5.166503889250989,19.0,3,4,0,8,9,1,2.0,,0,1
PENROSE,1438000.0,699.66,2055.0,2024-02-01,65.0,22123.0,1.31948983025856,103.879994891095,22 SIMS DRIVE PENROSE SINGAPORE 387396,5.166503889250989,19.0,3,4,0,8,9,1,2.0,,0,1
TRE RESIDENCES,1580088.0,861.12,1835.0,2024-02-01,80.0,19751.0,1.3172278261209,103.885015905304,9 GEYLANG EAST AVENUE 1 TRE RESIDENCES SINGAPORE 389783,5.353082321074245,19.0,3,3,2,8,9,3,3.0,1.0,1,1
VACANZA @ EAST,1560000.0,1022.58,1526.0,2024-02-01,95.0,16421.0,1.32901984483655,103.914196223923,36 LENGKONG TUJOH VACANZA @ EAST SINGAPORE 417391,8.680985857703446,19.0,3,1,0,2,8,12,2.0,1.0,1,2
MATTAR RESIDENCES,1797000.0,828.83,2168.0,2024-02-01,77.0,23338.0,1.32562146026034,103.881811611954,7 MATTAR ROAD MATTAR RESIDENCES SINGAPORE 387716,5.828331618543042,19.0,3,5,0,8,11,5,1.0,0.0,0,1
WATERBANK AT DAKOTA,862000.0,484.38,1780.0,2024-02-01,45.0,19156.0,1.30647833742136,103.888537197136,76 DAKOTA CRESCENT WATERBANK AT DAKOTA SINGAPORE 399944,4.918518965685704,19.0,3,3,0,5,10,6,3.0,1.0,1,1
ATRIUM RESIDENCES,2300000.0,2271.2,1013.0,2024-02-01,211.0,10900.0,1.31372274938589,103.886156549479,532 GEYLANG ROAD ATRIUM RESIDENCES SINGAPORE 389488,5.181625591258403,19.0,5,4,2,7,11,5,2.0,1.0,0,1
PARC ESTA,1900000.0,839.59,2263.0,2024-02-01,78.0,24359.0,1.31786521916555,103.903967184717,904 SIMS AVENUE PARC ESTA SINGAPORE 408968,7.043509290403673,19.0,1,4,0,1,13,16,3.0,1.0,0,1
VACANZA @ EAST,1270000.0,807.3,1573.0,2024-02-01,75.0,16933.0,1.32901984483655,103.914196223923,36 LENGKONG TUJOH VACANZA @ EAST SINGAPORE 417391,8.680985857703446,19.0,3,1,0,2,8,12,1.0,1.0,1,2
BLISS RESIDENCES,795000.0,516.67,1539.0,2024-02-01,48.0,16563.0,1.32012879856897,103.91212772924,17 JALAN MASJID BLISS RESIDENCES SINGAPORE 418942,7.945787384352488,19.0,1,1,0,2,12,17,1.0,1.0,0,2
MATTAR RESIDENCES,1800000.0,828.83,2172.0,2024-02-01,77.0,23377.0,1.32562146026034,103.881811611954,7 MATTAR ROAD MATTAR RESIDENCES SINGAPORE 387716,5.828331618543042,19.0,3,5,0,8,11,5,1.0,0.0,0,1
SUITES 28,860000.0,1033.34,832.0,2024-02-01,96.0,8958.0,1.31268459175571,103.885941111431,28 LORONG 30 GEYLANG SUITES 28 SINGAPORE 398361,5.088755596385559,19.0,5,4,1,7,11,4,2.0,1.0,0,1
SIMSVILLE,1688888.0,1237.86,1364.0,2024-02-01,115.0,14686.0,1.31703114737635,103.890499582849,2 GEYLANG EAST AVENUE 2 SIMSVILLE SINGAPORE 389754,5.786575389274496,19.0,4,4,3,6,12,4,3.0,1.0,1,1
PARC ESTA,915000.0,419.8,2180.0,2024-02-01,39.0,23462.0,1.31786521916555,103.903967184717,904 SIMS AVENUE PARC ESTA SINGAPORE 408968,7.043509290403673,19.0,1,4,0,1,13,16,3.0,1.0,0,1
PARC ESTA,1617000.0,742.72,2177.0,2024-02-01,69.0,23435.0,1.31786521916555,103.903967184717,904 SIMS AVENUE PARC ESTA SINGAPORE 408968,7.043509290403673,19.0,1,4,0,1,13,16,2.0,1.0,0,1
SIMS URBAN OASIS,860000.0,473.62,1816.0,2024-02-01,44.0,19545.0,1.31926710475553,103.880615863782,6 SIMS DRIVE SIMS URBAN OASIS SINGAPORE 387388,5.190897370243519,19.0,3,4,0,8,9,1,1.0,1.0,1,1
SIMS URBAN OASIS,833000.0,441.32,1888.0,2024-02-01,41.0,20317.0,1.31926710475553,103.880615863782,6 SIMS DRIVE SIMS URBAN OASIS SINGAPORE 387388,5.190897370243519,19.0,3,4,0,8,9,1,2.0,1.0,1,1
LE REGAL,572000.0,365.98,1563.0,2024-02-01,34.0,16824.0,1.31250268727998,103.880368117228,340 GEYLANG ROAD LE REGAL SINGAPORE 389365,4.61788023094977,19.0,2,3,0,9,10,1,1.0,1.0,0,1
REZI 26,1468000.0,1065.64,1378.0,2024-02-01,99.0,14828.0,1.31277485329606,103.885104634024,5 LORONG 26 GEYLANG REZI 26 SINGAPORE 398480,5.024511275001018,19.0,4,4,1,7,11,4,1.0,1.0,0,1
GUILLEMARD EDGE,905888.0,548.96,1650.0,2024-02-01,51.0,17763.0,1.31200443744473,103.885949377155,38 LORONG 30 GEYLANG GUILLEMARD EDGE SINGAPORE 398371,5.041282413008211,19.0,4,4,1,7,11,5,1.0,1.0,0,1
D'WEAVE,968000.0,570.49,1697.0,2024-02-01,53.0,18264.0,1.31554107907724,103.890458266408,5 LORONG 39 GEYLANG D'WEAVE SINGAPORE 387866,5.67725259584862,19.0,4,4,3,5,13,4,1.0,1.0,0,1
SIMS URBAN OASIS,1255000.0,699.66,1794.0,2024-02-01,65.0,19308.0,1.31926710475553,103.880615863782,6 SIMS DRIVE SIMS URBAN OASIS SINGAPORE 387388,5.190897370243519,19.0,3,4,0,8,9,1,2.0,1.0,1,1
PENROSE,1000000.0,484.38,2064.0,2024-02-01,45.0,22222.0,1.31948983025856,103.879994891095,22 SIMS DRIVE PENROSE SINGAPORE 387396,5.166503889250989,19.0,3,4,0,8,9,1,4.0,,0,1
SUITES @ EUNOS,670000.0,365.98,1831.0,2024-02-01,34.0,19706.0,1.3205334041426,103.905772422058,1 JALAN YASIN SUITES @ EUNOS SINGAPORE 417958,7.374403827770043,19.0,2,2,0,1,10,12,1.0,1.0,0,2
STARVILLE,1210000.0,936.47,1292.0,2024-02-01,87.0,13908.0,1.32826483616522,103.912067534158,66 LENGKONG TIGA STARVILLE SINGAPORE 417471,8.44041551036464,19.0,3,1,0,2,7,15,1.0,1.0,1,2
SIMSVILLE,1960000.0,1528.49,1282.0,2024-02-01,142.0,13803.0,1.31703114737635,103.890499582849,2 GEYLANG EAST AVENUE 2 SIMSVILLE SINGAPORE 389754,5.786575389274496,19.0,4,4,3,6,12,4,3.0,1.0,1,1
THE LENOX,706000.0,430.56,1640.0,2024-02-01,40.0,17650.0,1.31824376273926,103.911351165333,396 CHANGI ROAD THE LENOX SINGAPORE 415899,7.765250446888848,19.0,2,1,0,2,13,15,1.0,1.0,0,2
SIMSVILLE,1285000.0,968.76,1326.0,2024-02-01,90.0,14278.0,1.31703114737635,103.890499582849,2 GEYLANG EAST AVENUE 2 SIMSVILLE SINGAPORE 389754,5.786575389274496,19.0,4,4,3,6,12,4,2.0,1.0,1,1
GUILLEMARD VIEW,1480000.0,1313.21,1127.0,2024-02-01,122.0,12131.0,1.31131608082757,103.884615884842,329A GUILLEMARD ROAD GUILLEMARD VIEW SINGAPORE 399850,4.878489345784435,19.0,3,4,0,7,10,5,1.0,1.0,0,1
SIMSVILLE,1470000.0,1248.62,1177.0,2024-02-01,116.0,12672.0,1.31703114737635,103.890499582849,2 GEYLANG EAST AVENUE 2 SIMSVILLE SINGAPORE 389754,5.786575389274496,19.0,4,4,3,6,12,4,1.0,1.0,1,1
D'WEAVE,890000.0,548.96,1621.0,2024-02-01,51.0,17451.0,1.31554107907724,103.890458266408,5 LORONG 39 GEYLANG D'WEAVE SINGAPORE 387866,5.67725259584862,19.0,4,4,3,5,13,4,1.0,1.0,0,1
METRO LOFT,668000.0,452.09,1478.0,2024-01-01,42.0,15905.0,1.31417031455963,103.883562175927,5 LORONG 27 GEYLANG METRO LOFT SINGAPORE 388158,5.001192040278531,20.0,3,4,0,8,9,4,1.0,1.0,0,1
PARC ESTA,1400000.0,635.08,2204.0,2024-01-01,59.0,23729.0,1.31786521916555,103.903967184717,904 SIMS AVENUE PARC ESTA SINGAPORE 408968,7.043509290403673,20.0,1,4,0,1,13,16,3.0,1.0,0,1
THE NAVIAN,1248000.0,667.37,1870.0,2024-01-01,62.0,20129.0,1.32780887766582,103.906399584482,178 JALAN EUNOS THE NAVIAN SINGAPORE 419530,7.909635869494765,20.0,3,1,0,2,6,14,1.0,1.0,0,2
EUHABITAT,1282800.0,904.18,1419.0,2024-01-01,84.0,15271.0,1.32795415126263,103.9070014142,196 JALAN EUNOS EUHABITAT SINGAPORE 419542,7.971961203569236,20.0,2,2,0,2,6,15,1.0,1.0,1,2
EAST SHINE,1450000.0,979.52,1480.0,2024-01-01,91.0,15934.0,1.32277514689737,103.909811553258,57 LORONG MELAYU EAST SHINE SINGAPORE 417026,7.885624736000287,20.0,2,1,0,2,10,17,1.0,1.0,0,2
DAKOTA RESIDENCES,1830000.0,1022.58,1790.0,2024-01-01,95.0,19263.0,1.30637270876178,103.88708549006,34 DAKOTA CRESCENT DAKOTA RESIDENCES SINGAPORE 399936,4.7757251422267535,20.0,3,3,0,6,10,5,4.0,1.0,1,1
SIMS URBAN OASIS,790000.0,484.38,1631.0,2024-01-01,45.0,17556.0,1.31926710475553,103.880615863782,6 SIMS DRIVE SIMS URBAN OASIS SINGAPORE 387388,5.190897370243519,20.0,3,4,0,8,9,1,2.0,1.0,1,1
CENTRA SUITES,702000.0,419.8,1672.0,2024-01-01,39.0,18000.0,1.31465166781856,103.883288149427,38 LORONG 25A GEYLANG CENTRA SUITES SINGAPORE 388242,5.016128952160774,20.0,3,4,0,8,9,3,1.0,1.0,0,1
D'WEAVE,950000.0,570.49,1665.0,2024-01-01,53.0,17925.0,1.31554107907724,103.890458266408,5 LORONG 39 GEYLANG D'WEAVE SINGAPORE 387866,5.67725259584862,20.0,4,4,3,5,13,4,2.0,1.0,0,1
SIMS EDGE,940000.0,581.26,1617.0,2024-01-01,54.0,17407.0,1.31640485669867,103.887906763671,1 GEYLANG EAST AVENUE 2 SIMS EDGE SINGAPORE 389760,5.523980705206435,20.0,4,5,3,7,12,4,2.0,1.0,0,1
THE VINES,1600000.0,1173.28,1364.0,2024-01-01,109.0,14679.0,1.31938865407237,103.908010725574,12 LORONG SARINA THE VINES SINGAPORE 416736,7.513064861326432,20.0,2,1,0,1,14,14,1.0,1.0,0,2
STARVILLE,2180000.0,1539.25,1416.0,2024-01-01,143.0,15245.0,1.32826483616522,103.912067534158,66 LENGKONG TIGA STARVILLE SINGAPORE 417471,8.44041551036464,20.0,3,1,0,2,7,15,1.0,1.0,1,2
ATRIUM RESIDENCES,1405000.0,1022.58,1374.0,2024-01-01,95.0,14789.0,1.31372274938589,103.886156549479,532 GEYLANG ROAD ATRIUM RESIDENCES SINGAPORE 389488,5.181625591258403,20.0,5,4,2,7,11,5,1.0,1.0,0,1
# 1 SUITES,760000.0,613.55,1239.0,2024-01-01,57.0,13333.0,1.31239029325188,103.881504147527,1 LORONG 20 GEYLANG # 1 SUITES SINGAPORE 398721,4.699608709809529,20.0,3,3,0,8,9,2,2.0,1.0,0,1
ASTON MANSIONS,1350000.0,1216.33,1110.0,2024-01-01,113.0,11947.0,1.31393251470132,103.890612644048,7 LORONG 42 GEYLANG ASTON MANSIONS SINGAPORE 398028,5.57978728565853,20.0,4,4,3,5,12,6,1.0,1.0,0,1
SIMS RESIDENCES,1570000.0,1410.08,1113.0,2024-01-01,131.0,11985.0,1.31607412947418,103.891092837354,8 LORONG 39 GEYLANG SIMS RESIDENCES SINGAPORE 387882,5.769235671840805,20.0,4,3,3,5,12,4,1.0,1.0,0,1
AVANT RESIDENCES,680000.0,452.09,1504.0,2024-01-01,42.0,16190.0,1.31353535987581,103.882362870576,10 ALJUNIED ROAD AVANT RESIDENCES SINGAPORE 389799,4.856265736693036,20.0,3,4,0,8,9,2,2.0,1.0,0,1
PENROSE,918000.0,473.62,1938.0,2024-01-01,44.0,20864.0,1.31948983025856,103.879994891095,22 SIMS DRIVE PENROSE SINGAPORE 387396,5.166503889250989,20.0,3,4,0,8,9,1,2.0,,0,1
EUHABITAT,740000.0,538.2,1375.0,2024-01-01,50.0,14800.0,1.32795415126263,103.9070014142,196 JALAN EUNOS EUHABITAT SINGAPORE 419542,7.971961203569236,20.0,2,2,0,2,6,15,1.0,1.0,1,2
LE REGAL,783000.0,785.77,996.0,2024-01-01,73.0,10726.0,1.31250268727998,103.880368117228,340 GEYLANG ROAD LE REGAL SINGAPORE 389365,4.61788023094977,20.0,2,3,0,9,10,1,1.0,1.0,0,1
THE WATERINA,1200000.0,710.42,1689.0,2024-01-01,66.0,18182.0,1.3132821071538,103.89085032363,59 LORONG 40 GEYLANG THE WATERINA SINGAPORE 398082,5.55708137380416,20.0,4,4,3,5,12,5,2.0,1.0,0,1
VACANZA @ EAST,1288888.0,807.3,1597.0,2024-01-01,75.0,17185.0,1.32901984483655,103.914196223923,36 LENGKONG TUJOH VACANZA @ EAST SINGAPORE 417391,8.680985857703446,20.0,3,1,0,2,8,12,2.0,1.0,1,2
EDENZ SUITES,685000.0,473.62,1446.0,2024-01-01,44.0,15568.0,1.31286931612854,103.885753141885,21 LORONG 28 GEYLANG EDENZ SUITES SINGAPORE 398425,5.086028153004915,20.0,5,4,1,7,11,4,1.0,1.0,0,1
SIMS EDGE,750000.0,409.03,1834.0,2024-01-01,38.0,19737.0,1.31640485669867,103.887906763671,1 GEYLANG EAST AVENUE 2 SIMS EDGE SINGAPORE 389760,5.523980705206435,20.0,4,5,3,7,12,4,1.0,1.0,0,1
EUHABITAT,750000.0,548.96,1366.0,2024-01-01,51.0,14706.0,1.32795415126263,103.9070014142,196 JALAN EUNOS EUHABITAT SINGAPORE 419542,7.971961203569236,20.0,2,2,0,2,6,15,1.0,1.0,1,2
PENANG SERVICE APARTMENTS,1298888.0,1151.75,1128.0,2024-01-01,107.0,12139.0,1.31336434016643,103.887597407486,16 LORONG 34 GEYLANG PENANG SERVICE APARTMENTS SINGAPORE 398213,5.278453845984745,20.0,5,4,2,7,11,5,1.0,1.0,0,1
WATERBANK AT DAKOTA,2500000.0,1431.61,1746.0,2024-01-01,133.0,18797.0,1.30647833742136,103.888537197136,76 DAKOTA CRESCENT WATERBANK AT DAKOTA SINGAPORE 399944,4.918518965685704,20.0,3,3,0,5,10,6,1.0,1.0,1,1
# 1 SUITES,818000.0,667.37,1226.0,2024-01-01,62.0,13194.0,1.31239029325188,103.881504147527,1 LORONG 20 GEYLANG # 1 SUITES SINGAPORE 398721,4.699608709809529,20.0,3,3,0,8,9,2,2.0,1.0,0,1
MORI,1639300.0,882.65,1857.0,2024-01-01,82.0,19991.0,1.31131219787605,103.882972095616,223 GUILLEMARD ROAD MORI SINGAPORE 399738,4.739370253523735,20.0,3,3,0,8,9,2,1.0,0.0,0,1
CENTRA LOFT,740000.0,484.38,1528.0,2024-01-01,45.0,16444.0,1.31481743950624,103.888376977987,3 LORONG 35 GEYLANG CENTRA LOFT SINGAPORE 387935,5.44803594028427,20.0,4,4,3,7,11,4,1.0,1.0,0,1
CENTRA SUITES,715000.0,452.09,1582.0,2024-01-01,42.0,17024.0,1.31465166781856,103.883288149427,38 LORONG 25A GEYLANG CENTRA SUITES SINGAPORE 388242,5.016128952160774,20.0,3,4,0,8,9,3,1.0,1.0,0,1
VACANZA @ EAST,1150000.0,882.65,1303.0,2024-01-01,82.0,14024.0,1.32901984483655,103.914196223923,36 LENGKONG TUJOH VACANZA @ EAST SINGAPORE 417391,8.680985857703446,20.0,3,1,0,2,8,12,1.0,1.0,1,2
PARC ESTA,2138000.0,958.0,2232.0,2024-01-01,89.0,24022.0,1.31786521916555,103.903967184717,904 SIMS AVENUE PARC ESTA SINGAPORE 408968,7.043509290403673,20.0,1,4,0,1,13,16,4.0,1.0,0,1
THE WATERINA,2500000.0,1313.21,1904.0,2024-01-01,122.0,20492.0,1.3132821071538,103.89085032363,59 LORONG 40 GEYLANG THE WATERINA SINGAPORE 398082,5.55708137380416,20.0,4,4,3,5,12,5,2.0,1.0,0,1
MILLAGE,820000.0,548.96,1494.0,2024-01-01,51.0,16078.0,1.38854656229022,103.987804503483,1 CHANGI VILLAGE ROAD SINGAPORE 500001,19.183455237444974,20.0,0,1,0,0,0,5,2.0,1.0,0,1
PENROSE,2210000.0,1054.87,2095.0,2024-01-01,98.0,22551.0,1.31948983025856,103.879994891095,22 SIMS DRIVE PENROSE SINGAPORE 387396,5.166503889250989,20.0,3,4,0,8,9,1,2.0,,0,1
SIMS URBAN OASIS,785000.0,409.03,1919.0,2024-01-01,38.0,20658.0,1.31926710475553,103.880615863782,6 SIMS DRIVE SIMS URBAN OASIS SINGAPORE 387388,5.190897370243519,20.0,3,4,0,8,9,1,2.0,1.0,1,1
THE WATERINA,2550000.0,1345.5,1895.0,2024-01-01,125.0,20400.0,1.3132821071538,103.89085032363,59 LORONG 40 GEYLANG THE WATERINA SINGAPORE 398082,5.55708137380416,20.0,4,4,3,5,12,5,2.0,1.0,0,1
ESCADA VIEW,868000.0,753.48,1152.0,2024-01-01,70.0,12400.0,1.32899344664489,103.91347731741,53 LENGKONG EMPAT ESCADA VIEW SINGAPORE 417657,8.614569394694955,20.0,3,1,0,2,7,13,2.0,1.0,1,2
METRO LOFT,800000.0,570.49,1402.0,2024-01-01,53.0,15094.0,1.31417031455963,103.883562175927,5 LORONG 27 GEYLANG METRO LOFT SINGAPORE 388158,5.001192040278531,20.0,3,4,0,8,9,4,2.0,1.0,0,1
PENROSE,1460000.0,710.42,2055.0,2024-01-01,66.0,22121.0,1.31948983025856,103.879994891095,22 SIMS DRIVE PENROSE SINGAPORE 387396,5.166503889250989,20.0,3,4,0,8,9,1,3.0,,0,1
PARC ESTA,2170000.0,1001.05,2168.0,2024-01-01,93.0,23333.0,1.31786521916555,103.903967184717,904 SIMS AVENUE PARC ESTA SINGAPORE 408968,7.043509290403673,20.0,1,4,0,1,13,16,1.0,1.0,0,1
PENROSE,1900000.0,936.47,2029.0,2024-01-01,87.0,21839.0,1.31948983025856,103.879994891095,22 SIMS DRIVE PENROSE SINGAPORE 387396,5.166503889250989,20.0,3,4,0,8,9,1,1.0,,0,1
PARC ESTA,1868000.0,839.59,2225.0,2024-01-01,78.0,23949.0,1.31786521916555,103.903967184717,904 SIMS AVENUE PARC ESTA SINGAPORE 408968,7.043509290403673,20.0,1,4,0,1,13,16,1.0,1.0,0,1
THE TRUMPS,2300000.0,1270.15,1811.0,2024-01-01,118.0,19492.0,1.32002610262337,103.91348728953,1 JALAN KEMBANGAN THE TRUMPS SINGAPORE 419154,8.069943599460245,20.0,1,0,0,2,12,18,3.0,1.0,1,2
KEMBANGAN PLAZA,2250000.0,1959.05,1149.0,2024-01-01,182.0,12363.0,1.32037255609864,103.912642849629,18 JALAN MASJID KEMBANGAN PLAZA SINGAPORE 418944,8.008799221122848,20.0,1,1,0,2,12,17,1.0,1.0,0,2
THE NAVIAN,1530000.0,904.18,1692.0,2024-01-01,84.0,18214.0,1.32780887766582,103.906399584482,178 JALAN EUNOS THE NAVIAN SINGAPORE 419530,7.909635869494765,20.0,3,1,0,2,6,14,1.0,1.0,0,2
PENROSE,1435000.0,699.66,2051.0,2024-01-01,65.0,22077.0,1.31948983025856,103.879994891095,22 SIMS DRIVE PENROSE SINGAPORE 387396,5.166503889250989,20.0,3,4,0,8,9,1,4.0,,0,1
28 IMPERIAL RESIDENCES,870000.0,592.02,1470.0,2024-01-01,55.0,15818.0,1.311780119269,103.884605770106,28 LORONG 26 GEYLANG 28 IMPERIAL RESIDENCES SINGAPORE 398495,4.910721054286701,20.0,3,3,0,7,10,5,1.0,1.0,0,1
NOMA,1500000.0,850.36,1764.0,2024-01-01,79.0,18987.0,1.31161656190118,103.885373542152,333 GUILLEMARD ROAD NOMA SINGAPORE 399758,4.964558828553237,20.0,3,3,1,7,11,5,1.0,,0,1
PARC ESTA,2088000.0,1022.58,2042.0,2024-01-01,95.0,21979.0,1.31786521916555,103.903967184717,904 SIMS AVENUE PARC ESTA SINGAPORE 408968,7.043509290403673,20.0,1,4,0,1,13,16,1.0,1.0,0,1
PALM LODGE,2050000.0,1593.07,1287.0,2024-01-01,148.0,13851.0,1.31520570234631,103.889925313896,4 LORONG 37 GEYLANG PALM LODGE SINGAPORE 387902,5.607877557528137,20.0,4,4,3,6,13,4,1.0,1.0,0,1
PARK PLACE RESIDENCES AT PLQ,1080000.0,484.38,2230.0,2024-01-01,45.0,24000.0,1.31583675363618,103.892746648427,2 PAYA LEBAR ROAD PARK PLACE RESIDENCES AT PLQ SINGAPORE 409053,5.896537427358871,20.0,3,3,3,4,12,6,2.0,1.0,0,1
EUHABITAT,788000.0,559.73,1408.0,2024-01-01,52.0,15154.0,1.32795415126263,103.9070014142,196 JALAN EUNOS EUHABITAT SINGAPORE 419542,7.971961203569236,20.0,2,2,0,2,6,15,1.0,1.0,1,2
REZI 24,930000.0,548.96,1694.0,2024-01-01,51.0,18235.0,1.31156422500946,103.883576001591,39 LORONG 24 GEYLANG REZI 24 SINGAPORE 398636,4.808294965951603,20.0,3,3,0,8,10,4,1.0,,0,1
SIMSVILLE,1300000.0,979.52,1327.0,2023-12-01,91.0,14286.0,1.31703114737635,103.890499582849,2 GEYLANG EAST AVENUE 2 SIMSVILLE SINGAPORE 389754,5.786575389274496,21.0,4,4,3,6,12,4,4.0,1.0,1,1
EUHABITAT,770000.0,538.2,1431.0,2023-12-01,50.0,15400.0,1.32795415126263,103.9070014142,196 JALAN EUNOS EUHABITAT SINGAPORE 419542,7.971961203569236,21.0,2,2,0,2,6,15,1.0,1.0,1,2
WATERBANK AT DAKOTA,850000.0,484.38,1755.0,2023-12-01,45.0,18889.0,1.30647833742136,103.888537197136,76 DAKOTA CRESCENT WATERBANK AT DAKOTA SINGAPORE 399944,4.918518965685704,21.0,3,3,0,5,10,6,3.0,1.0,1,1
TRE RESIDENCES,1330000.0,764.24,1740.0,2023-12-01,71.0,18732.0,1.3172278261209,103.885015905304,9 GEYLANG EAST AVENUE 1 TRE RESIDENCES SINGAPORE 389783,5.353082321074245,21.0,3,3,2,8,9,3,2.0,1.0,1,1
DAKOTA RESIDENCES,2230000.0,1313.21,1698.0,2023-12-01,122.0,18279.0,1.30637270876178,103.88708549006,34 DAKOTA CRESCENT DAKOTA RESIDENCES SINGAPORE 399936,4.7757251422267535,21.0,3,3,0,6,10,5,2.0,1.0,1,1
CASSIA EDGE,1000000.0,678.13,1475.0,2023-12-01,63.0,15873.0,1.3115742491255,103.885828118166,343 GUILLEMARD ROAD CASSIA EDGE SINGAPORE 399764,5.000687919837781,21.0,4,3,1,7,11,5,1.0,1.0,0,1
PENROSE,910000.0,484.38,1879.0,2023-12-01,45.0,20222.0,1.31948983025856,103.879994891095,22 SIMS DRIVE PENROSE SINGAPORE 387396,5.166503889250989,21.0,3,4,0,8,9,1,1.0,,0,1
EUHABITAT,780000.0,538.2,1449.0,2023-12-01,50.0,15600.0,1.32795415126263,103.9070014142,196 JALAN EUNOS EUHABITAT SINGAPORE 419542,7.971961203569236,21.0,2,2,0,2,6,15,1.0,1.0,1,2
TRE RESIDENCES,1140000.0,699.66,1629.0,2023-12-01,65.0,17538.0,1.3172278261209,103.885015905304,9 GEYLANG EAST AVENUE 1 TRE RESIDENCES SINGAPORE 389783,5.353082321074245,21.0,3,3,2,8,9,3,1.0,1.0,1,1
URBAN TREASURES,1388000.0,721.19,1925.0,2023-12-01,67.0,20716.0,1.32936720206385,103.905791323853,205 JALAN EUNOS URBAN TREASURES SINGAPORE 419535,7.966767145631702,21.0,2,0,0,2,6,11,1.0,,1,2
EUHABITAT,770000.0,548.96,1403.0,2023-12-01,51.0,15098.0,1.32795415126263,103.9070014142,196 JALAN EUNOS EUHABITAT SINGAPORE 419542,7.971961203569236,21.0,2,2,0,2,6,15,1.0,1.0,1,2
ARENA RESIDENCES,1288000.0,602.78,2137.0,2023-12-01,56.0,23000.0,1.30967685823486,103.880642764235,20 GUILLEMARD CRESCENT ARENA RESIDENCES SINGAPORE 399915,4.425439723338632,21.0,4,4,1,9,9,1,2.0,,0,1
PARC ESTA,1660000.0,742.72,2235.0,2023-12-01,69.0,24058.0,1.31786521916555,103.903967184717,904 SIMS AVENUE PARC ESTA SINGAPORE 408968,7.043509290403673,21.0,1,4,0,1,13,16,3.0,1.0,0,1
LOFT 33,978000.0,613.55,1594.0,2023-12-01,57.0,17158.0,1.31278422240834,103.887200888953,33 LORONG 32 GEYLANG LOFT 33 SINGAPORE 398293,5.2036450346020215,21.0,5,5,2,7,11,5,1.0,1.0,0,1
GUILLEMARD SUITES,845000.0,602.78,1402.0,2023-12-01,56.0,15089.0,1.31094521852726,103.882721097721,213 GUILLEMARD ROAD GUILLEMARD SUITES SINGAPORE 399733,4.691609257032653,21.0,3,4,0,8,9,3,1.0,1.0,0,1
AVANT RESIDENCES,830000.0,527.44,1574.0,2023-12-01,49.0,16939.0,1.31353535987581,103.882362870576,10 ALJUNIED ROAD AVANT RESIDENCES SINGAPORE 389799,4.856265736693036,21.0,3,4,0,8,9,2,2.0,1.0,0,1
RESIDENCES 88,670000.0,430.56,1556.0,2023-12-01,40.0,16750.0,1.32627973484674,103.907811483759,88 LORONG MARICAN RESIDENCES 88 SINGAPORE 417297,7.92954468966822,21.0,3,1,0,2,7,15,1.0,1.0,0,2
CENTRA HEIGHTS,825000.0,462.85,1782.0,2023-12-01,43.0,19186.0,1.31629397762889,103.88657418395,455 SIMS AVENUE CENTRA HEIGHTS SINGAPORE 387607,5.406260020602187,21.0,4,4,3,7,11,4,2.0,1.0,0,1
SIXTEEN35 RESIDENCES,880000.0,538.2,1635.0,2023-12-01,50.0,17600.0,1.31547407018063,103.888827552085,16 LORONG 35 GEYLANG SIXTEEN35 RESIDENCES SINGAPORE 387946,5.533258263987247,21.0,4,4,3,6,12,4,2.0,1.0,0,1
EUHABITAT,776000.0,538.2,1442.0,2023-12-01,50.0,15520.0,1.32795415126263,103.9070014142,196 JALAN EUNOS EUHABITAT SINGAPORE 419542,7.971961203569236,21.0,2,2,0,2,6,15,1.0,1.0,1,2
WING FONG MANSIONS,1100000.0,947.23,1161.0,2023-12-01,88.0,12500.0,1.31057552074486,103.879078933752,12 LORONG 14 GEYLANG WING FONG MANSIONS SINGAPORE 398924,4.366074173360566,21.0,4,4,1,10,9,1,1.0,1.0,0,1
ESCADA VIEW,915000.0,775.01,1181.0,2023-12-01,72.0,12708.0,1.32899344664489,103.91347731741,53 LENGKONG EMPAT ESCADA VIEW SINGAPORE 417657,8.614569394694955,21.0,3,1,0,2,7,13,2.0,1.0,1,2
PARC ESTA,1540000.0,742.72,2073.0,2023-12-01,69.0,22319.0,1.31786521916555,103.903967184717,904 SIMS AVENUE PARC ESTA SINGAPORE 408968,7.043509290403673,21.0,1,4,0,1,13,16,1.0,1.0,0,1
TROPIKA EAST,728000.0,473.62,1537.0,2023-12-01,44.0,16545.0,1.32886589161997,103.90719397756,3 FOO KIM LIN ROAD TROPIKA EAST SINGAPORE 419679,8.051842718239321,21.0,2,1,0,2,6,15,1.0,1.0,1,2
CENTRAL GROVE,1450000.0,1367.03,1061.0,2023-12-01,127.0,11417.0,1.31623494982413,103.884417981377,3 GEYLANG EAST AVENUE 1 CENTRAL GROVE SINGAPORE 389779,5.228491443172765,21.0,4,5,1,8,9,3,1.0,1.0,1,1
MATTAR RESIDENCES,1957000.0,893.41,2190.0,2023-12-01,83.0,23578.0,1.32562146026034,103.881811611954,7 MATTAR ROAD MATTAR RESIDENCES SINGAPORE 387716,5.828331618543042,21.0,3,5,0,8,11,5,1.0,0.0,0,1
PARC ESTA,890000.0,419.8,2120.0,2023-12-01,39.0,22821.0,1.31786521916555,103.903967184717,904 SIMS AVENUE PARC ESTA SINGAPORE 408968,7.043509290403673,21.0,1,4,0,1,13,16,2.0,1.0,0,1
PARC ESTA,1380000.0,635.08,2173.0,2023-12-01,59.0,23390.0,1.31786521916555,103.903967184717,904 SIMS AVENUE PARC ESTA SINGAPORE 408968,7.043509290403673,21.0,1,4,0,1,13,16,3.0,1.0,0,1
NESS,720000.0,441.32,1631.0,2023-12-01,41.0,17561.0,1.31269794714045,103.886776844129,38 LORONG 32 GEYLANG NESS SINGAPORE 398298,5.1611183017097115,21.0,5,4,2,7,11,5,2.0,1.0,0,1
DAKOTA RESIDENCES,2380000.0,1291.68,1843.0,2023-12-01,120.0,19833.0,1.30637270876178,103.88708549006,34 DAKOTA CRESCENT DAKOTA RESIDENCES SINGAPORE 399936,4.7757251422267535,21.0,3,3,0,6,10,5,2.0,1.0,1,1
MATTAR RESIDENCES,1351000.0,613.55,2202.0,2023-12-01,57.0,23702.0,1.32562146026034,103.881811611954,7 MATTAR ROAD MATTAR RESIDENCES SINGAPORE 387716,5.828331618543042,21.0,3,5,0,8,11,5,1.0,0.0,0,1
DAKOTA RESIDENCES,3280000.0,1829.88,1792.0,2023-12-01,170.0,19294.0,1.30637270876178,103.88708549006,34 DAKOTA CRESCENT DAKOTA RESIDENCES SINGAPORE 399936,4.7757251422267535,21.0,3,3,0,6,10,5,1.0,1.0,1,1
PAYA LEBAR RESIDENCES,2090000.0,1280.92,1632.0,2023-12-01,119.0,17563.0,1.31752143815241,103.891475654733,27 PAYA LEBAR ROAD PAYA LEBAR RESIDENCES SINGAPORE 409042,5.904426206584732,21.0,4,4,3,4,12,4,1.0,1.0,0,1
PAVILION SQUARE,650000.0,398.27,1632.0,2023-12-01,37.0,17568.0,1.31297800060859,103.879770800217,345 GEYLANG ROAD PAVILION SQUARE SINGAPORE 389366,4.608727400946871,21.0,3,4,0,10,10,1,1.0,1.0,0,1
VACANZA @ EAST,1580000.0,1022.58,1545.0,2023-12-01,95.0,16632.0,1.32901984483655,103.914196223923,36 LENGKONG TUJOH VACANZA @ EAST SINGAPORE 417391,8.680985857703446,21.0,3,1,0,2,8,12,2.0,1.0,1,2
SIXTEEN35 RESIDENCES,1017000.0,624.31,1629.0,2023-12-01,58.0,17534.0,1.31547407018063,103.888827552085,16 LORONG 35 GEYLANG SIXTEEN35 RESIDENCES SINGAPORE 387946,5.533258263987247,21.0,4,4,3,6,12,4,2.0,1.0,0,1
ASTON MANSIONS,1528000.0,1302.44,1173.0,2023-12-01,121.0,12628.0,1.31393251470132,103.890612644048,7 LORONG 42 GEYLANG ASTON MANSIONS SINGAPORE 398028,5.57978728565853,21.0,4,4,3,5,12,6,1.0,1.0,0,1
PENROSE,1828000.0,968.76,1887.0,2023-12-01,90.0,20311.0,1.31948983025856,103.879994891095,22 SIMS DRIVE PENROSE SINGAPORE 387396,5.166503889250989,21.0,3,4,0,8,9,1,2.0,,0,1
PARC ESTA,873000.0,419.8,2080.0,2023-12-01,39.0,22385.0,1.31786521916555,103.903967184717,904 SIMS AVENUE PARC ESTA SINGAPORE 408968,7.043509290403673,21.0,1,4,0,1,13,16,1.0,1.0,0,1
D' CASITA,1330000.0,936.47,1420.0,2023-12-01,87.0,15287.0,1.32189602855264,103.909352749897,38 LORONG MARZUKI D' CASITA SINGAPORE 417104,7.789202468309825,21.0,2,1,0,2,10,15,1.0,1.0,0,2
CITY PLAZA,1400000.0,914.94,1530.0,2023-12-01,85.0,16471.0,1.3147868971977,103.893472115119,810 GEYLANG ROAD CITY PLAZA SINGAPORE 409286,5.890362403264023,21.0,3,3,3,3,12,8,4.0,1.0,0,1
EUHABITAT,1980000.0,1302.44,1520.0,2023-12-01,121.0,16364.0,1.32795415126263,103.9070014142,196 JALAN EUNOS EUHABITAT SINGAPORE 419542,7.971961203569236,21.0,2,2,0,2,6,15,1.0,1.0,1,2
PARC ESTA,2775000.0,1227.1,2261.0,2023-12-01,114.0,24342.0,1.31786521916555,103.903967184717,904 SIMS AVENUE PARC ESTA SINGAPORE 408968,7.043509290403673,21.0,1,4,0,1,13,16,2.0,1.0,0,1
DAKOTA RESIDENCES,1770000.0,1022.58,1731.0,2023-12-01,95.0,18632.0,1.30637270876178,103.88708549006,34 DAKOTA CRESCENT DAKOTA RESIDENCES SINGAPORE 399936,4.7757251422267535,21.0,3,3,0,6,10,5,3.0,1.0,1,1
SINGA HILLS,1600000.0,1162.51,1376.0,2023-11-01,108.0,14815.0,1.33013262911561,103.908284993545,33 JALAN SINGA SINGA HILLS SINGAPORE 418109,8.234437338266625,22.0,1,1,0,2,5,13,1.0,1.0,0,2
GEMS VILLE,988000.0,516.67,1912.0,2023-11-01,48.0,20583.0,1.31297838670543,103.877757621351,8 LORONG 13 GEYLANG GEMS VILLE SINGAPORE 389901,4.456014953033219,22.0,3,3,0,10,8,0,1.0,0.0,0,1
PARC ESTA,2030000.0,925.7,2193.0,2023-11-01,86.0,23605.0,1.31786521916555,103.903967184717,904 SIMS AVENUE PARC ESTA SINGAPORE 408968,7.043509290403673,22.0,1,4,0,1,13,16,4.0,1.0,0,1
SIMS URBAN OASIS,1125000.0,624.31,1802.0,2023-11-01,58.0,19397.0,1.31926710475553,103.880615863782,6 SIMS DRIVE SIMS URBAN OASIS SINGAPORE 387388,5.190897370243519,22.0,3,4,0,8,9,1,2.0,1.0,1,1
ARENA RESIDENCES,1758000.0,882.65,1992.0,2023-11-01,82.0,21439.0,1.30967685823486,103.880642764235,20 GUILLEMARD CRESCENT ARENA RESIDENCES SINGAPORE 399915,4.425439723338632,22.0,4,4,1,9,9,1,2.0,,0,1
SUITES 28,880000.0,1033.34,852.0,2023-11-01,96.0,9167.0,1.31268459175571,103.885941111431,28 LORONG 30 GEYLANG SUITES 28 SINGAPORE 398361,5.088755596385559,22.0,5,4,1,7,11,4,2.0,1.0,0,1
PARC ESTA,1610000.0,742.72,2168.0,2023-11-01,69.0,23333.0,1.31786521916555,103.903967184717,904 SIMS AVENUE PARC ESTA SINGAPORE 408968,7.043509290403673,22.0,1,4,0,1,13,16,3.0,1.0,0,1
PENROSE,1835000.0,1044.11,1757.0,2023-11-01,97.0,18918.0,1.31948983025856,103.879994891095,22 SIMS DRIVE PENROSE SINGAPORE 387396,5.166503889250989,22.0,3,4,0,8,9,1,1.0,,0,1
PENROSE,2050000.0,1065.64,1924.0,2023-11-01,99.0,20707.0,1.31948983025856,103.879994891095,22 SIMS DRIVE PENROSE SINGAPORE 387396,5.166503889250989,22.0,3,4,0,8,9,1,1.0,,0,1
PARC ESTA,1315000.0,635.08,2071.0,2023-11-01,59.0,22288.0,1.31786521916555,103.903967184717,904 SIMS AVENUE PARC ESTA SINGAPORE 408968,7.043509290403673,22.0,1,4,0,1,13,16,1.0,1.0,0,1
PARC ESTA,1050000.0,452.09,2323.0,2023-11-01,42.0,25000.0,1.31786521916555,103.903967184717,904 SIMS AVENUE PARC ESTA SINGAPORE 408968,7.043509290403673,22.0,1,4,0,1,13,16,2.0,1.0,0,1
NESS,718000.0,462.85,1551.0,2023-11-01,43.0,16698.0,1.31269794714045,103.886776844129,38 LORONG 32 GEYLANG NESS SINGAPORE 398298,5.1611183017097115,22.0,5,4,2,7,11,5,1.0,1.0,0,1
VACANZA @ EAST,1960000.0,1603.84,1222.0,2023-11-01,149.0,13154.0,1.32901984483655,103.914196223923,36 LENGKONG TUJOH VACANZA @ EAST SINGAPORE 417391,8.680985857703446,22.0,3,1,0,2,8,12,3.0,1.0,1,2
VIENTO,735000.0,430.56,1707.0,2023-11-01,40.0,18375.0,1.31221104514144,103.886520466932,29 LORONG 30 GEYLANG VIENTO SINGAPORE 398362,5.104904162018615,22.0,5,4,2,7,11,5,2.0,1.0,0,1
THE NAVIAN,1170000.0,645.84,1812.0,2023-11-01,60.0,19500.0,1.32780887766582,103.906399584482,178 JALAN EUNOS THE NAVIAN SINGAPORE 419530,7.909635869494765,22.0,3,1,0,2,6,14,1.0,1.0,0,2
CENTRAL GROVE,1640000.0,1227.1,1336.0,2023-11-01,114.0,14386.0,1.31623494982413,103.884417981377,3 GEYLANG EAST AVENUE 1 CENTRAL GROVE SINGAPORE 389779,5.228491443172765,22.0,4,5,1,8,9,3,1.0,1.0,1,1
SIMS URBAN OASIS,1213888.0,667.37,1819.0,2023-11-01,62.0,19579.0,1.31926710475553,103.880615863782,6 SIMS DRIVE SIMS URBAN OASIS SINGAPORE 387388,5.190897370243519,22.0,3,4,0,8,9,1,4.0,1.0,1,1
PENROSE,1385000.0,710.42,1950.0,2023-11-01,66.0,20985.0,1.31948983025856,103.879994891095,22 SIMS DRIVE PENROSE SINGAPORE 387396,5.166503889250989,22.0,3,4,0,8,9,1,2.0,,0,1
SIMS URBAN OASIS,1420000.0,785.77,1807.0,2023-11-01,73.0,19452.0,1.31926710475553,103.880615863782,6 SIMS DRIVE SIMS URBAN OASIS SINGAPORE 387388,5.190897370243519,22.0,3,4,0,8,9,1,3.0,1.0,1,1
PARC ESTA,2065000.0,958.0,2156.0,2023-11-01,89.0,23202.0,1.31786521916555,103.903967184717,904 SIMS AVENUE PARC ESTA SINGAPORE 408968,7.043509290403673,22.0,1,4,0,1,13,16,1.0,1.0,0,1
THE TRUMPS,2015000.0,1291.68,1560.0,2023-11-01,120.0,16792.0,1.32002610262337,103.91348728953,1 JALAN KEMBANGAN THE TRUMPS SINGAPORE 419154,8.069943599460245,22.0,1,0,0,2,12,18,3.0,1.0,1,2
# 1 SUITES,768000.0,624.31,1230.0,2023-11-01,58.0,13241.0,1.31239029325188,103.881504147527,1 LORONG 20 GEYLANG # 1 SUITES SINGAPORE 398721,4.699608709809529,22.0,3,3,0,8,9,2,1.0,1.0,0,1
VACANZA @ EAST,1100000.0,731.95,1503.0,2023-11-01,68.0,16176.0,1.32901984483655,103.914196223923,36 LENGKONG TUJOH VACANZA @ EAST SINGAPORE 417391,8.680985857703446,22.0,3,1,0,2,8,12,2.0,1.0,1,2
SIMSVILLE,1280000.0,979.52,1307.0,2023-11-01,91.0,14066.0,1.31703114737635,103.890499582849,2 GEYLANG EAST AVENUE 2 SIMSVILLE SINGAPORE 389754,5.786575389274496,22.0,4,4,3,6,12,4,3.0,1.0,1,1
DAKOTA RESIDENCES,3500000.0,1829.88,1913.0,2023-11-01,170.0,20588.0,1.30637270876178,103.88708549006,34 DAKOTA CRESCENT DAKOTA RESIDENCES SINGAPORE 399936,4.7757251422267535,22.0,3,3,0,6,10,5,3.0,1.0,1,1
PARC ESTA,1720000.0,839.59,2049.0,2023-11-01,78.0,22051.0,1.31786521916555,103.903967184717,904 SIMS AVENUE PARC ESTA SINGAPORE 408968,7.043509290403673,22.0,1,4,0,1,13,16,1.0,1.0,0,1
SIXTEEN35 RESIDENCES,1000000.0,667.37,1498.0,2023-11-01,62.0,16129.0,1.31547407018063,103.888827552085,16 LORONG 35 GEYLANG SIXTEEN35 RESIDENCES SINGAPORE 387946,5.533258263987247,22.0,4,4,3,6,12,4,2.0,1.0,0,1
SUITES @ SIMS,655000.0,355.21,1844.0,2023-11-01,33.0,19848.0,1.3157472607643,103.887188203157,468 SIMS AVENUE SUITES @ SIMS SINGAPORE 387544,5.415897782797746,22.0,4,6,3,7,11,4,1.0,1.0,0,1
PARC ESTA,1475000.0,742.72,1986.0,2023-11-01,69.0,21377.0,1.31786521916555,103.903967184717,904 SIMS AVENUE PARC ESTA SINGAPORE 408968,7.043509290403673,22.0,1,4,0,1,13,16,1.0,1.0,0,1
EUHABITAT,782000.0,538.2,1453.0,2023-11-01,50.0,15640.0,1.32795415126263,103.9070014142,196 JALAN EUNOS EUHABITAT SINGAPORE 419542,7.971961203569236,22.0,2,2,0,2,6,15,1.0,1.0,1,2
SIMS URBAN OASIS,1525000.0,818.06,1864.0,2023-11-01,76.0,20066.0,1.31926710475553,103.880615863782,6 SIMS DRIVE SIMS URBAN OASIS SINGAPORE 387388,5.190897370243519,22.0,3,4,0,8,9,1,2.0,1.0,1,1
SUITES @ SIMS,855000.0,548.96,1557.0,2023-11-01,51.0,16765.0,1.3157472607643,103.887188203157,468 SIMS AVENUE SUITES @ SIMS SINGAPORE 387544,5.415897782797746,22.0,4,6,3,7,11,4,1.0,1.0,0,1
WINDY HEIGHTS,2900000.0,2475.72,1171.0,2023-11-01,230.0,12609.0,1.32664204297673,103.910617408664,84 JALAN DAUD WINDY HEIGHTS SINGAPORE 419593,8.204206295506795,22.0,2,2,0,2,7,16,2.0,1.0,1,2
LA BRISA,805000.0,495.14,1626.0,2023-11-01,46.0,17500.0,1.31190419143627,103.885369365155,50 LORONG 28 GEYLANG LA BRISA SINGAPORE 398453,4.984533537431171,22.0,4,4,1,7,11,5,2.0,1.0,0,1
PARC ESTA,1610000.0,742.72,2168.0,2023-11-01,69.0,23333.0,1.31786521916555,103.903967184717,904 SIMS AVENUE PARC ESTA SINGAPORE 408968,7.043509290403673,22.0,1,4,0,1,13,16,4.0,1.0,0,1
STUDIO8,1180000.0,861.12,1370.0,2023-11-01,80.0,14750.0,1.31110937477676,103.873025954425,8 JALAN AYER STUDIO8 SINGAPORE 389144,3.958495376383,22.0,2,2,2,10,6,1,2.0,1.0,0,1
EUHABITAT,1688888.0,1140.98,1480.0,2023-11-01,106.0,15933.0,1.32795415126263,103.9070014142,196 JALAN EUNOS EUHABITAT SINGAPORE 419542,7.971961203569236,22.0,2,2,0,2,6,15,1.0,1.0,1,2
MILL CREEK,1350000.0,1119.46,1206.0,2023-11-01,104.0,12981.0,1.31955327216571,103.909937629963,10 LORONG MARZUKI MILL CREEK SINGAPORE 417052,7.704555862110513,22.0,2,1,0,2,13,13,1.0,1.0,0,2
QUBE SUITES,660000.0,430.56,1533.0,2023-11-01,40.0,16500.0,1.32987209553022,103.908123975446,24 JALAN PUNAI QUBE SUITES SINGAPORE 418804,8.202337725386041,22.0,2,1,0,2,5,14,1.0,1.0,0,2
DAKOTA RESIDENCES,2500000.0,1291.68,1935.0,2023-11-01,120.0,20833.0,1.30637270876178,103.88708549006,34 DAKOTA CRESCENT DAKOTA RESIDENCES SINGAPORE 399936,4.7757251422267535,22.0,3,3,0,6,10,5,2.0,1.0,1,1
THE TRUMPS,1630000.0,947.23,1721.0,2023-11-01,88.0,18523.0,1.32002610262337,103.91348728953,1 JALAN KEMBANGAN THE TRUMPS SINGAPORE 419154,8.069943599460245,22.0,1,0,0,2,12,18,4.0,1.0,1,2
TREASURES@G19,618000.0,387.5,1595.0,2023-11-01,36.0,17167.0,1.3139281583716,103.87898672052,33 LORONG 19 GEYLANG TREASURES@G19 SINGAPORE 388502,4.625661126897555,22.0,3,4,0,10,9,0,2.0,1.0,0,1
PENROSE,1218000.0,645.84,1886.0,2023-11-01,60.0,20300.0,1.31948983025856,103.879994891095,22 SIMS DRIVE PENROSE SINGAPORE 387396,5.166503889250989,22.0,3,4,0,8,9,1,2.0,,0,1
CASSIA VIEW,1600000.0,1151.75,1389.0,2023-11-01,107.0,14953.0,1.31103276112231,103.886630140814,320 GUILLEMARD ROAD CASSIA VIEW SINGAPORE 399746,5.033091805099718,22.0,4,2,1,7,11,5,1.0,1.0,0,1
SUNFLOWER GRANDEUR,1370000.0,1033.34,1326.0,2023-11-01,96.0,14271.0,1.31608075312341,103.890484723984,31 LORONG 39 GEYLANG SUNFLOWER GRANDEUR SINGAPORE 387878,5.7175227954592485,22.0,4,3,3,5,13,4,1.0,1.0,0,1
SIMSVILLE,1302000.0,968.76,1344.0,2023-11-01,90.0,14467.0,1.31703114737635,103.890499582849,2 GEYLANG EAST AVENUE 2 SIMSVILLE SINGAPORE 389754,5.786575389274496,22.0,4,4,3,6,12,4,3.0,1.0,1,1
PENROSE,1408000.0,710.42,1982.0,2023-11-01,66.0,21333.0,1.31948983025856,103.879994891095,22 SIMS DRIVE PENROSE SINGAPORE 387396,5.166503889250989,22.0,3,4,0,8,9,1,2.0,,0,1
PARC ESTA,1400000.0,635.08,2204.0,2023-11-01,59.0,23729.0,1.31786521916555,103.903967184717,904 SIMS AVENUE PARC ESTA SINGAPORE 408968,7.043509290403673,22.0,1,4,0,1,13,16,3.0,1.0,0,1
ROYCE RESIDENCES,960000.0,785.77,1222.0,2023-11-01,73.0,13151.0,1.31128760423171,103.876285896427,8 LORONG 6 GEYLANG ROYCE RESIDENCES SINGAPORE 399242,4.207479298686135,22.0,4,3,1,10,8,2,2.0,1.0,0,1
TRE RESIDENCES,1580000.0,947.23,1668.0,2023-11-01,88.0,17955.0,1.3172278261209,103.885015905304,9 GEYLANG EAST AVENUE 1 TRE RESIDENCES SINGAPORE 389783,5.353082321074245,22.0,3,3,2,8,9,3,2.0,1.0,1,1
PARC ESTA,1420000.0,635.08,2236.0,2023-11-01,59.0,24068.0,1.31786521916555,103.903967184717,904 SIMS AVENUE PARC ESTA SINGAPORE 408968,7.043509290403673,22.0,1,4,0,1,13,16,3.0,1.0,0,1
SUITES 28,1138000.0,850.36,1338.0,2023-11-01,79.0,14405.0,1.31268459175571,103.885941111431,28 LORONG 30 GEYLANG SUITES 28 SINGAPORE 398361,5.088755596385559,22.0,5,4,1,7,11,4,1.0,1.0,0,1
SIMS URBAN OASIS,1198000.0,667.37,1795.0,2023-11-01,62.0,19323.0,1.31926710475553,103.880615863782,6 SIMS DRIVE SIMS URBAN OASIS SINGAPORE 387388,5.190897370243519,22.0,3,4,0,8,9,1,2.0,1.0,1,1
LE REGAL,618000.0,419.8,1472.0,2023-11-01,39.0,15846.0,1.31250268727998,103.880368117228,340 GEYLANG ROAD LE REGAL SINGAPORE 389365,4.61788023094977,22.0,2,3,0,9,10,1,1.0,1.0,0,1
ARENA RESIDENCES,1880000.0,882.65,2130.0,2023-11-01,82.0,22927.0,1.30967685823486,103.880642764235,20 GUILLEMARD CRESCENT ARENA RESIDENCES SINGAPORE 399915,4.425439723338632,22.0,4,4,1,9,9,1,3.0,,0,1
SIMSVILLE,1466000.0,1248.62,1174.0,2023-11-01,116.0,12638.0,1.31703114737635,103.890499582849,2 GEYLANG EAST AVENUE 2 SIMSVILLE SINGAPORE 389754,5.786575389274496,22.0,4,4,3,6,12,4,1.0,1.0,1,1
SIMS URBAN OASIS,1405000.0,828.83,1695.0,2023-11-01,77.0,18247.0,1.31926710475553,103.880615863782,6 SIMS DRIVE SIMS URBAN OASIS SINGAPORE 387388,5.190897370243519,22.0,3,4,0,8,9,1,4.0,1.0,1,1
CENTRAL MEADOWS,1310000.0,1001.05,1309.0,2023-11-01,93.0,14086.0,1.31225825932858,103.888161790535,51 LORONG 34 GEYLANG CENTRAL MEADOWS SINGAPORE 398240,5.250843225664112,22.0,5,4,2,6,11,5,1.0,1.0,0,1
SIMS URBAN OASIS,787000.0,409.03,1924.0,2023-11-01,38.0,20711.0,1.31926710475553,103.880615863782,6 SIMS DRIVE SIMS URBAN OASIS SINGAPORE 387388,5.190897370243519,22.0,3,4,0,8,9,1,2.0,1.0,1,1
ASTON MANSIONS,1388888.0,1227.1,1132.0,2023-11-01,114.0,12183.0,1.31393251470132,103.890612644048,7 LORONG 42 GEYLANG ASTON MANSIONS SINGAPORE 398028,5.57978728565853,22.0,4,4,3,5,12,6,1.0,1.0,0,1
EDENZ SUITES,670000.0,473.62,1415.0,2023-11-01,44.0,15227.0,1.31286931612854,103.885753141885,21 LORONG 28 GEYLANG EDENZ SUITES SINGAPORE 398425,5.086028153004915,22.0,5,4,1,7,11,4,2.0,1.0,0,1
CASSIA VIEW,1300000.0,968.76,1342.0,2023-11-01,90.0,14444.0,1.31103276112231,103.886630140814,320 GUILLEMARD ROAD CASSIA VIEW SINGAPORE 399746,5.033091805099718,22.0,4,2,1,7,11,5,1.0,1.0,0,1
TROPIKA EAST,1080000.0,764.24,1413.0,2023-11-01,71.0,15211.0,1.32886589161997,103.90719397756,3 FOO KIM LIN ROAD TROPIKA EAST SINGAPORE 419679,8.051842718239321,22.0,2,1,0,2,6,15,1.0,1.0,1,2
CASA SARINA,1800000.0,1259.39,1429.0,2023-11-01,117.0,15385.0,1.32018967220914,103.906865928269,101 LORONG SARINA CASA SARINA SINGAPORE 416729,7.4542779982704115,22.0,2,1,0,1,12,14,1.0,1.0,1,2
PENROSE,1410000.0,699.66,2015.0,2023-11-01,65.0,21692.0,1.31948983025856,103.879994891095,22 SIMS DRIVE PENROSE SINGAPORE 387396,5.166503889250989,22.0,3,4,0,8,9,1,3.0,,0,1
# 1 LOFT,1150000.0,936.47,1228.0,2023-11-01,87.0,13218.0,1.31276346405244,103.883518875617,1 LORONG 24 GEYLANG # 1 LOFT SINGAPORE 398614,4.891716160848941,22.0,3,4,0,8,9,2,2.0,1.0,0,1
WATERBANK AT DAKOTA,1300000.0,624.31,2082.0,2023-11-01,58.0,22414.0,1.30647833742136,103.888537197136,76 DAKOTA CRESCENT WATERBANK AT DAKOTA SINGAPORE 399944,4.918518965685704,22.0,3,3,0,5,10,6,4.0,1.0,1,1
SIMSVILLE,1180000.0,968.76,1218.0,2023-11-01,90.0,13111.0,1.31703114737635,103.890499582849,2 GEYLANG EAST AVENUE 2 SIMSVILLE SINGAPORE 389754,5.786575389274496,22.0,4,4,3,6,12,4,3.0,1.0,1,1
ATRIUM RESIDENCES,1685000.0,1259.39,1338.0,2023-11-01,117.0,14402.0,1.31372274938589,103.886156549479,532 GEYLANG ROAD ATRIUM RESIDENCES SINGAPORE 389488,5.181625591258403,22.0,5,4,2,7,11,5,1.0,1.0,0,1
THE ALCOVE,1160000.0,1087.16,1067.0,2023-11-01,101.0,11485.0,1.31400655260741,103.884015328938,10 LORONG 27 GEYLANG THE ALCOVE SINGAPORE 388199,5.025483913717779,22.0,4,4,0,8,9,4,2.0,1.0,0,1
SMART SUITES,783000.0,527.44,1485.0,2023-11-01,49.0,15980.0,1.31514448371947,103.884050282732,302 SIMS AVENUE SMART SUITES SINGAPORE 387516,5.114950686082434,22.0,3,5,0,8,9,3,1.0,1.0,0,1
MILLAGE,733000.0,462.85,1584.0,2023-10-01,43.0,17047.0,1.38854656229022,103.987804503483,1 CHANGI VILLAGE ROAD SINGAPORE 500001,19.183455237444974,23.0,0,1,0,0,0,5,2.0,1.0,0,1
PENROSE,2120000.0,1054.87,2010.0,2023-10-01,98.0,21633.0,1.31948983025856,103.879994891095,22 SIMS DRIVE PENROSE SINGAPORE 387396,5.166503889250989,23.0,3,4,0,8,9,1,2.0,,0,1
TROPIKA EAST,1180000.0,839.59,1405.0,2023-10-01,78.0,15128.0,1.32886589161997,103.90719397756,3 FOO KIM LIN ROAD TROPIKA EAST SINGAPORE 419679,8.051842718239321,23.0,2,1,0,2,6,15,1.0,1.0,1,2
ASTORIA PARK,1570000.0,1173.28,1338.0,2023-10-01,109.0,14404.0,1.32177770499303,103.91225216665,34 LORONG MYDIN ASTORIA PARK SINGAPORE 416827,8.053226885077692,23.0,1,1,0,2,12,17,3.0,1.0,1,2
PARC ESTA,1175000.0,527.44,2228.0,2023-10-01,49.0,23980.0,1.31786521916555,103.903967184717,904 SIMS AVENUE PARC ESTA SINGAPORE 408968,7.043509290403673,23.0,1,4,0,1,13,16,2.0,1.0,0,1
THE SANCTUARY @ GEYLANG,830000.0,678.13,1224.0,2023-10-01,63.0,13175.0,1.31345709214795,103.886467318231,1 LORONG 30 GEYLANG THE SANCTUARY @ GEYLANG SINGAPORE 398342,5.188676380984995,23.0,5,4,2,7,11,5,2.0,1.0,0,1
THE WATER EDGE,655000.0,365.98,1790.0,2023-10-01,34.0,19265.0,1.31372105189031,103.888759579471,8 LORONG 38 GEYLANG THE WATER EDGE SINGAPORE 398106,5.4035924754809175,23.0,4,4,3,6,11,4,1.0,1.0,0,1
THE LENOX,1100000.0,796.54,1381.0,2023-10-01,74.0,14865.0,1.31824376273926,103.911351165333,396 CHANGI ROAD THE LENOX SINGAPORE 415899,7.765250446888848,23.0,2,1,0,2,13,15,1.0,1.0,0,2
GUILLEMARD EDGE,1288899.0,1087.16,1186.0,2023-10-01,101.0,12761.0,1.31200443744473,103.885949377155,38 LORONG 30 GEYLANG GUILLEMARD EDGE SINGAPORE 398371,5.041282413008211,23.0,4,4,1,7,11,5,2.0,1.0,0,1
CRYSTAL MANSIONS,1250000.0,1259.39,993.0,2023-10-01,117.0,10684.0,1.31115202963177,103.876674762958,3 LORONG 6 GEYLANG CRYSTAL MANSIONS SINGAPORE 399165,4.225490768881534,23.0,4,3,2,10,8,2,1.0,1.0,0,1
PENROSE,1250000.0,645.84,1935.0,2023-10-01,60.0,20833.0,1.31948983025856,103.879994891095,22 SIMS DRIVE PENROSE SINGAPORE 387396,5.166503889250989,23.0,3,4,0,8,9,1,4.0,,0,1
PENROSE,1945000.0,1044.11,1863.0,2023-10-01,97.0,20052.0,1.31948983025856,103.879994891095,22 SIMS DRIVE PENROSE SINGAPORE 387396,5.166503889250989,23.0,3,4,0,8,9,1,1.0,,0,1
VACANZA @ EAST,1240000.0,839.59,1477.0,2023-10-01,78.0,15897.0,1.32901984483655,103.914196223923,36 LENGKONG TUJOH VACANZA @ EAST SINGAPORE 417391,8.680985857703446,23.0,3,1,0,2,8,12,1.0,1.0,1,2
DAKOTA RESIDENCES,2460000.0,1291.68,1904.0,2023-10-01,120.0,20500.0,1.30637270876178,103.88708549006,34 DAKOTA CRESCENT DAKOTA RESIDENCES SINGAPORE 399936,4.7757251422267535,23.0,3,3,0,6,10,5,3.0,1.0,1,1
ASTORIA PARK,1440000.0,1194.8,1205.0,2023-10-01,111.0,12973.0,1.32177770499303,103.91225216665,34 LORONG MYDIN ASTORIA PARK SINGAPORE 416827,8.053226885077692,23.0,1,1,0,2,12,17,1.0,1.0,1,2
CENTRAL GROVE,1560000.0,1205.57,1294.0,2023-10-01,112.0,13929.0,1.31623494982413,103.884417981377,3 GEYLANG EAST AVENUE 1 CENTRAL GROVE SINGAPORE 389779,5.228491443172765,23.0,4,5,1,8,9,3,1.0,1.0,1,1
NICOLE GREEN,1270000.0,925.7,1372.0,2023-10-01,86.0,14767.0,1.30930458520869,103.879851001095,68 GUILLEMARD ROAD NICOLE GREEN SINGAPORE 399710,4.332405732571704,23.0,5,4,1,10,9,1,1.0,1.0,0,1
THE TRUMPS,2180000.0,1270.15,1716.0,2023-10-01,118.0,18475.0,1.32002610262337,103.91348728953,1 JALAN KEMBANGAN THE TRUMPS SINGAPORE 419154,8.069943599460245,23.0,1,0,0,2,12,18,3.0,1.0,1,2
THE WATER EDGE,700000.0,441.32,1586.0,2023-10-01,41.0,17073.0,1.31372105189031,103.888759579471,8 LORONG 38 GEYLANG THE WATER EDGE SINGAPORE 398106,5.4035924754809175,23.0,4,4,3,6,11,4,1.0,1.0,0,1
VACANZA @ EAST,1250000.0,1001.05,1249.0,2023-10-01,93.0,13441.0,1.32901984483655,103.914196223923,36 LENGKONG TUJOH VACANZA @ EAST SINGAPORE 417391,8.680985857703446,23.0,3,1,0,2,8,12,1.0,1.0,1,2
TRE RESIDENCES,1200000.0,742.72,1616.0,2023-10-01,69.0,17391.0,1.3172278261209,103.885015905304,9 GEYLANG EAST AVENUE 1 TRE RESIDENCES SINGAPORE 389783,5.353082321074245,23.0,3,3,2,8,9,3,1.0,1.0,1,1
CHEN FANG MANSIONS,1100000.0,936.47,1175.0,2023-10-01,87.0,12644.0,1.31538221755903,103.887936481421,26 LORONG 33 GEYLANG CHEN FANG MANSIONS SINGAPORE 387986,5.451511173883931,23.0,4,6,3,7,11,4,2.0,1.0,0,1
MATTAR RESIDENCES,1321000.0,613.55,2153.0,2023-10-01,57.0,23175.0,1.32562146026034,103.881811611954,7 MATTAR ROAD MATTAR RESIDENCES SINGAPORE 387716,5.828331618543042,23.0,3,5,0,8,11,5,1.0,0.0,0,1
PENROSE,1800000.0,958.0,1879.0,2023-10-01,89.0,20225.0,1.31948983025856,103.879994891095,22 SIMS DRIVE PENROSE SINGAPORE 387396,5.166503889250989,23.0,3,4,0,8,9,1,3.0,,0,1
PARC ESTA,1380000.0,635.08,2173.0,2023-10-01,59.0,23390.0,1.31786521916555,103.903967184717,904 SIMS AVENUE PARC ESTA SINGAPORE 408968,7.043509290403673,23.0,1,4,0,1,13,16,3.0,,0,1
THE NAVIAN,1538000.0,904.18,1701.0,2023-10-01,84.0,18310.0,1.32780887766582,103.906399584482,178 JALAN EUNOS THE NAVIAN SINGAPORE 419530,7.909635869494765,23.0,3,1,0,2,6,14,1.0,1.0,0,2
MATTAR RESIDENCES,1477000.0,656.6,2249.0,2023-10-01,61.0,24213.0,1.32562146026034,103.881811611954,7 MATTAR ROAD MATTAR RESIDENCES SINGAPORE 387716,5.828331618543042,23.0,3,5,0,8,11,5,1.0,0.0,0,1
THE SUNNY SPRING,1765000.0,1194.8,1477.0,2023-10-01,111.0,15901.0,1.31219203070087,103.889464697147,50 LORONG 40 GEYLANG THE SUNNY SPRING SINGAPORE 398074,5.3613842782215055,23.0,4,4,3,6,11,5,1.0,1.0,0,1
EUHABITAT,750000.0,516.67,1452.0,2023-10-01,48.0,15625.0,1.32795415126263,103.9070014142,196 JALAN EUNOS EUHABITAT SINGAPORE 419542,7.971961203569236,23.0,2,2,0,2,6,15,1.0,1.0,1,2
THE TRUMPS,1060000.0,678.13,1563.0,2023-10-01,63.0,16825.0,1.32002610262337,103.91348728953,1 JALAN KEMBANGAN THE TRUMPS SINGAPORE 419154,8.069943599460245,23.0,1,0,0,2,12,18,1.0,1.0,1,2
EUHABITAT,750000.0,527.44,1422.0,2023-10-01,49.0,15306.0,1.32795415126263,103.9070014142,196 JALAN EUNOS EUHABITAT SINGAPORE 419542,7.971961203569236,23.0,2,2,0,2,6,15,1.0,1.0,1,2
WING FONG BUILDING,1880000.0,2045.16,919.0,2023-10-01,190.0,9895.0,1.30888641448774,103.877268825832,5 GUILLEMARD ROAD WING FONG BUILDING SINGAPORE 399685,4.091459978678365,23.0,3,4,2,10,7,2,1.0,1.0,0,1
PARC ESTA,1588000.0,742.72,2138.0,2023-10-01,69.0,23014.0,1.31786521916555,103.903967184717,904 SIMS AVENUE PARC ESTA SINGAPORE 408968,7.043509290403673,23.0,1,4,0,1,13,16,1.0,,0,1
EUHABITAT,766150.0,527.44,1453.0,2023-10-01,49.0,15636.0,1.32795415126263,103.9070014142,196 JALAN EUNOS EUHABITAT SINGAPORE 419542,7.971961203569236,23.0,2,2,0,2,6,15,1.0,1.0,1,2
PARK PLACE RESIDENCES AT PLQ,1528000.0,678.13,2253.0,2023-10-01,63.0,24254.0,1.31583675363618,103.892746648427,2 PAYA LEBAR ROAD PARK PLACE RESIDENCES AT PLQ SINGAPORE 409053,5.896537427358871,23.0,3,3,3,4,12,6,2.0,1.0,0,1
ARENA RESIDENCES,1333888.0,602.78,2213.0,2023-10-01,56.0,23819.0,1.30967685823486,103.880642764235,20 GUILLEMARD CRESCENT ARENA RESIDENCES SINGAPORE 399915,4.425439723338632,23.0,4,4,1,9,9,1,3.0,,0,1
PAVILION SQUARE,660000.0,462.85,1426.0,2023-10-01,43.0,15349.0,1.31297800060859,103.879770800217,345 GEYLANG ROAD PAVILION SQUARE SINGAPORE 389366,4.608727400946871,23.0,3,4,0,10,10,1,1.0,1.0,0,1
STUDIO8,790000.0,462.85,1707.0,2023-10-01,43.0,18372.0,1.31110937477676,103.873025954425,8 JALAN AYER STUDIO8 SINGAPORE 389144,3.958495376383,23.0,2,2,2,10,6,1,1.0,1.0,0,1
VACANZA @ EAST,1970000.0,1399.32,1408.0,2023-10-01,130.0,15154.0,1.32901984483655,103.914196223923,36 LENGKONG TUJOH VACANZA @ EAST SINGAPORE 417391,8.680985857703446,23.0,3,1,0,2,8,12,1.0,1.0,1,2
PARC ESTA,2780000.0,1227.1,2266.0,2023-10-01,114.0,24386.0,1.31786521916555,103.903967184717,904 SIMS AVENUE PARC ESTA SINGAPORE 408968,7.043509290403673,23.0,1,4,0,1,13,16,3.0,,0,1
PARK PLACE RESIDENCES AT PLQ,1150000.0,581.26,1978.0,2023-10-01,54.0,21296.0,1.31583675363618,103.892746648427,2 PAYA LEBAR ROAD PARK PLACE RESIDENCES AT PLQ SINGAPORE 409053,5.896537427358871,23.0,3,3,3,4,12,6,1.0,1.0,0,1
TRE RESIDENCES,1200000.0,764.24,1570.0,2023-10-01,71.0,16901.0,1.3172278261209,103.885015905304,9 GEYLANG EAST AVENUE 1 TRE RESIDENCES SINGAPORE 389783,5.353082321074245,23.0,3,3,2,8,9,3,1.0,1.0,1,1
CASCATA,1350000.0,1001.05,1349.0,2023-10-01,93.0,14516.0,1.32840203522441,103.90860634862,7 TEO KIM ENG ROAD CASCATA SINGAPORE 416378,8.142805193532485,23.0,2,1,0,2,7,15,1.0,1.0,0,2
THE NAVIAN,1120000.0,645.84,1734.0,2023-10-01,60.0,18667.0,1.32780887766582,103.906399584482,178 JALAN EUNOS THE NAVIAN SINGAPORE 419530,7.909635869494765,23.0,3,1,0,2,6,14,1.0,1.0,0,2
28 IMPERIAL RESIDENCES,720000.0,441.32,1631.0,2023-10-01,41.0,17561.0,1.311780119269,103.884605770106,28 LORONG 26 GEYLANG 28 IMPERIAL RESIDENCES SINGAPORE 398495,4.910721054286701,23.0,3,3,0,7,10,5,1.0,1.0,0,1
GUILLEMARD SUITES,850000.0,527.44,1612.0,2023-10-01,49.0,17347.0,1.31094521852726,103.882721097721,213 GUILLEMARD ROAD GUILLEMARD SUITES SINGAPORE 399733,4.691609257032653,23.0,3,4,0,8,9,3,1.0,1.0,0,1
D'OASIA,890000.0,538.2,1654.0,2023-10-01,50.0,17800.0,1.31966969295307,103.910261197479,11 LORONG MELAYU D'OASIA SINGAPORE 416905,7.741970201225104,23.0,2,1,0,2,13,14,1.0,1.0,0,2
28 IMPERIAL RESIDENCES,957000.0,592.02,1616.0,2023-10-01,55.0,17400.0,1.311780119269,103.884605770106,28 LORONG 26 GEYLANG 28 IMPERIAL RESIDENCES SINGAPORE 398495,4.910721054286701,23.0,3,3,0,7,10,5,1.0,1.0,0,1
STUDIO8,800000.0,538.2,1486.0,2023-10-01,50.0,16000.0,1.31110937477676,103.873025954425,8 JALAN AYER STUDIO8 SINGAPORE 389144,3.958495376383,23.0,2,2,2,10,6,1,1.0,1.0,0,1
PARC ESTA,1325000.0,635.08,2086.0,2023-10-01,59.0,22458.0,1.31786521916555,103.903967184717,904 SIMS AVENUE PARC ESTA SINGAPORE 408968,7.043509290403673,23.0,1,4,0,1,13,16,1.0,,0,1
SIMS URBAN OASIS,1168000.0,667.37,1750.0,2023-10-01,62.0,18839.0,1.31926710475553,103.880615863782,6 SIMS DRIVE SIMS URBAN OASIS SINGAPORE 387388,5.190897370243519,23.0,3,4,0,8,9,1,4.0,1.0,1,1
BLISS RESIDENCES,930000.0,656.6,1416.0,2023-10-01,61.0,15246.0,1.32012879856897,103.91212772924,17 JALAN MASJID BLISS RESIDENCES SINGAPORE 418942,7.945787384352488,23.0,1,1,0,2,12,17,1.0,1.0,0,2
MORI,2422337.0,1259.39,1923.0,2023-10-01,117.0,20704.0,1.31131219787605,103.882972095616,223 GUILLEMARD ROAD MORI SINGAPORE 399738,4.739370253523735,23.0,3,3,0,8,9,2,1.0,0.0,0,1
EUHABITAT,790000.0,559.73,1411.0,2023-09-01,52.0,15192.0,1.32795415126263,103.9070014142,196 JALAN EUNOS EUHABITAT SINGAPORE 419542,7.971961203569236,24.0,2,2,0,2,6,15,1.0,1.0,1,2
MORI,1873000.0,990.29,1891.0,2023-09-01,92.0,20359.0,1.31131219787605,103.882972095616,223 GUILLEMARD ROAD MORI SINGAPORE 399738,4.739370253523735,24.0,3,3,0,8,9,2,1.0,0.0,0,1
PARK PLACE RESIDENCES AT PLQ,1183000.0,484.38,2442.0,2023-09-01,45.0,26289.0,1.31583675363618,103.892746648427,2 PAYA LEBAR ROAD PARK PLACE RESIDENCES AT PLQ SINGAPORE 409053,5.896537427358871,24.0,3,3,3,4,12,6,4.0,1.0,0,1
WATERBANK AT DAKOTA,2145000.0,1140.98,1880.0,2023-09-01,106.0,20236.0,1.30647833742136,103.888537197136,76 DAKOTA CRESCENT WATERBANK AT DAKOTA SINGAPORE 399944,4.918518965685704,24.0,3,3,0,5,10,6,1.0,1.0,1,1
THE HELICONIA,1500000.0,1334.74,1124.0,2023-09-01,124.0,12097.0,1.32635294484067,103.908900244938,30 JALAN DAUD THE HELICONIA SINGAPORE 419572,8.031320801555648,24.0,3,2,0,2,7,16,1.0,1.0,1,2
WATERBANK AT DAKOTA,2500000.0,1184.04,2111.0,2023-09-01,110.0,22727.0,1.30647833742136,103.888537197136,76 DAKOTA CRESCENT WATERBANK AT DAKOTA SINGAPORE 399944,4.918518965685704,24.0,3,3,0,5,10,6,4.0,1.0,1,1
SIMS URBAN OASIS,1610000.0,958.0,1681.0,2023-09-01,89.0,18090.0,1.31926710475553,103.880615863782,6 SIMS DRIVE SIMS URBAN OASIS SINGAPORE 387388,5.190897370243519,24.0,3,4,0,8,9,1,1.0,1.0,1,1
THE ARIZON,1388888.0,1765.3,787.0,2023-09-01,164.0,8469.0,1.31371862266175,103.886588867863,538 GEYLANG ROAD THE ARIZON SINGAPORE 389493,5.217753821108507,24.0,5,4,2,7,11,5,1.0,1.0,0,1
PARC ESTA,1045000.0,527.44,1981.0,2023-09-01,49.0,21327.0,1.31786521916555,103.903967184717,904 SIMS AVENUE PARC ESTA SINGAPORE 408968,7.043509290403673,24.0,1,4,0,1,13,16,1.0,,0,1
SIMS EDGE,920000.0,581.26,1583.0,2023-09-01,54.0,17037.0,1.31640485669867,103.887906763671,1 GEYLANG EAST AVENUE 2 SIMS EDGE SINGAPORE 389760,5.523980705206435,24.0,4,5,3,7,12,4,3.0,1.0,0,1
ESTA RUBY,1700000.0,1130.22,1504.0,2023-09-01,105.0,16190.0,1.31390006507675,103.893617178884,500 GUILLEMARD ROAD ESTA RUBY SINGAPORE 399839,5.845471443212252,24.0,3,2,3,3,13,8,1.0,1.0,0,1
THE SUNNY SPRING,2030000.0,1410.08,1440.0,2023-09-01,131.0,15496.0,1.31219203070087,103.889464697147,50 LORONG 40 GEYLANG THE SUNNY SPRING SINGAPORE 398074,5.3613842782215055,24.0,4,4,3,6,11,5,1.0,1.0,0,1
REZI 35,760000.0,452.09,1681.0,2023-09-01,42.0,18095.0,1.31572120937619,103.888837131268,20 LORONG 35 GEYLANG REZI 35 SINGAPORE 387949,5.551839737035237,24.0,4,4,3,6,13,4,1.0,1.0,0,1
THE TRUMPS,1500000.0,1119.46,1340.0,2023-09-01,104.0,14423.0,1.32002610262337,103.91348728953,1 JALAN KEMBANGAN THE TRUMPS SINGAPORE 419154,8.069943599460245,24.0,1,0,0,2,12,18,1.0,1.0,1,2
SIMS DORADO,1230000.0,968.76,1270.0,2023-09-01,90.0,13667.0,1.31578022165817,103.890338973057,11 LORONG 39 GEYLANG SIMS DORADO SINGAPORE 387869,5.68381613917474,24.0,4,4,3,6,13,4,1.0,1.0,0,1
ZYANYA,1918400.0,1022.58,1876.0,2023-09-01,95.0,20194.0,1.31392103072017,103.883276357397,8 LORONG 25A GEYLANG ZYANYA SINGAPORE 388222,4.959147064738651,24.0,3,4,0,8,9,3,1.0,0.0,0,1
PARC ESTA,1600000.0,742.72,2154.0,2023-09-01,69.0,23188.0,1.31786521916555,103.903967184717,904 SIMS AVENUE PARC ESTA SINGAPORE 408968,7.043509290403673,24.0,1,4,0,1,13,16,2.0,,0,1
NESS,695000.0,462.85,1502.0,2023-09-01,43.0,16163.0,1.31269794714045,103.886776844129,38 LORONG 32 GEYLANG NESS SINGAPORE 398298,5.1611183017097115,24.0,5,4,2,7,11,5,1.0,1.0,0,1
THE ALCOVE,1530000.0,1356.26,1128.0,2023-09-01,126.0,12143.0,1.31400655260741,103.884015328938,10 LORONG 27 GEYLANG THE ALCOVE SINGAPORE 388199,5.025483913717779,24.0,4,4,0,8,9,4,2.0,1.0,0,1
SIMS URBAN OASIS,1210000.0,699.66,1729.0,2023-09-01,65.0,18615.0,1.31926710475553,103.880615863782,6 SIMS DRIVE SIMS URBAN OASIS SINGAPORE 387388,5.190897370243519,24.0,3,4,0,8,9,1,1.0,1.0,1,1
WATERBANK AT DAKOTA,1148000.0,624.31,1839.0,2023-09-01,58.0,19793.0,1.30647833742136,103.888537197136,76 DAKOTA CRESCENT WATERBANK AT DAKOTA SINGAPORE 399944,4.918518965685704,24.0,3,3,0,5,10,6,1.0,1.0,1,1
SIMS URBAN OASIS,1230000.0,699.66,1758.0,2023-09-01,65.0,18923.0,1.31926710475553,103.880615863782,6 SIMS DRIVE SIMS URBAN OASIS SINGAPORE 387388,5.190897370243519,24.0,3,4,0,8,9,1,1.0,1.0,1,1
SUITES@CHANGI,685000.0,409.03,1675.0,2023-09-01,38.0,18026.0,1.317041377544,103.904748281539,226 CHANGI ROAD SUITES@CHANGI SINGAPORE 419740,7.06748560964527,24.0,1,3,0,1,14,16,1.0,1.0,0,1
PARC ESTA,1352800.0,635.08,2130.0,2023-09-01,59.0,22929.0,1.31786521916555,103.903967184717,904 SIMS AVENUE PARC ESTA SINGAPORE 408968,7.043509290403673,24.0,1,4,0,1,13,16,2.0,,0,1
ROYCE RESIDENCES,680000.0,462.85,1469.0,2023-09-01,43.0,15814.0,1.31128760423171,103.876285896427,8 LORONG 6 GEYLANG ROYCE RESIDENCES SINGAPORE 399242,4.207479298686135,24.0,4,3,1,10,8,2,1.0,1.0,0,1
SIMS URBAN OASIS,1970000.0,1033.34,1906.0,2023-09-01,96.0,20521.0,1.31926710475553,103.880615863782,6 SIMS DRIVE SIMS URBAN OASIS SINGAPORE 387388,5.190897370243519,24.0,3,4,0,8,9,1,1.0,1.0,1,1
THE ANTARES,885000.0,452.09,1958.0,2023-09-01,42.0,21071.0,1.32541778538724,103.883403765337,23 MATTAR ROAD THE ANTARES SINGAPORE 387730,5.916441166611573,24.0,4,4,0,8,9,4,1.0,,0,1
ARENA RESIDENCES,1640000.0,807.3,2031.0,2023-09-01,75.0,21867.0,1.30967685823486,103.880642764235,20 GUILLEMARD CRESCENT ARENA RESIDENCES SINGAPORE 399915,4.425439723338632,24.0,4,4,1,9,9,1,2.0,,0,1
THE WATERINA,2580000.0,1356.26,1902.0,2023-09-01,126.0,20476.0,1.3132821071538,103.89085032363,59 LORONG 40 GEYLANG THE WATERINA SINGAPORE 398082,5.55708137380416,24.0,4,4,3,5,12,5,1.0,1.0,0,1
EUHABITAT,828000.0,624.31,1326.0,2023-09-01,58.0,14276.0,1.32795415126263,103.9070014142,196 JALAN EUNOS EUHABITAT SINGAPORE 419542,7.971961203569236,24.0,2,2,0,2,6,15,1.0,1.0,1,2
WATERBANK AT DAKOTA,2910000.0,1571.54,1852.0,2023-09-01,146.0,19932.0,1.30647833742136,103.888537197136,76 DAKOTA CRESCENT WATERBANK AT DAKOTA SINGAPORE 399944,4.918518965685704,24.0,3,3,0,5,10,6,1.0,1.0,1,1
CENTRA RESIDENCE,1245000.0,1323.97,940.0,2023-09-01,123.0,10122.0,1.312846209179,103.875936321332,8 LORONG 7 GEYLANG CENTRA RESIDENCE SINGAPORE 388792,4.311991373002679,24.0,2,2,0,10,8,1,2.0,1.0,0,1
THE WATERINA,1105000.0,667.37,1656.0,2023-09-01,62.0,17823.0,1.3132821071538,103.89085032363,59 LORONG 40 GEYLANG THE WATERINA SINGAPORE 398082,5.55708137380416,24.0,4,4,3,5,12,5,2.0,1.0,0,1
SIMSVILLE,1820000.0,1528.49,1191.0,2023-09-01,142.0,12817.0,1.31703114737635,103.890499582849,2 GEYLANG EAST AVENUE 2 SIMSVILLE SINGAPORE 389754,5.786575389274496,24.0,4,4,3,6,12,4,1.0,1.0,1,1
D'WEAVE,940000.0,581.26,1617.0,2023-09-01,54.0,17407.0,1.31554107907724,103.890458266408,5 LORONG 39 GEYLANG D'WEAVE SINGAPORE 387866,5.67725259584862,24.0,4,4,3,5,13,4,2.0,1.0,0,1
ASTON MANSIONS,1350000.0,1162.51,1161.0,2023-09-01,108.0,12500.0,1.31393251470132,103.890612644048,7 LORONG 42 GEYLANG ASTON MANSIONS SINGAPORE 398028,5.57978728565853,24.0,4,4,3,5,12,6,1.0,1.0,0,1
ASTORIA PARK,1484000.0,1194.8,1242.0,2023-09-01,111.0,13369.0,1.32177770499303,103.91225216665,34 LORONG MYDIN ASTORIA PARK SINGAPORE 416827,8.053226885077692,24.0,1,1,0,2,12,17,3.0,1.0,1,2
COSMO,720000.0,398.27,1808.0,2023-09-01,37.0,19459.0,1.30957643997194,103.881039620932,18 GUILLEMARD CRESCENT COSMO SINGAPORE 399914,4.451122722705213,24.0,4,4,1,9,9,1,2.0,1.0,0,1
VICENTA LODGE,1500500.0,1270.15,1181.0,2023-09-01,118.0,12716.0,1.32059857195485,103.909742944202,22 LORONG MARZUKI VICENTA LODGE SINGAPORE 417067,7.747522741045532,24.0,2,1,0,2,12,15,1.0,1.0,0,2
28 IMPERIAL RESIDENCES,850000.0,742.72,1144.0,2023-09-01,69.0,12319.0,1.311780119269,103.884605770106,28 LORONG 26 GEYLANG 28 IMPERIAL RESIDENCES SINGAPORE 398495,4.910721054286701,24.0,3,3,0,7,10,5,2.0,1.0,0,1
REZI 24,1980000.0,1334.74,1483.0,2023-09-01,124.0,15968.0,1.31156422500946,103.883576001591,39 LORONG 24 GEYLANG REZI 24 SINGAPORE 398636,4.808294965951603,24.0,3,3,0,8,10,4,2.0,,0,1
THE ANTARES,898000.0,452.09,1986.0,2023-09-01,42.0,21381.0,1.32541778538724,103.883403765337,23 MATTAR ROAD THE ANTARES SINGAPORE 387730,5.916441166611573,24.0,4,4,0,8,9,4,1.0,,0,1
PARC ESTA,1620000.0,742.72,2181.0,2023-09-01,69.0,23478.0,1.31786521916555,103.903967184717,904 SIMS AVENUE PARC ESTA SINGAPORE 408968,7.043509290403673,24.0,1,4,0,1,13,16,3.0,,0,1
CENTRA RESIDENCE,650000.0,419.8,1548.0,2023-09-01,39.0,16667.0,1.312846209179,103.875936321332,8 LORONG 7 GEYLANG CENTRA RESIDENCE SINGAPORE 388792,4.311991373002679,24.0,2,2,0,10,8,1,1.0,1.0,0,1
SIMS GREEN,1340000.0,1248.62,1073.0,2023-09-01,116.0,11552.0,1.31441038654771,103.884629689864,7 LORONG 27A GEYLANG SIMS GREEN SINGAPORE 388133,5.105957066325405,24.0,4,4,1,8,9,5,2.0,1.0,0,1
LE REGAL,750000.0,688.9,1089.0,2023-09-01,64.0,11719.0,1.31250268727998,103.880368117228,340 GEYLANG ROAD LE REGAL SINGAPORE 389365,4.61788023094977,24.0,2,3,0,9,10,1,1.0,1.0,0,1
PARC ESTA,1950000.0,904.18,2157.0,2023-09-01,84.0,23214.0,1.31786521916555,103.903967184717,904 SIMS AVENUE PARC ESTA SINGAPORE 408968,7.043509290403673,24.0,1,4,0,1,13,16,3.0,,0,1
SIMS URBAN OASIS,805000.0,441.32,1824.0,2023-09-01,41.0,19634.0,1.31926710475553,103.880615863782,6 SIMS DRIVE SIMS URBAN OASIS SINGAPORE 387388,5.190897370243519,24.0,3,4,0,8,9,1,2.0,1.0,1,1
GUILLEMARD SUITES,888000.0,570.49,1557.0,2023-09-01,53.0,16755.0,1.31094521852726,103.882721097721,213 GUILLEMARD ROAD GUILLEMARD SUITES SINGAPORE 399733,4.691609257032653,24.0,3,4,0,8,9,3,1.0,1.0,0,1
EDENZ LOFT,660000.0,419.8,1572.0,2023-09-01,39.0,16923.0,1.3123178474915,103.883532317959,11 LORONG 24 GEYLANG EDENZ LOFT SINGAPORE 398623,4.859816611041546,24.0,3,3,0,8,9,2,1.0,1.0,0,1
THE HELICONIA,1680000.0,1302.44,1290.0,2023-09-01,121.0,13884.0,1.32635294484067,103.908900244938,30 JALAN DAUD THE HELICONIA SINGAPORE 419572,8.031320801555648,24.0,3,2,0,2,7,16,1.0,1.0,1,2
ZYANYA,1938000.0,1022.58,1895.0,2023-08-01,95.0,20400.0,1.31392103072017,103.883276357397,8 LORONG 25A GEYLANG ZYANYA SINGAPORE 388222,4.959147064738651,25.0,3,4,0,8,9,3,2.0,0.0,0,1
SUITES @ EUNOS,1400000.0,1108.69,1263.0,2023-08-01,103.0,13592.0,1.3205334041426,103.905772422058,1 JALAN YASIN SUITES @ EUNOS SINGAPORE 417958,7.374403827770043,25.0,2,2,0,1,10,12,1.0,1.0,0,2
PARC ESTA,1368000.0,635.08,2154.0,2023-08-01,59.0,23186.0,1.31786521916555,103.903967184717,904 SIMS AVENUE PARC ESTA SINGAPORE 408968,7.043509290403673,25.0,1,4,0,1,13,16,2.0,,0,1
SIMS DORADO,1200000.0,861.12,1394.0,2023-08-01,80.0,15000.0,1.31578022165817,103.890338973057,11 LORONG 39 GEYLANG SIMS DORADO SINGAPORE 387869,5.68381613917474,25.0,4,4,3,6,13,4,1.0,1.0,0,1
ROYCE RESIDENCES,605000.0,419.8,1441.0,2023-08-01,39.0,15513.0,1.31128760423171,103.876285896427,8 LORONG 6 GEYLANG ROYCE RESIDENCES SINGAPORE 399242,4.207479298686135,25.0,4,3,1,10,8,2,2.0,1.0,0,1
WATERBANK AT DAKOTA,2160000.0,1130.22,1911.0,2023-08-01,105.0,20571.0,1.30647833742136,103.888537197136,76 DAKOTA CRESCENT WATERBANK AT DAKOTA SINGAPORE 399944,4.918518965685704,25.0,3,3,0,5,10,6,1.0,1.0,1,1
WATERBANK AT DAKOTA,2328000.0,1280.92,1817.0,2023-08-01,119.0,19563.0,1.30647833742136,103.888537197136,76 DAKOTA CRESCENT WATERBANK AT DAKOTA SINGAPORE 399944,4.918518965685704,25.0,3,3,0,5,10,6,1.0,1.0,1,1
VACANZA @ EAST,818000.0,667.37,1226.0,2023-08-01,62.0,13194.0,1.32901984483655,103.914196223923,36 LENGKONG TUJOH VACANZA @ EAST SINGAPORE 417391,8.680985857703446,25.0,3,1,0,2,8,12,1.0,1.0,1,2
PARC ESTA,1545000.0,742.72,2080.0,2023-08-01,69.0,22391.0,1.31786521916555,103.903967184717,904 SIMS AVENUE PARC ESTA SINGAPORE 408968,7.043509290403673,25.0,1,4,0,1,13,16,1.0,,0,1
PARC ESTA,1548000.0,742.72,2084.0,2023-08-01,69.0,22435.0,1.31786521916555,103.903967184717,904 SIMS AVENUE PARC ESTA SINGAPORE 408968,7.043509290403673,25.0,1,4,0,1,13,16,1.0,,0,1
THE DIAMOND,1300000.0,1259.39,1032.0,2023-08-01,117.0,11111.0,1.31298480453538,103.876190036205,17 LORONG 9 GEYLANG THE DIAMOND SINGAPORE 388761,4.341909316259402,25.0,2,2,0,10,8,0,2.0,1.0,0,1
SIMS URBAN OASIS,700000.0,462.85,1512.0,2023-08-01,43.0,16279.0,1.31926710475553,103.880615863782,6 SIMS DRIVE SIMS URBAN OASIS SINGAPORE 387388,5.190897370243519,25.0,3,4,0,8,9,1,1.0,1.0,1,1
THE LATTIZ,1550000.0,1119.46,1385.0,2023-08-01,104.0,14904.0,1.32423180591114,103.906234493187,3D LORONG SALLEH THE LATTIZ SINGAPORE 416751,7.653305530124327,25.0,2,1,0,1,6,13,1.0,1.0,0,2
THE TRUMPS,2050000.0,1420.85,1443.0,2023-08-01,132.0,15530.0,1.32002610262337,103.91348728953,1 JALAN KEMBANGAN THE TRUMPS SINGAPORE 419154,8.069943599460245,25.0,1,0,0,2,12,18,2.0,1.0,1,2
TORIEVIEW MANSIONS,1098000.0,904.18,1214.0,2023-08-01,84.0,13071.0,1.31458206613494,103.886280315206,10 LORONG 29 GEYLANG TORIEVIEW MANSIONS SINGAPORE 388066,5.254696051517615,25.0,4,4,2,7,11,4,1.0,1.0,0,1
THE LATTIZ,1840000.0,1280.92,1436.0,2023-08-01,119.0,15462.0,1.32423180591114,103.906234493187,3D LORONG SALLEH THE LATTIZ SINGAPORE 416751,7.653305530124327,25.0,2,1,0,1,6,13,1.0,1.0,0,2
ASTORIA PARK,1310000.0,958.0,1367.0,2023-08-01,89.0,14719.0,1.32177770499303,103.91225216665,34 LORONG MYDIN ASTORIA PARK SINGAPORE 416827,8.053226885077692,25.0,1,1,0,2,12,17,3.0,1.0,1,2
SIMS GREEN,1260000.0,1216.33,1036.0,2023-08-01,113.0,11150.0,1.31441038654771,103.884629689864,7 LORONG 27A GEYLANG SIMS GREEN SINGAPORE 388133,5.105957066325405,25.0,4,4,1,8,9,5,1.0,1.0,0,1
SIMS URBAN OASIS,820000.0,441.32,1858.0,2023-08-01,41.0,20000.0,1.31926710475553,103.880615863782,6 SIMS DRIVE SIMS URBAN OASIS SINGAPORE 387388,5.190897370243519,25.0,3,4,0,8,9,1,1.0,1.0,1,1
NESS,680000.0,430.56,1579.0,2023-08-01,40.0,17000.0,1.31269794714045,103.886776844129,38 LORONG 32 GEYLANG NESS SINGAPORE 398298,5.1611183017097115,25.0,5,4,2,7,11,5,1.0,1.0,0,1
REGAL 35,1500000.0,1194.8,1255.0,2023-08-01,111.0,13514.0,1.31567200360524,103.888350601456,15 LORONG 35 GEYLANG REGAL 35 SINGAPORE 387945,5.50731333517945,25.0,4,4,3,7,12,4,1.0,1.0,0,1
SIXTEEN35 RESIDENCES,1138000.0,753.48,1510.0,2023-08-01,70.0,16257.0,1.31547407018063,103.888827552085,16 LORONG 35 GEYLANG SIXTEEN35 RESIDENCES SINGAPORE 387946,5.533258263987247,25.0,4,4,3,6,12,4,1.0,1.0,0,1
SIMS URBAN OASIS,1790000.0,1001.05,1788.0,2023-08-01,93.0,19247.0,1.31926710475553,103.880615863782,6 SIMS DRIVE SIMS URBAN OASIS SINGAPORE 387388,5.190897370243519,25.0,3,4,0,8,9,1,4.0,1.0,1,1
EUHABITAT,735000.0,516.67,1423.0,2023-08-01,48.0,15313.0,1.32795415126263,103.9070014142,196 JALAN EUNOS EUHABITAT SINGAPORE 419542,7.971961203569236,25.0,2,2,0,2,6,15,1.0,1.0,1,2
SIMS URBAN OASIS,1818000.0,958.0,1898.0,2023-08-01,89.0,20427.0,1.31926710475553,103.880615863782,6 SIMS DRIVE SIMS URBAN OASIS SINGAPORE 387388,5.190897370243519,25.0,3,4,0,8,9,1,2.0,1.0,1,1
EUHABITAT,1650000.0,1130.22,1460.0,2023-08-01,105.0,15714.0,1.32795415126263,103.9070014142,196 JALAN EUNOS EUHABITAT SINGAPORE 419542,7.971961203569236,25.0,2,2,0,2,6,15,1.0,1.0,1,2
VIENTO,740000.0,527.44,1403.0,2023-08-01,49.0,15102.0,1.31221104514144,103.886520466932,29 LORONG 30 GEYLANG VIENTO SINGAPORE 398362,5.104904162018615,25.0,5,4,2,7,11,5,1.0,1.0,0,1
PARC ESTA,1400000.0,635.08,2204.0,2023-08-01,59.0,23729.0,1.31786521916555,103.903967184717,904 SIMS AVENUE PARC ESTA SINGAPORE 408968,7.043509290403673,25.0,1,4,0,1,13,16,4.0,,0,1
EDENZ LOFT,668000.0,441.32,1514.0,2023-08-01,41.0,16293.0,1.3123178474915,103.883532317959,11 LORONG 24 GEYLANG EDENZ LOFT SINGAPORE 398623,4.859816611041546,25.0,3,3,0,8,9,2,2.0,1.0,0,1
SMART SUITES,1070000.0,936.47,1143.0,2023-08-01,87.0,12299.0,1.31514448371947,103.884050282732,302 SIMS AVENUE SMART SUITES SINGAPORE 387516,5.114950686082434,25.0,3,5,0,8,9,3,1.0,1.0,0,1
ESCADA VIEW,915000.0,839.59,1090.0,2023-08-01,78.0,11731.0,1.32899344664489,103.91347731741,53 LENGKONG EMPAT ESCADA VIEW SINGAPORE 417657,8.614569394694955,25.0,3,1,0,2,7,13,1.0,1.0,1,2
PARC ESTA,2200000.0,1022.58,2151.0,2023-08-01,95.0,23158.0,1.31786521916555,103.903967184717,904 SIMS AVENUE PARC ESTA SINGAPORE 408968,7.043509290403673,25.0,1,4,0,1,13,16,3.0,,0,1
THE TRUMPS,2150000.0,1356.26,1585.0,2023-08-01,126.0,17063.0,1.32002610262337,103.91348728953,1 JALAN KEMBANGAN THE TRUMPS SINGAPORE 419154,8.069943599460245,25.0,1,0,0,2,12,18,2.0,1.0,1,2
SUITES 28,865000.0,893.41,968.0,2023-08-01,83.0,10422.0,1.31268459175571,103.885941111431,28 LORONG 30 GEYLANG SUITES 28 SINGAPORE 398361,5.088755596385559,25.0,5,4,1,7,11,4,2.0,1.0,0,1
ASTORIA PARK,1090000.0,850.36,1282.0,2023-08-01,79.0,13797.0,1.32177770499303,103.91225216665,34 LORONG MYDIN ASTORIA PARK SINGAPORE 416827,8.053226885077692,25.0,1,1,0,2,12,17,1.0,1.0,1,2
TORIEVIEW MANSIONS,2650000.0,2271.2,1167.0,2023-08-01,211.0,12559.0,1.31458206613494,103.886280315206,10 LORONG 29 GEYLANG TORIEVIEW MANSIONS SINGAPORE 388066,5.254696051517615,25.0,4,4,2,7,11,4,1.0,1.0,0,1
THE NAVIAN,1175000.0,656.6,1790.0,2023-08-01,61.0,19262.0,1.32780887766582,103.906399584482,178 JALAN EUNOS THE NAVIAN SINGAPORE 419530,7.909635869494765,25.0,3,1,0,2,6,14,1.0,1.0,0,2
EUHABITAT,790000.0,538.2,1468.0,2023-08-01,50.0,15800.0,1.32795415126263,103.9070014142,196 JALAN EUNOS EUHABITAT SINGAPORE 419542,7.971961203569236,25.0,2,2,0,2,6,15,1.0,1.0,1,2
SIMSVILLE,1630000.0,1237.86,1317.0,2023-08-01,115.0,14174.0,1.31703114737635,103.890499582849,2 GEYLANG EAST AVENUE 2 SIMSVILLE SINGAPORE 389754,5.786575389274496,25.0,4,4,3,6,12,4,2.0,1.0,1,1
SIMS URBAN OASIS,805000.0,441.32,1824.0,2023-08-01,41.0,19634.0,1.31926710475553,103.880615863782,6 SIMS DRIVE SIMS URBAN OASIS SINGAPORE 387388,5.190897370243519,25.0,3,4,0,8,9,1,3.0,1.0,1,1
ROYCE RESIDENCES,613000.0,398.27,1539.0,2023-08-01,37.0,16568.0,1.31128760423171,103.876285896427,8 LORONG 6 GEYLANG ROYCE RESIDENCES SINGAPORE 399242,4.207479298686135,25.0,4,3,1,10,8,2,1.0,1.0,0,1
TORIEVILLE,855000.0,958.0,892.0,2023-08-01,89.0,9607.0,1.30976631711074,103.876878105707,47 LORONG 6 GEYLANG TORIE VILLE SINGAPORE 399202,4.129666215374106,25.0,3,3,2,10,8,2,1.0,1.0,0,1
MILLAGE,730000.0,462.85,1577.0,2023-08-01,43.0,16977.0,1.38854656229022,103.987804503483,1 CHANGI VILLAGE ROAD SINGAPORE 500001,19.183455237444974,25.0,0,1,0,0,0,5,2.0,1.0,0,1
PARC ESTA,1980000.0,925.7,2139.0,2023-08-01,86.0,23023.0,1.31786521916555,103.903967184717,904 SIMS AVENUE PARC ESTA SINGAPORE 408968,7.043509290403673,25.0,1,4,0,1,13,16,2.0,,0,1
PARC ESTA,1880000.0,904.18,2079.0,2023-08-01,84.0,22381.0,1.31786521916555,103.903967184717,904 SIMS AVENUE PARC ESTA SINGAPORE 408968,7.043509290403673,25.0,1,4,0,1,13,16,1.0,,0,1
PARC ESTA,1435000.0,753.48,1904.0,2023-08-01,70.0,20500.0,1.31786521916555,103.903967184717,904 SIMS AVENUE PARC ESTA SINGAPORE 408968,7.043509290403673,25.0,1,4,0,1,13,16,4.0,,0,1
SIMS URBAN OASIS,800000.0,484.38,1652.0,2023-08-01,45.0,17778.0,1.31926710475553,103.880615863782,6 SIMS DRIVE SIMS URBAN OASIS SINGAPORE 387388,5.190897370243519,25.0,3,4,0,8,9,1,2.0,1.0,1,1
BLISS VILLE,1525000.0,1194.8,1276.0,2023-08-01,111.0,13739.0,1.32374715619118,103.909135122768,69H LORONG MELAYU BLISS VILLE SINGAPORE 417030,7.88417716920167,25.0,2,1,0,2,8,16,1.0,1.0,0,2
CENTRAL GROVE,1680000.0,1205.57,1394.0,2023-08-01,112.0,15000.0,1.31623494982413,103.884417981377,3 GEYLANG EAST AVENUE 1 CENTRAL GROVE SINGAPORE 389779,5.228491443172765,25.0,4,5,1,8,9,3,4.0,1.0,1,1
PAVILION SQUARE,608000.0,398.27,1527.0,2023-08-01,37.0,16432.0,1.31297800060859,103.879770800217,345 GEYLANG ROAD PAVILION SQUARE SINGAPORE 389366,4.608727400946871,25.0,3,4,0,10,10,1,2.0,1.0,0,1
PARK PLACE RESIDENCES AT PLQ,1075000.0,484.38,2219.0,2023-08-01,45.0,23889.0,1.31583675363618,103.892746648427,2 PAYA LEBAR ROAD PARK PLACE RESIDENCES AT PLQ SINGAPORE 409053,5.896537427358871,25.0,3,3,3,4,12,6,3.0,1.0,0,1
# 1 LOFT,770000.0,559.73,1376.0,2023-08-01,52.0,14808.0,1.31276346405244,103.883518875617,1 LORONG 24 GEYLANG # 1 LOFT SINGAPORE 398614,4.891716160848941,25.0,3,4,0,8,9,2,2.0,1.0,0,1
WING FONG MANSIONS,1188888.0,1237.86,960.0,2023-08-01,115.0,10338.0,1.31057552074486,103.879078933752,12 LORONG 14 GEYLANG WING FONG MANSIONS SINGAPORE 398924,4.366074173360566,25.0,4,4,1,10,9,1,2.0,1.0,0,1
LE REGAL,760000.0,688.9,1103.0,2023-08-01,64.0,11875.0,1.31250268727998,103.880368117228,340 GEYLANG ROAD LE REGAL SINGAPORE 389365,4.61788023094977,25.0,2,3,0,9,10,1,1.0,1.0,0,1
PARC ESTA,1395000.0,635.08,2197.0,2023-08-01,59.0,23644.0,1.31786521916555,103.903967184717,904 SIMS AVENUE PARC ESTA SINGAPORE 408968,7.043509290403673,25.0,1,4,0,1,13,16,4.0,,0,1
WING FONG MANSIONS,1230000.0,1270.15,968.0,2023-08-01,118.0,10424.0,1.31057552074486,103.879078933752,12 LORONG 14 GEYLANG WING FONG MANSIONS SINGAPORE 398924,4.366074173360566,25.0,4,4,1,10,9,1,1.0,1.0,0,1
REZI 26,750000.0,602.78,1244.0,2023-08-01,56.0,13393.0,1.31277485329606,103.885104634024,5 LORONG 26 GEYLANG REZI 26 SINGAPORE 398480,5.024511275001018,25.0,4,4,1,7,11,4,1.0,1.0,0,1
PARC ESTA,1625000.0,742.72,2188.0,2023-08-01,69.0,23551.0,1.31786521916555,103.903967184717,904 SIMS AVENUE PARC ESTA SINGAPORE 408968,7.043509290403673,25.0,1,4,0,1,13,16,4.0,,0,1
THE TRUMPS,1950000.0,1270.15,1535.0,2023-08-01,118.0,16525.0,1.32002610262337,103.91348728953,1 JALAN KEMBANGAN THE TRUMPS SINGAPORE 419154,8.069943599460245,25.0,1,0,0,2,12,18,1.0,1.0,1,2
PARC ESTA,2230000.0,1001.05,2228.0,2023-08-01,93.0,23978.0,1.31786521916555,103.903967184717,904 SIMS AVENUE PARC ESTA SINGAPORE 408968,7.043509290403673,25.0,1,4,0,1,13,16,4.0,,0,1
SUITES @ SIMS,638000.0,344.45,1852.0,2023-08-01,32.0,19938.0,1.3157472607643,103.887188203157,468 SIMS AVENUE SUITES @ SIMS SINGAPORE 387544,5.415897782797746,25.0,4,6,3,7,11,4,1.0,1.0,0,1
CANNE LODGE,1840000.0,1291.68,1425.0,2023-08-01,120.0,15333.0,1.31417485125009,103.873278239692,75 LORONG 3 GEYLANG CANNE LODGE SINGAPORE 388869,4.2461920431379285,25.0,2,3,0,11,10,1,3.0,1.0,0,1
NESS,790000.0,570.49,1385.0,2023-08-01,53.0,14906.0,1.31269794714045,103.886776844129,38 LORONG 32 GEYLANG NESS SINGAPORE 398298,5.1611183017097115,25.0,5,4,2,7,11,5,2.0,1.0,0,1
VACANZA @ EAST,1240000.0,807.3,1536.0,2023-08-01,75.0,16533.0,1.32901984483655,103.914196223923,36 LENGKONG TUJOH VACANZA @ EAST SINGAPORE 417391,8.680985857703446,25.0,3,1,0,2,8,12,1.0,1.0,1,2
BLISS VILLE,1700000.0,1248.62,1361.0,2023-08-01,116.0,14655.0,1.32374715619118,103.909135122768,69H LORONG MELAYU BLISS VILLE SINGAPORE 417030,7.88417716920167,25.0,2,1,0,2,8,16,1.0,1.0,0,2
PARK PLACE RESIDENCES AT PLQ,1380000.0,645.84,2137.0,2023-08-01,60.0,23000.0,1.31583675363618,103.892746648427,2 PAYA LEBAR ROAD PARK PLACE RESIDENCES AT PLQ SINGAPORE 409053,5.896537427358871,25.0,3,3,3,4,12,6,2.0,1.0,0,1
VIENTO,708000.0,452.09,1566.0,2023-08-01,42.0,16857.0,1.31221104514144,103.886520466932,29 LORONG 30 GEYLANG VIENTO SINGAPORE 398362,5.104904162018615,25.0,5,4,2,7,11,5,1.0,1.0,0,1
KINGSTON TERRACE,1080000.0,947.23,1140.0,2023-07-01,88.0,12273.0,1.31988333946031,103.91286258641,14D JALAN MASJID KINGSTON TERRACE SINGAPORE 418935,8.002052207143242,26.0,1,1,0,2,12,18,1.0,1.0,0,2
TRE RESIDENCES,1480000.0,861.12,1719.0,2023-07-01,80.0,18500.0,1.3172278261209,103.885015905304,9 GEYLANG EAST AVENUE 1 TRE RESIDENCES SINGAPORE 389783,5.353082321074245,26.0,3,3,2,8,9,3,2.0,1.0,1,1
VACANZA @ EAST,845000.0,484.38,1744.0,2023-07-01,45.0,18778.0,1.32901984483655,103.914196223923,36 LENGKONG TUJOH VACANZA @ EAST SINGAPORE 417391,8.680985857703446,26.0,3,1,0,2,8,12,1.0,1.0,1,2
PARC ESTA,870000.0,419.8,2072.0,2023-07-01,39.0,22308.0,1.31786521916555,103.903967184717,904 SIMS AVENUE PARC ESTA SINGAPORE 408968,7.043509290403673,26.0,1,4,0,1,13,16,1.0,,0,1
# 1 SUITES,738000.0,559.73,1318.0,2023-07-01,52.0,14192.0,1.31239029325188,103.881504147527,1 LORONG 20 GEYLANG # 1 SUITES SINGAPORE 398721,4.699608709809529,26.0,3,3,0,8,9,2,1.0,1.0,0,1
CASCATA,1270000.0,1011.82,1255.0,2023-07-01,94.0,13511.0,1.32840203522441,103.90860634862,7 TEO KIM ENG ROAD CASCATA SINGAPORE 416378,8.142805193532485,26.0,2,1,0,2,7,15,1.0,1.0,0,2
PARK PLACE RESIDENCES AT PLQ,1080000.0,484.38,2230.0,2023-07-01,45.0,24000.0,1.31583675363618,103.892746648427,2 PAYA LEBAR ROAD PARK PLACE RESIDENCES AT PLQ SINGAPORE 409053,5.896537427358871,26.0,3,3,3,4,12,6,3.0,1.0,0,1
GUILLEMARD EDGE,700000.0,409.03,1711.0,2023-07-01,38.0,18421.0,1.31200443744473,103.885949377155,38 LORONG 30 GEYLANG GUILLEMARD EDGE SINGAPORE 398371,5.041282413008211,26.0,4,4,1,7,11,5,2.0,1.0,0,1
SMART SUITES,1200000.0,958.0,1253.0,2023-07-01,89.0,13483.0,1.31514448371947,103.884050282732,302 SIMS AVENUE SMART SUITES SINGAPORE 387516,5.114950686082434,26.0,3,5,0,8,9,3,1.0,1.0,0,1
PARC ESTA,1998888.0,1022.58,1955.0,2023-07-01,95.0,21041.0,1.31786521916555,103.903967184717,904 SIMS AVENUE PARC ESTA SINGAPORE 408968,7.043509290403673,26.0,1,4,0,1,13,16,1.0,,0,1
PARC ESTA,900000.0,419.8,2144.0,2023-07-01,39.0,23077.0,1.31786521916555,103.903967184717,904 SIMS AVENUE PARC ESTA SINGAPORE 408968,7.043509290403673,26.0,1,4,0,1,13,16,3.0,,0,1
SIXTEEN35 RESIDENCES,830000.0,538.2,1542.0,2023-07-01,50.0,16600.0,1.31547407018063,103.888827552085,16 LORONG 35 GEYLANG SIXTEEN35 RESIDENCES SINGAPORE 387946,5.533258263987247,26.0,4,4,3,6,12,4,2.0,1.0,0,1
GRANDLINK SQUARE,1488000.0,1162.51,1280.0,2023-07-01,108.0,13778.0,1.3141912983094,103.891500511011,511 GUILLEMARD ROAD GRANDLINK SQUARE SINGAPORE 399849,5.67552490483051,26.0,4,4,3,5,13,6,1.0,1.0,0,1
VACANZA @ EAST,1960000.0,1603.84,1222.0,2023-07-01,149.0,13154.0,1.32901984483655,103.914196223923,36 LENGKONG TUJOH VACANZA @ EAST SINGAPORE 417391,8.680985857703446,26.0,3,1,0,2,8,12,3.0,1.0,1,2
CASA AERATA,658000.0,430.56,1528.0,2023-07-01,40.0,16450.0,1.31232393794378,103.885033090499,9 LORONG 26 GEYLANG CASA AERATA SINGAPORE 398484,4.985931367630484,26.0,4,4,1,7,11,4,2.0,1.0,0,1
THE SUNFLOWER,1080000.0,882.65,1224.0,2023-07-01,82.0,13171.0,1.31328282918802,103.885380308735,10 LORONG 28 GEYLANG THE SUNFLOWER SINGAPORE 398415,5.084541366217786,26.0,4,4,1,7,11,5,2.0,1.0,0,1
WINDY HEIGHTS,3180000.0,2475.72,1284.0,2023-07-01,230.0,13826.0,1.32664204297673,103.910617408664,84 JALAN DAUD WINDY HEIGHTS SINGAPORE 419593,8.204206295506795,26.0,2,2,0,2,7,16,2.0,1.0,1,2
PARC ESTA,1355000.0,635.08,2134.0,2023-07-01,59.0,22966.0,1.31786521916555,103.903967184717,904 SIMS AVENUE PARC ESTA SINGAPORE 408968,7.043509290403673,26.0,1,4,0,1,13,16,3.0,,0,1
GRANDVIEW SUITES,1190000.0,1302.44,914.0,2023-07-01,121.0,9835.0,1.31277604580511,103.882455638462,1 LORONG 22 GEYLANG GRANDVIEW SUITES SINGAPORE 398664,4.805784944271149,26.0,3,3,0,8,9,2,1.0,1.0,0,1
DAKOTA RESIDENCES,3140000.0,1829.88,1716.0,2023-07-01,170.0,18471.0,1.30637270876178,103.88708549006,34 DAKOTA CRESCENT DAKOTA RESIDENCES SINGAPORE 399936,4.7757251422267535,26.0,3,3,0,6,10,5,1.0,1.0,1,1
SKT MANSIONS,1250000.0,1065.64,1173.0,2023-07-01,99.0,12626.0,1.31469684747176,103.882628937424,38 LORONG 25 GEYLANG SKT MANSIONS SINGAPORE 388307,4.967360744758596,26.0,3,4,0,8,9,3,1.0,1.0,0,1
THE VINES,1480000.0,1065.64,1389.0,2023-07-01,99.0,14949.0,1.31938865407237,103.908010725574,12 LORONG SARINA THE VINES SINGAPORE 416736,7.513064861326432,26.0,2,1,0,1,14,14,1.0,1.0,0,2
ASTON MANSIONS,1200000.0,1011.82,1186.0,2023-07-01,94.0,12766.0,1.31393251470132,103.890612644048,7 LORONG 42 GEYLANG ASTON MANSIONS SINGAPORE 398028,5.57978728565853,26.0,4,4,3,5,12,6,1.0,1.0,0,1
SINGA HILLS,980000.0,656.6,1493.0,2023-07-01,61.0,16066.0,1.33013262911561,103.908284993545,33 JALAN SINGA SINGA HILLS SINGAPORE 418109,8.234437338266625,26.0,1,1,0,2,5,13,1.0,1.0,0,2
PARC ESTA,1330100.0,581.26,2288.0,2023-07-01,54.0,24631.0,1.31786521916555,103.903967184717,904 SIMS AVENUE PARC ESTA SINGAPORE 408968,7.043509290403673,26.0,1,4,0,1,13,16,3.0,,0,1
NESS,613000.0,387.5,1582.0,2023-07-01,36.0,17028.0,1.31269794714045,103.886776844129,38 LORONG 32 GEYLANG NESS SINGAPORE 398298,5.1611183017097115,26.0,5,4,2,7,11,5,1.0,1.0,0,1
CANBERLIN LODGE,1200000.0,1151.75,1042.0,2023-07-01,107.0,11215.0,1.30944640897271,103.876928896198,69 LORONG 6 GEYLANG CANBERLIN LODGE SINGAPORE 399221,4.10835681018779,26.0,3,4,2,10,7,2,1.0,1.0,0,1
GRANDVIEW SUITES,620000.0,419.8,1477.0,2023-07-01,39.0,15897.0,1.31277604580511,103.882455638462,1 LORONG 22 GEYLANG GRANDVIEW SUITES SINGAPORE 398664,4.805784944271149,26.0,3,3,0,8,9,2,1.0,1.0,0,1
VACANZA @ EAST,1200000.0,807.3,1486.0,2023-07-01,75.0,16000.0,1.32901984483655,103.914196223923,36 LENGKONG TUJOH VACANZA @ EAST SINGAPORE 417391,8.680985857703446,26.0,3,1,0,2,8,12,1.0,1.0,1,2
THE SUNNY SPRING,1600000.0,1065.64,1501.0,2023-07-01,99.0,16162.0,1.31219203070087,103.889464697147,50 LORONG 40 GEYLANG THE SUNNY SPRING SINGAPORE 398074,5.3613842782215055,26.0,4,4,3,6,11,5,1.0,1.0,0,1
SIMS URBAN OASIS,775000.0,409.03,1895.0,2023-07-01,38.0,20395.0,1.31926710475553,103.880615863782,6 SIMS DRIVE SIMS URBAN OASIS SINGAPORE 387388,5.190897370243519,26.0,3,4,0,8,9,1,2.0,1.0,1,1
AVANT RESIDENCES,803000.0,527.44,1522.0,2023-07-01,49.0,16388.0,1.31353535987581,103.882362870576,10 ALJUNIED ROAD AVANT RESIDENCES SINGAPORE 389799,4.856265736693036,26.0,3,4,0,8,9,2,1.0,1.0,0,1
EUHABITAT,745000.0,548.96,1357.0,2023-07-01,51.0,14608.0,1.32795415126263,103.9070014142,196 JALAN EUNOS EUHABITAT SINGAPORE 419542,7.971961203569236,26.0,2,2,0,2,6,15,1.0,1.0,1,2
MORI,1379000.0,592.02,2329.0,2023-07-01,55.0,25073.0,1.31131219787605,103.882972095616,223 GUILLEMARD ROAD MORI SINGAPORE 399738,4.739370253523735,26.0,3,3,0,8,9,2,2.0,0.0,0,1
PARC ESTA,1630000.0,742.72,2195.0,2023-07-01,69.0,23623.0,1.31786521916555,103.903967184717,904 SIMS AVENUE PARC ESTA SINGAPORE 408968,7.043509290403673,26.0,1,4,0,1,13,16,3.0,,0,1
PARC ESTA,975000.0,452.09,2157.0,2023-07-01,42.0,23214.0,1.31786521916555,103.903967184717,904 SIMS AVENUE PARC ESTA SINGAPORE 408968,7.043509290403673,26.0,1,4,0,1,13,16,3.0,,0,1
PARC ESTA,1830000.0,839.59,2180.0,2023-07-01,78.0,23462.0,1.31786521916555,103.903967184717,904 SIMS AVENUE PARC ESTA SINGAPORE 408968,7.043509290403673,26.0,1,4,0,1,13,16,2.0,,0,1
PARC ESTA,875000.0,419.8,2084.0,2023-07-01,39.0,22436.0,1.31786521916555,103.903967184717,904 SIMS AVENUE PARC ESTA SINGAPORE 408968,7.043509290403673,26.0,1,4,0,1,13,16,1.0,,0,1
THE WATERINA,2480000.0,1345.5,1843.0,2023-07-01,125.0,19840.0,1.3132821071538,103.89085032363,59 LORONG 40 GEYLANG THE WATERINA SINGAPORE 398082,5.55708137380416,26.0,4,4,3,5,12,5,2.0,1.0,0,1
EUHABITAT,757500.0,516.67,1466.0,2023-07-01,48.0,15781.0,1.32795415126263,103.9070014142,196 JALAN EUNOS EUHABITAT SINGAPORE 419542,7.971961203569236,26.0,2,2,0,2,6,15,1.0,1.0,1,2
EUHABITAT,762000.0,527.44,1445.0,2023-07-01,49.0,15551.0,1.32795415126263,103.9070014142,196 JALAN EUNOS EUHABITAT SINGAPORE 419542,7.971961203569236,26.0,2,2,0,2,6,15,1.0,1.0,1,2
STARVILLE,1310000.0,1076.4,1217.0,2023-07-01,100.0,13100.0,1.32826483616522,103.912067534158,66 LENGKONG TIGA STARVILLE SINGAPORE 417471,8.44041551036464,26.0,3,1,0,2,7,15,3.0,1.0,1,2
LE REVE,3000000.0,2400.37,1250.0,2023-07-01,223.0,13453.0,1.31868241486572,103.90610166475,27 KAMPONG EUNOS LE REVE SINGAPORE 417783,7.2919762495069005,26.0,2,2,0,1,13,14,,1.0,1,2
SIMSVILLE,1268000.0,968.76,1309.0,2023-07-01,90.0,14089.0,1.31703114737635,103.890499582849,2 GEYLANG EAST AVENUE 2 SIMSVILLE SINGAPORE 389754,5.786575389274496,26.0,4,4,3,6,12,4,1.0,1.0,1,1
SUITES @ SIMS,855000.0,559.73,1528.0,2023-07-01,52.0,16442.0,1.3157472607643,103.887188203157,468 SIMS AVENUE SUITES @ SIMS SINGAPORE 387544,5.415897782797746,26.0,4,6,3,7,11,4,1.0,1.0,0,1
PARC ESTA,1340000.0,635.08,2110.0,2023-07-01,59.0,22712.0,1.31786521916555,103.903967184717,904 SIMS AVENUE PARC ESTA SINGAPORE 408968,7.043509290403673,26.0,1,4,0,1,13,16,2.0,,0,1
PARC ESTA,2110000.0,958.0,2203.0,2023-07-01,89.0,23708.0,1.31786521916555,103.903967184717,904 SIMS AVENUE PARC ESTA SINGAPORE 408968,7.043509290403673,26.0,1,4,0,1,13,16,3.0,,0,1
SIMS URBAN OASIS,1183000.0,710.42,1665.0,2023-07-01,66.0,17924.0,1.31926710475553,103.880615863782,6 SIMS DRIVE SIMS URBAN OASIS SINGAPORE 387388,5.190897370243519,26.0,3,4,0,8,9,1,1.0,1.0,1,1
WATERBANK AT DAKOTA,1290000.0,753.48,1712.0,2023-07-01,70.0,18429.0,1.30647833742136,103.888537197136,76 DAKOTA CRESCENT WATERBANK AT DAKOTA SINGAPORE 399944,4.918518965685704,26.0,3,3,0,5,10,6,1.0,1.0,1,1
WATERBANK AT DAKOTA,1220000.0,624.31,1954.0,2023-07-01,58.0,21034.0,1.30647833742136,103.888537197136,76 DAKOTA CRESCENT WATERBANK AT DAKOTA SINGAPORE 399944,4.918518965685704,26.0,3,3,0,5,10,6,3.0,1.0,1,1
ATRIUM RESIDENCES,1355000.0,1044.11,1298.0,2023-07-01,97.0,13969.0,1.31372274938589,103.886156549479,532 GEYLANG ROAD ATRIUM RESIDENCES SINGAPORE 389488,5.181625591258403,26.0,5,4,2,7,11,5,2.0,1.0,0,1
COSY LODGE,1500000.0,1291.68,1161.0,2023-07-01,120.0,12500.0,1.31519496465052,103.88657401161,29 LORONG 31 GEYLANG COSY LODGE SINGAPORE 388029,5.324237088176503,26.0,4,5,2,7,11,4,2.0,1.0,0,1
LE REGAL,772888.0,688.9,1122.0,2023-07-01,64.0,12076.0,1.31250268727998,103.880368117228,340 GEYLANG ROAD LE REGAL SINGAPORE 389365,4.61788023094977,26.0,2,3,0,9,10,1,1.0,1.0,0,1
THE WATERINA,2250000.0,1237.86,1818.0,2023-07-01,115.0,19565.0,1.3132821071538,103.89085032363,59 LORONG 40 GEYLANG THE WATERINA SINGAPORE 398082,5.55708137380416,26.0,4,4,3,5,12,5,1.0,1.0,0,1
WATERBANK AT DAKOTA,2486000.0,1280.92,1941.0,2023-07-01,119.0,20891.0,1.30647833742136,103.888537197136,76 DAKOTA CRESCENT WATERBANK AT DAKOTA SINGAPORE 399944,4.918518965685704,26.0,3,3,0,5,10,6,4.0,1.0,1,1
THE WATERINA,1910000.0,1065.64,1792.0,2023-07-01,99.0,19293.0,1.3132821071538,103.89085032363,59 LORONG 40 GEYLANG THE WATERINA SINGAPORE 398082,5.55708137380416,26.0,4,4,3,5,12,5,1.0,1.0,0,1
DAKOTA RESIDENCES,2160000.0,1313.21,1645.0,2023-07-01,122.0,17705.0,1.30637270876178,103.88708549006,34 DAKOTA CRESCENT DAKOTA RESIDENCES SINGAPORE 399936,4.7757251422267535,26.0,3,3,0,6,10,5,1.0,1.0,1,1
PARC ESTA,1550000.0,721.19,2149.0,2023-07-01,67.0,23134.0,1.31786521916555,103.903967184717,904 SIMS AVENUE PARC ESTA SINGAPORE 408968,7.043509290403673,26.0,1,4,0,1,13,16,1.0,,0,1
SIMS URBAN OASIS,1200000.0,624.31,1922.0,2023-06-01,58.0,20690.0,1.31926710475553,103.880615863782,6 SIMS DRIVE SIMS URBAN OASIS SINGAPORE 387388,5.190897370243519,27.0,3,4,0,8,9,1,4.0,1.0,1,1
STUDIO8,765000.0,495.14,1545.0,2023-06-01,46.0,16630.0,1.31110937477676,103.873025954425,8 JALAN AYER STUDIO8 SINGAPORE 389144,3.958495376383,27.0,2,2,2,10,6,1,1.0,1.0,0,1
EUHABITAT,740000.0,527.44,1403.0,2023-06-01,49.0,15102.0,1.32795415126263,103.9070014142,196 JALAN EUNOS EUHABITAT SINGAPORE 419542,7.971961203569236,27.0,2,2,0,2,6,15,1.0,1.0,1,2
LE REGAL,565000.0,365.98,1544.0,2023-06-01,34.0,16618.0,1.31250268727998,103.880368117228,340 GEYLANG ROAD LE REGAL SINGAPORE 389365,4.61788023094977,27.0,2,3,0,9,10,1,1.0,1.0,0,1
STARVILLE,1900888.0,1270.15,1497.0,2023-06-01,118.0,16109.0,1.32826483616522,103.912067534158,66 LENGKONG TIGA STARVILLE SINGAPORE 417471,8.44041551036464,27.0,3,1,0,2,7,15,2.0,1.0,1,2
PARK PLACE RESIDENCES AT PLQ,1510000.0,667.37,2263.0,2023-06-01,62.0,24355.0,1.31583675363618,103.892746648427,2 PAYA LEBAR ROAD PARK PLACE RESIDENCES AT PLQ SINGAPORE 409053,5.896537427358871,27.0,3,3,3,4,12,6,4.0,1.0,0,1
IDYLLIC SUITES,798000.0,538.2,1483.0,2023-06-01,50.0,15960.0,1.31285080910896,103.886497625764,21 LORONG 30 GEYLANG IDYLLIC SUITES SINGAPORE 398353,5.1480043421598065,27.0,5,4,2,7,11,5,2.0,1.0,0,1
GUILLEMARD SUITES,1700000.0,1033.34,1645.0,2023-06-01,96.0,17708.0,1.31094521852726,103.882721097721,213 GUILLEMARD ROAD GUILLEMARD SUITES SINGAPORE 399733,4.691609257032653,27.0,3,4,0,8,9,3,1.0,1.0,0,1
THE OCTET,658000.0,430.56,1528.0,2023-06-01,40.0,16450.0,1.31206999136037,103.883562422294,23 LORONG 24 GEYLANG THE OCTET SINGAPORE 398628,4.844083676929457,27.0,3,3,0,8,10,2,1.0,1.0,0,1
DAKOTA RESIDENCES,2300000.0,1313.21,1751.0,2023-06-01,122.0,18852.0,1.30637270876178,103.88708549006,34 DAKOTA CRESCENT DAKOTA RESIDENCES SINGAPORE 399936,4.7757251422267535,27.0,3,3,0,6,10,5,3.0,1.0,1,1
STUDIO8,750000.0,505.91,1482.0,2023-06-01,47.0,15957.0,1.31110937477676,103.873025954425,8 JALAN AYER STUDIO8 SINGAPORE 389144,3.958495376383,27.0,2,2,2,10,6,1,1.0,1.0,0,1
PARK PLACE RESIDENCES AT PLQ,985000.0,484.38,2034.0,2023-06-01,45.0,21889.0,1.31583675363618,103.892746648427,2 PAYA LEBAR ROAD PARK PLACE RESIDENCES AT PLQ SINGAPORE 409053,5.896537427358871,27.0,3,3,3,4,12,6,1.0,1.0,0,1
SIMS URBAN OASIS,1130000.0,667.37,1693.0,2023-06-01,62.0,18226.0,1.31926710475553,103.880615863782,6 SIMS DRIVE SIMS URBAN OASIS SINGAPORE 387388,5.190897370243519,27.0,3,4,0,8,9,1,3.0,1.0,1,1
SIMS URBAN OASIS,1168000.0,667.37,1750.0,2023-06-01,62.0,18839.0,1.31926710475553,103.880615863782,6 SIMS DRIVE SIMS URBAN OASIS SINGAPORE 387388,5.190897370243519,27.0,3,4,0,8,9,1,1.0,1.0,1,1
THE EBONY,888000.0,688.9,1289.0,2023-06-01,64.0,13875.0,1.32038515836726,103.908487204597,35 LORONG MARICAN THE EBONY SINGAPORE 417216,7.617132227591283,27.0,2,1,0,1,14,13,1.0,1.0,0,2
SUITES @ SIMS,978888.0,721.19,1357.0,2023-06-01,67.0,14610.0,1.3157472607643,103.887188203157,468 SIMS AVENUE SUITES @ SIMS SINGAPORE 387544,5.415897782797746,27.0,4,6,3,7,11,4,1.0,1.0,0,1
DENG FU VILLE,1615000.0,1097.93,1471.0,2023-06-01,102.0,15833.0,1.31907103004917,103.906727650036,30 KAMPONG EUNOS DENG FU VILLE SINGAPORE 417777,7.373814325731649,27.0,2,2,0,1,13,14,1.0,1.0,0,2
THE WATERINA,2600000.0,1377.79,1887.0,2023-06-01,128.0,20313.0,1.3132821071538,103.89085032363,59 LORONG 40 GEYLANG THE WATERINA SINGAPORE 398082,5.55708137380416,27.0,4,4,3,5,12,5,1.0,1.0,0,1
PARC ESTA,1541000.0,731.95,2105.0,2023-06-01,68.0,22662.0,1.31786521916555,103.903967184717,904 SIMS AVENUE PARC ESTA SINGAPORE 408968,7.043509290403673,27.0,1,4,0,1,13,16,1.0,,0,1
SIMS URBAN OASIS,1832000.0,1033.34,1773.0,2023-06-01,96.0,19083.0,1.31926710475553,103.880615863782,6 SIMS DRIVE SIMS URBAN OASIS SINGAPORE 387388,5.190897370243519,27.0,3,4,0,8,9,1,1.0,1.0,1,1
PARK PLACE RESIDENCES AT PLQ,2200000.0,1087.16,2024.0,2023-06-01,101.0,21782.0,1.31583675363618,103.892746648427,2 PAYA LEBAR ROAD PARK PLACE RESIDENCES AT PLQ SINGAPORE 409053,5.896537427358871,27.0,3,3,3,4,12,6,2.0,1.0,0,1
CENTRAL GROVE,1510000.0,1173.28,1287.0,2023-06-01,109.0,13853.0,1.31623494982413,103.884417981377,3 GEYLANG EAST AVENUE 1 CENTRAL GROVE SINGAPORE 389779,5.228491443172765,27.0,4,5,1,8,9,3,2.0,1.0,1,1
TRE RESIDENCES,1468000.0,861.12,1705.0,2023-06-01,80.0,18350.0,1.3172278261209,103.885015905304,9 GEYLANG EAST AVENUE 1 TRE RESIDENCES SINGAPORE 389783,5.353082321074245,27.0,3,3,2,8,9,3,3.0,1.0,1,1
VACANZA @ EAST,1180000.0,807.3,1462.0,2023-06-01,75.0,15733.0,1.32901984483655,103.914196223923,36 LENGKONG TUJOH VACANZA @ EAST SINGAPORE 417391,8.680985857703446,27.0,3,1,0,2,8,12,1.0,1.0,1,2
PARC ESTA,2115000.0,914.94,2312.0,2023-06-01,85.0,24882.0,1.31786521916555,103.903967184717,904 SIMS AVENUE PARC ESTA SINGAPORE 408968,7.043509290403673,27.0,1,4,0,1,13,16,4.0,,0,1
WATERBANK AT DAKOTA,1668000.0,882.65,1890.0,2023-06-01,82.0,20341.0,1.30647833742136,103.888537197136,76 DAKOTA CRESCENT WATERBANK AT DAKOTA SINGAPORE 399944,4.918518965685704,27.0,3,3,0,5,10,6,1.0,1.0,1,1
VIENTO,695000.0,452.09,1537.0,2023-06-01,42.0,16548.0,1.31221104514144,103.886520466932,29 LORONG 30 GEYLANG VIENTO SINGAPORE 398362,5.104904162018615,27.0,5,4,2,7,11,5,1.0,1.0,0,1
PARC ESTA,1850000.0,839.59,2203.0,2023-06-01,78.0,23718.0,1.31786521916555,103.903967184717,904 SIMS AVENUE PARC ESTA SINGAPORE 408968,7.043509290403673,27.0,1,4,0,1,13,16,2.0,,0,1
GRANDVIEW SUITES,1455440.0,1593.07,914.0,2023-06-01,148.0,9834.0,1.31277604580511,103.882455638462,1 LORONG 22 GEYLANG GRANDVIEW SUITES SINGAPORE 398664,4.805784944271149,27.0,3,3,0,8,9,2,1.0,1.0,0,1
NESS,680000.0,452.09,1504.0,2023-06-01,42.0,16190.0,1.31269794714045,103.886776844129,38 LORONG 32 GEYLANG NESS SINGAPORE 398298,5.1611183017097115,27.0,5,4,2,7,11,5,1.0,1.0,0,1
LEVENUE,758000.0,462.85,1638.0,2023-06-01,43.0,17628.0,1.32864269824431,103.913744097652,55 LENGKONG EMPAT LEVENUE SINGAPORE 417642,8.61577565611189,27.0,3,1,0,2,7,13,2.0,1.0,0,2
PARC ESTA,950000.0,452.09,2101.0,2023-06-01,42.0,22619.0,1.31786521916555,103.903967184717,904 SIMS AVENUE PARC ESTA SINGAPORE 408968,7.043509290403673,27.0,1,4,0,1,13,16,4.0,,0,1
GUILLEMARD EDGE,740000.0,441.32,1677.0,2023-06-01,41.0,18049.0,1.31200443744473,103.885949377155,38 LORONG 30 GEYLANG GUILLEMARD EDGE SINGAPORE 398371,5.041282413008211,27.0,4,4,1,7,11,5,1.0,1.0,0,1
CASSIA VIEW,1661888.0,1205.57,1379.0,2023-06-01,112.0,14838.0,1.31103276112231,103.886630140814,320 GUILLEMARD ROAD CASSIA VIEW SINGAPORE 399746,5.033091805099718,27.0,4,2,1,7,11,5,3.0,1.0,0,1
VACANZA @ EAST,1168000.0,850.36,1374.0,2023-06-01,79.0,14785.0,1.32901984483655,103.914196223923,36 LENGKONG TUJOH VACANZA @ EAST SINGAPORE 417391,8.680985857703446,27.0,3,1,0,2,8,12,1.0,1.0,1,2
REZI 35,720000.0,441.32,1631.0,2023-06-01,41.0,17561.0,1.31572120937619,103.888837131268,20 LORONG 35 GEYLANG REZI 35 SINGAPORE 387949,5.551839737035237,27.0,4,4,3,6,13,4,1.0,1.0,0,1
PARK PLACE RESIDENCES AT PLQ,1028000.0,484.38,2122.0,2023-06-01,45.0,22844.0,1.31583675363618,103.892746648427,2 PAYA LEBAR ROAD PARK PLACE RESIDENCES AT PLQ SINGAPORE 409053,5.896537427358871,27.0,3,3,3,4,12,6,2.0,1.0,0,1
SMART SUITES,780000.0,516.67,1510.0,2023-06-01,48.0,16250.0,1.31514448371947,103.884050282732,302 SIMS AVENUE SMART SUITES SINGAPORE 387516,5.114950686082434,27.0,3,5,0,8,9,3,1.0,1.0,0,1
TRE RESIDENCES,1220000.0,699.66,1744.0,2023-06-01,65.0,18769.0,1.3172278261209,103.885015905304,9 GEYLANG EAST AVENUE 1 TRE RESIDENCES SINGAPORE 389783,5.353082321074245,27.0,3,3,2,8,9,3,4.0,1.0,1,1
THE LENOX,705000.0,430.56,1637.0,2023-06-01,40.0,17625.0,1.31824376273926,103.911351165333,396 CHANGI ROAD THE LENOX SINGAPORE 415899,7.765250446888848,27.0,2,1,0,2,13,15,1.0,1.0,0,2
ASTORIA PARK,1300000.0,958.0,1357.0,2023-06-01,89.0,14607.0,1.32177770499303,103.91225216665,34 LORONG MYDIN ASTORIA PARK SINGAPORE 416827,8.053226885077692,27.0,1,1,0,2,12,17,3.0,1.0,1,2
GUILIN COURT,1250000.0,1173.28,1065.0,2023-06-01,109.0,11468.0,1.31225854673977,103.884662481524,10 LORONG 26 GEYLANG GUILIN COURT SINGAPORE 398485,4.949942797411857,27.0,3,4,0,7,10,4,1.0,1.0,0,1
SIMSVILLE,1288800.0,979.52,1316.0,2023-06-01,91.0,14163.0,1.31703114737635,103.890499582849,2 GEYLANG EAST AVENUE 2 SIMSVILLE SINGAPORE 389754,5.786575389274496,27.0,4,4,3,6,12,4,3.0,1.0,1,1
REZI 35,742000.0,452.09,1641.0,2023-06-01,42.0,17667.0,1.31572120937619,103.888837131268,20 LORONG 35 GEYLANG REZI 35 SINGAPORE 387949,5.551839737035237,27.0,4,4,3,6,13,4,1.0,1.0,0,1
SUNFLOWER VIEW,1250000.0,1011.82,1235.0,2023-06-01,94.0,13298.0,1.31288444198327,103.888327290325,30 LORONG 36 GEYLANG SUNFLOWER VIEW SINGAPORE 398162,5.30818701585947,27.0,5,4,3,6,11,6,1.0,1.0,0,1
D'OASIA,880000.0,538.2,1635.0,2023-06-01,50.0,17600.0,1.31966969295307,103.910261197479,11 LORONG MELAYU D'OASIA SINGAPORE 416905,7.741970201225104,27.0,2,1,0,2,13,14,1.0,1.0,0,2
TRE RESIDENCES,988000.0,570.49,1732.0,2023-06-01,53.0,18642.0,1.3172278261209,103.885015905304,9 GEYLANG EAST AVENUE 1 TRE RESIDENCES SINGAPORE 389783,5.353082321074245,27.0,3,3,2,8,9,3,3.0,1.0,1,1
TRE RESIDENCES,1408000.0,850.36,1656.0,2023-06-01,79.0,17823.0,1.3172278261209,103.885015905304,9 GEYLANG EAST AVENUE 1 TRE RESIDENCES SINGAPORE 389783,5.353082321074245,27.0,3,3,2,8,9,3,3.0,1.0,1,1
GUILLEMARD SUITES,665000.0,409.03,1626.0,2023-06-01,38.0,17500.0,1.31094521852726,103.882721097721,213 GUILLEMARD ROAD GUILLEMARD SUITES SINGAPORE 399733,4.691609257032653,27.0,3,4,0,8,9,3,1.0,1.0,0,1
TRE RESIDENCES,1418888.0,850.36,1669.0,2023-06-01,79.0,17961.0,1.3172278261209,103.885015905304,9 GEYLANG EAST AVENUE 1 TRE RESIDENCES SINGAPORE 389783,5.353082321074245,27.0,3,3,2,8,9,3,3.0,1.0,1,1
SIN CHUAN GARDEN,1880000.0,1388.56,1354.0,2023-06-01,129.0,14574.0,1.32213401922458,103.918072024417,6 WARINGIN PARK SIN CHUAN GARDEN SINGAPORE 416320,8.628085290550366,27.0,1,0,0,2,14,11,1.0,1.0,0,2
D'GALLERY,838000.0,527.44,1589.0,2023-06-01,49.0,17102.0,1.31999864551861,103.912136345882,15 JALAN MASJID D' GALLERY SINGAPORE 418936,7.939182881901876,27.0,1,1,0,2,12,17,1.0,1.0,0,2
PARC ESTA,1575000.0,742.72,2121.0,2023-06-01,69.0,22826.0,1.31786521916555,103.903967184717,904 SIMS AVENUE PARC ESTA SINGAPORE 408968,7.043509290403673,27.0,1,4,0,1,13,16,2.0,,0,1
SIMS URBAN OASIS,888000.0,613.55,1447.0,2023-06-01,57.0,15579.0,1.31926710475553,103.880615863782,6 SIMS DRIVE SIMS URBAN OASIS SINGAPORE 387388,5.190897370243519,27.0,3,4,0,8,9,1,3.0,1.0,1,1
WATERBANK AT DAKOTA,3150000.0,1571.54,2004.0,2023-06-01,146.0,21575.0,1.30647833742136,103.888537197136,76 DAKOTA CRESCENT WATERBANK AT DAKOTA SINGAPORE 399944,4.918518965685704,27.0,3,3,0,5,10,6,3.0,1.0,1,1
PRIMEDGE,800000.0,527.44,1517.0,2023-06-01,49.0,16327.0,1.31253129900962,103.888139939124,45 LORONG 34 GEYLANG PRIMEDGE SINGAPORE 398236,5.2675901930288065,27.0,5,4,2,7,11,5,1.0,1.0,0,1
VACANZA @ EAST,825000.0,559.73,1474.0,2023-06-01,52.0,15865.0,1.32901984483655,103.914196223923,36 LENGKONG TUJOH VACANZA @ EAST SINGAPORE 417391,8.680985857703446,27.0,3,1,0,2,8,12,1.0,1.0,1,2
THE LENOX,1140000.0,839.59,1358.0,2023-05-01,78.0,14615.0,1.31824376273926,103.911351165333,396 CHANGI ROAD THE LENOX SINGAPORE 415899,7.765250446888848,28.0,2,1,0,2,13,15,1.0,1.0,0,2
VACANZA @ EAST,1764000.0,1022.58,1725.0,2023-05-01,95.0,18568.0,1.32901984483655,103.914196223923,36 LENGKONG TUJOH VACANZA @ EAST SINGAPORE 417391,8.680985857703446,28.0,3,1,0,2,8,12,3.0,1.0,1,2
SIMS URBAN OASIS,1310000.0,785.77,1667.0,2023-05-01,73.0,17945.0,1.31926710475553,103.880615863782,6 SIMS DRIVE SIMS URBAN OASIS SINGAPORE 387388,5.190897370243519,28.0,3,4,0,8,9,1,1.0,1.0,1,1
PARC ESTA,1300000.0,635.08,2047.0,2023-05-01,59.0,22034.0,1.31786521916555,103.903967184717,904 SIMS AVENUE PARC ESTA SINGAPORE 408968,7.043509290403673,28.0,1,4,0,1,13,16,1.0,,0,1
VIENTO,695000.0,462.85,1502.0,2023-05-01,43.0,16163.0,1.31221104514144,103.886520466932,29 LORONG 30 GEYLANG VIENTO SINGAPORE 398362,5.104904162018615,28.0,5,4,2,7,11,5,2.0,1.0,0,1
THE HELICONIA,1728000.0,1367.03,1264.0,2023-05-01,127.0,13606.0,1.32635294484067,103.908900244938,30 JALAN DAUD THE HELICONIA SINGAPORE 419572,8.031320801555648,28.0,3,2,0,2,7,16,1.0,1.0,1,2
PARC ESTA,1900000.0,904.18,2101.0,2023-05-01,84.0,22619.0,1.31786521916555,103.903967184717,904 SIMS AVENUE PARC ESTA SINGAPORE 408968,7.043509290403673,28.0,1,4,0,1,13,16,2.0,,0,1
ZYANYA,1970000.0,1022.58,1926.0,2023-05-01,95.0,20737.0,1.31392103072017,103.883276357397,8 LORONG 25A GEYLANG ZYANYA SINGAPORE 388222,4.959147064738651,28.0,3,4,0,8,9,3,2.0,0.0,0,1
PARC ESTA,2448000.0,1119.46,2187.0,2023-05-01,104.0,23538.0,1.31786521916555,103.903967184717,904 SIMS AVENUE PARC ESTA SINGAPORE 408968,7.043509290403673,28.0,1,4,0,1,13,16,1.0,,0,1
THE WATERINA,1790000.0,1097.93,1630.0,2023-05-01,102.0,17549.0,1.3132821071538,103.89085032363,59 LORONG 40 GEYLANG THE WATERINA SINGAPORE 398082,5.55708137380416,28.0,4,4,3,5,12,5,1.0,1.0,0,1
PARC ESTA,1378000.0,635.08,2170.0,2023-05-01,59.0,23356.0,1.31786521916555,103.903967184717,904 SIMS AVENUE PARC ESTA SINGAPORE 408968,7.043509290403673,28.0,1,4,0,1,13,16,2.0,,0,1
ASTORIA PARK,998000.0,850.36,1174.0,2023-05-01,79.0,12633.0,1.32177770499303,103.91225216665,34 LORONG MYDIN ASTORIA PARK SINGAPORE 416827,8.053226885077692,28.0,1,1,0,2,12,17,1.0,1.0,1,2
THE WATERINA,1125000.0,721.19,1560.0,2023-05-01,67.0,16791.0,1.3132821071538,103.89085032363,59 LORONG 40 GEYLANG THE WATERINA SINGAPORE 398082,5.55708137380416,28.0,4,4,3,5,12,5,1.0,1.0,0,1
THE SUNNY SPRING,1850000.0,1194.8,1548.0,2023-05-01,111.0,16667.0,1.31219203070087,103.889464697147,50 LORONG 40 GEYLANG THE SUNNY SPRING SINGAPORE 398074,5.3613842782215055,28.0,4,4,3,6,11,5,2.0,1.0,0,1
REZI 26,698000.0,452.09,1544.0,2023-05-01,42.0,16619.0,1.31277485329606,103.885104634024,5 LORONG 26 GEYLANG REZI 26 SINGAPORE 398480,5.024511275001018,28.0,4,4,1,7,11,4,1.0,1.0,0,1
EUHABITAT,750000.0,527.44,1422.0,2023-05-01,49.0,15306.0,1.32795415126263,103.9070014142,196 JALAN EUNOS EUHABITAT SINGAPORE 419542,7.971961203569236,28.0,2,2,0,2,6,15,1.0,1.0,1,2
SUNFLOWER COURT,1150000.0,1184.04,971.0,2023-05-01,110.0,10455.0,1.31064927792671,103.876402171482,30 LORONG 6 GEYLANG SUNFLOWER COURT SINGAPORE 399182,4.164050031664185,28.0,4,3,2,10,8,2,2.0,1.0,0,1
THE SUNNY SPRING,1650000.0,1022.58,1614.0,2023-05-01,95.0,17368.0,1.31219203070087,103.889464697147,50 LORONG 40 GEYLANG THE SUNNY SPRING SINGAPORE 398074,5.3613842782215055,28.0,4,4,3,6,11,5,1.0,1.0,0,1
CENTRAL IMPERIAL,830000.0,602.78,1377.0,2023-05-01,56.0,14821.0,1.31194266781347,103.879213970964,3 LORONG 14 GEYLANG CENTRAL IMPERIAL SINGAPORE 398915,4.483469484998063,28.0,3,4,0,10,9,1,1.0,1.0,0,1
REZI 24,1100000.0,645.84,1703.0,2023-05-01,60.0,18333.0,1.31156422500946,103.883576001591,39 LORONG 24 GEYLANG REZI 24 SINGAPORE 398636,4.808294965951603,28.0,3,3,0,8,10,4,2.0,,0,1
EUHABITAT,1580000.0,1140.98,1385.0,2023-05-01,106.0,14906.0,1.32795415126263,103.9070014142,196 JALAN EUNOS EUHABITAT SINGAPORE 419542,7.971961203569236,28.0,2,2,0,2,6,15,1.0,1.0,1,2
CASA SARINA,1350000.0,1140.98,1183.0,2023-05-01,106.0,12736.0,1.32018967220914,103.906865928269,101 LORONG SARINA CASA SARINA SINGAPORE 416729,7.4542779982704115,28.0,2,1,0,1,12,14,1.0,1.0,1,2
WATERBANK AT DAKOTA,870000.0,484.38,1796.0,2023-05-01,45.0,19333.0,1.30647833742136,103.888537197136,76 DAKOTA CRESCENT WATERBANK AT DAKOTA SINGAPORE 399944,4.918518965685704,28.0,3,3,0,5,10,6,4.0,1.0,1,1
THE HELICONIA,1628000.0,1302.44,1250.0,2023-05-01,121.0,13455.0,1.32635294484067,103.908900244938,30 JALAN DAUD THE HELICONIA SINGAPORE 419572,8.031320801555648,28.0,3,2,0,2,7,16,2.0,1.0,1,2
PARK PLACE RESIDENCES AT PLQ,2508000.0,1162.51,2157.0,2023-05-01,108.0,23222.0,1.31583675363618,103.892746648427,2 PAYA LEBAR ROAD PARK PLACE RESIDENCES AT PLQ SINGAPORE 409053,5.896537427358871,28.0,3,3,3,4,12,6,4.0,1.0,0,1
THE EBONY,628000.0,365.98,1716.0,2023-05-01,34.0,18471.0,1.32038515836726,103.908487204597,35 LORONG MARICAN THE EBONY SINGAPORE 417216,7.617132227591283,28.0,2,1,0,1,14,13,1.0,1.0,0,2
PRIMEDGE,806000.0,527.44,1528.0,2023-05-01,49.0,16449.0,1.31253129900962,103.888139939124,45 LORONG 34 GEYLANG PRIMEDGE SINGAPORE 398236,5.2675901930288065,28.0,5,4,2,7,11,5,1.0,1.0,0,1
PARC ESTA,1355000.0,635.08,2134.0,2023-05-01,59.0,22966.0,1.31786521916555,103.903967184717,904 SIMS AVENUE PARC ESTA SINGAPORE 408968,7.043509290403673,28.0,1,4,0,1,13,16,1.0,,0,1
CENTRAL GROVE,1510000.0,1216.33,1241.0,2023-05-01,113.0,13363.0,1.31623494982413,103.884417981377,3 GEYLANG EAST AVENUE 1 CENTRAL GROVE SINGAPORE 389779,5.228491443172765,28.0,4,5,1,8,9,3,3.0,1.0,1,1
GRANDVIEW SUITES,1610000.0,1743.77,923.0,2023-05-01,162.0,9938.0,1.31277604580511,103.882455638462,1 LORONG 22 GEYLANG GRANDVIEW SUITES SINGAPORE 398664,4.805784944271149,28.0,3,3,0,8,9,2,1.0,1.0,0,1
ZYANYA,2320000.0,1227.1,1891.0,2023-05-01,114.0,20351.0,1.31392103072017,103.883276357397,8 LORONG 25A GEYLANG ZYANYA SINGAPORE 388222,4.959147064738651,28.0,3,4,0,8,9,3,2.0,0.0,0,1
EUHABITAT,855000.0,613.55,1394.0,2023-05-01,57.0,15000.0,1.32795415126263,103.9070014142,196 JALAN EUNOS EUHABITAT SINGAPORE 419542,7.971961203569236,28.0,2,2,0,2,6,15,1.0,1.0,1,2
CRYSTAL LODGE,980000.0,1151.75,851.0,2023-05-01,107.0,9159.0,1.31139887994503,103.879671115715,30 LORONG 16 GEYLANG CRYSTAL LODGE SINGAPORE 398870,4.476866798201574,28.0,3,4,0,10,10,1,1.0,1.0,0,1
PARC ESTA,1580000.0,742.72,2127.0,2023-05-01,69.0,22899.0,1.31786521916555,103.903967184717,904 SIMS AVENUE PARC ESTA SINGAPORE 408968,7.043509290403673,28.0,1,4,0,1,13,16,2.0,,0,1
GRANDVIEW SUITES,600000.0,419.8,1429.0,2023-05-01,39.0,15385.0,1.31277604580511,103.882455638462,1 LORONG 22 GEYLANG GRANDVIEW SUITES SINGAPORE 398664,4.805784944271149,28.0,3,3,0,8,9,2,1.0,1.0,0,1
GUILLEMARD EDGE,910000.0,559.73,1626.0,2023-05-01,52.0,17500.0,1.31200443744473,103.885949377155,38 LORONG 30 GEYLANG GUILLEMARD EDGE SINGAPORE 398371,5.041282413008211,28.0,4,4,1,7,11,5,2.0,1.0,0,1
METRO LOFT,670000.0,452.09,1482.0,2023-05-01,42.0,15952.0,1.31417031455963,103.883562175927,5 LORONG 27 GEYLANG METRO LOFT SINGAPORE 388158,5.001192040278531,28.0,3,4,0,8,9,4,2.0,1.0,0,1
WATERBANK AT DAKOTA,1150000.0,624.31,1842.0,2023-05-01,58.0,19828.0,1.30647833742136,103.888537197136,76 DAKOTA CRESCENT WATERBANK AT DAKOTA SINGAPORE 399944,4.918518965685704,28.0,3,3,0,5,10,6,1.0,1.0,1,1
CENTRA LOFT,685000.0,473.62,1446.0,2023-05-01,44.0,15568.0,1.31481743950624,103.888376977987,3 LORONG 35 GEYLANG CENTRA LOFT SINGAPORE 387935,5.44803594028427,28.0,4,4,3,7,11,4,2.0,1.0,0,1
ASTORIA PARK,1186855.0,1001.05,1186.0,2023-05-01,93.0,12762.0,1.32177770499303,103.91225216665,34 LORONG MYDIN ASTORIA PARK SINGAPORE 416827,8.053226885077692,28.0,1,1,0,2,12,17,1.0,1.0,1,2
PARC ESTA,910000.0,419.8,2168.0,2023-05-01,39.0,23333.0,1.31786521916555,103.903967184717,904 SIMS AVENUE PARC ESTA SINGAPORE 408968,7.043509290403673,28.0,1,4,0,1,13,16,4.0,,0,1
LE REVE,1350000.0,861.12,1568.0,2023-05-01,80.0,16875.0,1.31868241486572,103.90610166475,27 KAMPONG EUNOS LE REVE SINGAPORE 417783,7.2919762495069005,28.0,2,2,0,1,13,14,1.0,1.0,1,2
EUHABITAT,730000.0,527.44,1384.0,2023-05-01,49.0,14898.0,1.32795415126263,103.9070014142,196 JALAN EUNOS EUHABITAT SINGAPORE 419542,7.971961203569236,28.0,2,2,0,2,6,15,1.0,1.0,1,2
WATERBANK AT DAKOTA,1260000.0,624.31,2018.0,2023-05-01,58.0,21724.0,1.30647833742136,103.888537197136,76 DAKOTA CRESCENT WATERBANK AT DAKOTA SINGAPORE 399944,4.918518965685704,28.0,3,3,0,5,10,6,4.0,1.0,1,1
THE OCTET,640000.0,430.56,1486.0,2023-05-01,40.0,16000.0,1.31206999136037,103.883562422294,23 LORONG 24 GEYLANG THE OCTET SINGAPORE 398628,4.844083676929457,28.0,3,3,0,8,10,2,1.0,1.0,0,1
THE SANCTUARY @ GEYLANG,825000.0,559.73,1474.0,2023-05-01,52.0,15865.0,1.31345709214795,103.886467318231,1 LORONG 30 GEYLANG THE SANCTUARY @ GEYLANG SINGAPORE 398342,5.188676380984995,28.0,5,4,2,7,11,5,2.0,1.0,0,1
VACANZA @ EAST,1163888.0,807.3,1442.0,2023-05-01,75.0,15519.0,1.32901984483655,103.914196223923,36 LENGKONG TUJOH VACANZA @ EAST SINGAPORE 417391,8.680985857703446,28.0,3,1,0,2,8,12,2.0,1.0,1,2
LE REGAL,520000.0,365.98,1421.0,2023-05-01,34.0,15294.0,1.31250268727998,103.880368117228,340 GEYLANG ROAD LE REGAL SINGAPORE 389365,4.61788023094977,28.0,2,3,0,9,10,1,1.0,1.0,0,1
# 1 SUITES,730000.0,581.26,1256.0,2023-05-01,54.0,13519.0,1.31239029325188,103.881504147527,1 LORONG 20 GEYLANG # 1 SUITES SINGAPORE 398721,4.699608709809529,28.0,3,3,0,8,9,2,2.0,1.0,0,1
PARC ESTA,890000.0,419.8,2120.0,2023-05-01,39.0,22821.0,1.31786521916555,103.903967184717,904 SIMS AVENUE PARC ESTA SINGAPORE 408968,7.043509290403673,28.0,1,4,0,1,13,16,2.0,,0,1
THE TRUMPS,1480000.0,979.52,1511.0,2023-05-01,91.0,16264.0,1.32002610262337,103.91348728953,1 JALAN KEMBANGAN THE TRUMPS SINGAPORE 419154,8.069943599460245,28.0,1,0,0,2,12,18,3.0,1.0,1,2
NESS,685000.0,441.32,1552.0,2023-05-01,41.0,16707.0,1.31269794714045,103.886776844129,38 LORONG 32 GEYLANG NESS SINGAPORE 398298,5.1611183017097115,28.0,5,4,2,7,11,5,1.0,1.0,0,1
GUILLEMARD SUITES,880000.0,559.73,1572.0,2023-05-01,52.0,16923.0,1.31094521852726,103.882721097721,213 GUILLEMARD ROAD GUILLEMARD SUITES SINGAPORE 399733,4.691609257032653,28.0,3,4,0,8,9,3,1.0,1.0,0,1
SIMS URBAN OASIS,1140000.0,624.31,1826.0,2023-05-01,58.0,19655.0,1.31926710475553,103.880615863782,6 SIMS DRIVE SIMS URBAN OASIS SINGAPORE 387388,5.190897370243519,28.0,3,4,0,8,9,1,4.0,1.0,1,1
PARC ESTA,1840000.0,904.18,2035.0,2023-05-01,84.0,21905.0,1.31786521916555,103.903967184717,904 SIMS AVENUE PARC ESTA SINGAPORE 408968,7.043509290403673,28.0,1,4,0,1,13,16,1.0,,0,1
DAKOTA RESIDENCES,3260000.0,1894.46,1721.0,2023-05-01,176.0,18523.0,1.30637270876178,103.88708549006,34 DAKOTA CRESCENT DAKOTA RESIDENCES SINGAPORE 399936,4.7757251422267535,28.0,3,3,0,6,10,5,3.0,1.0,1,1
GREEN COURT,2000000.0,1603.84,1247.0,2023-05-01,149.0,13423.0,1.313289737192,103.885153835516,498 GEYLANG ROAD GREEN COURT SINGAPORE 389456,5.066106644450747,28.0,4,4,1,7,11,5,1.0,1.0,0,1
SIMS URBAN OASIS,1860000.0,1022.58,1819.0,2023-05-01,95.0,19579.0,1.31926710475553,103.880615863782,6 SIMS DRIVE SIMS URBAN OASIS SINGAPORE 387388,5.190897370243519,28.0,3,4,0,8,9,1,4.0,1.0,1,1
TREASURES@G6,660000.0,452.09,1460.0,2023-05-01,42.0,15714.0,1.31061812912929,103.876727965474,35 LORONG 6 GEYLANG TREASURES@G6 SINGAPORE 399187,4.186237477544645,28.0,4,3,2,10,8,2,1.0,1.0,0,1
PAVILION SQUARE,1000000.0,818.06,1222.0,2023-05-01,76.0,13158.0,1.31297800060859,103.879770800217,345 GEYLANG ROAD PAVILION SQUARE SINGAPORE 389366,4.608727400946871,28.0,3,4,0,10,10,1,2.0,1.0,0,1
REZI 26,1450000.0,1087.16,1334.0,2023-05-01,101.0,14356.0,1.31277485329606,103.885104634024,5 LORONG 26 GEYLANG REZI 26 SINGAPORE 398480,5.024511275001018,28.0,4,4,1,7,11,4,1.0,1.0,0,1
THE WATERINA,1140000.0,699.66,1629.0,2023-05-01,65.0,17538.0,1.3132821071538,103.89085032363,59 LORONG 40 GEYLANG THE WATERINA SINGAPORE 398082,5.55708137380416,28.0,4,4,3,5,12,5,1.0,1.0,0,1
PARC ESTA,2400000.0,1119.46,2144.0,2023-05-01,104.0,23077.0,1.31786521916555,103.903967184717,904 SIMS AVENUE PARC ESTA SINGAPORE 408968,7.043509290403673,28.0,1,4,0,1,13,16,3.0,,0,1
DAKOTA RESIDENCES,1700000.0,1022.58,1662.0,2023-05-01,95.0,17895.0,1.30637270876178,103.88708549006,34 DAKOTA CRESCENT DAKOTA RESIDENCES SINGAPORE 399936,4.7757251422267535,28.0,3,3,0,6,10,5,1.0,1.0,1,1
28 IMPERIAL RESIDENCES,730000.0,441.32,1654.0,2023-04-01,41.0,17805.0,1.311780119269,103.884605770106,28 LORONG 26 GEYLANG 28 IMPERIAL RESIDENCES SINGAPORE 398495,4.910721054286701,29.0,3,3,0,7,10,5,2.0,1.0,0,1
VACANZA @ EAST,818000.0,667.37,1226.0,2023-04-01,62.0,13194.0,1.32901984483655,103.914196223923,36 LENGKONG TUJOH VACANZA @ EAST SINGAPORE 417391,8.680985857703446,29.0,3,1,0,2,8,12,1.0,1.0,1,2
LA BRISA,803000.0,495.14,1622.0,2023-04-01,46.0,17457.0,1.31190419143627,103.885369365155,50 LORONG 28 GEYLANG LA BRISA SINGAPORE 398453,4.984533537431171,29.0,4,4,1,7,11,5,1.0,1.0,0,1
EUHABITAT,760000.0,527.44,1441.0,2023-04-01,49.0,15510.0,1.32795415126263,103.9070014142,196 JALAN EUNOS EUHABITAT SINGAPORE 419542,7.971961203569236,29.0,2,2,0,2,6,15,1.0,1.0,1,2
EDENZ SUITES,692000.0,484.38,1429.0,2023-04-01,45.0,15378.0,1.31286931612854,103.885753141885,21 LORONG 28 GEYLANG EDENZ SUITES SINGAPORE 398425,5.086028153004915,29.0,5,4,1,7,11,4,2.0,1.0,0,1
SIMS URBAN OASIS,1292000.0,796.54,1622.0,2023-04-01,74.0,17459.0,1.31926710475553,103.880615863782,6 SIMS DRIVE SIMS URBAN OASIS SINGAPORE 387388,5.190897370243519,29.0,3,4,0,8,9,1,4.0,1.0,1,1
EDENZ SUITES,722000.0,495.14,1458.0,2023-04-01,46.0,15696.0,1.31286931612854,103.885753141885,21 LORONG 28 GEYLANG EDENZ SUITES SINGAPORE 398425,5.086028153004915,29.0,5,4,1,7,11,4,2.0,1.0,0,1
PARK PLACE RESIDENCES AT PLQ,1565000.0,667.37,2345.0,2023-04-01,62.0,25242.0,1.31583675363618,103.892746648427,2 PAYA LEBAR ROAD PARK PLACE RESIDENCES AT PLQ SINGAPORE 409053,5.896537427358871,29.0,3,3,3,4,12,6,3.0,1.0,0,1
DAKOTA RESIDENCES,3200000.0,1829.88,1749.0,2023-04-01,170.0,18824.0,1.30637270876178,103.88708549006,34 DAKOTA CRESCENT DAKOTA RESIDENCES SINGAPORE 399936,4.7757251422267535,29.0,3,3,0,6,10,5,2.0,1.0,1,1
VACANZA @ EAST,1235000.0,839.59,1471.0,2023-04-01,78.0,15833.0,1.32901984483655,103.914196223923,36 LENGKONG TUJOH VACANZA @ EAST SINGAPORE 417391,8.680985857703446,29.0,3,1,0,2,8,12,3.0,1.0,1,2
DAKOTA RESIDENCES,2180000.0,1313.21,1660.0,2023-04-01,122.0,17869.0,1.30637270876178,103.88708549006,34 DAKOTA CRESCENT DAKOTA RESIDENCES SINGAPORE 399936,4.7757251422267535,29.0,3,3,0,6,10,5,4.0,1.0,1,1
REGAL 35,1480000.0,1248.62,1185.0,2023-04-01,116.0,12759.0,1.31567200360524,103.888350601456,15 LORONG 35 GEYLANG REGAL 35 SINGAPORE 387945,5.50731333517945,29.0,4,4,3,7,12,4,1.0,1.0,0,1
THE WATER EDGE,683000.0,441.32,1548.0,2023-04-01,41.0,16659.0,1.31372105189031,103.888759579471,8 LORONG 38 GEYLANG THE WATER EDGE SINGAPORE 398106,5.4035924754809175,29.0,4,4,3,6,11,4,1.0,1.0,0,1
CRYSTAL MANSIONS,1180000.0,1259.39,937.0,2023-04-01,117.0,10085.0,1.31115202963177,103.876674762958,3 LORONG 6 GEYLANG CRYSTAL MANSIONS SINGAPORE 399165,4.225490768881534,29.0,4,3,2,10,8,2,1.0,1.0,0,1
PARC ESTA,1518000.0,710.42,2137.0,2023-04-01,66.0,23000.0,1.31786521916555,103.903967184717,904 SIMS AVENUE PARC ESTA SINGAPORE 408968,7.043509290403673,29.0,1,4,0,1,13,16,2.0,,0,1
GUILLEMARD SUITES,768000.0,462.85,1659.0,2023-04-01,43.0,17860.0,1.31094521852726,103.882721097721,213 GUILLEMARD ROAD GUILLEMARD SUITES SINGAPORE 399733,4.691609257032653,29.0,3,4,0,8,9,3,1.0,1.0,0,1
EUHABITAT,730000.0,527.44,1384.0,2023-04-01,49.0,14898.0,1.32795415126263,103.9070014142,196 JALAN EUNOS EUHABITAT SINGAPORE 419542,7.971961203569236,29.0,2,2,0,2,6,15,1.0,1.0,1,2
EUHABITAT,1600000.0,1259.39,1270.0,2023-04-01,117.0,13675.0,1.32795415126263,103.9070014142,196 JALAN EUNOS EUHABITAT SINGAPORE 419542,7.971961203569236,29.0,2,2,0,2,6,15,1.0,1.0,1,2
D'OASIA,805000.0,538.2,1496.0,2023-04-01,50.0,16100.0,1.31966969295307,103.910261197479,11 LORONG MELAYU D'OASIA SINGAPORE 416905,7.741970201225104,29.0,2,1,0,2,13,14,1.0,1.0,0,2
LE REGAL,550000.0,365.98,1503.0,2023-04-01,34.0,16176.0,1.31250268727998,103.880368117228,340 GEYLANG ROAD LE REGAL SINGAPORE 389365,4.61788023094977,29.0,2,3,0,9,10,1,1.0,1.0,0,1
EUHABITAT,1340000.0,925.7,1448.0,2023-04-01,86.0,15581.0,1.32795415126263,103.9070014142,196 JALAN EUNOS EUHABITAT SINGAPORE 419542,7.971961203569236,29.0,2,2,0,2,6,15,1.0,1.0,1,2
PENANG SERVICE APARTMENTS,1198000.0,1011.82,1184.0,2023-04-01,94.0,12745.0,1.31336434016643,103.887597407486,16 LORONG 34 GEYLANG PENANG SERVICE APARTMENTS SINGAPORE 398213,5.278453845984745,29.0,5,4,2,7,11,5,1.0,1.0,0,1
VACANZA @ EAST,1210000.0,839.59,1441.0,2023-04-01,78.0,15513.0,1.32901984483655,103.914196223923,36 LENGKONG TUJOH VACANZA @ EAST SINGAPORE 417391,8.680985857703446,29.0,3,1,0,2,8,12,2.0,1.0,1,2
TRE RESIDENCES,1245000.0,764.24,1629.0,2023-04-01,71.0,17535.0,1.3172278261209,103.885015905304,9 GEYLANG EAST AVENUE 1 TRE RESIDENCES SINGAPORE 389783,5.353082321074245,29.0,3,3,2,8,9,3,2.0,1.0,1,1
PARC ESTA,2168000.0,958.0,2263.0,2023-04-01,89.0,24360.0,1.31786521916555,103.903967184717,904 SIMS AVENUE PARC ESTA SINGAPORE 408968,7.043509290403673,29.0,1,4,0,1,13,16,3.0,,0,1
SIMS URBAN OASIS,827000.0,484.38,1707.0,2023-04-01,45.0,18378.0,1.31926710475553,103.880615863782,6 SIMS DRIVE SIMS URBAN OASIS SINGAPORE 387388,5.190897370243519,29.0,3,4,0,8,9,1,1.0,1.0,1,1
PARK PLACE RESIDENCES AT PLQ,958000.0,484.38,1978.0,2023-04-01,45.0,21289.0,1.31583675363618,103.892746648427,2 PAYA LEBAR ROAD PARK PLACE RESIDENCES AT PLQ SINGAPORE 409053,5.896537427358871,29.0,3,3,3,4,12,6,1.0,1.0,0,1
NICOLE GREEN,1300000.0,925.7,1404.0,2023-04-01,86.0,15116.0,1.30930458520869,103.879851001095,68 GUILLEMARD ROAD NICOLE GREEN SINGAPORE 399710,4.332405732571704,29.0,5,4,1,10,9,1,2.0,1.0,0,1
PARC ESTA,1950000.0,925.7,2107.0,2023-04-01,86.0,22674.0,1.31786521916555,103.903967184717,904 SIMS AVENUE PARC ESTA SINGAPORE 408968,7.043509290403673,29.0,1,4,0,1,13,16,3.0,,0,1
SUNFLOWER VIEW,1255000.0,1011.82,1240.0,2023-04-01,94.0,13351.0,1.31288444198327,103.888327290325,30 LORONG 36 GEYLANG SUNFLOWER VIEW SINGAPORE 398162,5.30818701585947,29.0,5,4,3,6,11,6,1.0,1.0,0,1
AVANT RESIDENCES,660000.0,387.5,1703.0,2023-04-01,36.0,18333.0,1.31353535987581,103.882362870576,10 ALJUNIED ROAD AVANT RESIDENCES SINGAPORE 389799,4.856265736693036,29.0,3,4,0,8,9,2,2.0,1.0,0,1
WATERBANK AT DAKOTA,830000.0,484.38,1714.0,2023-04-01,45.0,18444.0,1.30647833742136,103.888537197136,76 DAKOTA CRESCENT WATERBANK AT DAKOTA SINGAPORE 399944,4.918518965685704,29.0,3,3,0,5,10,6,2.0,1.0,1,1
EDENZ LOFT,650000.0,419.8,1548.0,2023-04-01,39.0,16667.0,1.3123178474915,103.883532317959,11 LORONG 24 GEYLANG EDENZ LOFT SINGAPORE 398623,4.859816611041546,29.0,3,3,0,8,9,2,1.0,1.0,0,1
PARC ESTA,1100000.0,527.44,2086.0,2023-04-01,49.0,22449.0,1.31786521916555,103.903967184717,904 SIMS AVENUE PARC ESTA SINGAPORE 408968,7.043509290403673,29.0,1,4,0,1,13,16,2.0,,0,1
VIENTO,670000.0,452.09,1482.0,2023-04-01,42.0,15952.0,1.31221104514144,103.886520466932,29 LORONG 30 GEYLANG VIENTO SINGAPORE 398362,5.104904162018615,29.0,5,4,2,7,11,5,1.0,1.0,0,1
CENTRA HEIGHTS,808000.0,462.85,1746.0,2023-04-01,43.0,18791.0,1.31629397762889,103.88657418395,455 SIMS AVENUE CENTRA HEIGHTS SINGAPORE 387607,5.406260020602187,29.0,4,4,3,7,11,4,2.0,1.0,0,1
ESCADA VIEW,1520000.0,1442.38,1054.0,2023-04-01,134.0,11343.0,1.32899344664489,103.91347731741,53 LENGKONG EMPAT ESCADA VIEW SINGAPORE 417657,8.614569394694955,29.0,3,1,0,2,7,13,2.0,1.0,1,2
PARC ESTA,880000.0,419.8,2096.0,2023-04-01,39.0,22564.0,1.31786521916555,103.903967184717,904 SIMS AVENUE PARC ESTA SINGAPORE 408968,7.043509290403673,29.0,1,4,0,1,13,16,2.0,,0,1
PARC ESTA,1940000.0,925.7,2096.0,2023-04-01,86.0,22558.0,1.31786521916555,103.903967184717,904 SIMS AVENUE PARC ESTA SINGAPORE 408968,7.043509290403673,29.0,1,4,0,1,13,16,4.0,,0,1
# 1 SUITES,705000.0,581.26,1213.0,2023-04-01,54.0,13056.0,1.31239029325188,103.881504147527,1 LORONG 20 GEYLANG # 1 SUITES SINGAPORE 398721,4.699608709809529,29.0,3,3,0,8,9,2,1.0,1.0,0,1
EUHABITAT,782500.0,548.96,1425.0,2023-04-01,51.0,15343.0,1.32795415126263,103.9070014142,196 JALAN EUNOS EUHABITAT SINGAPORE 419542,7.971961203569236,29.0,2,2,0,2,6,15,1.0,1.0,1,2
SIMS GREEN,1268000.0,1216.33,1042.0,2023-04-01,113.0,11221.0,1.31441038654771,103.884629689864,7 LORONG 27A GEYLANG SIMS GREEN SINGAPORE 388133,5.105957066325405,29.0,4,4,1,8,9,5,1.0,1.0,0,1
SIMS URBAN OASIS,1876000.0,1022.58,1835.0,2023-04-01,95.0,19747.0,1.31926710475553,103.880615863782,6 SIMS DRIVE SIMS URBAN OASIS SINGAPORE 387388,5.190897370243519,29.0,3,4,0,8,9,1,4.0,1.0,1,1
SIMS URBAN OASIS,1940000.0,1173.28,1653.0,2023-04-01,109.0,17798.0,1.31926710475553,103.880615863782,6 SIMS DRIVE SIMS URBAN OASIS SINGAPORE 387388,5.190897370243519,29.0,3,4,0,8,9,1,4.0,1.0,1,1
ASTORIA PARK,1350000.0,1194.8,1130.0,2023-04-01,111.0,12162.0,1.32177770499303,103.91225216665,34 LORONG MYDIN ASTORIA PARK SINGAPORE 416827,8.053226885077692,29.0,1,1,0,2,12,17,2.0,1.0,1,2
SIMS URBAN OASIS,798000.0,484.38,1647.0,2023-04-01,45.0,17733.0,1.31926710475553,103.880615863782,6 SIMS DRIVE SIMS URBAN OASIS SINGAPORE 387388,5.190897370243519,29.0,3,4,0,8,9,1,1.0,1.0,1,1
ASTORIA PARK,1250000.0,958.0,1305.0,2023-04-01,89.0,14045.0,1.32177770499303,103.91225216665,34 LORONG MYDIN ASTORIA PARK SINGAPORE 416827,8.053226885077692,29.0,1,1,0,2,12,17,3.0,1.0,1,2
CASSIA VIEW,1580000.0,1151.75,1372.0,2023-04-01,107.0,14766.0,1.31103276112231,103.886630140814,320 GUILLEMARD ROAD CASSIA VIEW SINGAPORE 399746,5.033091805099718,29.0,4,2,1,7,11,5,2.0,1.0,0,1
SIMS URBAN OASIS,1798000.0,1022.58,1758.0,2023-04-01,95.0,18926.0,1.31926710475553,103.880615863782,6 SIMS DRIVE SIMS URBAN OASIS SINGAPORE 387388,5.190897370243519,29.0,3,4,0,8,9,1,2.0,1.0,1,1
PARC ESTA,1600000.0,742.72,2154.0,2023-04-01,69.0,23188.0,1.31786521916555,103.903967184717,904 SIMS AVENUE PARC ESTA SINGAPORE 408968,7.043509290403673,29.0,1,4,0,1,13,16,4.0,,0,1
PARC ESTA,1550000.0,742.72,2087.0,2023-04-01,69.0,22464.0,1.31786521916555,103.903967184717,904 SIMS AVENUE PARC ESTA SINGAPORE 408968,7.043509290403673,29.0,1,4,0,1,13,16,2.0,,0,1
PARC ESTA,1520000.0,742.72,2047.0,2023-04-01,69.0,22029.0,1.31786521916555,103.903967184717,904 SIMS AVENUE PARC ESTA SINGAPORE 408968,7.043509290403673,29.0,1,4,0,1,13,16,2.0,,0,1
TREASURES @ G20,545000.0,419.8,1298.0,2023-04-01,39.0,13974.0,1.31144699404485,103.881539708397,35 LORONG 20 GEYLANG TREASURES@G20 SINGAPORE 398751,4.6309982597520785,29.0,3,3,0,8,9,2,1.0,1.0,0,1
PARC ESTA,1880000.0,904.18,2079.0,2023-04-01,84.0,22381.0,1.31786521916555,103.903967184717,904 SIMS AVENUE PARC ESTA SINGAPORE 408968,7.043509290403673,29.0,1,4,0,1,13,16,2.0,,0,1
PARC ESTA,1823000.0,839.59,2171.0,2023-04-01,78.0,23372.0,1.31786521916555,103.903967184717,904 SIMS AVENUE PARC ESTA SINGAPORE 408968,7.043509290403673,29.0,1,4,0,1,13,16,3.0,,0,1
RESIDENCES 88,655000.0,430.56,1521.0,2023-04-01,40.0,16375.0,1.32627973484674,103.907811483759,88 LORONG MARICAN RESIDENCES 88 SINGAPORE 417297,7.92954468966822,29.0,3,1,0,2,7,15,1.0,1.0,0,2
EUHABITAT,748000.0,516.67,1448.0,2023-04-01,48.0,15583.0,1.32795415126263,103.9070014142,196 JALAN EUNOS EUHABITAT SINGAPORE 419542,7.971961203569236,29.0,2,2,0,2,6,15,1.0,1.0,1,2
THE WATERINA,2488000.0,1345.5,1849.0,2023-04-01,125.0,19904.0,1.3132821071538,103.89085032363,59 LORONG 40 GEYLANG THE WATERINA SINGAPORE 398082,5.55708137380416,29.0,4,4,3,5,12,5,2.0,1.0,0,1
WATERBANK AT DAKOTA,2140000.0,1259.39,1699.0,2023-04-01,117.0,18291.0,1.30647833742136,103.888537197136,76 DAKOTA CRESCENT WATERBANK AT DAKOTA SINGAPORE 399944,4.918518965685704,29.0,3,3,0,5,10,6,1.0,1.0,1,1
PARC ESTA,1150000.0,527.44,2180.0,2023-04-01,49.0,23469.0,1.31786521916555,103.903967184717,904 SIMS AVENUE PARC ESTA SINGAPORE 408968,7.043509290403673,29.0,1,4,0,1,13,16,3.0,,0,1
PARC ESTA,1960000.0,925.7,2117.0,2023-04-01,86.0,22791.0,1.31786521916555,103.903967184717,904 SIMS AVENUE PARC ESTA SINGAPORE 408968,7.043509290403673,29.0,1,4,0,1,13,16,3.0,,0,1
WATERBANK AT DAKOTA,2400000.0,1388.56,1728.0,2023-04-01,129.0,18605.0,1.30647833742136,103.888537197136,76 DAKOTA CRESCENT WATERBANK AT DAKOTA SINGAPORE 399944,4.918518965685704,29.0,3,3,0,5,10,6,1.0,1.0,1,1
SILVERSCAPE,630000.0,409.03,1540.0,2023-04-01,38.0,16579.0,1.31256998658763,103.887209225771,39 LORONG 32 GEYLANG SILVERSCAPE SINGAPORE 398299,5.189405207979182,29.0,5,4,2,7,11,5,1.0,1.0,0,1
SIMS EDGE,740000.0,409.03,1809.0,2023-04-01,38.0,19474.0,1.31640485669867,103.887906763671,1 GEYLANG EAST AVENUE 2 SIMS EDGE SINGAPORE 389760,5.523980705206435,29.0,4,5,3,7,12,4,2.0,1.0,0,1
URBAN TREASURES,1850700.0,882.65,2097.0,2023-04-01,82.0,22570.0,1.32936720206385,103.905791323853,205 JALAN EUNOS URBAN TREASURES SINGAPORE 419535,7.966767145631702,29.0,2,0,0,2,6,11,1.0,0.0,1,2
SUITES@CHANGI,685000.0,462.85,1480.0,2023-03-01,43.0,15930.0,1.317041377544,103.904748281539,226 CHANGI ROAD SUITES@CHANGI SINGAPORE 419740,7.06748560964527,30.0,1,3,0,1,14,16,1.0,1.0,0,1
SIMS URBAN OASIS,1388000.0,785.77,1766.0,2023-03-01,73.0,19014.0,1.31926710475553,103.880615863782,6 SIMS DRIVE SIMS URBAN OASIS SINGAPORE 387388,5.190897370243519,30.0,3,4,0,8,9,1,3.0,1.0,1,1
WATERBANK AT DAKOTA,2020000.0,1280.92,1577.0,2023-03-01,119.0,16975.0,1.30647833742136,103.888537197136,76 DAKOTA CRESCENT WATERBANK AT DAKOTA SINGAPORE 399944,4.918518965685704,30.0,3,3,0,5,10,6,2.0,1.0,1,1
SIMS URBAN OASIS,808000.0,484.38,1668.0,2023-03-01,45.0,17956.0,1.31926710475553,103.880615863782,6 SIMS DRIVE SIMS URBAN OASIS SINGAPORE 387388,5.190897370243519,30.0,3,4,0,8,9,1,2.0,1.0,1,1
SIMS URBAN OASIS,1200000.0,699.66,1715.0,2023-03-01,65.0,18462.0,1.31926710475553,103.880615863782,6 SIMS DRIVE SIMS URBAN OASIS SINGAPORE 387388,5.190897370243519,30.0,3,4,0,8,9,1,1.0,1.0,1,1
ASTORIA PARK,1245000.0,958.0,1300.0,2023-03-01,89.0,13989.0,1.32177770499303,103.91225216665,34 LORONG MYDIN ASTORIA PARK SINGAPORE 416827,8.053226885077692,30.0,1,1,0,2,12,17,1.0,1.0,1,2
EUHABITAT,1470000.0,1011.82,1453.0,2023-03-01,94.0,15638.0,1.32795415126263,103.9070014142,196 JALAN EUNOS EUHABITAT SINGAPORE 419542,7.971961203569236,30.0,2,2,0,2,6,15,1.0,1.0,1,2
PARC ESTA,1620000.0,731.95,2213.0,2023-03-01,68.0,23824.0,1.31786521916555,103.903967184717,904 SIMS AVENUE PARC ESTA SINGAPORE 408968,7.043509290403673,30.0,1,4,0,1,13,16,2.0,,0,1
GUILLEMARD EDGE,750000.0,441.32,1699.0,2023-03-01,41.0,18293.0,1.31200443744473,103.885949377155,38 LORONG 30 GEYLANG GUILLEMARD EDGE SINGAPORE 398371,5.041282413008211,30.0,4,4,1,7,11,5,2.0,1.0,0,1
PARC ESTA,1955000.0,925.7,2112.0,2023-03-01,86.0,22733.0,1.31786521916555,103.903967184717,904 SIMS AVENUE PARC ESTA SINGAPORE 408968,7.043509290403673,30.0,1,4,0,1,13,16,2.0,,0,1
SINGA HILLS,954000.0,656.6,1453.0,2023-03-01,61.0,15639.0,1.33013262911561,103.908284993545,33 JALAN SINGA SINGA HILLS SINGAPORE 418109,8.234437338266625,30.0,1,1,0,2,5,13,1.0,1.0,0,2
PARC ESTA,1940000.0,914.94,2120.0,2023-03-01,85.0,22824.0,1.31786521916555,103.903967184717,904 SIMS AVENUE PARC ESTA SINGAPORE 408968,7.043509290403673,30.0,1,4,0,1,13,16,2.0,,0,1
ASTORIA PARK,1048000.0,861.12,1217.0,2023-03-01,80.0,13100.0,1.32177770499303,103.91225216665,34 LORONG MYDIN ASTORIA PARK SINGAPORE 416827,8.053226885077692,30.0,1,1,0,2,12,17,1.0,1.0,1,2
THE WATERINA,1040000.0,699.66,1486.0,2023-03-01,65.0,16000.0,1.3132821071538,103.89085032363,59 LORONG 40 GEYLANG THE WATERINA SINGAPORE 398082,5.55708137380416,30.0,4,4,3,5,12,5,1.0,1.0,0,1
SIMS URBAN OASIS,800000.0,462.85,1728.0,2023-03-01,43.0,18605.0,1.31926710475553,103.880615863782,6 SIMS DRIVE SIMS URBAN OASIS SINGAPORE 387388,5.190897370243519,30.0,3,4,0,8,9,1,2.0,1.0,1,1
WING FONG COURT,900000.0,850.36,1058.0,2023-03-01,79.0,11392.0,1.31173462254903,103.87881521885,10 LORONG 14 GEYLANG WING FONG COURT SINGAPORE 398922,4.435996550952671,30.0,3,4,0,10,9,1,1.0,1.0,0,1
SIMS URBAN OASIS,2050000.0,1323.97,1548.0,2023-03-01,123.0,16667.0,1.31926710475553,103.880615863782,6 SIMS DRIVE SIMS URBAN OASIS SINGAPORE 387388,5.190897370243519,30.0,3,4,0,8,9,1,4.0,1.0,1,1
URBAN TREASURES,1801000.0,882.65,2040.0,2023-03-01,82.0,21963.0,1.32936720206385,103.905791323853,205 JALAN EUNOS URBAN TREASURES SINGAPORE 419535,7.966767145631702,30.0,2,0,0,2,6,11,1.0,0.0,1,2
LE REVE,1290000.0,839.59,1536.0,2023-03-01,78.0,16538.0,1.31868241486572,103.90610166475,27 KAMPONG EUNOS LE REVE SINGAPORE 417783,7.2919762495069005,30.0,2,2,0,1,13,14,1.0,1.0,1,2
QUBE SUITES,686000.0,452.09,1517.0,2023-03-01,42.0,16333.0,1.32987209553022,103.908123975446,24 JALAN PUNAI QUBE SUITES SINGAPORE 418804,8.202337725386041,30.0,2,1,0,2,5,14,1.0,1.0,0,2
EUHABITAT,715000.0,516.67,1384.0,2023-03-01,48.0,14896.0,1.32795415126263,103.9070014142,196 JALAN EUNOS EUHABITAT SINGAPORE 419542,7.971961203569236,30.0,2,2,0,2,6,15,1.0,1.0,1,2
GUILLEMARD EDGE,735000.0,441.32,1665.0,2023-03-01,41.0,17927.0,1.31200443744473,103.885949377155,38 LORONG 30 GEYLANG GUILLEMARD EDGE SINGAPORE 398371,5.041282413008211,30.0,4,4,1,7,11,5,1.0,1.0,0,1
WATERBANK AT DAKOTA,1192000.0,785.77,1517.0,2023-03-01,73.0,16329.0,1.30647833742136,103.888537197136,76 DAKOTA CRESCENT WATERBANK AT DAKOTA SINGAPORE 399944,4.918518965685704,30.0,3,3,0,5,10,6,1.0,1.0,1,1
SIMS GREEN,1170000.0,1754.53,667.0,2023-03-01,163.0,7178.0,1.31441038654771,103.884629689864,7 LORONG 27A GEYLANG SIMS GREEN SINGAPORE 388133,5.105957066325405,30.0,4,4,1,8,9,5,2.0,1.0,0,1
PARC ESTA,960000.0,452.09,2123.0,2023-03-01,42.0,22857.0,1.31786521916555,103.903967184717,904 SIMS AVENUE PARC ESTA SINGAPORE 408968,7.043509290403673,30.0,1,4,0,1,13,16,1.0,,0,1
PARC ESTA,1928000.0,958.0,2013.0,2023-03-01,89.0,21663.0,1.31786521916555,103.903967184717,904 SIMS AVENUE PARC ESTA SINGAPORE 408968,7.043509290403673,30.0,1,4,0,1,13,16,2.0,,0,1
THE SUNNY SPRING,1760888.0,1044.11,1686.0,2023-03-01,97.0,18153.0,1.31219203070087,103.889464697147,50 LORONG 40 GEYLANG THE SUNNY SPRING SINGAPORE 398074,5.3613842782215055,30.0,4,4,3,6,11,5,2.0,1.0,0,1
PARK PLACE RESIDENCES AT PLQ,1400000.0,667.37,2098.0,2023-03-01,62.0,22581.0,1.31583675363618,103.892746648427,2 PAYA LEBAR ROAD PARK PLACE RESIDENCES AT PLQ SINGAPORE 409053,5.896537427358871,30.0,3,3,3,4,12,6,1.0,1.0,0,1
PARK PLACE RESIDENCES AT PLQ,990000.0,484.38,2044.0,2023-03-01,45.0,22000.0,1.31583675363618,103.892746648427,2 PAYA LEBAR ROAD PARK PLACE RESIDENCES AT PLQ SINGAPORE 409053,5.896537427358871,30.0,3,3,3,4,12,6,2.0,1.0,0,1
URBAN TREASURES,1757000.0,882.65,1991.0,2023-03-01,82.0,21427.0,1.32936720206385,103.905791323853,205 JALAN EUNOS URBAN TREASURES SINGAPORE 419535,7.966767145631702,30.0,2,0,0,2,6,11,1.0,0.0,1,2
PARC ESTA,1800000.0,1022.58,1760.0,2023-03-01,95.0,18947.0,1.31786521916555,103.903967184717,904 SIMS AVENUE PARC ESTA SINGAPORE 408968,7.043509290403673,30.0,1,4,0,1,13,16,4.0,,0,1
DAKOTA RESIDENCES,1800000.0,1044.11,1724.0,2023-03-01,97.0,18557.0,1.30637270876178,103.88708549006,34 DAKOTA CRESCENT DAKOTA RESIDENCES SINGAPORE 399936,4.7757251422267535,30.0,3,3,0,6,10,5,3.0,1.0,1,1
WATERBANK AT DAKOTA,2295000.0,1140.98,2011.0,2023-03-01,106.0,21651.0,1.30647833742136,103.888537197136,76 DAKOTA CRESCENT WATERBANK AT DAKOTA SINGAPORE 399944,4.918518965685704,30.0,3,3,0,5,10,6,4.0,1.0,1,1
PARC ESTA,1340000.0,635.08,2110.0,2023-03-01,59.0,22712.0,1.31786521916555,103.903967184717,904 SIMS AVENUE PARC ESTA SINGAPORE 408968,7.043509290403673,30.0,1,4,0,1,13,16,4.0,,0,1
URBAN TREASURES,1741900.0,882.65,1973.0,2023-03-01,82.0,21243.0,1.32936720206385,103.905791323853,205 JALAN EUNOS URBAN TREASURES SINGAPORE 419535,7.966767145631702,30.0,2,0,0,2,6,11,1.0,0.0,1,2
URBAN TREASURES,1749400.0,882.65,1982.0,2023-03-01,82.0,21334.0,1.32936720206385,103.905791323853,205 JALAN EUNOS URBAN TREASURES SINGAPORE 419535,7.966767145631702,30.0,2,0,0,2,6,11,1.0,0.0,1,2
PARC ESTA,1020000.0,516.67,1974.0,2023-03-01,48.0,21250.0,1.31786521916555,103.903967184717,904 SIMS AVENUE PARC ESTA SINGAPORE 408968,7.043509290403673,30.0,1,4,0,1,13,16,4.0,,0,1
CENTRA RESIDENCE,1285000.0,1065.64,1206.0,2023-03-01,99.0,12980.0,1.312846209179,103.875936321332,8 LORONG 7 GEYLANG CENTRA RESIDENCE SINGAPORE 388792,4.311991373002679,30.0,2,2,0,10,8,1,2.0,1.0,0,1
D'WEAVE,710000.0,419.8,1691.0,2023-03-01,39.0,18205.0,1.31554107907724,103.890458266408,5 LORONG 39 GEYLANG D'WEAVE SINGAPORE 387866,5.67725259584862,30.0,4,4,3,5,13,4,2.0,1.0,0,1
PARC ESTA,1290000.0,581.26,2219.0,2023-03-01,54.0,23889.0,1.31786521916555,103.903967184717,904 SIMS AVENUE PARC ESTA SINGAPORE 408968,7.043509290403673,30.0,1,4,0,1,13,16,2.0,,0,1
GRANDLINK SQUARE,1465000.0,1162.51,1260.0,2023-03-01,108.0,13565.0,1.3141912983094,103.891500511011,511 GUILLEMARD ROAD GRANDLINK SQUARE SINGAPORE 399849,5.67552490483051,30.0,4,4,3,5,13,6,2.0,1.0,0,1
SILVERSCAPE,680000.0,462.85,1469.0,2023-03-01,43.0,15814.0,1.31256998658763,103.887209225771,39 LORONG 32 GEYLANG SILVERSCAPE SINGAPORE 398299,5.189405207979182,30.0,5,4,2,7,11,5,1.0,1.0,0,1
PARK PLACE RESIDENCES AT PLQ,1080000.0,484.38,2230.0,2023-03-01,45.0,24000.0,1.31583675363618,103.892746648427,2 PAYA LEBAR ROAD PARK PLACE RESIDENCES AT PLQ SINGAPORE 409053,5.896537427358871,30.0,3,3,3,4,12,6,3.0,1.0,0,1
PARC ESTA,1830000.0,904.18,2024.0,2023-03-01,84.0,21786.0,1.31786521916555,103.903967184717,904 SIMS AVENUE PARC ESTA SINGAPORE 408968,7.043509290403673,30.0,1,4,0,1,13,16,1.0,,0,1
SIMS URBAN OASIS,2488000.0,1442.38,1725.0,2023-03-01,134.0,18567.0,1.31926710475553,103.880615863782,6 SIMS DRIVE SIMS URBAN OASIS SINGAPORE 387388,5.190897370243519,30.0,3,4,0,8,9,1,2.0,1.0,1,1
SIMS URBAN OASIS,1400000.0,958.0,1461.0,2023-03-01,89.0,15730.0,1.31926710475553,103.880615863782,6 SIMS DRIVE SIMS URBAN OASIS SINGAPORE 387388,5.190897370243519,30.0,3,4,0,8,9,1,4.0,1.0,1,1
SIXTEEN35 RESIDENCES,930000.0,570.49,1630.0,2023-03-01,53.0,17547.0,1.31547407018063,103.888827552085,16 LORONG 35 GEYLANG SIXTEEN35 RESIDENCES SINGAPORE 387946,5.533258263987247,30.0,4,4,3,6,12,4,2.0,1.0,0,1
PARK PLACE RESIDENCES AT PLQ,985000.0,484.38,2034.0,2023-03-01,45.0,21889.0,1.31583675363618,103.892746648427,2 PAYA LEBAR ROAD PARK PLACE RESIDENCES AT PLQ SINGAPORE 409053,5.896537427358871,30.0,3,3,3,4,12,6,2.0,1.0,0,1
MELOSA,682000.0,430.56,1584.0,2023-03-01,40.0,17050.0,1.31253733235708,103.885402784916,28 LORONG 28 GEYLANG MELOSA SINGAPORE 398432,5.032539138387234,30.0,4,4,1,7,11,4,2.0,1.0,0,1
GUILLEMARD EDGE,800000.0,516.67,1548.0,2023-03-01,48.0,16667.0,1.31200443744473,103.885949377155,38 LORONG 30 GEYLANG GUILLEMARD EDGE SINGAPORE 398371,5.041282413008211,30.0,4,4,1,7,11,5,1.0,1.0,0,1
PARC ESTA,970000.0,452.09,2146.0,2023-03-01,42.0,23095.0,1.31786521916555,103.903967184717,904 SIMS AVENUE PARC ESTA SINGAPORE 408968,7.043509290403673,30.0,1,4,0,1,13,16,2.0,,0,1
URBAN TREASURES,1746300.0,882.65,1978.0,2023-03-01,82.0,21296.0,1.32936720206385,103.905791323853,205 JALAN EUNOS URBAN TREASURES SINGAPORE 419535,7.966767145631702,30.0,2,0,0,2,6,11,1.0,0.0,1,2
URBAN TREASURES,1753700.0,882.65,1987.0,2023-03-01,82.0,21387.0,1.32936720206385,103.905791323853,205 JALAN EUNOS URBAN TREASURES SINGAPORE 419535,7.966767145631702,30.0,2,0,0,2,6,11,1.0,0.0,1,2
CENTRA RESIDENCE,690000.0,452.09,1526.0,2023-03-01,42.0,16429.0,1.312846209179,103.875936321332,8 LORONG 7 GEYLANG CENTRA RESIDENCE SINGAPORE 388792,4.311991373002679,30.0,2,2,0,10,8,1,1.0,1.0,0,1
PARC ESTA,1310000.0,581.26,2254.0,2023-03-01,54.0,24259.0,1.31786521916555,103.903967184717,904 SIMS AVENUE PARC ESTA SINGAPORE 408968,7.043509290403673,30.0,1,4,0,1,13,16,2.0,,0,1
PARC ESTA,1080000.0,516.67,2090.0,2023-03-01,48.0,22500.0,1.31786521916555,103.903967184717,904 SIMS AVENUE PARC ESTA SINGAPORE 408968,7.043509290403673,30.0,1,4,0,1,13,16,2.0,,0,1
DAKOTA RESIDENCES,1680000.0,1022.58,1643.0,2023-03-01,95.0,17684.0,1.30637270876178,103.88708549006,34 DAKOTA CRESCENT DAKOTA RESIDENCES SINGAPORE 399936,4.7757251422267535,30.0,3,3,0,6,10,5,2.0,1.0,1,1
LEVENUE,770000.0,473.62,1626.0,2023-03-01,44.0,17500.0,1.32864269824431,103.913744097652,55 LENGKONG EMPAT LEVENUE SINGAPORE 417642,8.61577565611189,30.0,3,1,0,2,7,13,2.0,1.0,0,2
THE NAVIAN,1180000.0,656.6,1797.0,2023-03-01,61.0,19344.0,1.32780887766582,103.906399584482,178 JALAN EUNOS THE NAVIAN SINGAPORE 419530,7.909635869494765,30.0,3,1,0,2,6,14,1.0,1.0,0,2
URBAN TREASURES,1751600.0,882.65,1984.0,2023-03-01,82.0,21361.0,1.32936720206385,103.905791323853,205 JALAN EUNOS URBAN TREASURES SINGAPORE 419535,7.966767145631702,30.0,2,0,0,2,6,11,1.0,0.0,1,2
DAKOTA RESIDENCES,1760000.0,1022.58,1721.0,2023-03-01,95.0,18526.0,1.30637270876178,103.88708549006,34 DAKOTA CRESCENT DAKOTA RESIDENCES SINGAPORE 399936,4.7757251422267535,30.0,3,3,0,6,10,5,3.0,1.0,1,1
D'WEAVE,1560000.0,1410.08,1106.0,2023-03-01,131.0,11908.0,1.31554107907724,103.890458266408,5 LORONG 39 GEYLANG D'WEAVE SINGAPORE 387866,5.67725259584862,30.0,4,4,3,5,13,4,2.0,1.0,0,1
PARC ESTA,1330000.0,602.78,2206.0,2023-03-01,56.0,23750.0,1.31786521916555,103.903967184717,904 SIMS AVENUE PARC ESTA SINGAPORE 408968,7.043509290403673,30.0,1,4,0,1,13,16,3.0,,0,1
PARC ESTA,2058000.0,1022.58,2013.0,2023-03-01,95.0,21663.0,1.31786521916555,103.903967184717,904 SIMS AVENUE PARC ESTA SINGAPORE 408968,7.043509290403673,30.0,1,4,0,1,13,16,1.0,,0,1
SIMS URBAN OASIS,1080000.0,624.31,1730.0,2023-03-01,58.0,18621.0,1.31926710475553,103.880615863782,6 SIMS DRIVE SIMS URBAN OASIS SINGAPORE 387388,5.190897370243519,30.0,3,4,0,8,9,1,2.0,1.0,1,1
WATERBANK AT DAKOTA,1720000.0,1420.85,1211.0,2023-03-01,132.0,13030.0,1.30647833742136,103.888537197136,76 DAKOTA CRESCENT WATERBANK AT DAKOTA SINGAPORE 399944,4.918518965685704,30.0,3,3,0,5,10,6,2.0,1.0,1,1
GUILLEMARD EDGE,688000.0,441.32,1559.0,2023-03-01,41.0,16780.0,1.31200443744473,103.885949377155,38 LORONG 30 GEYLANG GUILLEMARD EDGE SINGAPORE 398371,5.041282413008211,30.0,4,4,1,7,11,5,2.0,1.0,0,1
GUILLEMARD EDGE,654000.0,409.03,1599.0,2023-03-01,38.0,17211.0,1.31200443744473,103.885949377155,38 LORONG 30 GEYLANG GUILLEMARD EDGE SINGAPORE 398371,5.041282413008211,30.0,4,4,1,7,11,5,1.0,1.0,0,1
SIMS URBAN OASIS,1150000.0,667.37,1723.0,2023-03-01,62.0,18548.0,1.31926710475553,103.880615863782,6 SIMS DRIVE SIMS URBAN OASIS SINGAPORE 387388,5.190897370243519,30.0,3,4,0,8,9,1,2.0,1.0,1,1
TRE RESIDENCES,1000000.0,678.13,1475.0,2023-03-01,63.0,15873.0,1.3172278261209,103.885015905304,9 GEYLANG EAST AVENUE 1 TRE RESIDENCES SINGAPORE 389783,5.353082321074245,30.0,3,3,2,8,9,3,1.0,1.0,1,1
GUILLEMARD SUITES,685000.0,409.03,1675.0,2023-03-01,38.0,18026.0,1.31094521852726,103.882721097721,213 GUILLEMARD ROAD GUILLEMARD SUITES SINGAPORE 399733,4.691609257032653,30.0,3,4,0,8,9,3,1.0,1.0,0,1
SIMS URBAN OASIS,2085000.0,1323.97,1575.0,2023-03-01,123.0,16951.0,1.31926710475553,103.880615863782,6 SIMS DRIVE SIMS URBAN OASIS SINGAPORE 387388,5.190897370243519,30.0,3,4,0,8,9,1,4.0,1.0,1,1
WATERBANK AT DAKOTA,2315000.0,1184.04,1955.0,2023-03-01,110.0,21045.0,1.30647833742136,103.888537197136,76 DAKOTA CRESCENT WATERBANK AT DAKOTA SINGAPORE 399944,4.918518965685704,30.0,3,3,0,5,10,6,2.0,1.0,1,1
SUNNY LODGE,618000.0,387.5,1595.0,2023-03-01,36.0,17167.0,1.32438242964886,103.906966580799,6A LORONG SALLEH SUNNY LODGE SINGAPORE 416757,7.728747151239156,30.0,2,1,0,1,6,14,1.0,1.0,0,2
EDENZ SUITES,643000.0,495.14,1299.0,2023-03-01,46.0,13978.0,1.31286931612854,103.885753141885,21 LORONG 28 GEYLANG EDENZ SUITES SINGAPORE 398425,5.086028153004915,30.0,5,4,1,7,11,4,1.0,1.0,0,1
PARC ESTA,1380000.0,635.08,2173.0,2023-03-01,59.0,23390.0,1.31786521916555,103.903967184717,904 SIMS AVENUE PARC ESTA SINGAPORE 408968,7.043509290403673,30.0,1,4,0,1,13,16,2.0,,0,1
PARC ESTA,1938888.0,958.0,2024.0,2023-03-01,89.0,21785.0,1.31786521916555,103.903967184717,904 SIMS AVENUE PARC ESTA SINGAPORE 408968,7.043509290403673,30.0,1,4,0,1,13,16,1.0,,0,1
TREASURES @ G20,550000.0,419.8,1310.0,2023-03-01,39.0,14103.0,1.31144699404485,103.881539708397,35 LORONG 20 GEYLANG TREASURES@G20 SINGAPORE 398751,4.6309982597520785,30.0,3,3,0,8,9,2,2.0,1.0,0,1
SIMS URBAN OASIS,1140000.0,667.37,1708.0,2023-03-01,62.0,18387.0,1.31926710475553,103.880615863782,6 SIMS DRIVE SIMS URBAN OASIS SINGAPORE 387388,5.190897370243519,30.0,3,4,0,8,9,1,3.0,1.0,1,1
THE WATERINA,1070000.0,699.66,1529.0,2023-03-01,65.0,16462.0,1.3132821071538,103.89085032363,59 LORONG 40 GEYLANG THE WATERINA SINGAPORE 398082,5.55708137380416,30.0,4,4,3,5,12,5,1.0,1.0,0,1
MILLAGE,1190000.0,947.23,1256.0,2023-03-01,88.0,13523.0,1.38854656229022,103.987804503483,1 CHANGI VILLAGE ROAD SINGAPORE 500001,19.183455237444974,30.0,0,1,0,0,0,5,2.0,1.0,0,1
TRE RESIDENCES,1550000.0,947.23,1636.0,2023-03-01,88.0,17614.0,1.3172278261209,103.885015905304,9 GEYLANG EAST AVENUE 1 TRE RESIDENCES SINGAPORE 389783,5.353082321074245,30.0,3,3,2,8,9,3,2.0,1.0,1,1
TRE RESIDENCES,1428000.0,861.12,1658.0,2023-03-01,80.0,17850.0,1.3172278261209,103.885015905304,9 GEYLANG EAST AVENUE 1 TRE RESIDENCES SINGAPORE 389783,5.353082321074245,30.0,3,3,2,8,9,3,3.0,1.0,1,1
COSY 23,1250000.0,1151.75,1085.0,2023-03-01,107.0,11682.0,1.3125776569644,103.886492342637,23 LORONG 30 GEYLANG COSY 23 SINGAPORE 398355,5.128238232463941,30.0,5,4,2,7,11,5,2.0,1.0,0,1
PARC ESTA,2241000.0,1119.46,2002.0,2023-03-01,104.0,21548.0,1.31786521916555,103.903967184717,904 SIMS AVENUE PARC ESTA SINGAPORE 408968,7.043509290403673,30.0,1,4,0,1,13,16,1.0,,0,1
DAKOTA RESIDENCES,1738000.0,1022.58,1700.0,2023-03-01,95.0,18295.0,1.30637270876178,103.88708549006,34 DAKOTA CRESCENT DAKOTA RESIDENCES SINGAPORE 399936,4.7757251422267535,30.0,3,3,0,6,10,5,2.0,1.0,1,1
PARC ESTA,1400000.0,753.48,1858.0,2023-03-01,70.0,20000.0,1.31786521916555,103.903967184717,904 SIMS AVENUE PARC ESTA SINGAPORE 408968,7.043509290403673,30.0,1,4,0,1,13,16,4.0,,0,1
LE CRESCENDO,1468000.0,947.23,1550.0,2023-03-01,88.0,16682.0,1.33049714674003,103.888409268781,233 PAYA LEBAR ROAD LE CRESCENDO SINGAPORE 409044,6.701977813091088,30.0,4,3,0,6,9,4,3.0,1.0,1,1
TREASURES@G6,650000.0,452.09,1438.0,2023-02-01,42.0,15476.0,1.31061812912929,103.876727965474,35 LORONG 6 GEYLANG TREASURES@G6 SINGAPORE 399187,4.186237477544645,31.0,4,3,2,10,8,2,1.0,1.0,0,1
PARC ESTA,2008888.0,1022.58,1965.0,2023-02-01,95.0,21146.0,1.31786521916555,103.903967184717,904 SIMS AVENUE PARC ESTA SINGAPORE 408968,7.043509290403673,31.0,1,4,0,1,13,16,1.0,,0,1
LA BRISA,708000.0,452.09,1566.0,2023-02-01,42.0,16857.0,1.31190419143627,103.885369365155,50 LORONG 28 GEYLANG LA BRISA SINGAPORE 398453,4.984533537431171,31.0,4,4,1,7,11,5,1.0,1.0,0,1
PARC ESTA,890000.0,419.8,2120.0,2023-02-01,39.0,22821.0,1.31786521916555,103.903967184717,904 SIMS AVENUE PARC ESTA SINGAPORE 408968,7.043509290403673,31.0,1,4,0,1,13,16,3.0,,0,1
KEMBANGAN COURT,1100000.0,893.41,1231.0,2023-02-01,83.0,13253.0,1.319622124356,103.912288714696,5 JALAN MASJID KEMBANGAN COURT SINGAPORE 418924,7.932385965113162,31.0,1,1,0,2,11,17,1.0,1.0,0,2
REZI 26,638000.0,430.56,1482.0,2023-02-01,40.0,15950.0,1.31277485329606,103.885104634024,5 LORONG 26 GEYLANG REZI 26 SINGAPORE 398480,5.024511275001018,31.0,4,4,1,7,11,4,2.0,1.0,0,1
URBAN TREASURES,1804100.0,882.65,2044.0,2023-02-01,82.0,22001.0,1.32936720206385,103.905791323853,205 JALAN EUNOS URBAN TREASURES SINGAPORE 419535,7.966767145631702,31.0,2,0,0,2,6,11,2.0,0.0,1,2
VACANZA @ EAST,2400000.0,1937.52,1239.0,2023-02-01,180.0,13333.0,1.32901984483655,103.914196223923,36 LENGKONG TUJOH VACANZA @ EAST SINGAPORE 417391,8.680985857703446,31.0,3,1,0,2,8,12,3.0,1.0,1,2
PARC ESTA,2210000.0,1097.93,2013.0,2023-02-01,102.0,21667.0,1.31786521916555,103.903967184717,904 SIMS AVENUE PARC ESTA SINGAPORE 408968,7.043509290403673,31.0,1,4,0,1,13,16,4.0,,0,1
SIMS URBAN OASIS,815000.0,484.38,1683.0,2023-02-01,45.0,18111.0,1.31926710475553,103.880615863782,6 SIMS DRIVE SIMS URBAN OASIS SINGAPORE 387388,5.190897370243519,31.0,3,4,0,8,9,1,2.0,1.0,1,1
GUILLEMARD VIEW,1326600.0,1205.57,1100.0,2023-02-01,112.0,11845.0,1.31131608082757,103.884615884842,329A GUILLEMARD ROAD GUILLEMARD VIEW SINGAPORE 399850,4.878489345784435,31.0,3,4,0,7,10,5,1.0,1.0,0,1
VACANZA @ EAST,1060000.0,807.3,1313.0,2023-02-01,75.0,14133.0,1.32901984483655,103.914196223923,36 LENGKONG TUJOH VACANZA @ EAST SINGAPORE 417391,8.680985857703446,31.0,3,1,0,2,8,12,1.0,1.0,1,2
PRIMEDGE,700000.0,473.62,1478.0,2023-02-01,44.0,15909.0,1.31253129900962,103.888139939124,45 LORONG 34 GEYLANG PRIMEDGE SINGAPORE 398236,5.2675901930288065,31.0,5,4,2,7,11,5,1.0,1.0,0,1
KEMBANGAN COURT,1280000.0,1087.16,1177.0,2023-02-01,101.0,12673.0,1.319622124356,103.912288714696,5 JALAN MASJID KEMBANGAN COURT SINGAPORE 418924,7.932385965113162,31.0,1,1,0,2,11,17,1.0,1.0,0,2
ATRIUM RESIDENCES,1320000.0,1044.11,1264.0,2023-02-01,97.0,13608.0,1.31372274938589,103.886156549479,532 GEYLANG ROAD ATRIUM RESIDENCES SINGAPORE 389488,5.181625591258403,31.0,5,4,2,7,11,5,1.0,1.0,0,1
SIMS URBAN OASIS,790000.0,441.32,1790.0,2023-02-01,41.0,19268.0,1.31926710475553,103.880615863782,6 SIMS DRIVE SIMS URBAN OASIS SINGAPORE 387388,5.190897370243519,31.0,3,4,0,8,9,1,2.0,1.0,1,1
EUHABITAT,1300000.0,904.18,1438.0,2023-02-01,84.0,15476.0,1.32795415126263,103.9070014142,196 JALAN EUNOS EUHABITAT SINGAPORE 419542,7.971961203569236,31.0,2,2,0,2,6,15,1.0,1.0,1,2
TREASURES@G6,650000.0,430.56,1510.0,2023-02-01,40.0,16250.0,1.31061812912929,103.876727965474,35 LORONG 6 GEYLANG TREASURES@G6 SINGAPORE 399187,4.186237477544645,31.0,4,3,2,10,8,2,1.0,1.0,0,1
WATERBANK AT DAKOTA,830000.0,581.26,1428.0,2023-02-01,54.0,15370.0,1.30647833742136,103.888537197136,76 DAKOTA CRESCENT WATERBANK AT DAKOTA SINGAPORE 399944,4.918518965685704,31.0,3,3,0,5,10,6,1.0,1.0,1,1
WATERBANK AT DAKOTA,2200000.0,1130.22,1947.0,2023-02-01,105.0,20952.0,1.30647833742136,103.888537197136,76 DAKOTA CRESCENT WATERBANK AT DAKOTA SINGAPORE 399944,4.918518965685704,31.0,3,3,0,5,10,6,1.0,1.0,1,1
ZYANYA,1830000.0,1022.58,1790.0,2023-02-01,95.0,19263.0,1.31392103072017,103.883276357397,8 LORONG 25A GEYLANG ZYANYA SINGAPORE 388222,4.959147064738651,31.0,3,4,0,8,9,3,1.0,0.0,0,1
SIMS URBAN OASIS,1840000.0,1033.34,1781.0,2023-02-01,96.0,19167.0,1.31926710475553,103.880615863782,6 SIMS DRIVE SIMS URBAN OASIS SINGAPORE 387388,5.190897370243519,31.0,3,4,0,8,9,1,2.0,1.0,1,1
URBAN TREASURES,1819200.0,882.65,2061.0,2023-02-01,82.0,22185.0,1.32936720206385,103.905791323853,205 JALAN EUNOS URBAN TREASURES SINGAPORE 419535,7.966767145631702,31.0,2,0,0,2,6,11,2.0,0.0,1,2
PARK PLACE RESIDENCES AT PLQ,1520000.0,667.37,2278.0,2023-02-01,62.0,24516.0,1.31583675363618,103.892746648427,2 PAYA LEBAR ROAD PARK PLACE RESIDENCES AT PLQ SINGAPORE 409053,5.896537427358871,31.0,3,3,3,4,12,6,3.0,1.0,0,1
DAKOTA RESIDENCES,2210000.0,1313.21,1683.0,2023-02-01,122.0,18115.0,1.30637270876178,103.88708549006,34 DAKOTA CRESCENT DAKOTA RESIDENCES SINGAPORE 399936,4.7757251422267535,31.0,3,3,0,6,10,5,3.0,1.0,1,1
SIMS EDGE,838000.0,505.91,1656.0,2023-02-01,47.0,17830.0,1.31640485669867,103.887906763671,1 GEYLANG EAST AVENUE 2 SIMS EDGE SINGAPORE 389760,5.523980705206435,31.0,4,5,3,7,12,4,3.0,1.0,0,1
SIMS URBAN OASIS,790000.0,441.32,1790.0,2023-02-01,41.0,19268.0,1.31926710475553,103.880615863782,6 SIMS DRIVE SIMS URBAN OASIS SINGAPORE 387388,5.190897370243519,31.0,3,4,0,8,9,1,2.0,1.0,1,1
EUHABITAT,738000.0,516.67,1428.0,2023-02-01,48.0,15375.0,1.32795415126263,103.9070014142,196 JALAN EUNOS EUHABITAT SINGAPORE 419542,7.971961203569236,31.0,2,2,0,2,6,15,1.0,1.0,1,2
URBAN TREASURES,1826700.0,882.65,2070.0,2023-02-01,82.0,22277.0,1.32936720206385,103.905791323853,205 JALAN EUNOS URBAN TREASURES SINGAPORE 419535,7.966767145631702,31.0,2,0,0,2,6,11,2.0,0.0,1,2
URBAN TREASURES,1808500.0,882.65,2049.0,2023-02-01,82.0,22055.0,1.32936720206385,103.905791323853,205 JALAN EUNOS URBAN TREASURES SINGAPORE 419535,7.966767145631702,31.0,2,0,0,2,6,11,2.0,0.0,1,2
MORI,1740963.0,990.29,1758.0,2023-02-01,92.0,18924.0,1.31131219787605,103.882972095616,223 GUILLEMARD ROAD MORI SINGAPORE 399738,4.739370253523735,31.0,3,3,0,8,9,2,1.0,0.0,0,1
CENTRA STUDIOS,620000.0,344.45,1800.0,2023-02-01,32.0,19375.0,1.31444000148435,103.882324003158,25 LORONG 25 GEYLANG CENTRA STUDIOS SINGAPORE 388302,4.923274977554681,31.0,3,4,0,8,9,2,1.0,1.0,0,1
WANG LODGE,1528000.0,1463.9,1044.0,2023-02-01,136.0,11235.0,1.31132969345473,103.87602835242,5 LORONG 4 GEYLANG WANG LODGE SINGAPORE 399264,4.191839964631866,31.0,4,3,1,10,8,1,2.0,1.0,0,1
TORIEVIEW MANSIONS,1600000.0,1453.14,1101.0,2023-02-01,135.0,11852.0,1.31458206613494,103.886280315206,10 LORONG 29 GEYLANG TORIEVIEW MANSIONS SINGAPORE 388066,5.254696051517615,31.0,4,4,2,7,11,4,1.0,1.0,0,1
FAMILIE MANSIONS,1100000.0,1280.92,859.0,2023-02-01,119.0,9244.0,1.30983669240885,103.877503215165,65 LORONG 8 GEYLANG FAMILIE MANSIONS SINGAPORE 399125,4.183996333305238,31.0,4,4,2,10,8,2,2.0,1.0,0,1
SIMS URBAN OASIS,1215000.0,710.42,1710.0,2023-02-01,66.0,18409.0,1.31926710475553,103.880615863782,6 SIMS DRIVE SIMS URBAN OASIS SINGAPORE 387388,5.190897370243519,31.0,3,4,0,8,9,1,1.0,1.0,1,1
SIXTEEN35 RESIDENCES,1350000.0,753.48,1792.0,2023-02-01,70.0,19286.0,1.31547407018063,103.888827552085,16 LORONG 35 GEYLANG SIXTEEN35 RESIDENCES SINGAPORE 387946,5.533258263987247,31.0,4,4,3,6,12,4,2.0,1.0,0,1
VACANZA @ EAST,815000.0,559.73,1456.0,2023-02-01,52.0,15673.0,1.32901984483655,103.914196223923,36 LENGKONG TUJOH VACANZA @ EAST SINGAPORE 417391,8.680985857703446,31.0,3,1,0,2,8,12,2.0,1.0,1,2
SIMS URBAN OASIS,1725000.0,958.0,1801.0,2023-02-01,89.0,19382.0,1.31926710475553,103.880615863782,6 SIMS DRIVE SIMS URBAN OASIS SINGAPORE 387388,5.190897370243519,31.0,3,4,0,8,9,1,2.0,1.0,1,1
CASA AERATA,695000.0,484.38,1435.0,2023-02-01,45.0,15444.0,1.31232393794378,103.885033090499,9 LORONG 26 GEYLANG CASA AERATA SINGAPORE 398484,4.985931367630484,31.0,4,4,1,7,11,4,2.0,1.0,0,1
PARC ESTA,1598000.0,742.72,2152.0,2023-02-01,69.0,23159.0,1.31786521916555,103.903967184717,904 SIMS AVENUE PARC ESTA SINGAPORE 408968,7.043509290403673,31.0,1,4,0,1,13,16,3.0,,0,1
PARC ESTA,1370000.0,635.08,2157.0,2023-02-01,59.0,23220.0,1.31786521916555,103.903967184717,904 SIMS AVENUE PARC ESTA SINGAPORE 408968,7.043509290403673,31.0,1,4,0,1,13,16,3.0,,0,1
EUHABITAT,750000.0,516.67,1452.0,2023-02-01,48.0,15625.0,1.32795415126263,103.9070014142,196 JALAN EUNOS EUHABITAT SINGAPORE 419542,7.971961203569236,31.0,2,2,0,2,6,15,1.0,1.0,1,2
WATERBANK AT DAKOTA,2250000.0,1151.75,1954.0,2023-02-01,107.0,21028.0,1.30647833742136,103.888537197136,76 DAKOTA CRESCENT WATERBANK AT DAKOTA SINGAPORE 399944,4.918518965685704,31.0,3,3,0,5,10,6,2.0,1.0,1,1
SIMS URBAN OASIS,1800000.0,958.0,1879.0,2023-02-01,89.0,20225.0,1.31926710475553,103.880615863782,6 SIMS DRIVE SIMS URBAN OASIS SINGAPORE 387388,5.190897370243519,31.0,3,4,0,8,9,1,2.0,1.0,1,1
D'OASIA,1220000.0,861.12,1417.0,2023-02-01,80.0,15250.0,1.31966969295307,103.910261197479,11 LORONG MELAYU D'OASIA SINGAPORE 416905,7.741970201225104,31.0,2,1,0,2,13,14,1.0,1.0,0,2
URBAN TREASURES,1816000.0,882.65,2057.0,2023-02-01,82.0,22146.0,1.32936720206385,103.905791323853,205 JALAN EUNOS URBAN TREASURES SINGAPORE 419535,7.966767145631702,31.0,2,0,0,2,6,11,2.0,0.0,1,2
CENTRAL GROVE,1444608.0,1216.33,1188.0,2023-02-01,113.0,12784.0,1.31623494982413,103.884417981377,3 GEYLANG EAST AVENUE 1 CENTRAL GROVE SINGAPORE 389779,5.228491443172765,31.0,4,5,1,8,9,3,2.0,1.0,1,1
GUILLEMARD SUITES,1070000.0,721.19,1484.0,2023-02-01,67.0,15970.0,1.31094521852726,103.882721097721,213 GUILLEMARD ROAD GUILLEMARD SUITES SINGAPORE 399733,4.691609257032653,31.0,3,4,0,8,9,3,1.0,1.0,0,1
# 1 SUITES,718000.0,624.31,1150.0,2023-02-01,58.0,12379.0,1.31239029325188,103.881504147527,1 LORONG 20 GEYLANG # 1 SUITES SINGAPORE 398721,4.699608709809529,31.0,3,3,0,8,9,2,2.0,1.0,0,1
SUITES 28,605000.0,430.56,1405.0,2023-01-01,40.0,15125.0,1.31268459175571,103.885941111431,28 LORONG 30 GEYLANG SUITES 28 SINGAPORE 398361,5.088755596385559,32.0,5,4,1,7,11,4,1.0,1.0,0,1
SUNFLOWER VIEW,1175000.0,1011.82,1161.0,2023-01-01,94.0,12500.0,1.31288444198327,103.888327290325,30 LORONG 36 GEYLANG SUNFLOWER VIEW SINGAPORE 398162,5.30818701585947,32.0,5,4,3,6,11,6,2.0,1.0,0,1
VACANZA @ EAST,1460000.0,1033.34,1413.0,2023-01-01,96.0,15208.0,1.32901984483655,103.914196223923,36 LENGKONG TUJOH VACANZA @ EAST SINGAPORE 417391,8.680985857703446,32.0,3,1,0,2,8,12,3.0,1.0,1,2
PARC ESTA,2150168.0,1033.34,2081.0,2023-01-01,96.0,22398.0,1.31786521916555,103.903967184717,904 SIMS AVENUE PARC ESTA SINGAPORE 408968,7.043509290403673,32.0,1,4,0,1,13,16,1.0,,0,1
DAKOTA RESIDENCES,3200000.0,1894.46,1689.0,2023-01-01,176.0,18182.0,1.30637270876178,103.88708549006,34 DAKOTA CRESCENT DAKOTA RESIDENCES SINGAPORE 399936,4.7757251422267535,32.0,3,3,0,6,10,5,1.0,1.0,1,1
MELOSA,690000.0,484.38,1425.0,2023-01-01,45.0,15333.0,1.31253733235708,103.885402784916,28 LORONG 28 GEYLANG MELOSA SINGAPORE 398432,5.032539138387234,32.0,4,4,1,7,11,4,1.0,1.0,0,1
SUITES@CHANGI,601000.0,409.03,1469.0,2023-01-01,38.0,15816.0,1.317041377544,103.904748281539,226 CHANGI ROAD SUITES@CHANGI SINGAPORE 419740,7.06748560964527,32.0,1,3,0,1,14,16,1.0,1.0,0,1
PARC ESTA,1100000.0,516.67,2129.0,2023-01-01,48.0,22917.0,1.31786521916555,103.903967184717,904 SIMS AVENUE PARC ESTA SINGAPORE 408968,7.043509290403673,32.0,1,4,0,1,13,16,2.0,,0,1
THE WATER EDGE,650000.0,387.5,1677.0,2023-01-01,36.0,18056.0,1.31372105189031,103.888759579471,8 LORONG 38 GEYLANG THE WATER EDGE SINGAPORE 398106,5.4035924754809175,32.0,4,4,3,6,11,4,1.0,1.0,0,1
PARC ESTA,1860000.0,1022.58,1819.0,2023-01-01,95.0,19579.0,1.31786521916555,103.903967184717,904 SIMS AVENUE PARC ESTA SINGAPORE 408968,7.043509290403673,32.0,1,4,0,1,13,16,1.0,,0,1
VACANZA @ EAST,1458500.0,1022.58,1426.0,2023-01-01,95.0,15353.0,1.32901984483655,103.914196223923,36 LENGKONG TUJOH VACANZA @ EAST SINGAPORE 417391,8.680985857703446,32.0,3,1,0,2,8,12,1.0,1.0,1,2
QUBE SUITES,650000.0,419.8,1548.0,2023-01-01,39.0,16667.0,1.32987209553022,103.908123975446,24 JALAN PUNAI QUBE SUITES SINGAPORE 418804,8.202337725386041,32.0,2,1,0,2,5,14,1.0,1.0,0,2
EUHABITAT,750000.0,527.44,1422.0,2023-01-01,49.0,15306.0,1.32795415126263,103.9070014142,196 JALAN EUNOS EUHABITAT SINGAPORE 419542,7.971961203569236,32.0,2,2,0,2,6,15,1.0,1.0,1,2
VACANZA @ EAST,1070000.0,807.3,1325.0,2023-01-01,75.0,14267.0,1.32901984483655,103.914196223923,36 LENGKONG TUJOH VACANZA @ EAST SINGAPORE 417391,8.680985857703446,32.0,3,1,0,2,8,12,1.0,1.0,1,2
PARK PLACE RESIDENCES AT PLQ,2170000.0,1076.4,2016.0,2023-01-01,100.0,21700.0,1.31583675363618,103.892746648427,2 PAYA LEBAR ROAD PARK PLACE RESIDENCES AT PLQ SINGAPORE 409053,5.896537427358871,32.0,3,3,3,4,12,6,4.0,1.0,0,1
LA FLEUR,615000.0,419.8,1465.0,2023-01-01,39.0,15769.0,1.31244454232324,103.884576516653,8 LORONG 26 GEYLANG LA FLEUR SINGAPORE 398483,4.956192019907782,32.0,3,4,0,7,10,4,1.0,1.0,0,1
PARC ESTA,2225000.0,1119.46,1988.0,2023-01-01,104.0,21394.0,1.31786521916555,103.903967184717,904 SIMS AVENUE PARC ESTA SINGAPORE 408968,7.043509290403673,32.0,1,4,0,1,13,16,2.0,,0,1
RESIDENCES 88,858000.0,742.72,1155.0,2023-01-01,69.0,12435.0,1.32627973484674,103.907811483759,88 LORONG MARICAN RESIDENCES 88 SINGAPORE 417297,7.92954468966822,32.0,3,1,0,2,7,15,1.0,1.0,0,2
SUITES @ SIMS,622000.0,355.21,1751.0,2023-01-01,33.0,18848.0,1.3157472607643,103.887188203157,468 SIMS AVENUE SUITES @ SIMS SINGAPORE 387544,5.415897782797746,32.0,4,6,3,7,11,4,1.0,1.0,0,1
PARC ESTA,1140000.0,516.67,2206.0,2023-01-01,48.0,23750.0,1.31786521916555,103.903967184717,904 SIMS AVENUE PARC ESTA SINGAPORE 408968,7.043509290403673,32.0,1,4,0,1,13,16,2.0,,0,1
THE TRUMPS,1000000.0,699.66,1429.0,2023-01-01,65.0,15385.0,1.32002610262337,103.91348728953,1 JALAN KEMBANGAN THE TRUMPS SINGAPORE 419154,8.069943599460245,32.0,1,0,0,2,12,18,3.0,1.0,1,2
TREASURES@G19,620000.0,409.03,1516.0,2023-01-01,38.0,16316.0,1.3139281583716,103.87898672052,33 LORONG 19 GEYLANG TREASURES@G19 SINGAPORE 388502,4.625661126897555,32.0,3,4,0,10,9,0,1.0,1.0,0,1
TREASURES@G6,635000.0,419.8,1513.0,2023-01-01,39.0,16282.0,1.31061812912929,103.876727965474,35 LORONG 6 GEYLANG TREASURES@G6 SINGAPORE 399187,4.186237477544645,32.0,4,3,2,10,8,2,1.0,1.0,0,1
PARC ESTA,1350000.0,635.08,2126.0,2023-01-01,59.0,22881.0,1.31786521916555,103.903967184717,904 SIMS AVENUE PARC ESTA SINGAPORE 408968,7.043509290403673,32.0,1,4,0,1,13,16,2.0,,0,1
THE SANCTUARY @ GEYLANG,840000.0,678.13,1239.0,2023-01-01,63.0,13333.0,1.31345709214795,103.886467318231,1 LORONG 30 GEYLANG THE SANCTUARY @ GEYLANG SINGAPORE 398342,5.188676380984995,32.0,5,4,2,7,11,5,1.0,1.0,0,1
PARC ESTA,1270000.0,635.08,2000.0,2023-01-01,59.0,21525.0,1.31786521916555,103.903967184717,904 SIMS AVENUE PARC ESTA SINGAPORE 408968,7.043509290403673,32.0,1,4,0,1,13,16,3.0,,0,1
MORI,2153000.0,1173.28,1835.0,2023-01-01,109.0,19752.0,1.31131219787605,103.882972095616,223 GUILLEMARD ROAD MORI SINGAPORE 399738,4.739370253523735,32.0,3,3,0,8,9,2,2.0,0.0,0,1
URBAN TREASURES,1811700.0,882.65,2053.0,2023-01-01,82.0,22094.0,1.32936720206385,103.905791323853,205 JALAN EUNOS URBAN TREASURES SINGAPORE 419535,7.966767145631702,32.0,2,0,0,2,6,11,2.0,0.0,1,2
PARC ESTA,1048000.0,516.67,2028.0,2023-01-01,48.0,21833.0,1.31786521916555,103.903967184717,904 SIMS AVENUE PARC ESTA SINGAPORE 408968,7.043509290403673,32.0,1,4,0,1,13,16,1.0,,0,1
SIMS EDGE,888888.0,581.26,1529.0,2023-01-01,54.0,16461.0,1.31640485669867,103.887906763671,1 GEYLANG EAST AVENUE 2 SIMS EDGE SINGAPORE 389760,5.523980705206435,32.0,4,5,3,7,12,4,2.0,1.0,0,1
SIMS URBAN OASIS,1150000.0,667.37,1723.0,2023-01-01,62.0,18548.0,1.31926710475553,103.880615863782,6 SIMS DRIVE SIMS URBAN OASIS SINGAPORE 387388,5.190897370243519,32.0,3,4,0,8,9,1,4.0,1.0,1,1
MILLAGE,713888.0,462.85,1542.0,2023-01-01,43.0,16602.0,1.38854656229022,103.987804503483,1 CHANGI VILLAGE ROAD SINGAPORE 500001,19.183455237444974,32.0,0,1,0,0,0,5,2.0,1.0,0,1
SUITES@CHANGI,600000.0,409.03,1467.0,2023-01-01,38.0,15789.0,1.317041377544,103.904748281539,226 CHANGI ROAD SUITES@CHANGI SINGAPORE 419740,7.06748560964527,32.0,1,3,0,1,14,16,1.0,1.0,0,1
LE REGAL,770000.0,785.77,980.0,2023-01-01,73.0,10548.0,1.31250268727998,103.880368117228,340 GEYLANG ROAD LE REGAL SINGAPORE 389365,4.61788023094977,32.0,2,3,0,9,10,1,1.0,1.0,0,1
PARC ESTA,2015000.0,958.0,2103.0,2023-01-01,89.0,22640.0,1.31786521916555,103.903967184717,904 SIMS AVENUE PARC ESTA SINGAPORE 408968,7.043509290403673,32.0,1,4,0,1,13,16,2.0,,0,1
GROSVENOR VIEW,988000.0,1054.87,937.0,2023-01-01,98.0,10082.0,1.32768795196418,103.911844825065,3 LENGKONG EMPAT GROSVENOR VIEW SINGAPORE 417611,8.382712261708466,32.0,2,1,0,2,7,16,3.0,1.0,1,2
SINGA HILLS,955000.0,667.37,1431.0,2023-01-01,62.0,15403.0,1.33013262911561,103.908284993545,33 JALAN SINGA SINGA HILLS SINGAPORE 418109,8.234437338266625,32.0,1,1,0,2,5,13,1.0,1.0,0,2
GUILLEMARD EDGE,888888.0,861.12,1032.0,2023-01-01,80.0,11111.0,1.31200443744473,103.885949377155,38 LORONG 30 GEYLANG GUILLEMARD EDGE SINGAPORE 398371,5.041282413008211,32.0,4,4,1,7,11,5,2.0,1.0,0,1
ASTORIA PARK,1400000.0,1194.8,1172.0,2023-01-01,111.0,12613.0,1.32177770499303,103.91225216665,34 LORONG MYDIN ASTORIA PARK SINGAPORE 416827,8.053226885077692,32.0,1,1,0,2,12,17,3.0,1.0,1,2
EUHABITAT,1255000.0,871.88,1439.0,2023-01-01,81.0,15494.0,1.32795415126263,103.9070014142,196 JALAN EUNOS EUHABITAT SINGAPORE 419542,7.971961203569236,32.0,2,2,0,2,6,15,1.0,1.0,1,2
URBAN TREASURES,1823500.0,882.65,2066.0,2023-01-01,82.0,22238.0,1.32936720206385,103.905791323853,205 JALAN EUNOS URBAN TREASURES SINGAPORE 419535,7.966767145631702,32.0,2,0,0,2,6,11,2.0,0.0,1,2
VACANZA @ EAST,2200000.0,1915.99,1148.0,2022-12-01,178.0,12360.0,1.32901984483655,103.914196223923,36 LENGKONG TUJOH VACANZA @ EAST SINGAPORE 417391,8.680985857703446,34.0,3,1,0,2,8,12,3.0,1.0,1,2
PARC ESTA,1050000.0,516.67,2032.0,2022-12-01,48.0,21875.0,1.31786521916555,103.903967184717,904 SIMS AVENUE PARC ESTA SINGAPORE 408968,7.043509290403673,34.0,1,4,0,1,13,16,4.0,,0,1
SUITES @ EUNOS,838000.0,581.26,1442.0,2022-12-01,54.0,15519.0,1.3205334041426,103.905772422058,1 JALAN YASIN SUITES @ EUNOS SINGAPORE 417958,7.374403827770043,34.0,2,2,0,1,10,12,1.0,1.0,0,2
DENG FU VILLE,1460000.0,1011.82,1443.0,2022-12-01,94.0,15532.0,1.31907103004917,103.906727650036,30 KAMPONG EUNOS DENG FU VILLE SINGAPORE 417777,7.373814325731649,34.0,2,2,0,1,13,14,1.0,1.0,0,2
BLISS RESIDENCES,750000.0,516.67,1452.0,2022-12-01,48.0,15625.0,1.32012879856897,103.91212772924,17 JALAN MASJID BLISS RESIDENCES SINGAPORE 418942,7.945787384352488,34.0,1,1,0,2,12,17,1.0,1.0,0,2
PARC ESTA,970000.0,452.09,2146.0,2022-12-01,42.0,23095.0,1.31786521916555,103.903967184717,904 SIMS AVENUE PARC ESTA SINGAPORE 408968,7.043509290403673,34.0,1,4,0,1,13,16,3.0,,0,1
THE MIDAS,1280000.0,1140.98,1122.0,2022-12-01,106.0,12075.0,1.31287327322577,103.886114462631,26 LORONG 30 GEYLANG THE MIDAS SINGAPORE 398359,5.116956655400778,34.0,5,4,2,7,11,4,1.0,1.0,0,1
PARC ESTA,3000000.0,1399.32,2144.0,2022-12-01,130.0,23077.0,1.31786521916555,103.903967184717,904 SIMS AVENUE PARC ESTA SINGAPORE 408968,7.043509290403673,34.0,1,4,0,1,13,16,3.0,,0,1
CENTRAL IMPERIAL,610000.0,419.8,1453.0,2022-12-01,39.0,15641.0,1.31194266781347,103.879213970964,3 LORONG 14 GEYLANG CENTRAL IMPERIAL SINGAPORE 398915,4.483469484998063,34.0,3,4,0,10,9,1,1.0,1.0,0,1
WATERBANK AT DAKOTA,830000.0,484.38,1714.0,2022-12-01,45.0,18444.0,1.30647833742136,103.888537197136,76 DAKOTA CRESCENT WATERBANK AT DAKOTA SINGAPORE 399944,4.918518965685704,34.0,3,3,0,5,10,6,4.0,1.0,1,1
SUITES@CHANGI,605000.0,409.03,1479.0,2022-12-01,38.0,15921.0,1.317041377544,103.904748281539,226 CHANGI ROAD SUITES@CHANGI SINGAPORE 419740,7.06748560964527,34.0,1,3,0,1,14,16,1.0,1.0,0,1
PARC ESTA,1745000.0,828.83,2105.0,2022-12-01,77.0,22662.0,1.31786521916555,103.903967184717,904 SIMS AVENUE PARC ESTA SINGAPORE 408968,7.043509290403673,34.0,1,4,0,1,13,16,2.0,,0,1
SIMS EDGE,735000.0,409.03,1797.0,2022-12-01,38.0,19342.0,1.31640485669867,103.887906763671,1 GEYLANG EAST AVENUE 2 SIMS EDGE SINGAPORE 389760,5.523980705206435,34.0,4,5,3,7,12,4,2.0,1.0,0,1
SILVERSCAPE,805000.0,559.73,1438.0,2022-12-01,52.0,15481.0,1.31256998658763,103.887209225771,39 LORONG 32 GEYLANG SILVERSCAPE SINGAPORE 398299,5.189405207979182,34.0,5,4,2,7,11,5,2.0,1.0,0,1
KEMBANGAN COURT,1070000.0,893.41,1198.0,2022-12-01,83.0,12892.0,1.319622124356,103.912288714696,5 JALAN MASJID KEMBANGAN COURT SINGAPORE 418924,7.932385965113162,34.0,1,1,0,2,11,17,1.0,1.0,0,2
SIMS URBAN OASIS,1130000.0,624.31,1810.0,2022-12-01,58.0,19483.0,1.31926710475553,103.880615863782,6 SIMS DRIVE SIMS URBAN OASIS SINGAPORE 387388,5.190897370243519,34.0,3,4,0,8,9,1,4.0,1.0,1,1
PARC ESTA,1900000.0,914.94,2077.0,2022-12-01,85.0,22353.0,1.31786521916555,103.903967184717,904 SIMS AVENUE PARC ESTA SINGAPORE 408968,7.043509290403673,34.0,1,4,0,1,13,16,2.0,,0,1
EUHABITAT,838000.0,613.55,1366.0,2022-12-01,57.0,14702.0,1.32795415126263,103.9070014142,196 JALAN EUNOS EUHABITAT SINGAPORE 419542,7.971961203569236,34.0,2,2,0,2,6,15,1.0,1.0,1,2
LA BRISA,845000.0,602.78,1402.0,2022-12-01,56.0,15089.0,1.31190419143627,103.885369365155,50 LORONG 28 GEYLANG LA BRISA SINGAPORE 398453,4.984533537431171,34.0,4,4,1,7,11,5,1.0,1.0,0,1
MILL CREEK,1125000.0,914.94,1230.0,2022-12-01,85.0,13235.0,1.31955327216571,103.909937629963,10 LORONG MARZUKI MILL CREEK SINGAPORE 417052,7.704555862110513,34.0,2,1,0,2,13,13,1.0,1.0,0,2
TRE RESIDENCES,940000.0,570.49,1648.0,2022-12-01,53.0,17736.0,1.3172278261209,103.885015905304,9 GEYLANG EAST AVENUE 1 TRE RESIDENCES SINGAPORE 389783,5.353082321074245,34.0,3,3,2,8,9,3,3.0,1.0,1,1
PARC ESTA,868000.0,419.8,2068.0,2022-12-01,39.0,22256.0,1.31786521916555,103.903967184717,904 SIMS AVENUE PARC ESTA SINGAPORE 408968,7.043509290403673,34.0,1,4,0,1,13,16,1.0,,0,1
MORI,2092000.0,1097.93,1905.0,2022-12-01,102.0,20510.0,1.31131219787605,103.882972095616,223 GUILLEMARD ROAD MORI SINGAPORE 399738,4.739370253523735,34.0,3,3,0,8,9,2,1.0,0.0,0,1
THE LENOX,1575000.0,1065.64,1478.0,2022-12-01,99.0,15909.0,1.31824376273926,103.911351165333,396 CHANGI ROAD THE LENOX SINGAPORE 415899,7.765250446888848,34.0,2,1,0,2,13,15,1.0,1.0,0,2
PARC ESTA,2350000.0,1205.57,1949.0,2022-12-01,112.0,20982.0,1.31786521916555,103.903967184717,904 SIMS AVENUE PARC ESTA SINGAPORE 408968,7.043509290403673,34.0,1,4,0,1,13,16,4.0,,0,1
TRE RESIDENCES,1273000.0,764.24,1666.0,2022-12-01,71.0,17930.0,1.3172278261209,103.885015905304,9 GEYLANG EAST AVENUE 1 TRE RESIDENCES SINGAPORE 389783,5.353082321074245,34.0,3,3,2,8,9,3,3.0,1.0,1,1
MELOSA,640000.0,441.32,1450.0,2022-12-01,41.0,15610.0,1.31253733235708,103.885402784916,28 LORONG 28 GEYLANG MELOSA SINGAPORE 398432,5.032539138387234,34.0,4,4,1,7,11,4,1.0,1.0,0,1
PARC ESTA,1458000.0,742.72,1963.0,2022-12-01,69.0,21130.0,1.31786521916555,103.903967184717,904 SIMS AVENUE PARC ESTA SINGAPORE 408968,7.043509290403673,34.0,1,4,0,1,13,16,1.0,,0,1
MORI,1253000.0,592.02,2116.0,2022-12-01,55.0,22782.0,1.31131219787605,103.882972095616,223 GUILLEMARD ROAD MORI SINGAPORE 399738,4.739370253523735,34.0,3,3,0,8,9,2,1.0,0.0,0,1
SIMS URBAN OASIS,796000.0,462.85,1720.0,2022-12-01,43.0,18512.0,1.31926710475553,103.880615863782,6 SIMS DRIVE SIMS URBAN OASIS SINGAPORE 387388,5.190897370243519,34.0,3,4,0,8,9,1,3.0,1.0,1,1
ASTORIA PARK,1080000.0,850.36,1270.0,2022-12-01,79.0,13671.0,1.32177770499303,103.91225216665,34 LORONG MYDIN ASTORIA PARK SINGAPORE 416827,8.053226885077692,34.0,1,1,0,2,12,17,1.0,1.0,1,2
ZYANYA,1889000.0,1044.11,1809.0,2022-12-01,97.0,19474.0,1.31392103072017,103.883276357397,8 LORONG 25A GEYLANG ZYANYA SINGAPORE 388222,4.959147064738651,34.0,3,4,0,8,9,3,1.0,0.0,0,1
STARVILLE,1400000.0,1216.33,1151.0,2022-12-01,113.0,12389.0,1.32826483616522,103.912067534158,66 LENGKONG TIGA STARVILLE SINGAPORE 417471,8.44041551036464,34.0,3,1,0,2,7,15,2.0,1.0,1,2
THE SUNNY SPRING,1650000.0,1065.64,1548.0,2022-12-01,99.0,16667.0,1.31219203070087,103.889464697147,50 LORONG 40 GEYLANG THE SUNNY SPRING SINGAPORE 398074,5.3613842782215055,34.0,4,4,3,6,11,5,1.0,1.0,0,1
CASA EMERALD,1250000.0,1044.11,1197.0,2022-12-01,97.0,12887.0,1.31212684791503,103.887220221118,51 LORONG 32 GEYLANG CASA EMERALD SINGAPORE 398311,5.159628263948754,34.0,5,4,2,7,11,5,2.0,1.0,0,1
PARC ESTA,1380000.0,635.08,2173.0,2022-12-01,59.0,23390.0,1.31786521916555,103.903967184717,904 SIMS AVENUE PARC ESTA SINGAPORE 408968,7.043509290403673,34.0,1,4,0,1,13,16,4.0,,0,1
# 1 SUITES,725000.0,624.31,1161.0,2022-12-01,58.0,12500.0,1.31239029325188,103.881504147527,1 LORONG 20 GEYLANG # 1 SUITES SINGAPORE 398721,4.699608709809529,34.0,3,3,0,8,9,2,1.0,1.0,0,1
WATERBANK AT DAKOTA,1510000.0,882.65,1711.0,2022-12-01,82.0,18415.0,1.30647833742136,103.888537197136,76 DAKOTA CRESCENT WATERBANK AT DAKOTA SINGAPORE 399944,4.918518965685704,34.0,3,3,0,5,10,6,2.0,1.0,1,1
URBAN TREASURES,1831000.0,882.65,2074.0,2022-12-01,82.0,22329.0,1.32936720206385,103.905791323853,205 JALAN EUNOS URBAN TREASURES SINGAPORE 419535,7.966767145631702,34.0,2,0,0,2,6,11,2.0,0.0,1,2
VACANZA @ EAST,1080000.0,839.59,1286.0,2022-12-01,78.0,13846.0,1.32901984483655,103.914196223923,36 LENGKONG TUJOH VACANZA @ EAST SINGAPORE 417391,8.680985857703446,34.0,3,1,0,2,8,12,1.0,1.0,1,2
ZYANYA,1854000.0,1044.11,1776.0,2022-12-01,97.0,19113.0,1.31392103072017,103.883276357397,8 LORONG 25A GEYLANG ZYANYA SINGAPORE 388222,4.959147064738651,34.0,3,4,0,8,9,3,1.0,0.0,0,1
TROPIKA EAST,660000.0,430.56,1533.0,2022-12-01,40.0,16500.0,1.32886589161997,103.90719397756,3 FOO KIM LIN ROAD TROPIKA EAST SINGAPORE 419679,8.051842718239321,34.0,2,1,0,2,6,15,1.0,1.0,1,2
VACANZA @ EAST,1050000.0,839.59,1251.0,2022-12-01,78.0,13462.0,1.32901984483655,103.914196223923,36 LENGKONG TUJOH VACANZA @ EAST SINGAPORE 417391,8.680985857703446,34.0,3,1,0,2,8,12,1.0,1.0,1,2
MORI,2080000.0,1173.28,1773.0,2022-12-01,109.0,19083.0,1.31131219787605,103.882972095616,223 GUILLEMARD ROAD MORI SINGAPORE 399738,4.739370253523735,34.0,3,3,0,8,9,2,1.0,0.0,0,1
TRE RESIDENCES,1400000.0,861.12,1626.0,2022-12-01,80.0,17500.0,1.3172278261209,103.885015905304,9 GEYLANG EAST AVENUE 1 TRE RESIDENCES SINGAPORE 389783,5.353082321074245,34.0,3,3,2,8,9,3,3.0,1.0,1,1
SMART SUITES,730000.0,484.38,1507.0,2022-12-01,45.0,16222.0,1.31514448371947,103.884050282732,302 SIMS AVENUE SMART SUITES SINGAPORE 387516,5.114950686082434,34.0,3,5,0,8,9,3,1.0,1.0,0,1
THE LENOX,1138000.0,775.01,1468.0,2022-12-01,72.0,15806.0,1.31824376273926,103.911351165333,396 CHANGI ROAD THE LENOX SINGAPORE 415899,7.765250446888848,34.0,2,1,0,2,13,15,1.0,1.0,0,2
TRE RESIDENCES,1475000.0,861.12,1713.0,2022-12-01,80.0,18438.0,1.3172278261209,103.885015905304,9 GEYLANG EAST AVENUE 1 TRE RESIDENCES SINGAPORE 389783,5.353082321074245,34.0,3,3,2,8,9,3,4.0,1.0,1,1
ASTOR,1150000.0,1130.22,1018.0,2022-12-01,105.0,10952.0,1.32879593267373,103.912963648128,51C LENGKONG EMPAT ASTOR SINGAPORE 417660,8.55554984945014,34.0,3,1,0,2,7,14,3.0,1.0,0,2
SIMS URBAN OASIS,2728000.0,1733.0,1574.0,2022-12-01,161.0,16944.0,1.31926710475553,103.880615863782,6 SIMS DRIVE SIMS URBAN OASIS SINGAPORE 387388,5.190897370243519,34.0,3,4,0,8,9,1,2.0,1.0,1,1
ZYANYA,1617425.0,893.41,1810.0,2022-11-01,83.0,19487.0,1.31392103072017,103.883276357397,8 LORONG 25A GEYLANG ZYANYA SINGAPORE 388222,4.959147064738651,34.0,3,4,0,8,9,3,1.0,0.0,0,1
PARC ESTA,1900000.0,925.7,2052.0,2022-11-01,86.0,22093.0,1.31786521916555,103.903967184717,904 SIMS AVENUE PARC ESTA SINGAPORE 408968,7.043509290403673,34.0,1,4,0,1,13,16,3.0,,0,1
GUILLEMARD EDGE,880000.0,559.73,1572.0,2022-11-01,52.0,16923.0,1.31200443744473,103.885949377155,38 LORONG 30 GEYLANG GUILLEMARD EDGE SINGAPORE 398371,5.041282413008211,34.0,4,4,1,7,11,5,2.0,1.0,0,1
URBAN TREASURES,1841800.0,882.65,2087.0,2022-11-01,82.0,22461.0,1.32936720206385,103.905791323853,205 JALAN EUNOS URBAN TREASURES SINGAPORE 419535,7.966767145631702,34.0,2,0,0,2,6,11,3.0,0.0,1,2
EUHABITAT,745000.0,527.44,1412.0,2022-11-01,49.0,15204.0,1.32795415126263,103.9070014142,196 JALAN EUNOS EUHABITAT SINGAPORE 419542,7.971961203569236,34.0,2,2,0,2,6,15,1.0,1.0,1,2
IDYLLIC SUITES,849998.0,592.02,1436.0,2022-11-01,55.0,15455.0,1.31285080910896,103.886497625764,21 LORONG 30 GEYLANG IDYLLIC SUITES SINGAPORE 398353,5.1480043421598065,34.0,5,4,2,7,11,5,2.0,1.0,0,1
THE SUNNY SPRING,1600000.0,1108.69,1443.0,2022-11-01,103.0,15534.0,1.31219203070087,103.889464697147,50 LORONG 40 GEYLANG THE SUNNY SPRING SINGAPORE 398074,5.3613842782215055,34.0,4,4,3,6,11,5,1.0,1.0,0,1
EUHABITAT,1550000.0,1130.22,1371.0,2022-11-01,105.0,14762.0,1.32795415126263,103.9070014142,196 JALAN EUNOS EUHABITAT SINGAPORE 419542,7.971961203569236,34.0,2,2,0,2,6,15,1.0,1.0,1,2
ZYANYA,1579050.0,893.41,1767.0,2022-11-01,83.0,19025.0,1.31392103072017,103.883276357397,8 LORONG 25A GEYLANG ZYANYA SINGAPORE 388222,4.959147064738651,34.0,3,4,0,8,9,3,1.0,0.0,0,1
RESIDENCES 88,740000.0,505.91,1463.0,2022-11-01,47.0,15745.0,1.32627973484674,103.907811483759,88 LORONG MARICAN RESIDENCES 88 SINGAPORE 417297,7.92954468966822,34.0,3,1,0,2,7,15,1.0,1.0,0,2
VACANZA @ EAST,1178000.0,839.59,1403.0,2022-11-01,78.0,15103.0,1.32901984483655,103.914196223923,36 LENGKONG TUJOH VACANZA @ EAST SINGAPORE 417391,8.680985857703446,34.0,3,1,0,2,8,12,2.0,1.0,1,2
SIMS URBAN OASIS,1080000.0,667.37,1618.0,2022-11-01,62.0,17419.0,1.31926710475553,103.880615863782,6 SIMS DRIVE SIMS URBAN OASIS SINGAPORE 387388,5.190897370243519,34.0,3,4,0,8,9,1,3.0,1.0,1,1
MORO MANSIONS,1108888.0,936.47,1184.0,2022-11-01,87.0,12746.0,1.31528810526081,103.889430101654,3 LORONG 37 GEYLANG MORO MANSIONS SINGAPORE 387901,5.571248132610593,34.0,4,4,3,6,13,4,1.0,1.0,0,1
WATERBANK AT DAKOTA,800000.0,484.38,1652.0,2022-11-01,45.0,17778.0,1.30647833742136,103.888537197136,76 DAKOTA CRESCENT WATERBANK AT DAKOTA SINGAPORE 399944,4.918518965685704,34.0,3,3,0,5,10,6,1.0,1.0,1,1
PARC ESTA,1540000.0,699.66,2201.0,2022-11-01,65.0,23692.0,1.31786521916555,103.903967184717,904 SIMS AVENUE PARC ESTA SINGAPORE 408968,7.043509290403673,34.0,1,4,0,1,13,16,2.0,,0,1
EUNOS PARK,1550000.0,1291.68,1200.0,2022-11-01,120.0,12917.0,1.31846390653038,103.9060767957,5 KAMPONG EUNOS EUNOS PARK SINGAPORE 417771,7.276599829446479,34.0,2,2,0,1,13,14,1.0,1.0,1,2
THE SUNNY SPRING,1700000.0,1194.8,1423.0,2022-11-01,111.0,15315.0,1.31219203070087,103.889464697147,50 LORONG 40 GEYLANG THE SUNNY SPRING SINGAPORE 398074,5.3613842782215055,34.0,4,4,3,6,11,5,2.0,1.0,0,1
PARC ESTA,1030000.0,516.67,1994.0,2022-11-01,48.0,21458.0,1.31786521916555,103.903967184717,904 SIMS AVENUE PARC ESTA SINGAPORE 408968,7.043509290403673,34.0,1,4,0,1,13,16,1.0,,0,1
MORI,2130000.0,1184.04,1799.0,2022-11-01,110.0,19364.0,1.31131219787605,103.882972095616,223 GUILLEMARD ROAD MORI SINGAPORE 399738,4.739370253523735,34.0,3,3,0,8,9,2,1.0,0.0,0,1
PARC ESTA,1080000.0,516.67,2090.0,2022-11-01,48.0,22500.0,1.31786521916555,103.903967184717,904 SIMS AVENUE PARC ESTA SINGAPORE 408968,7.043509290403673,34.0,1,4,0,1,13,16,4.0,,0,1
SMART SUITES,1090000.0,914.94,1191.0,2022-11-01,85.0,12824.0,1.31514448371947,103.884050282732,302 SIMS AVENUE SMART SUITES SINGAPORE 387516,5.114950686082434,34.0,3,5,0,8,9,3,1.0,1.0,0,1
SUNFLOWER REGENCY,980000.0,1184.04,828.0,2022-11-01,110.0,8909.0,1.3112844032004,103.881516089364,37 LORONG 20 GEYLANG SUNFLOWER REGENCY SINGAPORE 398753,4.616871709534783,34.0,3,3,0,8,9,2,1.0,1.0,0,1
EUHABITAT,1339900.0,1011.82,1324.0,2022-11-01,94.0,14254.0,1.32795415126263,103.9070014142,196 JALAN EUNOS EUHABITAT SINGAPORE 419542,7.971961203569236,34.0,2,2,0,2,6,15,1.0,1.0,1,2
LA BRISA,630000.0,441.32,1428.0,2022-11-01,41.0,15366.0,1.31190419143627,103.885369365155,50 LORONG 28 GEYLANG LA BRISA SINGAPORE 398453,4.984533537431171,34.0,4,4,1,7,11,5,1.0,1.0,0,1
MILLAGE,715000.0,462.85,1545.0,2022-11-01,43.0,16628.0,1.38854656229022,103.987804503483,1 CHANGI VILLAGE ROAD SINGAPORE 500001,19.183455237444974,34.0,0,1,0,0,0,5,1.0,1.0,0,1
ZYANYA,2110000.0,1302.44,1620.0,2022-11-01,121.0,17438.0,1.31392103072017,103.883276357397,8 LORONG 25A GEYLANG ZYANYA SINGAPORE 388222,4.959147064738651,34.0,3,4,0,8,9,3,1.0,0.0,0,1
ASTORIA PARK,1375000.0,1194.8,1151.0,2022-11-01,111.0,12387.0,1.32177770499303,103.91225216665,34 LORONG MYDIN ASTORIA PARK SINGAPORE 416827,8.053226885077692,34.0,1,1,0,2,12,17,2.0,1.0,1,2
WATERBANK AT DAKOTA,1180000.0,635.08,1858.0,2022-11-01,59.0,20000.0,1.30647833742136,103.888537197136,76 DAKOTA CRESCENT WATERBANK AT DAKOTA SINGAPORE 399944,4.918518965685704,34.0,3,3,0,5,10,6,1.0,1.0,1,1
PARC ESTA,1700000.0,828.83,2051.0,2022-11-01,77.0,22078.0,1.31786521916555,103.903967184717,904 SIMS AVENUE PARC ESTA SINGAPORE 408968,7.043509290403673,34.0,1,4,0,1,13,16,1.0,,0,1
EUHABITAT,1408000.0,1022.58,1377.0,2022-11-01,95.0,14821.0,1.32795415126263,103.9070014142,196 JALAN EUNOS EUHABITAT SINGAPORE 419542,7.971961203569236,34.0,2,2,0,2,6,15,1.0,1.0,1,2
SIMS URBAN OASIS,786000.0,462.85,1698.0,2022-11-01,43.0,18279.0,1.31926710475553,103.880615863782,6 SIMS DRIVE SIMS URBAN OASIS SINGAPORE 387388,5.190897370243519,34.0,3,4,0,8,9,1,3.0,1.0,1,1
SIMS URBAN OASIS,900000.0,559.73,1608.0,2022-11-01,52.0,17308.0,1.31926710475553,103.880615863782,6 SIMS DRIVE SIMS URBAN OASIS SINGAPORE 387388,5.190897370243519,34.0,3,4,0,8,9,1,4.0,1.0,1,1
SIMS URBAN OASIS,802000.0,462.85,1733.0,2022-11-01,43.0,18651.0,1.31926710475553,103.880615863782,6 SIMS DRIVE SIMS URBAN OASIS SINGAPORE 387388,5.190897370243519,34.0,3,4,0,8,9,1,1.0,1.0,1,1
ESCADA VIEW,818000.0,764.24,1070.0,2022-11-01,71.0,11521.0,1.32899344664489,103.91347731741,53 LENGKONG EMPAT ESCADA VIEW SINGAPORE 417657,8.614569394694955,34.0,3,1,0,2,7,13,2.0,1.0,1,2
SUNNY LODGE,930000.0,624.31,1490.0,2022-11-01,58.0,16034.0,1.32438242964886,103.906966580799,6A LORONG SALLEH SUNNY LODGE SINGAPORE 416757,7.728747151239156,34.0,2,1,0,1,6,14,1.0,1.0,0,2
THE SUNNY SPRING,1400000.0,990.29,1414.0,2022-11-01,92.0,15217.0,1.31219203070087,103.889464697147,50 LORONG 40 GEYLANG THE SUNNY SPRING SINGAPORE 398074,5.3613842782215055,34.0,4,4,3,6,11,5,1.0,1.0,0,1
WATERBANK AT DAKOTA,2200000.0,1528.49,1439.0,2022-11-01,142.0,15493.0,1.30647833742136,103.888537197136,76 DAKOTA CRESCENT WATERBANK AT DAKOTA SINGAPORE 399944,4.918518965685704,34.0,3,3,0,5,10,6,1.0,1.0,1,1
WATERBANK AT DAKOTA,838000.0,484.38,1730.0,2022-11-01,45.0,18622.0,1.30647833742136,103.888537197136,76 DAKOTA CRESCENT WATERBANK AT DAKOTA SINGAPORE 399944,4.918518965685704,34.0,3,3,0,5,10,6,3.0,1.0,1,1
ARENA RESIDENCES,1199988.0,548.96,2186.0,2022-11-01,51.0,23529.0,1.30967685823486,103.880642764235,20 GUILLEMARD CRESCENT ARENA RESIDENCES SINGAPORE 399915,4.425439723338632,34.0,4,4,1,9,9,1,3.0,,0,1
VACANZA @ EAST,1128000.0,839.59,1344.0,2022-11-01,78.0,14462.0,1.32901984483655,103.914196223923,36 LENGKONG TUJOH VACANZA @ EAST SINGAPORE 417391,8.680985857703446,34.0,3,1,0,2,8,12,1.0,1.0,1,2
EUHABITAT,680000.0,516.67,1316.0,2022-11-01,48.0,14167.0,1.32795415126263,103.9070014142,196 JALAN EUNOS EUHABITAT SINGAPORE 419542,7.971961203569236,34.0,2,2,0,2,6,15,1.0,1.0,1,2
TROPIKA EAST,720000.0,441.32,1631.0,2022-11-01,41.0,17561.0,1.32886589161997,103.90719397756,3 FOO KIM LIN ROAD TROPIKA EAST SINGAPORE 419679,8.051842718239321,34.0,2,1,0,2,6,15,1.0,1.0,1,2
TRE RESIDENCES,960000.0,570.49,1683.0,2022-11-01,53.0,18113.0,1.3172278261209,103.885015905304,9 GEYLANG EAST AVENUE 1 TRE RESIDENCES SINGAPORE 389783,5.353082321074245,34.0,3,3,2,8,9,3,2.0,1.0,1,1
PARC ESTA,930000.0,419.8,2215.0,2022-11-01,39.0,23846.0,1.31786521916555,103.903967184717,904 SIMS AVENUE PARC ESTA SINGAPORE 408968,7.043509290403673,34.0,1,4,0,1,13,16,3.0,,0,1
PARC ESTA,1380000.0,635.08,2173.0,2022-11-01,59.0,23390.0,1.31786521916555,103.903967184717,904 SIMS AVENUE PARC ESTA SINGAPORE 408968,7.043509290403673,34.0,1,4,0,1,13,16,3.0,,0,1
VIENTO,588000.0,430.56,1366.0,2022-11-01,40.0,14700.0,1.31221104514144,103.886520466932,29 LORONG 30 GEYLANG VIENTO SINGAPORE 398362,5.104904162018615,34.0,5,4,2,7,11,5,1.0,1.0,0,1
SUNFLOWER REGENCY,1200000.0,1184.04,1013.0,2022-11-01,110.0,10909.0,1.3112844032004,103.881516089364,37 LORONG 20 GEYLANG SUNFLOWER REGENCY SINGAPORE 398753,4.616871709534783,34.0,3,3,0,8,9,2,1.0,1.0,0,1
WATERBANK AT DAKOTA,2800000.0,1571.54,1782.0,2022-11-01,146.0,19178.0,1.30647833742136,103.888537197136,76 DAKOTA CRESCENT WATERBANK AT DAKOTA SINGAPORE 399944,4.918518965685704,34.0,3,3,0,5,10,6,4.0,1.0,1,1
THE HELICONIA,1640000.0,1302.44,1259.0,2022-11-01,121.0,13554.0,1.32635294484067,103.908900244938,30 JALAN DAUD THE HELICONIA SINGAPORE 419572,8.031320801555648,34.0,3,2,0,2,7,16,2.0,1.0,1,2
PARC ESTA,1290000.0,581.26,2219.0,2022-11-01,54.0,23889.0,1.31786521916555,103.903967184717,904 SIMS AVENUE PARC ESTA SINGAPORE 408968,7.043509290403673,34.0,1,4,0,1,13,16,3.0,,0,1
TRE RESIDENCES,1330000.0,861.12,1545.0,2022-11-01,80.0,16625.0,1.3172278261209,103.885015905304,9 GEYLANG EAST AVENUE 1 TRE RESIDENCES SINGAPORE 389783,5.353082321074245,34.0,3,3,2,8,9,3,1.0,1.0,1,1
THE HELICONIA,1591000.0,1302.44,1222.0,2022-11-01,121.0,13149.0,1.32635294484067,103.908900244938,30 JALAN DAUD THE HELICONIA SINGAPORE 419572,8.031320801555648,34.0,3,2,0,2,7,16,2.0,1.0,1,2
GUILLEMARD EDGE,655000.0,409.03,1601.0,2022-11-01,38.0,17237.0,1.31200443744473,103.885949377155,38 LORONG 30 GEYLANG GUILLEMARD EDGE SINGAPORE 398371,5.041282413008211,34.0,4,4,1,7,11,5,1.0,1.0,0,1
QUBE SUITES,683000.0,452.09,1511.0,2022-11-01,42.0,16262.0,1.32987209553022,103.908123975446,24 JALAN PUNAI QUBE SUITES SINGAPORE 418804,8.202337725386041,34.0,2,1,0,2,5,14,1.0,1.0,0,2
PARC ESTA,880000.0,452.09,1947.0,2022-11-01,42.0,20952.0,1.31786521916555,103.903967184717,904 SIMS AVENUE PARC ESTA SINGAPORE 408968,7.043509290403673,34.0,1,4,0,1,13,16,1.0,,0,1
SIMS POINT,1210000.0,1227.1,986.0,2022-11-01,114.0,10614.0,1.31312217027915,103.879474779,4 LORONG 19 GEYLANG SIMS POINT SINGAPORE 388489,4.597436366415851,34.0,3,4,0,10,9,1,2.0,1.0,0,1
PARC ESTA,1448000.0,742.72,1950.0,2022-11-01,69.0,20986.0,1.31786521916555,103.903967184717,904 SIMS AVENUE PARC ESTA SINGAPORE 408968,7.043509290403673,34.0,1,4,0,1,13,16,1.0,,0,1
ASTOR,923777.0,861.12,1073.0,2022-10-01,80.0,11547.0,1.32879593267373,103.912963648128,51C LENGKONG EMPAT ASTOR SINGAPORE 417660,8.55554984945014,36.0,3,1,0,2,7,14,2.0,1.0,0,2
LA FLEUR,620000.0,419.8,1477.0,2022-10-01,39.0,15897.0,1.31244454232324,103.884576516653,8 LORONG 26 GEYLANG LA FLEUR SINGAPORE 398483,4.956192019907782,36.0,3,4,0,7,10,4,1.0,1.0,0,1
THE ALCOVE,1390000.0,1377.79,1009.0,2022-10-01,128.0,10859.0,1.31400655260741,103.884015328938,10 LORONG 27 GEYLANG THE ALCOVE SINGAPORE 388199,5.025483913717779,36.0,4,4,0,8,9,4,1.0,1.0,0,1
THE NAVIAN,1090000.0,602.78,1808.0,2022-10-01,56.0,19464.0,1.32780887766582,103.906399584482,178 JALAN EUNOS THE NAVIAN SINGAPORE 419530,7.909635869494765,36.0,3,1,0,2,6,14,1.0,1.0,0,2
KEMBANGAN SUITES,1500000.0,968.76,1548.0,2022-10-01,90.0,16667.0,1.32015257058639,103.912727083961,16 JALAN MASJID KEMBANGAN SUITES SINGAPORE 418941,8.00431940901614,36.0,1,1,0,2,12,18,1.0,1.0,0,2
NICOLE GREEN,1700000.0,1270.15,1338.0,2022-10-01,118.0,14407.0,1.30930458520869,103.879851001095,68 GUILLEMARD ROAD NICOLE GREEN SINGAPORE 399710,4.332405732571704,36.0,5,4,1,10,9,1,1.0,1.0,0,1
THE WATERINA,2300000.0,1227.1,1874.0,2022-10-01,114.0,20175.0,1.3132821071538,103.89085032363,59 LORONG 40 GEYLANG THE WATERINA SINGAPORE 398082,5.55708137380416,36.0,4,4,3,5,12,5,1.0,1.0,0,1
EUHABITAT,808000.0,592.02,1365.0,2022-10-01,55.0,14691.0,1.32795415126263,103.9070014142,196 JALAN EUNOS EUHABITAT SINGAPORE 419542,7.971961203569236,36.0,2,2,0,2,6,15,1.0,1.0,1,2
SIMS URBAN OASIS,1150000.0,667.37,1723.0,2022-10-01,62.0,18548.0,1.31926710475553,103.880615863782,6 SIMS DRIVE SIMS URBAN OASIS SINGAPORE 387388,5.190897370243519,36.0,3,4,0,8,9,1,2.0,1.0,1,1
CENTRA LOFT,651000.0,430.56,1512.0,2022-10-01,40.0,16275.0,1.31481743950624,103.888376977987,3 LORONG 35 GEYLANG CENTRA LOFT SINGAPORE 387935,5.44803594028427,36.0,4,4,3,7,11,4,2.0,1.0,0,1
SIMS URBAN OASIS,1700000.0,958.0,1775.0,2022-10-01,89.0,19101.0,1.31926710475553,103.880615863782,6 SIMS DRIVE SIMS URBAN OASIS SINGAPORE 387388,5.190897370243519,36.0,3,4,0,8,9,1,2.0,1.0,1,1
PARC ESTA,1038000.0,516.67,2009.0,2022-10-01,48.0,21625.0,1.31786521916555,103.903967184717,904 SIMS AVENUE PARC ESTA SINGAPORE 408968,7.043509290403673,36.0,1,4,0,1,13,16,1.0,,0,1
PARC ESTA,880000.0,419.8,2096.0,2022-10-01,39.0,22564.0,1.31786521916555,103.903967184717,904 SIMS AVENUE PARC ESTA SINGAPORE 408968,7.043509290403673,36.0,1,4,0,1,13,16,2.0,,0,1
NESS,680000.0,441.32,1541.0,2022-10-01,41.0,16585.0,1.31269794714045,103.886776844129,38 LORONG 32 GEYLANG NESS SINGAPORE 398298,5.1611183017097115,36.0,5,4,2,7,11,5,1.0,1.0,0,1
EUHABITAT,702000.0,516.67,1359.0,2022-10-01,48.0,14625.0,1.32795415126263,103.9070014142,196 JALAN EUNOS EUHABITAT SINGAPORE 419542,7.971961203569236,36.0,2,2,0,2,6,15,1.0,1.0,1,2
REGAL 35,1050000.0,914.94,1148.0,2022-10-01,85.0,12353.0,1.31567200360524,103.888350601456,15 LORONG 35 GEYLANG REGAL 35 SINGAPORE 387945,5.50731333517945,36.0,4,4,3,7,12,4,1.0,1.0,0,1
TREASURES @ G20,530000.0,419.8,1263.0,2022-10-01,39.0,13590.0,1.31144699404485,103.881539708397,35 LORONG 20 GEYLANG TREASURES@G20 SINGAPORE 398751,4.6309982597520785,36.0,3,3,0,8,9,2,1.0,1.0,0,1
TRE RESIDENCES,1435000.0,947.23,1515.0,2022-10-01,88.0,16307.0,1.3172278261209,103.885015905304,9 GEYLANG EAST AVENUE 1 TRE RESIDENCES SINGAPORE 389783,5.353082321074245,36.0,3,3,2,8,9,3,1.0,1.0,1,1
PARC ESTA,2080000.0,1054.87,1972.0,2022-10-01,98.0,21224.0,1.31786521916555,103.903967184717,904 SIMS AVENUE PARC ESTA SINGAPORE 408968,7.043509290403673,36.0,1,4,0,1,13,16,4.0,,0,1
PARC ESTA,1925000.0,925.7,2079.0,2022-10-01,86.0,22384.0,1.31786521916555,103.903967184717,904 SIMS AVENUE PARC ESTA SINGAPORE 408968,7.043509290403673,36.0,1,4,0,1,13,16,2.0,,0,1
ZYANYA,1280000.0,613.55,2086.0,2022-10-01,57.0,22456.0,1.31392103072017,103.883276357397,8 LORONG 25A GEYLANG ZYANYA SINGAPORE 388222,4.959147064738651,36.0,3,4,0,8,9,3,1.0,0.0,0,1
LA BRISA,788000.0,559.73,1408.0,2022-10-01,52.0,15154.0,1.31190419143627,103.885369365155,50 LORONG 28 GEYLANG LA BRISA SINGAPORE 398453,4.984533537431171,36.0,4,4,1,7,11,5,1.0,1.0,0,1
PARC ESTA,1940000.0,958.0,2025.0,2022-10-01,89.0,21798.0,1.31786521916555,103.903967184717,904 SIMS AVENUE PARC ESTA SINGAPORE 408968,7.043509290403673,36.0,1,4,0,1,13,16,2.0,,0,1
LE ARC,1180000.0,1291.68,914.0,2022-10-01,120.0,9833.0,1.31259777837018,103.884583890504,6 LORONG 26 GEYLANG LE ARC SINGAPORE 398481,4.967956638099901,36.0,3,4,0,8,10,4,1.0,1.0,0,1
THE LENOX,698800.0,462.85,1510.0,2022-10-01,43.0,16251.0,1.31824376273926,103.911351165333,396 CHANGI ROAD THE LENOX SINGAPORE 415899,7.765250446888848,36.0,2,1,0,2,13,15,1.0,1.0,0,2
URBAN TREASURES,1806400.0,882.65,2047.0,2022-10-01,82.0,22029.0,1.32936720206385,103.905791323853,205 JALAN EUNOS URBAN TREASURES SINGAPORE 419535,7.966767145631702,36.0,2,0,0,2,6,11,1.0,0.0,1,2
SIMS URBAN OASIS,1700000.0,1033.34,1645.0,2022-10-01,96.0,17708.0,1.31926710475553,103.880615863782,6 SIMS DRIVE SIMS URBAN OASIS SINGAPORE 387388,5.190897370243519,36.0,3,4,0,8,9,1,1.0,1.0,1,1
PARC ESTA,1385000.0,635.08,2181.0,2022-10-01,59.0,23475.0,1.31786521916555,103.903967184717,904 SIMS AVENUE PARC ESTA SINGAPORE 408968,7.043509290403673,36.0,1,4,0,1,13,16,3.0,,0,1
WATERBANK AT DAKOTA,840000.0,484.38,1734.0,2022-10-01,45.0,18667.0,1.30647833742136,103.888537197136,76 DAKOTA CRESCENT WATERBANK AT DAKOTA SINGAPORE 399944,4.918518965685704,36.0,3,3,0,5,10,6,3.0,1.0,1,1
PARC ESTA,900000.0,419.8,2144.0,2022-10-01,39.0,23077.0,1.31786521916555,103.903967184717,904 SIMS AVENUE PARC ESTA SINGAPORE 408968,7.043509290403673,36.0,1,4,0,1,13,16,2.0,,0,1
PRIMEDGE,780000.0,527.44,1479.0,2022-10-01,49.0,15918.0,1.31253129900962,103.888139939124,45 LORONG 34 GEYLANG PRIMEDGE SINGAPORE 398236,5.2675901930288065,36.0,5,4,2,7,11,5,1.0,1.0,0,1
SINGA HILLS,930000.0,667.37,1394.0,2022-10-01,62.0,15000.0,1.33013262911561,103.908284993545,33 JALAN SINGA SINGA HILLS SINGAPORE 418109,8.234437338266625,36.0,1,1,0,2,5,13,1.0,1.0,0,2
SIMS URBAN OASIS,820000.0,462.85,1772.0,2022-10-01,43.0,19070.0,1.31926710475553,103.880615863782,6 SIMS DRIVE SIMS URBAN OASIS SINGAPORE 387388,5.190897370243519,36.0,3,4,0,8,9,1,2.0,1.0,1,1
WATERBANK AT DAKOTA,838000.0,484.38,1730.0,2022-10-01,45.0,18622.0,1.30647833742136,103.888537197136,76 DAKOTA CRESCENT WATERBANK AT DAKOTA SINGAPORE 399944,4.918518965685704,36.0,3,3,0,5,10,6,4.0,1.0,1,1
PARC ESTA,1178000.0,581.26,2027.0,2022-10-01,54.0,21815.0,1.31786521916555,103.903967184717,904 SIMS AVENUE PARC ESTA SINGAPORE 408968,7.043509290403673,36.0,1,4,0,1,13,16,1.0,,0,1
TORIEVIEW MANSIONS,1150000.0,1334.74,862.0,2022-10-01,124.0,9274.0,1.31458206613494,103.886280315206,10 LORONG 29 GEYLANG TORIEVIEW MANSIONS SINGAPORE 388066,5.254696051517615,36.0,4,4,2,7,11,4,2.0,1.0,0,1
PARC ESTA,1320000.0,635.08,2078.0,2022-10-01,59.0,22373.0,1.31786521916555,103.903967184717,904 SIMS AVENUE PARC ESTA SINGAPORE 408968,7.043509290403673,36.0,1,4,0,1,13,16,3.0,,0,1
# 1 LOFT,715000.0,559.73,1277.0,2022-10-01,52.0,13750.0,1.31276346405244,103.883518875617,1 LORONG 24 GEYLANG # 1 LOFT SINGAPORE 398614,4.891716160848941,36.0,3,4,0,8,9,2,2.0,1.0,0,1
GRANDLINK SQUARE,1500000.0,1108.69,1353.0,2022-10-01,103.0,14563.0,1.3141912983094,103.891500511011,511 GUILLEMARD ROAD GRANDLINK SQUARE SINGAPORE 399849,5.67552490483051,36.0,4,4,3,5,13,6,1.0,1.0,0,1
PARC ESTA,1200000.0,527.44,2275.0,2022-10-01,49.0,24490.0,1.31786521916555,103.903967184717,904 SIMS AVENUE PARC ESTA SINGAPORE 408968,7.043509290403673,36.0,1,4,0,1,13,16,3.0,,0,1
D'WEAVE,828000.0,505.91,1637.0,2022-10-01,47.0,17617.0,1.31554107907724,103.890458266408,5 LORONG 39 GEYLANG D'WEAVE SINGAPORE 387866,5.67725259584862,36.0,4,4,3,5,13,4,2.0,1.0,0,1
GROSVENOR VIEW,1100000.0,882.65,1246.0,2022-10-01,82.0,13415.0,1.32768795196418,103.911844825065,3 LENGKONG EMPAT GROSVENOR VIEW SINGAPORE 417611,8.382712261708466,36.0,2,1,0,2,7,16,1.0,1.0,1,2
URBAN TREASURES,1838500.0,882.65,2083.0,2022-10-01,82.0,22421.0,1.32936720206385,103.905791323853,205 JALAN EUNOS URBAN TREASURES SINGAPORE 419535,7.966767145631702,36.0,2,0,0,2,6,11,2.0,0.0,1,2
SUNFLOWER COURT,1040000.0,1044.11,996.0,2022-10-01,97.0,10722.0,1.31064927792671,103.876402171482,30 LORONG 6 GEYLANG SUNFLOWER COURT SINGAPORE 399182,4.164050031664185,36.0,4,3,2,10,8,2,1.0,1.0,0,1
MORI,1431000.0,710.42,2014.0,2022-10-01,66.0,21682.0,1.31131219787605,103.882972095616,223 GUILLEMARD ROAD MORI SINGAPORE 399738,4.739370253523735,36.0,3,3,0,8,9,2,1.0,0.0,0,1
PARC ESTA,1790000.0,839.59,2132.0,2022-10-01,78.0,22949.0,1.31786521916555,103.903967184717,904 SIMS AVENUE PARC ESTA SINGAPORE 408968,7.043509290403673,36.0,1,4,0,1,13,16,4.0,,0,1
# 1 SUITES,700000.0,624.31,1121.0,2022-10-01,58.0,12069.0,1.31239029325188,103.881504147527,1 LORONG 20 GEYLANG # 1 SUITES SINGAPORE 398721,4.699608709809529,36.0,3,3,0,8,9,2,1.0,1.0,0,1
ZYANYA,1283000.0,613.55,2091.0,2022-10-01,57.0,22509.0,1.31392103072017,103.883276357397,8 LORONG 25A GEYLANG ZYANYA SINGAPORE 388222,4.959147064738651,36.0,3,4,0,8,9,3,2.0,0.0,0,1
ZYANYA,1267915.0,613.55,2067.0,2022-10-01,57.0,22244.0,1.31392103072017,103.883276357397,8 LORONG 25A GEYLANG ZYANYA SINGAPORE 388222,4.959147064738651,36.0,3,4,0,8,9,3,2.0,0.0,0,1
PARK PLACE RESIDENCES AT PLQ,1450000.0,678.13,2138.0,2022-10-01,63.0,23016.0,1.31583675363618,103.892746648427,2 PAYA LEBAR ROAD PARK PLACE RESIDENCES AT PLQ SINGAPORE 409053,5.896537427358871,36.0,3,3,3,4,12,6,2.0,1.0,0,1
WATERBANK AT DAKOTA,2150000.0,1259.39,1707.0,2022-10-01,117.0,18376.0,1.30647833742136,103.888537197136,76 DAKOTA CRESCENT WATERBANK AT DAKOTA SINGAPORE 399944,4.918518965685704,36.0,3,3,0,5,10,6,1.0,1.0,1,1
PARC ESTA,850000.0,419.8,2025.0,2022-10-01,39.0,21795.0,1.31786521916555,103.903967184717,904 SIMS AVENUE PARC ESTA SINGAPORE 408968,7.043509290403673,36.0,1,4,0,1,13,16,1.0,,0,1
ARENA RESIDENCES,1200000.0,602.78,1991.0,2022-10-01,56.0,21429.0,1.30967685823486,103.880642764235,20 GUILLEMARD CRESCENT ARENA RESIDENCES SINGAPORE 399915,4.425439723338632,36.0,4,4,1,9,9,1,2.0,,0,1
SIMS URBAN OASIS,793000.0,462.85,1713.0,2022-10-01,43.0,18442.0,1.31926710475553,103.880615863782,6 SIMS DRIVE SIMS URBAN OASIS SINGAPORE 387388,5.190897370243519,36.0,3,4,0,8,9,1,2.0,1.0,1,1
ASTORIA PARK,1075000.0,850.36,1264.0,2022-10-01,79.0,13608.0,1.32177770499303,103.91225216665,34 LORONG MYDIN ASTORIA PARK SINGAPORE 416827,8.053226885077692,36.0,1,1,0,2,12,17,1.0,1.0,1,2
TRE RESIDENCES,1350000.0,861.12,1568.0,2022-10-01,80.0,16875.0,1.3172278261209,103.885015905304,9 GEYLANG EAST AVENUE 1 TRE RESIDENCES SINGAPORE 389783,5.353082321074245,36.0,3,3,2,8,9,3,2.0,1.0,1,1
LA FLEUR,610000.0,409.03,1491.0,2022-10-01,38.0,16053.0,1.31244454232324,103.884576516653,8 LORONG 26 GEYLANG LA FLEUR SINGAPORE 398483,4.956192019907782,36.0,3,4,0,7,10,4,2.0,1.0,0,1
SIMS URBAN OASIS,795000.0,462.85,1718.0,2022-10-01,43.0,18488.0,1.31926710475553,103.880615863782,6 SIMS DRIVE SIMS URBAN OASIS SINGAPORE 387388,5.190897370243519,36.0,3,4,0,8,9,1,1.0,1.0,1,1
EUNOS PARK,1280000.0,1162.51,1101.0,2022-10-01,108.0,11852.0,1.31846390653038,103.9060767957,5 KAMPONG EUNOS EUNOS PARK SINGAPORE 417771,7.276599829446479,36.0,2,2,0,1,13,14,1.0,1.0,1,2
LE ARC,1298000.0,1291.68,1005.0,2022-10-01,120.0,10817.0,1.31259777837018,103.884583890504,6 LORONG 26 GEYLANG LE ARC SINGAPORE 398481,4.967956638099901,36.0,3,4,0,8,10,4,1.0,1.0,0,1
PARC ESTA,1688000.0,839.59,2011.0,2022-10-01,78.0,21641.0,1.31786521916555,103.903967184717,904 SIMS AVENUE PARC ESTA SINGAPORE 408968,7.043509290403673,36.0,1,4,0,1,13,16,1.0,,0,1
ZYANYA,1250000.0,613.55,2037.0,2022-10-01,57.0,21930.0,1.31392103072017,103.883276357397,8 LORONG 25A GEYLANG ZYANYA SINGAPORE 388222,4.959147064738651,36.0,3,4,0,8,9,3,1.0,0.0,0,1
PARC ESTA,1868888.0,904.18,2067.0,2022-10-01,84.0,22249.0,1.31786521916555,103.903967184717,904 SIMS AVENUE PARC ESTA SINGAPORE 408968,7.043509290403673,36.0,1,4,0,1,13,16,3.0,,0,1
THE TRUMPS,1888000.0,1431.61,1319.0,2022-10-01,133.0,14195.0,1.32002610262337,103.91348728953,1 JALAN KEMBANGAN THE TRUMPS SINGAPORE 419154,8.069943599460245,36.0,1,0,0,2,12,18,3.0,1.0,1,2
SILVERSCAPE,632000.0,409.03,1545.0,2022-10-01,38.0,16632.0,1.31256998658763,103.887209225771,39 LORONG 32 GEYLANG SILVERSCAPE SINGAPORE 398299,5.189405207979182,36.0,5,4,2,7,11,5,1.0,1.0,0,1
ZYANYA,1250000.0,645.84,1935.0,2022-10-01,60.0,20833.0,1.31392103072017,103.883276357397,8 LORONG 25A GEYLANG ZYANYA SINGAPORE 388222,4.959147064738651,36.0,3,4,0,8,9,3,1.0,0.0,0,1
CENTRA STUDIOS,870000.0,527.44,1649.0,2022-10-01,49.0,17755.0,1.31444000148435,103.882324003158,25 LORONG 25 GEYLANG CENTRA STUDIOS SINGAPORE 388302,4.923274977554681,36.0,3,4,0,8,9,2,2.0,1.0,0,1
SIMS URBAN OASIS,1750000.0,1022.58,1711.0,2022-10-01,95.0,18421.0,1.31926710475553,103.880615863782,6 SIMS DRIVE SIMS URBAN OASIS SINGAPORE 387388,5.190897370243519,36.0,3,4,0,8,9,1,3.0,1.0,1,1
FAMILIE MANSIONS,1130000.0,1227.1,921.0,2022-09-01,114.0,9912.0,1.30983669240885,103.877503215165,65 LORONG 8 GEYLANG FAMILIE MANSIONS SINGAPORE 399125,4.183996333305238,37.0,4,4,2,10,8,2,2.0,1.0,0,1
PARC ESTA,1310000.0,581.26,2254.0,2022-09-01,54.0,24259.0,1.31786521916555,103.903967184717,904 SIMS AVENUE PARC ESTA SINGAPORE 408968,7.043509290403673,37.0,1,4,0,1,13,16,3.0,,0,1
EUHABITAT,720000.0,538.2,1338.0,2022-09-01,50.0,14400.0,1.32795415126263,103.9070014142,196 JALAN EUNOS EUHABITAT SINGAPORE 419542,7.971961203569236,37.0,2,2,0,2,6,15,1.0,1.0,1,2
PARC ESTA,1300000.0,602.78,2157.0,2022-09-01,56.0,23214.0,1.31786521916555,103.903967184717,904 SIMS AVENUE PARC ESTA SINGAPORE 408968,7.043509290403673,37.0,1,4,0,1,13,16,1.0,,0,1
SUITES@CHANGI,1100000.0,1097.93,1002.0,2022-09-01,102.0,10784.0,1.317041377544,103.904748281539,226 CHANGI ROAD SUITES@CHANGI SINGAPORE 419740,7.06748560964527,37.0,1,3,0,1,14,16,1.0,1.0,0,1
SIMS URBAN OASIS,785000.0,484.38,1621.0,2022-09-01,45.0,17444.0,1.31926710475553,103.880615863782,6 SIMS DRIVE SIMS URBAN OASIS SINGAPORE 387388,5.190897370243519,37.0,3,4,0,8,9,1,2.0,1.0,1,1
LA FLEUR,615000.0,419.8,1465.0,2022-09-01,39.0,15769.0,1.31244454232324,103.884576516653,8 LORONG 26 GEYLANG LA FLEUR SINGAPORE 398483,4.956192019907782,37.0,3,4,0,7,10,4,2.0,1.0,0,1
URBAN TREASURES,1813500.0,882.65,2055.0,2022-09-01,82.0,22116.0,1.32936720206385,103.905791323853,205 JALAN EUNOS URBAN TREASURES SINGAPORE 419535,7.966767145631702,37.0,2,0,0,2,6,11,2.0,0.0,1,2
SIMS URBAN OASIS,1850000.0,1033.34,1790.0,2022-09-01,96.0,19271.0,1.31926710475553,103.880615863782,6 SIMS DRIVE SIMS URBAN OASIS SINGAPORE 387388,5.190897370243519,37.0,3,4,0,8,9,1,4.0,1.0,1,1
SIMS URBAN OASIS,785000.0,441.32,1779.0,2022-09-01,41.0,19146.0,1.31926710475553,103.880615863782,6 SIMS DRIVE SIMS URBAN OASIS SINGAPORE 387388,5.190897370243519,37.0,3,4,0,8,9,1,4.0,1.0,1,1
WATERBANK AT DAKOTA,1168000.0,624.31,1871.0,2022-09-01,58.0,20138.0,1.30647833742136,103.888537197136,76 DAKOTA CRESCENT WATERBANK AT DAKOTA SINGAPORE 399944,4.918518965685704,37.0,3,3,0,5,10,6,2.0,1.0,1,1
PARC ESTA,885000.0,419.8,2108.0,2022-09-01,39.0,22692.0,1.31786521916555,103.903967184717,904 SIMS AVENUE PARC ESTA SINGAPORE 408968,7.043509290403673,37.0,1,4,0,1,13,16,2.0,,0,1
VACANZA @ EAST,1495000.0,1022.58,1462.0,2022-09-01,95.0,15737.0,1.32901984483655,103.914196223923,36 LENGKONG TUJOH VACANZA @ EAST SINGAPORE 417391,8.680985857703446,37.0,3,1,0,2,8,12,1.0,1.0,1,2
ZYANYA,1293532.0,645.84,2003.0,2022-09-01,60.0,21559.0,1.31392103072017,103.883276357397,8 LORONG 25A GEYLANG ZYANYA SINGAPORE 388222,4.959147064738651,37.0,3,4,0,8,9,3,2.0,0.0,0,1
LE CRESCENDO,1270000.0,914.94,1388.0,2022-09-01,85.0,14941.0,1.33049714674003,103.888409268781,233 PAYA LEBAR ROAD LE CRESCENDO SINGAPORE 409044,6.701977813091088,37.0,4,3,0,6,9,4,1.0,1.0,1,1
GUILLEMARD EDGE,665000.0,409.03,1626.0,2022-09-01,38.0,17500.0,1.31200443744473,103.885949377155,38 LORONG 30 GEYLANG GUILLEMARD EDGE SINGAPORE 398371,5.041282413008211,37.0,4,4,1,7,11,5,1.0,1.0,0,1
EUHABITAT,1240000.0,904.18,1371.0,2022-09-01,84.0,14762.0,1.32795415126263,103.9070014142,196 JALAN EUNOS EUHABITAT SINGAPORE 419542,7.971961203569236,37.0,2,2,0,2,6,15,1.0,1.0,1,2
MORI,1486000.0,710.42,2092.0,2022-09-01,66.0,22515.0,1.31131219787605,103.882972095616,223 GUILLEMARD ROAD MORI SINGAPORE 399738,4.739370253523735,37.0,3,3,0,8,9,2,2.0,0.0,0,1
URBAN TREASURES,1858900.0,882.65,2106.0,2022-09-01,82.0,22670.0,1.32936720206385,103.905791323853,205 JALAN EUNOS URBAN TREASURES SINGAPORE 419535,7.966767145631702,37.0,2,0,0,2,6,11,3.0,0.0,1,2
SINGA HILLS,710000.0,462.85,1534.0,2022-09-01,43.0,16512.0,1.33013262911561,103.908284993545,33 JALAN SINGA SINGA HILLS SINGAPORE 418109,8.234437338266625,37.0,1,1,0,2,5,13,1.0,1.0,0,2
PARC ESTA,960000.0,452.09,2123.0,2022-09-01,42.0,22857.0,1.31786521916555,103.903967184717,904 SIMS AVENUE PARC ESTA SINGAPORE 408968,7.043509290403673,37.0,1,4,0,1,13,16,3.0,,0,1
SUNNY GROVE,1222000.0,1108.69,1102.0,2022-09-01,103.0,11864.0,1.31558261176887,103.889462040581,5A LORONG 37 GEYLANG SUNNY GROVE SINGAPORE 387914,5.594891617158932,37.0,4,5,3,6,13,4,1.0,1.0,0,1
TRE RESIDENCES,1450000.0,947.23,1531.0,2022-09-01,88.0,16477.0,1.3172278261209,103.885015905304,9 GEYLANG EAST AVENUE 1 TRE RESIDENCES SINGAPORE 389783,5.353082321074245,37.0,3,3,2,8,9,3,2.0,1.0,1,1
SIMS URBAN OASIS,1168000.0,710.42,1644.0,2022-09-01,66.0,17697.0,1.31926710475553,103.880615863782,6 SIMS DRIVE SIMS URBAN OASIS SINGAPORE 387388,5.190897370243519,37.0,3,4,0,8,9,1,2.0,1.0,1,1
SINGA HILLS,968000.0,667.37,1450.0,2022-09-01,62.0,15613.0,1.33013262911561,103.908284993545,33 JALAN SINGA SINGA HILLS SINGAPORE 418109,8.234437338266625,37.0,1,1,0,2,5,13,1.0,1.0,0,2
WATERBANK AT DAKOTA,1720000.0,1420.85,1211.0,2022-09-01,132.0,13030.0,1.30647833742136,103.888537197136,76 DAKOTA CRESCENT WATERBANK AT DAKOTA SINGAPORE 399944,4.918518965685704,37.0,3,3,0,5,10,6,2.0,1.0,1,1
D' CASITA,740000.0,538.2,1375.0,2022-09-01,50.0,14800.0,1.32189602855264,103.909352749897,38 LORONG MARZUKI D' CASITA SINGAPORE 417104,7.789202468309825,37.0,2,1,0,2,10,15,1.0,1.0,0,2
EUHABITAT,705000.0,527.44,1337.0,2022-09-01,49.0,14388.0,1.32795415126263,103.9070014142,196 JALAN EUNOS EUHABITAT SINGAPORE 419542,7.971961203569236,37.0,2,2,0,2,6,15,1.0,1.0,1,2
PARC ESTA,1372000.0,635.08,2160.0,2022-09-01,59.0,23254.0,1.31786521916555,103.903967184717,904 SIMS AVENUE PARC ESTA SINGAPORE 408968,7.043509290403673,37.0,1,4,0,1,13,16,1.0,,0,1
PARC ESTA,1050000.0,516.67,2032.0,2022-09-01,48.0,21875.0,1.31786521916555,103.903967184717,904 SIMS AVENUE PARC ESTA SINGAPORE 408968,7.043509290403673,37.0,1,4,0,1,13,16,2.0,,0,1
VACANZA @ EAST,1090000.0,807.3,1350.0,2022-09-01,75.0,14533.0,1.32901984483655,103.914196223923,36 LENGKONG TUJOH VACANZA @ EAST SINGAPORE 417391,8.680985857703446,37.0,3,1,0,2,8,12,3.0,1.0,1,2
LA BRISA,890000.0,656.6,1355.0,2022-09-01,61.0,14590.0,1.31190419143627,103.885369365155,50 LORONG 28 GEYLANG LA BRISA SINGAPORE 398453,4.984533537431171,37.0,4,4,1,7,11,5,2.0,1.0,0,1
MORI,1451000.0,721.19,2012.0,2022-09-01,67.0,21657.0,1.31131219787605,103.882972095616,223 GUILLEMARD ROAD MORI SINGAPORE 399738,4.739370253523735,37.0,3,3,0,8,9,2,1.0,0.0,0,1
MORI,1804000.0,979.52,1842.0,2022-09-01,91.0,19824.0,1.31131219787605,103.882972095616,223 GUILLEMARD ROAD MORI SINGAPORE 399738,4.739370253523735,37.0,3,3,0,8,9,2,1.0,0.0,0,1
SIMS URBAN OASIS,788000.0,484.38,1627.0,2022-09-01,45.0,17511.0,1.31926710475553,103.880615863782,6 SIMS DRIVE SIMS URBAN OASIS SINGAPORE 387388,5.190897370243519,37.0,3,4,0,8,9,1,3.0,1.0,1,1
SIMS URBAN OASIS,1820000.0,1033.34,1761.0,2022-09-01,96.0,18958.0,1.31926710475553,103.880615863782,6 SIMS DRIVE SIMS URBAN OASIS SINGAPORE 387388,5.190897370243519,37.0,3,4,0,8,9,1,2.0,1.0,1,1
ROYCE RESIDENCES,888000.0,731.95,1213.0,2022-09-01,68.0,13059.0,1.31128760423171,103.876285896427,8 LORONG 6 GEYLANG ROYCE RESIDENCES SINGAPORE 399242,4.207479298686135,37.0,4,3,1,10,8,2,2.0,1.0,0,1
THE TRUMPS,2960000.0,3067.74,965.0,2022-09-01,285.0,10386.0,1.32002610262337,103.91348728953,1 JALAN KEMBANGAN THE TRUMPS SINGAPORE 419154,8.069943599460245,37.0,1,0,0,2,12,18,4.0,1.0,1,2
CANBERLIN LODGE,1150000.0,1151.75,998.0,2022-09-01,107.0,10748.0,1.30944640897271,103.876928896198,69 LORONG 6 GEYLANG CANBERLIN LODGE SINGAPORE 399221,4.10835681018779,37.0,3,4,2,10,7,2,1.0,1.0,0,1
PARK PLACE RESIDENCES AT PLQ,1800000.0,742.72,2424.0,2022-09-01,69.0,26087.0,1.31583675363618,103.892746648427,2 PAYA LEBAR ROAD PARK PLACE RESIDENCES AT PLQ SINGAPORE 409053,5.896537427358871,37.0,3,3,3,4,12,6,3.0,1.0,0,1
EUHABITAT,720000.0,527.44,1365.0,2022-09-01,49.0,14694.0,1.32795415126263,103.9070014142,196 JALAN EUNOS EUHABITAT SINGAPORE 419542,7.971961203569236,37.0,2,2,0,2,6,15,1.0,1.0,1,2
WING FONG MANSIONS,760000.0,710.42,1070.0,2022-09-01,66.0,11515.0,1.31057552074486,103.879078933752,12 LORONG 14 GEYLANG WING FONG MANSIONS SINGAPORE 398924,4.366074173360566,37.0,4,4,1,10,9,1,1.0,1.0,0,1
PARC ESTA,1215800.0,602.78,2017.0,2022-09-01,56.0,21711.0,1.31786521916555,103.903967184717,904 SIMS AVENUE PARC ESTA SINGAPORE 408968,7.043509290403673,37.0,1,4,0,1,13,16,3.0,,0,1
SIMS URBAN OASIS,1385000.0,818.06,1693.0,2022-09-01,76.0,18224.0,1.31926710475553,103.880615863782,6 SIMS DRIVE SIMS URBAN OASIS SINGAPORE 387388,5.190897370243519,37.0,3,4,0,8,9,1,1.0,1.0,1,1
SUITES @ EUNOS,635000.0,365.98,1735.0,2022-09-01,34.0,18676.0,1.3205334041426,103.905772422058,1 JALAN YASIN SUITES @ EUNOS SINGAPORE 417958,7.374403827770043,37.0,2,2,0,1,10,12,1.0,1.0,0,2
THE VINES,1450000.0,1087.16,1334.0,2022-09-01,101.0,14356.0,1.31938865407237,103.908010725574,12 LORONG SARINA THE VINES SINGAPORE 416736,7.513064861326432,37.0,2,1,0,1,14,14,1.0,1.0,0,2
SIMS URBAN OASIS,1980000.0,1205.57,1642.0,2022-09-01,112.0,17679.0,1.31926710475553,103.880615863782,6 SIMS DRIVE SIMS URBAN OASIS SINGAPORE 387388,5.190897370243519,37.0,3,4,0,8,9,1,2.0,1.0,1,1
NESS,718000.0,516.67,1390.0,2022-09-01,48.0,14958.0,1.31269794714045,103.886776844129,38 LORONG 32 GEYLANG NESS SINGAPORE 398298,5.1611183017097115,37.0,5,4,2,7,11,5,2.0,1.0,0,1
WATERBANK AT DAKOTA,2350000.0,1388.56,1692.0,2022-09-01,129.0,18217.0,1.30647833742136,103.888537197136,76 DAKOTA CRESCENT WATERBANK AT DAKOTA SINGAPORE 399944,4.918518965685704,37.0,3,3,0,5,10,6,1.0,1.0,1,1
LE REVE,1300000.0,936.47,1388.0,2022-09-01,87.0,14943.0,1.31868241486572,103.90610166475,27 KAMPONG EUNOS LE REVE SINGAPORE 417783,7.2919762495069005,37.0,2,2,0,1,13,14,1.0,1.0,1,2
PARC ESTA,890000.0,419.8,2120.0,2022-09-01,39.0,22821.0,1.31786521916555,103.903967184717,904 SIMS AVENUE PARC ESTA SINGAPORE 408968,7.043509290403673,37.0,1,4,0,1,13,16,3.0,,0,1
GEYLANG HERITAGE,1035000.0,936.47,1105.0,2022-09-01,87.0,11897.0,1.31277798791187,103.88765159438,34 LORONG 34 GEYLANG GEYLANG HERITAGE SINGAPORE 398231,5.242143302878638,37.0,5,4,2,7,11,6,2.0,1.0,0,1
DAKOTA RESIDENCES,3110000.0,1829.88,1700.0,2022-09-01,170.0,18294.0,1.30637270876178,103.88708549006,34 DAKOTA CRESCENT DAKOTA RESIDENCES SINGAPORE 399936,4.7757251422267535,37.0,3,3,0,6,10,5,1.0,1.0,1,1
MORI,1436000.0,721.19,1991.0,2022-09-01,67.0,21433.0,1.31131219787605,103.882972095616,223 GUILLEMARD ROAD MORI SINGAPORE 399738,4.739370253523735,37.0,3,3,0,8,9,2,1.0,0.0,0,1
THE OCTET,625000.0,430.56,1452.0,2022-09-01,40.0,15625.0,1.31206999136037,103.883562422294,23 LORONG 24 GEYLANG THE OCTET SINGAPORE 398628,4.844083676929457,37.0,3,3,0,8,10,2,2.0,1.0,0,1
# 1 LOFT,715000.0,581.26,1230.0,2022-09-01,54.0,13241.0,1.31276346405244,103.883518875617,1 LORONG 24 GEYLANG # 1 LOFT SINGAPORE 398614,4.891716160848941,37.0,3,4,0,8,9,2,2.0,1.0,0,1
PARC ESTA,920000.0,452.09,2035.0,2022-09-01,42.0,21905.0,1.31786521916555,103.903967184717,904 SIMS AVENUE PARC ESTA SINGAPORE 408968,7.043509290403673,37.0,1,4,0,1,13,16,3.0,,0,1
THE TRUMPS,850888.0,645.84,1317.0,2022-09-01,60.0,14181.0,1.32002610262337,103.91348728953,1 JALAN KEMBANGAN THE TRUMPS SINGAPORE 419154,8.069943599460245,37.0,1,0,0,2,12,18,2.0,1.0,1,2
WATERBANK AT DAKOTA,4380000.0,2820.17,1553.0,2022-09-01,262.0,16718.0,1.30647833742136,103.888537197136,76 DAKOTA CRESCENT WATERBANK AT DAKOTA SINGAPORE 399944,4.918518965685704,37.0,3,3,0,5,10,6,4.0,1.0,1,1
CENTRAL GROVE,1380000.0,1227.1,1125.0,2022-09-01,114.0,12105.0,1.31623494982413,103.884417981377,3 GEYLANG EAST AVENUE 1 CENTRAL GROVE SINGAPORE 389779,5.228491443172765,37.0,4,5,1,8,9,3,1.0,1.0,1,1
MORI,1237000.0,592.02,2089.0,2022-09-01,55.0,22491.0,1.31131219787605,103.882972095616,223 GUILLEMARD ROAD MORI SINGAPORE 399738,4.739370253523735,37.0,3,3,0,8,9,2,1.0,0.0,0,1
THE SUNNY SPRING,1590000.0,1108.69,1434.0,2022-09-01,103.0,15437.0,1.31219203070087,103.889464697147,50 LORONG 40 GEYLANG THE SUNNY SPRING SINGAPORE 398074,5.3613842782215055,37.0,4,4,3,6,11,5,2.0,1.0,0,1
TROPIKA EAST,1050000.0,764.24,1374.0,2022-09-01,71.0,14789.0,1.32886589161997,103.90719397756,3 FOO KIM LIN ROAD TROPIKA EAST SINGAPORE 419679,8.051842718239321,37.0,2,1,0,2,6,15,1.0,1.0,1,2
LOFT 33,1150000.0,850.36,1352.0,2022-09-01,79.0,14557.0,1.31278422240834,103.887200888953,33 LORONG 32 GEYLANG LOFT 33 SINGAPORE 398293,5.2036450346020215,37.0,5,5,2,7,11,5,2.0,1.0,0,1
ESCADA VIEW,1020000.0,936.47,1089.0,2022-09-01,87.0,11724.0,1.32899344664489,103.91347731741,53 LENGKONG EMPAT ESCADA VIEW SINGAPORE 417657,8.614569394694955,37.0,3,1,0,2,7,13,1.0,1.0,1,2
EUHABITAT,770000.0,548.96,1403.0,2022-09-01,51.0,15098.0,1.32795415126263,103.9070014142,196 JALAN EUNOS EUHABITAT SINGAPORE 419542,7.971961203569236,37.0,2,2,0,2,6,15,1.0,1.0,1,2
KEMBANGAN SUITES,1600000.0,1173.28,1364.0,2022-09-01,109.0,14679.0,1.32015257058639,103.912727083961,16 JALAN MASJID KEMBANGAN SUITES SINGAPORE 418941,8.00431940901614,37.0,1,1,0,2,12,18,1.0,1.0,0,2
ZYANYA,2259037.0,1302.44,1734.0,2022-09-01,121.0,18670.0,1.31392103072017,103.883276357397,8 LORONG 25A GEYLANG ZYANYA SINGAPORE 388222,4.959147064738651,37.0,3,4,0,8,9,3,2.0,0.0,0,1
THE ALCOVE,2050000.0,2583.36,794.0,2022-09-01,240.0,8542.0,1.31400655260741,103.884015328938,10 LORONG 27 GEYLANG THE ALCOVE SINGAPORE 388199,5.025483913717779,37.0,4,4,0,8,9,4,2.0,1.0,0,1
SIMS URBAN OASIS,1120000.0,667.37,1678.0,2022-09-01,62.0,18065.0,1.31926710475553,103.880615863782,6 SIMS DRIVE SIMS URBAN OASIS SINGAPORE 387388,5.190897370243519,37.0,3,4,0,8,9,1,2.0,1.0,1,1
SIMS URBAN OASIS,2820000.0,1743.77,1617.0,2022-09-01,162.0,17407.0,1.31926710475553,103.880615863782,6 SIMS DRIVE SIMS URBAN OASIS SINGAPORE 387388,5.190897370243519,37.0,3,4,0,8,9,1,4.0,1.0,1,1
CASA EMERALD,1320000.0,1119.46,1179.0,2022-09-01,104.0,12692.0,1.31212684791503,103.887220221118,51 LORONG 32 GEYLANG CASA EMERALD SINGAPORE 398311,5.159628263948754,37.0,5,4,2,7,11,5,2.0,1.0,0,1
WATERBANK AT DAKOTA,2080000.0,1140.98,1823.0,2022-09-01,106.0,19623.0,1.30647833742136,103.888537197136,76 DAKOTA CRESCENT WATERBANK AT DAKOTA SINGAPORE 399944,4.918518965685704,37.0,3,3,0,5,10,6,2.0,1.0,1,1
URBAN TREASURES,2011000.0,1011.82,1988.0,2022-09-01,94.0,21394.0,1.32936720206385,103.905791323853,205 JALAN EUNOS URBAN TREASURES SINGAPORE 419535,7.966767145631702,37.0,2,0,0,2,6,11,1.0,0.0,1,2
ASTON MANSIONS,1215000.0,1216.33,999.0,2022-09-01,113.0,10752.0,1.31393251470132,103.890612644048,7 LORONG 42 GEYLANG ASTON MANSIONS SINGAPORE 398028,5.57978728565853,37.0,4,4,3,5,12,6,1.0,1.0,0,1
TRE RESIDENCES,1260000.0,861.12,1463.0,2022-09-01,80.0,15750.0,1.3172278261209,103.885015905304,9 GEYLANG EAST AVENUE 1 TRE RESIDENCES SINGAPORE 389783,5.353082321074245,37.0,3,3,2,8,9,3,1.0,1.0,1,1
MILLAGE,680000.0,419.8,1620.0,2022-09-01,39.0,17436.0,1.38854656229022,103.987804503483,1 CHANGI VILLAGE ROAD SINGAPORE 500001,19.183455237444974,37.0,0,1,0,0,0,5,2.0,1.0,0,1
PARC ESTA,1700000.0,839.59,2025.0,2022-09-01,78.0,21795.0,1.31786521916555,103.903967184717,904 SIMS AVENUE PARC ESTA SINGAPORE 408968,7.043509290403673,37.0,1,4,0,1,13,16,3.0,,0,1
SIMS URBAN OASIS,800000.0,484.38,1652.0,2022-09-01,45.0,17778.0,1.31926710475553,103.880615863782,6 SIMS DRIVE SIMS URBAN OASIS SINGAPORE 387388,5.190897370243519,37.0,3,4,0,8,9,1,1.0,1.0,1,1
VACANZA @ EAST,2230000.0,1937.52,1151.0,2022-09-01,180.0,12389.0,1.32901984483655,103.914196223923,36 LENGKONG TUJOH VACANZA @ EAST SINGAPORE 417391,8.680985857703446,37.0,3,1,0,2,8,12,3.0,1.0,1,2
SIMS EDGE,718000.0,409.03,1755.0,2022-08-01,38.0,18895.0,1.31640485669867,103.887906763671,1 GEYLANG EAST AVENUE 2 SIMS EDGE SINGAPORE 389760,5.523980705206435,38.0,4,5,3,7,12,4,2.0,1.0,0,1
EUHABITAT,1065000.0,818.06,1302.0,2022-08-01,76.0,14013.0,1.32795415126263,103.9070014142,196 JALAN EUNOS EUHABITAT SINGAPORE 419542,7.971961203569236,38.0,2,2,0,2,6,15,1.0,1.0,1,2
CENTRA SUITES,700000.0,462.85,1512.0,2022-08-01,43.0,16279.0,1.31465166781856,103.883288149427,38 LORONG 25A GEYLANG CENTRA SUITES SINGAPORE 388242,5.016128952160774,38.0,3,4,0,8,9,3,2.0,1.0,0,1
STUDIO8,730000.0,505.91,1443.0,2022-08-01,47.0,15532.0,1.31110937477676,103.873025954425,8 JALAN AYER STUDIO8 SINGAPORE 389144,3.958495376383,38.0,2,2,2,10,6,1,1.0,1.0,0,1
GUILLEMARD SUITES,1168888.0,764.24,1529.0,2022-08-01,71.0,16463.0,1.31094521852726,103.882721097721,213 GUILLEMARD ROAD GUILLEMARD SUITES SINGAPORE 399733,4.691609257032653,38.0,3,4,0,8,9,3,1.0,1.0,0,1
SIMS URBAN OASIS,1680000.0,958.0,1754.0,2022-08-01,89.0,18876.0,1.31926710475553,103.880615863782,6 SIMS DRIVE SIMS URBAN OASIS SINGAPORE 387388,5.190897370243519,38.0,3,4,0,8,9,1,4.0,1.0,1,1
LE CRESCENDO,1770000.0,1173.28,1509.0,2022-08-01,109.0,16239.0,1.33049714674003,103.888409268781,233 PAYA LEBAR ROAD LE CRESCENDO SINGAPORE 409044,6.701977813091088,38.0,4,3,0,6,9,4,2.0,1.0,1,1
PARK PLACE RESIDENCES AT PLQ,1450000.0,667.37,2173.0,2022-08-01,62.0,23387.0,1.31583675363618,103.892746648427,2 PAYA LEBAR ROAD PARK PLACE RESIDENCES AT PLQ SINGAPORE 409053,5.896537427358871,38.0,3,3,3,4,12,6,2.0,1.0,0,1
THE WATER EDGE,643000.0,387.5,1659.0,2022-08-01,36.0,17861.0,1.31372105189031,103.888759579471,8 LORONG 38 GEYLANG THE WATER EDGE SINGAPORE 398106,5.4035924754809175,38.0,4,4,3,6,11,4,1.0,1.0,0,1
COSMO,1060000.0,667.37,1588.0,2022-08-01,62.0,17097.0,1.30957643997194,103.881039620932,18 GUILLEMARD CRESCENT COSMO SINGAPORE 399914,4.451122722705213,38.0,4,4,1,9,9,1,1.0,1.0,0,1
THE SUNNY SPRING,1628000.0,1194.8,1363.0,2022-08-01,111.0,14667.0,1.31219203070087,103.889464697147,50 LORONG 40 GEYLANG THE SUNNY SPRING SINGAPORE 398074,5.3613842782215055,38.0,4,4,3,6,11,5,2.0,1.0,0,1
GRANDVIEW SUITES,650000.0,527.44,1232.0,2022-08-01,49.0,13265.0,1.31277604580511,103.882455638462,1 LORONG 22 GEYLANG GRANDVIEW SUITES SINGAPORE 398664,4.805784944271149,38.0,3,3,0,8,9,2,1.0,1.0,0,1
THE CENTREN,1230000.0,1001.05,1229.0,2022-08-01,93.0,13226.0,1.3139398304258,103.883560951253,1 LORONG 27 GEYLANG THE CENTREN SINGAPORE 388153,4.983563349553069,38.0,3,4,0,8,9,4,1.0,1.0,0,1
THE SUNNY SPRING,1630000.0,1237.86,1317.0,2022-08-01,115.0,14174.0,1.31219203070087,103.889464697147,50 LORONG 40 GEYLANG THE SUNNY SPRING SINGAPORE 398074,5.3613842782215055,38.0,4,4,3,6,11,5,1.0,1.0,0,1
TRE RESIDENCES,1135000.0,764.24,1485.0,2022-08-01,71.0,15986.0,1.3172278261209,103.885015905304,9 GEYLANG EAST AVENUE 1 TRE RESIDENCES SINGAPORE 389783,5.353082321074245,38.0,3,3,2,8,9,3,1.0,1.0,1,1
SIMS URBAN OASIS,1788880.0,1033.34,1731.0,2022-08-01,96.0,18634.0,1.31926710475553,103.880615863782,6 SIMS DRIVE SIMS URBAN OASIS SINGAPORE 387388,5.190897370243519,38.0,3,4,0,8,9,1,3.0,1.0,1,1
PARC ESTA,2710000.0,1399.32,1937.0,2022-08-01,130.0,20846.0,1.31786521916555,103.903967184717,904 SIMS AVENUE PARC ESTA SINGAPORE 408968,7.043509290403673,38.0,1,4,0,1,13,16,3.0,,0,1
URBAN TREASURES,1355200.0,645.84,2098.0,2022-08-01,60.0,22587.0,1.32936720206385,103.905791323853,205 JALAN EUNOS URBAN TREASURES SINGAPORE 419535,7.966767145631702,38.0,2,0,0,2,6,11,2.0,0.0,1,2
MORI,1733000.0,958.0,1809.0,2022-08-01,89.0,19472.0,1.31131219787605,103.882972095616,223 GUILLEMARD ROAD MORI SINGAPORE 399738,4.739370253523735,38.0,3,3,0,8,9,2,1.0,0.0,0,1
CANNE LODGE,1220000.0,818.06,1491.0,2022-08-01,76.0,16053.0,1.31417485125009,103.873278239692,75 LORONG 3 GEYLANG CANNE LODGE SINGAPORE 388869,4.2461920431379285,38.0,2,3,0,11,10,1,2.0,1.0,0,1
PARC ESTA,1268888.0,602.78,2105.0,2022-08-01,56.0,22659.0,1.31786521916555,103.903967184717,904 SIMS AVENUE PARC ESTA SINGAPORE 408968,7.043509290403673,38.0,1,4,0,1,13,16,3.0,,0,1
# 1 SUITES,680000.0,602.78,1128.0,2022-08-01,56.0,12143.0,1.31239029325188,103.881504147527,1 LORONG 20 GEYLANG # 1 SUITES SINGAPORE 398721,4.699608709809529,38.0,3,3,0,8,9,2,2.0,1.0,0,1
SUMMER VIEW,1350000.0,1496.2,902.0,2022-08-01,139.0,9712.0,1.31170915264394,103.878463160426,5 LORONG 12 GEYLANG SUMMER VIEW SINGAPORE 398986,4.406714811890373,38.0,3,4,0,10,9,1,2.0,1.0,0,1
LA BRISA,1258000.0,958.0,1313.0,2022-08-01,89.0,14135.0,1.31190419143627,103.885369365155,50 LORONG 28 GEYLANG LA BRISA SINGAPORE 398453,4.984533537431171,38.0,4,4,1,7,11,5,1.0,1.0,0,1
URBAN TREASURES,1766600.0,882.65,2001.0,2022-08-01,82.0,21544.0,1.32936720206385,103.905791323853,205 JALAN EUNOS URBAN TREASURES SINGAPORE 419535,7.966767145631702,38.0,2,0,0,2,6,11,1.0,0.0,1,2
VACANZA @ EAST,1153800.0,807.3,1429.0,2022-08-01,75.0,15384.0,1.32901984483655,103.914196223923,36 LENGKONG TUJOH VACANZA @ EAST SINGAPORE 417391,8.680985857703446,38.0,3,1,0,2,8,12,2.0,1.0,1,2
TRE RESIDENCES,750000.0,419.8,1787.0,2022-08-01,39.0,19231.0,1.3172278261209,103.885015905304,9 GEYLANG EAST AVENUE 1 TRE RESIDENCES SINGAPORE 389783,5.353082321074245,38.0,3,3,2,8,9,3,3.0,1.0,1,1
SIMS RESIDENCES,1428000.0,1872.94,762.0,2022-08-01,174.0,8207.0,1.31607412947418,103.891092837354,8 LORONG 39 GEYLANG SIMS RESIDENCES SINGAPORE 387882,5.769235671840805,38.0,4,3,3,5,12,4,2.0,1.0,0,1
WING FONG MANSIONS,963000.0,936.47,1028.0,2022-08-01,87.0,11069.0,1.31057552074486,103.879078933752,12 LORONG 14 GEYLANG WING FONG MANSIONS SINGAPORE 398924,4.366074173360566,38.0,4,4,1,10,9,1,1.0,1.0,0,1
WATERBANK AT DAKOTA,2150000.0,1140.98,1884.0,2022-08-01,106.0,20283.0,1.30647833742136,103.888537197136,76 DAKOTA CRESCENT WATERBANK AT DAKOTA SINGAPORE 399944,4.918518965685704,38.0,3,3,0,5,10,6,4.0,1.0,1,1
THE NAVIAN,1485000.0,904.18,1642.0,2022-08-01,84.0,17679.0,1.32780887766582,103.906399584482,178 JALAN EUNOS THE NAVIAN SINGAPORE 419530,7.909635869494765,38.0,3,1,0,2,6,14,1.0,1.0,0,2
URBAN TREASURES,1761300.0,882.65,1995.0,2022-08-01,82.0,21479.0,1.32936720206385,103.905791323853,205 JALAN EUNOS URBAN TREASURES SINGAPORE 419535,7.966767145631702,38.0,2,0,0,2,6,11,1.0,0.0,1,2
URBAN TREASURES,1849200.0,882.65,2095.0,2022-08-01,82.0,22551.0,1.32936720206385,103.905791323853,205 JALAN EUNOS URBAN TREASURES SINGAPORE 419535,7.966767145631702,38.0,2,0,0,2,6,11,3.0,0.0,1,2
PARC ESTA,1460888.0,699.66,2088.0,2022-08-01,65.0,22475.0,1.31786521916555,103.903967184717,904 SIMS AVENUE PARC ESTA SINGAPORE 408968,7.043509290403673,38.0,1,4,0,1,13,16,2.0,,0,1
MORI,1352000.0,710.42,1903.0,2022-08-01,66.0,20485.0,1.31131219787605,103.882972095616,223 GUILLEMARD ROAD MORI SINGAPORE 399738,4.739370253523735,38.0,3,3,0,8,9,2,1.0,0.0,0,1
URBAN TREASURES,1309400.0,645.84,2027.0,2022-08-01,60.0,21823.0,1.32936720206385,103.905791323853,205 JALAN EUNOS URBAN TREASURES SINGAPORE 419535,7.966767145631702,38.0,2,0,0,2,6,11,1.0,0.0,1,2
KEMBANGAN SUITES,730000.0,419.8,1739.0,2022-08-01,39.0,18718.0,1.32015257058639,103.912727083961,16 JALAN MASJID KEMBANGAN SUITES SINGAPORE 418941,8.00431940901614,38.0,1,1,0,2,12,18,1.0,1.0,0,2
CASA EMERALD,1260000.0,1022.58,1232.0,2022-08-01,95.0,13263.0,1.31212684791503,103.887220221118,51 LORONG 32 GEYLANG CASA EMERALD SINGAPORE 398311,5.159628263948754,38.0,5,4,2,7,11,5,2.0,1.0,0,1
VACANZA @ EAST,680000.0,484.38,1404.0,2022-08-01,45.0,15111.0,1.32901984483655,103.914196223923,36 LENGKONG TUJOH VACANZA @ EAST SINGAPORE 417391,8.680985857703446,38.0,3,1,0,2,8,12,3.0,1.0,1,2
IDYLLIC SUITES,635000.0,441.32,1439.0,2022-08-01,41.0,15488.0,1.31285080910896,103.886497625764,21 LORONG 30 GEYLANG IDYLLIC SUITES SINGAPORE 398353,5.1480043421598065,38.0,5,4,2,7,11,5,1.0,1.0,0,1
PARC ESTA,830000.0,419.8,1977.0,2022-08-01,39.0,21282.0,1.31786521916555,103.903967184717,904 SIMS AVENUE PARC ESTA SINGAPORE 408968,7.043509290403673,38.0,1,4,0,1,13,16,3.0,,0,1
PARK PLACE RESIDENCES AT PLQ,1450000.0,645.84,2245.0,2022-08-01,60.0,24167.0,1.31583675363618,103.892746648427,2 PAYA LEBAR ROAD PARK PLACE RESIDENCES AT PLQ SINGAPORE 409053,5.896537427358871,38.0,3,3,3,4,12,6,3.0,1.0,0,1
PARC ESTA,1068000.0,527.44,2025.0,2022-08-01,49.0,21796.0,1.31786521916555,103.903967184717,904 SIMS AVENUE PARC ESTA SINGAPORE 408968,7.043509290403673,38.0,1,4,0,1,13,16,1.0,,0,1
THE SUNFLOWER,1700000.0,1689.95,1006.0,2022-08-01,157.0,10828.0,1.31328282918802,103.885380308735,10 LORONG 28 GEYLANG THE SUNFLOWER SINGAPORE 398415,5.084541366217786,38.0,4,4,1,7,11,5,1.0,1.0,0,1
SIMS URBAN OASIS,1710000.0,1033.34,1655.0,2022-08-01,96.0,17813.0,1.31926710475553,103.880615863782,6 SIMS DRIVE SIMS URBAN OASIS SINGAPORE 387388,5.190897370243519,38.0,3,4,0,8,9,1,1.0,1.0,1,1
EUHABITAT,1260000.0,904.18,1394.0,2022-08-01,84.0,15000.0,1.32795415126263,103.9070014142,196 JALAN EUNOS EUHABITAT SINGAPORE 419542,7.971961203569236,38.0,2,2,0,2,6,15,1.0,1.0,1,2
SIMS URBAN OASIS,1100000.0,624.31,1762.0,2022-08-01,58.0,18966.0,1.31926710475553,103.880615863782,6 SIMS DRIVE SIMS URBAN OASIS SINGAPORE 387388,5.190897370243519,38.0,3,4,0,8,9,1,3.0,1.0,1,1
SMART SUITES,1120000.0,936.47,1196.0,2022-08-01,87.0,12874.0,1.31514448371947,103.884050282732,302 SIMS AVENUE SMART SUITES SINGAPORE 387516,5.114950686082434,38.0,3,5,0,8,9,3,1.0,1.0,0,1
THE WATERINA,1620000.0,1130.22,1433.0,2022-08-01,105.0,15429.0,1.3132821071538,103.89085032363,59 LORONG 40 GEYLANG THE WATERINA SINGAPORE 398082,5.55708137380416,38.0,4,4,3,5,12,5,1.0,1.0,0,1
PARC ESTA,870000.0,419.8,2072.0,2022-08-01,39.0,22308.0,1.31786521916555,103.903967184717,904 SIMS AVENUE PARC ESTA SINGAPORE 408968,7.043509290403673,38.0,1,4,0,1,13,16,3.0,,0,1
PAYA LEBAR RESIDENCES,2088000.0,1302.44,1603.0,2022-08-01,121.0,17256.0,1.31752143815241,103.891475654733,27 PAYA LEBAR ROAD PAYA LEBAR RESIDENCES SINGAPORE 409042,5.904426206584732,38.0,4,4,3,4,12,4,3.0,1.0,0,1
THE SUNNY SPRING,1600000.0,1194.8,1339.0,2022-08-01,111.0,14414.0,1.31219203070087,103.889464697147,50 LORONG 40 GEYLANG THE SUNNY SPRING SINGAPORE 398074,5.3613842782215055,38.0,4,4,3,6,11,5,2.0,1.0,0,1
THE WATERINA,1020000.0,667.37,1528.0,2022-08-01,62.0,16452.0,1.3132821071538,103.89085032363,59 LORONG 40 GEYLANG THE WATERINA SINGAPORE 398082,5.55708137380416,38.0,4,4,3,5,12,5,2.0,1.0,0,1
CAMELLIA LODGE,1338958.0,1205.57,1111.0,2022-08-01,112.0,11955.0,1.31535537044873,103.886535887931,31 LORONG 31 GEYLANG CAMELLIA LODGE SINGAPORE 388030,5.332965554393036,38.0,4,5,2,7,11,4,2.0,1.0,0,1
PARC ESTA,995000.0,516.67,1926.0,2022-08-01,48.0,20729.0,1.31786521916555,103.903967184717,904 SIMS AVENUE PARC ESTA SINGAPORE 408968,7.043509290403673,38.0,1,4,0,1,13,16,1.0,,0,1
URBAN TREASURES,1759100.0,882.65,1993.0,2022-08-01,82.0,21452.0,1.32936720206385,103.905791323853,205 JALAN EUNOS URBAN TREASURES SINGAPORE 419535,7.966767145631702,38.0,2,0,0,2,6,11,1.0,0.0,1,2
PARC ESTA,1310000.0,581.26,2254.0,2022-08-01,54.0,24259.0,1.31786521916555,103.903967184717,904 SIMS AVENUE PARC ESTA SINGAPORE 408968,7.043509290403673,38.0,1,4,0,1,13,16,4.0,,0,1
THE WATERINA,2520000.0,1356.26,1858.0,2022-08-01,126.0,20000.0,1.3132821071538,103.89085032363,59 LORONG 40 GEYLANG THE WATERINA SINGAPORE 398082,5.55708137380416,38.0,4,4,3,5,12,5,1.0,1.0,0,1
VACANZA @ EAST,1720000.0,1259.39,1366.0,2022-08-01,117.0,14701.0,1.32901984483655,103.914196223923,36 LENGKONG TUJOH VACANZA @ EAST SINGAPORE 417391,8.680985857703446,38.0,3,1,0,2,8,12,1.0,1.0,1,2
URBAN TREASURES,1354500.0,645.84,2097.0,2022-08-01,60.0,22575.0,1.32936720206385,103.905791323853,205 JALAN EUNOS URBAN TREASURES SINGAPORE 419535,7.966767145631702,38.0,2,0,0,2,6,11,3.0,0.0,1,2
URBAN TREASURES,1843900.0,882.65,2089.0,2022-08-01,82.0,22487.0,1.32936720206385,103.905791323853,205 JALAN EUNOS URBAN TREASURES SINGAPORE 419535,7.966767145631702,38.0,2,0,0,2,6,11,2.0,0.0,1,2
BLOSSOM VIEW,1070888.0,979.52,1093.0,2022-08-01,91.0,11768.0,1.31164773484524,103.885059930105,31 LORONG 26 GEYLANG BLOSSOM VIEW SINGAPORE 398498,4.939924425348268,38.0,3,3,1,7,11,5,1.0,1.0,0,1
EDENZ SUITES,618000.0,441.32,1400.0,2022-08-01,41.0,15073.0,1.31286931612854,103.885753141885,21 LORONG 28 GEYLANG EDENZ SUITES SINGAPORE 398425,5.086028153004915,38.0,5,4,1,7,11,4,1.0,1.0,0,1
SIMS URBAN OASIS,758000.0,409.03,1853.0,2022-08-01,38.0,19947.0,1.31926710475553,103.880615863782,6 SIMS DRIVE SIMS URBAN OASIS SINGAPORE 387388,5.190897370243519,38.0,3,4,0,8,9,1,3.0,1.0,1,1
THE WATERINA,2350000.0,1356.26,1733.0,2022-08-01,126.0,18651.0,1.3132821071538,103.89085032363,59 LORONG 40 GEYLANG THE WATERINA SINGAPORE 398082,5.55708137380416,38.0,4,4,3,5,12,5,1.0,1.0,0,1
STUDIO8,750000.0,538.2,1394.0,2022-08-01,50.0,15000.0,1.31110937477676,103.873025954425,8 JALAN AYER STUDIO8 SINGAPORE 389144,3.958495376383,38.0,2,2,2,10,6,1,1.0,1.0,0,1
LA BRISA,618000.0,452.09,1367.0,2022-08-01,42.0,14714.0,1.31190419143627,103.885369365155,50 LORONG 28 GEYLANG LA BRISA SINGAPORE 398453,4.984533537431171,38.0,4,4,1,7,11,5,2.0,1.0,0,1
# 1 SUITES,690000.0,559.73,1233.0,2022-08-01,52.0,13269.0,1.31239029325188,103.881504147527,1 LORONG 20 GEYLANG # 1 SUITES SINGAPORE 398721,4.699608709809529,38.0,3,3,0,8,9,2,1.0,1.0,0,1
URBAN TREASURES,1348000.0,645.84,2087.0,2022-08-01,60.0,22467.0,1.32936720206385,103.905791323853,205 JALAN EUNOS URBAN TREASURES SINGAPORE 419535,7.966767145631702,38.0,2,0,0,2,6,11,2.0,0.0,1,2
GUILLEMARD EDGE,655000.0,409.03,1601.0,2022-08-01,38.0,17237.0,1.31200443744473,103.885949377155,38 LORONG 30 GEYLANG GUILLEMARD EDGE SINGAPORE 398371,5.041282413008211,38.0,4,4,1,7,11,5,1.0,1.0,0,1
SIMS URBAN OASIS,1095000.0,667.37,1641.0,2022-08-01,62.0,17661.0,1.31926710475553,103.880615863782,6 SIMS DRIVE SIMS URBAN OASIS SINGAPORE 387388,5.190897370243519,38.0,3,4,0,8,9,1,3.0,1.0,1,1
WATERBANK AT DAKOTA,2560000.0,1571.54,1629.0,2022-08-01,146.0,17534.0,1.30647833742136,103.888537197136,76 DAKOTA CRESCENT WATERBANK AT DAKOTA SINGAPORE 399944,4.918518965685704,38.0,3,3,0,5,10,6,1.0,1.0,1,1
WING FONG MANSIONS,1110000.0,1162.51,955.0,2022-08-01,108.0,10278.0,1.31057552074486,103.879078933752,12 LORONG 14 GEYLANG WING FONG MANSIONS SINGAPORE 398924,4.366074173360566,38.0,4,4,1,10,9,1,1.0,1.0,0,1
VACANZA @ EAST,1420000.0,1022.58,1389.0,2022-08-01,95.0,14947.0,1.32901984483655,103.914196223923,36 LENGKONG TUJOH VACANZA @ EAST SINGAPORE 417391,8.680985857703446,38.0,3,1,0,2,8,12,1.0,1.0,1,2
GOODVIEW APARTMENTS,1050000.0,1216.33,863.0,2022-08-01,113.0,9292.0,1.31163885880473,103.87683807349,6 LORONG 8 GEYLANG GOODVIEW APARTMENTS SINGAPORE 399077,4.277500034967684,38.0,4,3,0,10,8,2,1.0,1.0,0,1
CANBERLIN APARTMENTS,1090000.0,1259.39,865.0,2022-08-01,117.0,9316.0,1.31068444913989,103.879834705472,60 LORONG 16 GEYLANG CANBERLIN APARTMENTS SINGAPORE 398887,4.434969791568791,38.0,4,3,0,10,9,1,2.0,1.0,0,1
THE TRUMPS,1690000.0,1388.56,1217.0,2022-08-01,129.0,13101.0,1.32002610262337,103.91348728953,1 JALAN KEMBANGAN THE TRUMPS SINGAPORE 419154,8.069943599460245,38.0,1,0,0,2,12,18,1.0,1.0,1,2
URBAN TREASURES,1303000.0,645.84,2018.0,2022-08-01,60.0,21717.0,1.32936720206385,103.905791323853,205 JALAN EUNOS URBAN TREASURES SINGAPORE 419535,7.966767145631702,38.0,2,0,0,2,6,11,1.0,0.0,1,2
GUILLEMARD EDGE,680000.0,409.03,1662.0,2022-08-01,38.0,17895.0,1.31200443744473,103.885949377155,38 LORONG 30 GEYLANG GUILLEMARD EDGE SINGAPORE 398371,5.041282413008211,38.0,4,4,1,7,11,5,2.0,1.0,0,1
URBAN TREASURES,1853500.0,882.65,2100.0,2022-07-01,82.0,22604.0,1.32936720206385,103.905791323853,205 JALAN EUNOS URBAN TREASURES SINGAPORE 419535,7.966767145631702,39.0,2,0,0,2,6,11,3.0,0.0,1,2
MORI,1282000.0,592.02,2165.0,2022-07-01,55.0,23309.0,1.31131219787605,103.882972095616,223 GUILLEMARD ROAD MORI SINGAPORE 399738,4.739370253523735,39.0,3,3,0,8,9,2,2.0,0.0,0,1
URBAN TREASURES,1315900.0,645.84,2038.0,2022-07-01,60.0,21932.0,1.32936720206385,103.905791323853,205 JALAN EUNOS URBAN TREASURES SINGAPORE 419535,7.966767145631702,39.0,2,0,0,2,6,11,1.0,0.0,1,2
MORI,2073000.0,1184.04,1751.0,2022-07-01,110.0,18845.0,1.31131219787605,103.882972095616,223 GUILLEMARD ROAD MORI SINGAPORE 399738,4.739370253523735,39.0,3,3,0,8,9,2,1.0,0.0,0,1
URBAN TREASURES,1834200.0,882.65,2078.0,2022-07-01,82.0,22368.0,1.32936720206385,103.905791323853,205 JALAN EUNOS URBAN TREASURES SINGAPORE 419535,7.966767145631702,39.0,2,0,0,2,6,11,2.0,0.0,1,2
EUNOS PARK,1458888.0,1291.68,1129.0,2022-07-01,120.0,12157.0,1.31846390653038,103.9060767957,5 KAMPONG EUNOS EUNOS PARK SINGAPORE 417771,7.276599829446479,39.0,2,2,0,1,13,14,1.0,1.0,1,2
PRIMEDGE,1050888.0,979.52,1073.0,2022-07-01,91.0,11548.0,1.31253129900962,103.888139939124,45 LORONG 34 GEYLANG PRIMEDGE SINGAPORE 398236,5.2675901930288065,39.0,5,4,2,7,11,5,2.0,1.0,0,1
GRANDLINK SQUARE,2110000.0,1915.99,1101.0,2022-07-01,178.0,11854.0,1.3141912983094,103.891500511011,511 GUILLEMARD ROAD GRANDLINK SQUARE SINGAPORE 399849,5.67552490483051,39.0,4,4,3,5,13,6,1.0,1.0,0,1
SIMS URBAN OASIS,1038000.0,624.31,1663.0,2022-07-01,58.0,17897.0,1.31926710475553,103.880615863782,6 SIMS DRIVE SIMS URBAN OASIS SINGAPORE 387388,5.190897370243519,39.0,3,4,0,8,9,1,3.0,1.0,1,1
SIMS URBAN OASIS,775000.0,441.32,1756.0,2022-07-01,41.0,18902.0,1.31926710475553,103.880615863782,6 SIMS DRIVE SIMS URBAN OASIS SINGAPORE 387388,5.190897370243519,39.0,3,4,0,8,9,1,3.0,1.0,1,1
CENTRAL GROVE,1480000.0,1216.33,1217.0,2022-07-01,113.0,13097.0,1.31623494982413,103.884417981377,3 GEYLANG EAST AVENUE 1 CENTRAL GROVE SINGAPORE 389779,5.228491443172765,39.0,4,5,1,8,9,3,4.0,1.0,1,1
# 1 SUITES,688000.0,581.26,1184.0,2022-07-01,54.0,12741.0,1.31239029325188,103.881504147527,1 LORONG 20 GEYLANG # 1 SUITES SINGAPORE 398721,4.699608709809529,39.0,3,3,0,8,9,2,2.0,1.0,0,1
URBAN TREASURES,1821400.0,882.65,2064.0,2022-07-01,82.0,22212.0,1.32936720206385,103.905791323853,205 JALAN EUNOS URBAN TREASURES SINGAPORE 419535,7.966767145631702,39.0,2,0,0,2,6,11,2.0,0.0,1,2
URBAN TREASURES,1851400.0,882.65,2098.0,2022-07-01,82.0,22578.0,1.32936720206385,103.905791323853,205 JALAN EUNOS URBAN TREASURES SINGAPORE 419535,7.966767145631702,39.0,2,0,0,2,6,11,3.0,0.0,1,2
BLOSSOM VIEW,1008000.0,1001.05,1007.0,2022-07-01,93.0,10839.0,1.31164773484524,103.885059930105,31 LORONG 26 GEYLANG BLOSSOM VIEW SINGAPORE 398498,4.939924425348268,39.0,3,3,1,7,11,5,2.0,1.0,0,1
TRE RESIDENCES,1288000.0,850.36,1515.0,2022-07-01,79.0,16304.0,1.3172278261209,103.885015905304,9 GEYLANG EAST AVENUE 1 TRE RESIDENCES SINGAPORE 389783,5.353082321074245,39.0,3,3,2,8,9,3,1.0,1.0,1,1
URBAN TREASURES,1296600.0,645.84,2008.0,2022-07-01,60.0,21610.0,1.32936720206385,103.905791323853,205 JALAN EUNOS URBAN TREASURES SINGAPORE 419535,7.966767145631702,39.0,2,0,0,2,6,11,1.0,0.0,1,2
MORI,2057000.0,1184.04,1737.0,2022-07-01,110.0,18700.0,1.31131219787605,103.882972095616,223 GUILLEMARD ROAD MORI SINGAPORE 399738,4.739370253523735,39.0,3,3,0,8,9,2,1.0,0.0,0,1
TROPIKA EAST,2220000.0,1819.12,1220.0,2022-07-01,169.0,13136.0,1.32886589161997,103.90719397756,3 FOO KIM LIN ROAD TROPIKA EAST SINGAPORE 419679,8.051842718239321,39.0,2,1,0,2,6,15,1.0,1.0,1,2
ASTON MANSIONS,1340000.0,1140.98,1174.0,2022-07-01,106.0,12642.0,1.31393251470132,103.890612644048,7 LORONG 42 GEYLANG ASTON MANSIONS SINGAPORE 398028,5.57978728565853,39.0,4,4,3,5,12,6,2.0,1.0,0,1
PARC ESTA,1700000.0,828.83,2051.0,2022-07-01,77.0,22078.0,1.31786521916555,103.903967184717,904 SIMS AVENUE PARC ESTA SINGAPORE 408968,7.043509290403673,39.0,1,4,0,1,13,16,2.0,,0,1
STARVILLE,1400000.0,1216.33,1151.0,2022-07-01,113.0,12389.0,1.32826483616522,103.912067534158,66 LENGKONG TIGA STARVILLE SINGAPORE 417471,8.44041551036464,39.0,3,1,0,2,7,15,2.0,1.0,1,2
PARC ESTA,1790000.0,904.18,1980.0,2022-07-01,84.0,21310.0,1.31786521916555,103.903967184717,904 SIMS AVENUE PARC ESTA SINGAPORE 408968,7.043509290403673,39.0,1,4,0,1,13,16,4.0,,0,1
PARC ESTA,2600000.0,1399.32,1858.0,2022-07-01,130.0,20000.0,1.31786521916555,103.903967184717,904 SIMS AVENUE PARC ESTA SINGAPORE 408968,7.043509290403673,39.0,1,4,0,1,13,16,2.0,,0,1
SUITES 28,830000.0,1033.34,803.0,2022-07-01,96.0,8646.0,1.31268459175571,103.885941111431,28 LORONG 30 GEYLANG SUITES 28 SINGAPORE 398361,5.088755596385559,39.0,5,4,1,7,11,4,2.0,1.0,0,1
GRANDVIEW SUITES,862200.0,958.0,900.0,2022-07-01,89.0,9688.0,1.31277604580511,103.882455638462,1 LORONG 22 GEYLANG GRANDVIEW SUITES SINGAPORE 398664,4.805784944271149,39.0,3,3,0,8,9,2,1.0,1.0,0,1
SIMS URBAN OASIS,1180000.0,710.42,1661.0,2022-07-01,66.0,17879.0,1.31926710475553,103.880615863782,6 SIMS DRIVE SIMS URBAN OASIS SINGAPORE 387388,5.190897370243519,39.0,3,4,0,8,9,1,2.0,1.0,1,1
D' CASITA,1110000.0,818.06,1357.0,2022-07-01,76.0,14605.0,1.32189602855264,103.909352749897,38 LORONG MARZUKI D' CASITA SINGAPORE 417104,7.789202468309825,39.0,2,1,0,2,10,15,1.0,1.0,0,2
THE WATERINA,1650000.0,1065.64,1548.0,2022-07-01,99.0,16667.0,1.3132821071538,103.89085032363,59 LORONG 40 GEYLANG THE WATERINA SINGAPORE 398082,5.55708137380416,39.0,4,4,3,5,12,5,1.0,1.0,0,1
PARC ESTA,1770000.0,839.59,2108.0,2022-07-01,78.0,22692.0,1.31786521916555,103.903967184717,904 SIMS AVENUE PARC ESTA SINGAPORE 408968,7.043509290403673,39.0,1,4,0,1,13,16,3.0,,0,1
THE ARIZON,1300000.0,1765.3,736.0,2022-07-01,164.0,7927.0,1.31371862266175,103.886588867863,538 GEYLANG ROAD THE ARIZON SINGAPORE 389493,5.217753821108507,39.0,5,4,2,7,11,5,1.0,1.0,0,1
SIMS URBAN OASIS,1100000.0,667.37,1648.0,2022-07-01,62.0,17742.0,1.31926710475553,103.880615863782,6 SIMS DRIVE SIMS URBAN OASIS SINGAPORE 387388,5.190897370243519,39.0,3,4,0,8,9,1,3.0,1.0,1,1
EUHABITAT,1500000.0,1130.22,1327.0,2022-07-01,105.0,14286.0,1.32795415126263,103.9070014142,196 JALAN EUNOS EUHABITAT SINGAPORE 419542,7.971961203569236,39.0,2,2,0,2,6,15,1.0,1.0,1,2
TREASURES @ G20,510000.0,419.8,1215.0,2022-07-01,39.0,13077.0,1.31144699404485,103.881539708397,35 LORONG 20 GEYLANG TREASURES@G20 SINGAPORE 398751,4.6309982597520785,39.0,3,3,0,8,9,2,2.0,1.0,0,1
VACANZA @ EAST,1508000.0,1033.34,1459.0,2022-07-01,96.0,15708.0,1.32901984483655,103.914196223923,36 LENGKONG TUJOH VACANZA @ EAST SINGAPORE 417391,8.680985857703446,39.0,3,1,0,2,8,12,1.0,1.0,1,2
ASTORIA PARK,1250000.0,1173.28,1065.0,2022-07-01,109.0,11468.0,1.32177770499303,103.91225216665,34 LORONG MYDIN ASTORIA PARK SINGAPORE 416827,8.053226885077692,39.0,1,1,0,2,12,17,1.0,1.0,1,2
WATERBANK AT DAKOTA,1600000.0,1420.85,1126.0,2022-07-01,132.0,12121.0,1.30647833742136,103.888537197136,76 DAKOTA CRESCENT WATERBANK AT DAKOTA SINGAPORE 399944,4.918518965685704,39.0,3,3,0,5,10,6,2.0,1.0,1,1
EUHABITAT,788000.0,624.31,1262.0,2022-07-01,58.0,13586.0,1.32795415126263,103.9070014142,196 JALAN EUNOS EUHABITAT SINGAPORE 419542,7.971961203569236,39.0,2,2,0,2,6,15,1.0,1.0,1,2
URBAN TREASURES,1996500.0,1011.82,1973.0,2022-07-01,94.0,21239.0,1.32936720206385,103.905791323853,205 JALAN EUNOS URBAN TREASURES SINGAPORE 419535,7.966767145631702,39.0,2,0,0,2,6,11,1.0,0.0,1,2
URBAN TREASURES,1361000.0,645.84,2107.0,2022-07-01,60.0,22683.0,1.32936720206385,103.905791323853,205 JALAN EUNOS URBAN TREASURES SINGAPORE 419535,7.966767145631702,39.0,2,0,0,2,6,11,3.0,0.0,1,2
TRE RESIDENCES,1185000.0,699.66,1694.0,2022-07-01,65.0,18231.0,1.3172278261209,103.885015905304,9 GEYLANG EAST AVENUE 1 TRE RESIDENCES SINGAPORE 389783,5.353082321074245,39.0,3,3,2,8,9,3,3.0,1.0,1,1
PARK 1 SUITES,926000.0,602.78,1536.0,2022-07-01,56.0,16536.0,1.31404268792091,103.889347045446,8 LORONG 40 GEYLANG PARK 1 SUITES SINGAPORE 398054,5.476811645969878,39.0,4,4,3,6,11,4,1.0,1.0,0,1
PARC ESTA,1246800.0,602.78,2068.0,2022-07-01,56.0,22264.0,1.31786521916555,103.903967184717,904 SIMS AVENUE PARC ESTA SINGAPORE 408968,7.043509290403673,39.0,1,4,0,1,13,16,4.0,,0,1
URBAN TREASURES,1982700.0,1011.82,1960.0,2022-07-01,94.0,21093.0,1.32936720206385,103.905791323853,205 JALAN EUNOS URBAN TREASURES SINGAPORE 419535,7.966767145631702,39.0,2,0,0,2,6,11,1.0,0.0,1,2
ASTON MANSIONS,1205000.0,1140.98,1056.0,2022-07-01,106.0,11368.0,1.31393251470132,103.890612644048,7 LORONG 42 GEYLANG ASTON MANSIONS SINGAPORE 398028,5.57978728565853,39.0,4,4,3,5,12,6,1.0,1.0,0,1
TREASURES@G6,650000.0,452.09,1438.0,2022-07-01,42.0,15476.0,1.31061812912929,103.876727965474,35 LORONG 6 GEYLANG TREASURES@G6 SINGAPORE 399187,4.186237477544645,39.0,4,3,2,10,8,2,1.0,1.0,0,1
PARK PLACE RESIDENCES AT PLQ,1620000.0,667.37,2427.0,2022-07-01,62.0,26129.0,1.31583675363618,103.892746648427,2 PAYA LEBAR ROAD PARK PLACE RESIDENCES AT PLQ SINGAPORE 409053,5.896537427358871,39.0,3,3,3,4,12,6,4.0,,0,1
PARC ESTA,1880000.0,914.94,2055.0,2022-07-01,85.0,22118.0,1.31786521916555,103.903967184717,904 SIMS AVENUE PARC ESTA SINGAPORE 408968,7.043509290403673,39.0,1,4,0,1,13,16,4.0,,0,1
URBAN TREASURES,1367400.0,645.84,2117.0,2022-07-01,60.0,22790.0,1.32936720206385,103.905791323853,205 JALAN EUNOS URBAN TREASURES SINGAPORE 419535,7.966767145631702,39.0,2,0,0,2,6,11,3.0,0.0,1,2
MORI,1426000.0,710.42,2007.0,2022-07-01,66.0,21606.0,1.31131219787605,103.882972095616,223 GUILLEMARD ROAD MORI SINGAPORE 399738,4.739370253523735,39.0,3,3,0,8,9,2,2.0,0.0,0,1
BOUGAINVILLA APARTMENTS,1775000.0,1808.35,982.0,2022-07-01,168.0,10565.0,1.31345286890954,103.879458401694,10 LORONG 19 GEYLANG BOUGAINVILLA APARTMENTS SINGAPORE 388492,4.622748043412148,39.0,3,4,0,10,9,1,1.0,1.0,0,1
ASTON MANSIONS,1320000.0,1302.44,1013.0,2022-07-01,121.0,10909.0,1.31393251470132,103.890612644048,7 LORONG 42 GEYLANG ASTON MANSIONS SINGAPORE 398028,5.57978728565853,39.0,4,4,3,5,12,6,1.0,1.0,0,1
FUYUEN COURT,925000.0,850.36,1088.0,2022-07-01,79.0,11709.0,1.31610089372943,103.888998018255,520 SIMS AVENUE FUYUEN COURT SINGAPORE 387580,5.592817344892537,39.0,4,4,3,6,13,4,1.0,1.0,0,1
EUHABITAT,1830000.0,1302.44,1405.0,2022-07-01,121.0,15124.0,1.32795415126263,103.9070014142,196 JALAN EUNOS EUHABITAT SINGAPORE 419542,7.971961203569236,39.0,2,2,0,2,6,15,1.0,1.0,1,2
MORI,1760000.0,990.29,1777.0,2022-07-01,92.0,19130.0,1.31131219787605,103.882972095616,223 GUILLEMARD ROAD MORI SINGAPORE 399738,4.739370253523735,39.0,3,3,0,8,9,2,1.0,0.0,0,1
LA FLEUR,615000.0,419.8,1465.0,2022-07-01,39.0,15769.0,1.31244454232324,103.884576516653,8 LORONG 26 GEYLANG LA FLEUR SINGAPORE 398483,4.956192019907782,39.0,3,4,0,7,10,4,1.0,1.0,0,1
SINGA HILLS,1350000.0,871.88,1548.0,2022-07-01,81.0,16667.0,1.33013262911561,103.908284993545,33 JALAN SINGA SINGA HILLS SINGAPORE 418109,8.234437338266625,39.0,1,1,0,2,5,13,1.0,1.0,0,2
WATERBANK AT DAKOTA,1500000.0,882.65,1699.0,2022-07-01,82.0,18293.0,1.30647833742136,103.888537197136,76 DAKOTA CRESCENT WATERBANK AT DAKOTA SINGAPORE 399944,4.918518965685704,39.0,3,3,0,5,10,6,4.0,1.0,1,1
VACANZA @ EAST,985000.0,731.95,1346.0,2022-07-01,68.0,14485.0,1.32901984483655,103.914196223923,36 LENGKONG TUJOH VACANZA @ EAST SINGAPORE 417391,8.680985857703446,39.0,3,1,0,2,8,12,3.0,1.0,1,2
SIMSVILLE,1850000.0,1528.49,1210.0,2022-07-01,142.0,13028.0,1.31703114737635,103.890499582849,2 GEYLANG EAST AVENUE 2 SIMSVILLE SINGAPORE 389754,5.786575389274496,39.0,4,4,3,6,12,4,3.0,1.0,1,1
WING FONG COURT,970000.0,1054.87,920.0,2022-07-01,98.0,9898.0,1.31173462254903,103.87881521885,10 LORONG 14 GEYLANG WING FONG COURT SINGAPORE 398922,4.435996550952671,39.0,3,4,0,10,9,1,1.0,1.0,0,1
M SUITES,1727000.0,1022.58,1689.0,2022-07-01,95.0,18179.0,1.32330751911211,103.909620521884,65 LORONG MELAYU M SUITES SINGAPORE 416952,7.901043793350142,39.0,2,1,0,2,9,16,1.0,0.0,0,2
SIMS URBAN OASIS,1120000.0,667.37,1678.0,2022-07-01,62.0,18065.0,1.31926710475553,103.880615863782,6 SIMS DRIVE SIMS URBAN OASIS SINGAPORE 387388,5.190897370243519,39.0,3,4,0,8,9,1,3.0,1.0,1,1
VACANZA @ EAST,1138000.0,807.3,1410.0,2022-07-01,75.0,15173.0,1.32901984483655,103.914196223923,36 LENGKONG TUJOH VACANZA @ EAST SINGAPORE 417391,8.680985857703446,39.0,3,1,0,2,8,12,2.0,1.0,1,2
TRE RESIDENCES,990000.0,570.49,1735.0,2022-07-01,53.0,18679.0,1.3172278261209,103.885015905304,9 GEYLANG EAST AVENUE 1 TRE RESIDENCES SINGAPORE 389783,5.353082321074245,39.0,3,3,2,8,9,3,4.0,1.0,1,1
VIENTO,730000.0,527.44,1384.0,2022-07-01,49.0,14898.0,1.31221104514144,103.886520466932,29 LORONG 30 GEYLANG VIENTO SINGAPORE 398362,5.104904162018615,39.0,5,4,2,7,11,5,2.0,1.0,0,1
GUILLEMARD VIEW,1333000.0,1334.74,999.0,2022-07-01,124.0,10750.0,1.31131608082757,103.884615884842,329A GUILLEMARD ROAD GUILLEMARD VIEW SINGAPORE 399850,4.878489345784435,39.0,3,4,0,7,10,5,1.0,1.0,0,1
LEVENUE,770000.0,495.14,1555.0,2022-07-01,46.0,16739.0,1.32864269824431,103.913744097652,55 LENGKONG EMPAT LEVENUE SINGAPORE 417642,8.61577565611189,39.0,3,1,0,2,7,13,1.0,1.0,0,2
THE WATERINA,1060000.0,699.66,1515.0,2022-07-01,65.0,16308.0,1.3132821071538,103.89085032363,59 LORONG 40 GEYLANG THE WATERINA SINGAPORE 398082,5.55708137380416,39.0,4,4,3,5,12,5,1.0,1.0,0,1
CAMELLIA LODGE,1175000.0,1184.04,992.0,2022-07-01,110.0,10682.0,1.31535537044873,103.886535887931,31 LORONG 31 GEYLANG CAMELLIA LODGE SINGAPORE 388030,5.332965554393036,39.0,4,5,2,7,11,4,1.0,1.0,0,1
MELOSA,610000.0,430.56,1417.0,2022-07-01,40.0,15250.0,1.31253733235708,103.885402784916,28 LORONG 28 GEYLANG MELOSA SINGAPORE 398432,5.032539138387234,39.0,4,4,1,7,11,4,2.0,1.0,0,1
SIMS RESIDENCES,1508888.0,1872.94,806.0,2022-07-01,174.0,8672.0,1.31607412947418,103.891092837354,8 LORONG 39 GEYLANG SIMS RESIDENCES SINGAPORE 387882,5.769235671840805,39.0,4,3,3,5,12,4,2.0,1.0,0,1
SIMS RESIDENCES,1510000.0,1646.89,917.0,2022-07-01,153.0,9869.0,1.31607412947418,103.891092837354,8 LORONG 39 GEYLANG SIMS RESIDENCES SINGAPORE 387882,5.769235671840805,39.0,4,3,3,5,12,4,1.0,1.0,0,1
WATERBANK AT DAKOTA,2060000.0,1259.39,1636.0,2022-07-01,117.0,17607.0,1.30647833742136,103.888537197136,76 DAKOTA CRESCENT WATERBANK AT DAKOTA SINGAPORE 399944,4.918518965685704,39.0,3,3,0,5,10,6,2.0,1.0,1,1
PARC ESTA,1690000.0,839.59,2013.0,2022-07-01,78.0,21667.0,1.31786521916555,103.903967184717,904 SIMS AVENUE PARC ESTA SINGAPORE 408968,7.043509290403673,39.0,1,4,0,1,13,16,2.0,,0,1
URBAN TREASURES,1328700.0,645.84,2057.0,2022-07-01,60.0,22145.0,1.32936720206385,103.905791323853,205 JALAN EUNOS URBAN TREASURES SINGAPORE 419535,7.966767145631702,39.0,2,0,0,2,6,11,1.0,0.0,1,2
MORI,1740000.0,958.0,1816.0,2022-07-01,89.0,19551.0,1.31131219787605,103.882972095616,223 GUILLEMARD ROAD MORI SINGAPORE 399738,4.739370253523735,39.0,3,3,0,8,9,2,1.0,0.0,0,1
GUILLEMARD SUITES,770000.0,495.14,1555.0,2022-07-01,46.0,16739.0,1.31094521852726,103.882721097721,213 GUILLEMARD ROAD GUILLEMARD SUITES SINGAPORE 399733,4.691609257032653,39.0,3,4,0,8,9,3,1.0,1.0,0,1
SIMS URBAN OASIS,1750000.0,1022.58,1711.0,2022-07-01,95.0,18421.0,1.31926710475553,103.880615863782,6 SIMS DRIVE SIMS URBAN OASIS SINGAPORE 387388,5.190897370243519,39.0,3,4,0,8,9,1,4.0,1.0,1,1
REZI 24,1950000.0,1194.8,1632.0,2022-07-01,111.0,17568.0,1.31156422500946,103.883576001591,39 LORONG 24 GEYLANG REZI 24 SINGAPORE 398636,4.808294965951603,39.0,3,3,0,8,10,4,2.0,,0,1
PARK 1 SUITES,1450000.0,1097.93,1321.0,2022-07-01,102.0,14216.0,1.31404268792091,103.889347045446,8 LORONG 40 GEYLANG PARK 1 SUITES SINGAPORE 398054,5.476811645969878,39.0,4,4,3,6,11,4,1.0,1.0,0,1
MERA EAST,950000.0,753.48,1261.0,2022-07-01,70.0,13571.0,1.31817526770849,103.909292082346,338 CHANGI ROAD MERA EAST SINGAPORE 419977,7.564017720548594,39.0,2,1,0,1,14,15,1.0,1.0,0,2
PARK PLACE RESIDENCES AT PLQ,2225000.0,1087.16,2047.0,2022-07-01,101.0,22030.0,1.31583675363618,103.892746648427,2 PAYA LEBAR ROAD PARK PLACE RESIDENCES AT PLQ SINGAPORE 409053,5.896537427358871,39.0,3,3,3,4,12,6,2.0,,0,1
QUBE SUITES,683000.0,452.09,1511.0,2022-07-01,42.0,16262.0,1.32987209553022,103.908123975446,24 JALAN PUNAI QUBE SUITES SINGAPORE 418804,8.202337725386041,39.0,2,1,0,2,5,14,1.0,1.0,0,2
QUBE SUITES,650000.0,419.8,1548.0,2022-07-01,39.0,16667.0,1.32987209553022,103.908123975446,24 JALAN PUNAI QUBE SUITES SINGAPORE 418804,8.202337725386041,39.0,2,1,0,2,5,14,1.0,1.0,0,2
CRYSTAL DEW,1705000.0,1474.67,1156.0,2022-07-01,137.0,12445.0,1.316014588469,103.885305865351,10 GEYLANG EAST AVENUE 1 CRYSTAL DEW SINGAPORE 389781,5.282365976214423,39.0,4,5,2,8,9,4,2.0,1.0,0,1
SIMS URBAN OASIS,1080000.0,667.37,1618.0,2022-07-01,62.0,17419.0,1.31926710475553,103.880615863782,6 SIMS DRIVE SIMS URBAN OASIS SINGAPORE 387388,5.190897370243519,39.0,3,4,0,8,9,1,1.0,1.0,1,1
EUHABITAT,1290000.0,1011.82,1275.0,2022-06-01,94.0,13723.0,1.32795415126263,103.9070014142,196 JALAN EUNOS EUHABITAT SINGAPORE 419542,7.971961203569236,40.0,2,2,0,2,6,15,1.0,1.0,1,2
SIMS URBAN OASIS,900000.0,656.6,1371.0,2022-06-01,61.0,14754.0,1.31926710475553,103.880615863782,6 SIMS DRIVE SIMS URBAN OASIS SINGAPORE 387388,5.190897370243519,40.0,3,4,0,8,9,1,3.0,1.0,1,1
URBAN TREASURES,1373800.0,645.84,2127.0,2022-06-01,60.0,22897.0,1.32936720206385,103.905791323853,205 JALAN EUNOS URBAN TREASURES SINGAPORE 419535,7.966767145631702,40.0,2,0,0,2,6,11,3.0,0.0,1,2
THE EBONY,590000.0,365.98,1612.0,2022-06-01,34.0,17353.0,1.32038515836726,103.908487204597,35 LORONG MARICAN THE EBONY SINGAPORE 417216,7.617132227591283,40.0,2,1,0,1,14,13,1.0,1.0,0,2
D'OASIA,1220000.0,861.12,1417.0,2022-06-01,80.0,15250.0,1.31966969295307,103.910261197479,11 LORONG MELAYU D'OASIA SINGAPORE 416905,7.741970201225104,40.0,2,1,0,2,13,14,1.0,1.0,0,2
EUHABITAT,745000.0,559.73,1331.0,2022-06-01,52.0,14327.0,1.32795415126263,103.9070014142,196 JALAN EUNOS EUHABITAT SINGAPORE 419542,7.971961203569236,40.0,2,2,0,2,6,15,1.0,1.0,1,2
PARC ESTA,928000.0,452.09,2053.0,2022-06-01,42.0,22095.0,1.31786521916555,103.903967184717,904 SIMS AVENUE PARC ESTA SINGAPORE 408968,7.043509290403673,40.0,1,4,0,1,13,16,4.0,,0,1
MORI,1405000.0,721.19,1948.0,2022-06-01,67.0,20970.0,1.31131219787605,103.882972095616,223 GUILLEMARD ROAD MORI SINGAPORE 399738,4.739370253523735,40.0,3,3,0,8,9,2,1.0,0.0,0,1
SIMS URBAN OASIS,1680000.0,958.0,1754.0,2022-06-01,89.0,18876.0,1.31926710475553,103.880615863782,6 SIMS DRIVE SIMS URBAN OASIS SINGAPORE 387388,5.190897370243519,40.0,3,4,0,8,9,1,2.0,1.0,1,1
SIMS URBAN OASIS,800000.0,441.32,1813.0,2022-06-01,41.0,19512.0,1.31926710475553,103.880615863782,6 SIMS DRIVE SIMS URBAN OASIS SINGAPORE 387388,5.190897370243519,40.0,3,4,0,8,9,1,3.0,1.0,1,1
MORI,1792000.0,990.29,1810.0,2022-06-01,92.0,19478.0,1.31131219787605,103.882972095616,223 GUILLEMARD ROAD MORI SINGAPORE 399738,4.739370253523735,40.0,3,3,0,8,9,2,2.0,0.0,0,1
STARVILLE,750000.0,581.26,1290.0,2022-06-01,54.0,13889.0,1.32826483616522,103.912067534158,66 LENGKONG TIGA STARVILLE SINGAPORE 417471,8.44041551036464,40.0,3,1,0,2,7,15,2.0,1.0,1,2
CASA AERATA,1200000.0,968.76,1239.0,2022-06-01,90.0,13333.0,1.31232393794378,103.885033090499,9 LORONG 26 GEYLANG CASA AERATA SINGAPORE 398484,4.985931367630484,40.0,4,4,1,7,11,4,1.0,1.0,0,1
SIMS URBAN OASIS,790000.0,441.32,1790.0,2022-06-01,41.0,19268.0,1.31926710475553,103.880615863782,6 SIMS DRIVE SIMS URBAN OASIS SINGAPORE 387388,5.190897370243519,40.0,3,4,0,8,9,1,1.0,1.0,1,1
PARK PLACE RESIDENCES AT PLQ,1565000.0,667.37,2345.0,2022-06-01,62.0,25242.0,1.31583675363618,103.892746648427,2 PAYA LEBAR ROAD PARK PLACE RESIDENCES AT PLQ SINGAPORE 409053,5.896537427358871,40.0,3,3,3,4,12,6,2.0,,0,1
TRE RESIDENCES,1305000.0,861.12,1515.0,2022-06-01,80.0,16313.0,1.3172278261209,103.885015905304,9 GEYLANG EAST AVENUE 1 TRE RESIDENCES SINGAPORE 389783,5.353082321074245,40.0,3,3,2,8,9,3,1.0,1.0,1,1
DAKOTA RESIDENCES,1653000.0,1022.58,1616.0,2022-06-01,95.0,17400.0,1.30637270876178,103.88708549006,34 DAKOTA CRESCENT DAKOTA RESIDENCES SINGAPORE 399936,4.7757251422267535,40.0,3,3,0,6,10,5,1.0,1.0,1,1
SIMS URBAN OASIS,1100000.0,667.37,1648.0,2022-06-01,62.0,17742.0,1.31926710475553,103.880615863782,6 SIMS DRIVE SIMS URBAN OASIS SINGAPORE 387388,5.190897370243519,40.0,3,4,0,8,9,1,2.0,1.0,1,1
MORI,1456000.0,710.42,2049.0,2022-06-01,66.0,22061.0,1.31131219787605,103.882972095616,223 GUILLEMARD ROAD MORI SINGAPORE 399738,4.739370253523735,40.0,3,3,0,8,9,2,2.0,0.0,0,1
D'WEAVE,638000.0,419.8,1520.0,2022-06-01,39.0,16359.0,1.31554107907724,103.890458266408,5 LORONG 39 GEYLANG D'WEAVE SINGAPORE 387866,5.67725259584862,40.0,4,4,3,5,13,4,1.0,1.0,0,1
SIMS URBAN OASIS,1568000.0,958.0,1637.0,2022-06-01,89.0,17618.0,1.31926710475553,103.880615863782,6 SIMS DRIVE SIMS URBAN OASIS SINGAPORE 387388,5.190897370243519,40.0,3,4,0,8,9,1,1.0,1.0,1,1
SIMSVILLE,1150000.0,979.52,1174.0,2022-06-01,91.0,12637.0,1.31703114737635,103.890499582849,2 GEYLANG EAST AVENUE 2 SIMSVILLE SINGAPORE 389754,5.786575389274496,40.0,4,4,3,6,12,4,2.0,1.0,1,1
TRE RESIDENCES,958000.0,570.49,1679.0,2022-06-01,53.0,18075.0,1.3172278261209,103.885015905304,9 GEYLANG EAST AVENUE 1 TRE RESIDENCES SINGAPORE 389783,5.353082321074245,40.0,3,3,2,8,9,3,3.0,1.0,1,1
EUHABITAT,700000.0,516.67,1355.0,2022-06-01,48.0,14583.0,1.32795415126263,103.9070014142,196 JALAN EUNOS EUHABITAT SINGAPORE 419542,7.971961203569236,40.0,2,2,0,2,6,15,1.0,1.0,1,2
THE HELICONIA,1680000.0,1334.74,1259.0,2022-06-01,124.0,13548.0,1.32635294484067,103.908900244938,30 JALAN DAUD THE HELICONIA SINGAPORE 419572,8.031320801555648,40.0,3,2,0,2,7,16,2.0,1.0,1,2
CANBERLIN LODGE,1080000.0,1162.51,929.0,2022-06-01,108.0,10000.0,1.30944640897271,103.876928896198,69 LORONG 6 GEYLANG CANBERLIN LODGE SINGAPORE 399221,4.10835681018779,40.0,3,4,2,10,7,2,1.0,1.0,0,1
GUILLEMARD SUITES,845000.0,602.78,1402.0,2022-06-01,56.0,15089.0,1.31094521852726,103.882721097721,213 GUILLEMARD ROAD GUILLEMARD SUITES SINGAPORE 399733,4.691609257032653,40.0,3,4,0,8,9,3,1.0,1.0,0,1
EUHABITAT,700000.0,516.67,1355.0,2022-06-01,48.0,14583.0,1.32795415126263,103.9070014142,196 JALAN EUNOS EUHABITAT SINGAPORE 419542,7.971961203569236,40.0,2,2,0,2,6,15,1.0,1.0,1,2
ARENA RESIDENCES,1720000.0,882.65,1949.0,2022-06-01,82.0,20976.0,1.30967685823486,103.880642764235,20 GUILLEMARD CRESCENT ARENA RESIDENCES SINGAPORE 399915,4.425439723338632,40.0,4,4,1,9,9,1,1.0,,0,1
33 RESIDENCES,1030000.0,699.66,1472.0,2022-06-01,65.0,15846.0,1.31198083528283,103.886532676904,33 LORONG 30 GEYLANG 33 RESIDENCES SINGAPORE 398366,5.089891829855762,40.0,5,4,1,7,11,5,1.0,,0,1
URBAN TREASURES,2022000.0,1011.82,1998.0,2022-06-01,94.0,21511.0,1.32936720206385,103.905791323853,205 JALAN EUNOS URBAN TREASURES SINGAPORE 419535,7.966767145631702,40.0,2,0,0,2,6,11,1.0,0.0,1,2
ZYANYA,2055220.0,1194.8,1720.0,2022-06-01,111.0,18515.0,1.31392103072017,103.883276357397,8 LORONG 25A GEYLANG ZYANYA SINGAPORE 388222,4.959147064738651,40.0,3,4,0,8,9,3,1.0,0.0,0,1
ZYANYA,1273120.0,645.84,1971.0,2022-06-01,60.0,21219.0,1.31392103072017,103.883276357397,8 LORONG 25A GEYLANG ZYANYA SINGAPORE 388222,4.959147064738651,40.0,3,4,0,8,9,3,1.0,0.0,0,1
PARC ESTA,1720000.0,904.18,1902.0,2022-06-01,84.0,20476.0,1.31786521916555,103.903967184717,904 SIMS AVENUE PARC ESTA SINGAPORE 408968,7.043509290403673,40.0,1,4,0,1,13,16,1.0,,0,1
QUBE SUITES,635000.0,430.56,1475.0,2022-06-01,40.0,15875.0,1.32987209553022,103.908123975446,24 JALAN PUNAI QUBE SUITES SINGAPORE 418804,8.202337725386041,40.0,2,1,0,2,5,14,1.0,1.0,0,2
TRE RESIDENCES,1360000.0,861.12,1579.0,2022-06-01,80.0,17000.0,1.3172278261209,103.885015905304,9 GEYLANG EAST AVENUE 1 TRE RESIDENCES SINGAPORE 389783,5.353082321074245,40.0,3,3,2,8,9,3,2.0,1.0,1,1
SUNFLOWER MANSIONS,900000.0,861.12,1045.0,2022-06-01,80.0,11250.0,1.31208149865107,103.885052375181,17 LORONG 26 GEYLANG SUNFLOWER MANSIONS SINGAPORE 398489,4.9701757335901515,40.0,3,4,1,7,11,5,2.0,1.0,0,1
METRO LOFT,675000.0,452.09,1493.0,2022-06-01,42.0,16071.0,1.31417031455963,103.883562175927,5 LORONG 27 GEYLANG METRO LOFT SINGAPORE 388158,5.001192040278531,40.0,3,4,0,8,9,4,2.0,1.0,0,1
CALIN MANSIONS,1375000.0,1679.18,819.0,2022-06-01,156.0,8814.0,1.31552496371882,103.887975469134,30 LORONG 33 GEYLANG CALIN MANSIONS SINGAPORE 387987,5.465157713300814,40.0,4,5,3,7,11,4,1.0,1.0,0,1
NESS,660000.0,430.56,1533.0,2022-06-01,40.0,16500.0,1.31269794714045,103.886776844129,38 LORONG 32 GEYLANG NESS SINGAPORE 398298,5.1611183017097115,40.0,5,4,2,7,11,5,1.0,1.0,0,1
PARC ESTA,1180000.0,602.78,1958.0,2022-06-01,56.0,21071.0,1.31786521916555,103.903967184717,904 SIMS AVENUE PARC ESTA SINGAPORE 408968,7.043509290403673,40.0,1,4,0,1,13,16,1.0,,0,1
SIMS URBAN OASIS,770000.0,484.38,1590.0,2022-06-01,45.0,17111.0,1.31926710475553,103.880615863782,6 SIMS DRIVE SIMS URBAN OASIS SINGAPORE 387388,5.190897370243519,40.0,3,4,0,8,9,1,2.0,1.0,1,1
SIMS URBAN OASIS,775000.0,441.32,1756.0,2022-06-01,41.0,18902.0,1.31926710475553,103.880615863782,6 SIMS DRIVE SIMS URBAN OASIS SINGAPORE 387388,5.190897370243519,40.0,3,4,0,8,9,1,3.0,1.0,1,1
GRANDLINK SQUARE,1780000.0,1614.6,1102.0,2022-06-01,150.0,11867.0,1.3141912983094,103.891500511011,511 GUILLEMARD ROAD GRANDLINK SQUARE SINGAPORE 399849,5.67552490483051,40.0,4,4,3,5,13,6,1.0,1.0,0,1
URBAN TREASURES,1963800.0,1011.82,1941.0,2022-06-01,94.0,20891.0,1.32936720206385,103.905791323853,205 JALAN EUNOS URBAN TREASURES SINGAPORE 419535,7.966767145631702,40.0,2,0,0,2,6,11,1.0,0.0,1,2
THE SUNNY SPRING,1470000.0,1022.58,1438.0,2022-06-01,95.0,15474.0,1.31219203070087,103.889464697147,50 LORONG 40 GEYLANG THE SUNNY SPRING SINGAPORE 398074,5.3613842782215055,40.0,4,4,3,6,11,5,1.0,1.0,0,1
ZYANYA,1310000.0,645.84,2028.0,2022-06-01,60.0,21833.0,1.31392103072017,103.883276357397,8 LORONG 25A GEYLANG ZYANYA SINGAPORE 388222,4.959147064738651,40.0,3,4,0,8,9,3,2.0,0.0,0,1
EUHABITAT,672500.0,516.67,1302.0,2022-06-01,48.0,14010.0,1.32795415126263,103.9070014142,196 JALAN EUNOS EUHABITAT SINGAPORE 419542,7.971961203569236,40.0,2,2,0,2,6,15,1.0,1.0,1,2
COSMO,1028000.0,667.37,1540.0,2022-06-01,62.0,16581.0,1.30957643997194,103.881039620932,18 GUILLEMARD CRESCENT COSMO SINGAPORE 399914,4.451122722705213,40.0,4,4,1,9,9,1,2.0,1.0,0,1
PARC ESTA,930000.0,452.09,2057.0,2022-06-01,42.0,22143.0,1.31786521916555,103.903967184717,904 SIMS AVENUE PARC ESTA SINGAPORE 408968,7.043509290403673,40.0,1,4,0,1,13,16,3.0,,0,1
URBAN TREASURES,2020000.0,1011.82,1996.0,2022-06-01,94.0,21489.0,1.32936720206385,103.905791323853,205 JALAN EUNOS URBAN TREASURES SINGAPORE 419535,7.966767145631702,40.0,2,0,0,2,6,11,1.0,0.0,1,2
URBAN TREASURES,1927560.0,1011.82,1905.0,2022-06-01,94.0,20506.0,1.32936720206385,103.905791323853,205 JALAN EUNOS URBAN TREASURES SINGAPORE 419535,7.966767145631702,40.0,2,0,0,2,6,11,1.0,0.0,1,2
URBAN TREASURES,1295800.0,645.84,2006.0,2022-06-01,60.0,21597.0,1.32936720206385,103.905791323853,205 JALAN EUNOS URBAN TREASURES SINGAPORE 419535,7.966767145631702,40.0,2,0,0,2,6,11,2.0,0.0,1,2
URBAN TREASURES,2056500.0,1011.82,2032.0,2022-06-01,94.0,21878.0,1.32936720206385,103.905791323853,205 JALAN EUNOS URBAN TREASURES SINGAPORE 419535,7.966767145631702,40.0,2,0,0,2,6,11,2.0,0.0,1,2
URBAN TREASURES,2029600.0,1011.82,2006.0,2022-06-01,94.0,21591.0,1.32936720206385,103.905791323853,205 JALAN EUNOS URBAN TREASURES SINGAPORE 419535,7.966767145631702,40.0,2,0,0,2,6,11,3.0,0.0,1,2
SIMS URBAN OASIS,1100000.0,667.37,1648.0,2022-06-01,62.0,17742.0,1.31926710475553,103.880615863782,6 SIMS DRIVE SIMS URBAN OASIS SINGAPORE 387388,5.190897370243519,40.0,3,4,0,8,9,1,4.0,1.0,1,1
WATERBANK AT DAKOTA,818000.0,484.38,1689.0,2022-06-01,45.0,18178.0,1.30647833742136,103.888537197136,76 DAKOTA CRESCENT WATERBANK AT DAKOTA SINGAPORE 399944,4.918518965685704,40.0,3,3,0,5,10,6,3.0,1.0,1,1
TRE RESIDENCES,748000.0,419.8,1782.0,2022-06-01,39.0,19179.0,1.3172278261209,103.885015905304,9 GEYLANG EAST AVENUE 1 TRE RESIDENCES SINGAPORE 389783,5.353082321074245,40.0,3,3,2,8,9,3,3.0,1.0,1,1
MORI,1352000.0,710.42,1903.0,2022-06-01,66.0,20485.0,1.31131219787605,103.882972095616,223 GUILLEMARD ROAD MORI SINGAPORE 399738,4.739370253523735,40.0,3,3,0,8,9,2,1.0,0.0,0,1
VACANZA @ EAST,1385000.0,1151.75,1203.0,2022-06-01,107.0,12944.0,1.32901984483655,103.914196223923,36 LENGKONG TUJOH VACANZA @ EAST SINGAPORE 417391,8.680985857703446,40.0,3,1,0,2,8,12,1.0,1.0,1,2
SIMS URBAN OASIS,1080000.0,624.31,1730.0,2022-06-01,58.0,18621.0,1.31926710475553,103.880615863782,6 SIMS DRIVE SIMS URBAN OASIS SINGAPORE 387388,5.190897370243519,40.0,3,4,0,8,9,1,4.0,1.0,1,1
PALMERA EAST,680000.0,430.56,1579.0,2022-06-01,40.0,17000.0,1.32088202092246,103.910092007142,29 LORONG MELAYU PALMERA EAST SINGAPORE 416914,7.797123839454816,40.0,2,1,0,2,12,15,1.0,1.0,0,2
PARK PLACE RESIDENCES AT PLQ,1350000.0,645.84,2090.0,2022-06-01,60.0,22500.0,1.31583675363618,103.892746648427,2 PAYA LEBAR ROAD PARK PLACE RESIDENCES AT PLQ SINGAPORE 409053,5.896537427358871,40.0,3,3,3,4,12,6,2.0,,0,1
PARK 1 SUITES,925600.0,602.78,1536.0,2022-06-01,56.0,16529.0,1.31404268792091,103.889347045446,8 LORONG 40 GEYLANG PARK 1 SUITES SINGAPORE 398054,5.476811645969878,40.0,4,4,3,6,11,4,1.0,1.0,0,1
PARC ESTA,1212000.0,635.08,1908.0,2022-06-01,59.0,20542.0,1.31786521916555,103.903967184717,904 SIMS AVENUE PARC ESTA SINGAPORE 408968,7.043509290403673,40.0,1,4,0,1,13,16,1.0,,0,1
THE OCTET,618000.0,430.56,1435.0,2022-06-01,40.0,15450.0,1.31206999136037,103.883562422294,23 LORONG 24 GEYLANG THE OCTET SINGAPORE 398628,4.844083676929457,40.0,3,3,0,8,10,2,2.0,1.0,0,1
SIMS URBAN OASIS,750000.0,462.85,1620.0,2022-06-01,43.0,17442.0,1.31926710475553,103.880615863782,6 SIMS DRIVE SIMS URBAN OASIS SINGAPORE 387388,5.190897370243519,40.0,3,4,0,8,9,1,1.0,1.0,1,1
SIMS URBAN OASIS,1039999.0,667.37,1558.0,2022-06-01,62.0,16774.0,1.31926710475553,103.880615863782,6 SIMS DRIVE SIMS URBAN OASIS SINGAPORE 387388,5.190897370243519,40.0,3,4,0,8,9,1,1.0,1.0,1,1
TORIEVILLE,980000.0,990.29,990.0,2022-06-01,92.0,10652.0,1.30976631711074,103.876878105707,47 LORONG 6 GEYLANG TORIE VILLE SINGAPORE 399202,4.129666215374106,40.0,3,3,2,10,8,2,1.0,1.0,0,1
URBAN TREASURES,1333700.0,645.84,2065.0,2022-06-01,60.0,22228.0,1.32936720206385,103.905791323853,205 JALAN EUNOS URBAN TREASURES SINGAPORE 419535,7.966767145631702,40.0,2,0,0,2,6,11,2.0,0.0,1,2
URBAN TREASURES,1988800.0,1011.82,1966.0,2022-06-01,94.0,21157.0,1.32936720206385,103.905791323853,205 JALAN EUNOS URBAN TREASURES SINGAPORE 419535,7.966767145631702,40.0,2,0,0,2,6,11,1.0,0.0,1,2
STARVILLE,1340000.0,1216.33,1102.0,2022-06-01,113.0,11858.0,1.32826483616522,103.912067534158,66 LENGKONG TIGA STARVILLE SINGAPORE 417471,8.44041551036464,40.0,3,1,0,2,7,15,1.0,1.0,1,2
SIMS URBAN OASIS,1750000.0,1065.64,1642.0,2022-06-01,99.0,17677.0,1.31926710475553,103.880615863782,6 SIMS DRIVE SIMS URBAN OASIS SINGAPORE 387388,5.190897370243519,40.0,3,4,0,8,9,1,1.0,1.0,1,1
VACANZA @ EAST,1380000.0,1033.34,1335.0,2022-06-01,96.0,14375.0,1.32901984483655,103.914196223923,36 LENGKONG TUJOH VACANZA @ EAST SINGAPORE 417391,8.680985857703446,40.0,3,1,0,2,8,12,1.0,1.0,1,2
SIXTEEN35 RESIDENCES,960000.0,624.31,1538.0,2022-06-01,58.0,16552.0,1.31547407018063,103.888827552085,16 LORONG 35 GEYLANG SIXTEEN35 RESIDENCES SINGAPORE 387946,5.533258263987247,40.0,4,4,3,6,12,4,2.0,1.0,0,1
EUHABITAT,680000.0,505.91,1344.0,2022-06-01,47.0,14468.0,1.32795415126263,103.9070014142,196 JALAN EUNOS EUHABITAT SINGAPORE 419542,7.971961203569236,40.0,2,2,0,2,6,15,1.0,1.0,1,2
KEMBANGAN SUITES,1380000.0,990.29,1394.0,2022-06-01,92.0,15000.0,1.32015257058639,103.912727083961,16 JALAN MASJID KEMBANGAN SUITES SINGAPORE 418941,8.00431940901614,40.0,1,1,0,2,12,18,1.0,1.0,0,2
VACANZA @ EAST,1125000.0,807.3,1394.0,2022-06-01,75.0,15000.0,1.32901984483655,103.914196223923,36 LENGKONG TUJOH VACANZA @ EAST SINGAPORE 417391,8.680985857703446,40.0,3,1,0,2,8,12,2.0,1.0,1,2
GUILIN MANSIONS,1200000.0,1065.64,1126.0,2022-06-01,99.0,12121.0,1.31578777361004,103.889959506676,8 LORONG 37 GEYLANG GUILIN MANSIONS SINGAPORE 387906,5.651886473507491,40.0,4,4,3,6,13,4,2.0,1.0,0,1
SIMSVILLE,1520000.0,1248.62,1217.0,2022-06-01,116.0,13103.0,1.31703114737635,103.890499582849,2 GEYLANG EAST AVENUE 2 SIMSVILLE SINGAPORE 389754,5.786575389274496,40.0,4,4,3,6,12,4,1.0,1.0,1,1
GROSVENOR VIEW,2428000.0,2368.08,1025.0,2022-06-01,220.0,11036.0,1.32768795196418,103.911844825065,3 LENGKONG EMPAT GROSVENOR VIEW SINGAPORE 417611,8.382712261708466,40.0,2,1,0,2,7,16,3.0,1.0,1,2
VACANZA @ EAST,745000.0,559.73,1331.0,2022-06-01,52.0,14327.0,1.32901984483655,103.914196223923,36 LENGKONG TUJOH VACANZA @ EAST SINGAPORE 417391,8.680985857703446,40.0,3,1,0,2,8,12,2.0,1.0,1,2
ATRIUM RESIDENCES,1245000.0,947.23,1314.0,2022-06-01,88.0,14148.0,1.31372274938589,103.886156549479,532 GEYLANG ROAD ATRIUM RESIDENCES SINGAPORE 389488,5.181625591258403,40.0,5,4,2,7,11,5,1.0,1.0,0,1
URBAN TREASURES,1799600.0,882.65,2039.0,2022-06-01,82.0,21946.0,1.32936720206385,103.905791323853,205 JALAN EUNOS URBAN TREASURES SINGAPORE 419535,7.966767145631702,40.0,2,0,0,2,6,11,2.0,0.0,1,2
ASTORIA PARK,1280000.0,1173.28,1091.0,2022-06-01,109.0,11743.0,1.32177770499303,103.91225216665,34 LORONG MYDIN ASTORIA PARK SINGAPORE 416827,8.053226885077692,40.0,1,1,0,2,12,17,2.0,1.0,1,2
SIMS URBAN OASIS,1620000.0,958.0,1691.0,2022-05-01,89.0,18202.0,1.31926710475553,103.880615863782,6 SIMS DRIVE SIMS URBAN OASIS SINGAPORE 387388,5.190897370243519,41.0,3,4,0,8,9,1,2.0,1.0,1,1
VACANZA @ EAST,670000.0,484.38,1383.0,2022-05-01,45.0,14889.0,1.32901984483655,103.914196223923,36 LENGKONG TUJOH VACANZA @ EAST SINGAPORE 417391,8.680985857703446,41.0,3,1,0,2,8,12,3.0,1.0,1,2
CENTRAL GROVE,1275000.0,1022.58,1247.0,2022-05-01,95.0,13421.0,1.31623494982413,103.884417981377,3 GEYLANG EAST AVENUE 1 CENTRAL GROVE SINGAPORE 389779,5.228491443172765,41.0,4,5,1,8,9,3,2.0,1.0,1,1
URBAN TREASURES,1308400.0,645.84,2026.0,2022-05-01,60.0,21807.0,1.32936720206385,103.905791323853,205 JALAN EUNOS URBAN TREASURES SINGAPORE 419535,7.966767145631702,41.0,2,0,0,2,6,11,2.0,0.0,1,2
WATERBANK AT DAKOTA,1170000.0,624.31,1874.0,2022-05-01,58.0,20172.0,1.30647833742136,103.888537197136,76 DAKOTA CRESCENT WATERBANK AT DAKOTA SINGAPORE 399944,4.918518965685704,41.0,3,3,0,5,10,6,3.0,1.0,1,1
SIMS URBAN OASIS,1088000.0,667.37,1630.0,2022-05-01,62.0,17548.0,1.31926710475553,103.880615863782,6 SIMS DRIVE SIMS URBAN OASIS SINGAPORE 387388,5.190897370243519,41.0,3,4,0,8,9,1,2.0,1.0,1,1
THE MIDAS,1180000.0,1097.93,1075.0,2022-05-01,102.0,11569.0,1.31287327322577,103.886114462631,26 LORONG 30 GEYLANG THE MIDAS SINGAPORE 398359,5.116956655400778,41.0,5,4,2,7,11,4,2.0,1.0,0,1
URBAN TREASURES,1971100.0,1011.82,1948.0,2022-05-01,94.0,20969.0,1.32936720206385,103.905791323853,205 JALAN EUNOS URBAN TREASURES SINGAPORE 419535,7.966767145631702,41.0,2,0,0,2,6,11,1.0,0.0,1,2
URBAN TREASURES,1963270.0,1011.82,1940.0,2022-05-01,94.0,20886.0,1.32936720206385,103.905791323853,205 JALAN EUNOS URBAN TREASURES SINGAPORE 419535,7.966767145631702,41.0,2,0,0,2,6,11,2.0,0.0,1,2
URBAN TREASURES,1756340.0,882.65,1990.0,2022-05-01,82.0,21419.0,1.32936720206385,103.905791323853,205 JALAN EUNOS URBAN TREASURES SINGAPORE 419535,7.966767145631702,41.0,2,0,0,2,6,11,2.0,0.0,1,2
THE ANTARES,1671550.0,882.65,1894.0,2022-05-01,82.0,20385.0,1.32541778538724,103.883403765337,23 MATTAR ROAD THE ANTARES SINGAPORE 387730,5.916441166611573,41.0,4,4,0,8,9,4,1.0,0.0,0,1
CASSIA VIEW,1490000.0,1205.57,1236.0,2022-05-01,112.0,13304.0,1.31103276112231,103.886630140814,320 GUILLEMARD ROAD CASSIA VIEW SINGAPORE 399746,5.033091805099718,41.0,4,2,1,7,11,5,1.0,1.0,0,1
WATERBANK AT DAKOTA,1550000.0,882.65,1756.0,2022-05-01,82.0,18902.0,1.30647833742136,103.888537197136,76 DAKOTA CRESCENT WATERBANK AT DAKOTA SINGAPORE 399944,4.918518965685704,41.0,3,3,0,5,10,6,3.0,1.0,1,1
PARK PLACE RESIDENCES AT PLQ,950000.0,484.38,1961.0,2022-05-01,45.0,21111.0,1.31583675363618,103.892746648427,2 PAYA LEBAR ROAD PARK PLACE RESIDENCES AT PLQ SINGAPORE 409053,5.896537427358871,41.0,3,3,3,4,12,6,3.0,,0,1
VACANZA @ EAST,1800000.0,1625.36,1107.0,2022-05-01,151.0,11921.0,1.32901984483655,103.914196223923,36 LENGKONG TUJOH VACANZA @ EAST SINGAPORE 417391,8.680985857703446,41.0,3,1,0,2,8,12,3.0,1.0,1,2
SIMSVILLE,1460000.0,1248.62,1169.0,2022-05-01,116.0,12586.0,1.31703114737635,103.890499582849,2 GEYLANG EAST AVENUE 2 SIMSVILLE SINGAPORE 389754,5.786575389274496,41.0,4,4,3,6,12,4,2.0,1.0,1,1
WATERBANK AT DAKOTA,838000.0,484.38,1730.0,2022-05-01,45.0,18622.0,1.30647833742136,103.888537197136,76 DAKOTA CRESCENT WATERBANK AT DAKOTA SINGAPORE 399944,4.918518965685704,41.0,3,3,0,5,10,6,3.0,1.0,1,1
PADDY GREEN,1358000.0,1420.85,956.0,2022-05-01,132.0,10288.0,1.3120786072378,103.878399313302,1 LORONG 12 GEYLANG PADDY GREEN SINGAPORE 398982,4.431341874369256,41.0,3,4,0,10,9,1,1.0,1.0,0,1
PADDY GREEN,1357000.0,1420.85,955.0,2022-05-01,132.0,10280.0,1.3120786072378,103.878399313302,1 LORONG 12 GEYLANG PADDY GREEN SINGAPORE 398982,4.431341874369256,41.0,3,4,0,10,9,1,1.0,1.0,0,1
PADDY GREEN,1357000.0,1420.85,955.0,2022-05-01,132.0,10280.0,1.3120786072378,103.878399313302,1 LORONG 12 GEYLANG PADDY GREEN SINGAPORE 398982,4.431341874369256,41.0,3,4,0,10,9,1,1.0,1.0,0,1
PADDY GREEN,1357000.0,1420.85,955.0,2022-05-01,132.0,10280.0,1.3120786072378,103.878399313302,1 LORONG 12 GEYLANG PADDY GREEN SINGAPORE 398982,4.431341874369256,41.0,3,4,0,10,9,1,1.0,1.0,0,1
PADDY GREEN,1357000.0,1420.85,955.0,2022-05-01,132.0,10280.0,1.3120786072378,103.878399313302,1 LORONG 12 GEYLANG PADDY GREEN SINGAPORE 398982,4.431341874369256,41.0,3,4,0,10,9,1,2.0,1.0,0,1
PADDY GREEN,1357000.0,1420.85,955.0,2022-05-01,132.0,10280.0,1.3120786072378,103.878399313302,1 LORONG 12 GEYLANG PADDY GREEN SINGAPORE 398982,4.431341874369256,41.0,3,4,0,10,9,1,2.0,1.0,0,1
IDYLLIC SUITES,738000.0,538.2,1371.0,2022-05-01,50.0,14760.0,1.31285080910896,103.886497625764,21 LORONG 30 GEYLANG IDYLLIC SUITES SINGAPORE 398353,5.1480043421598065,41.0,5,4,2,7,11,5,1.0,1.0,0,1
BLISS VILLE,1448000.0,1162.51,1246.0,2022-05-01,108.0,13407.0,1.32374715619118,103.909135122768,69H LORONG MELAYU BLISS VILLE SINGAPORE 417030,7.88417716920167,41.0,2,1,0,2,8,16,1.0,1.0,0,2
THE WATER EDGE,585000.0,365.98,1598.0,2022-05-01,34.0,17206.0,1.31372105189031,103.888759579471,8 LORONG 38 GEYLANG THE WATER EDGE SINGAPORE 398106,5.4035924754809175,41.0,4,4,3,6,11,4,1.0,1.0,0,1
SIMS URBAN OASIS,778000.0,441.32,1763.0,2022-05-01,41.0,18976.0,1.31926710475553,103.880615863782,6 SIMS DRIVE SIMS URBAN OASIS SINGAPORE 387388,5.190897370243519,41.0,3,4,0,8,9,1,3.0,1.0,1,1
SIMS URBAN OASIS,2680000.0,1733.0,1546.0,2022-05-01,161.0,16646.0,1.31926710475553,103.880615863782,6 SIMS DRIVE SIMS URBAN OASIS SINGAPORE 387388,5.190897370243519,41.0,3,4,0,8,9,1,3.0,1.0,1,1
TRE RESIDENCES,1500000.0,947.23,1584.0,2022-05-01,88.0,17045.0,1.3172278261209,103.885015905304,9 GEYLANG EAST AVENUE 1 TRE RESIDENCES SINGAPORE 389783,5.353082321074245,41.0,3,3,2,8,9,3,3.0,1.0,1,1
TROPIKA EAST,1880000.0,1474.67,1275.0,2022-05-01,137.0,13723.0,1.32886589161997,103.90719397756,3 FOO KIM LIN ROAD TROPIKA EAST SINGAPORE 419679,8.051842718239321,41.0,2,1,0,2,6,15,1.0,1.0,1,2
SIMS URBAN OASIS,800000.0,473.62,1689.0,2022-05-01,44.0,18182.0,1.31926710475553,103.880615863782,6 SIMS DRIVE SIMS URBAN OASIS SINGAPORE 387388,5.190897370243519,41.0,3,4,0,8,9,1,1.0,1.0,1,1
ASTORIA PARK,1350000.0,1194.8,1130.0,2022-05-01,111.0,12162.0,1.32177770499303,103.91225216665,34 LORONG MYDIN ASTORIA PARK SINGAPORE 416827,8.053226885077692,41.0,1,1,0,2,12,17,2.0,1.0,1,2
M SUITES,2066594.0,1291.68,1600.0,2022-05-01,120.0,17222.0,1.32330751911211,103.909620521884,65 LORONG MELAYU M SUITES SINGAPORE 416952,7.901043793350142,41.0,2,1,0,2,9,16,1.0,0.0,0,2
DAKOTA RESIDENCES,1570000.0,1044.11,1504.0,2022-05-01,97.0,16186.0,1.30637270876178,103.88708549006,34 DAKOTA CRESCENT DAKOTA RESIDENCES SINGAPORE 399936,4.7757251422267535,41.0,3,3,0,6,10,5,2.0,1.0,1,1
ROYCE RESIDENCES,600000.0,462.85,1296.0,2022-05-01,43.0,13953.0,1.31128760423171,103.876285896427,8 LORONG 6 GEYLANG ROYCE RESIDENCES SINGAPORE 399242,4.207479298686135,41.0,4,3,1,10,8,2,1.0,1.0,0,1
SILVERSCAPE,635000.0,409.03,1552.0,2022-05-01,38.0,16711.0,1.31256998658763,103.887209225771,39 LORONG 32 GEYLANG SILVERSCAPE SINGAPORE 398299,5.189405207979182,41.0,5,4,2,7,11,5,2.0,1.0,0,1
EUHABITAT,670000.0,527.44,1270.0,2022-05-01,49.0,13673.0,1.32795415126263,103.9070014142,196 JALAN EUNOS EUHABITAT SINGAPORE 419542,7.971961203569236,41.0,2,2,0,2,6,15,1.0,1.0,1,2
EUHABITAT,740000.0,559.73,1322.0,2022-05-01,52.0,14231.0,1.32795415126263,103.9070014142,196 JALAN EUNOS EUHABITAT SINGAPORE 419542,7.971961203569236,41.0,2,2,0,2,6,15,1.0,1.0,1,2
WATERBANK AT DAKOTA,1050000.0,624.31,1682.0,2022-05-01,58.0,18103.0,1.30647833742136,103.888537197136,76 DAKOTA CRESCENT WATERBANK AT DAKOTA SINGAPORE 399944,4.918518965685704,41.0,3,3,0,5,10,6,1.0,1.0,1,1
SALLIM LODGE,1070000.0,979.52,1092.0,2022-05-01,91.0,11758.0,1.3257493113403,103.882621861308,20 SALLIM ROAD SALLIM LODGE SINGAPORE 387635,5.893169792137322,41.0,3,4,0,8,10,4,1.0,1.0,0,1
PADDY GREEN,1357000.0,1420.85,955.0,2022-05-01,132.0,10280.0,1.3120786072378,103.878399313302,1 LORONG 12 GEYLANG PADDY GREEN SINGAPORE 398982,4.431341874369256,41.0,3,4,0,10,9,1,2.0,1.0,0,1
URBAN TREASURES,1696940.0,882.65,1923.0,2022-05-01,82.0,20694.0,1.32936720206385,103.905791323853,205 JALAN EUNOS URBAN TREASURES SINGAPORE 419535,7.966767145631702,41.0,2,0,0,2,6,11,1.0,0.0,1,2
URBAN TREASURES,1770200.0,882.65,2006.0,2022-05-01,82.0,21588.0,1.32936720206385,103.905791323853,205 JALAN EUNOS URBAN TREASURES SINGAPORE 419535,7.966767145631702,41.0,2,0,0,2,6,11,1.0,0.0,1,2
URBAN TREASURES,1283200.0,645.84,1987.0,2022-05-01,60.0,21387.0,1.32936720206385,103.905791323853,205 JALAN EUNOS URBAN TREASURES SINGAPORE 419535,7.966767145631702,41.0,2,0,0,2,6,11,1.0,0.0,1,2
URBAN TREASURES,1295800.0,645.84,2006.0,2022-05-01,60.0,21597.0,1.32936720206385,103.905791323853,205 JALAN EUNOS URBAN TREASURES SINGAPORE 419535,7.966767145631702,41.0,2,0,0,2,6,11,1.0,0.0,1,2
URBAN TREASURES,1724300.0,882.65,1954.0,2022-05-01,82.0,21028.0,1.32936720206385,103.905791323853,205 JALAN EUNOS URBAN TREASURES SINGAPORE 419535,7.966767145631702,41.0,2,0,0,2,6,11,1.0,0.0,1,2
URBAN TREASURES,1777400.0,882.65,2014.0,2022-05-01,82.0,21676.0,1.32936720206385,103.905791323853,205 JALAN EUNOS URBAN TREASURES SINGAPORE 419535,7.966767145631702,41.0,2,0,0,2,6,11,2.0,0.0,1,2
URBAN TREASURES,2027300.0,1011.82,2004.0,2022-05-01,94.0,21567.0,1.32936720206385,103.905791323853,205 JALAN EUNOS URBAN TREASURES SINGAPORE 419535,7.966767145631702,41.0,2,0,0,2,6,11,2.0,0.0,1,2
URBAN TREASURES,1784700.0,882.65,2022.0,2022-05-01,82.0,21765.0,1.32936720206385,103.905791323853,205 JALAN EUNOS URBAN TREASURES SINGAPORE 419535,7.966767145631702,41.0,2,0,0,2,6,11,2.0,0.0,1,2
SIMS URBAN OASIS,2300000.0,1442.38,1595.0,2022-05-01,134.0,17164.0,1.31926710475553,103.880615863782,6 SIMS DRIVE SIMS URBAN OASIS SINGAPORE 387388,5.190897370243519,41.0,3,4,0,8,9,1,2.0,1.0,1,1
SIMS URBAN OASIS,1800000.0,1033.34,1742.0,2022-05-01,96.0,18750.0,1.31926710475553,103.880615863782,6 SIMS DRIVE SIMS URBAN OASIS SINGAPORE 387388,5.190897370243519,41.0,3,4,0,8,9,1,2.0,1.0,1,1
ASTON MANSIONS,1258000.0,1194.8,1053.0,2022-05-01,111.0,11333.0,1.31393251470132,103.890612644048,7 LORONG 42 GEYLANG ASTON MANSIONS SINGAPORE 398028,5.57978728565853,41.0,4,4,3,5,12,6,1.0,1.0,0,1
MORI,1373000.0,710.42,1933.0,2022-05-01,66.0,20803.0,1.31131219787605,103.882972095616,223 GUILLEMARD ROAD MORI SINGAPORE 399738,4.739370253523735,41.0,3,3,0,8,9,2,1.0,0.0,0,1
SIMS URBAN OASIS,795000.0,462.85,1718.0,2022-05-01,43.0,18488.0,1.31926710475553,103.880615863782,6 SIMS DRIVE SIMS URBAN OASIS SINGAPORE 387388,5.190897370243519,41.0,3,4,0,8,9,1,1.0,1.0,1,1
PARK PLACE RESIDENCES AT PLQ,1550000.0,742.72,2087.0,2022-05-01,69.0,22464.0,1.31583675363618,103.892746648427,2 PAYA LEBAR ROAD PARK PLACE RESIDENCES AT PLQ SINGAPORE 409053,5.896537427358871,41.0,3,3,3,4,12,6,2.0,,0,1
MORI,1739000.0,990.29,1756.0,2022-05-01,92.0,18902.0,1.31131219787605,103.882972095616,223 GUILLEMARD ROAD MORI SINGAPORE 399738,4.739370253523735,41.0,3,3,0,8,9,2,2.0,0.0,0,1
EUHABITAT,1080000.0,818.06,1320.0,2022-05-01,76.0,14211.0,1.32795415126263,103.9070014142,196 JALAN EUNOS EUHABITAT SINGAPORE 419542,7.971961203569236,41.0,2,2,0,2,6,15,1.0,1.0,1,2
LA FLEUR,580000.0,409.03,1418.0,2022-05-01,38.0,15263.0,1.31244454232324,103.884576516653,8 LORONG 26 GEYLANG LA FLEUR SINGAPORE 398483,4.956192019907782,41.0,3,4,0,7,10,4,1.0,1.0,0,1
RESIDENCES 88,733800.0,505.91,1450.0,2022-05-01,47.0,15613.0,1.32627973484674,103.907811483759,88 LORONG MARICAN RESIDENCES 88 SINGAPORE 417297,7.92954468966822,41.0,3,1,0,2,7,15,1.0,1.0,0,2
M SUITES,2193158.0,1313.21,1670.0,2022-05-01,122.0,17977.0,1.32330751911211,103.909620521884,65 LORONG MELAYU M SUITES SINGAPORE 416952,7.901043793350142,41.0,2,1,0,2,9,16,1.0,0.0,0,2
VACANZA @ EAST,1340000.0,1033.34,1297.0,2022-05-01,96.0,13958.0,1.32901984483655,103.914196223923,36 LENGKONG TUJOH VACANZA @ EAST SINGAPORE 417391,8.680985857703446,41.0,3,1,0,2,8,12,2.0,1.0,1,2
SIMS URBAN OASIS,1047000.0,667.37,1569.0,2022-05-01,62.0,16887.0,1.31926710475553,103.880615863782,6 SIMS DRIVE SIMS URBAN OASIS SINGAPORE 387388,5.190897370243519,41.0,3,4,0,8,9,1,1.0,1.0,1,1
URBAN TREASURES,1935700.0,1011.82,1913.0,2022-05-01,94.0,20593.0,1.32936720206385,103.905791323853,205 JALAN EUNOS URBAN TREASURES SINGAPORE 419535,7.966767145631702,41.0,2,0,0,2,6,11,1.0,0.0,1,2
URBAN TREASURES,2486500.0,1270.15,1958.0,2022-05-01,118.0,21072.0,1.32936720206385,103.905791323853,205 JALAN EUNOS URBAN TREASURES SINGAPORE 419535,7.966767145631702,41.0,2,0,0,2,6,11,2.0,0.0,1,2
URBAN TREASURES,1339100.0,635.08,2109.0,2022-05-01,59.0,22697.0,1.32936720206385,103.905791323853,205 JALAN EUNOS URBAN TREASURES SINGAPORE 419535,7.966767145631702,41.0,2,0,0,2,6,11,3.0,0.0,1,2
SINGA HILLS,705000.0,462.85,1523.0,2022-05-01,43.0,16395.0,1.33013262911561,103.908284993545,33 JALAN SINGA SINGA HILLS SINGAPORE 418109,8.234437338266625,41.0,1,1,0,2,5,13,1.0,1.0,0,2
ASTON MANSIONS,1307000.0,1302.44,1003.0,2022-05-01,121.0,10802.0,1.31393251470132,103.890612644048,7 LORONG 42 GEYLANG ASTON MANSIONS SINGAPORE 398028,5.57978728565853,41.0,4,4,3,5,12,6,2.0,1.0,0,1
SIMSVILLE,1475000.0,1248.62,1181.0,2022-05-01,116.0,12716.0,1.31703114737635,103.890499582849,2 GEYLANG EAST AVENUE 2 SIMSVILLE SINGAPORE 389754,5.786575389274496,41.0,4,4,3,6,12,4,1.0,1.0,1,1
WATERBANK AT DAKOTA,2280000.0,1280.92,1780.0,2022-05-01,119.0,19160.0,1.30647833742136,103.888537197136,76 DAKOTA CRESCENT WATERBANK AT DAKOTA SINGAPORE 399944,4.918518965685704,41.0,3,3,0,5,10,6,2.0,1.0,1,1
THE LENOX,1110000.0,839.59,1322.0,2022-05-01,78.0,14231.0,1.31824376273926,103.911351165333,396 CHANGI ROAD THE LENOX SINGAPORE 415899,7.765250446888848,41.0,2,1,0,2,13,15,1.0,1.0,0,2
THE TRUMPS,1700000.0,1356.26,1253.0,2022-05-01,126.0,13492.0,1.32002610262337,103.91348728953,1 JALAN KEMBANGAN THE TRUMPS SINGAPORE 419154,8.069943599460245,41.0,1,0,0,2,12,18,1.0,1.0,1,2
PARC ESTA,1300000.0,699.66,1858.0,2022-05-01,65.0,20000.0,1.31786521916555,103.903967184717,904 SIMS AVENUE PARC ESTA SINGAPORE 408968,7.043509290403673,41.0,1,4,0,1,13,16,1.0,,0,1
SIMS URBAN OASIS,1250000.0,785.77,1591.0,2022-05-01,73.0,17123.0,1.31926710475553,103.880615863782,6 SIMS DRIVE SIMS URBAN OASIS SINGAPORE 387388,5.190897370243519,41.0,3,4,0,8,9,1,2.0,1.0,1,1
TRE RESIDENCES,1468000.0,947.23,1550.0,2022-05-01,88.0,16682.0,1.3172278261209,103.885015905304,9 GEYLANG EAST AVENUE 1 TRE RESIDENCES SINGAPORE 389783,5.353082321074245,41.0,3,3,2,8,9,3,3.0,1.0,1,1
LE REGAL,720000.0,688.9,1045.0,2022-05-01,64.0,11250.0,1.31250268727998,103.880368117228,340 GEYLANG ROAD LE REGAL SINGAPORE 389365,4.61788023094977,41.0,2,3,0,9,10,1,1.0,1.0,0,1
WATERBANK AT DAKOTA,1050000.0,624.31,1682.0,2022-05-01,58.0,18103.0,1.30647833742136,103.888537197136,76 DAKOTA CRESCENT WATERBANK AT DAKOTA SINGAPORE 399944,4.918518965685704,41.0,3,3,0,5,10,6,1.0,1.0,1,1
URBAN TREASURES,1289500.0,645.84,1997.0,2022-05-01,60.0,21492.0,1.32936720206385,103.905791323853,205 JALAN EUNOS URBAN TREASURES SINGAPORE 419535,7.966767145631702,41.0,2,0,0,2,6,11,1.0,0.0,1,2
MORI,1730000.0,958.0,1806.0,2022-05-01,89.0,19438.0,1.31131219787605,103.882972095616,223 GUILLEMARD ROAD MORI SINGAPORE 399738,4.739370253523735,41.0,3,3,0,8,9,2,1.0,0.0,0,1
TROPIKA EAST,668000.0,441.32,1514.0,2022-05-01,41.0,16293.0,1.32886589161997,103.90719397756,3 FOO KIM LIN ROAD TROPIKA EAST SINGAPORE 419679,8.051842718239321,41.0,2,1,0,2,6,15,1.0,1.0,1,2
PARC ESTA,1740000.0,925.7,1880.0,2022-05-01,86.0,20233.0,1.31786521916555,103.903967184717,904 SIMS AVENUE PARC ESTA SINGAPORE 408968,7.043509290403673,41.0,1,4,0,1,13,16,3.0,,0,1
NESS,741000.0,570.49,1299.0,2022-05-01,53.0,13981.0,1.31269794714045,103.886776844129,38 LORONG 32 GEYLANG NESS SINGAPORE 398298,5.1611183017097115,41.0,5,4,2,7,11,5,1.0,1.0,0,1
PRIMEDGE,1150000.0,904.18,1272.0,2022-05-01,84.0,13690.0,1.31253129900962,103.888139939124,45 LORONG 34 GEYLANG PRIMEDGE SINGAPORE 398236,5.2675901930288065,41.0,5,4,2,7,11,5,2.0,1.0,0,1
EDENZ SUITES,598000.0,441.32,1355.0,2022-05-01,41.0,14585.0,1.31286931612854,103.885753141885,21 LORONG 28 GEYLANG EDENZ SUITES SINGAPORE 398425,5.086028153004915,41.0,5,4,1,7,11,4,1.0,1.0,0,1
MORI,1746000.0,979.52,1782.0,2022-05-01,91.0,19187.0,1.31131219787605,103.882972095616,223 GUILLEMARD ROAD MORI SINGAPORE 399738,4.739370253523735,41.0,3,3,0,8,9,2,1.0,0.0,0,1
MORI,1387000.0,721.19,1923.0,2022-05-01,67.0,20701.0,1.31131219787605,103.882972095616,223 GUILLEMARD ROAD MORI SINGAPORE 399738,4.739370253523735,41.0,3,3,0,8,9,2,1.0,0.0,0,1
URBAN TREASURES,1327400.0,645.84,2055.0,2022-05-01,60.0,22123.0,1.32936720206385,103.905791323853,205 JALAN EUNOS URBAN TREASURES SINGAPORE 419535,7.966767145631702,41.0,2,0,0,2,6,11,2.0,0.0,1,2
CASSIA EDGE,1442000.0,1237.86,1165.0,2022-05-01,115.0,12539.0,1.3115742491255,103.885828118166,343 GUILLEMARD ROAD CASSIA EDGE SINGAPORE 399764,5.000687919837781,41.0,4,3,1,7,11,5,1.0,1.0,0,1
GUILLEMARD EDGE,650000.0,409.03,1589.0,2022-05-01,38.0,17105.0,1.31200443744473,103.885949377155,38 LORONG 30 GEYLANG GUILLEMARD EDGE SINGAPORE 398371,5.041282413008211,41.0,4,4,1,7,11,5,1.0,1.0,0,1
MILLAGE,730000.0,441.32,1654.0,2022-05-01,41.0,17805.0,1.38854656229022,103.987804503483,1 CHANGI VILLAGE ROAD SINGAPORE 500001,19.183455237444974,41.0,0,1,0,0,0,5,2.0,1.0,0,1
WATERBANK AT DAKOTA,1480000.0,882.65,1677.0,2022-05-01,82.0,18049.0,1.30647833742136,103.888537197136,76 DAKOTA CRESCENT WATERBANK AT DAKOTA SINGAPORE 399944,4.918518965685704,41.0,3,3,0,5,10,6,3.0,1.0,1,1
TRE RESIDENCES,1460000.0,947.23,1541.0,2022-05-01,88.0,16591.0,1.3172278261209,103.885015905304,9 GEYLANG EAST AVENUE 1 TRE RESIDENCES SINGAPORE 389783,5.353082321074245,41.0,3,3,2,8,9,3,2.0,1.0,1,1
PARK PLACE RESIDENCES AT PLQ,1400000.0,667.37,2098.0,2022-05-01,62.0,22581.0,1.31583675363618,103.892746648427,2 PAYA LEBAR ROAD PARK PLACE RESIDENCES AT PLQ SINGAPORE 409053,5.896537427358871,41.0,3,3,3,4,12,6,2.0,,0,1
URBAN TREASURES,1282210.0,645.84,1985.0,2022-05-01,60.0,21370.0,1.32936720206385,103.905791323853,205 JALAN EUNOS URBAN TREASURES SINGAPORE 419535,7.966767145631702,41.0,2,0,0,2,6,11,2.0,0.0,1,2
URBAN TREASURES,1294580.0,645.84,2004.0,2022-05-01,60.0,21576.0,1.32936720206385,103.905791323853,205 JALAN EUNOS URBAN TREASURES SINGAPORE 419535,7.966767145631702,41.0,2,0,0,2,6,11,2.0,0.0,1,2
CENTRA HEIGHTS,730000.0,462.85,1577.0,2022-05-01,43.0,16977.0,1.31629397762889,103.88657418395,455 SIMS AVENUE CENTRA HEIGHTS SINGAPORE 387607,5.406260020602187,41.0,4,4,3,7,11,4,1.0,1.0,0,1
THE WATERINA,1560000.0,1097.93,1421.0,2022-05-01,102.0,15294.0,1.3132821071538,103.89085032363,59 LORONG 40 GEYLANG THE WATERINA SINGAPORE 398082,5.55708137380416,41.0,4,4,3,5,12,5,1.0,1.0,0,1
PARC ESTA,930000.0,452.09,2057.0,2022-05-01,42.0,22143.0,1.31786521916555,103.903967184717,904 SIMS AVENUE PARC ESTA SINGAPORE 408968,7.043509290403673,41.0,1,4,0,1,13,16,4.0,,0,1
THE WATER EDGE,778000.0,538.2,1446.0,2022-05-01,50.0,15560.0,1.31372105189031,103.888759579471,8 LORONG 38 GEYLANG THE WATER EDGE SINGAPORE 398106,5.4035924754809175,41.0,4,4,3,6,11,4,1.0,1.0,0,1
TREASURES@G19,563000.0,387.5,1453.0,2022-05-01,36.0,15639.0,1.3139281583716,103.87898672052,33 LORONG 19 GEYLANG TREASURES@G19 SINGAPORE 388502,4.625661126897555,41.0,3,4,0,10,9,0,1.0,1.0,0,1
ASTORIA PARK,1355000.0,1313.21,1032.0,2022-05-01,122.0,11107.0,1.32177770499303,103.91225216665,34 LORONG MYDIN ASTORIA PARK SINGAPORE 416827,8.053226885077692,41.0,1,1,0,2,12,17,1.0,1.0,1,2
URBAN TREASURES,1772830.0,882.65,2009.0,2022-05-01,82.0,21620.0,1.32936720206385,103.905791323853,205 JALAN EUNOS URBAN TREASURES SINGAPORE 419535,7.966767145631702,41.0,2,0,0,2,6,11,3.0,0.0,1,2
URBAN TREASURES,1303860.0,645.84,2019.0,2022-05-01,60.0,21731.0,1.32936720206385,103.905791323853,205 JALAN EUNOS URBAN TREASURES SINGAPORE 419535,7.966767145631702,41.0,2,0,0,2,6,11,2.0,0.0,1,2
URBAN TREASURES,1334780.0,645.84,2067.0,2022-05-01,60.0,22246.0,1.32936720206385,103.905791323853,205 JALAN EUNOS URBAN TREASURES SINGAPORE 419535,7.966767145631702,41.0,2,0,0,2,6,11,3.0,0.0,1,2
MORI,1770000.0,990.29,1787.0,2022-05-01,92.0,19239.0,1.31131219787605,103.882972095616,223 GUILLEMARD ROAD MORI SINGAPORE 399738,4.739370253523735,41.0,3,3,0,8,9,2,2.0,0.0,0,1
URBAN TREASURES,1288400.0,645.84,1995.0,2022-04-01,60.0,21473.0,1.32936720206385,103.905791323853,205 JALAN EUNOS URBAN TREASURES SINGAPORE 419535,7.966767145631702,42.0,2,0,0,2,6,11,2.0,0.0,1,2
MELOSA,625000.0,430.56,1452.0,2022-04-01,40.0,15625.0,1.31253733235708,103.885402784916,28 LORONG 28 GEYLANG MELOSA SINGAPORE 398432,5.032539138387234,42.0,4,4,1,7,11,4,2.0,1.0,0,1
GRANDLINK SQUARE,1600000.0,1388.56,1152.0,2022-04-01,129.0,12403.0,1.3141912983094,103.891500511011,511 GUILLEMARD ROAD GRANDLINK SQUARE SINGAPORE 399849,5.67552490483051,42.0,4,4,3,5,13,6,2.0,1.0,0,1
THE ALCOVE,1200000.0,1377.79,871.0,2022-04-01,128.0,9375.0,1.31400655260741,103.884015328938,10 LORONG 27 GEYLANG THE ALCOVE SINGAPORE 388199,5.025483913717779,42.0,4,4,0,8,9,4,1.0,1.0,0,1
PARK 1 SUITES,956000.0,602.78,1586.0,2022-04-01,56.0,17071.0,1.31404268792091,103.889347045446,8 LORONG 40 GEYLANG PARK 1 SUITES SINGAPORE 398054,5.476811645969878,42.0,4,4,3,6,11,4,2.0,1.0,0,1
SIMS URBAN OASIS,1720000.0,1033.34,1664.0,2022-04-01,96.0,17917.0,1.31926710475553,103.880615863782,6 SIMS DRIVE SIMS URBAN OASIS SINGAPORE 387388,5.190897370243519,42.0,3,4,0,8,9,1,1.0,1.0,1,1
SUITES 28,655000.0,505.91,1295.0,2022-04-01,47.0,13936.0,1.31268459175571,103.885941111431,28 LORONG 30 GEYLANG SUITES 28 SINGAPORE 398361,5.088755596385559,42.0,5,4,1,7,11,4,1.0,1.0,0,1
PARC ESTA,900000.0,452.09,1991.0,2022-04-01,42.0,21429.0,1.31786521916555,103.903967184717,904 SIMS AVENUE PARC ESTA SINGAPORE 408968,7.043509290403673,42.0,1,4,0,1,13,16,2.0,,0,1
PARK PLACE RESIDENCES AT PLQ,1350000.0,645.84,2090.0,2022-04-01,60.0,22500.0,1.31583675363618,103.892746648427,2 PAYA LEBAR ROAD PARK PLACE RESIDENCES AT PLQ SINGAPORE 409053,5.896537427358871,42.0,3,3,3,4,12,6,3.0,,0,1
SILVERSCAPE,620000.0,409.03,1516.0,2022-04-01,38.0,16316.0,1.31256998658763,103.887209225771,39 LORONG 32 GEYLANG SILVERSCAPE SINGAPORE 398299,5.189405207979182,42.0,5,4,2,7,11,5,1.0,1.0,0,1
THE SUNNY SPRING,1500000.0,1194.8,1255.0,2022-04-01,111.0,13514.0,1.31219203070087,103.889464697147,50 LORONG 40 GEYLANG THE SUNNY SPRING SINGAPORE 398074,5.3613842782215055,42.0,4,4,3,6,11,5,1.0,1.0,0,1
STARVILLE,1600000.0,1216.33,1315.0,2022-04-01,113.0,14159.0,1.32826483616522,103.912067534158,66 LENGKONG TIGA STARVILLE SINGAPORE 417471,8.44041551036464,42.0,3,1,0,2,7,15,3.0,1.0,1,2
BOUGAINVILLA APARTMENTS,950000.0,979.52,970.0,2022-04-01,91.0,10440.0,1.31345286890954,103.879458401694,10 LORONG 19 GEYLANG BOUGAINVILLA APARTMENTS SINGAPORE 388492,4.622748043412148,42.0,3,4,0,10,9,1,1.0,1.0,0,1
STARVILLE,1450000.0,1237.86,1171.0,2022-04-01,115.0,12609.0,1.32826483616522,103.912067534158,66 LENGKONG TIGA STARVILLE SINGAPORE 417471,8.44041551036464,42.0,3,1,0,2,7,15,3.0,1.0,1,2
PENROSE,2306000.0,1388.56,1661.0,2022-04-01,129.0,17876.0,1.31948983025856,103.879994891095,22 SIMS DRIVE PENROSE SINGAPORE 387396,5.166503889250989,42.0,3,4,0,8,9,1,1.0,0.0,0,1
DAKOTA RESIDENCES,1628000.0,1022.58,1592.0,2022-04-01,95.0,17137.0,1.30637270876178,103.88708549006,34 DAKOTA CRESCENT DAKOTA RESIDENCES SINGAPORE 399936,4.7757251422267535,42.0,3,3,0,6,10,5,2.0,1.0,1,1
SIMS URBAN OASIS,1430000.0,818.06,1748.0,2022-04-01,76.0,18816.0,1.31926710475553,103.880615863782,6 SIMS DRIVE SIMS URBAN OASIS SINGAPORE 387388,5.190897370243519,42.0,3,4,0,8,9,1,3.0,1.0,1,1
GROSVENOR VIEW,810000.0,656.6,1234.0,2022-04-01,61.0,13279.0,1.32768795196418,103.911844825065,3 LENGKONG EMPAT GROSVENOR VIEW SINGAPORE 417611,8.382712261708466,42.0,2,1,0,2,7,16,1.0,1.0,1,2
THE TRUMPS,1380000.0,979.52,1409.0,2022-04-01,91.0,15165.0,1.32002610262337,103.91348728953,1 JALAN KEMBANGAN THE TRUMPS SINGAPORE 419154,8.069943599460245,42.0,1,0,0,2,12,18,1.0,1.0,1,2
MORI,973000.0,495.14,1965.0,2022-04-01,46.0,21152.0,1.31131219787605,103.882972095616,223 GUILLEMARD ROAD MORI SINGAPORE 399738,4.739370253523735,42.0,3,3,0,8,9,2,1.0,0.0,0,1
TROPIKA EAST,1100000.0,775.01,1419.0,2022-04-01,72.0,15278.0,1.32886589161997,103.90719397756,3 FOO KIM LIN ROAD TROPIKA EAST SINGAPORE 419679,8.051842718239321,42.0,2,1,0,2,6,15,1.0,1.0,1,2
SIMS URBAN OASIS,1050000.0,667.37,1573.0,2022-04-01,62.0,16935.0,1.31926710475553,103.880615863782,6 SIMS DRIVE SIMS URBAN OASIS SINGAPORE 387388,5.190897370243519,42.0,3,4,0,8,9,1,3.0,1.0,1,1
METRO LOFT,650888.0,452.09,1440.0,2022-04-01,42.0,15497.0,1.31417031455963,103.883562175927,5 LORONG 27 GEYLANG METRO LOFT SINGAPORE 388158,5.001192040278531,42.0,3,4,0,8,9,4,2.0,1.0,0,1
SMART SUITES,675000.0,452.09,1493.0,2022-04-01,42.0,16071.0,1.31514448371947,103.884050282732,302 SIMS AVENUE SMART SUITES SINGAPORE 387516,5.114950686082434,42.0,3,5,0,8,9,3,1.0,1.0,0,1
SIMS URBAN OASIS,780000.0,484.38,1610.0,2022-04-01,45.0,17333.0,1.31926710475553,103.880615863782,6 SIMS DRIVE SIMS URBAN OASIS SINGAPORE 387388,5.190897370243519,42.0,3,4,0,8,9,1,2.0,1.0,1,1
# 1 LOFT,688000.0,559.73,1229.0,2022-04-01,52.0,13231.0,1.31276346405244,103.883518875617,1 LORONG 24 GEYLANG # 1 LOFT SINGAPORE 398614,4.891716160848941,42.0,3,4,0,8,9,2,2.0,1.0,0,1
M SUITES,2180000.0,1313.21,1660.0,2022-04-01,122.0,17869.0,1.32330751911211,103.909620521884,65 LORONG MELAYU M SUITES SINGAPORE 416952,7.901043793350142,42.0,2,1,0,2,9,16,1.0,0.0,0,2
THE MIDAS,1150000.0,1140.98,1008.0,2022-04-01,106.0,10849.0,1.31287327322577,103.886114462631,26 LORONG 30 GEYLANG THE MIDAS SINGAPORE 398359,5.116956655400778,42.0,5,4,2,7,11,4,1.0,1.0,0,1
BALMY COURT,1100000.0,1044.11,1054.0,2022-04-01,97.0,11340.0,1.31415835134435,103.884949577853,6 LORONG 27A GEYLANG BALMY COURT SINGAPORE 388105,5.113290510798238,42.0,4,4,2,8,10,5,1.0,1.0,0,1
WINDY HEIGHTS,2828000.0,2475.72,1142.0,2022-04-01,230.0,12296.0,1.32664204297673,103.910617408664,84 JALAN DAUD WINDY HEIGHTS SINGAPORE 419593,8.204206295506795,42.0,2,2,0,2,7,16,3.0,1.0,1,2
WATERBANK AT DAKOTA,810000.0,484.38,1672.0,2022-04-01,45.0,18000.0,1.30647833742136,103.888537197136,76 DAKOTA CRESCENT WATERBANK AT DAKOTA SINGAPORE 399944,4.918518965685704,42.0,3,3,0,5,10,6,1.0,1.0,1,1
RESIDENCES 88,615000.0,441.32,1394.0,2022-04-01,41.0,15000.0,1.32627973484674,103.907811483759,88 LORONG MARICAN RESIDENCES 88 SINGAPORE 417297,7.92954468966822,42.0,3,1,0,2,7,15,1.0,1.0,0,2
TRE RESIDENCES,1180000.0,764.24,1544.0,2022-04-01,71.0,16620.0,1.3172278261209,103.885015905304,9 GEYLANG EAST AVENUE 1 TRE RESIDENCES SINGAPORE 389783,5.353082321074245,42.0,3,3,2,8,9,3,1.0,1.0,1,1
EUHABITAT,1938888.0,1582.31,1225.0,2022-04-01,147.0,13190.0,1.32795415126263,103.9070014142,196 JALAN EUNOS EUHABITAT SINGAPORE 419542,7.971961203569236,42.0,2,2,0,2,6,15,1.0,1.0,1,2
LEVENUE,1010000.0,968.76,1043.0,2022-04-01,90.0,11222.0,1.32864269824431,103.913744097652,55 LENGKONG EMPAT LEVENUE SINGAPORE 417642,8.61577565611189,42.0,3,1,0,2,7,13,3.0,1.0,0,2
BLISS VILLE,1060000.0,871.88,1216.0,2022-04-01,81.0,13086.0,1.32374715619118,103.909135122768,69H LORONG MELAYU BLISS VILLE SINGAPORE 417030,7.88417716920167,42.0,2,1,0,2,8,16,1.0,1.0,0,2
THE ALCOVE,1250000.0,1270.15,984.0,2022-04-01,118.0,10593.0,1.31400655260741,103.884015328938,10 LORONG 27 GEYLANG THE ALCOVE SINGAPORE 388199,5.025483913717779,42.0,4,4,0,8,9,4,1.0,1.0,0,1
VIENTO,628000.0,462.85,1357.0,2022-04-01,43.0,14605.0,1.31221104514144,103.886520466932,29 LORONG 30 GEYLANG VIENTO SINGAPORE 398362,5.104904162018615,42.0,5,4,2,7,11,5,2.0,1.0,0,1
PARC ESTA,1280000.0,699.66,1829.0,2022-04-01,65.0,19692.0,1.31786521916555,103.903967184717,904 SIMS AVENUE PARC ESTA SINGAPORE 408968,7.043509290403673,42.0,1,4,0,1,13,16,1.0,,0,1
EUHABITAT,640000.0,516.67,1239.0,2022-04-01,48.0,13333.0,1.32795415126263,103.9070014142,196 JALAN EUNOS EUHABITAT SINGAPORE 419542,7.971961203569236,42.0,2,2,0,2,6,15,1.0,1.0,1,2
ESCADA VIEW,766000.0,753.48,1017.0,2022-04-01,70.0,10943.0,1.32899344664489,103.91347731741,53 LENGKONG EMPAT ESCADA VIEW SINGAPORE 417657,8.614569394694955,42.0,3,1,0,2,7,13,1.0,1.0,1,2
PENROSE,2329000.0,1388.56,1677.0,2022-04-01,129.0,18054.0,1.31948983025856,103.879994891095,22 SIMS DRIVE PENROSE SINGAPORE 387396,5.166503889250989,42.0,3,4,0,8,9,1,1.0,0.0,0,1
PENROSE,2361000.0,1399.32,1687.0,2022-04-01,130.0,18162.0,1.31948983025856,103.879994891095,22 SIMS DRIVE PENROSE SINGAPORE 387396,5.166503889250989,42.0,3,4,0,8,9,1,1.0,0.0,0,1
ASTOR,1030000.0,1087.16,947.0,2022-04-01,101.0,10198.0,1.32879593267373,103.912963648128,51C LENGKONG EMPAT ASTOR SINGAPORE 417660,8.55554984945014,42.0,3,1,0,2,7,14,3.0,1.0,0,2
SIMS URBAN OASIS,1290000.0,785.77,1642.0,2022-04-01,73.0,17671.0,1.31926710475553,103.880615863782,6 SIMS DRIVE SIMS URBAN OASIS SINGAPORE 387388,5.190897370243519,42.0,3,4,0,8,9,1,3.0,1.0,1,1
TREASURES @ G20,520000.0,419.8,1239.0,2022-04-01,39.0,13333.0,1.31144699404485,103.881539708397,35 LORONG 20 GEYLANG TREASURES@G20 SINGAPORE 398751,4.6309982597520785,42.0,3,3,0,8,9,2,2.0,1.0,0,1
SIMS URBAN OASIS,765000.0,441.32,1733.0,2022-04-01,41.0,18659.0,1.31926710475553,103.880615863782,6 SIMS DRIVE SIMS URBAN OASIS SINGAPORE 387388,5.190897370243519,42.0,3,4,0,8,9,1,2.0,1.0,1,1
URBAN TREASURES,2444900.0,1270.15,1925.0,2022-04-01,118.0,20719.0,1.32936720206385,103.905791323853,205 JALAN EUNOS URBAN TREASURES SINGAPORE 419535,7.966767145631702,42.0,2,0,0,2,6,11,2.0,0.0,1,2
GUILLEMARD EDGE,780000.0,775.01,1006.0,2022-04-01,72.0,10833.0,1.31200443744473,103.885949377155,38 LORONG 30 GEYLANG GUILLEMARD EDGE SINGAPORE 398371,5.041282413008211,42.0,4,4,1,7,11,5,2.0,1.0,0,1
SIMS URBAN OASIS,1650000.0,958.0,1722.0,2022-04-01,89.0,18539.0,1.31926710475553,103.880615863782,6 SIMS DRIVE SIMS URBAN OASIS SINGAPORE 387388,5.190897370243519,42.0,3,4,0,8,9,1,2.0,1.0,1,1
URBAN TREASURES,1991840.0,1011.82,1969.0,2022-04-01,94.0,21190.0,1.32936720206385,103.905791323853,205 JALAN EUNOS URBAN TREASURES SINGAPORE 419535,7.966767145631702,42.0,2,0,0,2,6,11,3.0,0.0,1,2
PARC ESTA,1398000.0,635.08,2201.0,2022-04-01,59.0,23695.0,1.31786521916555,103.903967184717,904 SIMS AVENUE PARC ESTA SINGAPORE 408968,7.043509290403673,42.0,1,4,0,1,13,16,1.0,0.0,0,1
URBAN TREASURES,1205110.0,635.08,1898.0,2022-04-01,59.0,20426.0,1.32936720206385,103.905791323853,205 JALAN EUNOS URBAN TREASURES SINGAPORE 419535,7.966767145631702,42.0,2,0,0,2,6,11,1.0,0.0,1,2
URBAN TREASURES,1682660.0,882.65,1906.0,2022-04-01,82.0,20520.0,1.32936720206385,103.905791323853,205 JALAN EUNOS URBAN TREASURES SINGAPORE 419535,7.966767145631702,42.0,2,0,0,2,6,11,1.0,0.0,1,2
URBAN TREASURES,1269390.0,635.08,1999.0,2022-04-01,59.0,21515.0,1.32936720206385,103.905791323853,205 JALAN EUNOS URBAN TREASURES SINGAPORE 419535,7.966767145631702,42.0,2,0,0,2,6,11,1.0,0.0,1,2
PENROSE,2012000.0,1173.28,1715.0,2022-04-01,109.0,18459.0,1.31948983025856,103.879994891095,22 SIMS DRIVE PENROSE SINGAPORE 387396,5.166503889250989,42.0,3,4,0,8,9,1,1.0,0.0,0,1
WING FONG COURT,840000.0,1097.93,765.0,2022-04-01,102.0,8235.0,1.31173462254903,103.87881521885,10 LORONG 14 GEYLANG WING FONG COURT SINGAPORE 398922,4.435996550952671,42.0,3,4,0,10,9,1,1.0,1.0,0,1
LA BRISA,720000.0,538.2,1338.0,2022-04-01,50.0,14400.0,1.31190419143627,103.885369365155,50 LORONG 28 GEYLANG LA BRISA SINGAPORE 398453,4.984533537431171,42.0,4,4,1,7,11,5,1.0,1.0,0,1
GREEN COURT,1720000.0,1614.6,1065.0,2022-04-01,150.0,11467.0,1.313289737192,103.885153835516,498 GEYLANG ROAD GREEN COURT SINGAPORE 389456,5.066106644450747,42.0,4,4,1,7,11,5,1.0,1.0,0,1
SINGA HILLS,950000.0,667.37,1424.0,2022-04-01,62.0,15323.0,1.33013262911561,103.908284993545,33 JALAN SINGA SINGA HILLS SINGAPORE 418109,8.234437338266625,42.0,1,1,0,2,5,13,1.0,1.0,0,2
URBAN TREASURES,1258510.0,645.84,1949.0,2022-04-01,60.0,20975.0,1.32936720206385,103.905791323853,205 JALAN EUNOS URBAN TREASURES SINGAPORE 419535,7.966767145631702,42.0,2,0,0,2,6,11,1.0,0.0,1,2
THE SUNNY SPRING,1540000.0,1194.8,1289.0,2022-04-01,111.0,13874.0,1.31219203070087,103.889464697147,50 LORONG 40 GEYLANG THE SUNNY SPRING SINGAPORE 398074,5.3613842782215055,42.0,4,4,3,6,11,5,2.0,1.0,0,1
REZI 26,697000.0,495.14,1408.0,2022-04-01,46.0,15152.0,1.31277485329606,103.885104634024,5 LORONG 26 GEYLANG REZI 26 SINGAPORE 398480,5.024511275001018,42.0,4,4,1,7,11,4,1.0,1.0,0,1
EUHABITAT,720000.0,548.96,1312.0,2022-04-01,51.0,14118.0,1.32795415126263,103.9070014142,196 JALAN EUNOS EUHABITAT SINGAPORE 419542,7.971961203569236,42.0,2,2,0,2,6,15,1.0,1.0,1,2
WATERBANK AT DAKOTA,2180000.0,1280.92,1702.0,2022-04-01,119.0,18319.0,1.30647833742136,103.888537197136,76 DAKOTA CRESCENT WATERBANK AT DAKOTA SINGAPORE 399944,4.918518965685704,42.0,3,3,0,5,10,6,3.0,1.0,1,1
SKT MANSIONS,988000.0,1011.82,976.0,2022-04-01,94.0,10511.0,1.31469684747176,103.882628937424,38 LORONG 25 GEYLANG SKT MANSIONS SINGAPORE 388307,4.967360744758596,42.0,3,4,0,8,9,3,2.0,1.0,0,1
# 1 SUITES,690000.0,624.31,1105.0,2022-04-01,58.0,11897.0,1.31239029325188,103.881504147527,1 LORONG 20 GEYLANG # 1 SUITES SINGAPORE 398721,4.699608709809529,42.0,3,3,0,8,9,2,1.0,1.0,0,1
CENTRA RESIDENCE,710000.0,505.91,1403.0,2022-04-01,47.0,15106.0,1.312846209179,103.875936321332,8 LORONG 7 GEYLANG CENTRA RESIDENCE SINGAPORE 388792,4.311991373002679,42.0,2,2,0,10,8,1,2.0,1.0,0,1
STARVILLE,1550000.0,1216.33,1274.0,2022-04-01,113.0,13717.0,1.32826483616522,103.912067534158,66 LENGKONG TIGA STARVILLE SINGAPORE 417471,8.44041551036464,42.0,3,1,0,2,7,15,2.0,1.0,1,2
THE HELICONIA,1585000.0,1334.74,1188.0,2022-04-01,124.0,12782.0,1.32635294484067,103.908900244938,30 JALAN DAUD THE HELICONIA SINGAPORE 419572,8.031320801555648,42.0,3,2,0,2,7,16,2.0,1.0,1,2
EUHABITAT,660000.0,527.44,1251.0,2022-04-01,49.0,13469.0,1.32795415126263,103.9070014142,196 JALAN EUNOS EUHABITAT SINGAPORE 419542,7.971961203569236,42.0,2,2,0,2,6,15,1.0,1.0,1,2
MORI,994000.0,495.14,2007.0,2022-04-01,46.0,21609.0,1.31131219787605,103.882972095616,223 GUILLEMARD ROAD MORI SINGAPORE 399738,4.739370253523735,42.0,3,3,0,8,9,2,1.0,0.0,0,1
MORI,1005000.0,495.14,2030.0,2022-04-01,46.0,21848.0,1.31131219787605,103.882972095616,223 GUILLEMARD ROAD MORI SINGAPORE 399738,4.739370253523735,42.0,3,3,0,8,9,2,1.0,0.0,0,1
SIMS GREEN,1218000.0,1248.62,975.0,2022-04-01,116.0,10500.0,1.31441038654771,103.884629689864,7 LORONG 27A GEYLANG SIMS GREEN SINGAPORE 388133,5.105957066325405,42.0,4,4,1,8,9,5,2.0,1.0,0,1
KEMBANGAN PLAZA,1100000.0,882.65,1246.0,2022-04-01,82.0,13415.0,1.32037255609864,103.912642849629,18 JALAN MASJID KEMBANGAN PLAZA SINGAPORE 418944,8.008799221122848,42.0,1,1,0,2,12,17,1.0,1.0,0,2
ARENA RESIDENCES,1472000.0,807.3,1823.0,2022-04-01,75.0,19627.0,1.30967685823486,103.880642764235,20 GUILLEMARD CRESCENT ARENA RESIDENCES SINGAPORE 399915,4.425439723338632,42.0,4,4,1,9,9,1,3.0,,0,1
PARK 1 SUITES,902000.0,602.78,1496.0,2022-04-01,56.0,16107.0,1.31404268792091,103.889347045446,8 LORONG 40 GEYLANG PARK 1 SUITES SINGAPORE 398054,5.476811645969878,42.0,4,4,3,6,11,4,1.0,1.0,0,1
THE LENOX,854800.0,602.78,1418.0,2022-04-01,56.0,15264.0,1.31824376273926,103.911351165333,396 CHANGI ROAD THE LENOX SINGAPORE 415899,7.765250446888848,42.0,2,1,0,2,13,15,1.0,1.0,0,2
GROSVENOR VIEW,1942000.0,1539.25,1262.0,2022-04-01,143.0,13580.0,1.32768795196418,103.911844825065,3 LENGKONG EMPAT GROSVENOR VIEW SINGAPORE 417611,8.382712261708466,42.0,2,1,0,2,7,16,2.0,1.0,1,2
WATERBANK AT DAKOTA,1995000.0,1140.98,1748.0,2022-04-01,106.0,18821.0,1.30647833742136,103.888537197136,76 DAKOTA CRESCENT WATERBANK AT DAKOTA SINGAPORE 399944,4.918518965685704,42.0,3,3,0,5,10,6,1.0,1.0,1,1
ASTORIA PARK,1010000.0,861.12,1173.0,2022-04-01,80.0,12625.0,1.32177770499303,103.91225216665,34 LORONG MYDIN ASTORIA PARK SINGAPORE 416827,8.053226885077692,42.0,1,1,0,2,12,17,1.0,1.0,1,2
URBAN TREASURES,1970410.0,1011.82,1947.0,2022-04-01,94.0,20962.0,1.32936720206385,103.905791323853,205 JALAN EUNOS URBAN TREASURES SINGAPORE 419535,7.966767145631702,42.0,2,0,0,2,6,11,2.0,0.0,1,2
URBAN TREASURES,1322410.0,645.84,2048.0,2022-04-01,60.0,22040.0,1.32936720206385,103.905791323853,205 JALAN EUNOS URBAN TREASURES SINGAPORE 419535,7.966767145631702,42.0,2,0,0,2,6,11,2.0,0.0,1,2
URBAN TREASURES,1328600.0,645.84,2057.0,2022-04-01,60.0,22143.0,1.32936720206385,103.905791323853,205 JALAN EUNOS URBAN TREASURES SINGAPORE 419535,7.966767145631702,42.0,2,0,0,2,6,11,3.0,0.0,1,2
URBAN TREASURES,1291490.0,645.84,2000.0,2022-04-01,60.0,21525.0,1.32936720206385,103.905791323853,205 JALAN EUNOS URBAN TREASURES SINGAPORE 419535,7.966767145631702,42.0,2,0,0,2,6,11,1.0,0.0,1,2
CASA SARINA,1425000.0,1367.03,1042.0,2022-04-01,127.0,11220.0,1.32018967220914,103.906865928269,101 LORONG SARINA CASA SARINA SINGAPORE 416729,7.4542779982704115,42.0,2,1,0,1,12,14,1.0,1.0,1,2
URBAN TREASURES,1230620.0,635.08,1938.0,2022-04-01,59.0,20858.0,1.32936720206385,103.905791323853,205 JALAN EUNOS URBAN TREASURES SINGAPORE 419535,7.966767145631702,42.0,2,0,0,2,6,11,1.0,0.0,1,2
QUBE SUITES,683000.0,452.09,1511.0,2022-04-01,42.0,16262.0,1.32987209553022,103.908123975446,24 JALAN PUNAI QUBE SUITES SINGAPORE 418804,8.202337725386041,42.0,2,1,0,2,5,14,1.0,1.0,0,2
M SUITES,2074122.0,1291.68,1606.0,2022-04-01,120.0,17284.0,1.32330751911211,103.909620521884,65 LORONG MELAYU M SUITES SINGAPORE 416952,7.901043793350142,42.0,2,1,0,2,9,16,1.0,0.0,0,2
LE MARICAN,650000.0,570.49,1139.0,2022-04-01,53.0,12264.0,1.32604750612789,103.907418948375,95 LORONG MARICAN LE MARICAN SINGAPORE 417301,7.879216938858841,42.0,2,1,0,2,7,15,1.0,1.0,0,2
CENTRA STUDIOS,585000.0,376.74,1553.0,2022-04-01,35.0,16714.0,1.31444000148435,103.882324003158,25 LORONG 25 GEYLANG CENTRA STUDIOS SINGAPORE 388302,4.923274977554681,42.0,3,4,0,8,9,2,2.0,1.0,0,1
TRE RESIDENCES,1180000.0,699.66,1687.0,2022-04-01,65.0,18154.0,1.3172278261209,103.885015905304,9 GEYLANG EAST AVENUE 1 TRE RESIDENCES SINGAPORE 389783,5.353082321074245,42.0,3,3,2,8,9,3,3.0,1.0,1,1
# 1 LOFT,698888.0,581.26,1202.0,2022-04-01,54.0,12942.0,1.31276346405244,103.883518875617,1 LORONG 24 GEYLANG # 1 LOFT SINGAPORE 398614,4.891716160848941,42.0,3,4,0,8,9,2,2.0,1.0,0,1
CENTRA RESIDENCE,628000.0,452.09,1389.0,2022-04-01,42.0,14952.0,1.312846209179,103.875936321332,8 LORONG 7 GEYLANG CENTRA RESIDENCE SINGAPORE 388792,4.311991373002679,42.0,2,2,0,10,8,1,1.0,1.0,0,1
CENTRAL GROVE,1300000.0,1173.28,1108.0,2022-04-01,109.0,11927.0,1.31623494982413,103.884417981377,3 GEYLANG EAST AVENUE 1 CENTRAL GROVE SINGAPORE 389779,5.228491443172765,42.0,4,5,1,8,9,3,1.0,1.0,1,1
SIMS URBAN OASIS,798000.0,462.85,1724.0,2022-04-01,43.0,18558.0,1.31926710475553,103.880615863782,6 SIMS DRIVE SIMS URBAN OASIS SINGAPORE 387388,5.190897370243519,42.0,3,4,0,8,9,1,3.0,1.0,1,1
GUILLEMARD SUITES,1135000.0,850.36,1335.0,2022-04-01,79.0,14367.0,1.31094521852726,103.882721097721,213 GUILLEMARD ROAD GUILLEMARD SUITES SINGAPORE 399733,4.691609257032653,42.0,3,4,0,8,9,3,1.0,1.0,0,1
DENG FU VILLE,2200000.0,1603.84,1372.0,2022-04-01,149.0,14765.0,1.31907103004917,103.906727650036,30 KAMPONG EUNOS DENG FU VILLE SINGAPORE 417777,7.373814325731649,42.0,2,2,0,1,13,14,1.0,1.0,0,2
CENTRA HEIGHTS,718000.0,430.56,1668.0,2022-04-01,40.0,17950.0,1.31629397762889,103.88657418395,455 SIMS AVENUE CENTRA HEIGHTS SINGAPORE 387607,5.406260020602187,42.0,4,4,3,7,11,4,2.0,1.0,0,1
WING FONG MANSIONS,1020000.0,1130.22,902.0,2022-04-01,105.0,9714.0,1.31057552074486,103.879078933752,12 LORONG 14 GEYLANG WING FONG MANSIONS SINGAPORE 398924,4.366074173360566,42.0,4,4,1,10,9,1,2.0,1.0,0,1
SIMS URBAN OASIS,1200000.0,710.42,1689.0,2022-04-01,66.0,18182.0,1.31926710475553,103.880615863782,6 SIMS DRIVE SIMS URBAN OASIS SINGAPORE 387388,5.190897370243519,42.0,3,4,0,8,9,1,3.0,1.0,1,1
SIMS URBAN OASIS,1080888.0,667.37,1620.0,2022-04-01,62.0,17434.0,1.31926710475553,103.880615863782,6 SIMS DRIVE SIMS URBAN OASIS SINGAPORE 387388,5.190897370243519,42.0,3,4,0,8,9,1,1.0,1.0,1,1
VIENTO,730000.0,527.44,1384.0,2022-04-01,49.0,14898.0,1.31221104514144,103.886520466932,29 LORONG 30 GEYLANG VIENTO SINGAPORE 398362,5.104904162018615,42.0,5,4,2,7,11,5,2.0,1.0,0,1
PRIME RESIDENCE,568888.0,409.03,1391.0,2022-04-01,38.0,14971.0,1.31118981428433,103.882466535926,41 LORONG 22 GEYLANG PRIME RESIDENCE SINGAPORE 398697,4.688267126786674,42.0,3,4,0,8,9,2,1.0,1.0,0,1
ASTORIA PARK,1090000.0,958.0,1138.0,2022-04-01,89.0,12247.0,1.32177770499303,103.91225216665,34 LORONG MYDIN ASTORIA PARK SINGAPORE 416827,8.053226885077692,42.0,1,1,0,2,12,17,1.0,1.0,1,2
EUHABITAT,717000.0,538.2,1332.0,2022-04-01,50.0,14340.0,1.32795415126263,103.9070014142,196 JALAN EUNOS EUHABITAT SINGAPORE 419542,7.971961203569236,42.0,2,2,0,2,6,15,1.0,1.0,1,2
WING FONG MANSIONS,818000.0,731.95,1118.0,2022-04-01,68.0,12029.0,1.31057552074486,103.879078933752,12 LORONG 14 GEYLANG WING FONG MANSIONS SINGAPORE 398924,4.366074173360566,42.0,4,4,1,10,9,1,1.0,1.0,0,1
LE REGAL,688000.0,516.67,1332.0,2022-04-01,48.0,14333.0,1.31250268727998,103.880368117228,340 GEYLANG ROAD LE REGAL SINGAPORE 389365,4.61788023094977,42.0,2,3,0,9,10,1,1.0,1.0,0,1
WATERBANK AT DAKOTA,2080000.0,1173.28,1773.0,2022-04-01,109.0,19083.0,1.30647833742136,103.888537197136,76 DAKOTA CRESCENT WATERBANK AT DAKOTA SINGAPORE 399944,4.918518965685704,42.0,3,3,0,5,10,6,3.0,1.0,1,1
GUILLEMARD EDGE,653000.0,409.03,1596.0,2022-04-01,38.0,17184.0,1.31200443744473,103.885949377155,38 LORONG 30 GEYLANG GUILLEMARD EDGE SINGAPORE 398371,5.041282413008211,42.0,4,4,1,7,11,5,2.0,1.0,0,1
CENTRA LOFT,611000.0,430.56,1419.0,2022-04-01,40.0,15275.0,1.31481743950624,103.888376977987,3 LORONG 35 GEYLANG CENTRA LOFT SINGAPORE 387935,5.44803594028427,42.0,4,4,3,7,11,4,1.0,1.0,0,1
CASA AERATA,583000.0,387.5,1505.0,2022-04-01,36.0,16194.0,1.31232393794378,103.885033090499,9 LORONG 26 GEYLANG CASA AERATA SINGAPORE 398484,4.985931367630484,42.0,4,4,1,7,11,4,1.0,1.0,0,1
MORI,1324000.0,710.42,1864.0,2022-04-01,66.0,20061.0,1.31131219787605,103.882972095616,223 GUILLEMARD ROAD MORI SINGAPORE 399738,4.739370253523735,42.0,3,3,0,8,9,2,1.0,0.0,0,1
PENROSE,2459000.0,1399.32,1757.0,2022-04-01,130.0,18915.0,1.31948983025856,103.879994891095,22 SIMS DRIVE PENROSE SINGAPORE 387396,5.166503889250989,42.0,3,4,0,8,9,1,3.0,0.0,0,1
URBAN TREASURES,1242860.0,635.08,1957.0,2022-04-01,59.0,21065.0,1.32936720206385,103.905791323853,205 JALAN EUNOS URBAN TREASURES SINGAPORE 419535,7.966767145631702,42.0,2,0,0,2,6,11,1.0,0.0,1,2
WATERBANK AT DAKOTA,1140000.0,624.31,1826.0,2022-04-01,58.0,19655.0,1.30647833742136,103.888537197136,76 DAKOTA CRESCENT WATERBANK AT DAKOTA SINGAPORE 399944,4.918518965685704,42.0,3,3,0,5,10,6,4.0,1.0,1,1
SIMS URBAN OASIS,1070000.0,667.37,1603.0,2022-04-01,62.0,17258.0,1.31926710475553,103.880615863782,6 SIMS DRIVE SIMS URBAN OASIS SINGAPORE 387388,5.190897370243519,42.0,3,4,0,8,9,1,3.0,1.0,1,1
WATERBANK AT DAKOTA,2310000.0,1280.92,1803.0,2022-04-01,119.0,19412.0,1.30647833742136,103.888537197136,76 DAKOTA CRESCENT WATERBANK AT DAKOTA SINGAPORE 399944,4.918518965685704,42.0,3,3,0,5,10,6,4.0,1.0,1,1
EUHABITAT,1180000.0,947.23,1246.0,2022-03-01,88.0,13409.0,1.32795415126263,103.9070014142,196 JALAN EUNOS EUHABITAT SINGAPORE 419542,7.971961203569236,43.0,2,2,0,2,6,15,1.0,1.0,1,2
PENROSE,2467000.0,1399.32,1763.0,2022-03-01,130.0,18977.0,1.31948983025856,103.879994891095,22 SIMS DRIVE PENROSE SINGAPORE 387396,5.166503889250989,43.0,3,4,0,8,9,1,3.0,0.0,0,1
PENROSE,2475000.0,1399.32,1769.0,2022-03-01,130.0,19038.0,1.31948983025856,103.879994891095,22 SIMS DRIVE PENROSE SINGAPORE 387396,5.166503889250989,43.0,3,4,0,8,9,1,4.0,0.0,0,1
CENTRA STUDIOS,580000.0,344.45,1684.0,2022-03-01,32.0,18125.0,1.31444000148435,103.882324003158,25 LORONG 25 GEYLANG CENTRA STUDIOS SINGAPORE 388302,4.923274977554681,43.0,3,4,0,8,9,2,1.0,1.0,0,1
LE REGAL,699000.0,785.77,890.0,2022-03-01,73.0,9575.0,1.31250268727998,103.880368117228,340 GEYLANG ROAD LE REGAL SINGAPORE 389365,4.61788023094977,43.0,2,3,0,9,10,1,1.0,1.0,0,1
PARC ESTA,1330000.0,699.66,1901.0,2022-03-01,65.0,20462.0,1.31786521916555,103.903967184717,904 SIMS AVENUE PARC ESTA SINGAPORE 408968,7.043509290403673,43.0,1,4,0,1,13,16,1.0,,0,1
TROPIKA EAST,665000.0,441.32,1507.0,2022-03-01,41.0,16220.0,1.32886589161997,103.90719397756,3 FOO KIM LIN ROAD TROPIKA EAST SINGAPORE 419679,8.051842718239321,43.0,2,1,0,2,6,15,1.0,1.0,1,2
SIMS GREEN,1225000.0,1237.86,990.0,2022-03-01,115.0,10652.0,1.31441038654771,103.884629689864,7 LORONG 27A GEYLANG SIMS GREEN SINGAPORE 388133,5.105957066325405,43.0,4,4,1,8,9,5,1.0,1.0,0,1
URBAN TREASURES,1316230.0,645.84,2038.0,2022-03-01,60.0,21937.0,1.32936720206385,103.905791323853,205 JALAN EUNOS URBAN TREASURES SINGAPORE 419535,7.966767145631702,43.0,2,0,0,2,6,11,2.0,0.0,1,2
SIMS URBAN OASIS,760000.0,484.38,1569.0,2022-03-01,45.0,16889.0,1.31926710475553,103.880615863782,6 SIMS DRIVE SIMS URBAN OASIS SINGAPORE 387388,5.190897370243519,43.0,3,4,0,8,9,1,1.0,1.0,1,1
LA FLEUR,580000.0,409.03,1418.0,2022-03-01,38.0,15263.0,1.31244454232324,103.884576516653,8 LORONG 26 GEYLANG LA FLEUR SINGAPORE 398483,4.956192019907782,43.0,3,4,0,7,10,4,2.0,1.0,0,1
DAKOTA RESIDENCES,1980000.0,1291.68,1533.0,2022-03-01,120.0,16500.0,1.30637270876178,103.88708549006,34 DAKOTA CRESCENT DAKOTA RESIDENCES SINGAPORE 399936,4.7757251422267535,43.0,3,3,0,6,10,5,1.0,1.0,1,1
LE REVE,2600000.0,2400.37,1083.0,2022-03-01,223.0,11659.0,1.31868241486572,103.90610166475,27 KAMPONG EUNOS LE REVE SINGAPORE 417783,7.2919762495069005,43.0,2,2,0,1,13,14,,1.0,1,2
WATERBANK AT DAKOTA,845000.0,484.38,1744.0,2022-03-01,45.0,18778.0,1.30647833742136,103.888537197136,76 DAKOTA CRESCENT WATERBANK AT DAKOTA SINGAPORE 399944,4.918518965685704,43.0,3,3,0,5,10,6,4.0,1.0,1,1
THE LENOX,630000.0,430.56,1463.0,2022-03-01,40.0,15750.0,1.31824376273926,103.911351165333,396 CHANGI ROAD THE LENOX SINGAPORE 415899,7.765250446888848,43.0,2,1,0,2,13,15,1.0,1.0,0,2
REZI 3TWO,720000.0,452.09,1593.0,2022-03-01,42.0,17143.0,1.31212753143258,103.886814275583,48 LORONG 32 GEYLANG REZI 3TWO SINGAPORE 398308,5.124457679901286,43.0,5,4,2,7,11,5,2.0,1.0,0,1
ASTON MANSIONS,990000.0,1011.82,978.0,2022-03-01,94.0,10532.0,1.31393251470132,103.890612644048,7 LORONG 42 GEYLANG ASTON MANSIONS SINGAPORE 398028,5.57978728565853,43.0,4,4,3,5,12,6,1.0,1.0,0,1
EUHABITAT,1185000.0,904.18,1311.0,2022-03-01,84.0,14107.0,1.32795415126263,103.9070014142,196 JALAN EUNOS EUHABITAT SINGAPORE 419542,7.971961203569236,43.0,2,2,0,2,6,15,1.0,1.0,1,2
MORI,1015000.0,495.14,2050.0,2022-03-01,46.0,22065.0,1.31131219787605,103.882972095616,223 GUILLEMARD ROAD MORI SINGAPORE 399738,4.739370253523735,43.0,3,3,0,8,9,2,2.0,0.0,0,1
BLOSSOM VIEW,980000.0,979.52,1000.0,2022-03-01,91.0,10769.0,1.31164773484524,103.885059930105,31 LORONG 26 GEYLANG BLOSSOM VIEW SINGAPORE 398498,4.939924425348268,43.0,3,3,1,7,11,5,2.0,1.0,0,1
VACANZA @ EAST,1110000.0,807.3,1375.0,2022-03-01,75.0,14800.0,1.32901984483655,103.914196223923,36 LENGKONG TUJOH VACANZA @ EAST SINGAPORE 417391,8.680985857703446,43.0,3,1,0,2,8,12,2.0,1.0,1,2
PENANG SERVICE APARTMENTS,1180888.0,1151.75,1025.0,2022-03-01,107.0,11036.0,1.31336434016643,103.887597407486,16 LORONG 34 GEYLANG PENANG SERVICE APARTMENTS SINGAPORE 398213,5.278453845984745,43.0,5,4,2,7,11,5,2.0,1.0,0,1
PENROSE,2365000.0,1388.56,1703.0,2022-03-01,129.0,18333.0,1.31948983025856,103.879994891095,22 SIMS DRIVE PENROSE SINGAPORE 387396,5.166503889250989,43.0,3,4,0,8,9,1,3.0,0.0,0,1
NESS,505000.0,441.32,1144.0,2022-03-01,41.0,12317.0,1.31269794714045,103.886776844129,38 LORONG 32 GEYLANG NESS SINGAPORE 398298,5.1611183017097115,43.0,5,4,2,7,11,5,2.0,1.0,0,1
REZI 26,625000.0,430.56,1452.0,2022-03-01,40.0,15625.0,1.31277485329606,103.885104634024,5 LORONG 26 GEYLANG REZI 26 SINGAPORE 398480,5.024511275001018,43.0,4,4,1,7,11,4,1.0,1.0,0,1
THE OCTET,620000.0,527.44,1175.0,2022-03-01,49.0,12653.0,1.31206999136037,103.883562422294,23 LORONG 24 GEYLANG THE OCTET SINGAPORE 398628,4.844083676929457,43.0,3,3,0,8,10,2,2.0,1.0,0,1
SIMS URBAN OASIS,1250000.0,785.77,1591.0,2022-03-01,73.0,17123.0,1.31926710475553,103.880615863782,6 SIMS DRIVE SIMS URBAN OASIS SINGAPORE 387388,5.190897370243519,43.0,3,4,0,8,9,1,3.0,1.0,1,1
TREASURES@G6,620000.0,462.85,1340.0,2022-03-01,43.0,14419.0,1.31061812912929,103.876727965474,35 LORONG 6 GEYLANG TREASURES@G6 SINGAPORE 399187,4.186237477544645,43.0,4,3,2,10,8,2,1.0,1.0,0,1
PENROSE,1964000.0,1184.04,1659.0,2022-03-01,110.0,17855.0,1.31948983025856,103.879994891095,22 SIMS DRIVE PENROSE SINGAPORE 387396,5.166503889250989,43.0,3,4,0,8,9,1,1.0,0.0,0,1
PENROSE,2290000.0,1388.56,1649.0,2022-03-01,129.0,17752.0,1.31948983025856,103.879994891095,22 SIMS DRIVE PENROSE SINGAPORE 387396,5.166503889250989,43.0,3,4,0,8,9,1,1.0,0.0,0,1
ASTON MANSIONS,1158000.0,1140.98,1015.0,2022-03-01,106.0,10925.0,1.31393251470132,103.890612644048,7 LORONG 42 GEYLANG ASTON MANSIONS SINGAPORE 398028,5.57978728565853,43.0,4,4,3,5,12,6,1.0,1.0,0,1
ASTON MANSIONS,1020000.0,1162.51,877.0,2022-03-01,108.0,9444.0,1.31393251470132,103.890612644048,7 LORONG 42 GEYLANG ASTON MANSIONS SINGAPORE 398028,5.57978728565853,43.0,4,4,3,5,12,6,2.0,1.0,0,1
EUHABITAT,777000.0,624.31,1245.0,2022-03-01,58.0,13397.0,1.32795415126263,103.9070014142,196 JALAN EUNOS EUHABITAT SINGAPORE 419542,7.971961203569236,43.0,2,2,0,2,6,15,1.0,1.0,1,2
GUILLEMARD SUITES,978000.0,721.19,1356.0,2022-03-01,67.0,14597.0,1.31094521852726,103.882721097721,213 GUILLEMARD ROAD GUILLEMARD SUITES SINGAPORE 399733,4.691609257032653,43.0,3,4,0,8,9,3,1.0,1.0,0,1
THE OCTET,620000.0,419.8,1477.0,2022-03-01,39.0,15897.0,1.31206999136037,103.883562422294,23 LORONG 24 GEYLANG THE OCTET SINGAPORE 398628,4.844083676929457,43.0,3,3,0,8,10,2,1.0,1.0,0,1
ATRIUM RESIDENCES,1638000.0,1302.44,1258.0,2022-03-01,121.0,13537.0,1.31372274938589,103.886156549479,532 GEYLANG ROAD ATRIUM RESIDENCES SINGAPORE 389488,5.181625591258403,43.0,5,4,2,7,11,5,2.0,1.0,0,1
THE TRUMPS,1320000.0,979.52,1348.0,2022-03-01,91.0,14505.0,1.32002610262337,103.91348728953,1 JALAN KEMBANGAN THE TRUMPS SINGAPORE 419154,8.069943599460245,43.0,1,0,0,2,12,18,1.0,1.0,1,2
PENROSE,2373000.0,1388.56,1709.0,2022-03-01,129.0,18395.0,1.31948983025856,103.879994891095,22 SIMS DRIVE PENROSE SINGAPORE 387396,5.166503889250989,43.0,3,4,0,8,9,1,3.0,0.0,0,1
PENROSE,2387000.0,1388.56,1719.0,2022-03-01,129.0,18504.0,1.31948983025856,103.879994891095,22 SIMS DRIVE PENROSE SINGAPORE 387396,5.166503889250989,43.0,3,4,0,8,9,1,3.0,0.0,0,1
NESS,1120000.0,1054.87,1062.0,2022-03-01,98.0,11429.0,1.31269794714045,103.886776844129,38 LORONG 32 GEYLANG NESS SINGAPORE 398298,5.1611183017097115,43.0,5,4,2,7,11,5,2.0,1.0,0,1
SIMS URBAN OASIS,1260000.0,785.77,1604.0,2022-03-01,73.0,17260.0,1.31926710475553,103.880615863782,6 SIMS DRIVE SIMS URBAN OASIS SINGAPORE 387388,5.190897370243519,43.0,3,4,0,8,9,1,2.0,1.0,1,1
SIMS EDGE,1310000.0,1194.8,1096.0,2022-03-01,111.0,11802.0,1.31640485669867,103.887906763671,1 GEYLANG EAST AVENUE 2 SIMS EDGE SINGAPORE 389760,5.523980705206435,43.0,4,5,3,7,12,4,3.0,1.0,0,1
VACANZA @ EAST,1340000.0,1022.58,1310.0,2022-03-01,95.0,14105.0,1.32901984483655,103.914196223923,36 LENGKONG TUJOH VACANZA @ EAST SINGAPORE 417391,8.680985857703446,43.0,3,1,0,2,8,12,2.0,1.0,1,2
NESS,642888.0,430.56,1493.0,2022-03-01,40.0,16072.0,1.31269794714045,103.886776844129,38 LORONG 32 GEYLANG NESS SINGAPORE 398298,5.1611183017097115,43.0,5,4,2,7,11,5,1.0,1.0,0,1
DAKOTA RESIDENCES,1580000.0,1022.58,1545.0,2022-03-01,95.0,16632.0,1.30637270876178,103.88708549006,34 DAKOTA CRESCENT DAKOTA RESIDENCES SINGAPORE 399936,4.7757251422267535,43.0,3,3,0,6,10,5,2.0,1.0,1,1
NICOLE GREEN,1680000.0,1237.86,1357.0,2022-03-01,115.0,14609.0,1.30930458520869,103.879851001095,68 GUILLEMARD ROAD NICOLE GREEN SINGAPORE 399710,4.332405732571704,43.0,5,4,1,10,9,1,1.0,1.0,0,1
EDENZ LOFT,600000.0,441.32,1360.0,2022-03-01,41.0,14634.0,1.3123178474915,103.883532317959,11 LORONG 24 GEYLANG EDENZ LOFT SINGAPORE 398623,4.859816611041546,43.0,3,3,0,8,9,2,1.0,1.0,0,1
URBAN TREASURES,1306130.0,635.08,2057.0,2022-03-01,59.0,22138.0,1.32936720206385,103.905791323853,205 JALAN EUNOS URBAN TREASURES SINGAPORE 419535,7.966767145631702,43.0,2,0,0,2,6,11,3.0,0.0,1,2
M SUITES,2081649.0,1291.68,1612.0,2022-03-01,120.0,17347.0,1.32330751911211,103.909620521884,65 LORONG MELAYU M SUITES SINGAPORE 416952,7.901043793350142,43.0,2,1,0,2,9,16,1.0,0.0,0,2
WATERBANK AT DAKOTA,1060000.0,624.31,1698.0,2022-03-01,58.0,18276.0,1.30647833742136,103.888537197136,76 DAKOTA CRESCENT WATERBANK AT DAKOTA SINGAPORE 399944,4.918518965685704,43.0,3,3,0,5,10,6,1.0,1.0,1,1
WATERBANK AT DAKOTA,1995000.0,1140.98,1748.0,2022-03-01,106.0,18821.0,1.30647833742136,103.888537197136,76 DAKOTA CRESCENT WATERBANK AT DAKOTA SINGAPORE 399944,4.918518965685704,43.0,3,3,0,5,10,6,1.0,1.0,1,1
CENTRA RESIDENCE,642000.0,462.85,1387.0,2022-03-01,43.0,14930.0,1.312846209179,103.875936321332,8 LORONG 7 GEYLANG CENTRA RESIDENCE SINGAPORE 388792,4.311991373002679,43.0,2,2,0,10,8,1,1.0,1.0,0,1
URBAN TREASURES,1763270.0,882.65,1998.0,2022-03-01,82.0,21503.0,1.32936720206385,103.905791323853,205 JALAN EUNOS URBAN TREASURES SINGAPORE 419535,7.966767145631702,43.0,2,0,0,2,6,11,2.0,0.0,1,2
SIMS URBAN OASIS,1070000.0,667.37,1603.0,2022-03-01,62.0,17258.0,1.31926710475553,103.880615863782,6 SIMS DRIVE SIMS URBAN OASIS SINGAPORE 387388,5.190897370243519,43.0,3,4,0,8,9,1,2.0,1.0,1,1
SIMS URBAN OASIS,1468800.0,958.0,1533.0,2022-03-01,89.0,16503.0,1.31926710475553,103.880615863782,6 SIMS DRIVE SIMS URBAN OASIS SINGAPORE 387388,5.190897370243519,43.0,3,4,0,8,9,1,3.0,1.0,1,1
PENROSE,2436000.0,1399.32,1741.0,2022-03-01,130.0,18738.0,1.31948983025856,103.879994891095,22 SIMS DRIVE PENROSE SINGAPORE 387396,5.166503889250989,43.0,3,4,0,8,9,1,3.0,0.0,0,1
PARK PLACE RESIDENCES AT PLQ,1475000.0,667.37,2210.0,2022-03-01,62.0,23790.0,1.31583675363618,103.892746648427,2 PAYA LEBAR ROAD PARK PLACE RESIDENCES AT PLQ SINGAPORE 409053,5.896537427358871,43.0,3,3,3,4,12,6,3.0,,0,1
THE NAVIAN,1450000.0,904.18,1604.0,2022-03-01,84.0,17262.0,1.32780887766582,103.906399584482,178 JALAN EUNOS THE NAVIAN SINGAPORE 419530,7.909635869494765,43.0,3,1,0,2,6,14,1.0,1.0,0,2
ASTON MANSIONS,1238000.0,1302.44,951.0,2022-03-01,121.0,10231.0,1.31393251470132,103.890612644048,7 LORONG 42 GEYLANG ASTON MANSIONS SINGAPORE 398028,5.57978728565853,43.0,4,4,3,5,12,6,1.0,1.0,0,1
PENROSE,2260000.0,1388.56,1628.0,2022-03-01,129.0,17519.0,1.31948983025856,103.879994891095,22 SIMS DRIVE PENROSE SINGAPORE 387396,5.166503889250989,43.0,3,4,0,8,9,1,1.0,0.0,0,1
PENROSE,2040000.0,1173.28,1739.0,2022-03-01,109.0,18716.0,1.31948983025856,103.879994891095,22 SIMS DRIVE PENROSE SINGAPORE 387396,5.166503889250989,43.0,3,4,0,8,9,1,3.0,0.0,0,1
M SUITES,1783189.0,1044.11,1708.0,2022-03-01,97.0,18383.0,1.32330751911211,103.909620521884,65 LORONG MELAYU M SUITES SINGAPORE 416952,7.901043793350142,43.0,2,1,0,2,9,16,1.0,0.0,0,2
PENROSE,2349000.0,1388.56,1692.0,2022-03-01,129.0,18209.0,1.31948983025856,103.879994891095,22 SIMS DRIVE PENROSE SINGAPORE 387396,5.166503889250989,43.0,3,4,0,8,9,1,3.0,0.0,0,1
PENROSE,2428000.0,1399.32,1735.0,2022-03-01,130.0,18677.0,1.31948983025856,103.879994891095,22 SIMS DRIVE PENROSE SINGAPORE 387396,5.166503889250989,43.0,3,4,0,8,9,1,3.0,0.0,0,1
PENROSE,2064000.0,1173.28,1759.0,2022-03-01,109.0,18936.0,1.31948983025856,103.879994891095,22 SIMS DRIVE PENROSE SINGAPORE 387396,5.166503889250989,43.0,3,4,0,8,9,1,4.0,0.0,0,1
MERA EAST,1620000.0,1280.92,1265.0,2022-03-01,119.0,13613.0,1.31817526770849,103.909292082346,338 CHANGI ROAD MERA EAST SINGAPORE 419977,7.564017720548594,43.0,2,1,0,1,14,15,1.0,1.0,0,2
PARC ESTA,1800000.0,958.0,1879.0,2022-03-01,89.0,20225.0,1.31786521916555,103.903967184717,904 SIMS AVENUE PARC ESTA SINGAPORE 408968,7.043509290403673,43.0,1,4,0,1,13,16,3.0,,0,1
SILVERSCAPE,616000.0,409.03,1506.0,2022-03-01,38.0,16211.0,1.31256998658763,103.887209225771,39 LORONG 32 GEYLANG SILVERSCAPE SINGAPORE 398299,5.189405207979182,43.0,5,4,2,7,11,5,2.0,1.0,0,1
GUILLEMARD SUITES,820000.0,635.08,1291.0,2022-03-01,59.0,13898.0,1.31094521852726,103.882721097721,213 GUILLEMARD ROAD GUILLEMARD SUITES SINGAPORE 399733,4.691609257032653,43.0,3,4,0,8,9,3,1.0,1.0,0,1
PARC ESTA,1450000.0,721.19,2011.0,2022-03-01,67.0,21642.0,1.31786521916555,103.903967184717,904 SIMS AVENUE PARC ESTA SINGAPORE 408968,7.043509290403673,43.0,1,4,0,1,13,16,2.0,,0,1
PENROSE,2355000.0,1399.32,1683.0,2022-03-01,130.0,18115.0,1.31948983025856,103.879994891095,22 SIMS DRIVE PENROSE SINGAPORE 387396,5.166503889250989,43.0,3,4,0,8,9,1,1.0,0.0,0,1
REZI 26,600000.0,452.09,1327.0,2022-03-01,42.0,14286.0,1.31277485329606,103.885104634024,5 LORONG 26 GEYLANG REZI 26 SINGAPORE 398480,5.024511275001018,43.0,4,4,1,7,11,4,1.0,1.0,0,1
EUHABITAT,1510000.0,1162.51,1299.0,2022-03-01,108.0,13981.0,1.32795415126263,103.9070014142,196 JALAN EUNOS EUHABITAT SINGAPORE 419542,7.971961203569236,43.0,2,2,0,2,6,15,1.0,1.0,1,2
PENROSE,2298000.0,1388.56,1655.0,2022-03-01,129.0,17814.0,1.31948983025856,103.879994891095,22 SIMS DRIVE PENROSE SINGAPORE 387396,5.166503889250989,43.0,3,4,0,8,9,1,1.0,0.0,0,1
MORI,1357000.0,710.42,1910.0,2022-03-01,66.0,20561.0,1.31131219787605,103.882972095616,223 GUILLEMARD ROAD MORI SINGAPORE 399738,4.739370253523735,43.0,3,3,0,8,9,2,1.0,0.0,0,1
EUHABITAT,645000.0,516.67,1248.0,2022-03-01,48.0,13438.0,1.32795415126263,103.9070014142,196 JALAN EUNOS EUHABITAT SINGAPORE 419542,7.971961203569236,43.0,2,2,0,2,6,15,1.0,1.0,1,2
THE SANCTUARY @ GEYLANG,758000.0,559.73,1354.0,2022-03-01,52.0,14577.0,1.31345709214795,103.886467318231,1 LORONG 30 GEYLANG THE SANCTUARY @ GEYLANG SINGAPORE 398342,5.188676380984995,43.0,5,4,2,7,11,5,1.0,1.0,0,1
PENROSE,2275000.0,1388.56,1638.0,2022-03-01,129.0,17636.0,1.31948983025856,103.879994891095,22 SIMS DRIVE PENROSE SINGAPORE 387396,5.166503889250989,43.0,3,4,0,8,9,1,1.0,0.0,0,1
SMART SUITES,1048000.0,882.65,1187.0,2022-03-01,82.0,12780.0,1.31514448371947,103.884050282732,302 SIMS AVENUE SMART SUITES SINGAPORE 387516,5.114950686082434,43.0,3,5,0,8,9,3,1.0,1.0,0,1
TREASURES@G6,588000.0,430.56,1366.0,2022-03-01,40.0,14700.0,1.31061812912929,103.876727965474,35 LORONG 6 GEYLANG TREASURES@G6 SINGAPORE 399187,4.186237477544645,43.0,4,3,2,10,8,2,1.0,1.0,0,1
CENTRA SUITES,630000.0,441.32,1428.0,2022-03-01,41.0,15366.0,1.31465166781856,103.883288149427,38 LORONG 25A GEYLANG CENTRA SUITES SINGAPORE 388242,5.016128952160774,43.0,3,4,0,8,9,3,2.0,1.0,0,1
MORI,1152000.0,592.02,1946.0,2022-03-01,55.0,20945.0,1.31131219787605,103.882972095616,223 GUILLEMARD ROAD MORI SINGAPORE 399738,4.739370253523735,43.0,3,3,0,8,9,2,1.0,0.0,0,1
MORI,1081000.0,548.96,1969.0,2022-03-01,51.0,21196.0,1.31131219787605,103.882972095616,223 GUILLEMARD ROAD MORI SINGAPORE 399738,4.739370253523735,43.0,3,3,0,8,9,2,1.0,0.0,0,1
# 1 SUITES,680000.0,559.73,1215.0,2022-03-01,52.0,13077.0,1.31239029325188,103.881504147527,1 LORONG 20 GEYLANG # 1 SUITES SINGAPORE 398721,4.699608709809529,43.0,3,3,0,8,9,2,1.0,1.0,0,1
SIMS URBAN OASIS,1580000.0,958.0,1649.0,2022-03-01,89.0,17753.0,1.31926710475553,103.880615863782,6 SIMS DRIVE SIMS URBAN OASIS SINGAPORE 387388,5.190897370243519,43.0,3,4,0,8,9,1,2.0,1.0,1,1
SIMS URBAN OASIS,1050000.0,624.31,1682.0,2022-03-01,58.0,18103.0,1.31926710475553,103.880615863782,6 SIMS DRIVE SIMS URBAN OASIS SINGAPORE 387388,5.190897370243519,43.0,3,4,0,8,9,1,3.0,1.0,1,1
PENROSE,2058000.0,1173.28,1754.0,2022-03-01,109.0,18881.0,1.31948983025856,103.879994891095,22 SIMS DRIVE PENROSE SINGAPORE 387396,5.166503889250989,43.0,3,4,0,8,9,1,4.0,0.0,0,1
M SUITES,2169482.0,1313.21,1652.0,2022-03-01,122.0,17783.0,1.32330751911211,103.909620521884,65 LORONG MELAYU M SUITES SINGAPORE 416952,7.901043793350142,43.0,2,1,0,2,9,16,1.0,0.0,0,2
VACANZA @ EAST,2180000.0,1937.52,1125.0,2022-03-01,180.0,12111.0,1.32901984483655,103.914196223923,36 LENGKONG TUJOH VACANZA @ EAST SINGAPORE 417391,8.680985857703446,43.0,3,1,0,2,8,12,3.0,1.0,1,2
MORI,1325000.0,721.19,1837.0,2022-03-01,67.0,19776.0,1.31131219787605,103.882972095616,223 GUILLEMARD ROAD MORI SINGAPORE 399738,4.739370253523735,43.0,3,3,0,8,9,2,1.0,0.0,0,1
TREASURES@G6,560000.0,452.09,1239.0,2022-03-01,42.0,13333.0,1.31061812912929,103.876727965474,35 LORONG 6 GEYLANG TREASURES@G6 SINGAPORE 399187,4.186237477544645,43.0,4,3,2,10,8,2,1.0,1.0,0,1
KEMBANGAN SUITES,790000.0,559.73,1411.0,2022-03-01,52.0,15192.0,1.32015257058639,103.912727083961,16 JALAN MASJID KEMBANGAN SUITES SINGAPORE 418941,8.00431940901614,43.0,1,1,0,2,12,18,1.0,1.0,0,2
GUILLEMARD EDGE,648000.0,409.03,1584.0,2022-03-01,38.0,17053.0,1.31200443744473,103.885949377155,38 LORONG 30 GEYLANG GUILLEMARD EDGE SINGAPORE 398371,5.041282413008211,43.0,4,4,1,7,11,5,1.0,1.0,0,1
CANBERLIN APARTMENTS,985000.0,1248.62,789.0,2022-03-01,116.0,8491.0,1.31068444913989,103.879834705472,60 LORONG 16 GEYLANG CANBERLIN APARTMENTS SINGAPORE 398887,4.434969791568791,43.0,4,3,0,10,9,1,2.0,1.0,0,1
URBAN TREASURES,1998980.0,1011.82,1976.0,2022-03-01,94.0,21266.0,1.32936720206385,103.905791323853,205 JALAN EUNOS URBAN TREASURES SINGAPORE 419535,7.966767145631702,43.0,2,0,0,2,6,11,3.0,0.0,1,2
MORI,1345000.0,710.42,1893.0,2022-03-01,66.0,20379.0,1.31131219787605,103.882972095616,223 GUILLEMARD ROAD MORI SINGAPORE 399738,4.739370253523735,43.0,3,3,0,8,9,2,1.0,0.0,0,1
TEDGE,1517176.0,914.94,1658.0,2022-03-01,85.0,17849.0,1.3180672677589,103.908811491066,328 CHANGI ROAD TEDGE SINGAPORE 419803,7.512024356099393,43.0,2,1,0,1,14,15,1.0,0.0,0,2
ZYANYA,1687950.0,1022.58,1651.0,2022-03-01,95.0,17768.0,1.31392103072017,103.883276357397,8 LORONG 25A GEYLANG ZYANYA SINGAPORE 388222,4.959147064738651,43.0,3,4,0,8,9,3,1.0,0.0,0,1
WATERBANK AT DAKOTA,795000.0,484.38,1641.0,2022-03-01,45.0,17667.0,1.30647833742136,103.888537197136,76 DAKOTA CRESCENT WATERBANK AT DAKOTA SINGAPORE 399944,4.918518965685704,43.0,3,3,0,5,10,6,3.0,1.0,1,1
EUNOS PARK,1150000.0,1130.22,1018.0,2022-03-01,105.0,10952.0,1.31846390653038,103.9060767957,5 KAMPONG EUNOS EUNOS PARK SINGAPORE 417771,7.276599829446479,43.0,2,2,0,1,13,14,1.0,1.0,1,2
REZI 26,1180000.0,1442.38,818.0,2022-03-01,134.0,8806.0,1.31277485329606,103.885104634024,5 LORONG 26 GEYLANG REZI 26 SINGAPORE 398480,5.024511275001018,43.0,4,4,1,7,11,4,2.0,1.0,0,1
PARK PLACE RESIDENCES AT PLQ,1430000.0,667.37,2143.0,2022-03-01,62.0,23065.0,1.31583675363618,103.892746648427,2 PAYA LEBAR ROAD PARK PLACE RESIDENCES AT PLQ SINGAPORE 409053,5.896537427358871,43.0,3,3,3,4,12,6,2.0,,0,1
PENROSE,2412000.0,1388.56,1737.0,2022-02-01,129.0,18698.0,1.31948983025856,103.879994891095,22 SIMS DRIVE PENROSE SINGAPORE 387396,5.166503889250989,44.0,3,4,0,8,9,1,4.0,0.0,0,1
LE CRESCENDO,1370000.0,947.23,1446.0,2022-02-01,88.0,15568.0,1.33049714674003,103.888409268781,233 PAYA LEBAR ROAD LE CRESCENDO SINGAPORE 409044,6.701977813091088,44.0,4,3,0,6,9,4,1.0,1.0,1,1
ATRIUM RESIDENCES,1300000.0,1022.58,1271.0,2022-02-01,95.0,13684.0,1.31372274938589,103.886156549479,532 GEYLANG ROAD ATRIUM RESIDENCES SINGAPORE 389488,5.181625591258403,44.0,5,4,2,7,11,5,1.0,1.0,0,1
CENTRAL MEADOWS,1200000.0,968.76,1239.0,2022-02-01,90.0,13333.0,1.31225825932858,103.888161790535,51 LORONG 34 GEYLANG CENTRAL MEADOWS SINGAPORE 398240,5.250843225664112,44.0,5,4,2,6,11,5,1.0,1.0,0,1
STARVILLE,1340000.0,1216.33,1102.0,2022-02-01,113.0,11858.0,1.32826483616522,103.912067534158,66 LENGKONG TIGA STARVILLE SINGAPORE 417471,8.44041551036464,44.0,3,1,0,2,7,15,2.0,1.0,1,2
WATERBANK AT DAKOTA,1930000.0,1431.61,1348.0,2022-02-01,133.0,14511.0,1.30647833742136,103.888537197136,76 DAKOTA CRESCENT WATERBANK AT DAKOTA SINGAPORE 399944,4.918518965685704,44.0,3,3,0,5,10,6,1.0,1.0,1,1
NESS,620000.0,430.56,1440.0,2022-02-01,40.0,15500.0,1.31269794714045,103.886776844129,38 LORONG 32 GEYLANG NESS SINGAPORE 398298,5.1611183017097115,44.0,5,4,2,7,11,5,2.0,1.0,0,1
PARC ESTA,1150000.0,602.78,1908.0,2022-02-01,56.0,20536.0,1.31786521916555,103.903967184717,904 SIMS AVENUE PARC ESTA SINGAPORE 408968,7.043509290403673,44.0,1,4,0,1,13,16,2.0,,0,1
ZYANYA,1197300.0,613.55,1951.0,2022-02-01,57.0,21005.0,1.31392103072017,103.883276357397,8 LORONG 25A GEYLANG ZYANYA SINGAPORE 388222,4.959147064738651,44.0,3,4,0,8,9,3,1.0,0.0,0,1
MORI,1382000.0,710.42,1945.0,2022-02-01,66.0,20939.0,1.31131219787605,103.882972095616,223 GUILLEMARD ROAD MORI SINGAPORE 399738,4.739370253523735,44.0,3,3,0,8,9,2,2.0,0.0,0,1
TEDGE,1900000.0,1237.86,1535.0,2022-02-01,115.0,16522.0,1.3180672677589,103.908811491066,328 CHANGI ROAD TEDGE SINGAPORE 419803,7.512024356099393,44.0,2,1,0,1,14,15,1.0,0.0,0,2
TEDGE,1810000.0,1184.04,1529.0,2022-02-01,110.0,16455.0,1.3180672677589,103.908811491066,328 CHANGI ROAD TEDGE SINGAPORE 419803,7.512024356099393,44.0,2,1,0,1,14,15,1.0,0.0,0,2
TRE RESIDENCES,1510000.0,947.23,1594.0,2022-02-01,88.0,17159.0,1.3172278261209,103.885015905304,9 GEYLANG EAST AVENUE 1 TRE RESIDENCES SINGAPORE 389783,5.353082321074245,44.0,3,3,2,8,9,3,3.0,1.0,1,1
THE WATER EDGE,652000.0,430.56,1514.0,2022-02-01,40.0,16300.0,1.31372105189031,103.888759579471,8 LORONG 38 GEYLANG THE WATER EDGE SINGAPORE 398106,5.4035924754809175,44.0,4,4,3,6,11,4,1.0,1.0,0,1
THE LATTIZ,1700000.0,1248.62,1361.0,2022-02-01,116.0,14655.0,1.32423180591114,103.906234493187,3D LORONG SALLEH THE LATTIZ SINGAPORE 416751,7.653305530124327,44.0,2,1,0,1,6,13,1.0,1.0,0,2
SIMS URBAN OASIS,1780000.0,1033.34,1723.0,2022-02-01,96.0,18542.0,1.31926710475553,103.880615863782,6 SIMS DRIVE SIMS URBAN OASIS SINGAPORE 387388,5.190897370243519,44.0,3,4,0,8,9,1,4.0,1.0,1,1
TREASURES @ G20,516000.0,419.8,1229.0,2022-02-01,39.0,13231.0,1.31144699404485,103.881539708397,35 LORONG 20 GEYLANG TREASURES@G20 SINGAPORE 398751,4.6309982597520785,44.0,3,3,0,8,9,2,2.0,1.0,0,1
MORI,1345000.0,710.42,1893.0,2022-02-01,66.0,20379.0,1.31131219787605,103.882972095616,223 GUILLEMARD ROAD MORI SINGAPORE 399738,4.739370253523735,44.0,3,3,0,8,9,2,1.0,0.0,0,1
WATERBANK AT DAKOTA,1140000.0,624.31,1826.0,2022-02-01,58.0,19655.0,1.30647833742136,103.888537197136,76 DAKOTA CRESCENT WATERBANK AT DAKOTA SINGAPORE 399944,4.918518965685704,44.0,3,3,0,5,10,6,3.0,1.0,1,1
THE ALCOVE,1260000.0,1323.97,952.0,2022-02-01,123.0,10244.0,1.31400655260741,103.884015328938,10 LORONG 27 GEYLANG THE ALCOVE SINGAPORE 388199,5.025483913717779,44.0,4,4,0,8,9,4,1.0,1.0,0,1
URBAN TREASURES,1236740.0,635.08,1947.0,2022-02-01,59.0,20962.0,1.32936720206385,103.905791323853,205 JALAN EUNOS URBAN TREASURES SINGAPORE 419535,7.966767145631702,44.0,2,0,0,2,6,11,1.0,0.0,1,2
THE ALCOVE,1780000.0,2314.26,769.0,2022-02-01,215.0,8279.0,1.31400655260741,103.884015328938,10 LORONG 27 GEYLANG THE ALCOVE SINGAPORE 388199,5.025483913717779,44.0,4,4,0,8,9,4,2.0,1.0,0,1
EUHABITAT,948000.0,904.18,1048.0,2022-02-01,84.0,11286.0,1.32795415126263,103.9070014142,196 JALAN EUNOS EUHABITAT SINGAPORE 419542,7.971961203569236,44.0,2,2,0,2,6,15,1.0,1.0,1,2
BAODE BUILDING,27000000.0,17179.34,1572.0,2022-02-01,1596.0,16917.0,1.31519602717988,103.888728476255,8 LORONG 35 GEYLANG BAODE BUILDING SINGAPORE 387940,5.504941550908369,44.0,4,3,3,6,12,4,1.0,1.0,0,1
URBAN TREASURES,1687000.0,882.65,1911.0,2022-02-01,82.0,20573.0,1.32936720206385,103.905791323853,205 JALAN EUNOS URBAN TREASURES SINGAPORE 419535,7.966767145631702,44.0,2,0,0,2,6,11,1.0,0.0,1,2
URBAN TREASURES,2379600.0,1270.15,1873.0,2022-02-01,118.0,20166.0,1.32936720206385,103.905791323853,205 JALAN EUNOS URBAN TREASURES SINGAPORE 419535,7.966767145631702,44.0,2,0,0,2,6,11,1.0,0.0,1,2
EUHABITAT,690000.0,559.73,1233.0,2022-02-01,52.0,13269.0,1.32795415126263,103.9070014142,196 JALAN EUNOS EUHABITAT SINGAPORE 419542,7.971961203569236,44.0,2,2,0,2,6,15,1.0,1.0,1,2
SIMS URBAN OASIS,1635000.0,958.0,1707.0,2022-02-01,89.0,18371.0,1.31926710475553,103.880615863782,6 SIMS DRIVE SIMS URBAN OASIS SINGAPORE 387388,5.190897370243519,44.0,3,4,0,8,9,1,3.0,1.0,1,1
ASTON MANSIONS,1065000.0,1011.82,1053.0,2022-02-01,94.0,11330.0,1.31393251470132,103.890612644048,7 LORONG 42 GEYLANG ASTON MANSIONS SINGAPORE 398028,5.57978728565853,44.0,4,4,3,5,12,6,2.0,1.0,0,1
ASTORIA PARK,948000.0,850.36,1115.0,2022-02-01,79.0,12000.0,1.32177770499303,103.91225216665,34 LORONG MYDIN ASTORIA PARK SINGAPORE 416827,8.053226885077692,44.0,1,1,0,2,12,17,2.0,1.0,1,2
EUHABITAT,700000.0,548.96,1275.0,2022-02-01,51.0,13725.0,1.32795415126263,103.9070014142,196 JALAN EUNOS EUHABITAT SINGAPORE 419542,7.971961203569236,44.0,2,2,0,2,6,15,1.0,1.0,1,2
EUHABITAT,1650000.0,1367.03,1207.0,2022-02-01,127.0,12992.0,1.32795415126263,103.9070014142,196 JALAN EUNOS EUHABITAT SINGAPORE 419542,7.971961203569236,44.0,2,2,0,2,6,15,1.0,1.0,1,2
GUILLEMARD SUITES,830000.0,613.55,1353.0,2022-02-01,57.0,14561.0,1.31094521852726,103.882721097721,213 GUILLEMARD ROAD GUILLEMARD SUITES SINGAPORE 399733,4.691609257032653,44.0,3,4,0,8,9,3,1.0,1.0,0,1
PENROSE,2290000.0,1388.56,1649.0,2022-02-01,129.0,17752.0,1.31948983025856,103.879994891095,22 SIMS DRIVE PENROSE SINGAPORE 387396,5.166503889250989,44.0,3,4,0,8,9,1,1.0,0.0,0,1
PENROSE,1940000.0,1184.04,1638.0,2022-02-01,110.0,17636.0,1.31948983025856,103.879994891095,22 SIMS DRIVE PENROSE SINGAPORE 387396,5.166503889250989,44.0,3,4,0,8,9,1,1.0,0.0,0,1
MORI,1549000.0,882.65,1755.0,2022-02-01,82.0,18890.0,1.31131219787605,103.882972095616,223 GUILLEMARD ROAD MORI SINGAPORE 399738,4.739370253523735,44.0,3,3,0,8,9,2,1.0,0.0,0,1
MORI,1382000.0,710.42,1945.0,2022-02-01,66.0,20939.0,1.31131219787605,103.882972095616,223 GUILLEMARD ROAD MORI SINGAPORE 399738,4.739370253523735,44.0,3,3,0,8,9,2,2.0,0.0,0,1
PARK PLACE RESIDENCES AT PLQ,960000.0,484.38,1982.0,2022-02-01,45.0,21333.0,1.31583675363618,103.892746648427,2 PAYA LEBAR ROAD PARK PLACE RESIDENCES AT PLQ SINGAPORE 409053,5.896537427358871,44.0,3,3,3,4,12,6,2.0,,0,1
CENTRA LOFT,618000.0,430.56,1435.0,2022-02-01,40.0,15450.0,1.31481743950624,103.888376977987,3 LORONG 35 GEYLANG CENTRA LOFT SINGAPORE 387935,5.44803594028427,44.0,4,4,3,7,11,4,2.0,1.0,0,1
PARK 1 SUITES,955500.0,602.78,1585.0,2022-02-01,56.0,17063.0,1.31404268792091,103.889347045446,8 LORONG 40 GEYLANG PARK 1 SUITES SINGAPORE 398054,5.476811645969878,44.0,4,4,3,6,11,4,2.0,1.0,0,1
LA BRISA,740000.0,559.73,1322.0,2022-02-01,52.0,14231.0,1.31190419143627,103.885369365155,50 LORONG 28 GEYLANG LA BRISA SINGAPORE 398453,4.984533537431171,44.0,4,4,1,7,11,5,2.0,1.0,0,1
URBAN TREASURES,1300000.0,635.08,2047.0,2022-02-01,59.0,22034.0,1.32936720206385,103.905791323853,205 JALAN EUNOS URBAN TREASURES SINGAPORE 419535,7.966767145631702,44.0,2,0,0,2,6,11,2.0,0.0,1,2
PENROSE,1987000.0,1173.28,1694.0,2022-02-01,109.0,18229.0,1.31948983025856,103.879994891095,22 SIMS DRIVE PENROSE SINGAPORE 387396,5.166503889250989,44.0,3,4,0,8,9,1,1.0,0.0,0,1
ASTORIA PARK,1280000.0,1194.8,1071.0,2022-02-01,111.0,11532.0,1.32177770499303,103.91225216665,34 LORONG MYDIN ASTORIA PARK SINGAPORE 416827,8.053226885077692,44.0,1,1,0,2,12,17,1.0,1.0,1,2
LE CRESCENDO,1750000.0,1184.04,1478.0,2022-02-01,110.0,15909.0,1.33049714674003,103.888409268781,233 PAYA LEBAR ROAD LE CRESCENDO SINGAPORE 409044,6.701977813091088,44.0,4,3,0,6,9,4,2.0,1.0,1,1
URBAN TREASURES,1253070.0,635.08,1973.0,2022-02-01,59.0,21238.0,1.32936720206385,103.905791323853,205 JALAN EUNOS URBAN TREASURES SINGAPORE 419535,7.966767145631702,44.0,2,0,0,2,6,11,2.0,0.0,1,2
MORI,1369000.0,721.19,1898.0,2022-02-01,67.0,20433.0,1.31131219787605,103.882972095616,223 GUILLEMARD ROAD MORI SINGAPORE 399738,4.739370253523735,44.0,3,3,0,8,9,2,1.0,0.0,0,1
MORI,1338000.0,710.42,1883.0,2022-02-01,66.0,20273.0,1.31131219787605,103.882972095616,223 GUILLEMARD ROAD MORI SINGAPORE 399738,4.739370253523735,44.0,3,3,0,8,9,2,2.0,0.0,0,1
SIMS URBAN OASIS,745000.0,462.85,1610.0,2022-02-01,43.0,17326.0,1.31926710475553,103.880615863782,6 SIMS DRIVE SIMS URBAN OASIS SINGAPORE 387388,5.190897370243519,44.0,3,4,0,8,9,1,1.0,1.0,1,1
PENROSE,2333000.0,1388.56,1680.0,2022-02-01,129.0,18085.0,1.31948983025856,103.879994891095,22 SIMS DRIVE PENROSE SINGAPORE 387396,5.166503889250989,44.0,3,4,0,8,9,1,3.0,0.0,0,1
SIMS URBAN OASIS,1015000.0,667.37,1521.0,2022-02-01,62.0,16371.0,1.31926710475553,103.880615863782,6 SIMS DRIVE SIMS URBAN OASIS SINGAPORE 387388,5.190897370243519,44.0,3,4,0,8,9,1,1.0,1.0,1,1
KEMBANGAN SUITES,785000.0,516.67,1519.0,2022-02-01,48.0,16354.0,1.32015257058639,103.912727083961,16 JALAN MASJID KEMBANGAN SUITES SINGAPORE 418941,8.00431940901614,44.0,1,1,0,2,12,18,1.0,1.0,0,2
SIMS URBAN OASIS,985000.0,624.31,1578.0,2022-02-01,58.0,16983.0,1.31926710475553,103.880615863782,6 SIMS DRIVE SIMS URBAN OASIS SINGAPORE 387388,5.190897370243519,44.0,3,4,0,8,9,1,3.0,1.0,1,1
TREASURES@G6,588000.0,409.03,1438.0,2022-02-01,38.0,15474.0,1.31061812912929,103.876727965474,35 LORONG 6 GEYLANG TREASURES@G6 SINGAPORE 399187,4.186237477544645,44.0,4,3,2,10,8,2,2.0,1.0,0,1
SIMS URBAN OASIS,1750000.0,990.29,1767.0,2022-02-01,92.0,19022.0,1.31926710475553,103.880615863782,6 SIMS DRIVE SIMS URBAN OASIS SINGAPORE 387388,5.190897370243519,44.0,3,4,0,8,9,1,3.0,1.0,1,1
ZYANYA,2232100.0,1313.21,1693.0,2022-02-01,122.0,18223.0,1.31392103072017,103.883276357397,8 LORONG 25A GEYLANG ZYANYA SINGAPORE 388222,4.959147064738651,44.0,3,4,0,8,9,3,2.0,0.0,0,1
EUHABITAT,1550000.0,1173.28,1321.0,2022-02-01,109.0,14220.0,1.32795415126263,103.9070014142,196 JALAN EUNOS EUHABITAT SINGAPORE 419542,7.971961203569236,44.0,2,2,0,2,6,15,1.0,1.0,1,2
M SUITES,1708905.0,1022.58,1671.0,2022-02-01,95.0,17988.0,1.32330751911211,103.909620521884,65 LORONG MELAYU M SUITES SINGAPORE 416952,7.901043793350142,44.0,2,1,0,2,9,16,1.0,0.0,0,2
EUHABITAT,670000.0,516.67,1297.0,2022-02-01,48.0,13958.0,1.32795415126263,103.9070014142,196 JALAN EUNOS EUHABITAT SINGAPORE 419542,7.971961203569236,44.0,2,2,0,2,6,15,1.0,1.0,1,2
URBAN TREASURES,1784700.0,882.65,2022.0,2022-02-01,82.0,21765.0,1.32936720206385,103.905791323853,205 JALAN EUNOS URBAN TREASURES SINGAPORE 419535,7.966767145631702,44.0,2,0,0,2,6,11,3.0,0.0,1,2
SUITES 28,672888.0,527.44,1276.0,2022-02-01,49.0,13732.0,1.31268459175571,103.885941111431,28 LORONG 30 GEYLANG SUITES 28 SINGAPORE 398361,5.088755596385559,44.0,5,4,1,7,11,4,1.0,1.0,0,1
M SUITES,2089176.0,1291.68,1617.0,2022-02-01,120.0,17410.0,1.32330751911211,103.909620521884,65 LORONG MELAYU M SUITES SINGAPORE 416952,7.901043793350142,44.0,2,1,0,2,9,16,1.0,0.0,0,2
WATERBANK AT DAKOTA,2030000.0,1280.92,1585.0,2022-02-01,119.0,17059.0,1.30647833742136,103.888537197136,76 DAKOTA CRESCENT WATERBANK AT DAKOTA SINGAPORE 399944,4.918518965685704,44.0,3,3,0,5,10,6,4.0,1.0,1,1
CASA SARINA,1500000.0,1323.97,1133.0,2022-02-01,123.0,12195.0,1.32018967220914,103.906865928269,101 LORONG SARINA CASA SARINA SINGAPORE 416729,7.4542779982704115,44.0,2,1,0,1,12,14,1.0,1.0,1,2
VACANZA @ EAST,2190000.0,1915.99,1143.0,2022-02-01,178.0,12303.0,1.32901984483655,103.914196223923,36 LENGKONG TUJOH VACANZA @ EAST SINGAPORE 417391,8.680985857703446,44.0,3,1,0,2,8,12,3.0,1.0,1,2
EUHABITAT,680000.0,548.96,1239.0,2022-02-01,51.0,13333.0,1.32795415126263,103.9070014142,196 JALAN EUNOS EUHABITAT SINGAPORE 419542,7.971961203569236,44.0,2,2,0,2,6,15,1.0,1.0,1,2
URBAN TREASURES,1287760.0,635.08,2028.0,2022-02-01,59.0,21826.0,1.32936720206385,103.905791323853,205 JALAN EUNOS URBAN TREASURES SINGAPORE 419535,7.966767145631702,44.0,2,0,0,2,6,11,2.0,0.0,1,2
MELOSA,602000.0,430.56,1398.0,2022-02-01,40.0,15050.0,1.31253733235708,103.885402784916,28 LORONG 28 GEYLANG MELOSA SINGAPORE 398432,5.032539138387234,44.0,4,4,1,7,11,4,1.0,1.0,0,1
PENROSE,2052000.0,1173.28,1749.0,2022-01-01,109.0,18826.0,1.31948983025856,103.879994891095,22 SIMS DRIVE PENROSE SINGAPORE 387396,5.166503889250989,45.0,3,4,0,8,9,1,3.0,0.0,0,1
URBAN TREASURES,1240820.0,635.08,1954.0,2022-01-01,59.0,21031.0,1.32936720206385,103.905791323853,205 JALAN EUNOS URBAN TREASURES SINGAPORE 419535,7.966767145631702,45.0,2,0,0,2,6,11,2.0,0.0,1,2
ZYANYA,2169132.0,1302.44,1659.0,2022-01-01,121.0,17853.0,1.31392103072017,103.883276357397,8 LORONG 25A GEYLANG ZYANYA SINGAPORE 388222,4.959147064738651,45.0,3,4,0,8,9,3,2.0,0.0,0,1
SIMS EDGE,1160000.0,871.88,1330.0,2022-01-01,81.0,14321.0,1.31640485669867,103.887906763671,1 GEYLANG EAST AVENUE 2 SIMS EDGE SINGAPORE 389760,5.523980705206435,45.0,4,5,3,7,12,4,3.0,1.0,0,1
KEMBANGAN SUITES,878888.0,635.08,1384.0,2022-01-01,59.0,14896.0,1.32015257058639,103.912727083961,16 JALAN MASJID KEMBANGAN SUITES SINGAPORE 418941,8.00431940901614,45.0,1,1,0,2,12,18,1.0,1.0,0,2
DAKOTA RESIDENCES,2190000.0,1291.68,1695.0,2022-01-01,120.0,18250.0,1.30637270876178,103.88708549006,34 DAKOTA CRESCENT DAKOTA RESIDENCES SINGAPORE 399936,4.7757251422267535,45.0,3,3,0,6,10,5,3.0,1.0,1,1
WATERBANK AT DAKOTA,2028000.0,1140.98,1777.0,2022-01-01,106.0,19132.0,1.30647833742136,103.888537197136,76 DAKOTA CRESCENT WATERBANK AT DAKOTA SINGAPORE 399944,4.918518965685704,45.0,3,3,0,5,10,6,2.0,1.0,1,1
VACANZA @ EAST,635000.0,484.38,1311.0,2022-01-01,45.0,14111.0,1.32901984483655,103.914196223923,36 LENGKONG TUJOH VACANZA @ EAST SINGAPORE 417391,8.680985857703446,45.0,3,1,0,2,8,12,1.0,1.0,1,2
SIMS GREEN,1175000.0,1237.86,949.0,2022-01-01,115.0,10217.0,1.31441038654771,103.884629689864,7 LORONG 27A GEYLANG SIMS GREEN SINGAPORE 388133,5.105957066325405,45.0,4,4,1,8,9,5,1.0,1.0,0,1
CASSIA VIEW,1395000.0,1151.75,1211.0,2022-01-01,107.0,13037.0,1.31103276112231,103.886630140814,320 GUILLEMARD ROAD CASSIA VIEW SINGAPORE 399746,5.033091805099718,45.0,4,2,1,7,11,5,2.0,1.0,0,1
SIMS URBAN OASIS,1150000.0,710.42,1619.0,2022-01-01,66.0,17424.0,1.31926710475553,103.880615863782,6 SIMS DRIVE SIMS URBAN OASIS SINGAPORE 387388,5.190897370243519,45.0,3,4,0,8,9,1,1.0,1.0,1,1
ASTON MANSIONS,992000.0,1011.82,980.0,2022-01-01,94.0,10553.0,1.31393251470132,103.890612644048,7 LORONG 42 GEYLANG ASTON MANSIONS SINGAPORE 398028,5.57978728565853,45.0,4,4,3,5,12,6,1.0,1.0,0,1
SIMS URBAN OASIS,1060000.0,667.37,1588.0,2022-01-01,62.0,17097.0,1.31926710475553,103.880615863782,6 SIMS DRIVE SIMS URBAN OASIS SINGAPORE 387388,5.190897370243519,45.0,3,4,0,8,9,1,2.0,1.0,1,1
VACANZA @ EAST,1610000.0,1259.39,1278.0,2022-01-01,117.0,13761.0,1.32901984483655,103.914196223923,36 LENGKONG TUJOH VACANZA @ EAST SINGAPORE 417391,8.680985857703446,45.0,3,1,0,2,8,12,2.0,1.0,1,2
URBAN TREASURES,1069390.0,516.67,2070.0,2022-01-01,48.0,22279.0,1.32936720206385,103.905791323853,205 JALAN EUNOS URBAN TREASURES SINGAPORE 419535,7.966767145631702,45.0,2,0,0,2,6,11,2.0,0.0,1,2
MORI,1026000.0,495.14,2072.0,2022-01-01,46.0,22304.0,1.31131219787605,103.882972095616,223 GUILLEMARD ROAD MORI SINGAPORE 399738,4.739370253523735,45.0,3,3,0,8,9,2,2.0,0.0,0,1
MORI,1036000.0,495.14,2092.0,2022-01-01,46.0,22522.0,1.31131219787605,103.882972095616,223 GUILLEMARD ROAD MORI SINGAPORE 399738,4.739370253523735,45.0,3,3,0,8,9,2,2.0,0.0,0,1
EUHABITAT,1180000.0,947.23,1246.0,2022-01-01,88.0,13409.0,1.32795415126263,103.9070014142,196 JALAN EUNOS EUHABITAT SINGAPORE 419542,7.971961203569236,45.0,2,2,0,2,6,15,1.0,1.0,1,2
LE CRESCENDO,1990000.0,1453.14,1369.0,2022-01-01,135.0,14741.0,1.33049714674003,103.888409268781,233 PAYA LEBAR ROAD LE CRESCENDO SINGAPORE 409044,6.701977813091088,45.0,4,3,0,6,9,4,3.0,1.0,1,1
CENTRAL IMPERIAL,800000.0,785.77,1018.0,2022-01-01,73.0,10959.0,1.31194266781347,103.879213970964,3 LORONG 14 GEYLANG CENTRAL IMPERIAL SINGAPORE 398915,4.483469484998063,45.0,3,4,0,10,9,1,2.0,1.0,0,1
ROYCE RESIDENCES,535000.0,409.03,1308.0,2022-01-01,38.0,14079.0,1.31128760423171,103.876285896427,8 LORONG 6 GEYLANG ROYCE RESIDENCES SINGAPORE 399242,4.207479298686135,45.0,4,3,1,10,8,2,2.0,1.0,0,1
GRANDVIEW SUITES,765000.0,635.08,1205.0,2022-01-01,59.0,12966.0,1.31277604580511,103.882455638462,1 LORONG 22 GEYLANG GRANDVIEW SUITES SINGAPORE 398664,4.805784944271149,45.0,3,3,0,8,9,2,1.0,1.0,0,1
ATRIUM RESIDENCES,1228000.0,1044.11,1176.0,2022-01-01,97.0,12660.0,1.31372274938589,103.886156549479,532 GEYLANG ROAD ATRIUM RESIDENCES SINGAPORE 389488,5.181625591258403,45.0,5,4,2,7,11,5,2.0,1.0,0,1
EUHABITAT,690000.0,538.2,1282.0,2022-01-01,50.0,13800.0,1.32795415126263,103.9070014142,196 JALAN EUNOS EUHABITAT SINGAPORE 419542,7.971961203569236,45.0,2,2,0,2,6,15,1.0,1.0,1,2
GUILLEMARD EDGE,638000.0,409.03,1560.0,2022-01-01,38.0,16789.0,1.31200443744473,103.885949377155,38 LORONG 30 GEYLANG GUILLEMARD EDGE SINGAPORE 398371,5.041282413008211,45.0,4,4,1,7,11,5,2.0,1.0,0,1
LOFT 33,1025000.0,699.66,1465.0,2022-01-01,65.0,15769.0,1.31278422240834,103.887200888953,33 LORONG 32 GEYLANG LOFT 33 SINGAPORE 398293,5.2036450346020215,45.0,5,5,2,7,11,5,1.0,1.0,0,1
PAVILION SQUARE,570000.0,398.27,1431.0,2022-01-01,37.0,15405.0,1.31297800060859,103.879770800217,345 GEYLANG ROAD PAVILION SQUARE SINGAPORE 389366,4.608727400946871,45.0,3,4,0,10,10,1,1.0,1.0,0,1
PENROSE,1946000.0,1184.04,1644.0,2022-01-01,110.0,17691.0,1.31948983025856,103.879994891095,22 SIMS DRIVE PENROSE SINGAPORE 387396,5.166503889250989,45.0,3,4,0,8,9,1,1.0,0.0,0,1
MORI,1397000.0,710.42,1966.0,2022-01-01,66.0,21167.0,1.31131219787605,103.882972095616,223 GUILLEMARD ROAD MORI SINGAPORE 399738,4.739370253523735,45.0,3,3,0,8,9,2,2.0,0.0,0,1
PENROSE,1975000.0,1173.28,1683.0,2022-01-01,109.0,18119.0,1.31948983025856,103.879994891095,22 SIMS DRIVE PENROSE SINGAPORE 387396,5.166503889250989,45.0,3,4,0,8,9,1,1.0,0.0,0,1
PENROSE,2412000.0,1399.32,1724.0,2022-01-01,130.0,18554.0,1.31948983025856,103.879994891095,22 SIMS DRIVE PENROSE SINGAPORE 387396,5.166503889250989,45.0,3,4,0,8,9,1,2.0,0.0,0,1
MORI,1682000.0,1022.58,1645.0,2022-01-01,95.0,17705.0,1.31131219787605,103.882972095616,223 GUILLEMARD ROAD MORI SINGAPORE 399738,4.739370253523735,45.0,3,3,0,8,9,2,1.0,0.0,0,1
DENG FU VILLE,1300000.0,1022.58,1271.0,2022-01-01,95.0,13684.0,1.31907103004917,103.906727650036,30 KAMPONG EUNOS DENG FU VILLE SINGAPORE 417777,7.373814325731649,45.0,2,2,0,1,13,14,1.0,1.0,0,2
THE SUNNY SPRING,1560000.0,1194.8,1306.0,2022-01-01,111.0,14054.0,1.31219203070087,103.889464697147,50 LORONG 40 GEYLANG THE SUNNY SPRING SINGAPORE 398074,5.3613842782215055,45.0,4,4,3,6,11,5,2.0,1.0,0,1
PARK PLACE RESIDENCES AT PLQ,1260000.0,645.84,1951.0,2022-01-01,60.0,21000.0,1.31583675363618,103.892746648427,2 PAYA LEBAR ROAD PARK PLACE RESIDENCES AT PLQ SINGAPORE 409053,5.896537427358871,45.0,3,3,3,4,12,6,3.0,,0,1
PENROSE,1934000.0,1184.04,1633.0,2022-01-01,110.0,17582.0,1.31948983025856,103.879994891095,22 SIMS DRIVE PENROSE SINGAPORE 387396,5.166503889250989,45.0,3,4,0,8,9,1,1.0,0.0,0,1
MORI,1775000.0,979.52,1812.0,2022-01-01,91.0,19505.0,1.31131219787605,103.882972095616,223 GUILLEMARD ROAD MORI SINGAPORE 399738,4.739370253523735,45.0,3,3,0,8,9,2,1.0,0.0,0,1
PENROSE,2022000.0,1184.04,1708.0,2022-01-01,110.0,18382.0,1.31948983025856,103.879994891095,22 SIMS DRIVE PENROSE SINGAPORE 387396,5.166503889250989,45.0,3,4,0,8,9,1,4.0,0.0,0,1
PENROSE,2062000.0,1173.28,1757.0,2022-01-01,109.0,18917.0,1.31948983025856,103.879994891095,22 SIMS DRIVE PENROSE SINGAPORE 387396,5.166503889250989,45.0,3,4,0,8,9,1,4.0,0.0,0,1
# 1 SUITES,713000.0,710.42,1004.0,2022-01-01,66.0,10803.0,1.31239029325188,103.881504147527,1 LORONG 20 GEYLANG # 1 SUITES SINGAPORE 398721,4.699608709809529,45.0,3,3,0,8,9,2,1.0,1.0,0,1
PALM LODGE,1800000.0,1528.49,1178.0,2022-01-01,142.0,12676.0,1.31520570234631,103.889925313896,4 LORONG 37 GEYLANG PALM LODGE SINGAPORE 387902,5.607877557528137,45.0,4,4,3,6,13,4,1.0,1.0,0,1
EUHABITAT,1438000.0,1140.98,1260.0,2022-01-01,106.0,13566.0,1.32795415126263,103.9070014142,196 JALAN EUNOS EUHABITAT SINGAPORE 419542,7.971961203569236,45.0,2,2,0,2,6,15,1.0,1.0,1,2
THE CENTREN,1200000.0,1022.58,1174.0,2022-01-01,95.0,12632.0,1.3139398304258,103.883560951253,1 LORONG 27 GEYLANG THE CENTREN SINGAPORE 388153,4.983563349553069,45.0,3,4,0,8,9,4,1.0,1.0,0,1
PENROSE,1998000.0,1184.04,1687.0,2022-01-01,110.0,18164.0,1.31948983025856,103.879994891095,22 SIMS DRIVE PENROSE SINGAPORE 387396,5.166503889250989,45.0,3,4,0,8,9,1,3.0,0.0,0,1
PENROSE,2016000.0,1184.04,1703.0,2022-01-01,110.0,18327.0,1.31948983025856,103.879994891095,22 SIMS DRIVE PENROSE SINGAPORE 387396,5.166503889250989,45.0,3,4,0,8,9,1,4.0,0.0,0,1
LE REGAL,530000.0,398.27,1331.0,2022-01-01,37.0,14324.0,1.31250268727998,103.880368117228,340 GEYLANG ROAD LE REGAL SINGAPORE 389365,4.61788023094977,45.0,2,3,0,9,10,1,1.0,1.0,0,1
WATERBANK AT DAKOTA,1420000.0,882.65,1609.0,2022-01-01,82.0,17317.0,1.30647833742136,103.888537197136,76 DAKOTA CRESCENT WATERBANK AT DAKOTA SINGAPORE 399944,4.918518965685704,45.0,3,3,0,5,10,6,4.0,1.0,1,1
SIMS URBAN OASIS,755000.0,462.85,1631.0,2022-01-01,43.0,17558.0,1.31926710475553,103.880615863782,6 SIMS DRIVE SIMS URBAN OASIS SINGAPORE 387388,5.190897370243519,45.0,3,4,0,8,9,1,3.0,1.0,1,1
MORI,1328000.0,710.42,1869.0,2022-01-01,66.0,20121.0,1.31131219787605,103.882972095616,223 GUILLEMARD ROAD MORI SINGAPORE 399738,4.739370253523735,45.0,3,3,0,8,9,2,2.0,0.0,0,1
THE TRUMPS,1780000.0,1270.15,1401.0,2022-01-01,118.0,15085.0,1.32002610262337,103.91348728953,1 JALAN KEMBANGAN THE TRUMPS SINGAPORE 419154,8.069943599460245,45.0,1,0,0,2,12,18,4.0,1.0,1,2
MORI,1397000.0,710.42,1966.0,2022-01-01,66.0,21167.0,1.31131219787605,103.882972095616,223 GUILLEMARD ROAD MORI SINGAPORE 399738,4.739370253523735,45.0,3,3,0,8,9,2,2.0,0.0,0,1
CENTRA RESIDENCE,1160000.0,1108.69,1046.0,2022-01-01,103.0,11262.0,1.312846209179,103.875936321332,8 LORONG 7 GEYLANG CENTRA RESIDENCE SINGAPORE 388792,4.311991373002679,45.0,2,2,0,10,8,1,2.0,1.0,0,1
EUHABITAT,650000.0,516.67,1258.0,2022-01-01,48.0,13542.0,1.32795415126263,103.9070014142,196 JALAN EUNOS EUHABITAT SINGAPORE 419542,7.971961203569236,45.0,2,2,0,2,6,15,1.0,1.0,1,2
STARVILLE,1545000.0,1270.15,1216.0,2022-01-01,118.0,13093.0,1.32826483616522,103.912067534158,66 LENGKONG TIGA STARVILLE SINGAPORE 417471,8.44041551036464,45.0,3,1,0,2,7,15,1.0,1.0,1,2
CENTRAL IMPERIAL,720000.0,602.78,1194.0,2022-01-01,56.0,12857.0,1.31194266781347,103.879213970964,3 LORONG 14 GEYLANG CENTRAL IMPERIAL SINGAPORE 398915,4.483469484998063,45.0,3,4,0,10,9,1,1.0,1.0,0,1
GUILLEMARD SUITES,838888.0,635.08,1321.0,2022-01-01,59.0,14218.0,1.31094521852726,103.882721097721,213 GUILLEMARD ROAD GUILLEMARD SUITES SINGAPORE 399733,4.691609257032653,45.0,3,4,0,8,9,3,1.0,1.0,0,1
EUHABITAT,660000.0,527.44,1251.0,2022-01-01,49.0,13469.0,1.32795415126263,103.9070014142,196 JALAN EUNOS EUHABITAT SINGAPORE 419542,7.971961203569236,45.0,2,2,0,2,6,15,1.0,1.0,1,2
THE HELICONIA,2068000.0,2195.86,942.0,2022-01-01,204.0,10137.0,1.32635294484067,103.908900244938,30 JALAN DAUD THE HELICONIA SINGAPORE 419572,8.031320801555648,45.0,3,2,0,2,7,16,3.0,1.0,1,2
THE WATER EDGE,768000.0,538.2,1427.0,2022-01-01,50.0,15360.0,1.31372105189031,103.888759579471,8 LORONG 38 GEYLANG THE WATER EDGE SINGAPORE 398106,5.4035924754809175,45.0,4,4,3,6,11,4,1.0,1.0,0,1
THE HELICONIA,1631000.0,1334.74,1222.0,2022-01-01,124.0,13153.0,1.32635294484067,103.908900244938,30 JALAN DAUD THE HELICONIA SINGAPORE 419572,8.031320801555648,45.0,3,2,0,2,7,16,2.0,1.0,1,2
SIMS URBAN OASIS,988000.0,624.31,1583.0,2022-01-01,58.0,17034.0,1.31926710475553,103.880615863782,6 SIMS DRIVE SIMS URBAN OASIS SINGAPORE 387388,5.190897370243519,45.0,3,4,0,8,9,1,3.0,1.0,1,1
PENROSE,2408000.0,1399.32,1721.0,2022-01-01,130.0,18523.0,1.31948983025856,103.879994891095,22 SIMS DRIVE PENROSE SINGAPORE 387396,5.166503889250989,45.0,3,4,0,8,9,1,3.0,0.0,0,1
GUILLEMARD EDGE,640000.0,419.8,1525.0,2022-01-01,39.0,16410.0,1.31200443744473,103.885949377155,38 LORONG 30 GEYLANG GUILLEMARD EDGE SINGAPORE 398371,5.041282413008211,45.0,4,4,1,7,11,5,1.0,1.0,0,1
CENTRAL GROVE,1200000.0,1022.58,1174.0,2022-01-01,95.0,12632.0,1.31623494982413,103.884417981377,3 GEYLANG EAST AVENUE 1 CENTRAL GROVE SINGAPORE 389779,5.228491443172765,45.0,4,5,1,8,9,3,2.0,1.0,1,1
URBAN TREASURES,1293880.0,635.08,2037.0,2022-01-01,59.0,21930.0,1.32936720206385,103.905791323853,205 JALAN EUNOS URBAN TREASURES SINGAPORE 419535,7.966767145631702,45.0,2,0,0,2,6,11,2.0,0.0,1,2
SIMS GREEN,1190000.0,1237.86,961.0,2022-01-01,115.0,10348.0,1.31441038654771,103.884629689864,7 LORONG 27A GEYLANG SIMS GREEN SINGAPORE 388133,5.105957066325405,45.0,4,4,1,8,9,5,1.0,1.0,0,1
SIMS URBAN OASIS,1560000.0,958.0,1628.0,2022-01-01,89.0,17528.0,1.31926710475553,103.880615863782,6 SIMS DRIVE SIMS URBAN OASIS SINGAPORE 387388,5.190897370243519,45.0,3,4,0,8,9,1,1.0,1.0,1,1
SMART SUITES,1050000.0,936.47,1121.0,2022-01-01,87.0,12069.0,1.31514448371947,103.884050282732,302 SIMS AVENUE SMART SUITES SINGAPORE 387516,5.114950686082434,45.0,3,5,0,8,9,3,1.0,1.0,0,1
MORI,1382000.0,710.42,1945.0,2022-01-01,66.0,20939.0,1.31131219787605,103.882972095616,223 GUILLEMARD ROAD MORI SINGAPORE 399738,4.739370253523735,45.0,3,3,0,8,9,2,2.0,0.0,0,1
ASTORIA PARK,1090000.0,861.12,1266.0,2022-01-01,80.0,13625.0,1.32177770499303,103.91225216665,34 LORONG MYDIN ASTORIA PARK SINGAPORE 416827,8.053226885077692,45.0,1,1,0,2,12,17,1.0,1.0,1,2
PENROSE,1993000.0,1184.04,1683.0,2022-01-01,110.0,18118.0,1.31948983025856,103.879994891095,22 SIMS DRIVE PENROSE SINGAPORE 387396,5.166503889250989,45.0,3,4,0,8,9,1,3.0,0.0,0,1
SIMS URBAN OASIS,1040000.0,710.42,1464.0,2022-01-01,66.0,15758.0,1.31926710475553,103.880615863782,6 SIMS DRIVE SIMS URBAN OASIS SINGAPORE 387388,5.190897370243519,45.0,3,4,0,8,9,1,1.0,1.0,1,1
VACANZA @ EAST,1400000.0,1033.34,1355.0,2022-01-01,96.0,14583.0,1.32901984483655,103.914196223923,36 LENGKONG TUJOH VACANZA @ EAST SINGAPORE 417391,8.680985857703446,45.0,3,1,0,2,8,12,2.0,1.0,1,2
URBAN TREASURES,1969390.0,1011.82,1946.0,2022-01-01,94.0,20951.0,1.32936720206385,103.905791323853,205 JALAN EUNOS URBAN TREASURES SINGAPORE 419535,7.966767145631702,45.0,2,0,0,2,6,11,1.0,0.0,1,2
PENROSE,1980000.0,1184.04,1672.0,2022-01-01,110.0,18000.0,1.31948983025856,103.879994891095,22 SIMS DRIVE PENROSE SINGAPORE 387396,5.166503889250989,45.0,3,4,0,8,9,1,3.0,0.0,0,1
URBAN TREASURES,992000.0,516.67,1920.0,2022-01-01,48.0,20667.0,1.32936720206385,103.905791323853,205 JALAN EUNOS URBAN TREASURES SINGAPORE 419535,7.966767145631702,45.0,2,0,0,2,6,11,1.0,0.0,1,2
URBAN TREASURES,1977560.0,1011.82,1954.0,2022-01-01,94.0,21038.0,1.32936720206385,103.905791323853,205 JALAN EUNOS URBAN TREASURES SINGAPORE 419535,7.966767145631702,45.0,2,0,0,2,6,11,2.0,0.0,1,2
CENTRA LOFT,630000.0,419.8,1501.0,2022-01-01,39.0,16154.0,1.31481743950624,103.888376977987,3 LORONG 35 GEYLANG CENTRA LOFT SINGAPORE 387935,5.44803594028427,45.0,4,4,3,7,11,4,2.0,1.0,0,1
NESS,688000.0,548.96,1253.0,2022-01-01,51.0,13490.0,1.31269794714045,103.886776844129,38 LORONG 32 GEYLANG NESS SINGAPORE 398298,5.1611183017097115,45.0,5,4,2,7,11,5,1.0,1.0,0,1
MORI,1010000.0,484.38,2085.0,2021-12-01,45.0,22444.0,1.31131219787605,103.882972095616,223 GUILLEMARD ROAD MORI SINGAPORE 399738,4.739370253523735,46.0,3,3,0,8,9,2,2.0,0.0,0,1
PENROSE,2038000.0,1173.28,1737.0,2021-12-01,109.0,18697.0,1.31948983025856,103.879994891095,22 SIMS DRIVE PENROSE SINGAPORE 387396,5.166503889250989,46.0,3,4,0,8,9,1,3.0,0.0,0,1
SIMS URBAN OASIS,700000.0,409.03,1711.0,2021-12-01,38.0,18421.0,1.31926710475553,103.880615863782,6 SIMS DRIVE SIMS URBAN OASIS SINGAPORE 387388,5.190897370243519,46.0,3,4,0,8,9,1,3.0,1.0,1,1
URBAN TREASURES,1956130.0,1011.82,1837.0,2021-12-01,94.0,19769.0,1.32936720206385,103.905791323853,205 JALAN EUNOS URBAN TREASURES SINGAPORE 419535,7.966767145631702,46.0,2,0,0,2,6,11,2.0,0.0,1,2
WATERBANK AT DAKOTA,790000.0,484.38,1631.0,2021-12-01,45.0,17556.0,1.30647833742136,103.888537197136,76 DAKOTA CRESCENT WATERBANK AT DAKOTA SINGAPORE 399944,4.918518965685704,46.0,3,3,0,5,10,6,2.0,1.0,1,1
PAVILION SQUARE,580525.0,398.27,1458.0,2021-12-01,37.0,15690.0,1.31297800060859,103.879770800217,345 GEYLANG ROAD PAVILION SQUARE SINGAPORE 389366,4.608727400946871,46.0,3,4,0,10,10,1,2.0,1.0,0,1
VACANZA @ EAST,1060000.0,839.59,1263.0,2021-12-01,78.0,13590.0,1.32901984483655,103.914196223923,36 LENGKONG TUJOH VACANZA @ EAST SINGAPORE 417391,8.680985857703446,46.0,3,1,0,2,8,12,1.0,1.0,1,2
EUHABITAT,770000.0,624.31,1233.0,2021-12-01,58.0,13276.0,1.32795415126263,103.9070014142,196 JALAN EUNOS EUHABITAT SINGAPORE 419542,7.971961203569236,46.0,2,2,0,2,6,15,1.0,1.0,1,2
PENROSE,2361000.0,1388.56,1700.0,2021-12-01,129.0,18302.0,1.31948983025856,103.879994891095,22 SIMS DRIVE PENROSE SINGAPORE 387396,5.166503889250989,46.0,3,4,0,8,9,1,4.0,0.0,0,1
CASA SARINA,800000.0,667.37,1199.0,2021-12-01,62.0,12903.0,1.32018967220914,103.906865928269,101 LORONG SARINA CASA SARINA SINGAPORE 416729,7.4542779982704115,46.0,2,1,0,1,12,14,1.0,1.0,1,2
IDYLLIC SUITES,590000.0,430.56,1370.0,2021-12-01,40.0,14750.0,1.31285080910896,103.886497625764,21 LORONG 30 GEYLANG IDYLLIC SUITES SINGAPORE 398353,5.1480043421598065,46.0,5,4,2,7,11,5,1.0,1.0,0,1
THE SUNNY SPRING,1780000.0,1506.96,1181.0,2021-12-01,140.0,12714.0,1.31219203070087,103.889464697147,50 LORONG 40 GEYLANG THE SUNNY SPRING SINGAPORE 398074,5.3613842782215055,46.0,4,4,3,6,11,5,1.0,1.0,0,1
PARK 1 SUITES,1470000.0,1097.93,1339.0,2021-12-01,102.0,14412.0,1.31404268792091,103.889347045446,8 LORONG 40 GEYLANG PARK 1 SUITES SINGAPORE 398054,5.476811645969878,46.0,4,4,3,6,11,4,2.0,1.0,0,1
PARK 1 SUITES,957000.0,602.78,1588.0,2021-12-01,56.0,17089.0,1.31404268792091,103.889347045446,8 LORONG 40 GEYLANG PARK 1 SUITES SINGAPORE 398054,5.476811645969878,46.0,4,4,3,6,11,4,2.0,1.0,0,1
# 1 SUITES,745000.0,710.42,1049.0,2021-12-01,66.0,11288.0,1.31239029325188,103.881504147527,1 LORONG 20 GEYLANG # 1 SUITES SINGAPORE 398721,4.699608709809529,46.0,3,3,0,8,9,2,1.0,1.0,0,1
IDYLLIC SUITES,755000.0,570.49,1323.0,2021-12-01,53.0,14245.0,1.31285080910896,103.886497625764,21 LORONG 30 GEYLANG IDYLLIC SUITES SINGAPORE 398353,5.1480043421598065,46.0,5,4,2,7,11,5,2.0,1.0,0,1
REZI 24,1821500.0,1184.04,1538.0,2021-12-01,110.0,16559.0,1.31156422500946,103.883576001591,39 LORONG 24 GEYLANG REZI 24 SINGAPORE 398636,4.808294965951603,46.0,3,3,0,8,10,4,1.0,0.0,0,1
EUHABITAT,1133000.0,904.18,1253.0,2021-12-01,84.0,13488.0,1.32795415126263,103.9070014142,196 JALAN EUNOS EUHABITAT SINGAPORE 419542,7.971961203569236,46.0,2,2,0,2,6,15,1.0,1.0,1,2
THE OCTET,615000.0,430.56,1428.0,2021-12-01,40.0,15375.0,1.31206999136037,103.883562422294,23 LORONG 24 GEYLANG THE OCTET SINGAPORE 398628,4.844083676929457,46.0,3,3,0,8,10,2,1.0,1.0,0,1
REZI 3TWO,1180000.0,818.06,1442.0,2021-12-01,76.0,15526.0,1.31212753143258,103.886814275583,48 LORONG 32 GEYLANG REZI 3TWO SINGAPORE 398308,5.124457679901286,46.0,5,4,2,7,11,5,1.0,1.0,0,1
PENROSE,2023000.0,1184.04,1709.0,2021-12-01,110.0,18391.0,1.31948983025856,103.879994891095,22 SIMS DRIVE PENROSE SINGAPORE 387396,5.166503889250989,46.0,3,4,0,8,9,1,1.0,0.0,0,1
CASA AERATA,540000.0,441.32,1224.0,2021-12-01,41.0,13171.0,1.31232393794378,103.885033090499,9 LORONG 26 GEYLANG CASA AERATA SINGAPORE 398484,4.985931367630484,46.0,4,4,1,7,11,4,1.0,1.0,0,1
PARK 1 SUITES,1414000.0,1097.93,1288.0,2021-12-01,102.0,13863.0,1.31404268792091,103.889347045446,8 LORONG 40 GEYLANG PARK 1 SUITES SINGAPORE 398054,5.476811645969878,46.0,4,4,3,6,11,4,2.0,1.0,0,1
GUILLEMARD SUITES,773000.0,570.49,1355.0,2021-12-01,53.0,14585.0,1.31094521852726,103.882721097721,213 GUILLEMARD ROAD GUILLEMARD SUITES SINGAPORE 399733,4.691609257032653,46.0,3,4,0,8,9,3,1.0,1.0,0,1
SINGA HILLS,880000.0,656.6,1340.0,2021-12-01,61.0,14426.0,1.33013262911561,103.908284993545,33 JALAN SINGA SINGA HILLS SINGAPORE 418109,8.234437338266625,46.0,1,1,0,2,5,13,1.0,1.0,0,2
PARC ESTA,1260000.0,581.26,2168.0,2021-12-01,54.0,23333.0,1.31786521916555,103.903967184717,904 SIMS AVENUE PARC ESTA SINGAPORE 408968,7.043509290403673,46.0,1,4,0,1,13,16,2.0,,0,1
PARK PLACE RESIDENCES AT PLQ,2365000.0,1087.16,2175.0,2021-12-01,101.0,23416.0,1.31583675363618,103.892746648427,2 PAYA LEBAR ROAD PARK PLACE RESIDENCES AT PLQ SINGAPORE 409053,5.896537427358871,46.0,3,3,3,4,12,6,3.0,,0,1
PENROSE,2351000.0,1399.32,1680.0,2021-12-01,130.0,18085.0,1.31948983025856,103.879994891095,22 SIMS DRIVE PENROSE SINGAPORE 387396,5.166503889250989,46.0,3,4,0,8,9,1,1.0,0.0,0,1
MELOSA,750000.0,548.96,1366.0,2021-12-01,51.0,14706.0,1.31253733235708,103.885402784916,28 LORONG 28 GEYLANG MELOSA SINGAPORE 398432,5.032539138387234,46.0,4,4,1,7,11,4,2.0,1.0,0,1
VACANZA @ EAST,1125000.0,839.59,1340.0,2021-12-01,78.0,14423.0,1.32901984483655,103.914196223923,36 LENGKONG TUJOH VACANZA @ EAST SINGAPORE 417391,8.680985857703446,46.0,3,1,0,2,8,12,2.0,1.0,1,2
TRE RESIDENCES,1168888.0,699.66,1671.0,2021-12-01,65.0,17983.0,1.3172278261209,103.885015905304,9 GEYLANG EAST AVENUE 1 TRE RESIDENCES SINGAPORE 389783,5.353082321074245,46.0,3,3,2,8,9,3,4.0,1.0,1,1
SIMSVILLE,1150000.0,979.52,1174.0,2021-12-01,91.0,12637.0,1.31703114737635,103.890499582849,2 GEYLANG EAST AVENUE 2 SIMSVILLE SINGAPORE 389754,5.786575389274496,46.0,4,4,3,6,12,4,3.0,1.0,1,1
PARC ESTA,1020000.0,516.67,1974.0,2021-12-01,48.0,21250.0,1.31786521916555,103.903967184717,904 SIMS AVENUE PARC ESTA SINGAPORE 408968,7.043509290403673,46.0,1,4,0,1,13,16,3.0,,0,1
IDYLLIC SUITES,608000.0,441.32,1378.0,2021-12-01,41.0,14829.0,1.31285080910896,103.886497625764,21 LORONG 30 GEYLANG IDYLLIC SUITES SINGAPORE 398353,5.1480043421598065,46.0,5,4,2,7,11,5,1.0,1.0,0,1
PENROSE,2313000.0,1388.56,1666.0,2021-12-01,129.0,17930.0,1.31948983025856,103.879994891095,22 SIMS DRIVE PENROSE SINGAPORE 387396,5.166503889250989,46.0,3,4,0,8,9,1,2.0,0.0,0,1
SIMS URBAN OASIS,1080000.0,667.37,1618.0,2021-12-01,62.0,17419.0,1.31926710475553,103.880615863782,6 SIMS DRIVE SIMS URBAN OASIS SINGAPORE 387388,5.190897370243519,46.0,3,4,0,8,9,1,4.0,1.0,1,1
PENROSE,1987000.0,1184.04,1678.0,2021-12-01,110.0,18064.0,1.31948983025856,103.879994891095,22 SIMS DRIVE PENROSE SINGAPORE 387396,5.166503889250989,46.0,3,4,0,8,9,1,3.0,0.0,0,1
MORI,972000.0,484.38,2007.0,2021-12-01,45.0,21600.0,1.31131219787605,103.882972095616,223 GUILLEMARD ROAD MORI SINGAPORE 399738,4.739370253523735,46.0,3,3,0,8,9,2,2.0,0.0,0,1
MORI,1020000.0,484.38,2106.0,2021-12-01,45.0,22667.0,1.31131219787605,103.882972095616,223 GUILLEMARD ROAD MORI SINGAPORE 399738,4.739370253523735,46.0,3,3,0,8,9,2,2.0,0.0,0,1
IDYLLIC SUITES,720000.0,538.2,1338.0,2021-12-01,50.0,14400.0,1.31285080910896,103.886497625764,21 LORONG 30 GEYLANG IDYLLIC SUITES SINGAPORE 398353,5.1480043421598065,46.0,5,4,2,7,11,5,2.0,1.0,0,1
SUITES 28,740000.0,914.94,809.0,2021-12-01,85.0,8706.0,1.31268459175571,103.885941111431,28 LORONG 30 GEYLANG SUITES 28 SINGAPORE 398361,5.088755596385559,46.0,5,4,1,7,11,4,2.0,1.0,0,1
WATERBANK AT DAKOTA,780000.0,484.38,1610.0,2021-12-01,45.0,17333.0,1.30647833742136,103.888537197136,76 DAKOTA CRESCENT WATERBANK AT DAKOTA SINGAPORE 399944,4.918518965685704,46.0,3,3,0,5,10,6,2.0,1.0,1,1
URBAN TREASURES,2008170.0,1011.82,1985.0,2021-12-01,94.0,21364.0,1.32936720206385,103.905791323853,205 JALAN EUNOS URBAN TREASURES SINGAPORE 419535,7.966767145631702,46.0,2,0,0,2,6,11,2.0,0.0,1,2
ZYANYA,882000.0,441.32,1999.0,2021-12-01,41.0,21512.0,1.31392103072017,103.883276357397,8 LORONG 25A GEYLANG ZYANYA SINGAPORE 388222,4.959147064738651,46.0,3,4,0,8,9,3,1.0,0.0,0,1
ZYANYA,1606750.0,893.41,1798.0,2021-12-01,83.0,19358.0,1.31392103072017,103.883276357397,8 LORONG 25A GEYLANG ZYANYA SINGAPORE 388222,4.959147064738651,46.0,3,4,0,8,9,3,1.0,0.0,0,1
VACANZA @ EAST,1270000.0,1033.34,1229.0,2021-12-01,96.0,13229.0,1.32901984483655,103.914196223923,36 LENGKONG TUJOH VACANZA @ EAST SINGAPORE 417391,8.680985857703446,46.0,3,1,0,2,8,12,2.0,1.0,1,2
EUHABITAT,1410000.0,1130.22,1248.0,2021-12-01,105.0,13429.0,1.32795415126263,103.9070014142,196 JALAN EUNOS EUHABITAT SINGAPORE 419542,7.971961203569236,46.0,2,2,0,2,6,15,1.0,1.0,1,2
SIMS URBAN OASIS,950000.0,624.31,1522.0,2021-12-01,58.0,16379.0,1.31926710475553,103.880615863782,6 SIMS DRIVE SIMS URBAN OASIS SINGAPORE 387388,5.190897370243519,46.0,3,4,0,8,9,1,2.0,1.0,1,1
ASTORIA PARK,1280000.0,1173.28,1091.0,2021-12-01,109.0,11743.0,1.32177770499303,103.91225216665,34 LORONG MYDIN ASTORIA PARK SINGAPORE 416827,8.053226885077692,46.0,1,1,0,2,12,17,1.0,1.0,1,2
VACANZA @ EAST,1320000.0,1033.34,1277.0,2021-12-01,96.0,13750.0,1.32901984483655,103.914196223923,36 LENGKONG TUJOH VACANZA @ EAST SINGAPORE 417391,8.680985857703446,46.0,3,1,0,2,8,12,2.0,1.0,1,2
URBAN TREASURES,1264690.0,645.84,1958.0,2021-12-01,60.0,21078.0,1.32936720206385,103.905791323853,205 JALAN EUNOS URBAN TREASURES SINGAPORE 419535,7.966767145631702,46.0,2,0,0,2,6,11,1.0,0.0,1,2
URBAN TREASURES,2022450.0,1011.82,1999.0,2021-12-01,94.0,21515.0,1.32936720206385,103.905791323853,205 JALAN EUNOS URBAN TREASURES SINGAPORE 419535,7.966767145631702,46.0,2,0,0,2,6,11,3.0,0.0,1,2
MORI,1603000.0,990.29,1619.0,2021-12-01,92.0,17424.0,1.31131219787605,103.882972095616,223 GUILLEMARD ROAD MORI SINGAPORE 399738,4.739370253523735,46.0,3,3,0,8,9,2,1.0,0.0,0,1
MORI,1345000.0,710.42,1893.0,2021-12-01,66.0,20379.0,1.31131219787605,103.882972095616,223 GUILLEMARD ROAD MORI SINGAPORE 399738,4.739370253523735,46.0,3,3,0,8,9,2,1.0,0.0,0,1
PENROSE,2024000.0,1173.28,1725.0,2021-12-01,109.0,18569.0,1.31948983025856,103.879994891095,22 SIMS DRIVE PENROSE SINGAPORE 387396,5.166503889250989,46.0,3,4,0,8,9,1,3.0,0.0,0,1
LOFT 33,895888.0,613.55,1460.0,2021-12-01,57.0,15717.0,1.31278422240834,103.887200888953,33 LORONG 32 GEYLANG LOFT 33 SINGAPORE 398293,5.2036450346020215,46.0,5,5,2,7,11,5,1.0,1.0,0,1
PARK 1 SUITES,1440000.0,1119.46,1286.0,2021-12-01,104.0,13846.0,1.31404268792091,103.889347045446,8 LORONG 40 GEYLANG PARK 1 SUITES SINGAPORE 398054,5.476811645969878,46.0,4,4,3,6,11,4,2.0,1.0,0,1
URBAN TREASURES,1984700.0,1011.82,1962.0,2021-12-01,94.0,21114.0,1.32936720206385,103.905791323853,205 JALAN EUNOS URBAN TREASURES SINGAPORE 419535,7.966767145631702,46.0,2,0,0,2,6,11,2.0,0.0,1,2
MORI,1775000.0,958.0,1853.0,2021-12-01,89.0,19944.0,1.31131219787605,103.882972095616,223 GUILLEMARD ROAD MORI SINGAPORE 399738,4.739370253523735,46.0,3,3,0,8,9,2,2.0,0.0,0,1
PARC ESTA,1750000.0,839.59,2084.0,2021-12-01,78.0,22436.0,1.31786521916555,103.903967184717,904 SIMS AVENUE PARC ESTA SINGAPORE 408968,7.043509290403673,46.0,1,4,0,1,13,16,3.0,,0,1
GRANDLINK SQUARE,1255000.0,1162.51,1080.0,2021-12-01,108.0,11620.0,1.3141912983094,103.891500511011,511 GUILLEMARD ROAD GRANDLINK SQUARE SINGAPORE 399849,5.67552490483051,46.0,4,4,3,5,13,6,1.0,1.0,0,1
LE REGAL,712888.0,688.9,1035.0,2021-12-01,64.0,11139.0,1.31250268727998,103.880368117228,340 GEYLANG ROAD LE REGAL SINGAPORE 389365,4.61788023094977,46.0,2,3,0,9,10,1,1.0,1.0,0,1
LA FLEUR,600000.0,473.62,1267.0,2021-12-01,44.0,13636.0,1.31244454232324,103.884576516653,8 LORONG 26 GEYLANG LA FLEUR SINGAPORE 398483,4.956192019907782,46.0,3,4,0,7,10,4,2.0,1.0,0,1
LE REVE,1138000.0,807.3,1410.0,2021-12-01,75.0,15173.0,1.31868241486572,103.90610166475,27 KAMPONG EUNOS LE REVE SINGAPORE 417783,7.2919762495069005,46.0,2,2,0,1,13,14,1.0,1.0,1,2
SIMS RESIDENCES,1380000.0,1431.61,964.0,2021-12-01,133.0,10376.0,1.31607412947418,103.891092837354,8 LORONG 39 GEYLANG SIMS RESIDENCES SINGAPORE 387882,5.769235671840805,46.0,4,3,3,5,12,4,1.0,1.0,0,1
NESS,638000.0,430.56,1482.0,2021-12-01,40.0,15950.0,1.31269794714045,103.886776844129,38 LORONG 32 GEYLANG NESS SINGAPORE 398298,5.1611183017097115,46.0,5,4,2,7,11,5,1.0,1.0,0,1
THE ANTARES,1540000.0,861.12,1788.0,2021-12-01,80.0,19250.0,1.32541778538724,103.883403765337,23 MATTAR ROAD THE ANTARES SINGAPORE 387730,5.916441166611573,46.0,4,4,0,8,9,4,4.0,0.0,0,1
URBAN TREASURES,1297680.0,645.84,2009.0,2021-12-01,60.0,21628.0,1.32936720206385,103.905791323853,205 JALAN EUNOS URBAN TREASURES SINGAPORE 419535,7.966767145631702,46.0,2,0,0,2,6,11,2.0,0.0,1,2
MORI,1324000.0,721.19,1836.0,2021-12-01,67.0,19761.0,1.31131219787605,103.882972095616,223 GUILLEMARD ROAD MORI SINGAPORE 399738,4.739370253523735,46.0,3,3,0,8,9,2,1.0,0.0,0,1
MORI,1382000.0,710.42,1945.0,2021-12-01,66.0,20939.0,1.31131219787605,103.882972095616,223 GUILLEMARD ROAD MORI SINGAPORE 399738,4.739370253523735,46.0,3,3,0,8,9,2,2.0,0.0,0,1
PENROSE,2026000.0,1173.28,1727.0,2021-12-01,109.0,18587.0,1.31948983025856,103.879994891095,22 SIMS DRIVE PENROSE SINGAPORE 387396,5.166503889250989,46.0,3,4,0,8,9,1,3.0,0.0,0,1
MILL CREEK,925888.0,775.01,1195.0,2021-12-01,72.0,12860.0,1.31955327216571,103.909937629963,10 LORONG MARZUKI MILL CREEK SINGAPORE 417052,7.704555862110513,46.0,2,1,0,2,13,13,1.0,1.0,0,2
SIMS URBAN OASIS,768000.0,484.38,1586.0,2021-12-01,45.0,17067.0,1.31926710475553,103.880615863782,6 SIMS DRIVE SIMS URBAN OASIS SINGAPORE 387388,5.190897370243519,46.0,3,4,0,8,9,1,3.0,1.0,1,1
MORI,1357000.0,710.42,1910.0,2021-12-01,66.0,20561.0,1.31131219787605,103.882972095616,223 GUILLEMARD ROAD MORI SINGAPORE 399738,4.739370253523735,46.0,3,3,0,8,9,2,1.0,0.0,0,1
EUHABITAT,650000.0,516.67,1258.0,2021-12-01,48.0,13542.0,1.32795415126263,103.9070014142,196 JALAN EUNOS EUHABITAT SINGAPORE 419542,7.971961203569236,46.0,2,2,0,2,6,15,1.0,1.0,1,2
CENTRA LOFT,600000.0,559.73,1072.0,2021-12-01,52.0,11538.0,1.31481743950624,103.888376977987,3 LORONG 35 GEYLANG CENTRA LOFT SINGAPORE 387935,5.44803594028427,46.0,4,4,3,7,11,4,1.0,1.0,0,1
DENG FU VILLE,1235000.0,1011.82,1221.0,2021-12-01,94.0,13138.0,1.31907103004917,103.906727650036,30 KAMPONG EUNOS DENG FU VILLE SINGAPORE 417777,7.373814325731649,46.0,2,2,0,1,13,14,1.0,1.0,0,2
REZI 26,640000.0,452.09,1416.0,2021-12-01,42.0,15238.0,1.31277485329606,103.885104634024,5 LORONG 26 GEYLANG REZI 26 SINGAPORE 398480,5.024511275001018,46.0,4,4,1,7,11,4,2.0,1.0,0,1
WATERBANK AT DAKOTA,1088000.0,624.31,1743.0,2021-12-01,58.0,18759.0,1.30647833742136,103.888537197136,76 DAKOTA CRESCENT WATERBANK AT DAKOTA SINGAPORE 399944,4.918518965685704,46.0,3,3,0,5,10,6,3.0,1.0,1,1
PARC ESTA,1720000.0,914.94,1880.0,2021-12-01,85.0,20235.0,1.31786521916555,103.903967184717,904 SIMS AVENUE PARC ESTA SINGAPORE 408968,7.043509290403673,46.0,1,4,0,1,13,16,3.0,,0,1
SIMS URBAN OASIS,1690000.0,1033.34,1635.0,2021-12-01,96.0,17604.0,1.31926710475553,103.880615863782,6 SIMS DRIVE SIMS URBAN OASIS SINGAPORE 387388,5.190897370243519,46.0,3,4,0,8,9,1,1.0,1.0,1,1
D'OASIA,700000.0,538.2,1301.0,2021-12-01,50.0,14000.0,1.31966969295307,103.910261197479,11 LORONG MELAYU D'OASIA SINGAPORE 416905,7.741970201225104,46.0,2,1,0,2,13,14,1.0,1.0,0,2
URBAN TREASURES,1286740.0,656.6,1862.0,2021-12-01,61.0,20039.0,1.32936720206385,103.905791323853,205 JALAN EUNOS URBAN TREASURES SINGAPORE 419535,7.966767145631702,46.0,2,0,0,2,6,11,1.0,0.0,1,2
MORI,1720000.0,1022.58,1682.0,2021-12-01,95.0,18105.0,1.31131219787605,103.882972095616,223 GUILLEMARD ROAD MORI SINGAPORE 399738,4.739370253523735,46.0,3,3,0,8,9,2,1.0,0.0,0,1
ASTOR,850000.0,990.29,858.0,2021-12-01,92.0,9239.0,1.32879593267373,103.912963648128,51C LENGKONG EMPAT ASTOR SINGAPORE 417660,8.55554984945014,46.0,3,1,0,2,7,14,1.0,1.0,0,2
THE SANCTUARY @ GEYLANG,865000.0,678.13,1276.0,2021-12-01,63.0,13730.0,1.31345709214795,103.886467318231,1 LORONG 30 GEYLANG THE SANCTUARY @ GEYLANG SINGAPORE 398342,5.188676380984995,46.0,5,4,2,7,11,5,2.0,1.0,0,1
TRE RESIDENCES,1420888.0,947.23,1500.0,2021-12-01,88.0,16146.0,1.3172278261209,103.885015905304,9 GEYLANG EAST AVENUE 1 TRE RESIDENCES SINGAPORE 389783,5.353082321074245,46.0,3,3,2,8,9,3,1.0,1.0,1,1
THE ANTARES,1726000.0,882.65,1955.0,2021-12-01,82.0,21049.0,1.32541778538724,103.883403765337,23 MATTAR ROAD THE ANTARES SINGAPORE 387730,5.916441166611573,46.0,4,4,0,8,9,4,4.0,0.0,0,1
PARC ESTA,1057000.0,527.44,2004.0,2021-12-01,49.0,21571.0,1.31786521916555,103.903967184717,904 SIMS AVENUE PARC ESTA SINGAPORE 408968,7.043509290403673,46.0,1,4,0,1,13,16,1.0,0.0,0,1
PENROSE,2360000.0,1388.56,1700.0,2021-12-01,129.0,18295.0,1.31948983025856,103.879994891095,22 SIMS DRIVE PENROSE SINGAPORE 387396,5.166503889250989,46.0,3,4,0,8,9,1,3.0,0.0,0,1
URBAN TREASURES,1276030.0,645.84,1976.0,2021-12-01,60.0,21267.0,1.32936720206385,103.905791323853,205 JALAN EUNOS URBAN TREASURES SINGAPORE 419535,7.966767145631702,46.0,2,0,0,2,6,11,2.0,0.0,1,2
MORI,1283000.0,710.42,1806.0,2021-12-01,66.0,19439.0,1.31131219787605,103.882972095616,223 GUILLEMARD ROAD MORI SINGAPORE 399738,4.739370253523735,46.0,3,3,0,8,9,2,1.0,0.0,0,1
MORI,1263000.0,721.19,1751.0,2021-12-01,67.0,18851.0,1.31131219787605,103.882972095616,223 GUILLEMARD ROAD MORI SINGAPORE 399738,4.739370253523735,46.0,3,3,0,8,9,2,1.0,0.0,0,1
MORI,1130000.0,592.02,1909.0,2021-12-01,55.0,20545.0,1.31131219787605,103.882972095616,223 GUILLEMARD ROAD MORI SINGAPORE 399738,4.739370253523735,46.0,3,3,0,8,9,2,1.0,0.0,0,1
MORI,926000.0,484.38,1912.0,2021-12-01,45.0,20578.0,1.31131219787605,103.882972095616,223 GUILLEMARD ROAD MORI SINGAPORE 399738,4.739370253523735,46.0,3,3,0,8,9,2,1.0,0.0,0,1
MORI,1311000.0,721.19,1818.0,2021-12-01,67.0,19567.0,1.31131219787605,103.882972095616,223 GUILLEMARD ROAD MORI SINGAPORE 399738,4.739370253523735,46.0,3,3,0,8,9,2,1.0,0.0,0,1
MORI,879000.0,484.38,1815.0,2021-12-01,45.0,19533.0,1.31131219787605,103.882972095616,223 GUILLEMARD ROAD MORI SINGAPORE 399738,4.739370253523735,46.0,3,3,0,8,9,2,1.0,0.0,0,1
MORI,1175000.0,710.42,1654.0,2021-12-01,66.0,17803.0,1.31131219787605,103.882972095616,223 GUILLEMARD ROAD MORI SINGAPORE 399738,4.739370253523735,46.0,3,3,0,8,9,2,1.0,0.0,0,1
MORI,1283000.0,710.42,1806.0,2021-12-01,66.0,19439.0,1.31131219787605,103.882972095616,223 GUILLEMARD ROAD MORI SINGAPORE 399738,4.739370253523735,46.0,3,3,0,8,9,2,1.0,0.0,0,1
MORI,1283000.0,710.42,1806.0,2021-12-01,66.0,19439.0,1.31131219787605,103.882972095616,223 GUILLEMARD ROAD MORI SINGAPORE 399738,4.739370253523735,46.0,3,3,0,8,9,2,1.0,0.0,0,1
MORI,1295000.0,710.42,1823.0,2021-12-01,66.0,19621.0,1.31131219787605,103.882972095616,223 GUILLEMARD ROAD MORI SINGAPORE 399738,4.739370253523735,46.0,3,3,0,8,9,2,1.0,0.0,0,1
MORI,936000.0,484.38,1932.0,2021-12-01,45.0,20800.0,1.31131219787605,103.882972095616,223 GUILLEMARD ROAD MORI SINGAPORE 399738,4.739370253523735,46.0,3,3,0,8,9,2,1.0,0.0,0,1
MORI,924000.0,484.38,1908.0,2021-12-01,45.0,20533.0,1.31131219787605,103.882972095616,223 GUILLEMARD ROAD MORI SINGAPORE 399738,4.739370253523735,46.0,3,3,0,8,9,2,1.0,0.0,0,1
MORI,954000.0,495.14,1927.0,2021-12-01,46.0,20739.0,1.31131219787605,103.882972095616,223 GUILLEMARD ROAD MORI SINGAPORE 399738,4.739370253523735,46.0,3,3,0,8,9,2,1.0,0.0,0,1
MORI,1250000.0,710.42,1760.0,2021-12-01,66.0,18939.0,1.31131219787605,103.882972095616,223 GUILLEMARD ROAD MORI SINGAPORE 399738,4.739370253523735,46.0,3,3,0,8,9,2,1.0,0.0,0,1
MORI,1295000.0,710.42,1823.0,2021-12-01,66.0,19621.0,1.31131219787605,103.882972095616,223 GUILLEMARD ROAD MORI SINGAPORE 399738,4.739370253523735,46.0,3,3,0,8,9,2,1.0,0.0,0,1
MORI,1295000.0,710.42,1823.0,2021-12-01,66.0,19621.0,1.31131219787605,103.882972095616,223 GUILLEMARD ROAD MORI SINGAPORE 399738,4.739370253523735,46.0,3,3,0,8,9,2,1.0,0.0,0,1
MORI,1295000.0,710.42,1823.0,2021-12-01,66.0,19621.0,1.31131219787605,103.882972095616,223 GUILLEMARD ROAD MORI SINGAPORE 399738,4.739370253523735,46.0,3,3,0,8,9,2,1.0,0.0,0,1
MORI,1295000.0,710.42,1823.0,2021-12-01,66.0,19621.0,1.31131219787605,103.882972095616,223 GUILLEMARD ROAD MORI SINGAPORE 399738,4.739370253523735,46.0,3,3,0,8,9,2,1.0,0.0,0,1
MORI,1295000.0,710.42,1823.0,2021-12-01,66.0,19621.0,1.31131219787605,103.882972095616,223 GUILLEMARD ROAD MORI SINGAPORE 399738,4.739370253523735,46.0,3,3,0,8,9,2,1.0,0.0,0,1
MORI,1307000.0,710.42,1840.0,2021-12-01,66.0,19803.0,1.31131219787605,103.882972095616,223 GUILLEMARD ROAD MORI SINGAPORE 399738,4.739370253523735,46.0,3,3,0,8,9,2,1.0,0.0,0,1
MORI,947000.0,484.38,1955.0,2021-12-01,45.0,21044.0,1.31131219787605,103.882972095616,223 GUILLEMARD ROAD MORI SINGAPORE 399738,4.739370253523735,46.0,3,3,0,8,9,2,1.0,0.0,0,1
MORI,1336000.0,721.19,1852.0,2021-12-01,67.0,19940.0,1.31131219787605,103.882972095616,223 GUILLEMARD ROAD MORI SINGAPORE 399738,4.739370253523735,46.0,3,3,0,8,9,2,1.0,0.0,0,1
MORI,936000.0,484.38,1932.0,2021-12-01,45.0,20800.0,1.31131219787605,103.882972095616,223 GUILLEMARD ROAD MORI SINGAPORE 399738,4.739370253523735,46.0,3,3,0,8,9,2,1.0,0.0,0,1
MORI,1263000.0,710.42,1778.0,2021-12-01,66.0,19136.0,1.31131219787605,103.882972095616,223 GUILLEMARD ROAD MORI SINGAPORE 399738,4.739370253523735,46.0,3,3,0,8,9,2,1.0,0.0,0,1
MORI,1784000.0,1022.58,1745.0,2021-12-01,95.0,18779.0,1.31131219787605,103.882972095616,223 GUILLEMARD ROAD MORI SINGAPORE 399738,4.739370253523735,46.0,3,3,0,8,9,2,1.0,0.0,0,1
MORI,1351000.0,710.42,1902.0,2021-12-01,66.0,20470.0,1.31131219787605,103.882972095616,223 GUILLEMARD ROAD MORI SINGAPORE 399738,4.739370253523735,46.0,3,3,0,8,9,2,1.0,0.0,0,1
MORI,1003000.0,548.96,1827.0,2021-12-01,51.0,19667.0,1.31131219787605,103.882972095616,223 GUILLEMARD ROAD MORI SINGAPORE 399738,4.739370253523735,46.0,3,3,0,8,9,2,1.0,0.0,0,1
MORI,957000.0,484.38,1976.0,2021-12-01,45.0,21267.0,1.31131219787605,103.882972095616,223 GUILLEMARD ROAD MORI SINGAPORE 399738,4.739370253523735,46.0,3,3,0,8,9,2,1.0,0.0,0,1
MORI,1348000.0,721.19,1869.0,2021-12-01,67.0,20119.0,1.31131219787605,103.882972095616,223 GUILLEMARD ROAD MORI SINGAPORE 399738,4.739370253523735,46.0,3,3,0,8,9,2,1.0,0.0,0,1
MORI,949000.0,484.38,1959.0,2021-12-01,45.0,21089.0,1.31131219787605,103.882972095616,223 GUILLEMARD ROAD MORI SINGAPORE 399738,4.739370253523735,46.0,3,3,0,8,9,2,1.0,0.0,0,1
MORI,1275000.0,710.42,1795.0,2021-12-01,66.0,19318.0,1.31131219787605,103.882972095616,223 GUILLEMARD ROAD MORI SINGAPORE 399738,4.739370253523735,46.0,3,3,0,8,9,2,1.0,0.0,0,1
MORI,1342000.0,710.42,1889.0,2021-12-01,66.0,20333.0,1.31131219787605,103.882972095616,223 GUILLEMARD ROAD MORI SINGAPORE 399738,4.739370253523735,46.0,3,3,0,8,9,2,1.0,0.0,0,1
MORI,1342000.0,710.42,1889.0,2021-12-01,66.0,20333.0,1.31131219787605,103.882972095616,223 GUILLEMARD ROAD MORI SINGAPORE 399738,4.739370253523735,46.0,3,3,0,8,9,2,1.0,0.0,0,1
MORI,1342000.0,710.42,1889.0,2021-12-01,66.0,20333.0,1.31131219787605,103.882972095616,223 GUILLEMARD ROAD MORI SINGAPORE 399738,4.739370253523735,46.0,3,3,0,8,9,2,1.0,0.0,0,1
MORI,1772000.0,979.52,1809.0,2021-12-01,91.0,19473.0,1.31131219787605,103.882972095616,223 GUILLEMARD ROAD MORI SINGAPORE 399738,4.739370253523735,46.0,3,3,0,8,9,2,1.0,0.0,0,1
MORI,1711000.0,958.0,1786.0,2021-12-01,89.0,19225.0,1.31131219787605,103.882972095616,223 GUILLEMARD ROAD MORI SINGAPORE 399738,4.739370253523735,46.0,3,3,0,8,9,2,1.0,0.0,0,1
MORI,1808000.0,1022.58,1768.0,2021-12-01,95.0,19032.0,1.31131219787605,103.882972095616,223 GUILLEMARD ROAD MORI SINGAPORE 399738,4.739370253523735,46.0,3,3,0,8,9,2,1.0,0.0,0,1
MORI,1366000.0,710.42,1923.0,2021-12-01,66.0,20697.0,1.31131219787605,103.882972095616,223 GUILLEMARD ROAD MORI SINGAPORE 399738,4.739370253523735,46.0,3,3,0,8,9,2,1.0,0.0,0,1
MORI,1170000.0,592.02,1976.0,2021-12-01,55.0,21273.0,1.31131219787605,103.882972095616,223 GUILLEMARD ROAD MORI SINGAPORE 399738,4.739370253523735,46.0,3,3,0,8,9,2,2.0,0.0,0,1
MORI,967000.0,484.38,1996.0,2021-12-01,45.0,21489.0,1.31131219787605,103.882972095616,223 GUILLEMARD ROAD MORI SINGAPORE 399738,4.739370253523735,46.0,3,3,0,8,9,2,2.0,0.0,0,1
MORI,1360000.0,721.19,1886.0,2021-12-01,67.0,20299.0,1.31131219787605,103.882972095616,223 GUILLEMARD ROAD MORI SINGAPORE 399738,4.739370253523735,46.0,3,3,0,8,9,2,2.0,0.0,0,1
MORI,1360000.0,721.19,1886.0,2021-12-01,67.0,20299.0,1.31131219787605,103.882972095616,223 GUILLEMARD ROAD MORI SINGAPORE 399738,4.739370253523735,46.0,3,3,0,8,9,2,2.0,0.0,0,1
MORI,1288000.0,710.42,1813.0,2021-12-01,66.0,19515.0,1.31131219787605,103.882972095616,223 GUILLEMARD ROAD MORI SINGAPORE 399738,4.739370253523735,46.0,3,3,0,8,9,2,2.0,0.0,0,1
MORI,1355000.0,710.42,1907.0,2021-12-01,66.0,20530.0,1.31131219787605,103.882972095616,223 GUILLEMARD ROAD MORI SINGAPORE 399738,4.739370253523735,46.0,3,3,0,8,9,2,2.0,0.0,0,1
MORI,1355000.0,710.42,1907.0,2021-12-01,66.0,20530.0,1.31131219787605,103.882972095616,223 GUILLEMARD ROAD MORI SINGAPORE 399738,4.739370253523735,46.0,3,3,0,8,9,2,2.0,0.0,0,1
MORI,1355000.0,710.42,1907.0,2021-12-01,66.0,20530.0,1.31131219787605,103.882972095616,223 GUILLEMARD ROAD MORI SINGAPORE 399738,4.739370253523735,46.0,3,3,0,8,9,2,2.0,0.0,0,1
MORI,1787000.0,979.52,1824.0,2021-12-01,91.0,19637.0,1.31131219787605,103.882972095616,223 GUILLEMARD ROAD MORI SINGAPORE 399738,4.739370253523735,46.0,3,3,0,8,9,2,2.0,0.0,0,1
MORI,1725000.0,958.0,1801.0,2021-12-01,89.0,19382.0,1.31131219787605,103.882972095616,223 GUILLEMARD ROAD MORI SINGAPORE 399738,4.739370253523735,46.0,3,3,0,8,9,2,2.0,0.0,0,1
MORI,999000.0,484.38,2062.0,2021-12-01,45.0,22200.0,1.31131219787605,103.882972095616,223 GUILLEMARD ROAD MORI SINGAPORE 399738,4.739370253523735,46.0,3,3,0,8,9,2,2.0,0.0,0,1
MORI,1404000.0,721.19,1947.0,2021-12-01,67.0,20955.0,1.31131219787605,103.882972095616,223 GUILLEMARD ROAD MORI SINGAPORE 399738,4.739370253523735,46.0,3,3,0,8,9,2,2.0,0.0,0,1
MORI,1404000.0,721.19,1947.0,2021-12-01,67.0,20955.0,1.31131219787605,103.882972095616,223 GUILLEMARD ROAD MORI SINGAPORE 399738,4.739370253523735,46.0,3,3,0,8,9,2,2.0,0.0,0,1
MORI,2078000.0,1173.28,1771.0,2021-12-01,109.0,19064.0,1.31131219787605,103.882972095616,223 GUILLEMARD ROAD MORI SINGAPORE 399738,4.739370253523735,46.0,3,3,0,8,9,2,2.0,0.0,0,1
MORI,1299000.0,710.42,1828.0,2021-12-01,66.0,19682.0,1.31131219787605,103.882972095616,223 GUILLEMARD ROAD MORI SINGAPORE 399738,4.739370253523735,46.0,3,3,0,8,9,2,2.0,0.0,0,1
MORI,1367000.0,710.42,1924.0,2021-12-01,66.0,20712.0,1.31131219787605,103.882972095616,223 GUILLEMARD ROAD MORI SINGAPORE 399738,4.739370253523735,46.0,3,3,0,8,9,2,2.0,0.0,0,1
MORI,1794000.0,979.52,1832.0,2021-12-01,91.0,19714.0,1.31131219787605,103.882972095616,223 GUILLEMARD ROAD MORI SINGAPORE 399738,4.739370253523735,46.0,3,3,0,8,9,2,2.0,0.0,0,1
MORI,1741000.0,958.0,1817.0,2021-12-01,89.0,19562.0,1.31131219787605,103.882972095616,223 GUILLEMARD ROAD MORI SINGAPORE 399738,4.739370253523735,46.0,3,3,0,8,9,2,2.0,0.0,0,1
MORI,1010000.0,484.38,2085.0,2021-12-01,45.0,22444.0,1.31131219787605,103.882972095616,223 GUILLEMARD ROAD MORI SINGAPORE 399738,4.739370253523735,46.0,3,3,0,8,9,2,2.0,0.0,0,1
MORI,1416000.0,721.19,1963.0,2021-12-01,67.0,21134.0,1.31131219787605,103.882972095616,223 GUILLEMARD ROAD MORI SINGAPORE 399738,4.739370253523735,46.0,3,3,0,8,9,2,2.0,0.0,0,1
MORI,1416000.0,721.19,1963.0,2021-12-01,67.0,21134.0,1.31131219787605,103.882972095616,223 GUILLEMARD ROAD MORI SINGAPORE 399738,4.739370253523735,46.0,3,3,0,8,9,2,2.0,0.0,0,1
MORI,1383000.0,710.42,1947.0,2021-12-01,66.0,20955.0,1.31131219787605,103.882972095616,223 GUILLEMARD ROAD MORI SINGAPORE 399738,4.739370253523735,46.0,3,3,0,8,9,2,2.0,0.0,0,1
MORI,1821000.0,979.52,1859.0,2021-12-01,91.0,20011.0,1.31131219787605,103.882972095616,223 GUILLEMARD ROAD MORI SINGAPORE 399738,4.739370253523735,46.0,3,3,0,8,9,2,2.0,0.0,0,1
TEDGE,1793000.0,1108.69,1617.0,2021-12-01,103.0,17408.0,1.3180672677589,103.908811491066,328 CHANGI ROAD TEDGE SINGAPORE 419803,7.512024356099393,46.0,2,1,0,1,14,15,1.0,0.0,0,2
BLISS VILLE,1550000.0,1657.66,935.0,2021-12-01,154.0,10065.0,1.32374715619118,103.909135122768,69H LORONG MELAYU BLISS VILLE SINGAPORE 417030,7.88417716920167,46.0,2,1,0,2,8,16,1.0,1.0,0,2
WINDY HEIGHTS,2720000.0,2475.72,1099.0,2021-12-01,230.0,11826.0,1.32664204297673,103.910617408664,84 JALAN DAUD WINDY HEIGHTS SINGAPORE 419593,8.204206295506795,46.0,2,2,0,2,7,16,1.0,1.0,1,2
SIMS GREEN,1268000.0,1237.86,1024.0,2021-12-01,115.0,11026.0,1.31441038654771,103.884629689864,7 LORONG 27A GEYLANG SIMS GREEN SINGAPORE 388133,5.105957066325405,46.0,4,4,1,8,9,5,1.0,1.0,0,1
GUILLEMARD EDGE,642000.0,409.03,1570.0,2021-12-01,38.0,16895.0,1.31200443744473,103.885949377155,38 LORONG 30 GEYLANG GUILLEMARD EDGE SINGAPORE 398371,5.041282413008211,46.0,4,4,1,7,11,5,2.0,1.0,0,1
ASTON MANSIONS,1100000.0,1216.33,904.0,2021-12-01,113.0,9735.0,1.31393251470132,103.890612644048,7 LORONG 42 GEYLANG ASTON MANSIONS SINGAPORE 398028,5.57978728565853,46.0,4,4,3,5,12,6,1.0,1.0,0,1
TREASURES @ G20,510000.0,495.14,1030.0,2021-12-01,46.0,11087.0,1.31144699404485,103.881539708397,35 LORONG 20 GEYLANG TREASURES@G20 SINGAPORE 398751,4.6309982597520785,46.0,3,3,0,8,9,2,2.0,1.0,0,1
SIMS URBAN OASIS,1625000.0,958.0,1696.0,2021-12-01,89.0,18258.0,1.31926710475553,103.880615863782,6 SIMS DRIVE SIMS URBAN OASIS SINGAPORE 387388,5.190897370243519,46.0,3,4,0,8,9,1,3.0,1.0,1,1
SUITES 28,1020000.0,850.36,1199.0,2021-12-01,79.0,12911.0,1.31268459175571,103.885941111431,28 LORONG 30 GEYLANG SUITES 28 SINGAPORE 398361,5.088755596385559,46.0,5,4,1,7,11,4,1.0,1.0,0,1
THE ANTARES,1884000.0,1022.58,1842.0,2021-11-01,95.0,19832.0,1.32541778538724,103.883403765337,23 MATTAR ROAD THE ANTARES SINGAPORE 387730,5.916441166611573,47.0,4,4,0,8,9,4,4.0,0.0,0,1
WATERBANK AT DAKOTA,818000.0,484.38,1689.0,2021-11-01,45.0,18178.0,1.30647833742136,103.888537197136,76 DAKOTA CRESCENT WATERBANK AT DAKOTA SINGAPORE 399944,4.918518965685704,47.0,3,3,0,5,10,6,3.0,1.0,1,1
THE TRUMPS,853888.0,645.84,1322.0,2021-11-01,60.0,14231.0,1.32002610262337,103.91348728953,1 JALAN KEMBANGAN THE TRUMPS SINGAPORE 419154,8.069943599460245,47.0,1,0,0,2,12,18,3.0,1.0,1,2
EUHABITAT,717000.0,527.44,1359.0,2021-11-01,49.0,14633.0,1.32795415126263,103.9070014142,196 JALAN EUNOS EUHABITAT SINGAPORE 419542,7.971961203569236,47.0,2,2,0,2,6,15,1.0,1.0,1,2
THE ANTARES,1708000.0,882.65,1935.0,2021-11-01,82.0,20829.0,1.32541778538724,103.883403765337,23 MATTAR ROAD THE ANTARES SINGAPORE 387730,5.916441166611573,47.0,4,4,0,8,9,4,3.0,0.0,0,1
SINGA HILLS,1468000.0,1162.51,1263.0,2021-11-01,108.0,13593.0,1.33013262911561,103.908284993545,33 JALAN SINGA SINGA HILLS SINGAPORE 418109,8.234437338266625,47.0,1,1,0,2,5,13,1.0,1.0,0,2
PENROSE,2336000.0,1388.56,1682.0,2021-11-01,129.0,18109.0,1.31948983025856,103.879994891095,22 SIMS DRIVE PENROSE SINGAPORE 387396,5.166503889250989,47.0,3,4,0,8,9,1,3.0,0.0,0,1
PENROSE,2368000.0,1388.56,1705.0,2021-11-01,129.0,18357.0,1.31948983025856,103.879994891095,22 SIMS DRIVE PENROSE SINGAPORE 387396,5.166503889250989,47.0,3,4,0,8,9,1,3.0,0.0,0,1
PENROSE,2370000.0,1388.56,1707.0,2021-11-01,129.0,18372.0,1.31948983025856,103.879994891095,22 SIMS DRIVE PENROSE SINGAPORE 387396,5.166503889250989,47.0,3,4,0,8,9,1,4.0,0.0,0,1
THE SANCTUARY @ GEYLANG,750000.0,559.73,1340.0,2021-11-01,52.0,14423.0,1.31345709214795,103.886467318231,1 LORONG 30 GEYLANG THE SANCTUARY @ GEYLANG SINGAPORE 398342,5.188676380984995,47.0,5,4,2,7,11,5,1.0,1.0,0,1
GROSVENOR VIEW,788800.0,656.6,1201.0,2021-11-01,61.0,12931.0,1.32768795196418,103.911844825065,3 LENGKONG EMPAT GROSVENOR VIEW SINGAPORE 417611,8.382712261708466,47.0,2,1,0,2,7,16,2.0,1.0,1,2
PENROSE,1969000.0,1184.04,1663.0,2021-11-01,110.0,17900.0,1.31948983025856,103.879994891095,22 SIMS DRIVE PENROSE SINGAPORE 387396,5.166503889250989,47.0,3,4,0,8,9,1,2.0,0.0,0,1
THE ANTARES,1718000.0,882.65,1946.0,2021-11-01,82.0,20951.0,1.32541778538724,103.883403765337,23 MATTAR ROAD THE ANTARES SINGAPORE 387730,5.916441166611573,47.0,4,4,0,8,9,4,4.0,0.0,0,1
PENROSE,2010000.0,1173.28,1713.0,2021-11-01,109.0,18440.0,1.31948983025856,103.879994891095,22 SIMS DRIVE PENROSE SINGAPORE 387396,5.166503889250989,47.0,3,4,0,8,9,1,2.0,0.0,0,1
DAKOTA RESIDENCES,3000000.0,1829.88,1639.0,2021-11-01,170.0,17647.0,1.30637270876178,103.88708549006,34 DAKOTA CRESCENT DAKOTA RESIDENCES SINGAPORE 399936,4.7757251422267535,47.0,3,3,0,6,10,5,2.0,1.0,1,1
WATERBANK AT DAKOTA,2050000.0,1130.22,1814.0,2021-11-01,105.0,19524.0,1.30647833742136,103.888537197136,76 DAKOTA CRESCENT WATERBANK AT DAKOTA SINGAPORE 399944,4.918518965685704,47.0,3,3,0,5,10,6,3.0,1.0,1,1
# 1 SUITES,725000.0,710.42,1021.0,2021-11-01,66.0,10985.0,1.31239029325188,103.881504147527,1 LORONG 20 GEYLANG # 1 SUITES SINGAPORE 398721,4.699608709809529,47.0,3,3,0,8,9,2,1.0,1.0,0,1
GUILLEMARD EDGE,626000.0,409.03,1530.0,2021-11-01,38.0,16474.0,1.31200443744473,103.885949377155,38 LORONG 30 GEYLANG GUILLEMARD EDGE SINGAPORE 398371,5.041282413008211,47.0,4,4,1,7,11,5,1.0,1.0,0,1
TRE RESIDENCES,1100000.0,699.66,1572.0,2021-11-01,65.0,16923.0,1.3172278261209,103.885015905304,9 GEYLANG EAST AVENUE 1 TRE RESIDENCES SINGAPORE 389783,5.353082321074245,47.0,3,3,2,8,9,3,2.0,1.0,1,1
ASTOR,1070000.0,1087.16,984.0,2021-11-01,101.0,10594.0,1.32879593267373,103.912963648128,51C LENGKONG EMPAT ASTOR SINGAPORE 417660,8.55554984945014,47.0,3,1,0,2,7,14,2.0,1.0,0,2
THE WATER EDGE,650000.0,430.56,1510.0,2021-11-01,40.0,16250.0,1.31372105189031,103.888759579471,8 LORONG 38 GEYLANG THE WATER EDGE SINGAPORE 398106,5.4035924754809175,47.0,4,4,3,6,11,4,1.0,1.0,0,1
WATERBANK AT DAKOTA,1150000.0,624.31,1842.0,2021-11-01,58.0,19828.0,1.30647833742136,103.888537197136,76 DAKOTA CRESCENT WATERBANK AT DAKOTA SINGAPORE 399944,4.918518965685704,47.0,3,3,0,5,10,6,4.0,1.0,1,1
STARVILLE,1335000.0,1216.33,1098.0,2021-11-01,113.0,11814.0,1.32826483616522,103.912067534158,66 LENGKONG TIGA STARVILLE SINGAPORE 417471,8.44041551036464,47.0,3,1,0,2,7,15,1.0,1.0,1,2
NESS,800000.0,624.31,1281.0,2021-11-01,58.0,13793.0,1.31269794714045,103.886776844129,38 LORONG 32 GEYLANG NESS SINGAPORE 398298,5.1611183017097115,47.0,5,4,2,7,11,5,2.0,1.0,0,1
WING FONG COURT,900000.0,1065.64,845.0,2021-11-01,99.0,9091.0,1.31173462254903,103.87881521885,10 LORONG 14 GEYLANG WING FONG COURT SINGAPORE 398922,4.435996550952671,47.0,3,4,0,10,9,1,1.0,1.0,0,1
THE ANTARES,1715000.0,882.65,1943.0,2021-11-01,82.0,20915.0,1.32541778538724,103.883403765337,23 MATTAR ROAD THE ANTARES SINGAPORE 387730,5.916441166611573,47.0,4,4,0,8,9,4,4.0,0.0,0,1
PENROSE,1968000.0,1173.28,1677.0,2021-11-01,109.0,18055.0,1.31948983025856,103.879994891095,22 SIMS DRIVE PENROSE SINGAPORE 387396,5.166503889250989,47.0,3,4,0,8,9,1,1.0,0.0,0,1
PENROSE,2043000.0,1184.04,1725.0,2021-11-01,110.0,18573.0,1.31948983025856,103.879994891095,22 SIMS DRIVE PENROSE SINGAPORE 387396,5.166503889250989,47.0,3,4,0,8,9,1,1.0,0.0,0,1
SIMS GREEN,1520000.0,2152.8,706.0,2021-11-01,200.0,7600.0,1.31441038654771,103.884629689864,7 LORONG 27A GEYLANG SIMS GREEN SINGAPORE 388133,5.105957066325405,47.0,4,4,1,8,9,5,2.0,1.0,0,1
LE REVE,2500000.0,2421.9,1032.0,2021-11-01,225.0,11111.0,1.31868241486572,103.90610166475,27 KAMPONG EUNOS LE REVE SINGAPORE 417783,7.2919762495069005,47.0,2,2,0,1,13,14,,1.0,1,2
PENROSE,2030000.0,1184.04,1714.0,2021-11-01,110.0,18455.0,1.31948983025856,103.879994891095,22 SIMS DRIVE PENROSE SINGAPORE 387396,5.166503889250989,47.0,3,4,0,8,9,1,1.0,0.0,0,1
TEDGE,1921000.0,1237.86,1552.0,2021-11-01,115.0,16704.0,1.3180672677589,103.908811491066,328 CHANGI ROAD TEDGE SINGAPORE 419803,7.512024356099393,47.0,2,1,0,1,14,15,1.0,0.0,0,2
URBAN TREASURES,1298980.0,656.6,1879.0,2021-11-01,61.0,20230.0,1.32936720206385,103.905791323853,205 JALAN EUNOS URBAN TREASURES SINGAPORE 419535,7.966767145631702,47.0,2,0,0,2,6,11,1.0,0.0,1,2
WATERBANK AT DAKOTA,2000000.0,1130.22,1770.0,2021-11-01,105.0,19048.0,1.30647833742136,103.888537197136,76 DAKOTA CRESCENT WATERBANK AT DAKOTA SINGAPORE 399944,4.918518965685704,47.0,3,3,0,5,10,6,3.0,1.0,1,1
# 1 SUITES,660000.0,581.26,1135.0,2021-11-01,54.0,12222.0,1.31239029325188,103.881504147527,1 LORONG 20 GEYLANG # 1 SUITES SINGAPORE 398721,4.699608709809529,47.0,3,3,0,8,9,2,2.0,1.0,0,1
STARVILLE,1550000.0,1668.42,929.0,2021-11-01,155.0,10000.0,1.32826483616522,103.912067534158,66 LENGKONG TIGA STARVILLE SINGAPORE 417471,8.44041551036464,47.0,3,1,0,2,7,15,1.0,1.0,1,2
THE ANTARES,1696000.0,882.65,1921.0,2021-11-01,82.0,20683.0,1.32541778538724,103.883403765337,23 MATTAR ROAD THE ANTARES SINGAPORE 387730,5.916441166611573,47.0,4,4,0,8,9,4,3.0,0.0,0,1
PENROSE,2085000.0,1184.04,1761.0,2021-11-01,110.0,18955.0,1.31948983025856,103.879994891095,22 SIMS DRIVE PENROSE SINGAPORE 387396,5.166503889250989,47.0,3,4,0,8,9,1,3.0,0.0,0,1
EUHABITAT,635000.0,516.67,1229.0,2021-11-01,48.0,13229.0,1.32795415126263,103.9070014142,196 JALAN EUNOS EUHABITAT SINGAPORE 419542,7.971961203569236,47.0,2,2,0,2,6,15,1.0,1.0,1,2
VACANZA @ EAST,640000.0,484.38,1321.0,2021-11-01,45.0,14222.0,1.32901984483655,103.914196223923,36 LENGKONG TUJOH VACANZA @ EAST SINGAPORE 417391,8.680985857703446,47.0,3,1,0,2,8,12,2.0,1.0,1,2
THE ANTARES,2352000.0,1367.03,1721.0,2021-11-01,127.0,18520.0,1.32541778538724,103.883403765337,23 MATTAR ROAD THE ANTARES SINGAPORE 387730,5.916441166611573,47.0,4,4,0,8,9,4,2.0,0.0,0,1
THE ANTARES,1668000.0,882.65,1890.0,2021-11-01,82.0,20341.0,1.32541778538724,103.883403765337,23 MATTAR ROAD THE ANTARES SINGAPORE 387730,5.916441166611573,47.0,4,4,0,8,9,4,1.0,0.0,0,1
THE ANTARES,1671000.0,882.65,1893.0,2021-11-01,82.0,20378.0,1.32541778538724,103.883403765337,23 MATTAR ROAD THE ANTARES SINGAPORE 387730,5.916441166611573,47.0,4,4,0,8,9,4,3.0,0.0,0,1
COSMO,645000.0,398.27,1620.0,2021-11-01,37.0,17432.0,1.30957643997194,103.881039620932,18 GUILLEMARD CRESCENT COSMO SINGAPORE 399914,4.451122722705213,47.0,4,4,1,9,9,1,1.0,1.0,0,1
THE WATER EDGE,680000.0,462.85,1469.0,2021-11-01,43.0,15814.0,1.31372105189031,103.888759579471,8 LORONG 38 GEYLANG THE WATER EDGE SINGAPORE 398106,5.4035924754809175,47.0,4,4,3,6,11,4,1.0,1.0,0,1
SIMS URBAN OASIS,1620000.0,1033.34,1568.0,2021-11-01,96.0,16875.0,1.31926710475553,103.880615863782,6 SIMS DRIVE SIMS URBAN OASIS SINGAPORE 387388,5.190897370243519,47.0,3,4,0,8,9,1,1.0,1.0,1,1
TEDGE,1775660.0,1097.93,1617.0,2021-11-01,102.0,17408.0,1.3180672677589,103.908811491066,328 CHANGI ROAD TEDGE SINGAPORE 419803,7.512024356099393,47.0,2,1,0,1,14,15,1.0,0.0,0,2
THE LENOX,752000.0,538.2,1397.0,2021-11-01,50.0,15040.0,1.31824376273926,103.911351165333,396 CHANGI ROAD THE LENOX SINGAPORE 415899,7.765250446888848,47.0,2,1,0,2,13,15,1.0,1.0,0,2
SIMSVILLE,1395000.0,1237.86,1127.0,2021-11-01,115.0,12130.0,1.31703114737635,103.890499582849,2 GEYLANG EAST AVENUE 2 SIMSVILLE SINGAPORE 389754,5.786575389274496,47.0,4,4,3,6,12,4,2.0,1.0,1,1
LE REGAL,800000.0,764.24,1047.0,2021-11-01,71.0,11268.0,1.31250268727998,103.880368117228,340 GEYLANG ROAD LE REGAL SINGAPORE 389365,4.61788023094977,47.0,2,3,0,9,10,1,1.0,1.0,0,1
URBAN TREASURES,1089800.0,516.67,2109.0,2021-11-01,48.0,22704.0,1.32936720206385,103.905791323853,205 JALAN EUNOS URBAN TREASURES SINGAPORE 419535,7.966767145631702,47.0,2,0,0,2,6,11,3.0,0.0,1,2
NOMA,1972888.0,1334.74,1478.0,2021-11-01,124.0,15910.0,1.31161656190118,103.885373542152,333 GUILLEMARD ROAD NOMA SINGAPORE 399758,4.964558828553237,47.0,3,3,1,7,11,5,2.0,0.0,0,1
GUILLEMARD SUITES,780000.0,559.73,1394.0,2021-11-01,52.0,15000.0,1.31094521852726,103.882721097721,213 GUILLEMARD ROAD GUILLEMARD SUITES SINGAPORE 399733,4.691609257032653,47.0,3,4,0,8,9,3,1.0,1.0,0,1
SIMS POINT,1190000.0,1227.1,970.0,2021-11-01,114.0,10439.0,1.31312217027915,103.879474779,4 LORONG 19 GEYLANG SIMS POINT SINGAPORE 388489,4.597436366415851,47.0,3,4,0,10,9,1,2.0,1.0,0,1
ASTON MANSIONS,1200000.0,1227.1,978.0,2021-11-01,114.0,10526.0,1.31393251470132,103.890612644048,7 LORONG 42 GEYLANG ASTON MANSIONS SINGAPORE 398028,5.57978728565853,47.0,4,4,3,5,12,6,1.0,1.0,0,1
THE TRUMPS,850000.0,613.55,1385.0,2021-11-01,57.0,14912.0,1.32002610262337,103.91348728953,1 JALAN KEMBANGAN THE TRUMPS SINGAPORE 419154,8.069943599460245,47.0,1,0,0,2,12,18,1.0,1.0,1,2
THE WATERINA,1630000.0,1130.22,1442.0,2021-11-01,105.0,15524.0,1.3132821071538,103.89085032363,59 LORONG 40 GEYLANG THE WATERINA SINGAPORE 398082,5.55708137380416,47.0,4,4,3,5,12,5,1.0,1.0,0,1
LA BRISA,608888.0,409.03,1489.0,2021-11-01,38.0,16023.0,1.31190419143627,103.885369365155,50 LORONG 28 GEYLANG LA BRISA SINGAPORE 398453,4.984533537431171,47.0,4,4,1,7,11,5,1.0,1.0,0,1
THE LATTIZ,1268888.0,1173.28,1081.0,2021-11-01,109.0,11641.0,1.32423180591114,103.906234493187,3D LORONG SALLEH THE LATTIZ SINGAPORE 416751,7.653305530124327,47.0,2,1,0,1,6,13,1.0,1.0,0,2
SIMS URBAN OASIS,1250000.0,785.77,1591.0,2021-11-01,73.0,17123.0,1.31926710475553,103.880615863782,6 SIMS DRIVE SIMS URBAN OASIS SINGAPORE 387388,5.190897370243519,47.0,3,4,0,8,9,1,3.0,1.0,1,1
EUHABITAT,678600.0,516.67,1313.0,2021-11-01,48.0,14138.0,1.32795415126263,103.9070014142,196 JALAN EUNOS EUHABITAT SINGAPORE 419542,7.971961203569236,47.0,2,2,0,2,6,15,1.0,1.0,1,2
WATERBANK AT DAKOTA,1310000.0,882.65,1484.0,2021-11-01,82.0,15976.0,1.30647833742136,103.888537197136,76 DAKOTA CRESCENT WATERBANK AT DAKOTA SINGAPORE 399944,4.918518965685704,47.0,3,3,0,5,10,6,1.0,1.0,1,1
PENANG SERVICE APARTMENTS,1003888.0,1011.82,992.0,2021-11-01,94.0,10680.0,1.31336434016643,103.887597407486,16 LORONG 34 GEYLANG PENANG SERVICE APARTMENTS SINGAPORE 398213,5.278453845984745,47.0,5,4,2,7,11,5,2.0,1.0,0,1
MELOSA,598000.0,430.56,1389.0,2021-11-01,40.0,14950.0,1.31253733235708,103.885402784916,28 LORONG 28 GEYLANG MELOSA SINGAPORE 398432,5.032539138387234,47.0,4,4,1,7,11,4,1.0,1.0,0,1
IDYLLIC SUITES,800000.0,581.26,1376.0,2021-11-01,54.0,14815.0,1.31285080910896,103.886497625764,21 LORONG 30 GEYLANG IDYLLIC SUITES SINGAPORE 398353,5.1480043421598065,47.0,5,4,2,7,11,5,2.0,1.0,0,1
GUILLEMARD EDGE,700000.0,441.32,1586.0,2021-11-01,41.0,17073.0,1.31200443744473,103.885949377155,38 LORONG 30 GEYLANG GUILLEMARD EDGE SINGAPORE 398371,5.041282413008211,47.0,4,4,1,7,11,5,1.0,1.0,0,1
GUILLEMARD EDGE,930000.0,602.78,1543.0,2021-11-01,56.0,16607.0,1.31200443744473,103.885949377155,38 LORONG 30 GEYLANG GUILLEMARD EDGE SINGAPORE 398371,5.041282413008211,47.0,4,4,1,7,11,5,2.0,1.0,0,1
SIMSVILLE,1380000.0,1248.62,1105.0,2021-11-01,116.0,11897.0,1.31703114737635,103.890499582849,2 GEYLANG EAST AVENUE 2 SIMSVILLE SINGAPORE 389754,5.786575389274496,47.0,4,4,3,6,12,4,1.0,1.0,1,1
REZI 26,1000888.0,796.54,1257.0,2021-11-01,74.0,13526.0,1.31277485329606,103.885104634024,5 LORONG 26 GEYLANG REZI 26 SINGAPORE 398480,5.024511275001018,47.0,4,4,1,7,11,4,1.0,1.0,0,1
LE CRESCENDO,1950000.0,1453.14,1342.0,2021-11-01,135.0,14444.0,1.33049714674003,103.888409268781,233 PAYA LEBAR ROAD LE CRESCENDO SINGAPORE 409044,6.701977813091088,47.0,4,3,0,6,9,4,1.0,1.0,1,1
TEDGE,1669000.0,947.23,1762.0,2021-11-01,88.0,18966.0,1.3180672677589,103.908811491066,328 CHANGI ROAD TEDGE SINGAPORE 419803,7.512024356099393,47.0,2,1,0,1,14,15,1.0,0.0,0,2
CENTRAL GROVE,1500000.0,1216.33,1233.0,2021-11-01,113.0,13274.0,1.31623494982413,103.884417981377,3 GEYLANG EAST AVENUE 1 CENTRAL GROVE SINGAPORE 389779,5.228491443172765,47.0,4,5,1,8,9,3,3.0,1.0,1,1
PAVILION SQUARE,540000.0,398.27,1356.0,2021-11-01,37.0,14595.0,1.31297800060859,103.879770800217,345 GEYLANG ROAD PAVILION SQUARE SINGAPORE 389366,4.608727400946871,47.0,3,4,0,10,10,1,1.0,1.0,0,1
THE TRUMPS,940000.0,699.66,1344.0,2021-11-01,65.0,14462.0,1.32002610262337,103.91348728953,1 JALAN KEMBANGAN THE TRUMPS SINGAPORE 419154,8.069943599460245,47.0,1,0,0,2,12,18,4.0,1.0,1,2
THE WATER EDGE,588000.0,398.27,1476.0,2021-11-01,37.0,15892.0,1.31372105189031,103.888759579471,8 LORONG 38 GEYLANG THE WATER EDGE SINGAPORE 398106,5.4035924754809175,47.0,4,4,3,6,11,4,1.0,1.0,0,1
PARK 1 SUITES,1422800.0,1097.93,1296.0,2021-11-01,102.0,13949.0,1.31404268792091,103.889347045446,8 LORONG 40 GEYLANG PARK 1 SUITES SINGAPORE 398054,5.476811645969878,47.0,4,4,3,6,11,4,1.0,1.0,0,1
THE ANTARES,1537000.0,861.12,1785.0,2021-11-01,80.0,19213.0,1.32541778538724,103.883403765337,23 MATTAR ROAD THE ANTARES SINGAPORE 387730,5.916441166611573,47.0,4,4,0,8,9,4,4.0,0.0,0,1
PENROSE,1999000.0,1184.04,1688.0,2021-11-01,110.0,18173.0,1.31948983025856,103.879994891095,22 SIMS DRIVE PENROSE SINGAPORE 387396,5.166503889250989,47.0,3,4,0,8,9,1,3.0,0.0,0,1
THE ANTARES,1537000.0,861.12,1785.0,2021-11-01,80.0,19213.0,1.32541778538724,103.883403765337,23 MATTAR ROAD THE ANTARES SINGAPORE 387730,5.916441166611573,47.0,4,4,0,8,9,4,4.0,0.0,0,1
THE ANTARES,2253000.0,1367.03,1648.0,2021-11-01,127.0,17740.0,1.32541778538724,103.883403765337,23 MATTAR ROAD THE ANTARES SINGAPORE 387730,5.916441166611573,47.0,4,4,0,8,9,4,4.0,0.0,0,1
# 1 LOFT,685000.0,559.73,1224.0,2021-11-01,52.0,13173.0,1.31276346405244,103.883518875617,1 LORONG 24 GEYLANG # 1 LOFT SINGAPORE 398614,4.891716160848941,47.0,3,4,0,8,9,2,2.0,1.0,0,1
URBAN TREASURES,1281640.0,635.08,2018.0,2021-11-01,59.0,21723.0,1.32936720206385,103.905791323853,205 JALAN EUNOS URBAN TREASURES SINGAPORE 419535,7.966767145631702,47.0,2,0,0,2,6,11,2.0,0.0,1,2
QUBE SUITES,638000.0,430.56,1482.0,2021-11-01,40.0,15950.0,1.32987209553022,103.908123975446,24 JALAN PUNAI QUBE SUITES SINGAPORE 418804,8.202337725386041,47.0,2,1,0,2,5,14,1.0,1.0,0,2
SUITES @ SIMS,795000.0,602.78,1319.0,2021-11-01,56.0,14196.0,1.3157472607643,103.887188203157,468 SIMS AVENUE SUITES @ SIMS SINGAPORE 387544,5.415897782797746,47.0,4,6,3,7,11,4,1.0,1.0,0,1
PARC ESTA,1057000.0,527.44,2004.0,2021-11-01,49.0,21571.0,1.31786521916555,103.903967184717,904 SIMS AVENUE PARC ESTA SINGAPORE 408968,7.043509290403673,47.0,1,4,0,1,13,16,1.0,0.0,0,1
TREASURES@G19,548000.0,376.74,1455.0,2021-11-01,35.0,15657.0,1.3139281583716,103.87898672052,33 LORONG 19 GEYLANG TREASURES@G19 SINGAPORE 388502,4.625661126897555,47.0,3,4,0,10,9,0,1.0,1.0,0,1
COSMO,645000.0,419.8,1536.0,2021-11-01,39.0,16538.0,1.30957643997194,103.881039620932,18 GUILLEMARD CRESCENT COSMO SINGAPORE 399914,4.451122722705213,47.0,4,4,1,9,9,1,1.0,1.0,0,1
THE ANTARES,1367000.0,882.65,1549.0,2021-10-01,82.0,16671.0,1.32541778538724,103.883403765337,23 MATTAR ROAD THE ANTARES SINGAPORE 387730,5.916441166611573,48.0,4,4,0,8,9,4,1.0,0.0,0,1
REZI 24,1834600.0,1184.04,1549.0,2021-10-01,110.0,16678.0,1.31156422500946,103.883576001591,39 LORONG 24 GEYLANG REZI 24 SINGAPORE 398636,4.808294965951603,48.0,3,3,0,8,10,4,1.0,0.0,0,1
SIMS URBAN OASIS,1668000.0,1033.34,1614.0,2021-10-01,96.0,17375.0,1.31926710475553,103.880615863782,6 SIMS DRIVE SIMS URBAN OASIS SINGAPORE 387388,5.190897370243519,48.0,3,4,0,8,9,1,1.0,1.0,1,1
PENROSE,2300000.0,1388.56,1656.0,2021-10-01,129.0,17829.0,1.31948983025856,103.879994891095,22 SIMS DRIVE PENROSE SINGAPORE 387396,5.166503889250989,48.0,3,4,0,8,9,1,2.0,0.0,0,1
PENROSE,1951000.0,1184.04,1648.0,2021-10-01,110.0,17736.0,1.31948983025856,103.879994891095,22 SIMS DRIVE PENROSE SINGAPORE 387396,5.166503889250989,48.0,3,4,0,8,9,1,2.0,0.0,0,1
PENROSE,2356000.0,1388.56,1697.0,2021-10-01,129.0,18264.0,1.31948983025856,103.879994891095,22 SIMS DRIVE PENROSE SINGAPORE 387396,5.166503889250989,48.0,3,4,0,8,9,1,4.0,0.0,0,1
PENROSE,1993000.0,1184.04,1683.0,2021-10-01,110.0,18118.0,1.31948983025856,103.879994891095,22 SIMS DRIVE PENROSE SINGAPORE 387396,5.166503889250989,48.0,3,4,0,8,9,1,4.0,0.0,0,1
PENROSE,2301000.0,1388.56,1657.0,2021-10-01,129.0,17837.0,1.31948983025856,103.879994891095,22 SIMS DRIVE PENROSE SINGAPORE 387396,5.166503889250989,48.0,3,4,0,8,9,1,3.0,0.0,0,1
PENROSE,2012000.0,1184.04,1699.0,2021-10-01,110.0,18291.0,1.31948983025856,103.879994891095,22 SIMS DRIVE PENROSE SINGAPORE 387396,5.166503889250989,48.0,3,4,0,8,9,1,1.0,0.0,0,1
SIMS URBAN OASIS,758000.0,462.85,1638.0,2021-10-01,43.0,17628.0,1.31926710475553,103.880615863782,6 SIMS DRIVE SIMS URBAN OASIS SINGAPORE 387388,5.190897370243519,48.0,3,4,0,8,9,1,3.0,1.0,1,1
WING FONG MANSIONS,1000000.0,1130.22,885.0,2021-10-01,105.0,9524.0,1.31057552074486,103.879078933752,12 LORONG 14 GEYLANG WING FONG MANSIONS SINGAPORE 398924,4.366074173360566,48.0,4,4,1,10,9,1,1.0,1.0,0,1
ASTON MANSIONS,1150000.0,1227.1,937.0,2021-10-01,114.0,10088.0,1.31393251470132,103.890612644048,7 LORONG 42 GEYLANG ASTON MANSIONS SINGAPORE 398028,5.57978728565853,48.0,4,4,3,5,12,6,1.0,1.0,0,1
URBAN TREASURES,2461230.0,1270.15,1938.0,2021-10-01,118.0,20858.0,1.32936720206385,103.905791323853,205 JALAN EUNOS URBAN TREASURES SINGAPORE 419535,7.966767145631702,48.0,2,0,0,2,6,11,2.0,0.0,1,2
URBAN TREASURES,2477560.0,1270.15,1951.0,2021-10-01,118.0,20996.0,1.32936720206385,103.905791323853,205 JALAN EUNOS URBAN TREASURES SINGAPORE 419535,7.966767145631702,48.0,2,0,0,2,6,11,3.0,0.0,1,2
URBAN TREASURES,2485720.0,1270.15,1957.0,2021-10-01,118.0,21065.0,1.32936720206385,103.905791323853,205 JALAN EUNOS URBAN TREASURES SINGAPORE 419535,7.966767145631702,48.0,2,0,0,2,6,11,3.0,0.0,1,2
WING FONG MANSIONS,980000.0,1130.22,867.0,2021-10-01,105.0,9333.0,1.31057552074486,103.879078933752,12 LORONG 14 GEYLANG WING FONG MANSIONS SINGAPORE 398924,4.366074173360566,48.0,4,4,1,10,9,1,1.0,1.0,0,1
SIMS URBAN OASIS,758000.0,441.32,1718.0,2021-10-01,41.0,18488.0,1.31926710475553,103.880615863782,6 SIMS DRIVE SIMS URBAN OASIS SINGAPORE 387388,5.190897370243519,48.0,3,4,0,8,9,1,2.0,1.0,1,1
PENROSE,2266000.0,1388.56,1632.0,2021-10-01,129.0,17566.0,1.31948983025856,103.879994891095,22 SIMS DRIVE PENROSE SINGAPORE 387396,5.166503889250989,48.0,3,4,0,8,9,1,1.0,0.0,0,1
PENROSE,2079000.0,1184.04,1756.0,2021-10-01,110.0,18900.0,1.31948983025856,103.879994891095,22 SIMS DRIVE PENROSE SINGAPORE 387396,5.166503889250989,48.0,3,4,0,8,9,1,3.0,0.0,0,1
WATERBANK AT DAKOTA,798000.0,484.38,1647.0,2021-10-01,45.0,17733.0,1.30647833742136,103.888537197136,76 DAKOTA CRESCENT WATERBANK AT DAKOTA SINGAPORE 399944,4.918518965685704,48.0,3,3,0,5,10,6,3.0,1.0,1,1
GROSVENOR VIEW,1656000.0,1313.21,1261.0,2021-10-01,122.0,13574.0,1.32768795196418,103.911844825065,3 LENGKONG EMPAT GROSVENOR VIEW SINGAPORE 417611,8.382712261708466,48.0,2,1,0,2,7,16,2.0,1.0,1,2
CENTRA STUDIOS,605000.0,344.45,1756.0,2021-10-01,32.0,18906.0,1.31444000148435,103.882324003158,25 LORONG 25 GEYLANG CENTRA STUDIOS SINGAPORE 388302,4.923274977554681,48.0,3,4,0,8,9,2,2.0,1.0,0,1
SIMS URBAN OASIS,715000.0,409.03,1748.0,2021-10-01,38.0,18816.0,1.31926710475553,103.880615863782,6 SIMS DRIVE SIMS URBAN OASIS SINGAPORE 387388,5.190897370243519,48.0,3,4,0,8,9,1,4.0,1.0,1,1
URBAN TREASURES,1695920.0,882.65,1825.0,2021-10-01,82.0,19648.0,1.32936720206385,103.905791323853,205 JALAN EUNOS URBAN TREASURES SINGAPORE 419535,7.966767145631702,48.0,2,0,0,2,6,11,1.0,0.0,1,2
TRE RESIDENCES,1450000.0,947.23,1531.0,2021-10-01,88.0,16477.0,1.3172278261209,103.885015905304,9 GEYLANG EAST AVENUE 1 TRE RESIDENCES SINGAPORE 389783,5.353082321074245,48.0,3,3,2,8,9,3,2.0,1.0,1,1
CRYSTAL DEW,1510000.0,1474.67,1024.0,2021-10-01,137.0,11022.0,1.316014588469,103.885305865351,10 GEYLANG EAST AVENUE 1 CRYSTAL DEW SINGAPORE 389781,5.282365976214423,48.0,4,5,2,8,9,4,2.0,1.0,0,1
SIMS URBAN OASIS,1700000.0,1033.34,1645.0,2021-10-01,96.0,17708.0,1.31926710475553,103.880615863782,6 SIMS DRIVE SIMS URBAN OASIS SINGAPORE 387388,5.190897370243519,48.0,3,4,0,8,9,1,2.0,1.0,1,1
SIMS URBAN OASIS,1580000.0,958.0,1649.0,2021-10-01,89.0,17753.0,1.31926710475553,103.880615863782,6 SIMS DRIVE SIMS URBAN OASIS SINGAPORE 387388,5.190897370243519,48.0,3,4,0,8,9,1,2.0,1.0,1,1
PENROSE,1933000.0,1184.04,1633.0,2021-10-01,110.0,17573.0,1.31948983025856,103.879994891095,22 SIMS DRIVE PENROSE SINGAPORE 387396,5.166503889250989,48.0,3,4,0,8,9,1,2.0,0.0,0,1
EUHABITAT,695000.0,538.2,1291.0,2021-10-01,50.0,13900.0,1.32795415126263,103.9070014142,196 JALAN EUNOS EUHABITAT SINGAPORE 419542,7.971961203569236,48.0,2,2,0,2,6,15,1.0,1.0,1,2
ROYCE RESIDENCES,545000.0,419.8,1298.0,2021-10-01,39.0,13974.0,1.31128760423171,103.876285896427,8 LORONG 6 GEYLANG ROYCE RESIDENCES SINGAPORE 399242,4.207479298686135,48.0,4,3,1,10,8,2,2.0,1.0,0,1
REZI 26,660000.0,484.38,1363.0,2021-10-01,45.0,14667.0,1.31277485329606,103.885104634024,5 LORONG 26 GEYLANG REZI 26 SINGAPORE 398480,5.024511275001018,48.0,4,4,1,7,11,4,2.0,1.0,0,1
M SUITES,1748888.0,1044.11,1675.0,2021-10-01,97.0,18030.0,1.32330751911211,103.909620521884,65 LORONG MELAYU M SUITES SINGAPORE 416952,7.901043793350142,48.0,2,1,0,2,9,16,1.0,0.0,0,2
THE ANTARES,1361250.0,882.65,1542.0,2021-10-01,82.0,16601.0,1.32541778538724,103.883403765337,23 MATTAR ROAD THE ANTARES SINGAPORE 387730,5.916441166611573,48.0,4,4,0,8,9,4,1.0,0.0,0,1
MILLAGE,1168000.0,947.23,1233.0,2021-10-01,88.0,13273.0,1.38854656229022,103.987804503483,1 CHANGI VILLAGE ROAD SINGAPORE 500001,19.183455237444974,48.0,0,1,0,0,0,5,2.0,1.0,0,1
WATERBANK AT DAKOTA,1975000.0,1184.04,1668.0,2021-10-01,110.0,17955.0,1.30647833742136,103.888537197136,76 DAKOTA CRESCENT WATERBANK AT DAKOTA SINGAPORE 399944,4.918518965685704,48.0,3,3,0,5,10,6,3.0,1.0,1,1
D' CASITA,2060000.0,1851.41,1113.0,2021-10-01,172.0,11977.0,1.32189602855264,103.909352749897,38 LORONG MARZUKI D' CASITA SINGAPORE 417104,7.789202468309825,48.0,2,1,0,2,10,15,1.0,1.0,0,2
THE ANTARES,2283000.0,1367.03,1670.0,2021-10-01,127.0,17976.0,1.32541778538724,103.883403765337,23 MATTAR ROAD THE ANTARES SINGAPORE 387730,5.916441166611573,48.0,4,4,0,8,9,4,1.0,0.0,0,1
TEDGE,1750317.0,1076.4,1626.0,2021-10-01,100.0,17503.0,1.3180672677589,103.908811491066,328 CHANGI ROAD TEDGE SINGAPORE 419803,7.512024356099393,48.0,2,1,0,1,14,15,1.0,0.0,0,2
SIMS URBAN OASIS,1938000.0,1205.57,1608.0,2021-10-01,112.0,17304.0,1.31926710475553,103.880615863782,6 SIMS DRIVE SIMS URBAN OASIS SINGAPORE 387388,5.190897370243519,48.0,3,4,0,8,9,1,3.0,1.0,1,1
# 1 SUITES,780000.0,818.06,953.0,2021-10-01,76.0,10263.0,1.31239029325188,103.881504147527,1 LORONG 20 GEYLANG # 1 SUITES SINGAPORE 398721,4.699608709809529,48.0,3,3,0,8,9,2,1.0,1.0,0,1
EUHABITAT,693000.0,559.73,1238.0,2021-10-01,52.0,13327.0,1.32795415126263,103.9070014142,196 JALAN EUNOS EUHABITAT SINGAPORE 419542,7.971961203569236,48.0,2,2,0,2,6,15,1.0,1.0,1,2
KINGSTON TERRACE,1370000.0,1323.97,1035.0,2021-10-01,123.0,11138.0,1.31988333946031,103.91286258641,14D JALAN MASJID KINGSTON TERRACE SINGAPORE 418935,8.002052207143242,48.0,1,1,0,2,12,18,1.0,1.0,0,2
STARVILLE,1606668.0,1754.53,916.0,2021-10-01,163.0,9857.0,1.32826483616522,103.912067534158,66 LENGKONG TIGA STARVILLE SINGAPORE 417471,8.44041551036464,48.0,3,1,0,2,7,15,1.0,1.0,1,2
TRE RESIDENCES,1500000.0,947.23,1584.0,2021-10-01,88.0,17045.0,1.3172278261209,103.885015905304,9 GEYLANG EAST AVENUE 1 TRE RESIDENCES SINGAPORE 389783,5.353082321074245,48.0,3,3,2,8,9,3,2.0,1.0,1,1
THE ANTARES,1450000.0,828.83,1749.0,2021-10-01,77.0,18831.0,1.32541778538724,103.883403765337,23 MATTAR ROAD THE ANTARES SINGAPORE 387730,5.916441166611573,48.0,4,4,0,8,9,4,4.0,0.0,0,1
THE ANTARES,1605000.0,882.65,1818.0,2021-10-01,82.0,19573.0,1.32541778538724,103.883403765337,23 MATTAR ROAD THE ANTARES SINGAPORE 387730,5.916441166611573,48.0,4,4,0,8,9,4,1.0,0.0,0,1
THE ANTARES,1337000.0,882.65,1515.0,2021-10-01,82.0,16305.0,1.32541778538724,103.883403765337,23 MATTAR ROAD THE ANTARES SINGAPORE 387730,5.916441166611573,48.0,4,4,0,8,9,4,1.0,0.0,0,1
GUILLEMARD EDGE,795000.0,861.12,923.0,2021-10-01,80.0,9938.0,1.31200443744473,103.885949377155,38 LORONG 30 GEYLANG GUILLEMARD EDGE SINGAPORE 398371,5.041282413008211,48.0,4,4,1,7,11,5,2.0,1.0,0,1
VACANZA @ EAST,732000.0,559.73,1308.0,2021-10-01,52.0,14077.0,1.32901984483655,103.914196223923,36 LENGKONG TUJOH VACANZA @ EAST SINGAPORE 417391,8.680985857703446,48.0,3,1,0,2,8,12,3.0,1.0,1,2
EUHABITAT,765000.0,613.55,1247.0,2021-10-01,57.0,13421.0,1.32795415126263,103.9070014142,196 JALAN EUNOS EUHABITAT SINGAPORE 419542,7.971961203569236,48.0,2,2,0,2,6,15,1.0,1.0,1,2
GUILLEMARD EDGE,618000.0,409.03,1511.0,2021-10-01,38.0,16263.0,1.31200443744473,103.885949377155,38 LORONG 30 GEYLANG GUILLEMARD EDGE SINGAPORE 398371,5.041282413008211,48.0,4,4,1,7,11,5,1.0,1.0,0,1
VACANZA @ EAST,1330000.0,1022.58,1301.0,2021-10-01,95.0,14000.0,1.32901984483655,103.914196223923,36 LENGKONG TUJOH VACANZA @ EAST SINGAPORE 417391,8.680985857703446,48.0,3,1,0,2,8,12,2.0,1.0,1,2
THE ALCOVE,975000.0,1065.64,915.0,2021-10-01,99.0,9848.0,1.31400655260741,103.884015328938,10 LORONG 27 GEYLANG THE ALCOVE SINGAPORE 388199,5.025483913717779,48.0,4,4,0,8,9,4,2.0,1.0,0,1
SINGA HILLS,1100000.0,828.83,1327.0,2021-10-01,77.0,14286.0,1.33013262911561,103.908284993545,33 JALAN SINGA SINGA HILLS SINGAPORE 418109,8.234437338266625,48.0,1,1,0,2,5,13,1.0,1.0,0,2
TRE RESIDENCES,1500000.0,947.23,1584.0,2021-10-01,88.0,17045.0,1.3172278261209,103.885015905304,9 GEYLANG EAST AVENUE 1 TRE RESIDENCES SINGAPORE 389783,5.353082321074245,48.0,3,3,2,8,9,3,3.0,1.0,1,1
TEDGE,1586000.0,947.23,1674.0,2021-10-01,88.0,18023.0,1.3180672677589,103.908811491066,328 CHANGI ROAD TEDGE SINGAPORE 419803,7.512024356099393,48.0,2,1,0,1,14,15,1.0,0.0,0,2
SIMS URBAN OASIS,770000.0,462.85,1664.0,2021-10-01,43.0,17907.0,1.31926710475553,103.880615863782,6 SIMS DRIVE SIMS URBAN OASIS SINGAPORE 387388,5.190897370243519,48.0,3,4,0,8,9,1,2.0,1.0,1,1
THE ANTARES,988000.0,602.78,1639.0,2021-10-01,56.0,17643.0,1.32541778538724,103.883403765337,23 MATTAR ROAD THE ANTARES SINGAPORE 387730,5.916441166611573,48.0,4,4,0,8,9,4,1.0,0.0,0,1
SIMS MEADOWS,1100000.0,1076.4,1022.0,2021-10-01,100.0,11000.0,1.31481342923106,103.888046887621,8 LORONG 33 GEYLANG SIMS MEADOWS SINGAPORE 387977,5.419751008298904,48.0,4,4,3,7,11,4,1.0,1.0,0,1
THE SUNNY SPRING,1630000.0,1593.07,1023.0,2021-10-01,148.0,11014.0,1.31219203070087,103.889464697147,50 LORONG 40 GEYLANG THE SUNNY SPRING SINGAPORE 398074,5.3613842782215055,48.0,4,4,3,6,11,5,1.0,1.0,0,1
WING FONG MANSIONS,1050000.0,1237.86,848.0,2021-10-01,115.0,9130.0,1.31057552074486,103.879078933752,12 LORONG 14 GEYLANG WING FONG MANSIONS SINGAPORE 398924,4.366074173360566,48.0,4,4,1,10,9,1,1.0,1.0,0,1
WATERBANK AT DAKOTA,2220000.0,1280.92,1733.0,2021-10-01,119.0,18655.0,1.30647833742136,103.888537197136,76 DAKOTA CRESCENT WATERBANK AT DAKOTA SINGAPORE 399944,4.918518965685704,48.0,3,3,0,5,10,6,4.0,1.0,1,1
ASTORIA PARK,1250000.0,1194.8,1046.0,2021-10-01,111.0,11261.0,1.32177770499303,103.91225216665,34 LORONG MYDIN ASTORIA PARK SINGAPORE 416827,8.053226885077692,48.0,1,1,0,2,12,17,2.0,1.0,1,2
SIMS URBAN OASIS,1500000.0,958.0,1566.0,2021-10-01,89.0,16854.0,1.31926710475553,103.880615863782,6 SIMS DRIVE SIMS URBAN OASIS SINGAPORE 387388,5.190897370243519,48.0,3,4,0,8,9,1,2.0,1.0,1,1
THE ANTARES,2294000.0,1367.03,1678.0,2021-10-01,127.0,18063.0,1.32541778538724,103.883403765337,23 MATTAR ROAD THE ANTARES SINGAPORE 387730,5.916441166611573,48.0,4,4,0,8,9,4,1.0,0.0,0,1
THE ANTARES,1450000.0,828.83,1749.0,2021-10-01,77.0,18831.0,1.32541778538724,103.883403765337,23 MATTAR ROAD THE ANTARES SINGAPORE 387730,5.916441166611573,48.0,4,4,0,8,9,4,4.0,0.0,0,1
CENTRA STUDIOS,570000.0,376.74,1513.0,2021-10-01,35.0,16286.0,1.31444000148435,103.882324003158,25 LORONG 25 GEYLANG CENTRA STUDIOS SINGAPORE 388302,4.923274977554681,48.0,3,4,0,8,9,2,1.0,1.0,0,1
CENTRA RESIDENCE,625000.0,452.09,1382.0,2021-10-01,42.0,14881.0,1.312846209179,103.875936321332,8 LORONG 7 GEYLANG CENTRA RESIDENCE SINGAPORE 388792,4.311991373002679,48.0,2,2,0,10,8,1,2.0,1.0,0,1
SIMS GREEN,1220000.0,1237.86,986.0,2021-10-01,115.0,10609.0,1.31441038654771,103.884629689864,7 LORONG 27A GEYLANG SIMS GREEN SINGAPORE 388133,5.105957066325405,48.0,4,4,1,8,9,5,1.0,1.0,0,1
THE HELICONIA,1370000.0,1313.21,1043.0,2021-10-01,122.0,11230.0,1.32635294484067,103.908900244938,30 JALAN DAUD THE HELICONIA SINGAPORE 419572,8.031320801555648,48.0,3,2,0,2,7,16,1.0,1.0,1,2
ASTOR,825000.0,871.88,946.0,2021-10-01,81.0,10185.0,1.32879593267373,103.912963648128,51C LENGKONG EMPAT ASTOR SINGAPORE 417660,8.55554984945014,48.0,3,1,0,2,7,14,1.0,1.0,0,2
GEYLANG HERITAGE,1140000.0,1173.28,972.0,2021-10-01,109.0,10459.0,1.31277798791187,103.88765159438,34 LORONG 34 GEYLANG GEYLANG HERITAGE SINGAPORE 398231,5.242143302878638,48.0,5,4,2,7,11,6,2.0,1.0,0,1
STARVILLE,745000.0,538.2,1384.0,2021-10-01,50.0,14900.0,1.32826483616522,103.912067534158,66 LENGKONG TIGA STARVILLE SINGAPORE 417471,8.44041551036464,48.0,3,1,0,2,7,15,2.0,1.0,1,2
WATERBANK AT DAKOTA,2048000.0,1173.28,1746.0,2021-10-01,109.0,18789.0,1.30647833742136,103.888537197136,76 DAKOTA CRESCENT WATERBANK AT DAKOTA SINGAPORE 399944,4.918518965685704,48.0,3,3,0,5,10,6,4.0,1.0,1,1
PENROSE,2228000.0,1388.56,1605.0,2021-10-01,129.0,17271.0,1.31948983025856,103.879994891095,22 SIMS DRIVE PENROSE SINGAPORE 387396,5.166503889250989,48.0,3,4,0,8,9,1,1.0,0.0,0,1
LE CRESCENDO,1638000.0,1184.04,1383.0,2021-10-01,110.0,14891.0,1.33049714674003,103.888409268781,233 PAYA LEBAR ROAD LE CRESCENDO SINGAPORE 409044,6.701977813091088,48.0,4,3,0,6,9,4,1.0,1.0,1,1
ASTORIA PARK,1020000.0,1001.05,1019.0,2021-10-01,93.0,10968.0,1.32177770499303,103.91225216665,34 LORONG MYDIN ASTORIA PARK SINGAPORE 416827,8.053226885077692,48.0,1,1,0,2,12,17,2.0,1.0,1,2
LA FLEUR,600000.0,462.85,1296.0,2021-10-01,43.0,13953.0,1.31244454232324,103.884576516653,8 LORONG 26 GEYLANG LA FLEUR SINGAPORE 398483,4.956192019907782,48.0,3,4,0,7,10,4,2.0,1.0,0,1
CENTRA LOFT,650000.0,473.62,1372.0,2021-10-01,44.0,14773.0,1.31481743950624,103.888376977987,3 LORONG 35 GEYLANG CENTRA LOFT SINGAPORE 387935,5.44803594028427,48.0,4,4,3,7,11,4,2.0,1.0,0,1
VACANZA @ EAST,1280000.0,1022.58,1252.0,2021-10-01,95.0,13474.0,1.32901984483655,103.914196223923,36 LENGKONG TUJOH VACANZA @ EAST SINGAPORE 417391,8.680985857703446,48.0,3,1,0,2,8,12,1.0,1.0,1,2
WATERBANK AT DAKOTA,1085000.0,624.31,1738.0,2021-10-01,58.0,18707.0,1.30647833742136,103.888537197136,76 DAKOTA CRESCENT WATERBANK AT DAKOTA SINGAPORE 399944,4.918518965685704,48.0,3,3,0,5,10,6,2.0,1.0,1,1
EUHABITAT,688000.0,538.2,1278.0,2021-10-01,50.0,13760.0,1.32795415126263,103.9070014142,196 JALAN EUNOS EUHABITAT SINGAPORE 419542,7.971961203569236,48.0,2,2,0,2,6,15,1.0,1.0,1,2
EUHABITAT,1190000.0,1011.82,1176.0,2021-10-01,94.0,12660.0,1.32795415126263,103.9070014142,196 JALAN EUNOS EUHABITAT SINGAPORE 419542,7.971961203569236,48.0,2,2,0,2,6,15,1.0,1.0,1,2
THE ALCOVE,1200000.0,1302.44,921.0,2021-10-01,121.0,9917.0,1.31400655260741,103.884015328938,10 LORONG 27 GEYLANG THE ALCOVE SINGAPORE 388199,5.025483913717779,48.0,4,4,0,8,9,4,2.0,1.0,0,1
THE ANTARES,1596000.0,882.65,1808.0,2021-10-01,82.0,19463.0,1.32541778538724,103.883403765337,23 MATTAR ROAD THE ANTARES SINGAPORE 387730,5.916441166611573,48.0,4,4,0,8,9,4,1.0,0.0,0,1
THE ANTARES,1597000.0,882.65,1809.0,2021-10-01,82.0,19476.0,1.32541778538724,103.883403765337,23 MATTAR ROAD THE ANTARES SINGAPORE 387730,5.916441166611573,48.0,4,4,0,8,9,4,3.0,0.0,0,1
THE ANTARES,1685000.0,882.65,1909.0,2021-10-01,82.0,20549.0,1.32541778538724,103.883403765337,23 MATTAR ROAD THE ANTARES SINGAPORE 387730,5.916441166611573,48.0,4,4,0,8,9,4,3.0,0.0,0,1
REZI 26,648000.0,484.38,1338.0,2021-10-01,45.0,14400.0,1.31277485329606,103.885104634024,5 LORONG 26 GEYLANG REZI 26 SINGAPORE 398480,5.024511275001018,48.0,4,4,1,7,11,4,1.0,1.0,0,1
LE REGAL,730800.0,570.49,1281.0,2021-10-01,53.0,13789.0,1.31250268727998,103.880368117228,340 GEYLANG ROAD LE REGAL SINGAPORE 389365,4.61788023094977,48.0,2,3,0,9,10,1,1.0,1.0,0,1
EUHABITAT,1438000.0,1162.51,1237.0,2021-10-01,108.0,13315.0,1.32795415126263,103.9070014142,196 JALAN EUNOS EUHABITAT SINGAPORE 419542,7.971961203569236,48.0,2,2,0,2,6,15,1.0,1.0,1,2
PRIMEDGE,790000.0,527.44,1498.0,2021-10-01,49.0,16122.0,1.31253129900962,103.888139939124,45 LORONG 34 GEYLANG PRIMEDGE SINGAPORE 398236,5.2675901930288065,48.0,5,4,2,7,11,5,2.0,1.0,0,1
THE ANTARES,1588000.0,882.65,1799.0,2021-10-01,82.0,19366.0,1.32541778538724,103.883403765337,23 MATTAR ROAD THE ANTARES SINGAPORE 387730,5.916441166611573,48.0,4,4,0,8,9,4,1.0,0.0,0,1
THE ANTARES,1607000.0,882.65,1821.0,2021-10-01,82.0,19598.0,1.32541778538724,103.883403765337,23 MATTAR ROAD THE ANTARES SINGAPORE 387730,5.916441166611573,48.0,4,4,0,8,9,4,1.0,0.0,0,1
THE ANTARES,1668000.0,882.65,1890.0,2021-10-01,82.0,20341.0,1.32541778538724,103.883403765337,23 MATTAR ROAD THE ANTARES SINGAPORE 387730,5.916441166611573,48.0,4,4,0,8,9,4,3.0,0.0,0,1
THE ANTARES,1650000.0,882.65,1869.0,2021-10-01,82.0,20122.0,1.32541778538724,103.883403765337,23 MATTAR ROAD THE ANTARES SINGAPORE 387730,5.916441166611573,48.0,4,4,0,8,9,4,2.0,0.0,0,1
GUILLEMARD EDGE,790000.0,516.67,1529.0,2021-10-01,48.0,16458.0,1.31200443744473,103.885949377155,38 LORONG 30 GEYLANG GUILLEMARD EDGE SINGAPORE 398371,5.041282413008211,48.0,4,4,1,7,11,5,1.0,1.0,0,1
URBAN TREASURES,2428580.0,1270.15,1816.0,2021-09-01,118.0,19552.0,1.32936720206385,103.905791323853,205 JALAN EUNOS URBAN TREASURES SINGAPORE 419535,7.966767145631702,49.0,2,0,0,2,6,11,1.0,0.0,1,2
THE ANTARES,2289000.0,1367.03,1674.0,2021-09-01,127.0,18024.0,1.32541778538724,103.883403765337,23 MATTAR ROAD THE ANTARES SINGAPORE 387730,5.916441166611573,49.0,4,4,0,8,9,4,1.0,0.0,0,1
THE ANTARES,2299000.0,1367.03,1682.0,2021-09-01,127.0,18102.0,1.32541778538724,103.883403765337,23 MATTAR ROAD THE ANTARES SINGAPORE 387730,5.916441166611573,49.0,4,4,0,8,9,4,1.0,0.0,0,1
PENROSE,2085000.0,1184.04,1761.0,2021-09-01,110.0,18955.0,1.31948983025856,103.879994891095,22 SIMS DRIVE PENROSE SINGAPORE 387396,5.166503889250989,49.0,3,4,0,8,9,1,3.0,0.0,0,1
STARVILLE,1310000.0,1237.86,1058.0,2021-09-01,115.0,11391.0,1.32826483616522,103.912067534158,66 LENGKONG TIGA STARVILLE SINGAPORE 417471,8.44041551036464,49.0,3,1,0,2,7,15,3.0,1.0,1,2
WING FONG MANSIONS,980000.0,1270.15,772.0,2021-09-01,118.0,8305.0,1.31057552074486,103.879078933752,12 LORONG 14 GEYLANG WING FONG MANSIONS SINGAPORE 398924,4.366074173360566,49.0,4,4,1,10,9,1,1.0,1.0,0,1
CENTRA SUITES,590000.0,430.56,1370.0,2021-09-01,40.0,14750.0,1.31465166781856,103.883288149427,38 LORONG 25A GEYLANG CENTRA SUITES SINGAPORE 388242,5.016128952160774,49.0,3,4,0,8,9,3,2.0,1.0,0,1
WATERBANK AT DAKOTA,768000.0,484.38,1586.0,2021-09-01,45.0,17067.0,1.30647833742136,103.888537197136,76 DAKOTA CRESCENT WATERBANK AT DAKOTA SINGAPORE 399944,4.918518965685704,49.0,3,3,0,5,10,6,2.0,1.0,1,1
EUHABITAT,700000.0,538.2,1301.0,2021-09-01,50.0,14000.0,1.32795415126263,103.9070014142,196 JALAN EUNOS EUHABITAT SINGAPORE 419542,7.971961203569236,49.0,2,2,0,2,6,15,1.0,1.0,1,2
VACANZA @ EAST,632000.0,484.38,1305.0,2021-09-01,45.0,14044.0,1.32901984483655,103.914196223923,36 LENGKONG TUJOH VACANZA @ EAST SINGAPORE 417391,8.680985857703446,49.0,3,1,0,2,8,12,2.0,1.0,1,2
ATRIUM RESIDENCES,1495000.0,1291.68,1157.0,2021-09-01,120.0,12458.0,1.31372274938589,103.886156549479,532 GEYLANG ROAD ATRIUM RESIDENCES SINGAPORE 389488,5.181625591258403,49.0,5,4,2,7,11,5,1.0,1.0,0,1
SUITES @ EUNOS,580000.0,344.45,1684.0,2021-09-01,32.0,18125.0,1.3205334041426,103.905772422058,1 JALAN YASIN SUITES @ EUNOS SINGAPORE 417958,7.374403827770043,49.0,2,2,0,1,10,12,1.0,1.0,0,2
PENROSE,1910000.0,1097.93,1740.0,2021-09-01,102.0,18725.0,1.31948983025856,103.879994891095,22 SIMS DRIVE PENROSE SINGAPORE 387396,5.166503889250989,49.0,3,4,0,8,9,1,3.0,0.0,0,1
THE ANTARES,1604000.0,882.65,1817.0,2021-09-01,82.0,19561.0,1.32541778538724,103.883403765337,23 MATTAR ROAD THE ANTARES SINGAPORE 387730,5.916441166611573,49.0,4,4,0,8,9,4,1.0,0.0,0,1
CENTRAL IMPERIAL,858000.0,1097.93,781.0,2021-09-01,102.0,8412.0,1.31194266781347,103.879213970964,3 LORONG 14 GEYLANG CENTRAL IMPERIAL SINGAPORE 398915,4.483469484998063,49.0,3,4,0,10,9,1,1.0,1.0,0,1
ATRIUM RESIDENCES,1800000.0,2228.15,808.0,2021-09-01,207.0,8696.0,1.31372274938589,103.886156549479,532 GEYLANG ROAD ATRIUM RESIDENCES SINGAPORE 389488,5.181625591258403,49.0,5,4,2,7,11,5,2.0,1.0,0,1
THE WATER EDGE,600000.0,398.27,1507.0,2021-09-01,37.0,16216.0,1.31372105189031,103.888759579471,8 LORONG 38 GEYLANG THE WATER EDGE SINGAPORE 398106,5.4035924754809175,49.0,4,4,3,6,11,4,1.0,1.0,0,1
SIMS URBAN OASIS,1050000.0,667.37,1573.0,2021-09-01,62.0,16935.0,1.31926710475553,103.880615863782,6 SIMS DRIVE SIMS URBAN OASIS SINGAPORE 387388,5.190897370243519,49.0,3,4,0,8,9,1,4.0,1.0,1,1
CASA AERATA,515000.0,452.09,1139.0,2021-09-01,42.0,12262.0,1.31232393794378,103.885033090499,9 LORONG 26 GEYLANG CASA AERATA SINGAPORE 398484,4.985931367630484,49.0,4,4,1,7,11,4,1.0,1.0,0,1
PARK PLACE RESIDENCES AT PLQ,1333800.0,645.84,2065.0,2021-09-01,60.0,22230.0,1.31583675363618,103.892746648427,2 PAYA LEBAR ROAD PARK PLACE RESIDENCES AT PLQ SINGAPORE 409053,5.896537427358871,49.0,3,3,3,4,12,6,2.0,,0,1
SUITES@CHANGI,560000.0,409.03,1369.0,2021-09-01,38.0,14737.0,1.317041377544,103.904748281539,226 CHANGI ROAD SUITES@CHANGI SINGAPORE 419740,7.06748560964527,49.0,1,3,0,1,14,16,1.0,1.0,0,1
LE CRESCENDO,1788000.0,1603.84,1115.0,2021-09-01,149.0,12000.0,1.33049714674003,103.888409268781,233 PAYA LEBAR ROAD LE CRESCENDO SINGAPORE 409044,6.701977813091088,49.0,4,3,0,6,9,4,1.0,1.0,1,1
THE ANTARES,1614000.0,882.65,1829.0,2021-09-01,82.0,19683.0,1.32541778538724,103.883403765337,23 MATTAR ROAD THE ANTARES SINGAPORE 387730,5.916441166611573,49.0,4,4,0,8,9,4,2.0,0.0,0,1
THE ANTARES,1642000.0,882.65,1860.0,2021-09-01,82.0,20024.0,1.32541778538724,103.883403765337,23 MATTAR ROAD THE ANTARES SINGAPORE 387730,5.916441166611573,49.0,4,4,0,8,9,4,2.0,0.0,0,1
PAVILION SQUARE,540800.0,398.27,1358.0,2021-09-01,37.0,14616.0,1.31297800060859,103.879770800217,345 GEYLANG ROAD PAVILION SQUARE SINGAPORE 389366,4.608727400946871,49.0,3,4,0,10,10,1,1.0,1.0,0,1
TRE RESIDENCES,1480000.0,947.23,1562.0,2021-09-01,88.0,16818.0,1.3172278261209,103.885015905304,9 GEYLANG EAST AVENUE 1 TRE RESIDENCES SINGAPORE 389783,5.353082321074245,49.0,3,3,2,8,9,3,2.0,1.0,1,1
THE TRUMPS,835000.0,678.13,1231.0,2021-09-01,63.0,13254.0,1.32002610262337,103.91348728953,1 JALAN KEMBANGAN THE TRUMPS SINGAPORE 419154,8.069943599460245,49.0,1,0,0,2,12,18,1.0,1.0,1,2
MERA EAST,1775000.0,1571.54,1129.0,2021-09-01,146.0,12158.0,1.31817526770849,103.909292082346,338 CHANGI ROAD MERA EAST SINGAPORE 419977,7.564017720548594,49.0,2,1,0,1,14,15,1.0,1.0,0,2
THE SANCTUARY @ GEYLANG,1135000.0,1323.97,857.0,2021-09-01,123.0,9228.0,1.31345709214795,103.886467318231,1 LORONG 30 GEYLANG THE SANCTUARY @ GEYLANG SINGAPORE 398342,5.188676380984995,49.0,5,4,2,7,11,5,2.0,1.0,0,1
THE HELICONIA,1470000.0,1302.44,1129.0,2021-09-01,121.0,12149.0,1.32635294484067,103.908900244938,30 JALAN DAUD THE HELICONIA SINGAPORE 419572,8.031320801555648,49.0,3,2,0,2,7,16,2.0,1.0,1,2
THE ANTARES,1864000.0,1022.58,1823.0,2021-09-01,95.0,19621.0,1.32541778538724,103.883403765337,23 MATTAR ROAD THE ANTARES SINGAPORE 387730,5.916441166611573,49.0,4,4,0,8,9,4,4.0,0.0,0,1
THE ANTARES,1612000.0,882.65,1826.0,2021-09-01,82.0,19659.0,1.32541778538724,103.883403765337,23 MATTAR ROAD THE ANTARES SINGAPORE 387730,5.916441166611573,49.0,4,4,0,8,9,4,2.0,0.0,0,1
URBAN TREASURES,1246940.0,635.08,1963.0,2021-09-01,59.0,21135.0,1.32936720206385,103.905791323853,205 JALAN EUNOS URBAN TREASURES SINGAPORE 419535,7.966767145631702,49.0,2,0,0,2,6,11,2.0,0.0,1,2
THE OCTET,570000.0,419.8,1358.0,2021-09-01,39.0,14615.0,1.31206999136037,103.883562422294,23 LORONG 24 GEYLANG THE OCTET SINGAPORE 398628,4.844083676929457,49.0,3,3,0,8,10,2,1.0,1.0,0,1
SUNNY LODGE,1250000.0,968.76,1290.0,2021-09-01,90.0,13889.0,1.32438242964886,103.906966580799,6A LORONG SALLEH SUNNY LODGE SINGAPORE 416757,7.728747151239156,49.0,2,1,0,1,6,14,1.0,1.0,0,2
WATERBANK AT DAKOTA,1100000.0,624.31,1762.0,2021-09-01,58.0,18966.0,1.30647833742136,103.888537197136,76 DAKOTA CRESCENT WATERBANK AT DAKOTA SINGAPORE 399944,4.918518965685704,49.0,3,3,0,5,10,6,3.0,1.0,1,1
TRE RESIDENCES,1400000.0,861.12,1626.0,2021-09-01,80.0,17500.0,1.3172278261209,103.885015905304,9 GEYLANG EAST AVENUE 1 TRE RESIDENCES SINGAPORE 389783,5.353082321074245,49.0,3,3,2,8,9,3,4.0,1.0,1,1
THE OCTET,603888.0,419.8,1439.0,2021-09-01,39.0,15484.0,1.31206999136037,103.883562422294,23 LORONG 24 GEYLANG THE OCTET SINGAPORE 398628,4.844083676929457,49.0,3,3,0,8,10,2,1.0,1.0,0,1
STARVILLE,1200000.0,1216.33,987.0,2021-09-01,113.0,10619.0,1.32826483616522,103.912067534158,66 LENGKONG TIGA STARVILLE SINGAPORE 417471,8.44041551036464,49.0,3,1,0,2,7,15,1.0,1.0,1,2
WATERBANK AT DAKOTA,1800000.0,1130.22,1593.0,2021-09-01,105.0,17143.0,1.30647833742136,103.888537197136,76 DAKOTA CRESCENT WATERBANK AT DAKOTA SINGAPORE 399944,4.918518965685704,49.0,3,3,0,5,10,6,1.0,1.0,1,1
GUILLEMARD EDGE,618000.0,409.03,1511.0,2021-09-01,38.0,16263.0,1.31200443744473,103.885949377155,38 LORONG 30 GEYLANG GUILLEMARD EDGE SINGAPORE 398371,5.041282413008211,49.0,4,4,1,7,11,5,2.0,1.0,0,1
LE REVE,1250000.0,904.18,1382.0,2021-09-01,84.0,14881.0,1.31868241486572,103.90610166475,27 KAMPONG EUNOS LE REVE SINGAPORE 417783,7.2919762495069005,49.0,2,2,0,1,13,14,1.0,1.0,1,2
EUHABITAT,685000.0,527.44,1299.0,2021-09-01,49.0,13980.0,1.32795415126263,103.9070014142,196 JALAN EUNOS EUHABITAT SINGAPORE 419542,7.971961203569236,49.0,2,2,0,2,6,15,1.0,1.0,1,2
PENROSE,2292000.0,1388.56,1651.0,2021-09-01,129.0,17767.0,1.31948983025856,103.879994891095,22 SIMS DRIVE PENROSE SINGAPORE 387396,5.166503889250989,49.0,3,4,0,8,9,1,2.0,0.0,0,1
SIMS RESIDENCES,1350000.0,1420.85,950.0,2021-09-01,132.0,10227.0,1.31607412947418,103.891092837354,8 LORONG 39 GEYLANG SIMS RESIDENCES SINGAPORE 387882,5.769235671840805,49.0,4,3,3,5,12,4,2.0,1.0,0,1
WATERBANK AT DAKOTA,1060000.0,624.31,1698.0,2021-09-01,58.0,18276.0,1.30647833742136,103.888537197136,76 DAKOTA CRESCENT WATERBANK AT DAKOTA SINGAPORE 399944,4.918518965685704,49.0,3,3,0,5,10,6,2.0,1.0,1,1
# 1 SUITES,668000.0,559.73,1193.0,2021-09-01,52.0,12846.0,1.31239029325188,103.881504147527,1 LORONG 20 GEYLANG # 1 SUITES SINGAPORE 398721,4.699608709809529,49.0,3,3,0,8,9,2,2.0,1.0,0,1
SUITES @ EUNOS,848000.0,645.84,1313.0,2021-09-01,60.0,14133.0,1.3205334041426,103.905772422058,1 JALAN YASIN SUITES @ EUNOS SINGAPORE 417958,7.374403827770043,49.0,2,2,0,1,10,12,1.0,1.0,0,2
THE ANTARES,1002000.0,602.78,1662.0,2021-09-01,56.0,17893.0,1.32541778538724,103.883403765337,23 MATTAR ROAD THE ANTARES SINGAPORE 387730,5.916441166611573,49.0,4,4,0,8,9,4,1.0,0.0,0,1
THE ANTARES,2055000.0,1151.75,1784.0,2021-09-01,107.0,19206.0,1.32541778538724,103.883403765337,23 MATTAR ROAD THE ANTARES SINGAPORE 387730,5.916441166611573,49.0,4,4,0,8,9,4,3.0,0.0,0,1
THE ANTARES,1617000.0,882.65,1832.0,2021-09-01,82.0,19720.0,1.32541778538724,103.883403765337,23 MATTAR ROAD THE ANTARES SINGAPORE 387730,5.916441166611573,49.0,4,4,0,8,9,4,2.0,0.0,0,1
GUILLEMARD SUITES,710000.0,527.44,1346.0,2021-09-01,49.0,14490.0,1.31094521852726,103.882721097721,213 GUILLEMARD ROAD GUILLEMARD SUITES SINGAPORE 399733,4.691609257032653,49.0,3,4,0,8,9,3,1.0,1.0,0,1
GUILLEMARD EDGE,780000.0,538.2,1449.0,2021-09-01,50.0,15600.0,1.31200443744473,103.885949377155,38 LORONG 30 GEYLANG GUILLEMARD EDGE SINGAPORE 398371,5.041282413008211,49.0,4,4,1,7,11,5,1.0,1.0,0,1
THE ANTARES,2313000.0,1367.03,1692.0,2021-09-01,127.0,18213.0,1.32541778538724,103.883403765337,23 MATTAR ROAD THE ANTARES SINGAPORE 387730,5.916441166611573,49.0,4,4,0,8,9,4,2.0,0.0,0,1
THE ANTARES,2333000.0,1367.03,1707.0,2021-09-01,127.0,18370.0,1.32541778538724,103.883403765337,23 MATTAR ROAD THE ANTARES SINGAPORE 387730,5.916441166611573,49.0,4,4,0,8,9,4,2.0,0.0,0,1
THE ANTARES,2046000.0,1151.75,1776.0,2021-09-01,107.0,19121.0,1.32541778538724,103.883403765337,23 MATTAR ROAD THE ANTARES SINGAPORE 387730,5.916441166611573,49.0,4,4,0,8,9,4,3.0,0.0,0,1
EUHABITAT,707000.0,538.2,1314.0,2021-09-01,50.0,14140.0,1.32795415126263,103.9070014142,196 JALAN EUNOS EUHABITAT SINGAPORE 419542,7.971961203569236,49.0,2,2,0,2,6,15,1.0,1.0,1,2
PENROSE,2268000.0,1388.56,1633.0,2021-09-01,129.0,17581.0,1.31948983025856,103.879994891095,22 SIMS DRIVE PENROSE SINGAPORE 387396,5.166503889250989,49.0,3,4,0,8,9,1,2.0,0.0,0,1
VACANZA @ EAST,1250000.0,1022.58,1222.0,2021-09-01,95.0,13158.0,1.32901984483655,103.914196223923,36 LENGKONG TUJOH VACANZA @ EAST SINGAPORE 417391,8.680985857703446,49.0,3,1,0,2,8,12,2.0,1.0,1,2
PAVILION SQUARE,538888.0,398.27,1353.0,2021-09-01,37.0,14565.0,1.31297800060859,103.879770800217,345 GEYLANG ROAD PAVILION SQUARE SINGAPORE 389366,4.608727400946871,49.0,3,4,0,10,10,1,1.0,1.0,0,1
SIMS URBAN OASIS,1085000.0,699.66,1551.0,2021-09-01,65.0,16692.0,1.31926710475553,103.880615863782,6 SIMS DRIVE SIMS URBAN OASIS SINGAPORE 387388,5.190897370243519,49.0,3,4,0,8,9,1,2.0,1.0,1,1
PAVILION SQUARE,580000.0,387.5,1497.0,2021-09-01,36.0,16111.0,1.31297800060859,103.879770800217,345 GEYLANG ROAD PAVILION SQUARE SINGAPORE 389366,4.608727400946871,49.0,3,4,0,10,10,1,2.0,1.0,0,1
WATERBANK AT DAKOTA,2040000.0,1130.22,1805.0,2021-09-01,105.0,19429.0,1.30647833742136,103.888537197136,76 DAKOTA CRESCENT WATERBANK AT DAKOTA SINGAPORE 399944,4.918518965685704,49.0,3,3,0,5,10,6,4.0,1.0,1,1
CENTRAL IMPERIAL,695000.0,581.26,1196.0,2021-09-01,54.0,12870.0,1.31194266781347,103.879213970964,3 LORONG 14 GEYLANG CENTRAL IMPERIAL SINGAPORE 398915,4.483469484998063,49.0,3,4,0,10,9,1,2.0,1.0,0,1
TROPIKA EAST,1028888.0,764.24,1346.0,2021-09-01,71.0,14491.0,1.32886589161997,103.90719397756,3 FOO KIM LIN ROAD TROPIKA EAST SINGAPORE 419679,8.051842718239321,49.0,2,1,0,2,6,15,1.0,1.0,1,2
ESCADA VIEW,1340000.0,1356.26,988.0,2021-09-01,126.0,10635.0,1.32899344664489,103.91347731741,53 LENGKONG EMPAT ESCADA VIEW SINGAPORE 417657,8.614569394694955,49.0,3,1,0,2,7,13,2.0,1.0,1,2
THE TRUMPS,1688888.0,1431.61,1180.0,2021-09-01,133.0,12698.0,1.32002610262337,103.91348728953,1 JALAN KEMBANGAN THE TRUMPS SINGAPORE 419154,8.069943599460245,49.0,1,0,0,2,12,18,1.0,1.0,1,2
EUHABITAT,1440000.0,1248.62,1153.0,2021-09-01,116.0,12414.0,1.32795415126263,103.9070014142,196 JALAN EUNOS EUHABITAT SINGAPORE 419542,7.971961203569236,49.0,2,2,0,2,6,15,1.0,1.0,1,2
ASTORIA PARK,1060000.0,1001.05,1059.0,2021-09-01,93.0,11398.0,1.32177770499303,103.91225216665,34 LORONG MYDIN ASTORIA PARK SINGAPORE 416827,8.053226885077692,49.0,1,1,0,2,12,17,3.0,1.0,1,2
THE LENOX,1360000.0,1184.04,1149.0,2021-09-01,110.0,12364.0,1.31824376273926,103.911351165333,396 CHANGI ROAD THE LENOX SINGAPORE 415899,7.765250446888848,49.0,2,1,0,2,13,15,1.0,1.0,0,2
ASTON MANSIONS,1100000.0,1140.98,964.0,2021-09-01,106.0,10377.0,1.31393251470132,103.890612644048,7 LORONG 42 GEYLANG ASTON MANSIONS SINGAPORE 398028,5.57978728565853,49.0,4,4,3,5,12,6,2.0,1.0,0,1
SMART SUITES,710000.0,484.38,1466.0,2021-09-01,45.0,15778.0,1.31514448371947,103.884050282732,302 SIMS AVENUE SMART SUITES SINGAPORE 387516,5.114950686082434,49.0,3,5,0,8,9,3,1.0,1.0,0,1
ATRIUM RESIDENCES,1250000.0,1001.05,1249.0,2021-09-01,93.0,13441.0,1.31372274938589,103.886156549479,532 GEYLANG ROAD ATRIUM RESIDENCES SINGAPORE 389488,5.181625591258403,49.0,5,4,2,7,11,5,2.0,1.0,0,1
PENROSE,2260000.0,1388.56,1628.0,2021-09-01,129.0,17519.0,1.31948983025856,103.879994891095,22 SIMS DRIVE PENROSE SINGAPORE 387396,5.166503889250989,49.0,3,4,0,8,9,1,2.0,0.0,0,1
TEDGE,1838259.0,1184.04,1553.0,2021-09-01,110.0,16711.0,1.3180672677589,103.908811491066,328 CHANGI ROAD TEDGE SINGAPORE 419803,7.512024356099393,49.0,2,1,0,1,14,15,1.0,0.0,0,2
EUHABITAT,1150000.0,947.23,1214.0,2021-09-01,88.0,13068.0,1.32795415126263,103.9070014142,196 JALAN EUNOS EUHABITAT SINGAPORE 419542,7.971961203569236,49.0,2,2,0,2,6,15,1.0,1.0,1,2
THE ANTARES,1958000.0,1151.75,1700.0,2021-09-01,107.0,18299.0,1.32541778538724,103.883403765337,23 MATTAR ROAD THE ANTARES SINGAPORE 387730,5.916441166611573,49.0,4,4,0,8,9,4,1.0,0.0,0,1
THE ANTARES,1964000.0,1151.75,1705.0,2021-09-01,107.0,18355.0,1.32541778538724,103.883403765337,23 MATTAR ROAD THE ANTARES SINGAPORE 387730,5.916441166611573,49.0,4,4,0,8,9,4,2.0,0.0,0,1
TRE RESIDENCES,1275000.0,861.12,1481.0,2021-09-01,80.0,15938.0,1.3172278261209,103.885015905304,9 GEYLANG EAST AVENUE 1 TRE RESIDENCES SINGAPORE 389783,5.353082321074245,49.0,3,3,2,8,9,3,1.0,1.0,1,1
PARC ESTA,2600000.0,1474.67,1763.0,2021-09-01,137.0,18978.0,1.31786521916555,103.903967184717,904 SIMS AVENUE PARC ESTA SINGAPORE 408968,7.043509290403673,49.0,1,4,0,1,13,16,1.0,0.0,0,1
THE SUNNY SPRING,1395000.0,1194.8,1168.0,2021-09-01,111.0,12568.0,1.31219203070087,103.889464697147,50 LORONG 40 GEYLANG THE SUNNY SPRING SINGAPORE 398074,5.3613842782215055,49.0,4,4,3,6,11,5,1.0,1.0,0,1
PENROSE,2275000.0,1388.56,1638.0,2021-09-01,129.0,17636.0,1.31948983025856,103.879994891095,22 SIMS DRIVE PENROSE SINGAPORE 387396,5.166503889250989,49.0,3,4,0,8,9,1,2.0,0.0,0,1
THE ANTARES,1387000.0,882.65,1571.0,2021-09-01,82.0,16915.0,1.32541778538724,103.883403765337,23 MATTAR ROAD THE ANTARES SINGAPORE 387730,5.916441166611573,49.0,4,4,0,8,9,4,1.0,0.0,0,1
THE ANTARES,2356000.0,1367.03,1723.0,2021-09-01,127.0,18551.0,1.32541778538724,103.883403765337,23 MATTAR ROAD THE ANTARES SINGAPORE 387730,5.916441166611573,49.0,4,4,0,8,9,4,3.0,0.0,0,1
STARVILLE,1680000.0,1550.02,1084.0,2021-09-01,144.0,11667.0,1.32826483616522,103.912067534158,66 LENGKONG TIGA STARVILLE SINGAPORE 417471,8.44041551036464,49.0,3,1,0,2,7,15,2.0,1.0,1,2
PAYA LEBAR RESIDENCES,1428000.0,947.23,1508.0,2021-09-01,88.0,16227.0,1.31752143815241,103.891475654733,27 PAYA LEBAR ROAD PAYA LEBAR RESIDENCES SINGAPORE 409042,5.904426206584732,49.0,4,4,3,4,12,4,3.0,1.0,0,1
WATERBANK AT DAKOTA,1398000.0,1087.16,1286.0,2021-09-01,101.0,13842.0,1.30647833742136,103.888537197136,76 DAKOTA CRESCENT WATERBANK AT DAKOTA SINGAPORE 399944,4.918518965685704,49.0,3,3,0,5,10,6,1.0,1.0,1,1
# 1 LOFT,710000.0,548.96,1293.0,2021-09-01,51.0,13922.0,1.31276346405244,103.883518875617,1 LORONG 24 GEYLANG # 1 LOFT SINGAPORE 398614,4.891716160848941,49.0,3,4,0,8,9,2,2.0,1.0,0,1
EUHABITAT,1510000.0,1140.98,1323.0,2021-09-01,106.0,14245.0,1.32795415126263,103.9070014142,196 JALAN EUNOS EUHABITAT SINGAPORE 419542,7.971961203569236,49.0,2,2,0,2,6,15,1.0,1.0,1,2
PENROSE,2325000.0,1388.56,1674.0,2021-09-01,129.0,18023.0,1.31948983025856,103.879994891095,22 SIMS DRIVE PENROSE SINGAPORE 387396,5.166503889250989,49.0,3,4,0,8,9,1,3.0,0.0,0,1
BLISS VILLE,1450000.0,1636.13,886.0,2021-09-01,152.0,9539.0,1.32374715619118,103.909135122768,69H LORONG MELAYU BLISS VILLE SINGAPORE 417030,7.88417716920167,49.0,2,1,0,2,8,16,1.0,1.0,0,2
ASTORIA PARK,1065000.0,958.0,1112.0,2021-09-01,89.0,11966.0,1.32177770499303,103.91225216665,34 LORONG MYDIN ASTORIA PARK SINGAPORE 416827,8.053226885077692,49.0,1,1,0,2,12,17,3.0,1.0,1,2
DAKOTA RESIDENCES,1500000.0,1044.11,1437.0,2021-09-01,97.0,15464.0,1.30637270876178,103.88708549006,34 DAKOTA CRESCENT DAKOTA RESIDENCES SINGAPORE 399936,4.7757251422267535,49.0,3,3,0,6,10,5,1.0,1.0,1,1
CENTRA HEIGHTS,700000.0,430.56,1626.0,2021-09-01,40.0,17500.0,1.31629397762889,103.88657418395,455 SIMS AVENUE CENTRA HEIGHTS SINGAPORE 387607,5.406260020602187,49.0,4,4,3,7,11,4,3.0,1.0,0,1
SIMS URBAN OASIS,955000.0,624.31,1530.0,2021-09-01,58.0,16466.0,1.31926710475553,103.880615863782,6 SIMS DRIVE SIMS URBAN OASIS SINGAPORE 387388,5.190897370243519,49.0,3,4,0,8,9,1,2.0,1.0,1,1
GUILLEMARD SUITES,1400000.0,1119.46,1251.0,2021-09-01,104.0,13462.0,1.31094521852726,103.882721097721,213 GUILLEMARD ROAD GUILLEMARD SUITES SINGAPORE 399733,4.691609257032653,49.0,3,4,0,8,9,3,1.0,1.0,0,1
THE ANTARES,1634000.0,882.65,1851.0,2021-09-01,82.0,19927.0,1.32541778538724,103.883403765337,23 MATTAR ROAD THE ANTARES SINGAPORE 387730,5.916441166611573,49.0,4,4,0,8,9,4,2.0,0.0,0,1
PENROSE,2092000.0,1184.04,1767.0,2021-09-01,110.0,19018.0,1.31948983025856,103.879994891095,22 SIMS DRIVE PENROSE SINGAPORE 387396,5.166503889250989,49.0,3,4,0,8,9,1,4.0,0.0,0,1
MELOSA,655000.0,505.91,1295.0,2021-09-01,47.0,13936.0,1.31253733235708,103.885402784916,28 LORONG 28 GEYLANG MELOSA SINGAPORE 398432,5.032539138387234,49.0,4,4,1,7,11,4,1.0,1.0,0,1
MERA EAST,1372000.0,1140.98,1202.0,2021-09-01,106.0,12943.0,1.31817526770849,103.909292082346,338 CHANGI ROAD MERA EAST SINGAPORE 419977,7.564017720548594,49.0,2,1,0,1,14,15,1.0,1.0,0,2
THE ANTARES,1330000.0,731.95,1817.0,2021-09-01,68.0,19559.0,1.32541778538724,103.883403765337,23 MATTAR ROAD THE ANTARES SINGAPORE 387730,5.916441166611573,49.0,4,4,0,8,9,4,1.0,0.0,0,1
NOMA,771950.0,462.85,1668.0,2021-09-01,43.0,17952.0,1.31161656190118,103.885373542152,333 GUILLEMARD ROAD NOMA SINGAPORE 399758,4.964558828553237,49.0,3,3,1,7,11,5,1.0,0.0,0,1
BLISS RESIDENCES,755000.0,527.44,1431.0,2021-09-01,49.0,15408.0,1.32012879856897,103.91212772924,17 JALAN MASJID BLISS RESIDENCES SINGAPORE 418942,7.945787384352488,49.0,1,1,0,2,12,17,1.0,1.0,0,2
SUITES @ SIMS,550000.0,344.45,1597.0,2021-09-01,32.0,17188.0,1.3157472607643,103.887188203157,468 SIMS AVENUE SUITES @ SIMS SINGAPORE 387544,5.415897782797746,49.0,4,6,3,7,11,4,1.0,1.0,0,1
CENTRA STUDIOS,670000.0,516.67,1297.0,2021-09-01,48.0,13958.0,1.31444000148435,103.882324003158,25 LORONG 25 GEYLANG CENTRA STUDIOS SINGAPORE 388302,4.923274977554681,49.0,3,4,0,8,9,2,1.0,1.0,0,1
THE ANTARES,1658000.0,882.65,1878.0,2021-08-01,82.0,20220.0,1.32541778538724,103.883403765337,23 MATTAR ROAD THE ANTARES SINGAPORE 387730,5.916441166611573,50.0,4,4,0,8,9,4,3.0,0.0,0,1
GUILLEMARD EDGE,665910.0,441.32,1509.0,2021-08-01,41.0,16242.0,1.31200443744473,103.885949377155,38 LORONG 30 GEYLANG GUILLEMARD EDGE SINGAPORE 398371,5.041282413008211,50.0,4,4,1,7,11,5,2.0,1.0,0,1
CRYSTAL MANSIONS,920000.0,1259.39,731.0,2021-08-01,117.0,7863.0,1.31115202963177,103.876674762958,3 LORONG 6 GEYLANG CRYSTAL MANSIONS SINGAPORE 399165,4.225490768881534,50.0,4,3,2,10,8,2,1.0,1.0,0,1
URBAN TREASURES,1331640.0,656.6,2028.0,2021-08-01,61.0,21830.0,1.32936720206385,103.905791323853,205 JALAN EUNOS URBAN TREASURES SINGAPORE 419535,7.966767145631702,50.0,2,0,0,2,6,11,2.0,0.0,1,2
WATERBANK AT DAKOTA,1380000.0,882.65,1563.0,2021-08-01,82.0,16829.0,1.30647833742136,103.888537197136,76 DAKOTA CRESCENT WATERBANK AT DAKOTA SINGAPORE 399944,4.918518965685704,50.0,3,3,0,5,10,6,4.0,1.0,1,1
KINGSTON TERRACE,1025000.0,925.7,1107.0,2021-08-01,86.0,11919.0,1.31988333946031,103.91286258641,14D JALAN MASJID KINGSTON TERRACE SINGAPORE 418935,8.002052207143242,50.0,1,1,0,2,12,18,1.0,1.0,0,2
GUILLEMARD EDGE,648000.0,419.8,1544.0,2021-08-01,39.0,16615.0,1.31200443744473,103.885949377155,38 LORONG 30 GEYLANG GUILLEMARD EDGE SINGAPORE 398371,5.041282413008211,50.0,4,4,1,7,11,5,2.0,1.0,0,1
URBAN TREASURES,1305110.0,656.6,1888.0,2021-08-01,61.0,20325.0,1.32936720206385,103.905791323853,205 JALAN EUNOS URBAN TREASURES SINGAPORE 419535,7.966767145631702,50.0,2,0,0,2,6,11,1.0,0.0,1,2
THE ANTARES,1430000.0,882.65,1620.0,2021-08-01,82.0,17439.0,1.32541778538724,103.883403765337,23 MATTAR ROAD THE ANTARES SINGAPORE 387730,5.916441166611573,50.0,4,4,0,8,9,4,1.0,0.0,0,1
PENROSE,1939000.0,1184.04,1638.0,2021-08-01,110.0,17627.0,1.31948983025856,103.879994891095,22 SIMS DRIVE PENROSE SINGAPORE 387396,5.166503889250989,50.0,3,4,0,8,9,1,2.0,0.0,0,1
THE ANTARES,1320000.0,850.36,1552.0,2021-08-01,79.0,16709.0,1.32541778538724,103.883403765337,23 MATTAR ROAD THE ANTARES SINGAPORE 387730,5.916441166611573,50.0,4,4,0,8,9,4,1.0,0.0,0,1
SIMS URBAN OASIS,838000.0,559.73,1497.0,2021-08-01,52.0,16115.0,1.31926710475553,103.880615863782,6 SIMS DRIVE SIMS URBAN OASIS SINGAPORE 387388,5.190897370243519,50.0,3,4,0,8,9,1,4.0,1.0,1,1
SIMS URBAN OASIS,758000.0,441.32,1718.0,2021-08-01,41.0,18488.0,1.31926710475553,103.880615863782,6 SIMS DRIVE SIMS URBAN OASIS SINGAPORE 387388,5.190897370243519,50.0,3,4,0,8,9,1,2.0,1.0,1,1
VACANZA @ EAST,2050000.0,1915.99,1070.0,2021-08-01,178.0,11517.0,1.32901984483655,103.914196223923,36 LENGKONG TUJOH VACANZA @ EAST SINGAPORE 417391,8.680985857703446,50.0,3,1,0,2,8,12,3.0,1.0,1,2
WING FONG MANSIONS,995000.0,1227.1,811.0,2021-08-01,114.0,8728.0,1.31057552074486,103.879078933752,12 LORONG 14 GEYLANG WING FONG MANSIONS SINGAPORE 398924,4.366074173360566,50.0,4,4,1,10,9,1,1.0,1.0,0,1
# 1 LOFT,665000.0,559.73,1188.0,2021-08-01,52.0,12788.0,1.31276346405244,103.883518875617,1 LORONG 24 GEYLANG # 1 LOFT SINGAPORE 398614,4.891716160848941,50.0,3,4,0,8,9,2,2.0,1.0,0,1
VACANZA @ EAST,1055000.0,839.59,1257.0,2021-08-01,78.0,13526.0,1.32901984483655,103.914196223923,36 LENGKONG TUJOH VACANZA @ EAST SINGAPORE 417391,8.680985857703446,50.0,3,1,0,2,8,12,1.0,1.0,1,2
MILLAGE,680000.0,462.85,1469.0,2021-08-01,43.0,15814.0,1.38854656229022,103.987804503483,1 CHANGI VILLAGE ROAD SINGAPORE 500001,19.183455237444974,50.0,0,1,0,0,0,5,1.0,1.0,0,1
CENTRAL IMPERIAL,560000.0,419.8,1334.0,2021-08-01,39.0,14359.0,1.31194266781347,103.879213970964,3 LORONG 14 GEYLANG CENTRAL IMPERIAL SINGAPORE 398915,4.483469484998063,50.0,3,4,0,10,9,1,2.0,1.0,0,1
THE NAVIAN,1450000.0,893.41,1623.0,2021-08-01,83.0,17470.0,1.32780887766582,103.906399584482,178 JALAN EUNOS THE NAVIAN SINGAPORE 419530,7.909635869494765,50.0,3,1,0,2,6,14,1.0,1.0,0,2
SIMS GREEN,1180000.0,1248.62,945.0,2021-08-01,116.0,10172.0,1.31441038654771,103.884629689864,7 LORONG 27A GEYLANG SIMS GREEN SINGAPORE 388133,5.105957066325405,50.0,4,4,1,8,9,5,1.0,1.0,0,1
# 1 LOFT,1154000.0,1313.21,879.0,2021-08-01,122.0,9459.0,1.31276346405244,103.883518875617,1 LORONG 24 GEYLANG # 1 LOFT SINGAPORE 398614,4.891716160848941,50.0,3,4,0,8,9,2,2.0,1.0,0,1
SIMS URBAN OASIS,1450000.0,958.0,1514.0,2021-08-01,89.0,16292.0,1.31926710475553,103.880615863782,6 SIMS DRIVE SIMS URBAN OASIS SINGAPORE 387388,5.190897370243519,50.0,3,4,0,8,9,1,1.0,1.0,1,1
PENROSE,2103000.0,1184.04,1776.0,2021-08-01,110.0,19118.0,1.31948983025856,103.879994891095,22 SIMS DRIVE PENROSE SINGAPORE 387396,5.166503889250989,50.0,3,4,0,8,9,1,4.0,0.0,0,1
SIMS GREEN,1460000.0,2098.98,696.0,2021-08-01,195.0,7487.0,1.31441038654771,103.884629689864,7 LORONG 27A GEYLANG SIMS GREEN SINGAPORE 388133,5.105957066325405,50.0,4,4,1,8,9,5,2.0,1.0,0,1
CANNE LODGE,1570000.0,1453.14,1080.0,2021-08-01,135.0,11630.0,1.31417485125009,103.873278239692,75 LORONG 3 GEYLANG CANNE LODGE SINGAPORE 388869,4.2461920431379285,50.0,2,3,0,11,10,1,3.0,1.0,0,1
REZI 24,1808400.0,1184.04,1527.0,2021-08-01,110.0,16440.0,1.31156422500946,103.883576001591,39 LORONG 24 GEYLANG REZI 24 SINGAPORE 398636,4.808294965951603,50.0,3,3,0,8,10,4,1.0,0.0,0,1
SIMS EDGE,800000.0,505.91,1581.0,2021-08-01,47.0,17021.0,1.31640485669867,103.887906763671,1 GEYLANG EAST AVENUE 2 SIMS EDGE SINGAPORE 389760,5.523980705206435,50.0,4,5,3,7,12,4,2.0,1.0,0,1
WATERBANK AT DAKOTA,1935000.0,1184.04,1634.0,2021-08-01,110.0,17591.0,1.30647833742136,103.888537197136,76 DAKOTA CRESCENT WATERBANK AT DAKOTA SINGAPORE 399944,4.918518965685704,50.0,3,3,0,5,10,6,2.0,1.0,1,1
# 1 SUITES,655000.0,559.73,1170.0,2021-08-01,52.0,12596.0,1.31239029325188,103.881504147527,1 LORONG 20 GEYLANG # 1 SUITES SINGAPORE 398721,4.699608709809529,50.0,3,3,0,8,9,2,1.0,1.0,0,1
URBAN TREASURES,1265310.0,635.08,1992.0,2021-08-01,59.0,21446.0,1.32936720206385,103.905791323853,205 JALAN EUNOS URBAN TREASURES SINGAPORE 419535,7.966767145631702,50.0,2,0,0,2,6,11,3.0,0.0,1,2
URBAN TREASURES,1064290.0,516.67,2060.0,2021-08-01,48.0,22173.0,1.32936720206385,103.905791323853,205 JALAN EUNOS URBAN TREASURES SINGAPORE 419535,7.966767145631702,50.0,2,0,0,2,6,11,2.0,0.0,1,2
SUITES 28,540000.0,430.56,1254.0,2021-08-01,40.0,13500.0,1.31268459175571,103.885941111431,28 LORONG 30 GEYLANG SUITES 28 SINGAPORE 398361,5.088755596385559,50.0,5,4,1,7,11,4,1.0,1.0,0,1
CENTRAL IMPERIAL,730980.0,785.77,930.0,2021-08-01,73.0,10013.0,1.31194266781347,103.879213970964,3 LORONG 14 GEYLANG CENTRAL IMPERIAL SINGAPORE 398915,4.483469484998063,50.0,3,4,0,10,9,1,1.0,1.0,0,1
D' PALMA,1250000.0,1001.05,1249.0,2021-08-01,93.0,13441.0,1.31995634032593,103.911742980787,18 LORONG MYDIN D' PALMA SINGAPORE 416817,7.899276193383356,50.0,2,1,0,2,11,16,1.0,1.0,0,2
URBAN TREASURES,1059190.0,516.67,2050.0,2021-08-01,48.0,22066.0,1.32936720206385,103.905791323853,205 JALAN EUNOS URBAN TREASURES SINGAPORE 419535,7.966767145631702,50.0,2,0,0,2,6,11,2.0,0.0,1,2
CENTRAL IMPERIAL,620100.0,688.9,900.0,2021-08-01,64.0,9689.0,1.31194266781347,103.879213970964,3 LORONG 14 GEYLANG CENTRAL IMPERIAL SINGAPORE 398915,4.483469484998063,50.0,3,4,0,10,9,1,1.0,1.0,0,1
CENTRAL IMPERIAL,730980.0,785.77,930.0,2021-08-01,73.0,10013.0,1.31194266781347,103.879213970964,3 LORONG 14 GEYLANG CENTRAL IMPERIAL SINGAPORE 398915,4.483469484998063,50.0,3,4,0,10,9,1,1.0,1.0,0,1
CENTRAL IMPERIAL,560790.0,602.78,930.0,2021-08-01,56.0,10014.0,1.31194266781347,103.879213970964,3 LORONG 14 GEYLANG CENTRAL IMPERIAL SINGAPORE 398915,4.483469484998063,50.0,3,4,0,10,9,1,2.0,1.0,0,1
ASTORIA PARK,1180000.0,1173.28,1006.0,2021-08-01,109.0,10826.0,1.32177770499303,103.91225216665,34 LORONG MYDIN ASTORIA PARK SINGAPORE 416827,8.053226885077692,50.0,1,1,0,2,12,17,1.0,1.0,1,2
TRE RESIDENCES,1200000.0,764.24,1570.0,2021-08-01,71.0,16901.0,1.3172278261209,103.885015905304,9 GEYLANG EAST AVENUE 1 TRE RESIDENCES SINGAPORE 389783,5.353082321074245,50.0,3,3,2,8,9,3,3.0,1.0,1,1
TRE RESIDENCES,1385000.0,861.12,1608.0,2021-08-01,80.0,17313.0,1.3172278261209,103.885015905304,9 GEYLANG EAST AVENUE 1 TRE RESIDENCES SINGAPORE 389783,5.353082321074245,50.0,3,3,2,8,9,3,3.0,1.0,1,1
THE WATERINA,1480000.0,1044.11,1417.0,2021-08-01,97.0,15258.0,1.3132821071538,103.89085032363,59 LORONG 40 GEYLANG THE WATERINA SINGAPORE 398082,5.55708137380416,50.0,4,4,3,5,12,5,2.0,1.0,0,1
WATERBANK AT DAKOTA,1580000.0,1420.85,1112.0,2021-08-01,132.0,11970.0,1.30647833742136,103.888537197136,76 DAKOTA CRESCENT WATERBANK AT DAKOTA SINGAPORE 399944,4.918518965685704,50.0,3,3,0,5,10,6,2.0,1.0,1,1
STARVILLE,1290000.0,1237.86,1042.0,2021-08-01,115.0,11217.0,1.32826483616522,103.912067534158,66 LENGKONG TIGA STARVILLE SINGAPORE 417471,8.44041551036464,50.0,3,1,0,2,7,15,2.0,1.0,1,2
STARVILLE,1230000.0,1216.33,1011.0,2021-08-01,113.0,10885.0,1.32826483616522,103.912067534158,66 LENGKONG TIGA STARVILLE SINGAPORE 417471,8.44041551036464,50.0,3,1,0,2,7,15,1.0,1.0,1,2
URBAN TREASURES,1266330.0,656.6,1929.0,2021-08-01,61.0,20760.0,1.32936720206385,103.905791323853,205 JALAN EUNOS URBAN TREASURES SINGAPORE 419535,7.966767145631702,50.0,2,0,0,2,6,11,1.0,0.0,1,2
CENTRAL IMPERIAL,730980.0,785.77,930.0,2021-08-01,73.0,10013.0,1.31194266781347,103.879213970964,3 LORONG 14 GEYLANG CENTRAL IMPERIAL SINGAPORE 398915,4.483469484998063,50.0,3,4,0,10,9,1,1.0,1.0,0,1
SUNFLOWER RESIDENCE,1020000.0,1011.82,1008.0,2021-08-01,94.0,10851.0,1.31241326518363,103.887148121308,45 LORONG 32 GEYLANG SUNFLOWER RESIDENCE SINGAPORE 398305,5.173213893378579,50.0,5,4,2,7,11,5,1.0,1.0,0,1
CENTRAL GROVE,1140000.0,1022.58,1115.0,2021-08-01,95.0,12000.0,1.31623494982413,103.884417981377,3 GEYLANG EAST AVENUE 1 CENTRAL GROVE SINGAPORE 389779,5.228491443172765,50.0,4,5,1,8,9,3,1.0,1.0,1,1
PARK PLACE RESIDENCES AT PLQ,1495000.0,667.37,2240.0,2021-08-01,62.0,24113.0,1.31583675363618,103.892746648427,2 PAYA LEBAR ROAD PARK PLACE RESIDENCES AT PLQ SINGAPORE 409053,5.896537427358871,50.0,3,3,3,4,12,6,4.0,,0,1
TROPIKA EAST,660000.0,462.85,1426.0,2021-08-01,43.0,15349.0,1.32886589161997,103.90719397756,3 FOO KIM LIN ROAD TROPIKA EAST SINGAPORE 419679,8.051842718239321,50.0,2,1,0,2,6,15,1.0,1.0,1,2
REZI 26,975000.0,764.24,1276.0,2021-08-01,71.0,13732.0,1.31277485329606,103.885104634024,5 LORONG 26 GEYLANG REZI 26 SINGAPORE 398480,5.024511275001018,50.0,4,4,1,7,11,4,2.0,1.0,0,1
EUHABITAT,717000.0,538.2,1332.0,2021-08-01,50.0,14340.0,1.32795415126263,103.9070014142,196 JALAN EUNOS EUHABITAT SINGAPORE 419542,7.971961203569236,50.0,2,2,0,2,6,15,1.0,1.0,1,2
CENTRAL IMPERIAL,690990.0,742.72,930.0,2021-08-01,69.0,10014.0,1.31194266781347,103.879213970964,3 LORONG 14 GEYLANG CENTRAL IMPERIAL SINGAPORE 398915,4.483469484998063,50.0,3,4,0,10,9,1,1.0,1.0,0,1
URBAN TREASURES,1228580.0,635.08,1935.0,2021-08-01,59.0,20823.0,1.32936720206385,103.905791323853,205 JALAN EUNOS URBAN TREASURES SINGAPORE 419535,7.966767145631702,50.0,2,0,0,2,6,11,1.0,0.0,1,2
THE ANTARES,1357000.0,861.12,1576.0,2021-08-01,80.0,16963.0,1.32541778538724,103.883403765337,23 MATTAR ROAD THE ANTARES SINGAPORE 387730,5.916441166611573,50.0,4,4,0,8,9,4,1.0,0.0,0,1
THE ANTARES,1401000.0,882.65,1587.0,2021-08-01,82.0,17085.0,1.32541778538724,103.883403765337,23 MATTAR ROAD THE ANTARES SINGAPORE 387730,5.916441166611573,50.0,4,4,0,8,9,4,1.0,0.0,0,1
THE ANTARES,1292000.0,850.36,1519.0,2021-08-01,79.0,16354.0,1.32541778538724,103.883403765337,23 MATTAR ROAD THE ANTARES SINGAPORE 387730,5.916441166611573,50.0,4,4,0,8,9,4,1.0,0.0,0,1
WATERBANK AT DAKOTA,2020000.0,1130.22,1787.0,2021-08-01,105.0,19238.0,1.30647833742136,103.888537197136,76 DAKOTA CRESCENT WATERBANK AT DAKOTA SINGAPORE 399944,4.918518965685704,50.0,3,3,0,5,10,6,4.0,1.0,1,1
VACANZA @ EAST,625000.0,484.38,1290.0,2021-08-01,45.0,13889.0,1.32901984483655,103.914196223923,36 LENGKONG TUJOH VACANZA @ EAST SINGAPORE 417391,8.680985857703446,50.0,3,1,0,2,8,12,1.0,1.0,1,2
SUNFLOWER LODGE,1200000.0,1151.75,1042.0,2021-08-01,107.0,11215.0,1.31359813614381,103.887912449228,9 LORONG 34 GEYLANG SUNFLOWER LODGE SINGAPORE 398207,5.321952269657823,50.0,4,4,3,7,11,4,1.0,1.0,0,1
WATERBANK AT DAKOTA,1980000.0,1280.92,1546.0,2021-08-01,119.0,16639.0,1.30647833742136,103.888537197136,76 DAKOTA CRESCENT WATERBANK AT DAKOTA SINGAPORE 399944,4.918518965685704,50.0,3,3,0,5,10,6,3.0,1.0,1,1
CENTRA STUDIOS,685000.0,484.38,1414.0,2021-08-01,45.0,15222.0,1.31444000148435,103.882324003158,25 LORONG 25 GEYLANG CENTRA STUDIOS SINGAPORE 388302,4.923274977554681,50.0,3,4,0,8,9,2,2.0,1.0,0,1
ESCADA VIEW,808000.0,775.01,1043.0,2021-08-01,72.0,11222.0,1.32899344664489,103.91347731741,53 LENGKONG EMPAT ESCADA VIEW SINGAPORE 417657,8.614569394694955,50.0,3,1,0,2,7,13,2.0,1.0,1,2
SIMS URBAN OASIS,720000.0,462.85,1556.0,2021-08-01,43.0,16744.0,1.31926710475553,103.880615863782,6 SIMS DRIVE SIMS URBAN OASIS SINGAPORE 387388,5.190897370243519,50.0,3,4,0,8,9,1,1.0,1.0,1,1
THE ANTARES,2343000.0,1367.03,1714.0,2021-08-01,127.0,18449.0,1.32541778538724,103.883403765337,23 MATTAR ROAD THE ANTARES SINGAPORE 387730,5.916441166611573,50.0,4,4,0,8,9,4,2.0,0.0,0,1
THE SUNNY SPRING,1490000.0,1194.8,1247.0,2021-08-01,111.0,13423.0,1.31219203070087,103.889464697147,50 LORONG 40 GEYLANG THE SUNNY SPRING SINGAPORE 398074,5.3613842782215055,50.0,4,4,3,6,11,5,2.0,1.0,0,1
TRE RESIDENCES,1398888.0,947.23,1477.0,2021-08-01,88.0,15896.0,1.3172278261209,103.885015905304,9 GEYLANG EAST AVENUE 1 TRE RESIDENCES SINGAPORE 389783,5.353082321074245,50.0,3,3,2,8,9,3,1.0,1.0,1,1
CENTRA LOFT,645000.0,473.62,1362.0,2021-08-01,44.0,14659.0,1.31481743950624,103.888376977987,3 LORONG 35 GEYLANG CENTRA LOFT SINGAPORE 387935,5.44803594028427,50.0,4,4,3,7,11,4,1.0,1.0,0,1
THE ANTARES,2367000.0,1367.03,1731.0,2021-08-01,127.0,18638.0,1.32541778538724,103.883403765337,23 MATTAR ROAD THE ANTARES SINGAPORE 387730,5.916441166611573,50.0,4,4,0,8,9,4,3.0,0.0,0,1
PARK PLACE RESIDENCES AT PLQ,2100000.0,1087.16,1932.0,2021-08-01,101.0,20792.0,1.31583675363618,103.892746648427,2 PAYA LEBAR ROAD PARK PLACE RESIDENCES AT PLQ SINGAPORE 409053,5.896537427358871,50.0,3,3,3,4,12,6,4.0,,0,1
URBAN TREASURES,1347960.0,656.6,1950.0,2021-08-01,61.0,20993.0,1.32936720206385,103.905791323853,205 JALAN EUNOS URBAN TREASURES SINGAPORE 419535,7.966767145631702,50.0,2,0,0,2,6,11,3.0,0.0,1,2
EUHABITAT,1580000.0,1334.74,1184.0,2021-08-01,124.0,12742.0,1.32795415126263,103.9070014142,196 JALAN EUNOS EUHABITAT SINGAPORE 419542,7.971961203569236,50.0,2,2,0,2,6,15,1.0,1.0,1,2
M SUITES,2133120.0,1313.21,1624.0,2021-08-01,122.0,17485.0,1.32330751911211,103.909620521884,65 LORONG MELAYU M SUITES SINGAPORE 416952,7.901043793350142,50.0,2,1,0,2,9,16,1.0,0.0,0,2
THE ANTARES,1246000.0,699.66,1781.0,2021-08-01,65.0,19169.0,1.32541778538724,103.883403765337,23 MATTAR ROAD THE ANTARES SINGAPORE 387730,5.916441166611573,50.0,4,4,0,8,9,4,1.0,0.0,0,1
URBAN TREASURES,1275510.0,635.08,1908.0,2021-08-01,59.0,20538.0,1.32936720206385,103.905791323853,205 JALAN EUNOS URBAN TREASURES SINGAPORE 419535,7.966767145631702,50.0,2,0,0,2,6,11,2.0,0.0,1,2
URBAN TREASURES,1976540.0,1011.82,1856.0,2021-08-01,94.0,19976.0,1.32936720206385,103.905791323853,205 JALAN EUNOS URBAN TREASURES SINGAPORE 419535,7.966767145631702,50.0,2,0,0,2,6,11,2.0,0.0,1,2
URBAN TREASURES,1983680.0,1011.82,1862.0,2021-08-01,94.0,20048.0,1.32936720206385,103.905791323853,205 JALAN EUNOS URBAN TREASURES SINGAPORE 419535,7.966767145631702,50.0,2,0,0,2,6,11,2.0,0.0,1,2
THE ANTARES,2026000.0,1151.75,1759.0,2021-08-01,107.0,18935.0,1.32541778538724,103.883403765337,23 MATTAR ROAD THE ANTARES SINGAPORE 387730,5.916441166611573,50.0,4,4,0,8,9,4,3.0,0.0,0,1
THE ALCOVE,1190000.0,1270.15,937.0,2021-08-01,118.0,10085.0,1.31400655260741,103.884015328938,10 LORONG 27 GEYLANG THE ALCOVE SINGAPORE 388199,5.025483913717779,50.0,4,4,0,8,9,4,1.0,1.0,0,1
WATERBANK AT DAKOTA,1938000.0,1130.22,1715.0,2021-08-01,105.0,18457.0,1.30647833742136,103.888537197136,76 DAKOTA CRESCENT WATERBANK AT DAKOTA SINGAPORE 399944,4.918518965685704,50.0,3,3,0,5,10,6,3.0,1.0,1,1
GUILLEMARD EDGE,626000.0,409.03,1530.0,2021-08-01,38.0,16474.0,1.31200443744473,103.885949377155,38 LORONG 30 GEYLANG GUILLEMARD EDGE SINGAPORE 398371,5.041282413008211,50.0,4,4,1,7,11,5,1.0,1.0,0,1
LA BRISA,585000.0,430.56,1359.0,2021-08-01,40.0,14625.0,1.31190419143627,103.885369365155,50 LORONG 28 GEYLANG LA BRISA SINGAPORE 398453,4.984533537431171,50.0,4,4,1,7,11,5,2.0,1.0,0,1
LA BRISA,615000.0,452.09,1360.0,2021-08-01,42.0,14643.0,1.31190419143627,103.885369365155,50 LORONG 28 GEYLANG LA BRISA SINGAPORE 398453,4.984533537431171,50.0,4,4,1,7,11,5,1.0,1.0,0,1
REGAL 35,990000.0,947.23,1045.0,2021-08-01,88.0,11250.0,1.31567200360524,103.888350601456,15 LORONG 35 GEYLANG REGAL 35 SINGAPORE 387945,5.50731333517945,50.0,4,4,3,7,12,4,1.0,1.0,0,1
SUNFLOWER VIEW,1130000.0,1022.58,1105.0,2021-08-01,95.0,11895.0,1.31288444198327,103.888327290325,30 LORONG 36 GEYLANG SUNFLOWER VIEW SINGAPORE 398162,5.30818701585947,50.0,5,4,3,6,11,6,1.0,1.0,0,1
LOFT 33,985000.0,699.66,1408.0,2021-08-01,65.0,15154.0,1.31278422240834,103.887200888953,33 LORONG 32 GEYLANG LOFT 33 SINGAPORE 398293,5.2036450346020215,50.0,5,5,2,7,11,5,2.0,1.0,0,1
GEYLANG HERITAGE,1205000.0,1227.1,982.0,2021-08-01,114.0,10570.0,1.31277798791187,103.88765159438,34 LORONG 34 GEYLANG GEYLANG HERITAGE SINGAPORE 398231,5.242143302878638,50.0,5,4,2,7,11,6,2.0,1.0,0,1
GUILLEMARD EDGE,780000.0,559.73,1394.0,2021-08-01,52.0,15000.0,1.31200443744473,103.885949377155,38 LORONG 30 GEYLANG GUILLEMARD EDGE SINGAPORE 398371,5.041282413008211,50.0,4,4,1,7,11,5,1.0,1.0,0,1
THE TRUMPS,1270000.0,1044.11,1216.0,2021-08-01,97.0,13093.0,1.32002610262337,103.91348728953,1 JALAN KEMBANGAN THE TRUMPS SINGAPORE 419154,8.069943599460245,50.0,1,0,0,2,12,18,1.0,1.0,1,2
ASTORIA PARK,940000.0,925.7,1015.0,2021-08-01,86.0,10930.0,1.32177770499303,103.91225216665,34 LORONG MYDIN ASTORIA PARK SINGAPORE 416827,8.053226885077692,50.0,1,1,0,2,12,17,1.0,1.0,1,2
PAVILION SQUARE,542000.0,398.27,1361.0,2021-08-01,37.0,14649.0,1.31297800060859,103.879770800217,345 GEYLANG ROAD PAVILION SQUARE SINGAPORE 389366,4.608727400946871,50.0,3,4,0,10,10,1,1.0,1.0,0,1
TREASURES@G6,546000.0,419.8,1301.0,2021-08-01,39.0,14000.0,1.31061812912929,103.876727965474,35 LORONG 6 GEYLANG TREASURES@G6 SINGAPORE 399187,4.186237477544645,50.0,4,3,2,10,8,2,2.0,1.0,0,1
TORIEVILLE,933000.0,914.94,1020.0,2021-08-01,85.0,10976.0,1.30976631711074,103.876878105707,47 LORONG 6 GEYLANG TORIE VILLE SINGAPORE 399202,4.129666215374106,50.0,3,3,2,10,8,2,2.0,1.0,0,1
TORIEVILLE,938000.0,914.94,1025.0,2021-08-01,85.0,11035.0,1.30976631711074,103.876878105707,47 LORONG 6 GEYLANG TORIE VILLE SINGAPORE 399202,4.129666215374106,50.0,3,3,2,10,8,2,2.0,1.0,0,1
DAKOTA RESIDENCES,1450000.0,1022.58,1418.0,2021-08-01,95.0,15263.0,1.30637270876178,103.88708549006,34 DAKOTA CRESCENT DAKOTA RESIDENCES SINGAPORE 399936,4.7757251422267535,50.0,3,3,0,6,10,5,1.0,1.0,1,1
THE ANTARES,1615000.0,882.65,1830.0,2021-08-01,82.0,19695.0,1.32541778538724,103.883403765337,23 MATTAR ROAD THE ANTARES SINGAPORE 387730,5.916441166611573,50.0,4,4,0,8,9,4,2.0,0.0,0,1
TREASURES@G6,990000.0,1323.97,748.0,2021-08-01,123.0,8049.0,1.31061812912929,103.876727965474,35 LORONG 6 GEYLANG TREASURES@G6 SINGAPORE 399187,4.186237477544645,50.0,4,3,2,10,8,2,2.0,1.0,0,1
VACANZA @ EAST,708000.0,559.73,1265.0,2021-08-01,52.0,13615.0,1.32901984483655,103.914196223923,36 LENGKONG TUJOH VACANZA @ EAST SINGAPORE 417391,8.680985857703446,50.0,3,1,0,2,8,12,2.0,1.0,1,2
EUHABITAT,780000.0,602.78,1294.0,2021-08-01,56.0,13929.0,1.32795415126263,103.9070014142,196 JALAN EUNOS EUHABITAT SINGAPORE 419542,7.971961203569236,50.0,2,2,0,2,6,15,1.0,1.0,1,2
ESTA RUBY,1688000.0,1130.22,1494.0,2021-08-01,105.0,16076.0,1.31390006507675,103.893617178884,500 GUILLEMARD ROAD ESTA RUBY SINGAPORE 399839,5.845471443212252,50.0,3,2,3,3,13,8,3.0,1.0,0,1
# 1 SUITES,688000.0,581.26,1184.0,2021-08-01,54.0,12741.0,1.31239029325188,103.881504147527,1 LORONG 20 GEYLANG # 1 SUITES SINGAPORE 398721,4.699608709809529,50.0,3,3,0,8,9,2,2.0,1.0,0,1
URBAN TREASURES,1990820.0,1011.82,1869.0,2021-08-01,94.0,20120.0,1.32936720206385,103.905791323853,205 JALAN EUNOS URBAN TREASURES SINGAPORE 419535,7.966767145631702,50.0,2,0,0,2,6,11,2.0,0.0,1,2
URBAN TREASURES,2005110.0,1011.82,1883.0,2021-08-01,94.0,20264.0,1.32936720206385,103.905791323853,205 JALAN EUNOS URBAN TREASURES SINGAPORE 419535,7.966767145631702,50.0,2,0,0,2,6,11,2.0,0.0,1,2
THE ANTARES,1340000.0,731.95,1831.0,2021-08-01,68.0,19706.0,1.32541778538724,103.883403765337,23 MATTAR ROAD THE ANTARES SINGAPORE 387730,5.916441166611573,50.0,4,4,0,8,9,4,1.0,0.0,0,1
THE ANTARES,2377000.0,1367.03,1739.0,2021-08-01,127.0,18717.0,1.32541778538724,103.883403765337,23 MATTAR ROAD THE ANTARES SINGAPORE 387730,5.916441166611573,50.0,4,4,0,8,9,4,3.0,0.0,0,1
ASTON LODGE,768000.0,807.3,951.0,2021-08-01,75.0,10240.0,1.31013061106888,103.877075411974,56 LORONG 8 GEYLANG ASTON LODGE SINGAPORE 399116,4.173867489967378,50.0,4,4,2,10,8,2,2.0,1.0,0,1
PARK 1 SUITES,1425000.0,1097.93,1298.0,2021-08-01,102.0,13971.0,1.31404268792091,103.889347045446,8 LORONG 40 GEYLANG PARK 1 SUITES SINGAPORE 398054,5.476811645969878,50.0,4,4,3,6,11,4,1.0,1.0,0,1
PALM LODGE,1600000.0,1593.07,1004.0,2021-08-01,148.0,10811.0,1.31520570234631,103.889925313896,4 LORONG 37 GEYLANG PALM LODGE SINGAPORE 387902,5.607877557528137,50.0,4,4,3,6,13,4,1.0,1.0,0,1
URBAN TREASURES,1272450.0,656.6,1841.0,2021-08-01,61.0,19817.0,1.32936720206385,103.905791323853,205 JALAN EUNOS URBAN TREASURES SINGAPORE 419535,7.966767145631702,50.0,2,0,0,2,6,11,1.0,0.0,1,2
URBAN TREASURES,1278580.0,656.6,1850.0,2021-08-01,61.0,19912.0,1.32936720206385,103.905791323853,205 JALAN EUNOS URBAN TREASURES SINGAPORE 419535,7.966767145631702,50.0,2,0,0,2,6,11,1.0,0.0,1,2
URBAN TREASURES,1350000.0,656.6,1953.0,2021-08-01,61.0,21025.0,1.32936720206385,103.905791323853,205 JALAN EUNOS URBAN TREASURES SINGAPORE 419535,7.966767145631702,50.0,2,0,0,2,6,11,2.0,0.0,1,2
THE ANTARES,970000.0,602.78,1609.0,2021-07-01,56.0,17321.0,1.32541778538724,103.883403765337,23 MATTAR ROAD THE ANTARES SINGAPORE 387730,5.916441166611573,51.0,4,4,0,8,9,4,1.0,0.0,0,1
PENROSE,1927000.0,1184.04,1627.0,2021-07-01,110.0,17518.0,1.31948983025856,103.879994891095,22 SIMS DRIVE PENROSE SINGAPORE 387396,5.166503889250989,51.0,3,4,0,8,9,1,1.0,0.0,0,1
SIMS URBAN OASIS,1008000.0,667.37,1510.0,2021-07-01,62.0,16258.0,1.31926710475553,103.880615863782,6 SIMS DRIVE SIMS URBAN OASIS SINGAPORE 387388,5.190897370243519,51.0,3,4,0,8,9,1,3.0,1.0,1,1
URBAN TREASURES,1356130.0,656.6,1962.0,2021-07-01,61.0,21120.0,1.32936720206385,103.905791323853,205 JALAN EUNOS URBAN TREASURES SINGAPORE 419535,7.966767145631702,51.0,2,0,0,2,6,11,2.0,0.0,1,2
THE ANTARES,1210000.0,688.9,1756.0,2021-07-01,64.0,18906.0,1.32541778538724,103.883403765337,23 MATTAR ROAD THE ANTARES SINGAPORE 387730,5.916441166611573,51.0,4,4,0,8,9,4,1.0,0.0,0,1
THE ANTARES,1215000.0,688.9,1764.0,2021-07-01,64.0,18984.0,1.32541778538724,103.883403765337,23 MATTAR ROAD THE ANTARES SINGAPORE 387730,5.916441166611573,51.0,4,4,0,8,9,4,1.0,0.0,0,1
THE ANTARES,1958000.0,1151.75,1700.0,2021-07-01,107.0,18299.0,1.32541778538724,103.883403765337,23 MATTAR ROAD THE ANTARES SINGAPORE 387730,5.916441166611573,51.0,4,4,0,8,9,4,2.0,0.0,0,1
THE ANTARES,1291000.0,710.42,1817.0,2021-07-01,66.0,19561.0,1.32541778538724,103.883403765337,23 MATTAR ROAD THE ANTARES SINGAPORE 387730,5.916441166611573,51.0,4,4,0,8,9,4,1.0,0.0,0,1
THE ANTARES,1281000.0,710.42,1803.0,2021-07-01,66.0,19409.0,1.32541778538724,103.883403765337,23 MATTAR ROAD THE ANTARES SINGAPORE 387730,5.916441166611573,51.0,4,4,0,8,9,4,1.0,0.0,0,1
ASTORIA PARK,1025000.0,1001.05,1024.0,2021-07-01,93.0,11022.0,1.32177770499303,103.91225216665,34 LORONG MYDIN ASTORIA PARK SINGAPORE 416827,8.053226885077692,51.0,1,1,0,2,12,17,3.0,1.0,1,2
M SUITES,1638888.0,1022.58,1603.0,2021-07-01,95.0,17251.0,1.32330751911211,103.909620521884,65 LORONG MELAYU M SUITES SINGAPORE 416952,7.901043793350142,51.0,2,1,0,2,9,16,1.0,0.0,0,2
M SUITES,1638888.0,1022.58,1603.0,2021-07-01,95.0,17251.0,1.32330751911211,103.909620521884,65 LORONG MELAYU M SUITES SINGAPORE 416952,7.901043793350142,51.0,2,1,0,2,9,16,1.0,0.0,0,2
CRYSTAL LODGE,1028888.0,1184.04,869.0,2021-07-01,110.0,9354.0,1.31139887994503,103.879671115715,30 LORONG 16 GEYLANG CRYSTAL LODGE SINGAPORE 398870,4.476866798201574,51.0,3,4,0,10,10,1,1.0,1.0,0,1
CENTRAL GROVE,1370000.0,1184.04,1157.0,2021-07-01,110.0,12455.0,1.31623494982413,103.884417981377,3 GEYLANG EAST AVENUE 1 CENTRAL GROVE SINGAPORE 389779,5.228491443172765,51.0,4,5,1,8,9,3,4.0,1.0,1,1
VACANZA @ EAST,696888.0,559.73,1245.0,2021-07-01,52.0,13402.0,1.32901984483655,103.914196223923,36 LENGKONG TUJOH VACANZA @ EAST SINGAPORE 417391,8.680985857703446,51.0,3,1,0,2,8,12,1.0,1.0,1,2
THE ANTARES,1383000.0,828.83,1669.0,2021-07-01,77.0,17961.0,1.32541778538724,103.883403765337,23 MATTAR ROAD THE ANTARES SINGAPORE 387730,5.916441166611573,51.0,4,4,0,8,9,4,1.0,0.0,0,1
THE ANTARES,1217000.0,688.9,1767.0,2021-07-01,64.0,19016.0,1.32541778538724,103.883403765337,23 MATTAR ROAD THE ANTARES SINGAPORE 387730,5.916441166611573,51.0,4,4,0,8,9,4,1.0,0.0,0,1
THE ANTARES,1286000.0,710.42,1810.0,2021-07-01,66.0,19485.0,1.32541778538724,103.883403765337,23 MATTAR ROAD THE ANTARES SINGAPORE 387730,5.916441166611573,51.0,4,4,0,8,9,4,1.0,0.0,0,1
EUHABITAT,696000.0,538.2,1293.0,2021-07-01,50.0,13920.0,1.32795415126263,103.9070014142,196 JALAN EUNOS EUHABITAT SINGAPORE 419542,7.971961203569236,51.0,2,2,0,2,6,15,1.0,1.0,1,2
WATERBANK AT DAKOTA,1962000.0,1130.22,1736.0,2021-07-01,105.0,18686.0,1.30647833742136,103.888537197136,76 DAKOTA CRESCENT WATERBANK AT DAKOTA SINGAPORE 399944,4.918518965685704,51.0,3,3,0,5,10,6,2.0,1.0,1,1
SIMS URBAN OASIS,700000.0,409.03,1711.0,2021-07-01,38.0,18421.0,1.31926710475553,103.880615863782,6 SIMS DRIVE SIMS URBAN OASIS SINGAPORE 387388,5.190897370243519,51.0,3,4,0,8,9,1,2.0,1.0,1,1
URBAN TREASURES,1217350.0,635.08,1821.0,2021-07-01,59.0,19601.0,1.32936720206385,103.905791323853,205 JALAN EUNOS URBAN TREASURES SINGAPORE 419535,7.966767145631702,51.0,2,0,0,2,6,11,1.0,0.0,1,2
THE ANTARES,1220000.0,688.9,1771.0,2021-07-01,64.0,19063.0,1.32541778538724,103.883403765337,23 MATTAR ROAD THE ANTARES SINGAPORE 387730,5.916441166611573,51.0,4,4,0,8,9,4,1.0,0.0,0,1
THE ANTARES,1297000.0,731.95,1772.0,2021-07-01,68.0,19074.0,1.32541778538724,103.883403765337,23 MATTAR ROAD THE ANTARES SINGAPORE 387730,5.916441166611573,51.0,4,4,0,8,9,4,1.0,0.0,0,1
THE ANTARES,1977000.0,1151.75,1717.0,2021-07-01,107.0,18477.0,1.32541778538724,103.883403765337,23 MATTAR ROAD THE ANTARES SINGAPORE 387730,5.916441166611573,51.0,4,4,0,8,9,4,2.0,0.0,0,1
THE ANTARES,1997000.0,1151.75,1734.0,2021-07-01,107.0,18664.0,1.32541778538724,103.883403765337,23 MATTAR ROAD THE ANTARES SINGAPORE 387730,5.916441166611573,51.0,4,4,0,8,9,4,3.0,0.0,0,1
THE ANTARES,1293000.0,688.9,1877.0,2021-07-01,64.0,20203.0,1.32541778538724,103.883403765337,23 MATTAR ROAD THE ANTARES SINGAPORE 387730,5.916441166611573,51.0,4,4,0,8,9,4,4.0,0.0,0,1
SUITES@CHANGI,1250000.0,1151.75,1085.0,2021-07-01,107.0,11682.0,1.317041377544,103.904748281539,226 CHANGI ROAD SUITES@CHANGI SINGAPORE 419740,7.06748560964527,51.0,1,3,0,1,14,16,1.0,1.0,0,1
PENROSE,1907000.0,1184.04,1611.0,2021-07-01,110.0,17336.0,1.31948983025856,103.879994891095,22 SIMS DRIVE PENROSE SINGAPORE 387396,5.166503889250989,51.0,3,4,0,8,9,1,2.0,0.0,0,1
THE ANTARES,1584000.0,882.65,1795.0,2021-07-01,82.0,19317.0,1.32541778538724,103.883403765337,23 MATTAR ROAD THE ANTARES SINGAPORE 387730,5.916441166611573,51.0,4,4,0,8,9,4,1.0,0.0,0,1
THE ANTARES,1285000.0,688.9,1865.0,2021-07-01,64.0,20078.0,1.32541778538724,103.883403765337,23 MATTAR ROAD THE ANTARES SINGAPORE 387730,5.916441166611573,51.0,4,4,0,8,9,4,3.0,0.0,0,1
PENROSE,1941000.0,1173.28,1654.0,2021-07-01,109.0,17807.0,1.31948983025856,103.879994891095,22 SIMS DRIVE PENROSE SINGAPORE 387396,5.166503889250989,51.0,3,4,0,8,9,1,2.0,0.0,0,1
PENROSE,1953000.0,1173.28,1665.0,2021-07-01,109.0,17917.0,1.31948983025856,103.879994891095,22 SIMS DRIVE PENROSE SINGAPORE 387396,5.166503889250989,51.0,3,4,0,8,9,1,2.0,0.0,0,1
TEDGE,1432046.0,861.12,1663.0,2021-07-01,80.0,17901.0,1.3180672677589,103.908811491066,328 CHANGI ROAD TEDGE SINGAPORE 419803,7.512024356099393,51.0,2,1,0,1,14,15,1.0,0.0,0,2
NOMA,1153187.0,699.66,1648.0,2021-07-01,65.0,17741.0,1.31161656190118,103.885373542152,333 GUILLEMARD ROAD NOMA SINGAPORE 399758,4.964558828553237,51.0,3,3,1,7,11,5,2.0,0.0,0,1
THE ANTARES,1300000.0,818.06,1589.0,2021-07-01,76.0,17105.0,1.32541778538724,103.883403765337,23 MATTAR ROAD THE ANTARES SINGAPORE 387730,5.916441166611573,51.0,4,4,0,8,9,4,1.0,0.0,0,1
SIMS URBAN OASIS,968000.0,624.31,1551.0,2021-07-01,58.0,16690.0,1.31926710475553,103.880615863782,6 SIMS DRIVE SIMS URBAN OASIS SINGAPORE 387388,5.190897370243519,51.0,3,4,0,8,9,1,3.0,1.0,1,1
THE ANTARES,1223000.0,688.9,1775.0,2021-07-01,64.0,19109.0,1.32541778538724,103.883403765337,23 MATTAR ROAD THE ANTARES SINGAPORE 387730,5.916441166611573,51.0,4,4,0,8,9,4,1.0,0.0,0,1
THE ANTARES,1291000.0,710.42,1817.0,2021-07-01,66.0,19561.0,1.32541778538724,103.883403765337,23 MATTAR ROAD THE ANTARES SINGAPORE 387730,5.916441166611573,51.0,4,4,0,8,9,4,1.0,0.0,0,1
THE ANTARES,1275000.0,688.9,1851.0,2021-07-01,64.0,19922.0,1.32541778538724,103.883403765337,23 MATTAR ROAD THE ANTARES SINGAPORE 387730,5.916441166611573,51.0,4,4,0,8,9,4,3.0,0.0,0,1
PENROSE,2016000.0,1184.04,1703.0,2021-07-01,110.0,18327.0,1.31948983025856,103.879994891095,22 SIMS DRIVE PENROSE SINGAPORE 387396,5.166503889250989,51.0,3,4,0,8,9,1,2.0,0.0,0,1
SUITES 28,585000.0,430.56,1359.0,2021-07-01,40.0,14625.0,1.31268459175571,103.885941111431,28 LORONG 30 GEYLANG SUITES 28 SINGAPORE 398361,5.088755596385559,51.0,5,4,1,7,11,4,1.0,1.0,0,1
PENROSE,1947000.0,1173.28,1659.0,2021-07-01,109.0,17862.0,1.31948983025856,103.879994891095,22 SIMS DRIVE PENROSE SINGAPORE 387396,5.166503889250989,51.0,3,4,0,8,9,1,2.0,0.0,0,1
THE SUNNY SPRING,1488888.0,1356.26,1098.0,2021-07-01,126.0,11817.0,1.31219203070087,103.889464697147,50 LORONG 40 GEYLANG THE SUNNY SPRING SINGAPORE 398074,5.3613842782215055,51.0,4,4,3,6,11,5,1.0,1.0,0,1
CENTRA RESIDENCE,1055000.0,958.0,1101.0,2021-07-01,89.0,11854.0,1.312846209179,103.875936321332,8 LORONG 7 GEYLANG CENTRA RESIDENCE SINGAPORE 388792,4.311991373002679,51.0,2,2,0,10,8,1,2.0,1.0,0,1
EUHABITAT,685000.0,538.2,1273.0,2021-07-01,50.0,13700.0,1.32795415126263,103.9070014142,196 JALAN EUNOS EUHABITAT SINGAPORE 419542,7.971961203569236,51.0,2,2,0,2,6,15,1.0,1.0,1,2
URBAN TREASURES,1259190.0,635.08,1884.0,2021-07-01,59.0,20275.0,1.32936720206385,103.905791323853,205 JALAN EUNOS URBAN TREASURES SINGAPORE 419535,7.966767145631702,51.0,2,0,0,2,6,11,2.0,0.0,1,2
PENROSE,1884000.0,1097.93,1716.0,2021-07-01,102.0,18471.0,1.31948983025856,103.879994891095,22 SIMS DRIVE PENROSE SINGAPORE 387396,5.166503889250989,51.0,3,4,0,8,9,1,4.0,0.0,0,1
THE ANTARES,1310000.0,731.95,1790.0,2021-07-01,68.0,19265.0,1.32541778538724,103.883403765337,23 MATTAR ROAD THE ANTARES SINGAPORE 387730,5.916441166611573,51.0,4,4,0,8,9,4,1.0,0.0,0,1
THE ANTARES,1320000.0,731.95,1803.0,2021-07-01,68.0,19412.0,1.32541778538724,103.883403765337,23 MATTAR ROAD THE ANTARES SINGAPORE 387730,5.916441166611573,51.0,4,4,0,8,9,4,2.0,0.0,0,1
THE ANTARES,1276000.0,688.9,1852.0,2021-07-01,64.0,19938.0,1.32541778538724,103.883403765337,23 MATTAR ROAD THE ANTARES SINGAPORE 387730,5.916441166611573,51.0,4,4,0,8,9,4,1.0,0.0,0,1
THE ANTARES,1241999.0,688.9,1803.0,2021-07-01,64.0,19406.0,1.32541778538724,103.883403765337,23 MATTAR ROAD THE ANTARES SINGAPORE 387730,5.916441166611573,51.0,4,4,0,8,9,4,2.0,0.0,0,1
THE ANTARES,1328000.0,710.42,1869.0,2021-07-01,66.0,20121.0,1.32541778538724,103.883403765337,23 MATTAR ROAD THE ANTARES SINGAPORE 387730,5.916441166611573,51.0,4,4,0,8,9,4,3.0,0.0,0,1
THE ANTARES,1338000.0,710.42,1883.0,2021-07-01,66.0,20273.0,1.32541778538724,103.883403765337,23 MATTAR ROAD THE ANTARES SINGAPORE 387730,5.916441166611573,51.0,4,4,0,8,9,4,3.0,0.0,0,1
THE ANTARES,1329000.0,818.06,1625.0,2021-07-01,76.0,17487.0,1.32541778538724,103.883403765337,23 MATTAR ROAD THE ANTARES SINGAPORE 387730,5.916441166611573,51.0,4,4,0,8,9,4,1.0,0.0,0,1
URBAN TREASURES,1074490.0,516.67,1976.0,2021-07-01,48.0,21266.0,1.32936720206385,103.905791323853,205 JALAN EUNOS URBAN TREASURES SINGAPORE 419535,7.966767145631702,51.0,2,0,0,2,6,11,2.0,0.0,1,2
THE ANTARES,1915000.0,1151.75,1663.0,2021-07-01,107.0,17897.0,1.32541778538724,103.883403765337,23 MATTAR ROAD THE ANTARES SINGAPORE 387730,5.916441166611573,51.0,4,4,0,8,9,4,1.0,0.0,0,1
URBAN TREASURES,1022450.0,516.67,1880.0,2021-07-01,48.0,20236.0,1.32936720206385,103.905791323853,205 JALAN EUNOS URBAN TREASURES SINGAPORE 419535,7.966767145631702,51.0,2,0,0,2,6,11,2.0,0.0,1,2
URBAN TREASURES,1054090.0,516.67,1938.0,2021-07-01,48.0,20862.0,1.32936720206385,103.905791323853,205 JALAN EUNOS URBAN TREASURES SINGAPORE 419535,7.966767145631702,51.0,2,0,0,2,6,11,1.0,0.0,1,2
EUHABITAT,665000.0,548.96,1211.0,2021-07-01,51.0,13039.0,1.32795415126263,103.9070014142,196 JALAN EUNOS EUHABITAT SINGAPORE 419542,7.971961203569236,51.0,2,2,0,2,6,15,1.0,1.0,1,2
LE CRESCENDO,1370000.0,947.23,1446.0,2021-07-01,88.0,15568.0,1.33049714674003,103.888409268781,233 PAYA LEBAR ROAD LE CRESCENDO SINGAPORE 409044,6.701977813091088,51.0,4,3,0,6,9,4,4.0,1.0,1,1
STARVILLE,1300000.0,1216.33,1069.0,2021-07-01,113.0,11504.0,1.32826483616522,103.912067534158,66 LENGKONG TIGA STARVILLE SINGAPORE 417471,8.44041551036464,51.0,3,1,0,2,7,15,2.0,1.0,1,2
SIMS URBAN OASIS,1080000.0,667.37,1618.0,2021-07-01,62.0,17419.0,1.31926710475553,103.880615863782,6 SIMS DRIVE SIMS URBAN OASIS SINGAPORE 387388,5.190897370243519,51.0,3,4,0,8,9,1,4.0,1.0,1,1
THE ANTARES,1251000.0,688.9,1816.0,2021-07-01,64.0,19547.0,1.32541778538724,103.883403765337,23 MATTAR ROAD THE ANTARES SINGAPORE 387730,5.916441166611573,51.0,4,4,0,8,9,4,2.0,0.0,0,1
PENROSE,2317000.0,1399.32,1656.0,2021-07-01,130.0,17823.0,1.31948983025856,103.879994891095,22 SIMS DRIVE PENROSE SINGAPORE 387396,5.166503889250989,51.0,3,4,0,8,9,1,2.0,0.0,0,1
PRIME RESIDENCE,650000.0,527.44,1232.0,2021-07-01,49.0,13265.0,1.31118981428433,103.882466535926,41 LORONG 22 GEYLANG PRIME RESIDENCE SINGAPORE 398697,4.688267126786674,51.0,3,4,0,8,9,2,2.0,1.0,0,1
M SUITES,1774800.0,1044.11,1700.0,2021-07-01,97.0,18297.0,1.32330751911211,103.909620521884,65 LORONG MELAYU M SUITES SINGAPORE 416952,7.901043793350142,51.0,2,1,0,2,9,16,1.0,0.0,0,2
CASA SARINA,1235000.0,1108.69,1114.0,2021-07-01,103.0,11990.0,1.32018967220914,103.906865928269,101 LORONG SARINA CASA SARINA SINGAPORE 416729,7.4542779982704115,51.0,2,1,0,1,12,14,1.0,1.0,1,2
THE ANTARES,1228000.0,688.9,1783.0,2021-07-01,64.0,19188.0,1.32541778538724,103.883403765337,23 MATTAR ROAD THE ANTARES SINGAPORE 387730,5.916441166611573,51.0,4,4,0,8,9,4,1.0,0.0,0,1
THE ANTARES,1323000.0,710.42,1862.0,2021-07-01,66.0,20045.0,1.32541778538724,103.883403765337,23 MATTAR ROAD THE ANTARES SINGAPORE 387730,5.916441166611573,51.0,4,4,0,8,9,4,3.0,0.0,0,1
THE ANTARES,1333000.0,710.42,1876.0,2021-07-01,66.0,20197.0,1.32541778538724,103.883403765337,23 MATTAR ROAD THE ANTARES SINGAPORE 387730,5.916441166611573,51.0,4,4,0,8,9,4,3.0,0.0,0,1
DAKOTA RESIDENCES,1968888.0,1313.21,1499.0,2021-07-01,122.0,16138.0,1.30637270876178,103.88708549006,34 DAKOTA CRESCENT DAKOTA RESIDENCES SINGAPORE 399936,4.7757251422267535,51.0,3,3,0,6,10,5,4.0,1.0,1,1
CANBERLIN LODGE,978000.0,1162.51,841.0,2021-07-01,108.0,9056.0,1.30944640897271,103.876928896198,69 LORONG 6 GEYLANG CANBERLIN LODGE SINGAPORE 399221,4.10835681018779,51.0,3,4,2,10,7,2,2.0,1.0,0,1
PAVILION SQUARE,560000.0,398.27,1406.0,2021-07-01,37.0,15135.0,1.31297800060859,103.879770800217,345 GEYLANG ROAD PAVILION SQUARE SINGAPORE 389366,4.608727400946871,51.0,3,4,0,10,10,1,2.0,1.0,0,1
THE SUNNY SPRING,1305000.0,1108.69,1177.0,2021-07-01,103.0,12670.0,1.31219203070087,103.889464697147,50 LORONG 40 GEYLANG THE SUNNY SPRING SINGAPORE 398074,5.3613842782215055,51.0,4,4,3,6,11,5,1.0,1.0,0,1
SIMS URBAN OASIS,1020000.0,667.37,1528.0,2021-07-01,62.0,16452.0,1.31926710475553,103.880615863782,6 SIMS DRIVE SIMS URBAN OASIS SINGAPORE 387388,5.190897370243519,51.0,3,4,0,8,9,1,4.0,1.0,1,1
URBAN TREASURES,1334700.0,699.66,1812.0,2021-07-01,65.0,19507.0,1.32936720206385,103.905791323853,205 JALAN EUNOS URBAN TREASURES SINGAPORE 419535,7.966767145631702,51.0,2,0,0,2,6,11,1.0,0.0,1,2
THE ANTARES,1299000.0,710.42,1828.0,2021-07-01,66.0,19682.0,1.32541778538724,103.883403765337,23 MATTAR ROAD THE ANTARES SINGAPORE 387730,5.916441166611573,51.0,4,4,0,8,9,4,2.0,0.0,0,1
THE ANTARES,1261000.0,688.9,1830.0,2021-07-01,64.0,19703.0,1.32541778538724,103.883403765337,23 MATTAR ROAD THE ANTARES SINGAPORE 387730,5.916441166611573,51.0,4,4,0,8,9,4,2.0,0.0,0,1
THE ANTARES,1343000.0,710.42,1890.0,2021-07-01,66.0,20348.0,1.32541778538724,103.883403765337,23 MATTAR ROAD THE ANTARES SINGAPORE 387730,5.916441166611573,51.0,4,4,0,8,9,4,3.0,0.0,0,1
TEDGE,1441257.0,861.12,1674.0,2021-07-01,80.0,18016.0,1.3180672677589,103.908811491066,328 CHANGI ROAD TEDGE SINGAPORE 419803,7.512024356099393,51.0,2,1,0,1,14,15,1.0,0.0,0,2
SIMS URBAN OASIS,785000.0,462.85,1696.0,2021-07-01,43.0,18256.0,1.31926710475553,103.880615863782,6 SIMS DRIVE SIMS URBAN OASIS SINGAPORE 387388,5.190897370243519,51.0,3,4,0,8,9,1,4.0,1.0,1,1
GUILIN MANSIONS,1150000.0,1065.64,1079.0,2021-07-01,99.0,11616.0,1.31578777361004,103.889959506676,8 LORONG 37 GEYLANG GUILIN MANSIONS SINGAPORE 387906,5.651886473507491,51.0,4,4,3,6,13,4,1.0,1.0,0,1
EUHABITAT,1730000.0,1302.44,1328.0,2021-07-01,121.0,14298.0,1.32795415126263,103.9070014142,196 JALAN EUNOS EUHABITAT SINGAPORE 419542,7.971961203569236,51.0,2,2,0,2,6,15,1.0,1.0,1,2
CENTRA HEIGHTS,868000.0,570.49,1521.0,2021-07-01,53.0,16377.0,1.31629397762889,103.88657418395,455 SIMS AVENUE CENTRA HEIGHTS SINGAPORE 387607,5.406260020602187,51.0,4,4,3,7,11,4,1.0,1.0,0,1
THE ANTARES,2323000.0,1367.03,1699.0,2021-07-01,127.0,18291.0,1.32541778538724,103.883403765337,23 MATTAR ROAD THE ANTARES SINGAPORE 387730,5.916441166611573,51.0,4,4,0,8,9,4,2.0,0.0,0,1
THE ANTARES,1273000.0,656.6,1939.0,2021-07-01,61.0,20869.0,1.32541778538724,103.883403765337,23 MATTAR ROAD THE ANTARES SINGAPORE 387730,5.916441166611573,51.0,4,4,0,8,9,4,3.0,0.0,0,1
TEDGE,1530678.0,925.7,1654.0,2021-07-01,86.0,17799.0,1.3180672677589,103.908811491066,328 CHANGI ROAD TEDGE SINGAPORE 419803,7.512024356099393,51.0,2,1,0,1,14,15,1.0,0.0,0,2
URBAN TREASURES,1997960.0,1011.82,1876.0,2021-07-01,94.0,20192.0,1.32936720206385,103.905791323853,205 JALAN EUNOS URBAN TREASURES SINGAPORE 419535,7.966767145631702,51.0,2,0,0,2,6,11,2.0,0.0,1,2
TEDGE,1618794.0,1001.05,1617.0,2021-07-01,93.0,17406.0,1.3180672677589,103.908811491066,328 CHANGI ROAD TEDGE SINGAPORE 419803,7.512024356099393,51.0,2,1,0,1,14,15,1.0,0.0,0,2
TEDGE,1719529.0,1033.34,1664.0,2021-07-01,96.0,17912.0,1.3180672677589,103.908811491066,328 CHANGI ROAD TEDGE SINGAPORE 419803,7.512024356099393,51.0,2,1,0,1,14,15,1.0,0.0,0,2
THE ANTARES,1320000.0,731.95,1803.0,2021-07-01,68.0,19412.0,1.32541778538724,103.883403765337,23 MATTAR ROAD THE ANTARES SINGAPORE 387730,5.916441166611573,51.0,4,4,0,8,9,4,1.0,0.0,0,1
SIMS URBAN OASIS,1488000.0,958.0,1553.0,2021-07-01,89.0,16719.0,1.31926710475553,103.880615863782,6 SIMS DRIVE SIMS URBAN OASIS SINGAPORE 387388,5.190897370243519,51.0,3,4,0,8,9,1,1.0,1.0,1,1
EUHABITAT,700000.0,559.73,1251.0,2021-07-01,52.0,13462.0,1.32795415126263,103.9070014142,196 JALAN EUNOS EUHABITAT SINGAPORE 419542,7.971961203569236,51.0,2,2,0,2,6,15,1.0,1.0,1,2
VACANZA @ EAST,1050000.0,839.59,1251.0,2021-07-01,78.0,13462.0,1.32901984483655,103.914196223923,36 LENGKONG TUJOH VACANZA @ EAST SINGAPORE 417391,8.680985857703446,51.0,3,1,0,2,8,12,1.0,1.0,1,2
SIMSVILLE,1300000.0,1248.62,1041.0,2021-07-01,116.0,11207.0,1.31703114737635,103.890499582849,2 GEYLANG EAST AVENUE 2 SIMSVILLE SINGAPORE 389754,5.786575389274496,51.0,4,4,3,6,12,4,3.0,1.0,1,1
PARK 1 SUITES,1470000.0,1097.93,1339.0,2021-07-01,102.0,14412.0,1.31404268792091,103.889347045446,8 LORONG 40 GEYLANG PARK 1 SUITES SINGAPORE 398054,5.476811645969878,51.0,4,4,3,6,11,4,2.0,1.0,0,1
ASTON MANSIONS,1190000.0,1216.33,978.0,2021-07-01,113.0,10531.0,1.31393251470132,103.890612644048,7 LORONG 42 GEYLANG ASTON MANSIONS SINGAPORE 398028,5.57978728565853,51.0,4,4,3,5,12,6,2.0,1.0,0,1
THE ANTARES,1367000.0,731.95,1868.0,2021-07-01,68.0,20103.0,1.32541778538724,103.883403765337,23 MATTAR ROAD THE ANTARES SINGAPORE 387730,5.916441166611573,51.0,4,4,0,8,9,4,3.0,0.0,0,1
CASSIA VIEW,1468000.0,1205.57,1218.0,2021-07-01,112.0,13107.0,1.31103276112231,103.886630140814,320 GUILLEMARD ROAD CASSIA VIEW SINGAPORE 399746,5.033091805099718,51.0,4,2,1,7,11,5,1.0,1.0,0,1
THE ANTARES,1303560.0,731.95,1781.0,2021-07-01,68.0,19170.0,1.32541778538724,103.883403765337,23 MATTAR ROAD THE ANTARES SINGAPORE 387730,5.916441166611573,51.0,4,4,0,8,9,4,1.0,0.0,0,1
THE ANTARES,1319000.0,710.42,1857.0,2021-07-01,66.0,19985.0,1.32541778538724,103.883403765337,23 MATTAR ROAD THE ANTARES SINGAPORE 387730,5.916441166611573,51.0,4,4,0,8,9,4,2.0,0.0,0,1
EUHABITAT,1445000.0,1270.15,1138.0,2021-07-01,118.0,12246.0,1.32795415126263,103.9070014142,196 JALAN EUNOS EUHABITAT SINGAPORE 419542,7.971961203569236,51.0,2,2,0,2,6,15,1.0,1.0,1,2
# 1 SUITES,680000.0,559.73,1215.0,2021-07-01,52.0,13077.0,1.31239029325188,103.881504147527,1 LORONG 20 GEYLANG # 1 SUITES SINGAPORE 398721,4.699608709809529,51.0,3,3,0,8,9,2,1.0,1.0,0,1
THE WATER EDGE,685000.0,495.14,1383.0,2021-07-01,46.0,14891.0,1.31372105189031,103.888759579471,8 LORONG 38 GEYLANG THE WATER EDGE SINGAPORE 398106,5.4035924754809175,51.0,4,4,3,6,11,4,1.0,1.0,0,1
# 1 LOFT,668000.0,559.73,1193.0,2021-07-01,52.0,12846.0,1.31276346405244,103.883518875617,1 LORONG 24 GEYLANG # 1 LOFT SINGAPORE 398614,4.891716160848941,51.0,3,4,0,8,9,2,2.0,1.0,0,1
SIMS URBAN OASIS,1540000.0,958.0,1608.0,2021-07-01,89.0,17303.0,1.31926710475553,103.880615863782,6 SIMS DRIVE SIMS URBAN OASIS SINGAPORE 387388,5.190897370243519,51.0,3,4,0,8,9,1,3.0,1.0,1,1
URBAN TREASURES,1368370.0,656.6,1980.0,2021-07-01,61.0,21311.0,1.32936720206385,103.905791323853,205 JALAN EUNOS URBAN TREASURES SINGAPORE 419535,7.966767145631702,51.0,2,0,0,2,6,11,3.0,0.0,1,2
THE ANTARES,1309000.0,710.42,1843.0,2021-07-01,66.0,19833.0,1.32541778538724,103.883403765337,23 MATTAR ROAD THE ANTARES SINGAPORE 387730,5.916441166611573,51.0,4,4,0,8,9,4,2.0,0.0,0,1
PENROSE,1935000.0,1173.28,1649.0,2021-07-01,109.0,17752.0,1.31948983025856,103.879994891095,22 SIMS DRIVE PENROSE SINGAPORE 387396,5.166503889250989,51.0,3,4,0,8,9,1,2.0,0.0,0,1
SIMS URBAN OASIS,750000.0,462.85,1620.0,2021-07-01,43.0,17442.0,1.31926710475553,103.880615863782,6 SIMS DRIVE SIMS URBAN OASIS SINGAPORE 387388,5.190897370243519,51.0,3,4,0,8,9,1,1.0,1.0,1,1
SIMS URBAN OASIS,1010000.0,667.37,1513.0,2021-07-01,62.0,16290.0,1.31926710475553,103.880615863782,6 SIMS DRIVE SIMS URBAN OASIS SINGAPORE 387388,5.190897370243519,51.0,3,4,0,8,9,1,4.0,1.0,1,1
THE ANTARES,1001000.0,602.78,1661.0,2021-07-01,56.0,17875.0,1.32541778538724,103.883403765337,23 MATTAR ROAD THE ANTARES SINGAPORE 387730,5.916441166611573,51.0,4,4,0,8,9,4,1.0,0.0,0,1
TEDGE,1640543.0,1033.34,1588.0,2021-07-01,96.0,17089.0,1.3180672677589,103.908811491066,328 CHANGI ROAD TEDGE SINGAPORE 419803,7.512024356099393,51.0,2,1,0,1,14,15,1.0,0.0,0,2
THE HELICONIA,1395000.0,1334.74,1045.0,2021-07-01,124.0,11250.0,1.32635294484067,103.908900244938,30 JALAN DAUD THE HELICONIA SINGAPORE 419572,8.031320801555648,51.0,3,2,0,2,7,16,2.0,1.0,1,2
PENROSE,1800000.0,1097.93,1639.0,2021-07-01,102.0,17647.0,1.31948983025856,103.879994891095,22 SIMS DRIVE PENROSE SINGAPORE 387396,5.166503889250989,51.0,3,4,0,8,9,1,1.0,0.0,0,1
THE ANTARES,1246000.0,688.9,1809.0,2021-07-01,64.0,19469.0,1.32541778538724,103.883403765337,23 MATTAR ROAD THE ANTARES SINGAPORE 387730,5.916441166611573,51.0,4,4,0,8,9,4,2.0,0.0,0,1
THE ANTARES,1255620.0,667.37,1881.0,2021-07-01,62.0,20252.0,1.32541778538724,103.883403765337,23 MATTAR ROAD THE ANTARES SINGAPORE 387730,5.916441166611573,51.0,4,4,0,8,9,4,3.0,0.0,0,1
LA BRISA,610000.0,452.09,1349.0,2021-07-01,42.0,14524.0,1.31190419143627,103.885369365155,50 LORONG 28 GEYLANG LA BRISA SINGAPORE 398453,4.984533537431171,51.0,4,4,1,7,11,5,2.0,1.0,0,1
CANBERLIN APARTMENTS,968000.0,1259.39,769.0,2021-07-01,117.0,8274.0,1.31068444913989,103.879834705472,60 LORONG 16 GEYLANG CANBERLIN APARTMENTS SINGAPORE 398887,4.434969791568791,51.0,4,3,0,10,9,1,1.0,1.0,0,1
LE MARICAN,888000.0,925.7,959.0,2021-07-01,86.0,10326.0,1.32604750612789,103.907418948375,95 LORONG MARICAN LE MARICAN SINGAPORE 417301,7.879216938858841,51.0,2,1,0,2,7,15,1.0,1.0,0,2
SMART SUITES,680000.0,452.09,1504.0,2021-07-01,42.0,16190.0,1.31514448371947,103.884050282732,302 SIMS AVENUE SMART SUITES SINGAPORE 387516,5.114950686082434,51.0,3,5,0,8,9,3,1.0,1.0,0,1
VIENTO,565000.0,452.09,1250.0,2021-07-01,42.0,13452.0,1.31221104514144,103.886520466932,29 LORONG 30 GEYLANG VIENTO SINGAPORE 398362,5.104904162018615,51.0,5,4,2,7,11,5,2.0,1.0,0,1
SIMS URBAN OASIS,1010000.0,667.37,1513.0,2021-07-01,62.0,16290.0,1.31926710475553,103.880615863782,6 SIMS DRIVE SIMS URBAN OASIS SINGAPORE 387388,5.190897370243519,51.0,3,4,0,8,9,1,2.0,1.0,1,1
THE ANTARES,1177080.0,688.9,1709.0,2021-07-01,64.0,18392.0,1.32541778538724,103.883403765337,23 MATTAR ROAD THE ANTARES SINGAPORE 387730,5.916441166611573,51.0,4,4,0,8,9,4,1.0,0.0,0,1
D - HERITAGE APARTMENTS,1220000.0,1173.28,1040.0,2021-07-01,109.0,11193.0,1.32831187101076,103.912674237605,43 LENGKONG EMPAT D - HERITAGE APARTMENTS SINGAPORE 417659,8.497942948537789,51.0,3,1,0,2,7,15,2.0,1.0,0,2
CENTRA HEIGHTS,890000.0,570.49,1560.0,2021-07-01,53.0,16792.0,1.31629397762889,103.88657418395,455 SIMS AVENUE CENTRA HEIGHTS SINGAPORE 387607,5.406260020602187,51.0,4,4,3,7,11,4,2.0,1.0,0,1
EVERGREEN VIEW,1200000.0,1270.15,945.0,2021-07-01,118.0,10169.0,1.31352657764499,103.888547680917,15 LORONG 36 GEYLANG EVERGREEN VIEW SINGAPORE 398150,5.371734690468961,51.0,4,4,3,6,11,4,1.0,1.0,0,1
THE SUNNY SPRING,1290000.0,1065.64,1211.0,2021-07-01,99.0,13030.0,1.31219203070087,103.889464697147,50 LORONG 40 GEYLANG THE SUNNY SPRING SINGAPORE 398074,5.3613842782215055,51.0,4,4,3,6,11,5,1.0,1.0,0,1
TRE RESIDENCES,1460000.0,947.23,1541.0,2021-07-01,88.0,16591.0,1.3172278261209,103.885015905304,9 GEYLANG EAST AVENUE 1 TRE RESIDENCES SINGAPORE 389783,5.353082321074245,51.0,3,3,2,8,9,3,3.0,1.0,1,1
THE HELICONIA,1480000.0,1302.44,1136.0,2021-07-01,121.0,12231.0,1.32635294484067,103.908900244938,30 JALAN DAUD THE HELICONIA SINGAPORE 419572,8.031320801555648,51.0,3,2,0,2,7,16,3.0,1.0,1,2
TROPIKA EAST,658000.0,430.56,1528.0,2021-07-01,40.0,16450.0,1.32886589161997,103.90719397756,3 FOO KIM LIN ROAD TROPIKA EAST SINGAPORE 419679,8.051842718239321,51.0,2,1,0,2,6,15,1.0,1.0,1,2
REZI 26,1000000.0,958.0,1044.0,2021-07-01,89.0,11236.0,1.31277485329606,103.885104634024,5 LORONG 26 GEYLANG REZI 26 SINGAPORE 398480,5.024511275001018,51.0,4,4,1,7,11,4,2.0,1.0,0,1
SIMSVILLE,1090000.0,979.52,1113.0,2021-07-01,91.0,11978.0,1.31703114737635,103.890499582849,2 GEYLANG EAST AVENUE 2 SIMSVILLE SINGAPORE 389754,5.786575389274496,51.0,4,4,3,6,12,4,3.0,1.0,1,1
URBAN TREASURES,1254390.0,645.84,1845.0,2021-07-01,60.0,19861.0,1.32936720206385,103.905791323853,205 JALAN EUNOS URBAN TREASURES SINGAPORE 419535,7.966767145631702,51.0,2,0,0,2,6,11,1.0,0.0,1,2
THE ANTARES,1640000.0,882.65,1858.0,2021-07-01,82.0,20000.0,1.32541778538724,103.883403765337,23 MATTAR ROAD THE ANTARES SINGAPORE 387730,5.916441166611573,51.0,4,4,0,8,9,4,3.0,0.0,0,1
TRE RESIDENCES,1480000.0,947.23,1562.0,2021-07-01,88.0,16818.0,1.3172278261209,103.885015905304,9 GEYLANG EAST AVENUE 1 TRE RESIDENCES SINGAPORE 389783,5.353082321074245,51.0,3,3,2,8,9,3,1.0,1.0,1,1
CENTRAL GROVE,1400000.0,1237.86,1131.0,2021-07-01,115.0,12174.0,1.31623494982413,103.884417981377,3 GEYLANG EAST AVENUE 1 CENTRAL GROVE SINGAPORE 389779,5.228491443172765,51.0,4,5,1,8,9,3,4.0,1.0,1,1
GUILLEMARD EDGE,720888.0,775.01,930.0,2021-07-01,72.0,10012.0,1.31200443744473,103.885949377155,38 LORONG 30 GEYLANG GUILLEMARD EDGE SINGAPORE 398371,5.041282413008211,51.0,4,4,1,7,11,5,2.0,1.0,0,1
URBAN TREASURES,1337760.0,656.6,1936.0,2021-07-01,61.0,20834.0,1.32936720206385,103.905791323853,205 JALAN EUNOS URBAN TREASURES SINGAPORE 419535,7.966767145631702,51.0,2,0,0,2,6,11,2.0,0.0,1,2
ASTON MANSIONS,1150000.0,1216.33,945.0,2021-07-01,113.0,10177.0,1.31393251470132,103.890612644048,7 LORONG 42 GEYLANG ASTON MANSIONS SINGAPORE 398028,5.57978728565853,51.0,4,4,3,5,12,6,2.0,1.0,0,1
GUILIN MANSIONS,1080000.0,1076.4,1003.0,2021-07-01,100.0,10800.0,1.31578777361004,103.889959506676,8 LORONG 37 GEYLANG GUILIN MANSIONS SINGAPORE 387906,5.651886473507491,51.0,4,4,3,6,13,4,1.0,1.0,0,1
THE ANTARES,1260000.0,667.37,1888.0,2021-07-01,62.0,20323.0,1.32541778538724,103.883403765337,23 MATTAR ROAD THE ANTARES SINGAPORE 387730,5.916441166611573,51.0,4,4,0,8,9,4,3.0,0.0,0,1
THE ANTARES,1381000.0,731.95,1887.0,2021-07-01,68.0,20309.0,1.32541778538724,103.883403765337,23 MATTAR ROAD THE ANTARES SINGAPORE 387730,5.916441166611573,51.0,4,4,0,8,9,4,4.0,0.0,0,1
SIMS URBAN OASIS,1188000.0,785.77,1512.0,2021-07-01,73.0,16274.0,1.31926710475553,103.880615863782,6 SIMS DRIVE SIMS URBAN OASIS SINGAPORE 387388,5.190897370243519,51.0,3,4,0,8,9,1,2.0,1.0,1,1
CENTRA SUITES,620000.0,419.8,1477.0,2021-07-01,39.0,15897.0,1.31465166781856,103.883288149427,38 LORONG 25A GEYLANG CENTRA SUITES SINGAPORE 388242,5.016128952160774,51.0,3,4,0,8,9,3,1.0,1.0,0,1
PENROSE,2156000.0,1388.56,1553.0,2021-07-01,129.0,16713.0,1.31948983025856,103.879994891095,22 SIMS DRIVE PENROSE SINGAPORE 387396,5.166503889250989,51.0,3,4,0,8,9,1,1.0,0.0,0,1
PENROSE,2164000.0,1388.56,1558.0,2021-07-01,129.0,16775.0,1.31948983025856,103.879994891095,22 SIMS DRIVE PENROSE SINGAPORE 387396,5.166503889250989,51.0,3,4,0,8,9,1,2.0,0.0,0,1
PENROSE,1829000.0,1097.93,1666.0,2021-07-01,102.0,17931.0,1.31948983025856,103.879994891095,22 SIMS DRIVE PENROSE SINGAPORE 387396,5.166503889250989,51.0,3,4,0,8,9,1,3.0,0.0,0,1
PENROSE,1853000.0,1097.93,1688.0,2021-07-01,102.0,18167.0,1.31948983025856,103.879994891095,22 SIMS DRIVE PENROSE SINGAPORE 387396,5.166503889250989,51.0,3,4,0,8,9,1,4.0,0.0,0,1
PENROSE,1858000.0,1097.93,1692.0,2021-07-01,102.0,18216.0,1.31948983025856,103.879994891095,22 SIMS DRIVE PENROSE SINGAPORE 387396,5.166503889250989,51.0,3,4,0,8,9,1,4.0,0.0,0,1
THE ANTARES,2392000.0,1367.03,1750.0,2021-07-01,127.0,18835.0,1.32541778538724,103.883403765337,23 MATTAR ROAD THE ANTARES SINGAPORE 387730,5.916441166611573,51.0,4,4,0,8,9,4,3.0,0.0,0,1
THE ANTARES,2040000.0,1151.75,1771.0,2021-07-01,107.0,19065.0,1.32541778538724,103.883403765337,23 MATTAR ROAD THE ANTARES SINGAPORE 387730,5.916441166611573,51.0,4,4,0,8,9,4,4.0,0.0,0,1
THE ANTARES,1323000.0,688.9,1920.0,2021-07-01,64.0,20672.0,1.32541778538724,103.883403765337,23 MATTAR ROAD THE ANTARES SINGAPORE 387730,5.916441166611573,51.0,4,4,0,8,9,4,4.0,0.0,0,1
PENROSE,1975000.0,1184.04,1668.0,2021-07-01,110.0,17955.0,1.31948983025856,103.879994891095,22 SIMS DRIVE PENROSE SINGAPORE 387396,5.166503889250989,51.0,3,4,0,8,9,1,1.0,0.0,0,1
PENROSE,1998000.0,1184.04,1687.0,2021-07-01,110.0,18164.0,1.31948983025856,103.879994891095,22 SIMS DRIVE PENROSE SINGAPORE 387396,5.166503889250989,51.0,3,4,0,8,9,1,2.0,0.0,0,1
PENROSE,1841000.0,1097.93,1677.0,2021-07-01,102.0,18049.0,1.31948983025856,103.879994891095,22 SIMS DRIVE PENROSE SINGAPORE 387396,5.166503889250989,51.0,3,4,0,8,9,1,3.0,0.0,0,1
SIMS URBAN OASIS,980000.0,667.37,1468.0,2021-07-01,62.0,15806.0,1.31926710475553,103.880615863782,6 SIMS DRIVE SIMS URBAN OASIS SINGAPORE 387388,5.190897370243519,51.0,3,4,0,8,9,1,1.0,1.0,1,1
URBAN TREASURES,1346940.0,699.66,1829.0,2021-07-01,65.0,19686.0,1.32936720206385,103.905791323853,205 JALAN EUNOS URBAN TREASURES SINGAPORE 419535,7.966767145631702,51.0,2,0,0,2,6,11,1.0,0.0,1,2
THE ANTARES,1272000.0,667.37,1906.0,2021-07-01,62.0,20516.0,1.32541778538724,103.883403765337,23 MATTAR ROAD THE ANTARES SINGAPORE 387730,5.916441166611573,51.0,4,4,0,8,9,4,3.0,0.0,0,1
THE ANTARES,1296000.0,667.37,1942.0,2021-07-01,62.0,20903.0,1.32541778538724,103.883403765337,23 MATTAR ROAD THE ANTARES SINGAPORE 387730,5.916441166611573,51.0,4,4,0,8,9,4,4.0,0.0,0,1
PENROSE,1652000.0,979.52,1687.0,2021-07-01,91.0,18154.0,1.31948983025856,103.879994891095,22 SIMS DRIVE PENROSE SINGAPORE 387396,5.166503889250989,51.0,3,4,0,8,9,1,4.0,0.0,0,1
FERN LODGE,870000.0,990.29,879.0,2021-07-01,92.0,9457.0,1.31111580692247,103.876068248261,7 LORONG 4 GEYLANG FERN LODGE SINGAPORE 399266,4.177159838356184,51.0,4,3,2,10,8,1,1.0,1.0,0,1
LE CRESCENDO,1880000.0,1453.14,1294.0,2021-07-01,135.0,13926.0,1.33049714674003,103.888409268781,233 PAYA LEBAR ROAD LE CRESCENDO SINGAPORE 409044,6.701977813091088,51.0,4,3,0,6,9,4,2.0,1.0,1,1
PAYA LEBAR RESIDENCES,1580000.0,1087.16,1453.0,2021-07-01,101.0,15644.0,1.31752143815241,103.891475654733,27 PAYA LEBAR ROAD PAYA LEBAR RESIDENCES SINGAPORE 409042,5.904426206584732,51.0,4,4,3,4,12,4,4.0,1.0,0,1
PENROSE,1646000.0,979.52,1680.0,2021-07-01,91.0,18088.0,1.31948983025856,103.879994891095,22 SIMS DRIVE PENROSE SINGAPORE 387396,5.166503889250989,51.0,3,4,0,8,9,1,4.0,0.0,0,1
NESS,600000.0,462.85,1296.0,2021-07-01,43.0,13953.0,1.31269794714045,103.886776844129,38 LORONG 32 GEYLANG NESS SINGAPORE 398298,5.1611183017097115,51.0,5,4,2,7,11,5,2.0,1.0,0,1
WATERBANK AT DAKOTA,1942000.0,1431.61,1357.0,2021-07-01,133.0,14602.0,1.30647833742136,103.888537197136,76 DAKOTA CRESCENT WATERBANK AT DAKOTA SINGAPORE 399944,4.918518965685704,51.0,3,3,0,5,10,6,1.0,1.0,1,1
SIMS DORADO,1200000.0,1054.87,1138.0,2021-07-01,98.0,12245.0,1.31578022165817,103.890338973057,11 LORONG 39 GEYLANG SIMS DORADO SINGAPORE 387869,5.68381613917474,51.0,4,4,3,6,13,4,1.0,1.0,0,1
SIMS URBAN OASIS,1878000.0,1205.57,1558.0,2021-07-01,112.0,16768.0,1.31926710475553,103.880615863782,6 SIMS DRIVE SIMS URBAN OASIS SINGAPORE 387388,5.190897370243519,51.0,3,4,0,8,9,1,2.0,1.0,1,1
DAKOTA RESIDENCES,2045000.0,1291.68,1583.0,2021-07-01,120.0,17042.0,1.30637270876178,103.88708549006,34 DAKOTA CRESCENT DAKOTA RESIDENCES SINGAPORE 399936,4.7757251422267535,51.0,3,3,0,6,10,5,4.0,1.0,1,1
THE ANTARES,990420.0,602.78,1643.0,2021-06-01,56.0,17686.0,1.32541778538724,103.883403765337,23 MATTAR ROAD THE ANTARES SINGAPORE 387730,5.916441166611573,52.0,4,4,0,8,9,4,1.0,0.0,0,1
THE ANTARES,1340680.0,731.95,1832.0,2021-06-01,68.0,19716.0,1.32541778538724,103.883403765337,23 MATTAR ROAD THE ANTARES SINGAPORE 387730,5.916441166611573,52.0,4,4,0,8,9,4,3.0,0.0,0,1
THE ANTARES,1358940.0,731.95,1857.0,2021-06-01,68.0,19984.0,1.32541778538724,103.883403765337,23 MATTAR ROAD THE ANTARES SINGAPORE 387730,5.916441166611573,52.0,4,4,0,8,9,4,4.0,0.0,0,1
THE ANTARES,1610060.0,882.65,1824.0,2021-06-01,82.0,19635.0,1.32541778538724,103.883403765337,23 MATTAR ROAD THE ANTARES SINGAPORE 387730,5.916441166611573,52.0,4,4,0,8,9,4,2.0,0.0,0,1
THE ANTARES,1636680.0,882.65,1854.0,2021-06-01,82.0,19960.0,1.32541778538724,103.883403765337,23 MATTAR ROAD THE ANTARES SINGAPORE 387730,5.916441166611573,52.0,4,4,0,8,9,4,3.0,0.0,0,1
THE ANTARES,1261220.0,688.9,1831.0,2021-06-01,64.0,19707.0,1.32541778538724,103.883403765337,23 MATTAR ROAD THE ANTARES SINGAPORE 387730,5.916441166611573,52.0,4,4,0,8,9,4,3.0,0.0,0,1
THE ANTARES,1347820.0,710.42,1897.0,2021-06-01,66.0,20422.0,1.32541778538724,103.883403765337,23 MATTAR ROAD THE ANTARES SINGAPORE 387730,5.916441166611573,52.0,4,4,0,8,9,4,4.0,0.0,0,1
PENROSE,1981000.0,1184.04,1673.0,2021-06-01,110.0,18009.0,1.31948983025856,103.879994891095,22 SIMS DRIVE PENROSE SINGAPORE 387396,5.166503889250989,52.0,3,4,0,8,9,1,2.0,0.0,0,1
TEDGE,1828024.0,1184.04,1544.0,2021-06-01,110.0,16618.0,1.3180672677589,103.908811491066,328 CHANGI ROAD TEDGE SINGAPORE 419803,7.512024356099393,52.0,2,1,0,1,14,15,1.0,0.0,0,2
TEDGE,1558313.0,925.7,1683.0,2021-06-01,86.0,18120.0,1.3180672677589,103.908811491066,328 CHANGI ROAD TEDGE SINGAPORE 419803,7.512024356099393,52.0,2,1,0,1,14,15,1.0,0.0,0,2
M SUITES,1774800.0,1044.11,1700.0,2021-06-01,97.0,18297.0,1.32330751911211,103.909620521884,65 LORONG MELAYU M SUITES SINGAPORE 416952,7.901043793350142,52.0,2,1,0,2,9,16,1.0,0.0,0,2
SIMS URBAN OASIS,1120000.0,710.42,1577.0,2021-06-01,66.0,16970.0,1.31926710475553,103.880615863782,6 SIMS DRIVE SIMS URBAN OASIS SINGAPORE 387388,5.190897370243519,52.0,3,4,0,8,9,1,2.0,1.0,1,1
E7 LODGE,1515000.0,1367.03,1108.0,2021-06-01,127.0,11929.0,1.32167520272371,103.910592815024,66 LORONG MELAYU E7 LODGE SINGAPORE 416953,7.891372970035264,52.0,2,1,0,2,12,17,1.0,1.0,0,2
THE LENOX,628000.0,430.56,1459.0,2021-06-01,40.0,15700.0,1.31824376273926,103.911351165333,396 CHANGI ROAD THE LENOX SINGAPORE 415899,7.765250446888848,52.0,2,1,0,2,13,15,1.0,1.0,0,2
PENROSE,2217000.0,1388.56,1597.0,2021-06-01,129.0,17186.0,1.31948983025856,103.879994891095,22 SIMS DRIVE PENROSE SINGAPORE 387396,5.166503889250989,52.0,3,4,0,8,9,1,2.0,0.0,0,1
PENROSE,1770000.0,1097.93,1612.0,2021-06-01,102.0,17353.0,1.31948983025856,103.879994891095,22 SIMS DRIVE PENROSE SINGAPORE 387396,5.166503889250989,52.0,3,4,0,8,9,1,1.0,0.0,0,1
THE ANTARES,1249800.0,656.6,1903.0,2021-06-01,61.0,20489.0,1.32541778538724,103.883403765337,23 MATTAR ROAD THE ANTARES SINGAPORE 387730,5.916441166611573,52.0,4,4,0,8,9,4,3.0,0.0,0,1
PENROSE,1640000.0,979.52,1674.0,2021-06-01,91.0,18022.0,1.31948983025856,103.879994891095,22 SIMS DRIVE PENROSE SINGAPORE 387396,5.166503889250989,52.0,3,4,0,8,9,1,4.0,0.0,0,1
VACANZA @ EAST,969408.0,839.59,1155.0,2021-06-01,78.0,12428.0,1.32901984483655,103.914196223923,36 LENGKONG TUJOH VACANZA @ EAST SINGAPORE 417391,8.680985857703446,52.0,3,1,0,2,8,12,1.0,1.0,1,2
# 1 LOFT,690888.0,548.96,1259.0,2021-06-01,51.0,13547.0,1.31276346405244,103.883518875617,1 LORONG 24 GEYLANG # 1 LOFT SINGAPORE 398614,4.891716160848941,52.0,3,4,0,8,9,2,2.0,1.0,0,1
EUHABITAT,1190000.0,1011.82,1176.0,2021-06-01,94.0,12660.0,1.32795415126263,103.9070014142,196 JALAN EUNOS EUHABITAT SINGAPORE 419542,7.971961203569236,52.0,2,2,0,2,6,15,1.0,1.0,1,2
PENROSE,1776000.0,1097.93,1618.0,2021-06-01,102.0,17412.0,1.31948983025856,103.879994891095,22 SIMS DRIVE PENROSE SINGAPORE 387396,5.166503889250989,52.0,3,4,0,8,9,1,1.0,0.0,0,1
THE ANTARES,1340580.0,731.95,1832.0,2021-06-01,68.0,19714.0,1.32541778538724,103.883403765337,23 MATTAR ROAD THE ANTARES SINGAPORE 387730,5.916441166611573,52.0,4,4,0,8,9,4,3.0,0.0,0,1
SINGA HILLS,705000.0,462.85,1523.0,2021-06-01,43.0,16395.0,1.33013262911561,103.908284993545,33 JALAN SINGA SINGA HILLS SINGAPORE 418109,8.234437338266625,52.0,1,1,0,2,5,13,1.0,1.0,0,2
PARC ESTA,1699000.0,958.0,1773.0,2021-06-01,89.0,19090.0,1.31786521916555,103.903967184717,904 SIMS AVENUE PARC ESTA SINGAPORE 408968,7.043509290403673,52.0,1,4,0,1,13,16,1.0,0.0,0,1
VACANZA @ EAST,1200000.0,1033.34,1161.0,2021-06-01,96.0,12500.0,1.32901984483655,103.914196223923,36 LENGKONG TUJOH VACANZA @ EAST SINGAPORE 417391,8.680985857703446,52.0,3,1,0,2,8,12,1.0,1.0,1,2
THE ANTARES,1321920.0,731.95,1806.0,2021-06-01,68.0,19440.0,1.32541778538724,103.883403765337,23 MATTAR ROAD THE ANTARES SINGAPORE 387730,5.916441166611573,52.0,4,4,0,8,9,4,2.0,0.0,0,1
THE ANTARES,1241740.0,667.37,1861.0,2021-06-01,62.0,20028.0,1.32541778538724,103.883403765337,23 MATTAR ROAD THE ANTARES SINGAPORE 387730,5.916441166611573,52.0,4,4,0,8,9,4,3.0,0.0,0,1
THE ANTARES,2020400.0,1151.75,1754.0,2021-06-01,107.0,18882.0,1.32541778538724,103.883403765337,23 MATTAR ROAD THE ANTARES SINGAPORE 387730,5.916441166611573,52.0,4,4,0,8,9,4,3.0,0.0,0,1
THE ANTARES,1166880.0,688.9,1694.0,2021-06-01,64.0,18233.0,1.32541778538724,103.883403765337,23 MATTAR ROAD THE ANTARES SINGAPORE 387730,5.916441166611573,52.0,4,4,0,8,9,4,1.0,0.0,0,1
THE ANTARES,992460.0,602.78,1646.0,2021-06-01,56.0,17723.0,1.32541778538724,103.883403765337,23 MATTAR ROAD THE ANTARES SINGAPORE 387730,5.916441166611573,52.0,4,4,0,8,9,4,1.0,0.0,0,1
THE ANTARES,1959100.0,1151.75,1701.0,2021-06-01,107.0,18309.0,1.32541778538724,103.883403765337,23 MATTAR ROAD THE ANTARES SINGAPORE 387730,5.916441166611573,52.0,4,4,0,8,9,4,2.0,0.0,0,1
THE ANTARES,1355000.0,731.95,1851.0,2021-06-01,68.0,19926.0,1.32541778538724,103.883403765337,23 MATTAR ROAD THE ANTARES SINGAPORE 387730,5.916441166611573,52.0,4,4,0,8,9,4,3.0,0.0,0,1
THE ANTARES,1307700.0,710.42,1841.0,2021-06-01,66.0,19814.0,1.32541778538724,103.883403765337,23 MATTAR ROAD THE ANTARES SINGAPORE 387730,5.916441166611573,52.0,4,4,0,8,9,4,2.0,0.0,0,1
EDENZ LOFT,525000.0,430.56,1219.0,2021-06-01,40.0,13125.0,1.3123178474915,103.883532317959,11 LORONG 24 GEYLANG EDENZ LOFT SINGAPORE 398623,4.859816611041546,52.0,3,3,0,8,9,2,1.0,1.0,0,1
URBAN TREASURES,1234700.0,635.08,1847.0,2021-06-01,59.0,19881.0,1.32936720206385,103.905791323853,205 JALAN EUNOS URBAN TREASURES SINGAPORE 419535,7.966767145631702,52.0,2,0,0,2,6,11,2.0,0.0,1,2
URBAN TREASURES,1311230.0,656.6,1890.0,2021-06-01,61.0,20341.0,1.32936720206385,103.905791323853,205 JALAN EUNOS URBAN TREASURES SINGAPORE 419535,7.966767145631702,52.0,2,0,0,2,6,11,2.0,0.0,1,2
THE ANTARES,1350780.0,731.95,1845.0,2021-06-01,68.0,19864.0,1.32541778538724,103.883403765337,23 MATTAR ROAD THE ANTARES SINGAPORE 387730,5.916441166611573,52.0,4,4,0,8,9,4,3.0,0.0,0,1
PENROSE,1563000.0,979.52,1596.0,2021-06-01,91.0,17176.0,1.31948983025856,103.879994891095,22 SIMS DRIVE PENROSE SINGAPORE 387396,5.166503889250989,52.0,3,4,0,8,9,1,1.0,0.0,0,1
THE ANTARES,1174320.0,667.37,1760.0,2021-06-01,62.0,18941.0,1.32541778538724,103.883403765337,23 MATTAR ROAD THE ANTARES SINGAPORE 387730,5.916441166611573,52.0,4,4,0,8,9,4,1.0,0.0,0,1
THE ANTARES,1253980.0,667.37,1879.0,2021-06-01,62.0,20225.0,1.32541778538724,103.883403765337,23 MATTAR ROAD THE ANTARES SINGAPORE 387730,5.916441166611573,52.0,4,4,0,8,9,4,3.0,0.0,0,1
THE ANTARES,1262140.0,667.37,1891.0,2021-06-01,62.0,20357.0,1.32541778538724,103.883403765337,23 MATTAR ROAD THE ANTARES SINGAPORE 387730,5.916441166611573,52.0,4,4,0,8,9,4,4.0,0.0,0,1
THE ANTARES,1271420.0,688.9,1846.0,2021-06-01,64.0,19866.0,1.32541778538724,103.883403765337,23 MATTAR ROAD THE ANTARES SINGAPORE 387730,5.916441166611573,52.0,4,4,0,8,9,4,3.0,0.0,0,1
TEDGE,1450469.0,861.12,1684.0,2021-06-01,80.0,18131.0,1.3180672677589,103.908811491066,328 CHANGI ROAD TEDGE SINGAPORE 419803,7.512024356099393,52.0,2,1,0,1,14,15,1.0,0.0,0,2
CENTRA HEIGHTS,666668.0,430.56,1548.0,2021-06-01,40.0,16667.0,1.31629397762889,103.88657418395,455 SIMS AVENUE CENTRA HEIGHTS SINGAPORE 387607,5.406260020602187,52.0,4,4,3,7,11,4,2.0,1.0,0,1
PARC ESTA,1505000.0,958.0,1571.0,2021-06-01,89.0,16910.0,1.31786521916555,103.903967184717,904 SIMS AVENUE PARC ESTA SINGAPORE 408968,7.043509290403673,52.0,1,4,0,1,13,16,1.0,0.0,0,1
ASTON MANSIONS,978000.0,1216.33,804.0,2021-06-01,113.0,8655.0,1.31393251470132,103.890612644048,7 LORONG 42 GEYLANG ASTON MANSIONS SINGAPORE 398028,5.57978728565853,52.0,4,4,3,5,12,6,1.0,1.0,0,1
REZI 26,780000.0,807.3,966.0,2021-06-01,75.0,10400.0,1.31277485329606,103.885104634024,5 LORONG 26 GEYLANG REZI 26 SINGAPORE 398480,5.024511275001018,52.0,4,4,1,7,11,4,2.0,1.0,0,1
THE LENOX,1380000.0,1205.57,1145.0,2021-06-01,112.0,12321.0,1.31824376273926,103.911351165333,396 CHANGI ROAD THE LENOX SINGAPORE 415899,7.765250446888848,52.0,2,1,0,2,13,15,1.0,1.0,0,2
GUILLEMARD VIEW,1300000.0,1356.26,959.0,2021-06-01,126.0,10317.0,1.31131608082757,103.884615884842,329A GUILLEMARD ROAD GUILLEMARD VIEW SINGAPORE 399850,4.878489345784435,52.0,3,4,0,7,10,5,1.0,1.0,0,1
PARK PLACE RESIDENCES AT PLQ,910000.0,484.38,1879.0,2021-06-01,45.0,20222.0,1.31583675363618,103.892746648427,2 PAYA LEBAR ROAD PARK PLACE RESIDENCES AT PLQ SINGAPORE 409053,5.896537427358871,52.0,3,3,3,4,12,6,2.0,,0,1
PENROSE,1634000.0,979.52,1668.0,2021-06-01,91.0,17956.0,1.31948983025856,103.879994891095,22 SIMS DRIVE PENROSE SINGAPORE 387396,5.166503889250989,52.0,3,4,0,8,9,1,3.0,0.0,0,1
THE WATERINA,1265000.0,968.76,1306.0,2021-06-01,90.0,14056.0,1.3132821071538,103.89085032363,59 LORONG 40 GEYLANG THE WATERINA SINGAPORE 398082,5.55708137380416,52.0,4,4,3,5,12,5,1.0,1.0,0,1
GUILLEMARD EDGE,828000.0,559.73,1479.0,2021-06-01,52.0,15923.0,1.31200443744473,103.885949377155,38 LORONG 30 GEYLANG GUILLEMARD EDGE SINGAPORE 398371,5.041282413008211,52.0,4,4,1,7,11,5,1.0,1.0,0,1
CENTRAL GROVE,1250000.0,1173.28,1065.0,2021-06-01,109.0,11468.0,1.31623494982413,103.884417981377,3 GEYLANG EAST AVENUE 1 CENTRAL GROVE SINGAPORE 389779,5.228491443172765,52.0,4,5,1,8,9,3,2.0,1.0,1,1
THE ANTARES,1318800.0,731.95,1802.0,2021-06-01,68.0,19394.0,1.32541778538724,103.883403765337,23 MATTAR ROAD THE ANTARES SINGAPORE 387730,5.916441166611573,52.0,4,4,0,8,9,4,2.0,0.0,0,1
GUILLEMARD SUITES,737000.0,538.2,1369.0,2021-06-01,50.0,14740.0,1.31094521852726,103.882721097721,213 GUILLEMARD ROAD GUILLEMARD SUITES SINGAPORE 399733,4.691609257032653,52.0,3,4,0,8,9,3,1.0,1.0,0,1
STARVILLE,740000.0,538.2,1375.0,2021-06-01,50.0,14800.0,1.32826483616522,103.912067534158,66 LENGKONG TIGA STARVILLE SINGAPORE 417471,8.44041551036464,52.0,3,1,0,2,7,15,2.0,1.0,1,2
PENROSE,2264000.0,1399.32,1618.0,2021-06-01,130.0,17415.0,1.31948983025856,103.879994891095,22 SIMS DRIVE PENROSE SINGAPORE 387396,5.166503889250989,52.0,3,4,0,8,9,1,2.0,0.0,0,1
THE ANTARES,1254900.0,656.6,1911.0,2021-06-01,61.0,20572.0,1.32541778538724,103.883403765337,23 MATTAR ROAD THE ANTARES SINGAPORE 387730,5.916441166611573,52.0,4,4,0,8,9,4,3.0,0.0,0,1
PENROSE,1822000.0,1054.87,1727.0,2021-06-01,98.0,18592.0,1.31948983025856,103.879994891095,22 SIMS DRIVE PENROSE SINGAPORE 387396,5.166503889250989,52.0,3,4,0,8,9,1,4.0,0.0,0,1
THE ANTARES,1257900.0,656.6,1916.0,2021-06-01,61.0,20621.0,1.32541778538724,103.883403765337,23 MATTAR ROAD THE ANTARES SINGAPORE 387730,5.916441166611573,52.0,4,4,0,8,9,4,3.0,0.0,0,1
THE ANTARES,1263060.0,656.6,1924.0,2021-06-01,61.0,20706.0,1.32541778538724,103.883403765337,23 MATTAR ROAD THE ANTARES SINGAPORE 387730,5.916441166611573,52.0,4,4,0,8,9,4,4.0,0.0,0,1
PENROSE,1628000.0,979.52,1662.0,2021-06-01,91.0,17890.0,1.31948983025856,103.879994891095,22 SIMS DRIVE PENROSE SINGAPORE 387396,5.166503889250989,52.0,3,4,0,8,9,1,3.0,0.0,0,1
GUILLEMARD EDGE,800000.0,548.96,1457.0,2021-06-01,51.0,15686.0,1.31200443744473,103.885949377155,38 LORONG 30 GEYLANG GUILLEMARD EDGE SINGAPORE 398371,5.041282413008211,52.0,4,4,1,7,11,5,1.0,1.0,0,1
SIMSVILLE,1711888.0,1528.49,1120.0,2021-06-01,142.0,12056.0,1.31703114737635,103.890499582849,2 GEYLANG EAST AVENUE 2 SIMSVILLE SINGAPORE 389754,5.786575389274496,52.0,4,4,3,6,12,4,1.0,1.0,1,1
TEDGE,1789167.0,1119.46,1598.0,2021-06-01,104.0,17204.0,1.3180672677589,103.908811491066,328 CHANGI ROAD TEDGE SINGAPORE 419803,7.512024356099393,52.0,2,1,0,1,14,15,1.0,0.0,0,2
SUNNY GROVE,1100000.0,1033.34,1065.0,2021-06-01,96.0,11458.0,1.31558261176887,103.889462040581,5A LORONG 37 GEYLANG SUNNY GROVE SINGAPORE 387914,5.594891617158932,52.0,4,5,3,6,13,4,1.0,1.0,0,1
STARVILLE,1310000.0,1216.33,1077.0,2021-06-01,113.0,11593.0,1.32826483616522,103.912067534158,66 LENGKONG TIGA STARVILLE SINGAPORE 417471,8.44041551036464,52.0,3,1,0,2,7,15,2.0,1.0,1,2
THE ANTARES,1220220.0,667.37,1828.0,2021-06-01,62.0,19681.0,1.32541778538724,103.883403765337,23 MATTAR ROAD THE ANTARES SINGAPORE 387730,5.916441166611573,52.0,4,4,0,8,9,4,2.0,0.0,0,1
PENROSE,2187000.0,1388.56,1575.0,2021-06-01,129.0,16953.0,1.31948983025856,103.879994891095,22 SIMS DRIVE PENROSE SINGAPORE 387396,5.166503889250989,52.0,3,4,0,8,9,1,2.0,0.0,0,1
THE ANTARES,1226340.0,667.37,1838.0,2021-06-01,62.0,19780.0,1.32541778538724,103.883403765337,23 MATTAR ROAD THE ANTARES SINGAPORE 387730,5.916441166611573,52.0,4,4,0,8,9,4,2.0,0.0,0,1
THE WATERINA,1810888.0,1291.68,1402.0,2021-06-01,120.0,15091.0,1.3132821071538,103.89085032363,59 LORONG 40 GEYLANG THE WATERINA SINGAPORE 398082,5.55708137380416,52.0,4,4,3,5,12,5,1.0,1.0,0,1
TORIEVIEW MANSIONS,2550000.0,2249.68,1133.0,2021-06-01,209.0,12201.0,1.31458206613494,103.886280315206,10 LORONG 29 GEYLANG TORIEVIEW MANSIONS SINGAPORE 388066,5.254696051517615,52.0,4,4,2,7,11,4,1.0,1.0,0,1
AVANT RESIDENCES,690000.0,699.66,986.0,2021-06-01,65.0,10615.0,1.31353535987581,103.882362870576,10 ALJUNIED ROAD AVANT RESIDENCES SINGAPORE 389799,4.856265736693036,52.0,3,4,0,8,9,2,1.0,1.0,0,1
URBAN TREASURES,2001020.0,1011.82,1879.0,2021-06-01,94.0,20223.0,1.32936720206385,103.905791323853,205 JALAN EUNOS URBAN TREASURES SINGAPORE 419535,7.966767145631702,52.0,2,0,0,2,6,11,2.0,0.0,1,2
THE ANTARES,1221960.0,667.37,1831.0,2021-06-01,62.0,19709.0,1.32541778538724,103.883403765337,23 MATTAR ROAD THE ANTARES SINGAPORE 387730,5.916441166611573,52.0,4,4,0,8,9,4,2.0,0.0,0,1
THE SUNNY SPRING,1410000.0,1108.69,1272.0,2021-06-01,103.0,13689.0,1.31219203070087,103.889464697147,50 LORONG 40 GEYLANG THE SUNNY SPRING SINGAPORE 398074,5.3613842782215055,52.0,4,4,3,6,11,5,2.0,1.0,0,1
BALMY COURT,920000.0,1237.86,743.0,2021-06-01,115.0,8000.0,1.31415835134435,103.884949577853,6 LORONG 27A GEYLANG BALMY COURT SINGAPORE 388105,5.113290510798238,52.0,4,4,2,8,10,5,1.0,1.0,0,1
THE SUNNY SPRING,1322000.0,1097.93,1204.0,2021-06-01,102.0,12961.0,1.31219203070087,103.889464697147,50 LORONG 40 GEYLANG THE SUNNY SPRING SINGAPORE 398074,5.3613842782215055,52.0,4,4,3,6,11,5,1.0,1.0,0,1
WATERBANK AT DAKOTA,1310000.0,882.65,1484.0,2021-06-01,82.0,15976.0,1.30647833742136,103.888537197136,76 DAKOTA CRESCENT WATERBANK AT DAKOTA SINGAPORE 399944,4.918518965685704,52.0,3,3,0,5,10,6,1.0,1.0,1,1
MELOSA,695000.0,538.2,1291.0,2021-06-01,50.0,13900.0,1.31253733235708,103.885402784916,28 LORONG 28 GEYLANG MELOSA SINGAPORE 398432,5.032539138387234,52.0,4,4,1,7,11,4,2.0,1.0,0,1
SIMS URBAN OASIS,675000.0,409.03,1650.0,2021-06-01,38.0,17763.0,1.31926710475553,103.880615863782,6 SIMS DRIVE SIMS URBAN OASIS SINGAPORE 387388,5.190897370243519,52.0,3,4,0,8,9,1,2.0,1.0,1,1
PARK 1 SUITES,926000.0,602.78,1536.0,2021-06-01,56.0,16536.0,1.31404268792091,103.889347045446,8 LORONG 40 GEYLANG PARK 1 SUITES SINGAPORE 398054,5.476811645969878,52.0,4,4,3,6,11,4,1.0,1.0,0,1
SIMS RESIDENCES,1050000.0,1184.04,887.0,2021-06-01,110.0,9545.0,1.31607412947418,103.891092837354,8 LORONG 39 GEYLANG SIMS RESIDENCES SINGAPORE 387882,5.769235671840805,52.0,4,3,3,5,12,4,1.0,1.0,0,1
THE ANTARES,1247860.0,667.37,1870.0,2021-06-01,62.0,20127.0,1.32541778538724,103.883403765337,23 MATTAR ROAD THE ANTARES SINGAPORE 387730,5.916441166611573,52.0,4,4,0,8,9,4,3.0,0.0,0,1
THE ANTARES,1277440.0,667.37,1914.0,2021-06-01,62.0,20604.0,1.32541778538724,103.883403765337,23 MATTAR ROAD THE ANTARES SINGAPORE 387730,5.916441166611573,52.0,4,4,0,8,9,4,4.0,0.0,0,1
THE ALCOVE,1150000.0,1377.79,835.0,2021-06-01,128.0,8984.0,1.31400655260741,103.884015328938,10 LORONG 27 GEYLANG THE ALCOVE SINGAPORE 388199,5.025483913717779,52.0,4,4,0,8,9,4,1.0,1.0,0,1
THE OCTET,606000.0,430.56,1407.0,2021-06-01,40.0,15150.0,1.31206999136037,103.883562422294,23 LORONG 24 GEYLANG THE OCTET SINGAPORE 398628,4.844083676929457,52.0,3,3,0,8,10,2,1.0,1.0,0,1
NICOLE GREEN,1680000.0,1237.86,1357.0,2021-06-01,115.0,14609.0,1.30930458520869,103.879851001095,68 GUILLEMARD ROAD NICOLE GREEN SINGAPORE 399710,4.332405732571704,52.0,5,4,1,10,9,1,3.0,1.0,0,1
THE ANTARES,1206960.0,667.37,1809.0,2021-06-01,62.0,19467.0,1.32541778538724,103.883403765337,23 MATTAR ROAD THE ANTARES SINGAPORE 387730,5.916441166611573,52.0,4,4,0,8,9,4,2.0,0.0,0,1
THE ANTARES,1244700.0,656.6,1896.0,2021-06-01,61.0,20405.0,1.32541778538724,103.883403765337,23 MATTAR ROAD THE ANTARES SINGAPORE 387730,5.916441166611573,52.0,4,4,0,8,9,4,3.0,0.0,0,1
CENTRAL IMPERIAL,808000.0,742.72,1088.0,2021-06-01,69.0,11710.0,1.31194266781347,103.879213970964,3 LORONG 14 GEYLANG CENTRAL IMPERIAL SINGAPORE 398915,4.483469484998063,52.0,3,4,0,10,9,1,1.0,1.0,0,1
PENROSE,1623000.0,979.52,1657.0,2021-06-01,91.0,17835.0,1.31948983025856,103.879994891095,22 SIMS DRIVE PENROSE SINGAPORE 387396,5.166503889250989,52.0,3,4,0,8,9,1,3.0,0.0,0,1
PARC ESTA,1739000.0,1022.58,1701.0,2021-06-01,95.0,18305.0,1.31786521916555,103.903967184717,904 SIMS AVENUE PARC ESTA SINGAPORE 408968,7.043509290403673,52.0,1,4,0,1,13,16,1.0,0.0,0,1
VACANZA @ EAST,1330000.0,1011.82,1314.0,2021-06-01,94.0,14149.0,1.32901984483655,103.914196223923,36 LENGKONG TUJOH VACANZA @ EAST SINGAPORE 417391,8.680985857703446,52.0,3,1,0,2,8,12,1.0,1.0,1,2
ESCADA VIEW,1250000.0,1420.85,880.0,2021-06-01,132.0,9470.0,1.32899344664489,103.91347731741,53 LENGKONG EMPAT ESCADA VIEW SINGAPORE 417657,8.614569394694955,52.0,3,1,0,2,7,13,1.0,1.0,1,2
PAYA LEBAR RESIDENCES,1810000.0,1291.68,1401.0,2021-06-01,120.0,15083.0,1.31752143815241,103.891475654733,27 PAYA LEBAR ROAD PAYA LEBAR RESIDENCES SINGAPORE 409042,5.904426206584732,52.0,4,4,3,4,12,4,1.0,1.0,0,1
D'OASIA,1300000.0,1097.93,1184.0,2021-06-01,102.0,12745.0,1.31966969295307,103.910261197479,11 LORONG MELAYU D'OASIA SINGAPORE 416905,7.741970201225104,52.0,2,1,0,2,13,14,1.0,1.0,0,2
THE ANTARES,1186460.0,656.6,1807.0,2021-06-01,61.0,19450.0,1.32541778538724,103.883403765337,23 MATTAR ROAD THE ANTARES SINGAPORE 387730,5.916441166611573,52.0,4,4,0,8,9,4,1.0,0.0,0,1
ASTORIA PARK,960000.0,958.0,1002.0,2021-06-01,89.0,10787.0,1.32177770499303,103.91225216665,34 LORONG MYDIN ASTORIA PARK SINGAPORE 416827,8.053226885077692,52.0,1,1,0,2,12,17,1.0,1.0,1,2
EUNOS PARK,1165000.0,1033.34,1127.0,2021-06-01,96.0,12135.0,1.31846390653038,103.9060767957,5 KAMPONG EUNOS EUNOS PARK SINGAPORE 417771,7.276599829446479,52.0,2,2,0,1,13,14,1.0,1.0,1,2
EUHABITAT,695000.0,538.2,1291.0,2021-06-01,50.0,13900.0,1.32795415126263,103.9070014142,196 JALAN EUNOS EUHABITAT SINGAPORE 419542,7.971961203569236,52.0,2,2,0,2,6,15,1.0,1.0,1,2
GROSVENOR VIEW,1390000.0,1248.62,1113.0,2021-06-01,116.0,11983.0,1.32768795196418,103.911844825065,3 LENGKONG EMPAT GROSVENOR VIEW SINGAPORE 417611,8.382712261708466,52.0,2,1,0,2,7,16,2.0,1.0,1,2
WATERBANK AT DAKOTA,1980000.0,1431.61,1383.0,2021-06-01,133.0,14887.0,1.30647833742136,103.888537197136,76 DAKOTA CRESCENT WATERBANK AT DAKOTA SINGAPORE 399944,4.918518965685704,52.0,3,3,0,5,10,6,1.0,1.0,1,1
THE ANTARES,992460.0,602.78,1646.0,2021-06-01,56.0,17723.0,1.32541778538724,103.883403765337,23 MATTAR ROAD THE ANTARES SINGAPORE 387730,5.916441166611573,52.0,4,4,0,8,9,4,1.0,0.0,0,1
URBAN TREASURES,1079600.0,516.67,1985.0,2021-06-01,48.0,21367.0,1.32936720206385,103.905791323853,205 JALAN EUNOS URBAN TREASURES SINGAPORE 419535,7.966767145631702,52.0,2,0,0,2,6,11,2.0,0.0,1,2
THE ANTARES,1256700.0,656.6,1914.0,2021-06-01,61.0,20602.0,1.32541778538724,103.883403765337,23 MATTAR ROAD THE ANTARES SINGAPORE 387730,5.916441166611573,52.0,4,4,0,8,9,4,3.0,0.0,0,1
THE ANTARES,1343740.0,731.95,1836.0,2021-06-01,68.0,19761.0,1.32541778538724,103.883403765337,23 MATTAR ROAD THE ANTARES SINGAPORE 387730,5.916441166611573,52.0,4,4,0,8,9,4,3.0,0.0,0,1
URBAN TREASURES,1661616.0,882.65,1788.0,2021-06-01,82.0,19250.0,1.32936720206385,103.905791323853,205 JALAN EUNOS URBAN TREASURES SINGAPORE 419535,7.966767145631702,52.0,2,0,0,2,6,11,1.0,0.0,1,2
VACANZA @ EAST,1220000.0,1022.58,1193.0,2021-06-01,95.0,12842.0,1.32901984483655,103.914196223923,36 LENGKONG TUJOH VACANZA @ EAST SINGAPORE 417391,8.680985857703446,52.0,3,1,0,2,8,12,1.0,1.0,1,2
ASTORIA PARK,920000.0,861.12,1068.0,2021-06-01,80.0,11500.0,1.32177770499303,103.91225216665,34 LORONG MYDIN ASTORIA PARK SINGAPORE 416827,8.053226885077692,52.0,1,1,0,2,12,17,1.0,1.0,1,2
LE REVE,1130000.0,839.59,1346.0,2021-06-01,78.0,14487.0,1.31868241486572,103.90610166475,27 KAMPONG EUNOS LE REVE SINGAPORE 417783,7.2919762495069005,52.0,2,2,0,1,13,14,1.0,1.0,1,2
GUILLEMARD EDGE,651000.0,430.56,1512.0,2021-06-01,40.0,16275.0,1.31200443744473,103.885949377155,38 LORONG 30 GEYLANG GUILLEMARD EDGE SINGAPORE 398371,5.041282413008211,52.0,4,4,1,7,11,5,2.0,1.0,0,1
SIMS URBAN OASIS,688000.0,409.03,1682.0,2021-06-01,38.0,18105.0,1.31926710475553,103.880615863782,6 SIMS DRIVE SIMS URBAN OASIS SINGAPORE 387388,5.190897370243519,52.0,3,4,0,8,9,1,3.0,1.0,1,1
SIMS GREEN,1175000.0,1237.86,949.0,2021-06-01,115.0,10217.0,1.31441038654771,103.884629689864,7 LORONG 27A GEYLANG SIMS GREEN SINGAPORE 388133,5.105957066325405,52.0,4,4,1,8,9,5,1.0,1.0,0,1
THE LENOX,1430000.0,1377.79,1038.0,2021-06-01,128.0,11172.0,1.31824376273926,103.911351165333,396 CHANGI ROAD THE LENOX SINGAPORE 415899,7.765250446888848,52.0,2,1,0,2,13,15,1.0,1.0,0,2
ASTORIA PARK,1200000.0,1173.28,1023.0,2021-06-01,109.0,11009.0,1.32177770499303,103.91225216665,34 LORONG MYDIN ASTORIA PARK SINGAPORE 416827,8.053226885077692,52.0,1,1,0,2,12,17,1.0,1.0,1,2
EDENZ LOFT,550000.0,430.56,1277.0,2021-06-01,40.0,13750.0,1.3123178474915,103.883532317959,11 LORONG 24 GEYLANG EDENZ LOFT SINGAPORE 398623,4.859816611041546,52.0,3,3,0,8,9,2,1.0,1.0,0,1
WATERBANK AT DAKOTA,1840000.0,1280.92,1436.0,2021-06-01,119.0,15462.0,1.30647833742136,103.888537197136,76 DAKOTA CRESCENT WATERBANK AT DAKOTA SINGAPORE 399944,4.918518965685704,52.0,3,3,0,5,10,6,1.0,1.0,1,1
URBAN TREASURES,1047960.0,516.67,1927.0,2021-06-01,48.0,20741.0,1.32936720206385,103.905791323853,205 JALAN EUNOS URBAN TREASURES SINGAPORE 419535,7.966767145631702,52.0,2,0,0,2,6,11,3.0,0.0,1,2
LE REVE,2380000.0,2400.37,992.0,2021-06-01,223.0,10673.0,1.31868241486572,103.90610166475,27 KAMPONG EUNOS LE REVE SINGAPORE 417783,7.2919762495069005,52.0,2,2,0,1,13,14,,1.0,1,2
THE ANTARES,1195440.0,667.37,1791.0,2021-06-01,62.0,19281.0,1.32541778538724,103.883403765337,23 MATTAR ROAD THE ANTARES SINGAPORE 387730,5.916441166611573,52.0,4,4,0,8,9,4,1.0,0.0,0,1
PENROSE,1728000.0,1054.87,1638.0,2021-06-01,98.0,17633.0,1.31948983025856,103.879994891095,22 SIMS DRIVE PENROSE SINGAPORE 387396,5.166503889250989,52.0,3,4,0,8,9,1,1.0,0.0,0,1
ESCADA VIEW,768000.0,753.48,1019.0,2021-06-01,70.0,10971.0,1.32899344664489,103.91347731741,53 LENGKONG EMPAT ESCADA VIEW SINGAPORE 417657,8.614569394694955,52.0,3,1,0,2,7,13,1.0,1.0,1,2
CASA SARINA,815000.0,742.72,1097.0,2021-06-01,69.0,11812.0,1.32018967220914,103.906865928269,101 LORONG SARINA CASA SARINA SINGAPORE 416729,7.4542779982704115,52.0,2,1,0,1,12,14,1.0,1.0,1,2
SIMS URBAN OASIS,1080000.0,699.66,1544.0,2021-06-01,65.0,16615.0,1.31926710475553,103.880615863782,6 SIMS DRIVE SIMS URBAN OASIS SINGAPORE 387388,5.190897370243519,52.0,3,4,0,8,9,1,2.0,1.0,1,1
EUHABITAT,1192000.0,1011.82,1178.0,2021-05-01,94.0,12681.0,1.32795415126263,103.9070014142,196 JALAN EUNOS EUHABITAT SINGAPORE 419542,7.971961203569236,53.0,2,2,0,2,6,15,1.0,1.0,1,2
VACANZA @ EAST,1643000.0,1603.84,1024.0,2021-05-01,149.0,11027.0,1.32901984483655,103.914196223923,36 LENGKONG TUJOH VACANZA @ EAST SINGAPORE 417391,8.680985857703446,53.0,3,1,0,2,8,12,3.0,1.0,1,2
THE WATERINA,1900000.0,1345.5,1412.0,2021-05-01,125.0,15200.0,1.3132821071538,103.89085032363,59 LORONG 40 GEYLANG THE WATERINA SINGAPORE 398082,5.55708137380416,53.0,4,4,3,5,12,5,1.0,1.0,0,1
PARK PLACE RESIDENCES AT PLQ,1186000.0,645.84,1836.0,2021-05-01,60.0,19767.0,1.31583675363618,103.892746648427,2 PAYA LEBAR ROAD PARK PLACE RESIDENCES AT PLQ SINGAPORE 409053,5.896537427358871,53.0,3,3,3,4,12,6,2.0,,0,1
THE ANTARES,1239600.0,656.6,1888.0,2021-05-01,61.0,20321.0,1.32541778538724,103.883403765337,23 MATTAR ROAD THE ANTARES SINGAPORE 387730,5.916441166611573,53.0,4,4,0,8,9,4,3.0,0.0,0,1
TEDGE,1500000.0,925.7,1620.0,2021-05-01,86.0,17442.0,1.3180672677589,103.908811491066,328 CHANGI ROAD TEDGE SINGAPORE 419803,7.512024356099393,53.0,2,1,0,1,14,15,1.0,0.0,0,2
SIMS URBAN OASIS,990888.0,710.42,1395.0,2021-05-01,66.0,15013.0,1.31926710475553,103.880615863782,6 SIMS DRIVE SIMS URBAN OASIS SINGAPORE 387388,5.190897370243519,53.0,3,4,0,8,9,1,3.0,1.0,1,1
THE ANTARES,1378220.0,861.12,1600.0,2021-05-01,80.0,17228.0,1.32541778538724,103.883403765337,23 MATTAR ROAD THE ANTARES SINGAPORE 387730,5.916441166611573,53.0,4,4,0,8,9,4,1.0,0.0,0,1
CARMI MANSIONS,1128000.0,1313.21,859.0,2021-05-01,122.0,9246.0,1.31572497044571,103.888037485239,38 LORONG 33 GEYLANG CARMI MANSIONS SINGAPORE 387991,5.484921395711978,53.0,4,5,3,7,11,4,1.0,1.0,0,1
ASTON LODGE,700000.0,807.3,867.0,2021-05-01,75.0,9333.0,1.31013061106888,103.877075411974,56 LORONG 8 GEYLANG ASTON LODGE SINGAPORE 399116,4.173867489967378,53.0,4,4,2,10,8,2,1.0,1.0,0,1
SIMS GREEN,1090000.0,1237.86,881.0,2021-05-01,115.0,9478.0,1.31441038654771,103.884629689864,7 LORONG 27A GEYLANG SIMS GREEN SINGAPORE 388133,5.105957066325405,53.0,4,4,1,8,9,5,1.0,1.0,0,1
SIMS RESIDENCES,1285000.0,1442.38,891.0,2021-05-01,134.0,9590.0,1.31607412947418,103.891092837354,8 LORONG 39 GEYLANG SIMS RESIDENCES SINGAPORE 387882,5.769235671840805,53.0,4,3,3,5,12,4,2.0,1.0,0,1
CASSIA VIEW,2900888.0,2411.14,1203.0,2021-05-01,224.0,12950.0,1.31103276112231,103.886630140814,320 GUILLEMARD ROAD CASSIA VIEW SINGAPORE 399746,5.033091805099718,53.0,4,2,1,7,11,5,4.0,1.0,0,1
SIMSVILLE,1306000.0,1248.62,1046.0,2021-05-01,116.0,11259.0,1.31703114737635,103.890499582849,2 GEYLANG EAST AVENUE 2 SIMSVILLE SINGAPORE 389754,5.786575389274496,53.0,4,4,3,6,12,4,2.0,1.0,1,1
SIMSVILLE,1080000.0,968.76,1115.0,2021-05-01,90.0,12000.0,1.31703114737635,103.890499582849,2 GEYLANG EAST AVENUE 2 SIMSVILLE SINGAPORE 389754,5.786575389274496,53.0,4,4,3,6,12,4,4.0,1.0,1,1
THE ANTARES,1330480.0,731.95,1818.0,2021-05-01,68.0,19566.0,1.32541778538724,103.883403765337,23 MATTAR ROAD THE ANTARES SINGAPORE 387730,5.916441166611573,53.0,4,4,0,8,9,4,3.0,0.0,0,1
SMART SUITES,725000.0,527.44,1375.0,2021-05-01,49.0,14796.0,1.31514448371947,103.884050282732,302 SIMS AVENUE SMART SUITES SINGAPORE 387516,5.114950686082434,53.0,3,5,0,8,9,3,1.0,1.0,0,1
ASTORIA PARK,1300000.0,1194.8,1088.0,2021-05-01,111.0,11712.0,1.32177770499303,103.91225216665,34 LORONG MYDIN ASTORIA PARK SINGAPORE 416827,8.053226885077692,53.0,1,1,0,2,12,17,3.0,1.0,1,2
TRE RESIDENCES,685000.0,419.8,1632.0,2021-05-01,39.0,17564.0,1.3172278261209,103.885015905304,9 GEYLANG EAST AVENUE 1 TRE RESIDENCES SINGAPORE 389783,5.353082321074245,53.0,3,3,2,8,9,3,1.0,1.0,1,1
SIMS URBAN OASIS,760000.0,462.85,1642.0,2021-05-01,43.0,17674.0,1.31926710475553,103.880615863782,6 SIMS DRIVE SIMS URBAN OASIS SINGAPORE 387388,5.190897370243519,53.0,3,4,0,8,9,1,2.0,1.0,1,1
PARK PLACE RESIDENCES AT PLQ,1280000.0,645.84,1982.0,2021-05-01,60.0,21333.0,1.31583675363618,103.892746648427,2 PAYA LEBAR ROAD PARK PLACE RESIDENCES AT PLQ SINGAPORE 409053,5.896537427358871,53.0,3,3,3,4,12,6,1.0,,0,1
THE ANTARES,1249500.0,656.6,1903.0,2021-05-01,61.0,20484.0,1.32541778538724,103.883403765337,23 MATTAR ROAD THE ANTARES SINGAPORE 387730,5.916441166611573,53.0,4,4,0,8,9,4,3.0,0.0,0,1
EUHABITAT,715000.0,592.02,1208.0,2021-05-01,55.0,13000.0,1.32795415126263,103.9070014142,196 JALAN EUNOS EUHABITAT SINGAPORE 419542,7.971961203569236,53.0,2,2,0,2,6,15,1.0,1.0,1,2
THE ANTARES,1679520.0,882.65,1903.0,2021-05-01,82.0,20482.0,1.32541778538724,103.883403765337,23 MATTAR ROAD THE ANTARES SINGAPORE 387730,5.916441166611573,53.0,4,4,0,8,9,4,4.0,0.0,0,1
EUHABITAT,768000.0,613.55,1252.0,2021-05-01,57.0,13474.0,1.32795415126263,103.9070014142,196 JALAN EUNOS EUHABITAT SINGAPORE 419542,7.971961203569236,53.0,2,2,0,2,6,15,1.0,1.0,1,2
THE MIDAS,1100000.0,1097.93,1002.0,2021-05-01,102.0,10784.0,1.31287327322577,103.886114462631,26 LORONG 30 GEYLANG THE MIDAS SINGAPORE 398359,5.116956655400778,53.0,5,4,2,7,11,4,1.0,1.0,0,1
THE TRUMPS,1230000.0,1044.11,1178.0,2021-05-01,97.0,12680.0,1.32002610262337,103.91348728953,1 JALAN KEMBANGAN THE TRUMPS SINGAPORE 419154,8.069943599460245,53.0,1,0,0,2,12,18,1.0,1.0,1,2
URBAN TREASURES,1309000.0,656.6,1880.0,2021-05-01,61.0,20240.0,1.32936720206385,103.905791323853,205 JALAN EUNOS URBAN TREASURES SINGAPORE 419535,7.966767145631702,53.0,2,0,0,2,6,11,2.0,0.0,1,2
GUILLEMARD EDGE,812000.0,548.96,1479.0,2021-05-01,51.0,15922.0,1.31200443744473,103.885949377155,38 LORONG 30 GEYLANG GUILLEMARD EDGE SINGAPORE 398371,5.041282413008211,53.0,4,4,1,7,11,5,2.0,1.0,0,1
PENROSE,1823000.0,1097.93,1660.0,2021-05-01,102.0,17873.0,1.31948983025856,103.879994891095,22 SIMS DRIVE PENROSE SINGAPORE 387396,5.166503889250989,53.0,3,4,0,8,9,1,3.0,0.0,0,1
VIENTO,610000.0,473.62,1288.0,2021-05-01,44.0,13864.0,1.31221104514144,103.886520466932,29 LORONG 30 GEYLANG VIENTO SINGAPORE 398362,5.104904162018615,53.0,5,4,2,7,11,5,2.0,1.0,0,1
LE CRESCENDO,1650000.0,1184.04,1394.0,2021-05-01,110.0,15000.0,1.33049714674003,103.888409268781,233 PAYA LEBAR ROAD LE CRESCENDO SINGAPORE 409044,6.701977813091088,53.0,4,3,0,6,9,4,4.0,1.0,1,1
THE VINES,1280000.0,1108.69,1155.0,2021-05-01,103.0,12427.0,1.31938865407237,103.908010725574,12 LORONG SARINA THE VINES SINGAPORE 416736,7.513064861326432,53.0,2,1,0,1,14,14,1.0,1.0,0,2
PARK PLACE RESIDENCES AT PLQ,1000000.0,484.38,2064.0,2021-05-01,45.0,22222.0,1.31583675363618,103.892746648427,2 PAYA LEBAR ROAD PARK PLACE RESIDENCES AT PLQ SINGAPORE 409053,5.896537427358871,53.0,3,3,3,4,12,6,2.0,,0,1
SIMS GREEN,1170000.0,1248.62,937.0,2021-05-01,116.0,10086.0,1.31441038654771,103.884629689864,7 LORONG 27A GEYLANG SIMS GREEN SINGAPORE 388133,5.105957066325405,53.0,4,4,1,8,9,5,1.0,1.0,0,1
PARC ESTA,1606000.0,925.7,1735.0,2021-05-01,86.0,18674.0,1.31786521916555,103.903967184717,904 SIMS AVENUE PARC ESTA SINGAPORE 408968,7.043509290403673,53.0,1,4,0,1,13,16,1.0,0.0,0,1
COSMO,970000.0,667.37,1453.0,2021-05-01,62.0,15645.0,1.30957643997194,103.881039620932,18 GUILLEMARD CRESCENT COSMO SINGAPORE 399914,4.451122722705213,53.0,4,4,1,9,9,1,1.0,1.0,0,1
MILLAGE,680000.0,462.85,1469.0,2021-05-01,43.0,15814.0,1.38854656229022,103.987804503483,1 CHANGI VILLAGE ROAD SINGAPORE 500001,19.183455237444974,53.0,0,1,0,0,0,5,2.0,1.0,0,1
CENTRA HEIGHTS,660000.0,462.85,1426.0,2021-05-01,43.0,15349.0,1.31629397762889,103.88657418395,455 SIMS AVENUE CENTRA HEIGHTS SINGAPORE 387607,5.406260020602187,53.0,4,4,3,7,11,4,1.0,1.0,0,1
TRE RESIDENCES,1475000.0,947.23,1557.0,2021-05-01,88.0,16761.0,1.3172278261209,103.885015905304,9 GEYLANG EAST AVENUE 1 TRE RESIDENCES SINGAPORE 389783,5.353082321074245,53.0,3,3,2,8,9,3,3.0,1.0,1,1
GUILLEMARD EDGE,770000.0,559.73,1376.0,2021-05-01,52.0,14808.0,1.31200443744473,103.885949377155,38 LORONG 30 GEYLANG GUILLEMARD EDGE SINGAPORE 398371,5.041282413008211,53.0,4,4,1,7,11,5,2.0,1.0,0,1
THE ANTARES,1247860.0,667.37,1870.0,2021-05-01,62.0,20127.0,1.32541778538724,103.883403765337,23 MATTAR ROAD THE ANTARES SINGAPORE 387730,5.916441166611573,53.0,4,4,0,8,9,4,3.0,0.0,0,1
ASTON MANSIONS,975000.0,1140.98,855.0,2021-05-01,106.0,9198.0,1.31393251470132,103.890612644048,7 LORONG 42 GEYLANG ASTON MANSIONS SINGAPORE 398028,5.57978728565853,53.0,4,4,3,5,12,6,1.0,1.0,0,1
WATERBANK AT DAKOTA,1385000.0,882.65,1569.0,2021-05-01,82.0,16890.0,1.30647833742136,103.888537197136,76 DAKOTA CRESCENT WATERBANK AT DAKOTA SINGAPORE 399944,4.918518965685704,53.0,3,3,0,5,10,6,1.0,1.0,1,1
VACANZA @ EAST,1210000.0,1033.34,1171.0,2021-05-01,96.0,12604.0,1.32901984483655,103.914196223923,36 LENGKONG TUJOH VACANZA @ EAST SINGAPORE 417391,8.680985857703446,53.0,3,1,0,2,8,12,1.0,1.0,1,2
SIMSVILLE,1060000.0,979.52,1082.0,2021-05-01,91.0,11648.0,1.31703114737635,103.890499582849,2 GEYLANG EAST AVENUE 2 SIMSVILLE SINGAPORE 389754,5.786575389274496,53.0,4,4,3,6,12,4,2.0,1.0,1,1
PENROSE,1818000.0,1097.93,1656.0,2021-05-01,102.0,17824.0,1.31948983025856,103.879994891095,22 SIMS DRIVE PENROSE SINGAPORE 387396,5.166503889250989,53.0,3,4,0,8,9,1,3.0,0.0,0,1
SIMS URBAN OASIS,1600000.0,1022.58,1565.0,2021-05-01,95.0,16842.0,1.31926710475553,103.880615863782,6 SIMS DRIVE SIMS URBAN OASIS SINGAPORE 387388,5.190897370243519,53.0,3,4,0,8,9,1,3.0,1.0,1,1
SIMS URBAN OASIS,1010000.0,667.37,1513.0,2021-05-01,62.0,16290.0,1.31926710475553,103.880615863782,6 SIMS DRIVE SIMS URBAN OASIS SINGAPORE 387388,5.190897370243519,53.0,3,4,0,8,9,1,1.0,1.0,1,1
THE WATERINA,1255000.0,968.76,1295.0,2021-05-01,90.0,13944.0,1.3132821071538,103.89085032363,59 LORONG 40 GEYLANG THE WATERINA SINGAPORE 398082,5.55708137380416,53.0,4,4,3,5,12,5,1.0,1.0,0,1
SIMS URBAN OASIS,750000.0,462.85,1620.0,2021-05-01,43.0,17442.0,1.31926710475553,103.880615863782,6 SIMS DRIVE SIMS URBAN OASIS SINGAPORE 387388,5.190897370243519,53.0,3,4,0,8,9,1,3.0,1.0,1,1
VACANZA @ EAST,970000.0,807.3,1202.0,2021-05-01,75.0,12933.0,1.32901984483655,103.914196223923,36 LENGKONG TUJOH VACANZA @ EAST SINGAPORE 417391,8.680985857703446,53.0,3,1,0,2,8,12,1.0,1.0,1,2
THE ANTARES,985000.0,602.78,1634.0,2021-05-01,56.0,17589.0,1.32541778538724,103.883403765337,23 MATTAR ROAD THE ANTARES SINGAPORE 387730,5.916441166611573,53.0,4,4,0,8,9,4,1.0,0.0,0,1
THE ANTARES,1231340.0,656.6,1875.0,2021-05-01,61.0,20186.0,1.32541778538724,103.883403765337,23 MATTAR ROAD THE ANTARES SINGAPORE 387730,5.916441166611573,53.0,4,4,0,8,9,4,2.0,0.0,0,1
THE ANTARES,1920000.0,1151.75,1667.0,2021-05-01,107.0,17944.0,1.32541778538724,103.883403765337,23 MATTAR ROAD THE ANTARES SINGAPORE 387730,5.916441166611573,53.0,4,4,0,8,9,4,1.0,0.0,0,1
THE ANTARES,1241340.0,667.37,1860.0,2021-05-01,62.0,20022.0,1.32541778538724,103.883403765337,23 MATTAR ROAD THE ANTARES SINGAPORE 387730,5.916441166611573,53.0,4,4,0,8,9,4,2.0,0.0,0,1
THE ANTARES,1234500.0,656.6,1880.0,2021-05-01,61.0,20238.0,1.32541778538724,103.883403765337,23 MATTAR ROAD THE ANTARES SINGAPORE 387730,5.916441166611573,53.0,4,4,0,8,9,4,3.0,0.0,0,1
CENTRAL GROVE,1360000.0,1227.1,1108.0,2021-05-01,114.0,11930.0,1.31623494982413,103.884417981377,3 GEYLANG EAST AVENUE 1 CENTRAL GROVE SINGAPORE 389779,5.228491443172765,53.0,4,5,1,8,9,3,2.0,1.0,1,1
GOODVIEW APARTMENTS,1030000.0,1291.68,797.0,2021-05-01,120.0,8583.0,1.31163885880473,103.87683807349,6 LORONG 8 GEYLANG GOODVIEW APARTMENTS SINGAPORE 399077,4.277500034967684,53.0,4,3,0,10,8,2,1.0,1.0,0,1
THE WATER EDGE,680000.0,462.85,1469.0,2021-05-01,43.0,15814.0,1.31372105189031,103.888759579471,8 LORONG 38 GEYLANG THE WATER EDGE SINGAPORE 398106,5.4035924754809175,53.0,4,4,3,6,11,4,1.0,1.0,0,1
ASTON MANSIONS,965000.0,1140.98,846.0,2021-05-01,106.0,9104.0,1.31393251470132,103.890612644048,7 LORONG 42 GEYLANG ASTON MANSIONS SINGAPORE 398028,5.57978728565853,53.0,4,4,3,5,12,6,1.0,1.0,0,1
LE REGAL,495000.0,365.98,1353.0,2021-05-01,34.0,14559.0,1.31250268727998,103.880368117228,340 GEYLANG ROAD LE REGAL SINGAPORE 389365,4.61788023094977,53.0,2,3,0,9,10,1,1.0,1.0,0,1
URBAN TREASURES,1211230.0,635.08,1812.0,2021-05-01,59.0,19503.0,1.32936720206385,103.905791323853,205 JALAN EUNOS URBAN TREASURES SINGAPORE 419535,7.966767145631702,53.0,2,0,0,2,6,11,1.0,0.0,1,2
URBAN TREASURES,2420000.0,1270.15,1810.0,2021-05-01,118.0,19483.0,1.32936720206385,103.905791323853,205 JALAN EUNOS URBAN TREASURES SINGAPORE 419535,7.966767145631702,53.0,2,0,0,2,6,11,2.0,0.0,1,2
THE ANTARES,1283460.0,731.95,1753.0,2021-05-01,68.0,18874.0,1.32541778538724,103.883403765337,23 MATTAR ROAD THE ANTARES SINGAPORE 387730,5.916441166611573,53.0,4,4,0,8,9,4,1.0,0.0,0,1
# 1 SUITES,660000.0,559.73,1179.0,2021-05-01,52.0,12692.0,1.31239029325188,103.881504147527,1 LORONG 20 GEYLANG # 1 SUITES SINGAPORE 398721,4.699608709809529,53.0,3,3,0,8,9,2,1.0,1.0,0,1
BLISS RESIDENCES,1020000.0,839.59,1215.0,2021-05-01,78.0,13077.0,1.32012879856897,103.91212772924,17 JALAN MASJID BLISS RESIDENCES SINGAPORE 418942,7.945787384352488,53.0,1,1,0,2,12,17,1.0,1.0,0,2
SUNFLOWER REGENCY,968000.0,1151.75,840.0,2021-05-01,107.0,9047.0,1.3112844032004,103.881516089364,37 LORONG 20 GEYLANG SUNFLOWER REGENCY SINGAPORE 398753,4.616871709534783,53.0,3,3,0,8,9,2,1.0,1.0,0,1
THE WATERINA,1521000.0,1227.1,1240.0,2021-05-01,114.0,13342.0,1.3132821071538,103.89085032363,59 LORONG 40 GEYLANG THE WATERINA SINGAPORE 398082,5.55708137380416,53.0,4,4,3,5,12,5,1.0,1.0,0,1
KEMBANGAN SUITES,760000.0,527.44,1441.0,2021-05-01,49.0,15510.0,1.32015257058639,103.912727083961,16 JALAN MASJID KEMBANGAN SUITES SINGAPORE 418941,8.00431940901614,53.0,1,1,0,2,12,18,1.0,1.0,0,2
THE ANTARES,1982460.0,1151.75,1721.0,2021-05-01,107.0,18528.0,1.32541778538724,103.883403765337,23 MATTAR ROAD THE ANTARES SINGAPORE 387730,5.916441166611573,53.0,4,4,0,8,9,4,2.0,0.0,0,1
QUBE SUITES,600000.0,430.56,1394.0,2021-05-01,40.0,15000.0,1.32987209553022,103.908123975446,24 JALAN PUNAI QUBE SUITES SINGAPORE 418804,8.202337725386041,53.0,2,1,0,2,5,14,1.0,1.0,0,2
GUILLEMARD EDGE,620000.0,409.03,1516.0,2021-05-01,38.0,16316.0,1.31200443744473,103.885949377155,38 LORONG 30 GEYLANG GUILLEMARD EDGE SINGAPORE 398371,5.041282413008211,53.0,4,4,1,7,11,5,1.0,1.0,0,1
NESS,548000.0,387.5,1414.0,2021-05-01,36.0,15222.0,1.31269794714045,103.886776844129,38 LORONG 32 GEYLANG NESS SINGAPORE 398298,5.1611183017097115,53.0,5,4,2,7,11,5,1.0,1.0,0,1
SIMS EDGE,899000.0,581.26,1547.0,2021-05-01,54.0,16648.0,1.31640485669867,103.887906763671,1 GEYLANG EAST AVENUE 2 SIMS EDGE SINGAPORE 389760,5.523980705206435,53.0,4,5,3,7,12,4,2.0,1.0,0,1
URBAN TREASURES,1266750.0,645.84,1863.0,2021-05-01,60.0,20057.0,1.32936720206385,103.905791323853,205 JALAN EUNOS URBAN TREASURES SINGAPORE 419535,7.966767145631702,53.0,2,0,0,2,6,11,1.0,0.0,1,2
URBAN TREASURES,1022000.0,516.67,1879.0,2021-05-01,48.0,20227.0,1.32936720206385,103.905791323853,205 JALAN EUNOS URBAN TREASURES SINGAPORE 419535,7.966767145631702,53.0,2,0,0,2,6,11,3.0,0.0,1,2
KEMBANGAN SUITES,810888.0,538.2,1507.0,2021-05-01,50.0,16218.0,1.32015257058639,103.912727083961,16 JALAN MASJID KEMBANGAN SUITES SINGAPORE 418941,8.00431940901614,53.0,1,1,0,2,12,18,1.0,1.0,0,2
THE HELICONIA,1500000.0,1334.74,1124.0,2021-05-01,124.0,12097.0,1.32635294484067,103.908900244938,30 JALAN DAUD THE HELICONIA SINGAPORE 419572,8.031320801555648,53.0,3,2,0,2,7,16,3.0,1.0,1,2
VACANZA @ EAST,975000.0,807.3,1208.0,2021-05-01,75.0,13000.0,1.32901984483655,103.914196223923,36 LENGKONG TUJOH VACANZA @ EAST SINGAPORE 417391,8.680985857703446,53.0,3,1,0,2,8,12,2.0,1.0,1,2
THE HELICONIA,1330000.0,1313.21,1013.0,2021-05-01,122.0,10902.0,1.32635294484067,103.908900244938,30 JALAN DAUD THE HELICONIA SINGAPORE 419572,8.031320801555648,53.0,3,2,0,2,7,16,1.0,1.0,1,2
URBAN TREASURES,1382000.0,699.66,1876.0,2021-05-01,65.0,20198.0,1.32936720206385,103.905791323853,205 JALAN EUNOS URBAN TREASURES SINGAPORE 419535,7.966767145631702,53.0,2,0,0,2,6,11,3.0,0.0,1,2
URBAN TREASURES,1315000.0,656.6,1903.0,2021-05-01,61.0,20480.0,1.32936720206385,103.905791323853,205 JALAN EUNOS URBAN TREASURES SINGAPORE 419535,7.966767145631702,53.0,2,0,0,2,6,11,3.0,0.0,1,2
THE ANTARES,1621380.0,882.65,1837.0,2021-05-01,82.0,19773.0,1.32541778538724,103.883403765337,23 MATTAR ROAD THE ANTARES SINGAPORE 387730,5.916441166611573,53.0,4,4,0,8,9,4,2.0,0.0,0,1
URBAN TREASURES,1892000.0,1011.82,1776.0,2021-05-01,94.0,19121.0,1.32936720206385,103.905791323853,205 JALAN EUNOS URBAN TREASURES SINGAPORE 419535,7.966767145631702,53.0,2,0,0,2,6,11,1.0,0.0,1,2
URBAN TREASURES,1215000.0,635.08,1817.0,2021-05-01,59.0,19564.0,1.32936720206385,103.905791323853,205 JALAN EUNOS URBAN TREASURES SINGAPORE 419535,7.966767145631702,53.0,2,0,0,2,6,11,1.0,0.0,1,2
THE ANTARES,1000860.0,602.78,1660.0,2021-05-01,56.0,17873.0,1.32541778538724,103.883403765337,23 MATTAR ROAD THE ANTARES SINGAPORE 387730,5.916441166611573,53.0,4,4,0,8,9,4,1.0,0.0,0,1
WATERBANK AT DAKOTA,1900000.0,1184.04,1605.0,2021-05-01,110.0,17273.0,1.30647833742136,103.888537197136,76 DAKOTA CRESCENT WATERBANK AT DAKOTA SINGAPORE 399944,4.918518965685704,53.0,3,3,0,5,10,6,2.0,1.0,1,1
PARC ESTA,927000.0,452.09,2050.0,2021-05-01,42.0,22071.0,1.31786521916555,103.903967184717,904 SIMS AVENUE PARC ESTA SINGAPORE 408968,7.043509290403673,53.0,1,4,0,1,13,16,3.0,0.0,0,1
LA BRISA,830000.0,624.31,1329.0,2021-05-01,58.0,14310.0,1.31190419143627,103.885369365155,50 LORONG 28 GEYLANG LA BRISA SINGAPORE 398453,4.984533537431171,53.0,4,4,1,7,11,5,2.0,1.0,0,1
IDYLLIC SUITES,550000.0,419.8,1310.0,2021-05-01,39.0,14103.0,1.31285080910896,103.886497625764,21 LORONG 30 GEYLANG IDYLLIC SUITES SINGAPORE 398353,5.1480043421598065,53.0,5,4,2,7,11,5,1.0,1.0,0,1
MILLAGE,660000.0,462.85,1426.0,2021-05-01,43.0,15349.0,1.38854656229022,103.987804503483,1 CHANGI VILLAGE ROAD SINGAPORE 500001,19.183455237444974,53.0,0,1,0,0,0,5,1.0,1.0,0,1
GUILLEMARD SUITES,830000.0,656.6,1264.0,2021-05-01,61.0,13607.0,1.31094521852726,103.882721097721,213 GUILLEMARD ROAD GUILLEMARD SUITES SINGAPORE 399733,4.691609257032653,53.0,3,4,0,8,9,3,1.0,1.0,0,1
GROSVENOR VIEW,2170000.0,1883.7,1152.0,2021-05-01,175.0,12400.0,1.32768795196418,103.911844825065,3 LENGKONG EMPAT GROSVENOR VIEW SINGAPORE 417611,8.382712261708466,53.0,2,1,0,2,7,16,1.0,1.0,1,2
KEMBANGAN SUITES,813000.0,538.2,1511.0,2021-05-01,50.0,16260.0,1.32015257058639,103.912727083961,16 JALAN MASJID KEMBANGAN SUITES SINGAPORE 418941,8.00431940901614,53.0,1,1,0,2,12,18,1.0,1.0,0,2
PENROSE,1782000.0,1097.93,1623.0,2021-05-01,102.0,17471.0,1.31948983025856,103.879994891095,22 SIMS DRIVE PENROSE SINGAPORE 387396,5.166503889250989,53.0,3,4,0,8,9,1,1.0,0.0,0,1
THE LENOX,640000.0,430.56,1486.0,2021-05-01,40.0,16000.0,1.31824376273926,103.911351165333,396 CHANGI ROAD THE LENOX SINGAPORE 415899,7.765250446888848,53.0,2,1,0,2,13,15,1.0,1.0,0,2
THE WATERINA,2050000.0,1367.03,1500.0,2021-05-01,127.0,16142.0,1.3132821071538,103.89085032363,59 LORONG 40 GEYLANG THE WATERINA SINGAPORE 398082,5.55708137380416,53.0,4,4,3,5,12,5,1.0,1.0,0,1
ASTORIA PARK,988000.0,958.0,1031.0,2021-05-01,89.0,11101.0,1.32177770499303,103.91225216665,34 LORONG MYDIN ASTORIA PARK SINGAPORE 416827,8.053226885077692,53.0,1,1,0,2,12,17,1.0,1.0,1,2
SILVERSCAPE,595000.0,409.03,1455.0,2021-05-01,38.0,15658.0,1.31256998658763,103.887209225771,39 LORONG 32 GEYLANG SILVERSCAPE SINGAPORE 398299,5.189405207979182,53.0,5,4,2,7,11,5,2.0,1.0,0,1
URBAN TREASURES,992000.0,516.67,1824.0,2021-05-01,48.0,19633.0,1.32936720206385,103.905791323853,205 JALAN EUNOS URBAN TREASURES SINGAPORE 419535,7.966767145631702,53.0,2,0,0,2,6,11,1.0,0.0,1,2
URBAN TREASURES,1017000.0,516.67,1870.0,2021-05-01,48.0,20128.0,1.32936720206385,103.905791323853,205 JALAN EUNOS URBAN TREASURES SINGAPORE 419535,7.966767145631702,53.0,2,0,0,2,6,11,2.0,0.0,1,2
THE ANTARES,1229500.0,667.37,1842.0,2021-05-01,62.0,19831.0,1.32541778538724,103.883403765337,23 MATTAR ROAD THE ANTARES SINGAPORE 387730,5.916441166611573,53.0,4,4,0,8,9,4,3.0,0.0,0,1
THE HELICONIA,1468500.0,1334.74,1100.0,2021-05-01,124.0,11843.0,1.32635294484067,103.908900244938,30 JALAN DAUD THE HELICONIA SINGAPORE 419572,8.031320801555648,53.0,3,2,0,2,7,16,1.0,1.0,1,2
ATRIUM RESIDENCES,986000.0,1011.82,974.0,2021-05-01,94.0,10489.0,1.31372274938589,103.886156549479,532 GEYLANG ROAD ATRIUM RESIDENCES SINGAPORE 389488,5.181625591258403,53.0,5,4,2,7,11,5,1.0,1.0,0,1
SINGA HILLS,895000.0,667.37,1341.0,2021-05-01,62.0,14435.0,1.33013262911561,103.908284993545,33 JALAN SINGA SINGA HILLS SINGAPORE 418109,8.234437338266625,53.0,1,1,0,2,5,13,1.0,1.0,0,2
LE REGAL,490000.0,365.98,1339.0,2021-05-01,34.0,14412.0,1.31250268727998,103.880368117228,340 GEYLANG ROAD LE REGAL SINGAPORE 389365,4.61788023094977,53.0,2,3,0,9,10,1,1.0,1.0,0,1
THE WATERINA,1788888.0,1291.68,1385.0,2021-05-01,120.0,14907.0,1.3132821071538,103.89085032363,59 LORONG 40 GEYLANG THE WATERINA SINGAPORE 398082,5.55708137380416,53.0,4,4,3,5,12,5,1.0,1.0,0,1
PARC ESTA,2188000.0,1227.1,1783.0,2021-05-01,114.0,19193.0,1.31786521916555,103.903967184717,904 SIMS AVENUE PARC ESTA SINGAPORE 408968,7.043509290403673,53.0,1,4,0,1,13,16,2.0,0.0,0,1
GUILLEMARD SUITES,900000.0,635.08,1417.0,2021-05-01,59.0,15254.0,1.31094521852726,103.882721097721,213 GUILLEMARD ROAD GUILLEMARD SUITES SINGAPORE 399733,4.691609257032653,53.0,3,4,0,8,9,3,1.0,1.0,0,1
GRANDVIEW SUITES,525000.0,387.5,1355.0,2021-05-01,36.0,14583.0,1.31277604580511,103.882455638462,1 LORONG 22 GEYLANG GRANDVIEW SUITES SINGAPORE 398664,4.805784944271149,53.0,3,3,0,8,9,2,1.0,1.0,0,1
THE ANTARES,1215840.0,667.37,1822.0,2021-05-01,62.0,19610.0,1.32541778538724,103.883403765337,23 MATTAR ROAD THE ANTARES SINGAPORE 387730,5.916441166611573,53.0,4,4,0,8,9,4,2.0,0.0,0,1
THE WATERINA,1350000.0,1054.87,1280.0,2021-05-01,98.0,13776.0,1.3132821071538,103.89085032363,59 LORONG 40 GEYLANG THE WATERINA SINGAPORE 398082,5.55708137380416,53.0,4,4,3,5,12,5,2.0,1.0,0,1
THE ANTARES,1345000.0,731.95,1838.0,2021-05-01,68.0,19779.0,1.32541778538724,103.883403765337,23 MATTAR ROAD THE ANTARES SINGAPORE 387730,5.916441166611573,53.0,4,4,0,8,9,4,3.0,0.0,0,1
THE ANTARES,1628520.0,882.65,1845.0,2021-05-01,82.0,19860.0,1.32541778538724,103.883403765337,23 MATTAR ROAD THE ANTARES SINGAPORE 387730,5.916441166611573,53.0,4,4,0,8,9,4,3.0,0.0,0,1
SIMS URBAN OASIS,1470000.0,958.0,1534.0,2021-04-01,89.0,16517.0,1.31926710475553,103.880615863782,6 SIMS DRIVE SIMS URBAN OASIS SINGAPORE 387388,5.190897370243519,54.0,3,4,0,8,9,1,3.0,1.0,1,1
URBAN TREASURES,1954000.0,1011.82,1830.0,2021-04-01,94.0,19696.0,1.32936720206385,103.905791323853,205 JALAN EUNOS URBAN TREASURES SINGAPORE 419535,7.966767145631702,54.0,2,0,0,2,6,11,2.0,0.0,1,2
EUHABITAT,1610000.0,1302.44,1236.0,2021-04-01,121.0,13306.0,1.32795415126263,103.9070014142,196 JALAN EUNOS EUHABITAT SINGAPORE 419542,7.971961203569236,54.0,2,2,0,2,6,15,1.0,1.0,1,2
THE ANTARES,1226240.0,656.6,1868.0,2021-04-01,61.0,20102.0,1.32541778538724,103.883403765337,23 MATTAR ROAD THE ANTARES SINGAPORE 387730,5.916441166611573,54.0,4,4,0,8,9,4,2.0,0.0,0,1
VACANZA @ EAST,620000.0,484.38,1280.0,2021-04-01,45.0,13778.0,1.32901984483655,103.914196223923,36 LENGKONG TUJOH VACANZA @ EAST SINGAPORE 417391,8.680985857703446,54.0,3,1,0,2,8,12,1.0,1.0,1,2
STARVILLE,1310000.0,1237.86,1058.0,2021-04-01,115.0,11391.0,1.32826483616522,103.912067534158,66 LENGKONG TIGA STARVILLE SINGAPORE 417471,8.44041551036464,54.0,3,1,0,2,7,15,2.0,1.0,1,2
SIMSVILLE,1360000.0,1237.86,1099.0,2021-04-01,115.0,11826.0,1.31703114737635,103.890499582849,2 GEYLANG EAST AVENUE 2 SIMSVILLE SINGAPORE 389754,5.786575389274496,54.0,4,4,3,6,12,4,2.0,1.0,1,1
THE WATERINA,1515000.0,1087.16,1394.0,2021-04-01,101.0,15000.0,1.3132821071538,103.89085032363,59 LORONG 40 GEYLANG THE WATERINA SINGAPORE 398082,5.55708137380416,54.0,4,4,3,5,12,5,1.0,1.0,0,1
THE ANTARES,1186560.0,667.37,1778.0,2021-04-01,62.0,19138.0,1.32541778538724,103.883403765337,23 MATTAR ROAD THE ANTARES SINGAPORE 387730,5.916441166611573,54.0,4,4,0,8,9,4,1.0,0.0,0,1
PARC ESTA,1824000.0,1065.64,1712.0,2021-04-01,99.0,18424.0,1.31786521916555,103.903967184717,904 SIMS AVENUE PARC ESTA SINGAPORE 408968,7.043509290403673,54.0,1,4,0,1,13,16,1.0,0.0,0,1
PAYA LEBAR RESIDENCES,1718000.0,1270.15,1353.0,2021-04-01,118.0,14559.0,1.31752143815241,103.891475654733,27 PAYA LEBAR ROAD PAYA LEBAR RESIDENCES SINGAPORE 409042,5.904426206584732,54.0,4,4,3,4,12,4,1.0,1.0,0,1
SUITES 28,560000.0,452.09,1239.0,2021-04-01,42.0,13333.0,1.31268459175571,103.885941111431,28 LORONG 30 GEYLANG SUITES 28 SINGAPORE 398361,5.088755596385559,54.0,5,4,1,7,11,4,1.0,1.0,0,1
KEMBANGAN SUITES,750000.0,516.67,1452.0,2021-04-01,48.0,15625.0,1.32015257058639,103.912727083961,16 JALAN MASJID KEMBANGAN SUITES SINGAPORE 418941,8.00431940901614,54.0,1,1,0,2,12,18,1.0,1.0,0,2
SIMS URBAN OASIS,962000.0,624.31,1541.0,2021-04-01,58.0,16586.0,1.31926710475553,103.880615863782,6 SIMS DRIVE SIMS URBAN OASIS SINGAPORE 387388,5.190897370243519,54.0,3,4,0,8,9,1,1.0,1.0,1,1
WING FONG MANSIONS,975000.0,1227.1,795.0,2021-04-01,114.0,8553.0,1.31057552074486,103.879078933752,12 LORONG 14 GEYLANG WING FONG MANSIONS SINGAPORE 398924,4.366074173360566,54.0,4,4,1,10,9,1,1.0,1.0,0,1
PRIME RESIDENCE,535000.0,398.27,1343.0,2021-04-01,37.0,14459.0,1.31118981428433,103.882466535926,41 LORONG 22 GEYLANG PRIME RESIDENCE SINGAPORE 398697,4.688267126786674,54.0,3,4,0,8,9,2,1.0,1.0,0,1
URBAN TREASURES,982000.0,516.67,1806.0,2021-04-01,48.0,19435.0,1.32936720206385,103.905791323853,205 JALAN EUNOS URBAN TREASURES SINGAPORE 419535,7.966767145631702,54.0,2,0,0,2,6,11,1.0,0.0,1,2
URBAN TREASURES,1979000.0,1011.82,1858.0,2021-04-01,94.0,20001.0,1.32936720206385,103.905791323853,205 JALAN EUNOS URBAN TREASURES SINGAPORE 419535,7.966767145631702,54.0,2,0,0,2,6,11,3.0,0.0,1,2
EDENZ SUITES,560000.0,452.09,1239.0,2021-04-01,42.0,13333.0,1.31286931612854,103.885753141885,21 LORONG 28 GEYLANG EDENZ SUITES SINGAPORE 398425,5.086028153004915,54.0,5,4,1,7,11,4,2.0,1.0,0,1
CENTRAL IMPERIAL,890000.0,742.72,1198.0,2021-04-01,69.0,12899.0,1.31194266781347,103.879213970964,3 LORONG 14 GEYLANG CENTRAL IMPERIAL SINGAPORE 398915,4.483469484998063,54.0,3,4,0,10,9,1,2.0,1.0,0,1
ASTORIA PARK,1200000.0,1313.21,914.0,2021-04-01,122.0,9836.0,1.32177770499303,103.91225216665,34 LORONG MYDIN ASTORIA PARK SINGAPORE 416827,8.053226885077692,54.0,1,1,0,2,12,17,1.0,1.0,1,2
SIMS URBAN OASIS,1050000.0,667.37,1573.0,2021-04-01,62.0,16935.0,1.31926710475553,103.880615863782,6 SIMS DRIVE SIMS URBAN OASIS SINGAPORE 387388,5.190897370243519,54.0,3,4,0,8,9,1,2.0,1.0,1,1
PENROSE,1734000.0,1054.87,1644.0,2021-04-01,98.0,17694.0,1.31948983025856,103.879994891095,22 SIMS DRIVE PENROSE SINGAPORE 387396,5.166503889250989,54.0,3,4,0,8,9,1,1.0,0.0,0,1
PENROSE,1572000.0,968.76,1623.0,2021-04-01,90.0,17467.0,1.31948983025856,103.879994891095,22 SIMS DRIVE PENROSE SINGAPORE 387396,5.166503889250989,54.0,3,4,0,8,9,1,1.0,0.0,0,1
PENROSE,1569000.0,979.52,1602.0,2021-04-01,91.0,17242.0,1.31948983025856,103.879994891095,22 SIMS DRIVE PENROSE SINGAPORE 387396,5.166503889250989,54.0,3,4,0,8,9,1,1.0,0.0,0,1
WATERBANK AT DAKOTA,1875000.0,1280.92,1464.0,2021-04-01,119.0,15756.0,1.30647833742136,103.888537197136,76 DAKOTA CRESCENT WATERBANK AT DAKOTA SINGAPORE 399944,4.918518965685704,54.0,3,3,0,5,10,6,4.0,1.0,1,1
THE EBONY,530000.0,333.68,1588.0,2021-04-01,31.0,17097.0,1.32038515836726,103.908487204597,35 LORONG MARICAN THE EBONY SINGAPORE 417216,7.617132227591283,54.0,2,1,0,1,14,13,1.0,1.0,0,2
SIMS EDGE,640000.0,409.03,1565.0,2021-04-01,38.0,16842.0,1.31640485669867,103.887906763671,1 GEYLANG EAST AVENUE 2 SIMS EDGE SINGAPORE 389760,5.523980705206435,54.0,4,5,3,7,12,4,2.0,1.0,0,1
PENROSE,1806000.0,1097.93,1645.0,2021-04-01,102.0,17706.0,1.31948983025856,103.879994891095,22 SIMS DRIVE PENROSE SINGAPORE 387396,5.166503889250989,54.0,3,4,0,8,9,1,2.0,0.0,0,1
THE ANTARES,1174320.0,667.37,1760.0,2021-04-01,62.0,18941.0,1.32541778538724,103.883403765337,23 MATTAR ROAD THE ANTARES SINGAPORE 387730,5.916441166611573,54.0,4,4,0,8,9,4,1.0,0.0,0,1
PENROSE,1637000.0,968.76,1690.0,2021-04-01,90.0,18189.0,1.31948983025856,103.879994891095,22 SIMS DRIVE PENROSE SINGAPORE 387396,5.166503889250989,54.0,3,4,0,8,9,1,3.0,0.0,0,1
THE ANTARES,1012860.0,602.78,1680.0,2021-04-01,56.0,18087.0,1.32541778538724,103.883403765337,23 MATTAR ROAD THE ANTARES SINGAPORE 387730,5.916441166611573,54.0,4,4,0,8,9,4,1.0,0.0,0,1
THE ANTARES,1180440.0,667.37,1769.0,2021-04-01,62.0,19039.0,1.32541778538724,103.883403765337,23 MATTAR ROAD THE ANTARES SINGAPORE 387730,5.916441166611573,54.0,4,4,0,8,9,4,1.0,0.0,0,1
THE ANTARES,1186560.0,667.37,1778.0,2021-04-01,62.0,19138.0,1.32541778538724,103.883403765337,23 MATTAR ROAD THE ANTARES SINGAPORE 387730,5.916441166611573,54.0,4,4,0,8,9,4,1.0,0.0,0,1
THE ANTARES,1340280.0,731.95,1831.0,2021-04-01,68.0,19710.0,1.32541778538724,103.883403765337,23 MATTAR ROAD THE ANTARES SINGAPORE 387730,5.916441166611573,54.0,4,4,0,8,9,4,2.0,0.0,0,1
PENROSE,1617000.0,979.52,1651.0,2021-04-01,91.0,17769.0,1.31948983025856,103.879994891095,22 SIMS DRIVE PENROSE SINGAPORE 387396,5.166503889250989,54.0,3,4,0,8,9,1,3.0,0.0,0,1
PENROSE,1793000.0,1097.93,1633.0,2021-04-01,102.0,17578.0,1.31948983025856,103.879994891095,22 SIMS DRIVE PENROSE SINGAPORE 387396,5.166503889250989,54.0,3,4,0,8,9,1,2.0,0.0,0,1
TREASURES @ G20,520000.0,452.09,1150.0,2021-04-01,42.0,12381.0,1.31144699404485,103.881539708397,35 LORONG 20 GEYLANG TREASURES@G20 SINGAPORE 398751,4.6309982597520785,54.0,3,3,0,8,9,2,1.0,1.0,0,1
DAKOTA RESIDENCES,2820000.0,1894.46,1489.0,2021-04-01,176.0,16023.0,1.30637270876178,103.88708549006,34 DAKOTA CRESCENT DAKOTA RESIDENCES SINGAPORE 399936,4.7757251422267535,54.0,3,3,0,6,10,5,2.0,1.0,1,1
STARVILLE,748000.0,581.26,1287.0,2021-04-01,54.0,13852.0,1.32826483616522,103.912067534158,66 LENGKONG TIGA STARVILLE SINGAPORE 417471,8.44041551036464,54.0,3,1,0,2,7,15,2.0,1.0,1,2
WATERBANK AT DAKOTA,1100000.0,624.31,1762.0,2021-04-01,58.0,18966.0,1.30647833742136,103.888537197136,76 DAKOTA CRESCENT WATERBANK AT DAKOTA SINGAPORE 399944,4.918518965685704,54.0,3,3,0,5,10,6,3.0,1.0,1,1
CASSIA VIEW,1365000.0,1151.75,1185.0,2021-04-01,107.0,12757.0,1.31103276112231,103.886630140814,320 GUILLEMARD ROAD CASSIA VIEW SINGAPORE 399746,5.033091805099718,54.0,4,2,1,7,11,5,1.0,1.0,0,1
THE ANTARES,1298660.0,731.95,1774.0,2021-04-01,68.0,19098.0,1.32541778538724,103.883403765337,23 MATTAR ROAD THE ANTARES SINGAPORE 387730,5.916441166611573,54.0,4,4,0,8,9,4,1.0,0.0,0,1
THE EBONY,515000.0,333.68,1543.0,2021-04-01,31.0,16613.0,1.32038515836726,103.908487204597,35 LORONG MARICAN THE EBONY SINGAPORE 417216,7.617132227591283,54.0,2,1,0,1,14,13,1.0,1.0,0,2
LA BRISA,648000.0,516.67,1254.0,2021-04-01,48.0,13500.0,1.31190419143627,103.885369365155,50 LORONG 28 GEYLANG LA BRISA SINGAPORE 398453,4.984533537431171,54.0,4,4,1,7,11,5,1.0,1.0,0,1
TRE RESIDENCES,1410000.0,947.23,1489.0,2021-04-01,88.0,16023.0,1.3172278261209,103.885015905304,9 GEYLANG EAST AVENUE 1 TRE RESIDENCES SINGAPORE 389783,5.353082321074245,54.0,3,3,2,8,9,3,2.0,1.0,1,1
PARK 1 SUITES,1468000.0,1097.93,1337.0,2021-04-01,102.0,14392.0,1.31404268792091,103.889347045446,8 LORONG 40 GEYLANG PARK 1 SUITES SINGAPORE 398054,5.476811645969878,54.0,4,4,3,6,11,4,2.0,1.0,0,1
PARC ESTA,1648000.0,958.0,1720.0,2021-04-01,89.0,18517.0,1.31786521916555,103.903967184717,904 SIMS AVENUE PARC ESTA SINGAPORE 408968,7.043509290403673,54.0,1,4,0,1,13,16,1.0,0.0,0,1
THE TRUMPS,970000.0,1280.92,757.0,2021-04-01,119.0,8151.0,1.32002610262337,103.91348728953,1 JALAN KEMBANGAN THE TRUMPS SINGAPORE 419154,8.069943599460245,54.0,1,0,0,2,12,18,1.0,1.0,1,2
TREASURES @ G20,518000.0,452.09,1146.0,2021-04-01,42.0,12333.0,1.31144699404485,103.881539708397,35 LORONG 20 GEYLANG TREASURES@G20 SINGAPORE 398751,4.6309982597520785,54.0,3,3,0,8,9,2,1.0,1.0,0,1
NESS,615000.0,452.09,1360.0,2021-04-01,42.0,14643.0,1.31269794714045,103.886776844129,38 LORONG 32 GEYLANG NESS SINGAPORE 398298,5.1611183017097115,54.0,5,4,2,7,11,5,2.0,1.0,0,1
ESCADA VIEW,768000.0,775.01,991.0,2021-04-01,72.0,10667.0,1.32899344664489,103.91347731741,53 LENGKONG EMPAT ESCADA VIEW SINGAPORE 417657,8.614569394694955,54.0,3,1,0,2,7,13,1.0,1.0,1,2
CENTRA HEIGHTS,670000.0,430.56,1556.0,2021-04-01,40.0,16750.0,1.31629397762889,103.88657418395,455 SIMS AVENUE CENTRA HEIGHTS SINGAPORE 387607,5.406260020602187,54.0,4,4,3,7,11,4,2.0,1.0,0,1
SIMS URBAN OASIS,983000.0,624.31,1575.0,2021-04-01,58.0,16948.0,1.31926710475553,103.880615863782,6 SIMS DRIVE SIMS URBAN OASIS SINGAPORE 387388,5.190897370243519,54.0,3,4,0,8,9,1,4.0,1.0,1,1
WATERBANK AT DAKOTA,1120000.0,624.31,1794.0,2021-04-01,58.0,19310.0,1.30647833742136,103.888537197136,76 DAKOTA CRESCENT WATERBANK AT DAKOTA SINGAPORE 399944,4.918518965685704,54.0,3,3,0,5,10,6,4.0,1.0,1,1
TREASURES @ G20,670000.0,947.23,707.0,2021-04-01,88.0,7614.0,1.31144699404485,103.881539708397,35 LORONG 20 GEYLANG TREASURES@G20 SINGAPORE 398751,4.6309982597520785,54.0,3,3,0,8,9,2,2.0,1.0,0,1
SUNNY LODGE,797000.0,581.26,1371.0,2021-04-01,54.0,14759.0,1.32438242964886,103.906966580799,6A LORONG SALLEH SUNNY LODGE SINGAPORE 416757,7.728747151239156,54.0,2,1,0,1,6,14,1.0,1.0,0,2
KEMBANGAN SUITES,630000.0,419.8,1501.0,2021-04-01,39.0,16154.0,1.32015257058639,103.912727083961,16 JALAN MASJID KEMBANGAN SUITES SINGAPORE 418941,8.00431940901614,54.0,1,1,0,2,12,18,1.0,1.0,0,2
THE ANTARES,1258060.0,656.6,1916.0,2021-04-01,61.0,20624.0,1.32541778538724,103.883403765337,23 MATTAR ROAD THE ANTARES SINGAPORE 387730,5.916441166611573,54.0,4,4,0,8,9,4,4.0,0.0,0,1
CENTRAL GROVE,1290000.0,1173.28,1099.0,2021-04-01,109.0,11835.0,1.31623494982413,103.884417981377,3 GEYLANG EAST AVENUE 1 CENTRAL GROVE SINGAPORE 389779,5.228491443172765,54.0,4,5,1,8,9,3,4.0,1.0,1,1
TROPIKA EAST,1670000.0,1474.67,1132.0,2021-04-01,137.0,12190.0,1.32886589161997,103.90719397756,3 FOO KIM LIN ROAD TROPIKA EAST SINGAPORE 419679,8.051842718239321,54.0,2,1,0,2,6,15,1.0,1.0,1,2
PENROSE,1666000.0,968.76,1720.0,2021-04-01,90.0,18511.0,1.31948983025856,103.879994891095,22 SIMS DRIVE PENROSE SINGAPORE 387396,5.166503889250989,54.0,3,4,0,8,9,1,4.0,0.0,0,1
PENROSE,1805000.0,1054.87,1711.0,2021-04-01,98.0,18418.0,1.31948983025856,103.879994891095,22 SIMS DRIVE PENROSE SINGAPORE 387396,5.166503889250989,54.0,3,4,0,8,9,1,3.0,0.0,0,1
PENROSE,1611000.0,979.52,1645.0,2021-04-01,91.0,17703.0,1.31948983025856,103.879994891095,22 SIMS DRIVE PENROSE SINGAPORE 387396,5.166503889250989,54.0,3,4,0,8,9,1,3.0,0.0,0,1
CENTRAL GROVE,1245000.0,1205.57,1033.0,2021-04-01,112.0,11116.0,1.31623494982413,103.884417981377,3 GEYLANG EAST AVENUE 1 CENTRAL GROVE SINGAPORE 389779,5.228491443172765,54.0,4,5,1,8,9,3,3.0,1.0,1,1
SIMS URBAN OASIS,808888.0,527.44,1534.0,2021-04-01,49.0,16508.0,1.31926710475553,103.880615863782,6 SIMS DRIVE SIMS URBAN OASIS SINGAPORE 387388,5.190897370243519,54.0,3,4,0,8,9,1,1.0,1.0,1,1
THE ANTARES,2388000.0,1367.03,1747.0,2021-04-01,127.0,18803.0,1.32541778538724,103.883403765337,23 MATTAR ROAD THE ANTARES SINGAPORE 387730,5.916441166611573,54.0,4,4,0,8,9,4,3.0,0.0,0,1
ASTORIA PARK,1218000.0,1194.8,1019.0,2021-04-01,111.0,10973.0,1.32177770499303,103.91225216665,34 LORONG MYDIN ASTORIA PARK SINGAPORE 416827,8.053226885077692,54.0,1,1,0,2,12,17,2.0,1.0,1,2
VACANZA @ EAST,618000.0,484.38,1276.0,2021-04-01,45.0,13733.0,1.32901984483655,103.914196223923,36 LENGKONG TUJOH VACANZA @ EAST SINGAPORE 417391,8.680985857703446,54.0,3,1,0,2,8,12,3.0,1.0,1,2
CASCATA,1100888.0,1001.05,1100.0,2021-04-01,93.0,11838.0,1.32840203522441,103.90860634862,7 TEO KIM ENG ROAD CASCATA SINGAPORE 416378,8.142805193532485,54.0,2,1,0,2,7,15,1.0,1.0,0,2
CENTRAL GROVE,1280000.0,1205.57,1062.0,2021-04-01,112.0,11429.0,1.31623494982413,103.884417981377,3 GEYLANG EAST AVENUE 1 CENTRAL GROVE SINGAPORE 389779,5.228491443172765,54.0,4,5,1,8,9,3,2.0,1.0,1,1
SIMS URBAN OASIS,958000.0,624.31,1534.0,2021-04-01,58.0,16517.0,1.31926710475553,103.880615863782,6 SIMS DRIVE SIMS URBAN OASIS SINGAPORE 387388,5.190897370243519,54.0,3,4,0,8,9,1,1.0,1.0,1,1
SIMS EDGE,625000.0,409.03,1528.0,2021-04-01,38.0,16447.0,1.31640485669867,103.887906763671,1 GEYLANG EAST AVENUE 2 SIMS EDGE SINGAPORE 389760,5.523980705206435,54.0,4,5,3,7,12,4,2.0,1.0,0,1
THE LENOX,588000.0,430.56,1366.0,2021-04-01,40.0,14700.0,1.31824376273926,103.911351165333,396 CHANGI ROAD THE LENOX SINGAPORE 415899,7.765250446888848,54.0,2,1,0,2,13,15,1.0,1.0,0,2
URBAN TREASURES,1896000.0,1011.82,1780.0,2021-04-01,94.0,19162.0,1.32936720206385,103.905791323853,205 JALAN EUNOS URBAN TREASURES SINGAPORE 419535,7.966767145631702,54.0,2,0,0,2,6,11,1.0,0.0,1,2
WATERBANK AT DAKOTA,1070000.0,624.31,1714.0,2021-04-01,58.0,18448.0,1.30647833742136,103.888537197136,76 DAKOTA CRESCENT WATERBANK AT DAKOTA SINGAPORE 399944,4.918518965685704,54.0,3,3,0,5,10,6,2.0,1.0,1,1
THE ANTARES,1237005.0,667.37,1854.0,2021-04-01,62.0,19952.0,1.32541778538724,103.883403765337,23 MATTAR ROAD THE ANTARES SINGAPORE 387730,5.916441166611573,54.0,4,4,0,8,9,4,3.0,0.0,0,1
SIMS URBAN OASIS,750000.0,462.85,1620.0,2021-04-01,43.0,17442.0,1.31926710475553,103.880615863782,6 SIMS DRIVE SIMS URBAN OASIS SINGAPORE 387388,5.190897370243519,54.0,3,4,0,8,9,1,1.0,1.0,1,1
SUITES@CHANGI,580000.0,441.32,1314.0,2021-04-01,41.0,14146.0,1.317041377544,103.904748281539,226 CHANGI ROAD SUITES@CHANGI SINGAPORE 419740,7.06748560964527,54.0,1,3,0,1,14,16,1.0,1.0,0,1
ROYCE RESIDENCES,536000.0,419.8,1277.0,2021-04-01,39.0,13744.0,1.31128760423171,103.876285896427,8 LORONG 6 GEYLANG ROYCE RESIDENCES SINGAPORE 399242,4.207479298686135,54.0,4,3,1,10,8,2,1.0,1.0,0,1
URBAN TREASURES,1346000.0,699.66,1786.0,2021-04-01,65.0,19225.0,1.32936720206385,103.905791323853,205 JALAN EUNOS URBAN TREASURES SINGAPORE 419535,7.966767145631702,54.0,2,0,0,2,6,11,1.0,0.0,1,2
PENROSE,1811000.0,1054.87,1717.0,2021-04-01,98.0,18480.0,1.31948983025856,103.879994891095,22 SIMS DRIVE PENROSE SINGAPORE 387396,5.166503889250989,54.0,3,4,0,8,9,1,4.0,0.0,0,1
THE TRUMPS,1200000.0,979.52,1225.0,2021-04-01,91.0,13187.0,1.32002610262337,103.91348728953,1 JALAN KEMBANGAN THE TRUMPS SINGAPORE 419154,8.069943599460245,54.0,1,0,0,2,12,18,2.0,1.0,1,2
THE ANTARES,1320900.0,710.42,1859.0,2021-04-01,66.0,20014.0,1.32541778538724,103.883403765337,23 MATTAR ROAD THE ANTARES SINGAPORE 387730,5.916441166611573,54.0,4,4,0,8,9,4,2.0,0.0,0,1
GROSVENOR VIEW,1425000.0,1248.62,1141.0,2021-04-01,116.0,12284.0,1.32768795196418,103.911844825065,3 LENGKONG EMPAT GROSVENOR VIEW SINGAPORE 417611,8.382712261708466,54.0,2,1,0,2,7,16,2.0,1.0,1,2
D'WEAVE,630000.0,398.27,1582.0,2021-04-01,37.0,17027.0,1.31554107907724,103.890458266408,5 LORONG 39 GEYLANG D'WEAVE SINGAPORE 387866,5.67725259584862,54.0,4,4,3,5,13,4,2.0,1.0,0,1
THE WATER EDGE,950000.0,1399.32,679.0,2021-04-01,130.0,7308.0,1.31372105189031,103.888759579471,8 LORONG 38 GEYLANG THE WATER EDGE SINGAPORE 398106,5.4035924754809175,54.0,4,4,3,6,11,4,2.0,1.0,0,1
THE SUNNY SPRING,1450000.0,1108.69,1308.0,2021-04-01,103.0,14078.0,1.31219203070087,103.889464697147,50 LORONG 40 GEYLANG THE SUNNY SPRING SINGAPORE 398074,5.3613842782215055,54.0,4,4,3,6,11,5,2.0,1.0,0,1
TRE RESIDENCES,1450000.0,947.23,1531.0,2021-04-01,88.0,16477.0,1.3172278261209,103.885015905304,9 GEYLANG EAST AVENUE 1 TRE RESIDENCES SINGAPORE 389783,5.353082321074245,54.0,3,3,2,8,9,3,3.0,1.0,1,1
PARK PLACE RESIDENCES AT PLQ,1520000.0,796.54,1908.0,2021-04-01,74.0,20541.0,1.31583675363618,103.892746648427,2 PAYA LEBAR ROAD PARK PLACE RESIDENCES AT PLQ SINGAPORE 409053,5.896537427358871,54.0,3,3,3,4,12,6,1.0,,0,1
SIMS URBAN OASIS,660000.0,409.03,1614.0,2021-04-01,38.0,17368.0,1.31926710475553,103.880615863782,6 SIMS DRIVE SIMS URBAN OASIS SINGAPORE 387388,5.190897370243519,54.0,3,4,0,8,9,1,2.0,1.0,1,1
VACANZA @ EAST,966000.0,839.59,1151.0,2021-04-01,78.0,12385.0,1.32901984483655,103.914196223923,36 LENGKONG TUJOH VACANZA @ EAST SINGAPORE 417391,8.680985857703446,54.0,3,1,0,2,8,12,1.0,1.0,1,2
SIMS MEADOWS,1020000.0,1065.64,957.0,2021-04-01,99.0,10303.0,1.31481342923106,103.888046887621,8 LORONG 33 GEYLANG SIMS MEADOWS SINGAPORE 387977,5.419751008298904,54.0,4,4,3,7,11,4,1.0,1.0,0,1
CENTRAL GROVE,1300000.0,1237.86,1050.0,2021-04-01,115.0,11304.0,1.31623494982413,103.884417981377,3 GEYLANG EAST AVENUE 1 CENTRAL GROVE SINGAPORE 389779,5.228491443172765,54.0,4,5,1,8,9,3,2.0,1.0,1,1
THE ALCOVE,1175000.0,1323.97,887.0,2021-04-01,123.0,9553.0,1.31400655260741,103.884015328938,10 LORONG 27 GEYLANG THE ALCOVE SINGAPORE 388199,5.025483913717779,54.0,4,4,0,8,9,4,1.0,1.0,0,1
THE SUNNY SPRING,2250000.0,2120.51,1061.0,2021-04-01,197.0,11421.0,1.31219203070087,103.889464697147,50 LORONG 40 GEYLANG THE SUNNY SPRING SINGAPORE 398074,5.3613842782215055,54.0,4,4,3,6,11,5,1.0,1.0,0,1
SIMS URBAN OASIS,928000.0,624.31,1486.0,2021-04-01,58.0,16000.0,1.31926710475553,103.880615863782,6 SIMS DRIVE SIMS URBAN OASIS SINGAPORE 387388,5.190897370243519,54.0,3,4,0,8,9,1,3.0,1.0,1,1
PENROSE,1631000.0,968.76,1684.0,2021-04-01,90.0,18122.0,1.31948983025856,103.879994891095,22 SIMS DRIVE PENROSE SINGAPORE 387396,5.166503889250989,54.0,3,4,0,8,9,1,3.0,0.0,0,1
NOMA,1384000.0,850.36,1628.0,2021-04-01,79.0,17519.0,1.31161656190118,103.885373542152,333 GUILLEMARD ROAD NOMA SINGAPORE 399758,4.964558828553237,54.0,3,3,1,7,11,5,1.0,0.0,0,1
THE SUNNY SPRING,1420000.0,1194.8,1188.0,2021-04-01,111.0,12793.0,1.31219203070087,103.889464697147,50 LORONG 40 GEYLANG THE SUNNY SPRING SINGAPORE 398074,5.3613842782215055,54.0,4,4,3,6,11,5,1.0,1.0,0,1
EUHABITAT,648000.0,527.44,1229.0,2021-04-01,49.0,13224.0,1.32795415126263,103.9070014142,196 JALAN EUNOS EUHABITAT SINGAPORE 419542,7.971961203569236,54.0,2,2,0,2,6,15,1.0,1.0,1,2
ATRIUM RESIDENCES,900000.0,1054.87,853.0,2021-04-01,98.0,9184.0,1.31372274938589,103.886156549479,532 GEYLANG ROAD ATRIUM RESIDENCES SINGAPORE 389488,5.181625591258403,54.0,5,4,2,7,11,5,1.0,1.0,0,1
PARK PLACE RESIDENCES AT PLQ,1200000.0,645.84,1858.0,2021-04-01,60.0,20000.0,1.31583675363618,103.892746648427,2 PAYA LEBAR ROAD PARK PLACE RESIDENCES AT PLQ SINGAPORE 409053,5.896537427358871,54.0,3,3,3,4,12,6,2.0,,0,1
# 1 SUITES,700000.0,613.55,1141.0,2021-04-01,57.0,12281.0,1.31239029325188,103.881504147527,1 LORONG 20 GEYLANG # 1 SUITES SINGAPORE 398721,4.699608709809529,54.0,3,3,0,8,9,2,2.0,1.0,0,1
CASA SARINA,1380000.0,1323.97,1042.0,2021-04-01,123.0,11220.0,1.32018967220914,103.906865928269,101 LORONG SARINA CASA SARINA SINGAPORE 416729,7.4542779982704115,54.0,2,1,0,1,12,14,1.0,1.0,1,2
LE REGAL,680000.0,678.13,1003.0,2021-04-01,63.0,10794.0,1.31250268727998,103.880368117228,340 GEYLANG ROAD LE REGAL SINGAPORE 389365,4.61788023094977,54.0,2,3,0,9,10,1,1.0,1.0,0,1
STARVILLE,1650000.0,1550.02,1065.0,2021-04-01,144.0,11458.0,1.32826483616522,103.912067534158,66 LENGKONG TIGA STARVILLE SINGAPORE 417471,8.44041551036464,54.0,3,1,0,2,7,15,1.0,1.0,1,2
GROSVENOR VIEW,1050000.0,882.65,1190.0,2021-04-01,82.0,12805.0,1.32768795196418,103.911844825065,3 LENGKONG EMPAT GROSVENOR VIEW SINGAPORE 417611,8.382712261708466,54.0,2,1,0,2,7,16,2.0,1.0,1,2
PENROSE,1798000.0,1054.87,1704.0,2021-04-01,98.0,18347.0,1.31948983025856,103.879994891095,22 SIMS DRIVE PENROSE SINGAPORE 387396,5.166503889250989,54.0,3,4,0,8,9,1,3.0,0.0,0,1
SIMS URBAN OASIS,1255000.0,828.83,1514.0,2021-04-01,77.0,16299.0,1.31926710475553,103.880615863782,6 SIMS DRIVE SIMS URBAN OASIS SINGAPORE 387388,5.190897370243519,54.0,3,4,0,8,9,1,4.0,1.0,1,1
PARK PLACE RESIDENCES AT PLQ,1270000.0,678.13,1873.0,2021-04-01,63.0,20159.0,1.31583675363618,103.892746648427,2 PAYA LEBAR ROAD PARK PLACE RESIDENCES AT PLQ SINGAPORE 409053,5.896537427358871,54.0,3,3,3,4,12,6,2.0,,0,1
SIMS URBAN OASIS,1700000.0,1033.34,1645.0,2021-04-01,96.0,17708.0,1.31926710475553,103.880615863782,6 SIMS DRIVE SIMS URBAN OASIS SINGAPORE 387388,5.190897370243519,54.0,3,4,0,8,9,1,1.0,1.0,1,1
THE ANTARES,1241712.0,656.6,1891.0,2021-04-01,61.0,20356.0,1.32541778538724,103.883403765337,23 MATTAR ROAD THE ANTARES SINGAPORE 387730,5.916441166611573,54.0,4,4,0,8,9,4,3.0,0.0,0,1
THE ANTARES,1351112.0,828.83,1630.0,2021-04-01,77.0,17547.0,1.32541778538724,103.883403765337,23 MATTAR ROAD THE ANTARES SINGAPORE 387730,5.916441166611573,54.0,4,4,0,8,9,4,1.0,0.0,0,1
PENROSE,2256000.0,1399.32,1612.0,2021-04-01,130.0,17354.0,1.31948983025856,103.879994891095,22 SIMS DRIVE PENROSE SINGAPORE 387396,5.166503889250989,54.0,3,4,0,8,9,1,2.0,0.0,0,1
PENROSE,1792000.0,1054.87,1699.0,2021-04-01,98.0,18286.0,1.31948983025856,103.879994891095,22 SIMS DRIVE PENROSE SINGAPORE 387396,5.166503889250989,54.0,3,4,0,8,9,1,3.0,0.0,0,1
SUNNY LODGE,548000.0,387.5,1414.0,2021-04-01,36.0,15222.0,1.32438242964886,103.906966580799,6A LORONG SALLEH SUNNY LODGE SINGAPORE 416757,7.728747151239156,54.0,2,1,0,1,6,14,1.0,1.0,0,2
PARC ESTA,1618000.0,925.7,1748.0,2021-04-01,86.0,18814.0,1.31786521916555,103.903967184717,904 SIMS AVENUE PARC ESTA SINGAPORE 408968,7.043509290403673,54.0,1,4,0,1,13,16,1.0,0.0,0,1
EUHABITAT,755000.0,624.31,1209.0,2021-04-01,58.0,13017.0,1.32795415126263,103.9070014142,196 JALAN EUNOS EUHABITAT SINGAPORE 419542,7.971961203569236,54.0,2,2,0,2,6,15,1.0,1.0,1,2
DAKOTA RESIDENCES,1818000.0,1313.21,1384.0,2021-04-01,122.0,14902.0,1.30637270876178,103.88708549006,34 DAKOTA CRESCENT DAKOTA RESIDENCES SINGAPORE 399936,4.7757251422267535,54.0,3,3,0,6,10,5,2.0,1.0,1,1
STARVILLE,1400000.0,1517.72,922.0,2021-04-01,141.0,9929.0,1.32826483616522,103.912067534158,66 LENGKONG TIGA STARVILLE SINGAPORE 417471,8.44041551036464,54.0,3,1,0,2,7,15,3.0,1.0,1,2
SIMS EDGE,630000.0,409.03,1540.0,2021-03-01,38.0,16579.0,1.31640485669867,103.887906763671,1 GEYLANG EAST AVENUE 2 SIMS EDGE SINGAPORE 389760,5.523980705206435,55.0,4,5,3,7,12,4,3.0,1.0,0,1
EUHABITAT,648000.0,516.67,1254.0,2021-03-01,48.0,13500.0,1.32795415126263,103.9070014142,196 JALAN EUNOS EUHABITAT SINGAPORE 419542,7.971961203569236,55.0,2,2,0,2,6,15,1.0,1.0,1,2
PENROSE,1781000.0,1054.87,1688.0,2021-03-01,98.0,18173.0,1.31948983025856,103.879994891095,22 SIMS DRIVE PENROSE SINGAPORE 387396,5.166503889250989,55.0,3,4,0,8,9,1,3.0,0.0,0,1
PENROSE,1660000.0,968.76,1714.0,2021-03-01,90.0,18444.0,1.31948983025856,103.879994891095,22 SIMS DRIVE PENROSE SINGAPORE 387396,5.166503889250989,55.0,3,4,0,8,9,1,4.0,0.0,0,1
ASTORIA PARK,960000.0,958.0,1002.0,2021-03-01,89.0,10787.0,1.32177770499303,103.91225216665,34 LORONG MYDIN ASTORIA PARK SINGAPORE 416827,8.053226885077692,55.0,1,1,0,2,12,17,1.0,1.0,1,2
NESS,590000.0,441.32,1337.0,2021-03-01,41.0,14390.0,1.31269794714045,103.886776844129,38 LORONG 32 GEYLANG NESS SINGAPORE 398298,5.1611183017097115,55.0,5,4,2,7,11,5,1.0,1.0,0,1
EVERGREEN VIEW,1038000.0,1280.92,810.0,2021-03-01,119.0,8723.0,1.31352657764499,103.888547680917,15 LORONG 36 GEYLANG EVERGREEN VIEW SINGAPORE 398150,5.371734690468961,55.0,4,4,3,6,11,4,1.0,1.0,0,1
# 1 SUITES,650000.0,592.02,1098.0,2021-03-01,55.0,11818.0,1.31239029325188,103.881504147527,1 LORONG 20 GEYLANG # 1 SUITES SINGAPORE 398721,4.699608709809529,55.0,3,3,0,8,9,2,2.0,1.0,0,1
PENROSE,1787000.0,1054.87,1694.0,2021-03-01,98.0,18235.0,1.31948983025856,103.879994891095,22 SIMS DRIVE PENROSE SINGAPORE 387396,5.166503889250989,55.0,3,4,0,8,9,1,3.0,0.0,0,1
EUHABITAT,690000.0,538.2,1282.0,2021-03-01,50.0,13800.0,1.32795415126263,103.9070014142,196 JALAN EUNOS EUHABITAT SINGAPORE 419542,7.971961203569236,55.0,2,2,0,2,6,15,1.0,1.0,1,2
SUITES 28,1050000.0,861.12,1219.0,2021-03-01,80.0,13125.0,1.31268459175571,103.885941111431,28 LORONG 30 GEYLANG SUITES 28 SINGAPORE 398361,5.088755596385559,55.0,5,4,1,7,11,4,2.0,1.0,0,1
THE WATERINA,1537200.0,1097.93,1400.0,2021-03-01,102.0,15071.0,1.3132821071538,103.89085032363,59 LORONG 40 GEYLANG THE WATERINA SINGAPORE 398082,5.55708137380416,55.0,4,4,3,5,12,5,1.0,1.0,0,1
EUHABITAT,695000.0,559.73,1242.0,2021-03-01,52.0,13365.0,1.32795415126263,103.9070014142,196 JALAN EUNOS EUHABITAT SINGAPORE 419542,7.971961203569236,55.0,2,2,0,2,6,15,1.0,1.0,1,2
SIMSVILLE,1010000.0,979.52,1031.0,2021-03-01,91.0,11099.0,1.31703114737635,103.890499582849,2 GEYLANG EAST AVENUE 2 SIMSVILLE SINGAPORE 389754,5.786575389274496,55.0,4,4,3,6,12,4,2.0,1.0,1,1
GROSVENOR VIEW,1850000.0,1539.25,1202.0,2021-03-01,143.0,12937.0,1.32768795196418,103.911844825065,3 LENGKONG EMPAT GROSVENOR VIEW SINGAPORE 417611,8.382712261708466,55.0,2,1,0,2,7,16,2.0,1.0,1,2
PARC ESTA,1077000.0,624.31,1725.0,2021-03-01,58.0,18569.0,1.31786521916555,103.903967184717,904 SIMS AVENUE PARC ESTA SINGAPORE 408968,7.043509290403673,55.0,1,4,0,1,13,16,4.0,0.0,0,1
DAKOTA RESIDENCES,2600888.0,1743.77,1492.0,2021-03-01,162.0,16055.0,1.30637270876178,103.88708549006,34 DAKOTA CRESCENT DAKOTA RESIDENCES SINGAPORE 399936,4.7757251422267535,55.0,3,3,0,6,10,5,1.0,1.0,1,1
LE REGAL,505000.0,419.8,1203.0,2021-03-01,39.0,12949.0,1.31250268727998,103.880368117228,340 GEYLANG ROAD LE REGAL SINGAPORE 389365,4.61788023094977,55.0,2,3,0,9,10,1,1.0,1.0,0,1
SIMS URBAN OASIS,1150000.0,785.77,1464.0,2021-03-01,73.0,15753.0,1.31926710475553,103.880615863782,6 SIMS DRIVE SIMS URBAN OASIS SINGAPORE 387388,5.190897370243519,55.0,3,4,0,8,9,1,3.0,1.0,1,1
THE ALCOVE,1600000.0,2378.84,673.0,2021-03-01,221.0,7240.0,1.31400655260741,103.884015328938,10 LORONG 27 GEYLANG THE ALCOVE SINGAPORE 388199,5.025483913717779,55.0,4,4,0,8,9,4,2.0,1.0,0,1
THE ANTARES,1206660.0,656.6,1838.0,2021-03-01,61.0,19781.0,1.32541778538724,103.883403765337,23 MATTAR ROAD THE ANTARES SINGAPORE 387730,5.916441166611573,55.0,4,4,0,8,9,4,1.0,0.0,0,1
THE ANTARES,1218332.0,667.37,1826.0,2021-03-01,62.0,19651.0,1.32541778538724,103.883403765337,23 MATTAR ROAD THE ANTARES SINGAPORE 387730,5.916441166611573,55.0,4,4,0,8,9,4,2.0,0.0,0,1
PARC ESTA,1612000.0,925.7,1741.0,2021-03-01,86.0,18744.0,1.31786521916555,103.903967184717,904 SIMS AVENUE PARC ESTA SINGAPORE 408968,7.043509290403673,55.0,1,4,0,1,13,16,1.0,0.0,0,1
D'WEAVE,750000.0,548.96,1366.0,2021-03-01,51.0,14706.0,1.31554107907724,103.890458266408,5 LORONG 39 GEYLANG D'WEAVE SINGAPORE 387866,5.67725259584862,55.0,4,4,3,5,13,4,2.0,1.0,0,1
PENROSE,1775000.0,1054.87,1683.0,2021-03-01,98.0,18112.0,1.31948983025856,103.879994891095,22 SIMS DRIVE PENROSE SINGAPORE 387396,5.166503889250989,55.0,3,4,0,8,9,1,2.0,0.0,0,1
LA BRISA,860000.0,656.6,1310.0,2021-03-01,61.0,14098.0,1.31190419143627,103.885369365155,50 LORONG 28 GEYLANG LA BRISA SINGAPORE 398453,4.984533537431171,55.0,4,4,1,7,11,5,1.0,1.0,0,1
PARC ESTA,1624000.0,925.7,1754.0,2021-03-01,86.0,18884.0,1.31786521916555,103.903967184717,904 SIMS AVENUE PARC ESTA SINGAPORE 408968,7.043509290403673,55.0,1,4,0,1,13,16,1.0,0.0,0,1
THE TRUMPS,1950000.0,2260.44,863.0,2021-03-01,210.0,9286.0,1.32002610262337,103.91348728953,1 JALAN KEMBANGAN THE TRUMPS SINGAPORE 419154,8.069943599460245,55.0,1,0,0,2,12,18,1.0,1.0,1,2
SIMS URBAN OASIS,940000.0,624.31,1506.0,2021-03-01,58.0,16207.0,1.31926710475553,103.880615863782,6 SIMS DRIVE SIMS URBAN OASIS SINGAPORE 387388,5.190897370243519,55.0,3,4,0,8,9,1,2.0,1.0,1,1
THE WATERINA,970000.0,667.37,1453.0,2021-03-01,62.0,15645.0,1.3132821071538,103.89085032363,59 LORONG 40 GEYLANG THE WATERINA SINGAPORE 398082,5.55708137380416,55.0,4,4,3,5,12,5,1.0,1.0,0,1
SIMS URBAN OASIS,998000.0,667.37,1495.0,2021-03-01,62.0,16097.0,1.31926710475553,103.880615863782,6 SIMS DRIVE SIMS URBAN OASIS SINGAPORE 387388,5.190897370243519,55.0,3,4,0,8,9,1,2.0,1.0,1,1
SIMS URBAN OASIS,730000.0,484.38,1507.0,2021-03-01,45.0,16222.0,1.31926710475553,103.880615863782,6 SIMS DRIVE SIMS URBAN OASIS SINGAPORE 387388,5.190897370243519,55.0,3,4,0,8,9,1,1.0,1.0,1,1
URBAN TREASURES,1872000.0,1011.82,1758.0,2021-03-01,94.0,18919.0,1.32936720206385,103.905791323853,205 JALAN EUNOS URBAN TREASURES SINGAPORE 419535,7.966767145631702,55.0,2,0,0,2,6,11,1.0,0.0,1,2
PENROSE,1584000.0,968.76,1635.0,2021-03-01,90.0,17600.0,1.31948983025856,103.879994891095,22 SIMS DRIVE PENROSE SINGAPORE 387396,5.166503889250989,55.0,3,4,0,8,9,1,1.0,0.0,0,1
THE TRUMPS,780000.0,602.78,1294.0,2021-03-01,56.0,13929.0,1.32002610262337,103.91348728953,1 JALAN KEMBANGAN THE TRUMPS SINGAPORE 419154,8.069943599460245,55.0,1,0,0,2,12,18,2.0,1.0,1,2
VACANZA @ EAST,988000.0,839.59,1177.0,2021-03-01,78.0,12667.0,1.32901984483655,103.914196223923,36 LENGKONG TUJOH VACANZA @ EAST SINGAPORE 417391,8.680985857703446,55.0,3,1,0,2,8,12,0.0,1.0,1,2
URBAN TREASURES,1250000.0,656.6,1809.0,2021-03-01,61.0,19467.0,1.32936720206385,103.905791323853,205 JALAN EUNOS URBAN TREASURES SINGAPORE 419535,7.966767145631702,55.0,2,0,0,2,6,11,1.0,0.0,1,2
THE ANTARES,1318292.0,731.95,1801.0,2021-03-01,68.0,19387.0,1.32541778538724,103.883403765337,23 MATTAR ROAD THE ANTARES SINGAPORE 387730,5.916441166611573,55.0,4,4,0,8,9,4,2.0,0.0,0,1
THE ANTARES,1155092.0,688.9,1677.0,2021-03-01,64.0,18048.0,1.32541778538724,103.883403765337,23 MATTAR ROAD THE ANTARES SINGAPORE 387730,5.916441166611573,55.0,4,4,0,8,9,4,1.0,0.0,0,1
WATERBANK AT DAKOTA,1680000.0,1259.39,1334.0,2021-03-01,117.0,14359.0,1.30647833742136,103.888537197136,76 DAKOTA CRESCENT WATERBANK AT DAKOTA SINGAPORE 399944,4.918518965685704,55.0,3,3,0,5,10,6,1.0,1.0,1,1
GUILLEMARD EDGE,800000.0,559.73,1429.0,2021-03-01,52.0,15385.0,1.31200443744473,103.885949377155,38 LORONG 30 GEYLANG GUILLEMARD EDGE SINGAPORE 398371,5.041282413008211,55.0,4,4,1,7,11,5,2.0,1.0,0,1
WATERBANK AT DAKOTA,1372800.0,882.65,1555.0,2021-03-01,82.0,16741.0,1.30647833742136,103.888537197136,76 DAKOTA CRESCENT WATERBANK AT DAKOTA SINGAPORE 399944,4.918518965685704,55.0,3,3,0,5,10,6,4.0,1.0,1,1
# 1 SUITES,673000.0,592.02,1137.0,2021-03-01,55.0,12236.0,1.31239029325188,103.881504147527,1 LORONG 20 GEYLANG # 1 SUITES SINGAPORE 398721,4.699608709809529,55.0,3,3,0,8,9,2,2.0,1.0,0,1
SIMSVILLE,1010000.0,968.76,1043.0,2021-03-01,90.0,11222.0,1.31703114737635,103.890499582849,2 GEYLANG EAST AVENUE 2 SIMSVILLE SINGAPORE 389754,5.786575389274496,55.0,4,4,3,6,12,4,2.0,1.0,1,1
PARC ESTA,1652000.0,925.7,1785.0,2021-03-01,86.0,19209.0,1.31786521916555,103.903967184717,904 SIMS AVENUE PARC ESTA SINGAPORE 408968,7.043509290403673,55.0,1,4,0,1,13,16,2.0,0.0,0,1
GRANDVIEW SUITES,500000.0,355.21,1408.0,2021-03-01,33.0,15152.0,1.31277604580511,103.882455638462,1 LORONG 22 GEYLANG GRANDVIEW SUITES SINGAPORE 398664,4.805784944271149,55.0,3,3,0,8,9,2,1.0,1.0,0,1
GUILLEMARD VIEW,1118800.0,1184.04,945.0,2021-03-01,110.0,10171.0,1.31131608082757,103.884615884842,329A GUILLEMARD ROAD GUILLEMARD VIEW SINGAPORE 399850,4.878489345784435,55.0,3,4,0,7,10,5,1.0,1.0,0,1
PAVILION SQUARE,520000.0,398.27,1306.0,2021-03-01,37.0,14054.0,1.31297800060859,103.879770800217,345 GEYLANG ROAD PAVILION SQUARE SINGAPORE 389366,4.608727400946871,55.0,3,4,0,10,10,1,1.0,1.0,0,1
ASTON MANSIONS,960000.0,1011.82,949.0,2021-03-01,94.0,10213.0,1.31393251470132,103.890612644048,7 LORONG 42 GEYLANG ASTON MANSIONS SINGAPORE 398028,5.57978728565853,55.0,4,4,3,5,12,6,1.0,1.0,0,1
THE WATERINA,1850000.0,1313.21,1409.0,2021-03-01,122.0,15164.0,1.3132821071538,103.89085032363,59 LORONG 40 GEYLANG THE WATERINA SINGAPORE 398082,5.55708137380416,55.0,4,4,3,5,12,5,2.0,1.0,0,1
28 IMPERIAL RESIDENCES,800000.0,667.37,1199.0,2021-03-01,62.0,12903.0,1.311780119269,103.884605770106,28 LORONG 26 GEYLANG 28 IMPERIAL RESIDENCES SINGAPORE 398495,4.910721054286701,55.0,3,3,0,7,10,5,2.0,1.0,0,1
DAKOTA RESIDENCES,1850000.0,1291.68,1432.0,2021-03-01,120.0,15417.0,1.30637270876178,103.88708549006,34 DAKOTA CRESCENT DAKOTA RESIDENCES SINGAPORE 399936,4.7757251422267535,55.0,3,3,0,6,10,5,1.0,1.0,1,1
EUHABITAT,750000.0,624.31,1201.0,2021-03-01,58.0,12931.0,1.32795415126263,103.9070014142,196 JALAN EUNOS EUHABITAT SINGAPORE 419542,7.971961203569236,55.0,2,2,0,2,6,15,1.0,1.0,1,2
SUITES@CHANGI,582000.0,441.32,1319.0,2021-03-01,41.0,14195.0,1.317041377544,103.904748281539,226 CHANGI ROAD SUITES@CHANGI SINGAPORE 419740,7.06748560964527,55.0,1,3,0,1,14,16,1.0,1.0,0,1
SUITES @ SIMS,528000.0,344.45,1533.0,2021-03-01,32.0,16500.0,1.3157472607643,103.887188203157,468 SIMS AVENUE SUITES @ SIMS SINGAPORE 387544,5.415897782797746,55.0,4,6,3,7,11,4,1.0,1.0,0,1
SIMS URBAN OASIS,1000000.0,667.37,1498.0,2021-03-01,62.0,16129.0,1.31926710475553,103.880615863782,6 SIMS DRIVE SIMS URBAN OASIS SINGAPORE 387388,5.190897370243519,55.0,3,4,0,8,9,1,3.0,1.0,1,1
WATERBANK AT DAKOTA,760000.0,484.38,1569.0,2021-03-01,45.0,16889.0,1.30647833742136,103.888537197136,76 DAKOTA CRESCENT WATERBANK AT DAKOTA SINGAPORE 399944,4.918518965685704,55.0,3,3,0,5,10,6,1.0,1.0,1,1
ESCADA VIEW,780000.0,753.48,1035.0,2021-03-01,70.0,11143.0,1.32899344664489,103.91347731741,53 LENGKONG EMPAT ESCADA VIEW SINGAPORE 417657,8.614569394694955,55.0,3,1,0,2,7,13,2.0,1.0,1,2
GRANDVIEW SUITES,530000.0,387.5,1368.0,2021-03-01,36.0,14722.0,1.31277604580511,103.882455638462,1 LORONG 22 GEYLANG GRANDVIEW SUITES SINGAPORE 398664,4.805784944271149,55.0,3,3,0,8,9,2,1.0,1.0,0,1
THE ANTARES,1185772.0,656.6,1806.0,2021-03-01,61.0,19439.0,1.32541778538724,103.883403765337,23 MATTAR ROAD THE ANTARES SINGAPORE 387730,5.916441166611573,55.0,4,4,0,8,9,4,1.0,0.0,0,1
PARC ESTA,1328000.0,742.72,1788.0,2021-03-01,69.0,19246.0,1.31786521916555,103.903967184717,904 SIMS AVENUE PARC ESTA SINGAPORE 408968,7.043509290403673,55.0,1,4,0,1,13,16,1.0,0.0,0,1
PARC ESTA,1425000.0,861.12,1655.0,2021-03-01,80.0,17813.0,1.31786521916555,103.903967184717,904 SIMS AVENUE PARC ESTA SINGAPORE 408968,7.043509290403673,55.0,1,4,0,1,13,16,4.0,0.0,0,1
EDENZ SUITES,520000.0,452.09,1150.0,2021-03-01,42.0,12381.0,1.31286931612854,103.885753141885,21 LORONG 28 GEYLANG EDENZ SUITES SINGAPORE 398425,5.086028153004915,55.0,5,4,1,7,11,4,1.0,1.0,0,1
DAKOTA RESIDENCES,1920000.0,1291.68,1486.0,2021-03-01,120.0,16000.0,1.30637270876178,103.88708549006,34 DAKOTA CRESCENT DAKOTA RESIDENCES SINGAPORE 399936,4.7757251422267535,55.0,3,3,0,6,10,5,1.0,1.0,1,1
GROSVENOR VIEW,768000.0,656.6,1170.0,2021-03-01,61.0,12590.0,1.32768795196418,103.911844825065,3 LENGKONG EMPAT GROSVENOR VIEW SINGAPORE 417611,8.382712261708466,55.0,2,1,0,2,7,16,2.0,1.0,1,2
SIMS URBAN OASIS,1500000.0,958.0,1566.0,2021-03-01,89.0,16854.0,1.31926710475553,103.880615863782,6 SIMS DRIVE SIMS URBAN OASIS SINGAPORE 387388,5.190897370243519,55.0,3,4,0,8,9,1,4.0,1.0,1,1
SIMSVILLE,1331000.0,1237.86,1075.0,2021-03-01,115.0,11574.0,1.31703114737635,103.890499582849,2 GEYLANG EAST AVENUE 2 SIMSVILLE SINGAPORE 389754,5.786575389274496,55.0,4,4,3,6,12,4,3.0,1.0,1,1
URBAN TREASURES,2324000.0,1270.15,1730.0,2021-03-01,118.0,18617.0,1.32936720206385,103.905791323853,205 JALAN EUNOS URBAN TREASURES SINGAPORE 419535,7.966767145631702,55.0,2,0,0,2,6,11,1.0,0.0,1,2
PARC ESTA,1766000.0,1011.82,1745.0,2021-03-01,94.0,18787.0,1.31786521916555,103.903967184717,904 SIMS AVENUE PARC ESTA SINGAPORE 408968,7.043509290403673,55.0,1,4,0,1,13,16,4.0,0.0,0,1
THE VINES,1215000.0,1065.64,1140.0,2021-03-01,99.0,12273.0,1.31938865407237,103.908010725574,12 LORONG SARINA THE VINES SINGAPORE 416736,7.513064861326432,55.0,2,1,0,1,14,14,1.0,1.0,0,2
DAKOTA RESIDENCES,3150000.0,1894.46,1663.0,2021-03-01,176.0,17898.0,1.30637270876178,103.88708549006,34 DAKOTA CRESCENT DAKOTA RESIDENCES SINGAPORE 399936,4.7757251422267535,55.0,3,3,0,6,10,5,4.0,1.0,1,1
GRANDLINK SQUARE,1238000.0,1162.51,1065.0,2021-03-01,108.0,11463.0,1.3141912983094,103.891500511011,511 GUILLEMARD ROAD GRANDLINK SQUARE SINGAPORE 399849,5.67552490483051,55.0,4,4,3,5,13,6,2.0,1.0,0,1
GRANDLINK SQUARE,1250000.0,1227.1,1019.0,2021-03-01,114.0,10965.0,1.3141912983094,103.891500511011,511 GUILLEMARD ROAD GRANDLINK SQUARE SINGAPORE 399849,5.67552490483051,55.0,4,4,3,5,13,6,2.0,1.0,0,1
THE LATTIZ,2600000.0,2271.2,1145.0,2021-03-01,211.0,12322.0,1.32423180591114,103.906234493187,3D LORONG SALLEH THE LATTIZ SINGAPORE 416751,7.653305530124327,55.0,2,1,0,1,6,13,1.0,1.0,0,2
PENROSE,1419000.0,796.54,1781.0,2021-03-01,74.0,19176.0,1.31948983025856,103.879994891095,22 SIMS DRIVE PENROSE SINGAPORE 387396,5.166503889250989,55.0,3,4,0,8,9,1,3.0,0.0,0,1
SUNFLOWER RESIDENCE,980000.0,1011.82,969.0,2021-03-01,94.0,10426.0,1.31241326518363,103.887148121308,45 LORONG 32 GEYLANG SUNFLOWER RESIDENCE SINGAPORE 398305,5.173213893378579,55.0,5,4,2,7,11,5,1.0,1.0,0,1
RESIDENCES 88,611100.0,430.56,1419.0,2021-03-01,40.0,15278.0,1.32627973484674,103.907811483759,88 LORONG MARICAN RESIDENCES 88 SINGAPORE 417297,7.92954468966822,55.0,3,1,0,2,7,15,1.0,1.0,0,2
EUNOS GREEN,1300000.0,1345.5,966.0,2021-03-01,125.0,10400.0,1.31869288808784,103.905749453707,10 SIMS AVENUE EAST EUNOS GREEN SINGAPORE 416558,7.259672554234411,55.0,2,2,0,1,12,13,1.0,1.0,1,2
IDYLLIC SUITES,535000.0,419.8,1274.0,2021-03-01,39.0,13718.0,1.31285080910896,103.886497625764,21 LORONG 30 GEYLANG IDYLLIC SUITES SINGAPORE 398353,5.1480043421598065,55.0,5,4,2,7,11,5,1.0,1.0,0,1
D' CASITA,1170888.0,893.41,1311.0,2021-03-01,83.0,14107.0,1.32189602855264,103.909352749897,38 LORONG MARZUKI D' CASITA SINGAPORE 417104,7.789202468309825,55.0,2,1,0,2,10,15,1.0,1.0,0,2
WATERBANK AT DAKOTA,1028000.0,624.31,1647.0,2021-03-01,58.0,17724.0,1.30647833742136,103.888537197136,76 DAKOTA CRESCENT WATERBANK AT DAKOTA SINGAPORE 399944,4.918518965685704,55.0,3,3,0,5,10,6,1.0,1.0,1,1
NOMA,1315200.0,807.3,1629.0,2021-03-01,75.0,17536.0,1.31161656190118,103.885373542152,333 GUILLEMARD ROAD NOMA SINGAPORE 399758,4.964558828553237,55.0,3,3,1,7,11,5,1.0,0.0,0,1
ASTORIA PARK,995000.0,958.0,1039.0,2021-03-01,89.0,11180.0,1.32177770499303,103.91225216665,34 LORONG MYDIN ASTORIA PARK SINGAPORE 416827,8.053226885077692,55.0,1,1,0,2,12,17,1.0,1.0,1,2
SUITES @ SIMS,565000.0,376.74,1500.0,2021-03-01,35.0,16143.0,1.3157472607643,103.887188203157,468 SIMS AVENUE SUITES @ SIMS SINGAPORE 387544,5.415897782797746,55.0,4,6,3,7,11,4,1.0,1.0,0,1
TORIEVILLE,863000.0,1022.58,844.0,2021-03-01,95.0,9084.0,1.30976631711074,103.876878105707,47 LORONG 6 GEYLANG TORIE VILLE SINGAPORE 399202,4.129666215374106,55.0,3,3,2,10,8,2,1.0,1.0,0,1
THE WATER EDGE,755000.0,516.67,1461.0,2021-03-01,48.0,15729.0,1.31372105189031,103.888759579471,8 LORONG 38 GEYLANG THE WATER EDGE SINGAPORE 398106,5.4035924754809175,55.0,4,4,3,6,11,4,1.0,1.0,0,1
URBAN TREASURES,1352000.0,699.66,1823.0,2021-03-01,65.0,19623.0,1.32936720206385,103.905791323853,205 JALAN EUNOS URBAN TREASURES SINGAPORE 419535,7.966767145631702,55.0,2,0,0,2,6,11,2.0,0.0,1,2
PENROSE,1799000.0,1097.93,1639.0,2021-03-01,102.0,17637.0,1.31948983025856,103.879994891095,22 SIMS DRIVE PENROSE SINGAPORE 387396,5.166503889250989,55.0,3,4,0,8,9,1,2.0,0.0,0,1
PENROSE,2011000.0,1184.04,1698.0,2021-03-01,110.0,18282.0,1.31948983025856,103.879994891095,22 SIMS DRIVE PENROSE SINGAPORE 387396,5.166503889250989,55.0,3,4,0,8,9,1,3.0,0.0,0,1
PENROSE,1575000.0,979.52,1608.0,2021-03-01,91.0,17308.0,1.31948983025856,103.879994891095,22 SIMS DRIVE PENROSE SINGAPORE 387396,5.166503889250989,55.0,3,4,0,8,9,1,1.0,0.0,0,1
REZI 24,1847800.0,1184.04,1561.0,2021-03-01,110.0,16798.0,1.31156422500946,103.883576001591,39 LORONG 24 GEYLANG REZI 24 SINGAPORE 398636,4.808294965951603,55.0,3,3,0,8,10,4,2.0,0.0,0,1
ATRIUM RESIDENCES,1085000.0,968.76,1120.0,2021-03-01,90.0,12056.0,1.31372274938589,103.886156549479,532 GEYLANG ROAD ATRIUM RESIDENCES SINGAPORE 389488,5.181625591258403,55.0,5,4,2,7,11,5,1.0,1.0,0,1
CENTRA RESIDENCE,575000.0,419.8,1370.0,2021-03-01,39.0,14744.0,1.312846209179,103.875936321332,8 LORONG 7 GEYLANG CENTRA RESIDENCE SINGAPORE 388792,4.311991373002679,55.0,2,2,0,10,8,1,1.0,1.0,0,1
EUHABITAT,1120000.0,1011.82,1107.0,2021-03-01,94.0,11915.0,1.32795415126263,103.9070014142,196 JALAN EUNOS EUHABITAT SINGAPORE 419542,7.971961203569236,55.0,2,2,0,2,6,15,1.0,1.0,1,2
WATERBANK AT DAKOTA,2638888.0,1571.54,1679.0,2021-03-01,146.0,18075.0,1.30647833742136,103.888537197136,76 DAKOTA CRESCENT WATERBANK AT DAKOTA SINGAPORE 399944,4.918518965685704,55.0,3,3,0,5,10,6,3.0,1.0,1,1
SMART SUITES,680000.0,452.09,1504.0,2021-03-01,42.0,16190.0,1.31514448371947,103.884050282732,302 SIMS AVENUE SMART SUITES SINGAPORE 387516,5.114950686082434,55.0,3,5,0,8,9,3,1.0,1.0,0,1
CASA AERATA,562000.0,419.8,1339.0,2021-03-01,39.0,14410.0,1.31232393794378,103.885033090499,9 LORONG 26 GEYLANG CASA AERATA SINGAPORE 398484,4.985931367630484,55.0,4,4,1,7,11,4,2.0,1.0,0,1
EUHABITAT,675000.0,559.73,1206.0,2021-03-01,52.0,12981.0,1.32795415126263,103.9070014142,196 JALAN EUNOS EUHABITAT SINGAPORE 419542,7.971961203569236,55.0,2,2,0,2,6,15,1.0,1.0,1,2
WINDY HEIGHTS,2300000.0,2475.72,929.0,2021-03-01,230.0,10000.0,1.32664204297673,103.910617408664,84 JALAN DAUD WINDY HEIGHTS SINGAPORE 419593,8.204206295506795,55.0,2,2,0,2,7,16,1.0,1.0,1,2
SIMS URBAN OASIS,1260000.0,828.83,1520.0,2021-03-01,77.0,16364.0,1.31926710475553,103.880615863782,6 SIMS DRIVE SIMS URBAN OASIS SINGAPORE 387388,5.190897370243519,55.0,3,4,0,8,9,1,4.0,1.0,1,1
PARC ESTA,1425000.0,861.12,1655.0,2021-03-01,80.0,17813.0,1.31786521916555,103.903967184717,904 SIMS AVENUE PARC ESTA SINGAPORE 408968,7.043509290403673,55.0,1,4,0,1,13,16,4.0,0.0,0,1
CENTRAL GROVE,1220000.0,1205.57,1012.0,2021-03-01,112.0,10893.0,1.31623494982413,103.884417981377,3 GEYLANG EAST AVENUE 1 CENTRAL GROVE SINGAPORE 389779,5.228491443172765,55.0,4,5,1,8,9,3,2.0,1.0,1,1
PENROSE,1986000.0,1184.04,1677.0,2021-03-01,110.0,18055.0,1.31948983025856,103.879994891095,22 SIMS DRIVE PENROSE SINGAPORE 387396,5.166503889250989,55.0,3,4,0,8,9,1,2.0,0.0,0,1
PENROSE,1587000.0,979.52,1620.0,2021-03-01,91.0,17440.0,1.31948983025856,103.879994891095,22 SIMS DRIVE PENROSE SINGAPORE 387396,5.166503889250989,55.0,3,4,0,8,9,1,2.0,0.0,0,1
PENROSE,1643000.0,968.76,1696.0,2021-03-01,90.0,18256.0,1.31948983025856,103.879994891095,22 SIMS DRIVE PENROSE SINGAPORE 387396,5.166503889250989,55.0,3,4,0,8,9,1,3.0,0.0,0,1
PENROSE,1649000.0,968.76,1702.0,2021-03-01,90.0,18322.0,1.31948983025856,103.879994891095,22 SIMS DRIVE PENROSE SINGAPORE 387396,5.166503889250989,55.0,3,4,0,8,9,1,3.0,0.0,0,1
TEDGE,1479716.0,914.94,1617.0,2021-03-01,85.0,17408.0,1.3180672677589,103.908811491066,328 CHANGI ROAD TEDGE SINGAPORE 419803,7.512024356099393,55.0,2,1,0,1,14,15,1.0,0.0,0,2
LE REVE,1050000.0,807.3,1301.0,2021-03-01,75.0,14000.0,1.31868241486572,103.90610166475,27 KAMPONG EUNOS LE REVE SINGAPORE 417783,7.2919762495069005,55.0,2,2,0,1,13,14,1.0,1.0,1,2
PARC ESTA,1425000.0,861.12,1655.0,2021-03-01,80.0,17813.0,1.31786521916555,103.903967184717,904 SIMS AVENUE PARC ESTA SINGAPORE 408968,7.043509290403673,55.0,1,4,0,1,13,16,4.0,0.0,0,1
THE WATER EDGE,649888.0,441.32,1473.0,2021-03-01,41.0,15851.0,1.31372105189031,103.888759579471,8 LORONG 38 GEYLANG THE WATER EDGE SINGAPORE 398106,5.4035924754809175,55.0,4,4,3,6,11,4,1.0,1.0,0,1
GUILLEMARD EDGE,660000.0,441.32,1495.0,2021-03-01,41.0,16098.0,1.31200443744473,103.885949377155,38 LORONG 30 GEYLANG GUILLEMARD EDGE SINGAPORE 398371,5.041282413008211,55.0,4,4,1,7,11,5,1.0,1.0,0,1
AVANT RESIDENCES,622000.0,592.02,1051.0,2021-03-01,55.0,11309.0,1.31353535987581,103.882362870576,10 ALJUNIED ROAD AVANT RESIDENCES SINGAPORE 389799,4.856265736693036,55.0,3,4,0,8,9,2,1.0,1.0,0,1
PENROSE,1655000.0,968.76,1708.0,2021-03-01,90.0,18389.0,1.31948983025856,103.879994891095,22 SIMS DRIVE PENROSE SINGAPORE 387396,5.166503889250989,55.0,3,4,0,8,9,1,4.0,0.0,0,1
SUITES @ SIMS,540000.0,376.74,1433.0,2021-03-01,35.0,15429.0,1.3157472607643,103.887188203157,468 SIMS AVENUE SUITES @ SIMS SINGAPORE 387544,5.415897782797746,55.0,4,6,3,7,11,4,1.0,1.0,0,1
D'WEAVE,890000.0,893.41,996.0,2021-03-01,83.0,10723.0,1.31554107907724,103.890458266408,5 LORONG 39 GEYLANG D'WEAVE SINGAPORE 387866,5.67725259584862,55.0,4,4,3,5,13,4,2.0,1.0,0,1
D'WEAVE,1320000.0,1410.08,936.0,2021-03-01,131.0,10076.0,1.31554107907724,103.890458266408,5 LORONG 39 GEYLANG D'WEAVE SINGAPORE 387866,5.67725259584862,55.0,4,4,3,5,13,4,2.0,1.0,0,1
VACANZA @ EAST,600000.0,484.38,1239.0,2021-03-01,45.0,13333.0,1.32901984483655,103.914196223923,36 LENGKONG TUJOH VACANZA @ EAST SINGAPORE 417391,8.680985857703446,55.0,3,1,0,2,8,12,2.0,1.0,1,2
DELIGHT COURT,1050000.0,1323.97,793.0,2021-03-01,123.0,8537.0,1.31514147457982,103.888042831488,16 LORONG 33 GEYLANG DELIGHT COURT SINGAPORE 387982,5.443022710190738,55.0,4,6,3,7,11,4,1.0,1.0,0,1
COSMO,985000.0,710.42,1386.0,2021-03-01,66.0,14924.0,1.30957643997194,103.881039620932,18 GUILLEMARD CRESCENT COSMO SINGAPORE 399914,4.451122722705213,55.0,4,4,1,9,9,1,1.0,1.0,0,1
THE ANTARES,1184672.0,688.9,1720.0,2021-02-01,64.0,18511.0,1.32541778538724,103.883403765337,23 MATTAR ROAD THE ANTARES SINGAPORE 387730,5.916441166611573,56.0,4,4,0,8,9,4,1.0,0.0,0,1
PENROSE,1740000.0,1054.87,1649.0,2021-02-01,98.0,17755.0,1.31948983025856,103.879994891095,22 SIMS DRIVE PENROSE SINGAPORE 387396,5.166503889250989,56.0,3,4,0,8,9,1,1.0,0.0,0,1
PENROSE,1415000.0,796.54,1776.0,2021-02-01,74.0,19122.0,1.31948983025856,103.879994891095,22 SIMS DRIVE PENROSE SINGAPORE 387396,5.166503889250989,56.0,3,4,0,8,9,1,3.0,0.0,0,1
DAKOTA RESIDENCES,1510000.0,1022.58,1477.0,2021-02-01,95.0,15895.0,1.30637270876178,103.88708549006,34 DAKOTA CRESCENT DAKOTA RESIDENCES SINGAPORE 399936,4.7757251422267535,56.0,3,3,0,6,10,5,3.0,1.0,1,1
WATERBANK AT DAKOTA,1920000.0,1140.98,1683.0,2021-02-01,106.0,18113.0,1.30647833742136,103.888537197136,76 DAKOTA CRESCENT WATERBANK AT DAKOTA SINGAPORE 399944,4.918518965685704,56.0,3,3,0,5,10,6,3.0,1.0,1,1
TRE RESIDENCES,1080000.0,699.66,1544.0,2021-02-01,65.0,16615.0,1.3172278261209,103.885015905304,9 GEYLANG EAST AVENUE 1 TRE RESIDENCES SINGAPORE 389783,5.353082321074245,56.0,3,3,2,8,9,3,1.0,1.0,1,1
SUITES @ SIMS,1050000.0,925.7,1134.0,2021-02-01,86.0,12209.0,1.3157472607643,103.887188203157,468 SIMS AVENUE SUITES @ SIMS SINGAPORE 387544,5.415897782797746,56.0,4,6,3,7,11,4,1.0,1.0,0,1
THE SUNNY SPRING,1250000.0,1108.69,1127.0,2021-02-01,103.0,12136.0,1.31219203070087,103.889464697147,50 LORONG 40 GEYLANG THE SUNNY SPRING SINGAPORE 398074,5.3613842782215055,56.0,4,4,3,6,11,5,2.0,1.0,0,1
MILL CREEK,1850800.0,1915.99,966.0,2021-02-01,178.0,10398.0,1.31955327216571,103.909937629963,10 LORONG MARZUKI MILL CREEK SINGAPORE 417052,7.704555862110513,56.0,2,1,0,2,13,13,1.0,1.0,0,2
THE ANTARES,1204132.0,656.6,1834.0,2021-02-01,61.0,19740.0,1.32541778538724,103.883403765337,23 MATTAR ROAD THE ANTARES SINGAPORE 387730,5.916441166611573,56.0,4,4,0,8,9,4,2.0,0.0,0,1
SUNFLOWER REGENCY,920000.0,1151.75,799.0,2021-02-01,107.0,8598.0,1.3112844032004,103.881516089364,37 LORONG 20 GEYLANG SUNFLOWER REGENCY SINGAPORE 398753,4.616871709534783,56.0,3,3,0,8,9,2,1.0,1.0,0,1
REZI 24,1617300.0,958.0,1688.0,2021-02-01,89.0,18172.0,1.31156422500946,103.883576001591,39 LORONG 24 GEYLANG REZI 24 SINGAPORE 398636,4.808294965951603,56.0,3,3,0,8,10,4,2.0,0.0,0,1
# 1 SUITES,640000.0,559.73,1143.0,2021-02-01,52.0,12308.0,1.31239029325188,103.881504147527,1 LORONG 20 GEYLANG # 1 SUITES SINGAPORE 398721,4.699608709809529,56.0,3,3,0,8,9,2,1.0,1.0,0,1
WATERBANK AT DAKOTA,1090000.0,624.31,1746.0,2021-02-01,58.0,18793.0,1.30647833742136,103.888537197136,76 DAKOTA CRESCENT WATERBANK AT DAKOTA SINGAPORE 399944,4.918518965685704,56.0,3,3,0,5,10,6,4.0,1.0,1,1
EDENZ LOFT,500000.0,419.8,1191.0,2021-02-01,39.0,12821.0,1.3123178474915,103.883532317959,11 LORONG 24 GEYLANG EDENZ LOFT SINGAPORE 398623,4.859816611041546,56.0,3,3,0,8,9,2,1.0,1.0,0,1
ARENA RESIDENCES,1528000.0,807.3,1893.0,2021-02-01,75.0,20373.0,1.30967685823486,103.880642764235,20 GUILLEMARD CRESCENT ARENA RESIDENCES SINGAPORE 399915,4.425439723338632,56.0,4,4,1,9,9,1,1.0,0.0,0,1
DAKOTA RESIDENCES,2050000.0,1291.68,1587.0,2021-02-01,120.0,17083.0,1.30637270876178,103.88708549006,34 DAKOTA CRESCENT DAKOTA RESIDENCES SINGAPORE 399936,4.7757251422267535,56.0,3,3,0,6,10,5,3.0,1.0,1,1
RESIDENCES 88,565000.0,430.56,1312.0,2021-02-01,40.0,14125.0,1.32627973484674,103.907811483759,88 LORONG MARICAN RESIDENCES 88 SINGAPORE 417297,7.92954468966822,56.0,3,1,0,2,7,15,1.0,1.0,0,2
VACANZA @ EAST,1190000.0,1033.34,1152.0,2021-02-01,96.0,12396.0,1.32901984483655,103.914196223923,36 LENGKONG TUJOH VACANZA @ EAST SINGAPORE 417391,8.680985857703446,56.0,3,1,0,2,8,12,1.0,1.0,1,2
URBAN TREASURES,1012000.0,516.67,1844.0,2021-02-01,48.0,19844.0,1.32936720206385,103.905791323853,205 JALAN EUNOS URBAN TREASURES SINGAPORE 419535,7.966767145631702,56.0,2,0,0,2,6,11,2.0,0.0,1,2
PENROSE,1431000.0,796.54,1797.0,2021-02-01,74.0,19338.0,1.31948983025856,103.879994891095,22 SIMS DRIVE PENROSE SINGAPORE 387396,5.166503889250989,56.0,3,4,0,8,9,1,4.0,0.0,0,1
D' CASITA,693000.0,538.2,1288.0,2021-02-01,50.0,13860.0,1.32189602855264,103.909352749897,38 LORONG MARZUKI D' CASITA SINGAPORE 417104,7.789202468309825,56.0,2,1,0,2,10,15,1.0,1.0,0,2
ESCADA VIEW,770000.0,753.48,1022.0,2021-02-01,70.0,11000.0,1.32899344664489,103.91347731741,53 LENGKONG EMPAT ESCADA VIEW SINGAPORE 417657,8.614569394694955,56.0,3,1,0,2,7,13,2.0,1.0,1,2
# 1 LOFT,1100000.0,1323.97,831.0,2021-02-01,123.0,8943.0,1.31276346405244,103.883518875617,1 LORONG 24 GEYLANG # 1 LOFT SINGAPORE 398614,4.891716160848941,56.0,3,4,0,8,9,2,1.0,1.0,0,1
PALM LODGE,1610000.0,1646.89,978.0,2021-02-01,153.0,10523.0,1.31520570234631,103.889925313896,4 LORONG 37 GEYLANG PALM LODGE SINGAPORE 387902,5.607877557528137,56.0,4,4,3,6,13,4,2.0,1.0,0,1
URBAN TREASURES,1656566.0,882.65,1802.0,2021-02-01,82.0,19394.0,1.32936720206385,103.905791323853,205 JALAN EUNOS URBAN TREASURES SINGAPORE 419535,7.966767145631702,56.0,2,0,0,2,6,11,1.0,0.0,1,2
URBAN TREASURES,1283838.0,645.84,1875.0,2021-02-01,60.0,20179.0,1.32936720206385,103.905791323853,205 JALAN EUNOS URBAN TREASURES SINGAPORE 419535,7.966767145631702,56.0,2,0,0,2,6,11,2.0,0.0,1,2
URBAN TREASURES,1370000.0,699.66,1847.0,2021-02-01,65.0,19886.0,1.32936720206385,103.905791323853,205 JALAN EUNOS URBAN TREASURES SINGAPORE 419535,7.966767145631702,56.0,2,0,0,2,6,11,2.0,0.0,1,2
SIMS URBAN OASIS,1000000.0,667.37,1498.0,2021-02-01,62.0,16129.0,1.31926710475553,103.880615863782,6 SIMS DRIVE SIMS URBAN OASIS SINGAPORE 387388,5.190897370243519,56.0,3,4,0,8,9,1,2.0,1.0,1,1
GUILLEMARD EDGE,650000.0,441.32,1473.0,2021-02-01,41.0,15854.0,1.31200443744473,103.885949377155,38 LORONG 30 GEYLANG GUILLEMARD EDGE SINGAPORE 398371,5.041282413008211,56.0,4,4,1,7,11,5,2.0,1.0,0,1
SIMS URBAN OASIS,725000.0,462.85,1566.0,2021-02-01,43.0,16860.0,1.31926710475553,103.880615863782,6 SIMS DRIVE SIMS URBAN OASIS SINGAPORE 387388,5.190897370243519,56.0,3,4,0,8,9,1,1.0,1.0,1,1
VACANZA @ EAST,955000.0,807.3,1183.0,2021-02-01,75.0,12733.0,1.32901984483655,103.914196223923,36 LENGKONG TUJOH VACANZA @ EAST SINGAPORE 417391,8.680985857703446,56.0,3,1,0,2,8,12,2.0,1.0,1,2
LA FLEUR,540000.0,409.03,1320.0,2021-02-01,38.0,14211.0,1.31244454232324,103.884576516653,8 LORONG 26 GEYLANG LA FLEUR SINGAPORE 398483,4.956192019907782,56.0,3,4,0,7,10,4,1.0,1.0,0,1
ESTA RUBY,1350000.0,958.0,1409.0,2021-02-01,89.0,15169.0,1.31390006507675,103.893617178884,500 GUILLEMARD ROAD ESTA RUBY SINGAPORE 399839,5.845471443212252,56.0,3,2,3,3,13,8,2.0,1.0,0,1
WATERBANK AT DAKOTA,780000.0,484.38,1610.0,2021-02-01,45.0,17333.0,1.30647833742136,103.888537197136,76 DAKOTA CRESCENT WATERBANK AT DAKOTA SINGAPORE 399944,4.918518965685704,56.0,3,3,0,5,10,6,1.0,1.0,1,1
WING FONG MANSIONS,1028000.0,1162.51,884.0,2021-02-01,108.0,9519.0,1.31057552074486,103.879078933752,12 LORONG 14 GEYLANG WING FONG MANSIONS SINGAPORE 398924,4.366074173360566,56.0,4,4,1,10,9,1,1.0,1.0,0,1
THE SUNFLOWER,585000.0,592.02,988.0,2021-02-01,55.0,10636.0,1.31328282918802,103.885380308735,10 LORONG 28 GEYLANG THE SUNFLOWER SINGAPORE 398415,5.084541366217786,56.0,4,4,1,7,11,5,1.0,1.0,0,1
# 1 SUITES,645000.0,559.73,1152.0,2021-02-01,52.0,12404.0,1.31239029325188,103.881504147527,1 LORONG 20 GEYLANG # 1 SUITES SINGAPORE 398721,4.699608709809529,56.0,3,3,0,8,9,2,1.0,1.0,0,1
VACANZA @ EAST,1180000.0,1022.58,1154.0,2021-02-01,95.0,12421.0,1.32901984483655,103.914196223923,36 LENGKONG TUJOH VACANZA @ EAST SINGAPORE 417391,8.680985857703446,56.0,3,1,0,2,8,12,1.0,1.0,1,2
SIMSVILLE,1310000.0,1237.86,1058.0,2021-02-01,115.0,11391.0,1.31703114737635,103.890499582849,2 GEYLANG EAST AVENUE 2 SIMSVILLE SINGAPORE 389754,5.786575389274496,56.0,4,4,3,6,12,4,1.0,1.0,1,1
SILVERSCAPE,575000.0,409.03,1406.0,2021-02-01,38.0,15132.0,1.31256998658763,103.887209225771,39 LORONG 32 GEYLANG SILVERSCAPE SINGAPORE 398299,5.189405207979182,56.0,5,4,2,7,11,5,2.0,1.0,0,1
THE EBONY,523000.0,333.68,1567.0,2021-02-01,31.0,16871.0,1.32038515836726,103.908487204597,35 LORONG MARICAN THE EBONY SINGAPORE 417216,7.617132227591283,56.0,2,1,0,1,14,13,1.0,1.0,0,2
THE CENTREN,1100000.0,979.52,1123.0,2021-02-01,91.0,12088.0,1.3139398304258,103.883560951253,1 LORONG 27 GEYLANG THE CENTREN SINGAPORE 388153,4.983563349553069,56.0,3,4,0,8,9,4,2.0,1.0,0,1
THE ANTARES,1209232.0,656.6,1842.0,2021-02-01,61.0,19823.0,1.32541778538724,103.883403765337,23 MATTAR ROAD THE ANTARES SINGAPORE 387730,5.916441166611573,56.0,4,4,0,8,9,4,2.0,0.0,0,1
COSMO,1028000.0,710.42,1447.0,2021-02-01,66.0,15576.0,1.30957643997194,103.881039620932,18 GUILLEMARD CRESCENT COSMO SINGAPORE 399914,4.451122722705213,56.0,4,4,1,9,9,1,1.0,1.0,0,1
VACANZA @ EAST,1550000.0,1259.39,1231.0,2021-02-01,117.0,13248.0,1.32901984483655,103.914196223923,36 LENGKONG TUJOH VACANZA @ EAST SINGAPORE 417391,8.680985857703446,56.0,3,1,0,2,8,12,2.0,1.0,1,2
WATERBANK AT DAKOTA,1083000.0,624.31,1735.0,2021-02-01,58.0,18672.0,1.30647833742136,103.888537197136,76 DAKOTA CRESCENT WATERBANK AT DAKOTA SINGAPORE 399944,4.918518965685704,56.0,3,3,0,5,10,6,3.0,1.0,1,1
LA FLEUR,650000.0,667.37,974.0,2021-02-01,62.0,10484.0,1.31244454232324,103.884576516653,8 LORONG 26 GEYLANG LA FLEUR SINGAPORE 398483,4.956192019907782,56.0,3,4,0,7,10,4,2.0,1.0,0,1
EAST SHINE,1158000.0,1022.58,1132.0,2021-02-01,95.0,12189.0,1.32277514689737,103.909811553258,57 LORONG MELAYU EAST SHINE SINGAPORE 417026,7.885624736000287,56.0,2,1,0,2,10,17,1.0,1.0,0,2
LOFT 33,855000.0,678.13,1261.0,2021-02-01,63.0,13571.0,1.31278422240834,103.887200888953,33 LORONG 32 GEYLANG LOFT 33 SINGAPORE 398293,5.2036450346020215,56.0,5,5,2,7,11,5,1.0,1.0,0,1
NESS,585000.0,441.32,1326.0,2021-02-01,41.0,14268.0,1.31269794714045,103.886776844129,38 LORONG 32 GEYLANG NESS SINGAPORE 398298,5.1611183017097115,56.0,5,4,2,7,11,5,1.0,1.0,0,1
URBAN TREASURES,977000.0,516.67,1770.0,2021-02-01,48.0,19050.0,1.32936720206385,103.905791323853,205 JALAN EUNOS URBAN TREASURES SINGAPORE 419535,7.966767145631702,56.0,2,0,0,2,6,11,1.0,0.0,1,2
URBAN TREASURES,1932000.0,1011.82,1805.0,2021-02-01,94.0,19431.0,1.32936720206385,103.905791323853,205 JALAN EUNOS URBAN TREASURES SINGAPORE 419535,7.966767145631702,56.0,2,0,0,2,6,11,1.0,0.0,1,2
PENROSE,1757000.0,1054.87,1666.0,2021-02-01,98.0,17929.0,1.31948983025856,103.879994891095,22 SIMS DRIVE PENROSE SINGAPORE 387396,5.166503889250989,56.0,3,4,0,8,9,1,2.0,0.0,0,1
TEDGE,1406575.0,818.06,1719.0,2021-02-01,76.0,18508.0,1.3180672677589,103.908811491066,328 CHANGI ROAD TEDGE SINGAPORE 419803,7.512024356099393,56.0,2,1,0,1,14,15,1.0,0.0,0,2
MELOSA,580000.0,430.56,1347.0,2021-02-01,40.0,14500.0,1.31253733235708,103.885402784916,28 LORONG 28 GEYLANG MELOSA SINGAPORE 398432,5.032539138387234,56.0,4,4,1,7,11,4,2.0,1.0,0,1
THE LENOX,542000.0,333.68,1624.0,2021-02-01,31.0,17484.0,1.31824376273926,103.911351165333,396 CHANGI ROAD THE LENOX SINGAPORE 415899,7.765250446888848,56.0,2,1,0,2,13,15,1.0,1.0,0,2
VACANZA @ EAST,1530000.0,1367.03,1119.0,2021-02-01,127.0,12047.0,1.32901984483655,103.914196223923,36 LENGKONG TUJOH VACANZA @ EAST SINGAPORE 417391,8.680985857703446,56.0,3,1,0,2,8,12,1.0,1.0,1,2
WATERBANK AT DAKOTA,755000.0,484.38,1559.0,2021-02-01,45.0,16778.0,1.30647833742136,103.888537197136,76 DAKOTA CRESCENT WATERBANK AT DAKOTA SINGAPORE 399944,4.918518965685704,56.0,3,3,0,5,10,6,1.0,1.0,1,1
CENTRAL IMPERIAL,668000.0,548.96,1217.0,2021-02-01,51.0,13098.0,1.31194266781347,103.879213970964,3 LORONG 14 GEYLANG CENTRAL IMPERIAL SINGAPORE 398915,4.483469484998063,56.0,3,4,0,10,9,1,2.0,1.0,0,1
THE SUNNY SPRING,1300000.0,1022.58,1271.0,2021-02-01,95.0,13684.0,1.31219203070087,103.889464697147,50 LORONG 40 GEYLANG THE SUNNY SPRING SINGAPORE 398074,5.3613842782215055,56.0,4,4,3,6,11,5,2.0,1.0,0,1
WATERBANK AT DAKOTA,1120000.0,624.31,1794.0,2021-02-01,58.0,19310.0,1.30647833742136,103.888537197136,76 DAKOTA CRESCENT WATERBANK AT DAKOTA SINGAPORE 399944,4.918518965685704,56.0,3,3,0,5,10,6,4.0,1.0,1,1
ARENA RESIDENCES,1526000.0,807.3,1890.0,2021-02-01,75.0,20347.0,1.30967685823486,103.880642764235,20 GUILLEMARD CRESCENT ARENA RESIDENCES SINGAPORE 399915,4.425439723338632,56.0,4,4,1,9,9,1,2.0,0.0,0,1
EUHABITAT,725000.0,613.55,1182.0,2021-02-01,57.0,12719.0,1.32795415126263,103.9070014142,196 JALAN EUNOS EUHABITAT SINGAPORE 419542,7.971961203569236,56.0,2,2,0,2,6,15,1.0,1.0,1,2
SIMS URBAN OASIS,715000.0,462.85,1545.0,2021-02-01,43.0,16628.0,1.31926710475553,103.880615863782,6 SIMS DRIVE SIMS URBAN OASIS SINGAPORE 387388,5.190897370243519,56.0,3,4,0,8,9,1,1.0,1.0,1,1
CENTRAL GROVE,1150000.0,1205.57,954.0,2021-02-01,112.0,10268.0,1.31623494982413,103.884417981377,3 GEYLANG EAST AVENUE 1 CENTRAL GROVE SINGAPORE 389779,5.228491443172765,56.0,4,5,1,8,9,3,2.0,1.0,1,1
# 1 SUITES,610000.0,559.73,1090.0,2021-02-01,52.0,11731.0,1.31239029325188,103.881504147527,1 LORONG 20 GEYLANG # 1 SUITES SINGAPORE 398721,4.699608709809529,56.0,3,3,0,8,9,2,1.0,1.0,0,1
ARENA RESIDENCES,1486000.0,818.06,1816.0,2021-02-01,76.0,19553.0,1.30967685823486,103.880642764235,20 GUILLEMARD CRESCENT ARENA RESIDENCES SINGAPORE 399915,4.425439723338632,56.0,4,4,1,9,9,1,2.0,0.0,0,1
E7 LODGE,1510000.0,1345.5,1122.0,2021-02-01,125.0,12080.0,1.32167520272371,103.910592815024,66 LORONG MELAYU E7 LODGE SINGAPORE 416953,7.891372970035264,56.0,2,1,0,2,12,17,1.0,1.0,0,2
PARC ESTA,1924000.0,1151.75,1671.0,2021-02-01,107.0,17981.0,1.31786521916555,103.903967184717,904 SIMS AVENUE PARC ESTA SINGAPORE 408968,7.043509290403673,56.0,1,4,0,1,13,16,4.0,0.0,0,1
VACANZA @ EAST,608000.0,484.38,1255.0,2021-02-01,45.0,13511.0,1.32901984483655,103.914196223923,36 LENGKONG TUJOH VACANZA @ EAST SINGAPORE 417391,8.680985857703446,56.0,3,1,0,2,8,12,1.0,1.0,1,2
VACANZA @ EAST,603000.0,484.38,1245.0,2021-02-01,45.0,13400.0,1.32901984483655,103.914196223923,36 LENGKONG TUJOH VACANZA @ EAST SINGAPORE 417391,8.680985857703446,56.0,3,1,0,2,8,12,2.0,1.0,1,2
WATERBANK AT DAKOTA,1718000.0,1280.92,1341.0,2021-02-01,119.0,14437.0,1.30647833742136,103.888537197136,76 DAKOTA CRESCENT WATERBANK AT DAKOTA SINGAPORE 399944,4.918518965685704,56.0,3,3,0,5,10,6,1.0,1.0,1,1
THE ANTARES,1234732.0,667.37,1850.0,2021-02-01,62.0,19915.0,1.32541778538724,103.883403765337,23 MATTAR ROAD THE ANTARES SINGAPORE 387730,5.916441166611573,56.0,4,4,0,8,9,4,3.0,0.0,0,1
PARC ESTA,1425000.0,861.12,1655.0,2021-02-01,80.0,17813.0,1.31786521916555,103.903967184717,904 SIMS AVENUE PARC ESTA SINGAPORE 408968,7.043509290403673,56.0,1,4,0,1,13,16,4.0,0.0,0,1
CASA SARINA,720000.0,667.37,1079.0,2021-02-01,62.0,11613.0,1.32018967220914,103.906865928269,101 LORONG SARINA CASA SARINA SINGAPORE 416729,7.4542779982704115,56.0,2,1,0,1,12,14,1.0,1.0,1,2
PARK PLACE RESIDENCES AT PLQ,968000.0,484.38,1998.0,2021-02-01,45.0,21511.0,1.31583675363618,103.892746648427,2 PAYA LEBAR ROAD PARK PLACE RESIDENCES AT PLQ SINGAPORE 409053,5.896537427358871,56.0,3,3,3,4,12,6,1.0,,0,1
WATERBANK AT DAKOTA,1040000.0,624.31,1666.0,2021-02-01,58.0,17931.0,1.30647833742136,103.888537197136,76 DAKOTA CRESCENT WATERBANK AT DAKOTA SINGAPORE 399944,4.918518965685704,56.0,3,3,0,5,10,6,2.0,1.0,1,1
THE VINES,1255888.0,1151.75,1090.0,2021-02-01,107.0,11737.0,1.31938865407237,103.908010725574,12 LORONG SARINA THE VINES SINGAPORE 416736,7.513064861326432,56.0,2,1,0,1,14,14,1.0,1.0,0,2
SIMSVILLE,1318000.0,1237.86,1065.0,2021-02-01,115.0,11461.0,1.31703114737635,103.890499582849,2 GEYLANG EAST AVENUE 2 SIMSVILLE SINGAPORE 389754,5.786575389274496,56.0,4,4,3,6,12,4,2.0,1.0,1,1
CASA AERATA,658000.0,484.38,1358.0,2021-02-01,45.0,14622.0,1.31232393794378,103.885033090499,9 LORONG 26 GEYLANG CASA AERATA SINGAPORE 398484,4.985931367630484,56.0,4,4,1,7,11,4,1.0,1.0,0,1
PAVILION SQUARE,550000.0,419.8,1310.0,2021-02-01,39.0,14103.0,1.31297800060859,103.879770800217,345 GEYLANG ROAD PAVILION SQUARE SINGAPORE 389366,4.608727400946871,56.0,3,4,0,10,10,1,2.0,1.0,0,1
CASA SARINA,1095000.0,990.29,1106.0,2021-02-01,92.0,11902.0,1.32018967220914,103.906865928269,101 LORONG SARINA CASA SARINA SINGAPORE 416729,7.4542779982704115,56.0,2,1,0,1,12,14,1.0,1.0,1,2
PARC ESTA,2200000.0,1227.1,1793.0,2021-02-01,114.0,19298.0,1.31786521916555,103.903967184717,904 SIMS AVENUE PARC ESTA SINGAPORE 408968,7.043509290403673,56.0,1,4,0,1,13,16,3.0,0.0,0,1
EUHABITAT,640000.0,527.44,1213.0,2021-02-01,49.0,13061.0,1.32795415126263,103.9070014142,196 JALAN EUNOS EUHABITAT SINGAPORE 419542,7.971961203569236,56.0,2,2,0,2,6,15,1.0,1.0,1,2
EUHABITAT,700000.0,613.55,1141.0,2021-02-01,57.0,12281.0,1.32795415126263,103.9070014142,196 JALAN EUNOS EUHABITAT SINGAPORE 419542,7.971961203569236,56.0,2,2,0,2,6,15,1.0,1.0,1,2
PAVILION SQUARE,530000.0,398.27,1331.0,2021-02-01,37.0,14324.0,1.31297800060859,103.879770800217,345 GEYLANG ROAD PAVILION SQUARE SINGAPORE 389366,4.608727400946871,56.0,3,4,0,10,10,1,2.0,1.0,0,1
WATERBANK AT DAKOTA,1600000.0,1420.85,1126.0,2021-02-01,132.0,12121.0,1.30647833742136,103.888537197136,76 DAKOTA CRESCENT WATERBANK AT DAKOTA SINGAPORE 399944,4.918518965685704,56.0,3,3,0,5,10,6,2.0,1.0,1,1
THE CHAMPAGNE,1280000.0,1237.86,1034.0,2021-02-01,115.0,11130.0,1.3183709427721,103.910601296516,380 CHANGI ROAD THE CHAMPAGNE SINGAPORE 419832,7.700314484404125,56.0,2,1,0,2,14,15,1.0,1.0,0,2
REZI 24,1860900.0,1184.04,1572.0,2021-02-01,110.0,16917.0,1.31156422500946,103.883576001591,39 LORONG 24 GEYLANG REZI 24 SINGAPORE 398636,4.808294965951603,56.0,3,3,0,8,10,4,2.0,0.0,0,1
TRE RESIDENCES,2120000.0,1474.67,1438.0,2021-02-01,137.0,15474.0,1.3172278261209,103.885015905304,9 GEYLANG EAST AVENUE 1 TRE RESIDENCES SINGAPORE 389783,5.353082321074245,56.0,3,3,2,8,9,3,4.0,1.0,1,1
SIMS MEADOWS,1068000.0,1054.87,1012.0,2021-02-01,98.0,10898.0,1.31481342923106,103.888046887621,8 LORONG 33 GEYLANG SIMS MEADOWS SINGAPORE 387977,5.419751008298904,56.0,4,4,3,7,11,4,1.0,1.0,0,1
SIMS URBAN OASIS,990000.0,667.37,1483.0,2021-02-01,62.0,15968.0,1.31926710475553,103.880615863782,6 SIMS DRIVE SIMS URBAN OASIS SINGAPORE 387388,5.190897370243519,56.0,3,4,0,8,9,1,4.0,1.0,1,1
URBAN TREASURES,1364000.0,699.66,1852.0,2021-01-01,65.0,19935.0,1.32936720206385,103.905791323853,205 JALAN EUNOS URBAN TREASURES SINGAPORE 419535,7.966767145631702,57.0,2,0,0,2,6,11,2.0,0.0,1,2
PARC ESTA,1861000.0,1151.75,1616.0,2021-01-01,107.0,17393.0,1.31786521916555,103.903967184717,904 SIMS AVENUE PARC ESTA SINGAPORE 408968,7.043509290403673,57.0,1,4,0,1,13,16,1.0,0.0,0,1
PARC ESTA,911000.0,527.44,1727.0,2021-01-01,49.0,18592.0,1.31786521916555,103.903967184717,904 SIMS AVENUE PARC ESTA SINGAPORE 408968,7.043509290403673,57.0,1,4,0,1,13,16,1.0,0.0,0,1
PENROSE,1427000.0,796.54,1792.0,2021-01-01,74.0,19284.0,1.31948983025856,103.879994891095,22 SIMS DRIVE PENROSE SINGAPORE 387396,5.166503889250989,57.0,3,4,0,8,9,1,4.0,0.0,0,1
PENROSE,1625000.0,968.76,1677.0,2021-01-01,90.0,18056.0,1.31948983025856,103.879994891095,22 SIMS DRIVE PENROSE SINGAPORE 387396,5.166503889250989,57.0,3,4,0,8,9,1,3.0,0.0,0,1
PENROSE,1435000.0,796.54,1802.0,2021-01-01,74.0,19392.0,1.31948983025856,103.879994891095,22 SIMS DRIVE PENROSE SINGAPORE 387396,5.166503889250989,57.0,3,4,0,8,9,1,4.0,0.0,0,1
CENTRAL GROVE,1175000.0,1216.33,966.0,2021-01-01,113.0,10398.0,1.31623494982413,103.884417981377,3 GEYLANG EAST AVENUE 1 CENTRAL GROVE SINGAPORE 389779,5.228491443172765,57.0,4,5,1,8,9,3,2.0,1.0,1,1
WATERBANK AT DAKOTA,1785000.0,1184.04,1508.0,2021-01-01,110.0,16227.0,1.30647833742136,103.888537197136,76 DAKOTA CRESCENT WATERBANK AT DAKOTA SINGAPORE 399944,4.918518965685704,57.0,3,3,0,5,10,6,1.0,1.0,1,1
SIMS URBAN OASIS,965000.0,624.31,1546.0,2021-01-01,58.0,16638.0,1.31926710475553,103.880615863782,6 SIMS DRIVE SIMS URBAN OASIS SINGAPORE 387388,5.190897370243519,57.0,3,4,0,8,9,1,3.0,1.0,1,1
ATRIUM RESIDENCES,1238000.0,1216.33,1018.0,2021-01-01,113.0,10956.0,1.31372274938589,103.886156549479,532 GEYLANG ROAD ATRIUM RESIDENCES SINGAPORE 389488,5.181625591258403,57.0,5,4,2,7,11,5,1.0,1.0,0,1
REZI 24,1584300.0,1001.05,1583.0,2021-01-01,93.0,17035.0,1.31156422500946,103.883576001591,39 LORONG 24 GEYLANG REZI 24 SINGAPORE 398636,4.808294965951603,57.0,3,3,0,8,10,4,2.0,0.0,0,1
THE SUNNY SPRING,1139999.0,968.76,1177.0,2021-01-01,90.0,12667.0,1.31219203070087,103.889464697147,50 LORONG 40 GEYLANG THE SUNNY SPRING SINGAPORE 398074,5.3613842782215055,57.0,4,4,3,6,11,5,1.0,1.0,0,1
LA FLEUR,585000.0,441.32,1326.0,2021-01-01,41.0,14268.0,1.31244454232324,103.884576516653,8 LORONG 26 GEYLANG LA FLEUR SINGAPORE 398483,4.956192019907782,57.0,3,4,0,7,10,4,1.0,1.0,0,1
MANSIONS 28,1120000.0,1345.5,832.0,2021-01-01,125.0,8960.0,1.31525702251664,103.887174862978,28 LORONG 31 GEYLANG MANSIONS 28 SINGAPORE 388038,5.378694732081099,57.0,4,6,3,7,11,4,2.0,1.0,0,1
ASTORIA PARK,940000.0,958.0,981.0,2021-01-01,89.0,10562.0,1.32177770499303,103.91225216665,34 LORONG MYDIN ASTORIA PARK SINGAPORE 416827,8.053226885077692,57.0,1,1,0,2,12,17,3.0,1.0,1,2
SIMS URBAN OASIS,650000.0,409.03,1589.0,2021-01-01,38.0,17105.0,1.31926710475553,103.880615863782,6 SIMS DRIVE SIMS URBAN OASIS SINGAPORE 387388,5.190897370243519,57.0,3,4,0,8,9,1,2.0,1.0,1,1
URBAN TREASURES,1356000.0,721.19,1786.0,2021-01-01,67.0,19227.0,1.32936720206385,103.905791323853,205 JALAN EUNOS URBAN TREASURES SINGAPORE 419535,7.966767145631702,57.0,2,0,0,2,6,11,1.0,0.0,1,2
GUILLEMARD EDGE,760000.0,861.12,883.0,2021-01-01,80.0,9500.0,1.31200443744473,103.885949377155,38 LORONG 30 GEYLANG GUILLEMARD EDGE SINGAPORE 398371,5.041282413008211,57.0,4,4,1,7,11,5,2.0,1.0,0,1
DAKOTA RESIDENCES,2880000.0,1894.46,1520.0,2021-01-01,176.0,16364.0,1.30637270876178,103.88708549006,34 DAKOTA CRESCENT DAKOTA RESIDENCES SINGAPORE 399936,4.7757251422267535,57.0,3,3,0,6,10,5,2.0,1.0,1,1
EUHABITAT,678888.0,559.73,1213.0,2021-01-01,52.0,13056.0,1.32795415126263,103.9070014142,196 JALAN EUNOS EUHABITAT SINGAPORE 419542,7.971961203569236,57.0,2,2,0,2,6,15,1.0,1.0,1,2
SIMS URBAN OASIS,645000.0,409.03,1577.0,2021-01-01,38.0,16974.0,1.31926710475553,103.880615863782,6 SIMS DRIVE SIMS URBAN OASIS SINGAPORE 387388,5.190897370243519,57.0,3,4,0,8,9,1,2.0,1.0,1,1
PARC ESTA,1344000.0,742.72,1810.0,2021-01-01,69.0,19478.0,1.31786521916555,103.903967184717,904 SIMS AVENUE PARC ESTA SINGAPORE 408968,7.043509290403673,57.0,1,4,0,1,13,16,4.0,0.0,0,1
GUILLEMARD EDGE,918000.0,710.42,1292.0,2021-01-01,66.0,13909.0,1.31200443744473,103.885949377155,38 LORONG 30 GEYLANG GUILLEMARD EDGE SINGAPORE 398371,5.041282413008211,57.0,4,4,1,7,11,5,1.0,1.0,0,1
SIMS URBAN OASIS,730000.0,441.32,1654.0,2021-01-01,41.0,17805.0,1.31926710475553,103.880615863782,6 SIMS DRIVE SIMS URBAN OASIS SINGAPORE 387388,5.190897370243519,57.0,3,4,0,8,9,1,3.0,1.0,1,1
PARC ESTA,1359000.0,742.72,1830.0,2021-01-01,69.0,19696.0,1.31786521916555,103.903967184717,904 SIMS AVENUE PARC ESTA SINGAPORE 408968,7.043509290403673,57.0,1,4,0,1,13,16,3.0,0.0,0,1
THE SUNNY SPRING,1390000.0,1194.8,1163.0,2021-01-01,111.0,12523.0,1.31219203070087,103.889464697147,50 LORONG 40 GEYLANG THE SUNNY SPRING SINGAPORE 398074,5.3613842782215055,57.0,4,4,3,6,11,5,2.0,1.0,0,1
WATERBANK AT DAKOTA,1870000.0,1184.04,1579.0,2021-01-01,110.0,17000.0,1.30647833742136,103.888537197136,76 DAKOTA CRESCENT WATERBANK AT DAKOTA SINGAPORE 399944,4.918518965685704,57.0,3,3,0,5,10,6,2.0,1.0,1,1
CASSIA EDGE,930000.0,721.19,1290.0,2021-01-01,67.0,13881.0,1.3115742491255,103.885828118166,343 GUILLEMARD ROAD CASSIA EDGE SINGAPORE 399764,5.000687919837781,57.0,4,3,1,7,11,5,1.0,1.0,0,1
SIMS URBAN OASIS,1800000.0,1205.57,1493.0,2021-01-01,112.0,16071.0,1.31926710475553,103.880615863782,6 SIMS DRIVE SIMS URBAN OASIS SINGAPORE 387388,5.190897370243519,57.0,3,4,0,8,9,1,1.0,1.0,1,1
PENROSE,1423000.0,796.54,1786.0,2021-01-01,74.0,19230.0,1.31948983025856,103.879994891095,22 SIMS DRIVE PENROSE SINGAPORE 387396,5.166503889250989,57.0,3,4,0,8,9,1,3.0,0.0,0,1
THE ANTARES,1267140.0,667.37,1899.0,2021-01-01,62.0,20438.0,1.32541778538724,103.883403765337,23 MATTAR ROAD THE ANTARES SINGAPORE 387730,5.916441166611573,57.0,4,4,0,8,9,4,4.0,0.0,0,1
THE ANTARES,1347720.0,710.42,1897.0,2021-01-01,66.0,20420.0,1.32541778538724,103.883403765337,23 MATTAR ROAD THE ANTARES SINGAPORE 387730,5.916441166611573,57.0,4,4,0,8,9,4,4.0,0.0,0,1
CENTRAL GROVE,1288000.0,1205.57,1068.0,2021-01-01,112.0,11500.0,1.31623494982413,103.884417981377,3 GEYLANG EAST AVENUE 1 CENTRAL GROVE SINGAPORE 389779,5.228491443172765,57.0,4,5,1,8,9,3,4.0,1.0,1,1
D' CASITA,1100000.0,893.41,1231.0,2021-01-01,83.0,13253.0,1.32189602855264,103.909352749897,38 LORONG MARZUKI D' CASITA SINGAPORE 417104,7.789202468309825,57.0,2,1,0,2,10,15,1.0,1.0,0,2
URBAN TREASURES,1388000.0,699.66,1885.0,2021-01-01,65.0,20286.0,1.32936720206385,103.905791323853,205 JALAN EUNOS URBAN TREASURES SINGAPORE 419535,7.966767145631702,57.0,2,0,0,2,6,11,3.0,0.0,1,2
THE ANTARES,1315080.0,731.95,1797.0,2021-01-01,68.0,19339.0,1.32541778538724,103.883403765337,23 MATTAR ROAD THE ANTARES SINGAPORE 387730,5.916441166611573,57.0,4,4,0,8,9,4,2.0,0.0,0,1
VACANZA @ EAST,835000.0,731.95,1141.0,2021-01-01,68.0,12279.0,1.32901984483655,103.914196223923,36 LENGKONG TUJOH VACANZA @ EAST SINGAPORE 417391,8.680985857703446,57.0,3,1,0,2,8,12,1.0,1.0,1,2
STARVILLE,1280000.0,1216.33,1052.0,2021-01-01,113.0,11327.0,1.32826483616522,103.912067534158,66 LENGKONG TIGA STARVILLE SINGAPORE 417471,8.44041551036464,57.0,3,1,0,2,7,15,3.0,1.0,1,2
SIMS DORADO,980000.0,861.12,1138.0,2021-01-01,80.0,12250.0,1.31578022165817,103.890338973057,11 LORONG 39 GEYLANG SIMS DORADO SINGAPORE 387869,5.68381613917474,57.0,4,4,3,6,13,4,1.0,1.0,0,1
REZI 24,850100.0,516.67,1645.0,2021-01-01,48.0,17710.0,1.31156422500946,103.883576001591,39 LORONG 24 GEYLANG REZI 24 SINGAPORE 398636,4.808294965951603,57.0,3,3,0,8,10,4,1.0,0.0,0,1
SIMS URBAN OASIS,969000.0,667.37,1452.0,2021-01-01,62.0,15629.0,1.31926710475553,103.880615863782,6 SIMS DRIVE SIMS URBAN OASIS SINGAPORE 387388,5.190897370243519,57.0,3,4,0,8,9,1,3.0,1.0,1,1
GUILLEMARD VIEW,1068000.0,1162.51,919.0,2021-01-01,108.0,9889.0,1.31131608082757,103.884615884842,329A GUILLEMARD ROAD GUILLEMARD VIEW SINGAPORE 399850,4.878489345784435,57.0,3,4,0,7,10,5,1.0,1.0,0,1
WATERBANK AT DAKOTA,1450000.0,882.65,1643.0,2021-01-01,82.0,17683.0,1.30647833742136,103.888537197136,76 DAKOTA CRESCENT WATERBANK AT DAKOTA SINGAPORE 399944,4.918518965685704,57.0,3,3,0,5,10,6,3.0,1.0,1,1
SIMS URBAN OASIS,733000.0,462.85,1584.0,2021-01-01,43.0,17047.0,1.31926710475553,103.880615863782,6 SIMS DRIVE SIMS URBAN OASIS SINGAPORE 387388,5.190897370243519,57.0,3,4,0,8,9,1,2.0,1.0,1,1
URBAN TREASURES,1972000.0,1011.82,1852.0,2021-01-01,94.0,19930.0,1.32936720206385,103.905791323853,205 JALAN EUNOS URBAN TREASURES SINGAPORE 419535,7.966767145631702,57.0,2,0,0,2,6,11,3.0,0.0,1,2
EDENZ SUITES,620000.0,495.14,1252.0,2021-01-01,46.0,13478.0,1.31286931612854,103.885753141885,21 LORONG 28 GEYLANG EDENZ SUITES SINGAPORE 398425,5.086028153004915,57.0,5,4,1,7,11,4,1.0,1.0,0,1
SIMS URBAN OASIS,750000.0,473.62,1584.0,2021-01-01,44.0,17045.0,1.31926710475553,103.880615863782,6 SIMS DRIVE SIMS URBAN OASIS SINGAPORE 387388,5.190897370243519,57.0,3,4,0,8,9,1,1.0,1.0,1,1
PENROSE,1578000.0,968.76,1629.0,2021-01-01,90.0,17533.0,1.31948983025856,103.879994891095,22 SIMS DRIVE PENROSE SINGAPORE 387396,5.166503889250989,57.0,3,4,0,8,9,1,1.0,0.0,0,1
PARC ESTA,2121000.0,1227.1,1728.0,2021-01-01,114.0,18605.0,1.31786521916555,103.903967184717,904 SIMS AVENUE PARC ESTA SINGAPORE 408968,7.043509290403673,57.0,1,4,0,1,13,16,1.0,0.0,0,1
CENTRA LOFT,663000.0,484.38,1369.0,2021-01-01,45.0,14733.0,1.31481743950624,103.888376977987,3 LORONG 35 GEYLANG CENTRA LOFT SINGAPORE 387935,5.44803594028427,57.0,4,4,3,7,11,4,1.0,1.0,0,1
SUITES @ SIMS,530000.0,355.21,1492.0,2021-01-01,33.0,16061.0,1.3157472607643,103.887188203157,468 SIMS AVENUE SUITES @ SIMS SINGAPORE 387544,5.415897782797746,57.0,4,6,3,7,11,4,1.0,1.0,0,1
SIMSVILLE,1000000.0,979.52,1021.0,2021-01-01,91.0,10989.0,1.31703114737635,103.890499582849,2 GEYLANG EAST AVENUE 2 SIMSVILLE SINGAPORE 389754,5.786575389274496,57.0,4,4,3,6,12,4,1.0,1.0,1,1
CASSIA VIEW,1380000.0,1151.75,1198.0,2021-01-01,107.0,12897.0,1.31103276112231,103.886630140814,320 GUILLEMARD ROAD CASSIA VIEW SINGAPORE 399746,5.033091805099718,57.0,4,2,1,7,11,5,3.0,1.0,0,1
ASTORIA PARK,960000.0,958.0,1002.0,2021-01-01,89.0,10787.0,1.32177770499303,103.91225216665,34 LORONG MYDIN ASTORIA PARK SINGAPORE 416827,8.053226885077692,57.0,1,1,0,2,12,17,1.0,1.0,1,2
WATERBANK AT DAKOTA,1860000.0,1140.98,1630.0,2021-01-01,106.0,17547.0,1.30647833742136,103.888537197136,76 DAKOTA CRESCENT WATERBANK AT DAKOTA SINGAPORE 399944,4.918518965685704,57.0,3,3,0,5,10,6,3.0,1.0,1,1
SIMS URBAN OASIS,910000.0,624.31,1458.0,2021-01-01,58.0,15690.0,1.31926710475553,103.880615863782,6 SIMS DRIVE SIMS URBAN OASIS SINGAPORE 387388,5.190897370243519,57.0,3,4,0,8,9,1,1.0,1.0,1,1
SIMS URBAN OASIS,1635000.0,1033.34,1582.0,2021-01-01,96.0,17031.0,1.31926710475553,103.880615863782,6 SIMS DRIVE SIMS URBAN OASIS SINGAPORE 387388,5.190897370243519,57.0,3,4,0,8,9,1,2.0,1.0,1,1
GUILLEMARD SUITES,575000.0,409.03,1406.0,2021-01-01,38.0,15132.0,1.31094521852726,103.882721097721,213 GUILLEMARD ROAD GUILLEMARD SUITES SINGAPORE 399733,4.691609257032653,57.0,3,4,0,8,9,3,1.0,1.0,0,1
THE ARIZON,800000.0,828.83,965.0,2021-01-01,77.0,10390.0,1.31371862266175,103.886588867863,538 GEYLANG ROAD THE ARIZON SINGAPORE 389493,5.217753821108507,57.0,5,4,2,7,11,5,1.0,1.0,0,1
D'GALLERY,746000.0,527.44,1414.0,2021-01-01,49.0,15224.0,1.31999864551861,103.912136345882,15 JALAN MASJID D' GALLERY SINGAPORE 418936,7.939182881901876,57.0,1,1,0,2,12,17,1.0,1.0,0,2
URBAN TREASURES,1063000.0,516.67,1955.0,2021-01-01,48.0,21039.0,1.32936720206385,103.905791323853,205 JALAN EUNOS URBAN TREASURES SINGAPORE 419535,7.966767145631702,57.0,2,0,0,2,6,11,3.0,0.0,1,2
ESCADA VIEW,838000.0,839.59,998.0,2021-01-01,78.0,10744.0,1.32899344664489,103.91347731741,53 LENGKONG EMPAT ESCADA VIEW SINGAPORE 417657,8.614569394694955,57.0,3,1,0,2,7,13,2.0,1.0,1,2
ATRIUM RESIDENCES,1080000.0,947.23,1140.0,2021-01-01,88.0,12273.0,1.31372274938589,103.886156549479,532 GEYLANG ROAD ATRIUM RESIDENCES SINGAPORE 389488,5.181625591258403,57.0,5,4,2,7,11,5,1.0,1.0,0,1
SIMSVILLE,1074000.0,979.52,1096.0,2021-01-01,91.0,11802.0,1.31703114737635,103.890499582849,2 GEYLANG EAST AVENUE 2 SIMSVILLE SINGAPORE 389754,5.786575389274496,57.0,4,4,3,6,12,4,2.0,1.0,1,1
URBAN TREASURES,1317000.0,656.6,1905.0,2021-01-01,61.0,20511.0,1.32936720206385,103.905791323853,205 JALAN EUNOS URBAN TREASURES SINGAPORE 419535,7.966767145631702,57.0,2,0,0,2,6,11,2.0,0.0,1,2
NOMA,1975800.0,1334.74,1480.0,2021-01-01,124.0,15934.0,1.31161656190118,103.885373542152,333 GUILLEMARD ROAD NOMA SINGAPORE 399758,4.964558828553237,57.0,3,3,1,7,11,5,2.0,0.0,0,1
THE MIDAS,1228000.0,1323.97,928.0,2021-01-01,123.0,9984.0,1.31287327322577,103.886114462631,26 LORONG 30 GEYLANG THE MIDAS SINGAPORE 398359,5.116956655400778,57.0,5,4,2,7,11,4,1.0,1.0,0,1
WATERBANK AT DAKOTA,1880000.0,1130.22,1663.0,2021-01-01,105.0,17905.0,1.30647833742136,103.888537197136,76 DAKOTA CRESCENT WATERBANK AT DAKOTA SINGAPORE 399944,4.918518965685704,57.0,3,3,0,5,10,6,4.0,1.0,1,1
REZI 24,1842900.0,1184.04,1556.0,2021-01-01,110.0,16754.0,1.31156422500946,103.883576001591,39 LORONG 24 GEYLANG REZI 24 SINGAPORE 398636,4.808294965951603,57.0,3,3,0,8,10,4,2.0,0.0,0,1
GUILLEMARD EDGE,760000.0,548.96,1384.0,2021-01-01,51.0,14902.0,1.31200443744473,103.885949377155,38 LORONG 30 GEYLANG GUILLEMARD EDGE SINGAPORE 398371,5.041282413008211,57.0,4,4,1,7,11,5,2.0,1.0,0,1
D'OASIA,795000.0,570.49,1394.0,2021-01-01,53.0,15000.0,1.31966969295307,103.910261197479,11 LORONG MELAYU D'OASIA SINGAPORE 416905,7.741970201225104,57.0,2,1,0,2,13,14,1.0,1.0,0,2
MERA EAST,2185000.0,2185.09,1000.0,2021-01-01,203.0,10764.0,1.31817526770849,103.909292082346,338 CHANGI ROAD MERA EAST SINGAPORE 419977,7.564017720548594,57.0,2,1,0,1,14,15,1.0,1.0,0,2
SIMSVILLE,1560000.0,1528.49,1021.0,2021-01-01,142.0,10986.0,1.31703114737635,103.890499582849,2 GEYLANG EAST AVENUE 2 SIMSVILLE SINGAPORE 389754,5.786575389274496,57.0,4,4,3,6,12,4,3.0,1.0,1,1
THE WATERINA,930000.0,721.19,1290.0,2021-01-01,67.0,13881.0,1.3132821071538,103.89085032363,59 LORONG 40 GEYLANG THE WATERINA SINGAPORE 398082,5.55708137380416,57.0,4,4,3,5,12,5,1.0,1.0,0,1
PARC ESTA,1355000.0,742.72,1824.0,2021-01-01,69.0,19638.0,1.31786521916555,103.903967184717,904 SIMS AVENUE PARC ESTA SINGAPORE 408968,7.043509290403673,57.0,1,4,0,1,13,16,3.0,0.0,0,1
# 1 LOFT,680000.0,570.49,1192.0,2021-01-01,53.0,12830.0,1.31276346405244,103.883518875617,1 LORONG 24 GEYLANG # 1 LOFT SINGAPORE 398614,4.891716160848941,57.0,3,4,0,8,9,2,1.0,1.0,0,1
ATRIUM RESIDENCES,1170000.0,1022.58,1144.0,2021-01-01,95.0,12316.0,1.31372274938589,103.886156549479,532 GEYLANG ROAD ATRIUM RESIDENCES SINGAPORE 389488,5.181625591258403,57.0,5,4,2,7,11,5,1.0,1.0,0,1
# 1 LOFT,627300.0,581.26,1079.0,2021-01-01,54.0,11617.0,1.31276346405244,103.883518875617,1 LORONG 24 GEYLANG # 1 LOFT SINGAPORE 398614,4.891716160848941,57.0,3,4,0,8,9,2,2.0,1.0,0,1
CENTRA SUITES,633000.0,430.56,1470.0,2021-01-01,40.0,15825.0,1.31465166781856,103.883288149427,38 LORONG 25A GEYLANG CENTRA SUITES SINGAPORE 388242,5.016128952160774,57.0,3,4,0,8,9,3,1.0,1.0,0,1
DAKOTA RESIDENCES,3150000.0,1894.46,1663.0,2021-01-01,176.0,17898.0,1.30637270876178,103.88708549006,34 DAKOTA CRESCENT DAKOTA RESIDENCES SINGAPORE 399936,4.7757251422267535,57.0,3,3,0,6,10,5,4.0,1.0,1,1
REZI 26,580000.0,441.32,1314.0,2021-01-01,41.0,14146.0,1.31277485329606,103.885104634024,5 LORONG 26 GEYLANG REZI 26 SINGAPORE 398480,5.024511275001018,57.0,4,4,1,7,11,4,1.0,1.0,0,1
STARVILLE,650000.0,602.78,1078.0,2021-01-01,56.0,11607.0,1.32826483616522,103.912067534158,66 LENGKONG TIGA STARVILLE SINGAPORE 417471,8.44041551036464,57.0,3,1,0,2,7,15,1.0,1.0,1,2
SILVERSCAPE,660000.0,473.62,1394.0,2021-01-01,44.0,15000.0,1.31256998658763,103.887209225771,39 LORONG 32 GEYLANG SILVERSCAPE SINGAPORE 398299,5.189405207979182,57.0,5,4,2,7,11,5,2.0,1.0,0,1
SIMS GREEN,1052800.0,1248.62,843.0,2021-01-01,116.0,9076.0,1.31441038654771,103.884629689864,7 LORONG 27A GEYLANG SIMS GREEN SINGAPORE 388133,5.105957066325405,57.0,4,4,1,8,9,5,1.0,1.0,0,1
THE ANTARES,1226340.0,656.6,1868.0,2021-01-01,61.0,20104.0,1.32541778538724,103.883403765337,23 MATTAR ROAD THE ANTARES SINGAPORE 387730,5.916441166611573,57.0,4,4,0,8,9,4,2.0,0.0,0,1
REZI 24,1606600.0,958.0,1677.0,2021-01-01,89.0,18052.0,1.31156422500946,103.883576001591,39 LORONG 24 GEYLANG REZI 24 SINGAPORE 398636,4.808294965951603,57.0,3,3,0,8,10,4,2.0,0.0,0,1
TEDGE,1434210.0,818.06,1753.0,2020-12-01,76.0,18871.0,1.3180672677589,103.908811491066,328 CHANGI ROAD TEDGE SINGAPORE 419803,7.512024356099393,58.0,2,1,0,1,14,15,1.0,0.0,0,2
PARC ESTA,1280000.0,753.48,1699.0,2020-12-01,70.0,18286.0,1.31786521916555,103.903967184717,904 SIMS AVENUE PARC ESTA SINGAPORE 408968,7.043509290403673,58.0,1,4,0,1,13,16,4.0,0.0,0,1
SIMS URBAN OASIS,983000.0,667.37,1473.0,2020-12-01,62.0,15855.0,1.31926710475553,103.880615863782,6 SIMS DRIVE SIMS URBAN OASIS SINGAPORE 387388,5.190897370243519,58.0,3,4,0,8,9,1,3.0,1.0,1,1
ARENA RESIDENCES,1639000.0,893.41,1835.0,2020-12-01,83.0,19747.0,1.30967685823486,103.880642764235,20 GUILLEMARD CRESCENT ARENA RESIDENCES SINGAPORE 399915,4.425439723338632,58.0,4,4,1,9,9,1,1.0,0.0,0,1
REZI 24,848000.0,505.91,1676.0,2020-12-01,47.0,18043.0,1.31156422500946,103.883576001591,39 LORONG 24 GEYLANG REZI 24 SINGAPORE 398636,4.808294965951603,58.0,3,3,0,8,10,4,2.0,0.0,0,1
METRO LOFT,620000.0,441.32,1405.0,2020-12-01,41.0,15122.0,1.31417031455963,103.883562175927,5 LORONG 27 GEYLANG METRO LOFT SINGAPORE 388158,5.001192040278531,58.0,3,4,0,8,9,4,2.0,1.0,0,1
# 1 SUITES,685000.0,667.37,1026.0,2020-12-01,62.0,11048.0,1.31239029325188,103.881504147527,1 LORONG 20 GEYLANG # 1 SUITES SINGAPORE 398721,4.699608709809529,58.0,3,3,0,8,9,2,2.0,1.0,0,1
THE SUNNY SPRING,1340000.0,1108.69,1209.0,2020-12-01,103.0,13010.0,1.31219203070087,103.889464697147,50 LORONG 40 GEYLANG THE SUNNY SPRING SINGAPORE 398074,5.3613842782215055,58.0,4,4,3,6,11,5,1.0,1.0,0,1
EUHABITAT,715000.0,624.31,1145.0,2020-12-01,58.0,12328.0,1.32795415126263,103.9070014142,196 JALAN EUNOS EUHABITAT SINGAPORE 419542,7.971961203569236,58.0,2,2,0,2,6,15,1.0,1.0,1,2
SUITES @ SIMS,545000.0,344.45,1582.0,2020-12-01,32.0,17031.0,1.3157472607643,103.887188203157,468 SIMS AVENUE SUITES @ SIMS SINGAPORE 387544,5.415897782797746,58.0,4,6,3,7,11,4,1.0,1.0,0,1
GUILLEMARD EDGE,880000.0,1001.05,879.0,2020-12-01,93.0,9462.0,1.31200443744473,103.885949377155,38 LORONG 30 GEYLANG GUILLEMARD EDGE SINGAPORE 398371,5.041282413008211,58.0,4,4,1,7,11,5,2.0,1.0,0,1
WATERBANK AT DAKOTA,1880000.0,1130.22,1663.0,2020-12-01,105.0,17905.0,1.30647833742136,103.888537197136,76 DAKOTA CRESCENT WATERBANK AT DAKOTA SINGAPORE 399944,4.918518965685704,58.0,3,3,0,5,10,6,2.0,1.0,1,1
WATERBANK AT DAKOTA,835000.0,484.38,1724.0,2020-12-01,45.0,18556.0,1.30647833742136,103.888537197136,76 DAKOTA CRESCENT WATERBANK AT DAKOTA SINGAPORE 399944,4.918518965685704,58.0,3,3,0,5,10,6,4.0,1.0,1,1
PRIME RESIDENCE,610000.0,527.44,1157.0,2020-12-01,49.0,12449.0,1.31118981428433,103.882466535926,41 LORONG 22 GEYLANG PRIME RESIDENCE SINGAPORE 398697,4.688267126786674,58.0,3,4,0,8,9,2,2.0,1.0,0,1
THE ANTARES,1192680.0,667.37,1787.0,2020-12-01,62.0,19237.0,1.32541778538724,103.883403765337,23 MATTAR ROAD THE ANTARES SINGAPORE 387730,5.916441166611573,58.0,4,4,0,8,9,4,1.0,0.0,0,1
PENROSE,1493000.0,1044.11,1430.0,2020-12-01,97.0,15392.0,1.31948983025856,103.879994891095,22 SIMS DRIVE PENROSE SINGAPORE 387396,5.166503889250989,58.0,3,4,0,8,9,1,1.0,0.0,0,1
LE REGAL,495000.0,419.8,1179.0,2020-12-01,39.0,12692.0,1.31250268727998,103.880368117228,340 GEYLANG ROAD LE REGAL SINGAPORE 389365,4.61788023094977,58.0,2,3,0,9,10,1,1.0,1.0,0,1
NESS,575000.0,462.85,1242.0,2020-12-01,43.0,13372.0,1.31269794714045,103.886776844129,38 LORONG 32 GEYLANG NESS SINGAPORE 398298,5.1611183017097115,58.0,5,4,2,7,11,5,1.0,1.0,0,1
LE CRESCENDO,1170000.0,947.23,1235.0,2020-12-01,88.0,13295.0,1.33049714674003,103.888409268781,233 PAYA LEBAR ROAD LE CRESCENDO SINGAPORE 409044,6.701977813091088,58.0,4,3,0,6,9,4,3.0,1.0,1,1
LOFT 33,1250000.0,1216.33,1028.0,2020-12-01,113.0,11062.0,1.31278422240834,103.887200888953,33 LORONG 32 GEYLANG LOFT 33 SINGAPORE 398293,5.2036450346020215,58.0,5,5,2,7,11,5,2.0,1.0,0,1
TRE RESIDENCES,1468000.0,947.23,1550.0,2020-12-01,88.0,16682.0,1.3172278261209,103.885015905304,9 GEYLANG EAST AVENUE 1 TRE RESIDENCES SINGAPORE 389783,5.353082321074245,58.0,3,3,2,8,9,3,3.0,1.0,1,1
LE CRESCENDO,1580000.0,1173.28,1347.0,2020-12-01,109.0,14495.0,1.33049714674003,103.888409268781,233 PAYA LEBAR ROAD LE CRESCENDO SINGAPORE 409044,6.701977813091088,58.0,4,3,0,6,9,4,1.0,1.0,1,1
BALMY COURT,780000.0,775.01,1006.0,2020-12-01,72.0,10833.0,1.31415835134435,103.884949577853,6 LORONG 27A GEYLANG BALMY COURT SINGAPORE 388105,5.113290510798238,58.0,4,4,2,8,10,5,1.0,1.0,0,1
THE CHAMPAGNE,1850000.0,2023.63,914.0,2020-12-01,188.0,9840.0,1.3183709427721,103.910601296516,380 CHANGI ROAD THE CHAMPAGNE SINGAPORE 419832,7.700314484404125,58.0,2,1,0,2,14,15,1.0,1.0,0,2
IDYLLIC SUITES,553000.0,419.8,1317.0,2020-12-01,39.0,14179.0,1.31285080910896,103.886497625764,21 LORONG 30 GEYLANG IDYLLIC SUITES SINGAPORE 398353,5.1480043421598065,58.0,5,4,2,7,11,5,1.0,1.0,0,1
LE CRESCENDO,1215000.0,947.23,1283.0,2020-12-01,88.0,13807.0,1.33049714674003,103.888409268781,233 PAYA LEBAR ROAD LE CRESCENDO SINGAPORE 409044,6.701977813091088,58.0,4,3,0,6,9,4,3.0,1.0,1,1
MORO MANSIONS,1058888.0,1205.57,878.0,2020-12-01,112.0,9454.0,1.31528810526081,103.889430101654,3 LORONG 37 GEYLANG MORO MANSIONS SINGAPORE 387901,5.571248132610593,58.0,4,4,3,6,13,4,1.0,1.0,0,1
SINGA HILLS,900000.0,656.6,1371.0,2020-12-01,61.0,14754.0,1.33013262911561,103.908284993545,33 JALAN SINGA SINGA HILLS SINGAPORE 418109,8.234437338266625,58.0,1,1,0,2,5,13,1.0,1.0,0,2
SIMS URBAN OASIS,649000.0,409.03,1587.0,2020-12-01,38.0,17079.0,1.31926710475553,103.880615863782,6 SIMS DRIVE SIMS URBAN OASIS SINGAPORE 387388,5.190897370243519,58.0,3,4,0,8,9,1,2.0,1.0,1,1
EUHABITAT,1370000.0,1173.28,1168.0,2020-12-01,109.0,12569.0,1.32795415126263,103.9070014142,196 JALAN EUNOS EUHABITAT SINGAPORE 419542,7.971961203569236,58.0,2,2,0,2,6,15,1.0,1.0,1,2
SIMS URBAN OASIS,940000.0,624.31,1506.0,2020-12-01,58.0,16207.0,1.31926710475553,103.880615863782,6 SIMS DRIVE SIMS URBAN OASIS SINGAPORE 387388,5.190897370243519,58.0,3,4,0,8,9,1,1.0,1.0,1,1
REZI 26,585000.0,441.32,1326.0,2020-12-01,41.0,14268.0,1.31277485329606,103.885104634024,5 LORONG 26 GEYLANG REZI 26 SINGAPORE 398480,5.024511275001018,58.0,4,4,1,7,11,4,1.0,1.0,0,1
PENROSE,1320000.0,807.3,1635.0,2020-12-01,75.0,17600.0,1.31948983025856,103.879994891095,22 SIMS DRIVE PENROSE SINGAPORE 387396,5.166503889250989,58.0,3,4,0,8,9,1,1.0,0.0,0,1
ARENA RESIDENCES,1531612.0,807.3,1897.0,2020-12-01,75.0,20421.0,1.30967685823486,103.880642764235,20 GUILLEMARD CRESCENT ARENA RESIDENCES SINGAPORE 399915,4.425439723338632,58.0,4,4,1,9,9,1,2.0,0.0,0,1
REZI 24,990000.0,656.6,1508.0,2020-12-01,61.0,16230.0,1.31156422500946,103.883576001591,39 LORONG 24 GEYLANG REZI 24 SINGAPORE 398636,4.808294965951603,58.0,3,3,0,8,10,4,1.0,0.0,0,1
PARC ESTA,1338000.0,742.72,1801.0,2020-12-01,69.0,19391.0,1.31786521916555,103.903967184717,904 SIMS AVENUE PARC ESTA SINGAPORE 408968,7.043509290403673,58.0,1,4,0,1,13,16,3.0,0.0,0,1
THE ANTARES,1312020.0,731.95,1792.0,2020-12-01,68.0,19294.0,1.32541778538724,103.883403765337,23 MATTAR ROAD THE ANTARES SINGAPORE 387730,5.916441166611573,58.0,4,4,0,8,9,4,2.0,0.0,0,1
PARC ESTA,1672000.0,1022.58,1635.0,2020-12-01,95.0,17600.0,1.31786521916555,103.903967184717,904 SIMS AVENUE PARC ESTA SINGAPORE 408968,7.043509290403673,58.0,1,4,0,1,13,16,1.0,0.0,0,1
GROSVENOR VIEW,1370000.0,1313.21,1043.0,2020-12-01,122.0,11230.0,1.32768795196418,103.911844825065,3 LENGKONG EMPAT GROSVENOR VIEW SINGAPORE 417611,8.382712261708466,58.0,2,1,0,2,7,16,1.0,1.0,1,2
EUHABITAT,1230000.0,1259.39,977.0,2020-12-01,117.0,10513.0,1.32795415126263,103.9070014142,196 JALAN EUNOS EUHABITAT SINGAPORE 419542,7.971961203569236,58.0,2,2,0,2,6,15,1.0,1.0,1,2
URBAN TREASURES,1317000.0,699.66,1788.0,2020-12-01,65.0,19248.0,1.32936720206385,103.905791323853,205 JALAN EUNOS URBAN TREASURES SINGAPORE 419535,7.966767145631702,58.0,2,0,0,2,6,11,1.0,0.0,1,2
REZI 24,1596000.0,958.0,1666.0,2020-12-01,89.0,17933.0,1.31156422500946,103.883576001591,39 LORONG 24 GEYLANG REZI 24 SINGAPORE 398636,4.808294965951603,58.0,3,3,0,8,10,4,1.0,0.0,0,1
TREASURES@G6,582000.0,452.09,1287.0,2020-12-01,42.0,13857.0,1.31061812912929,103.876727965474,35 LORONG 6 GEYLANG TREASURES@G6 SINGAPORE 399187,4.186237477544645,58.0,4,3,2,10,8,2,2.0,1.0,0,1
URBAN TREASURES,1018000.0,516.67,1872.0,2020-12-01,48.0,20148.0,1.32936720206385,103.905791323853,205 JALAN EUNOS URBAN TREASURES SINGAPORE 419535,7.966767145631702,58.0,2,0,0,2,6,11,1.0,0.0,1,2
PENROSE,1603000.0,968.76,1655.0,2020-12-01,90.0,17811.0,1.31948983025856,103.879994891095,22 SIMS DRIVE PENROSE SINGAPORE 387396,5.166503889250989,58.0,3,4,0,8,9,1,2.0,0.0,0,1
ASTORIA PARK,1190000.0,1173.28,1014.0,2020-12-01,109.0,10917.0,1.32177770499303,103.91225216665,34 LORONG MYDIN ASTORIA PARK SINGAPORE 416827,8.053226885077692,58.0,1,1,0,2,12,17,1.0,1.0,1,2
KEMBANGAN SUITES,760000.0,495.14,1535.0,2020-12-01,46.0,16522.0,1.32015257058639,103.912727083961,16 JALAN MASJID KEMBANGAN SUITES SINGAPORE 418941,8.00431940901614,58.0,1,1,0,2,12,18,1.0,1.0,0,2
ARENA RESIDENCES,1639000.0,893.41,1835.0,2020-12-01,83.0,19747.0,1.30967685823486,103.880642764235,20 GUILLEMARD CRESCENT ARENA RESIDENCES SINGAPORE 399915,4.425439723338632,58.0,4,4,1,9,9,1,2.0,0.0,0,1
LE CRESCENDO,1070000.0,914.94,1169.0,2020-12-01,85.0,12588.0,1.33049714674003,103.888409268781,233 PAYA LEBAR ROAD LE CRESCENDO SINGAPORE 409044,6.701977813091088,58.0,4,3,0,6,9,4,1.0,1.0,1,1
EUHABITAT,670000.0,538.2,1245.0,2020-12-01,50.0,13400.0,1.32795415126263,103.9070014142,196 JALAN EUNOS EUHABITAT SINGAPORE 419542,7.971961203569236,58.0,2,2,0,2,6,15,1.0,1.0,1,2
PRIME RESIDENCE,670000.0,581.26,1153.0,2020-12-01,54.0,12407.0,1.31118981428433,103.882466535926,41 LORONG 22 GEYLANG PRIME RESIDENCE SINGAPORE 398697,4.688267126786674,58.0,3,4,0,8,9,2,1.0,1.0,0,1
# 1 LOFT,668000.0,592.02,1128.0,2020-12-01,55.0,12145.0,1.31276346405244,103.883518875617,1 LORONG 24 GEYLANG # 1 LOFT SINGAPORE 398614,4.891716160848941,58.0,3,4,0,8,9,2,1.0,1.0,0,1
URBAN TREASURES,1270000.0,656.6,1837.0,2020-12-01,61.0,19779.0,1.32936720206385,103.905791323853,205 JALAN EUNOS URBAN TREASURES SINGAPORE 419535,7.966767145631702,58.0,2,0,0,2,6,11,1.0,0.0,1,2
URBAN TREASURES,1013000.0,516.67,1863.0,2020-12-01,48.0,20049.0,1.32936720206385,103.905791323853,205 JALAN EUNOS URBAN TREASURES SINGAPORE 419535,7.966767145631702,58.0,2,0,0,2,6,11,1.0,0.0,1,2
THE ANTARES,2401980.0,1367.03,1757.0,2020-12-01,127.0,18913.0,1.32541778538724,103.883403765337,23 MATTAR ROAD THE ANTARES SINGAPORE 387730,5.916441166611573,58.0,4,4,0,8,9,4,4.0,0.0,0,1
NOMA,698400.0,387.5,1802.0,2020-12-01,36.0,19400.0,1.31161656190118,103.885373542152,333 GUILLEMARD ROAD NOMA SINGAPORE 399758,4.964558828553237,58.0,3,3,1,7,11,5,1.0,0.0,0,1
SIMS URBAN OASIS,986000.0,667.37,1477.0,2020-12-01,62.0,15903.0,1.31926710475553,103.880615863782,6 SIMS DRIVE SIMS URBAN OASIS SINGAPORE 387388,5.190897370243519,58.0,3,4,0,8,9,1,1.0,1.0,1,1
IDYLLIC SUITES,735000.0,570.49,1288.0,2020-12-01,53.0,13868.0,1.31285080910896,103.886497625764,21 LORONG 30 GEYLANG IDYLLIC SUITES SINGAPORE 398353,5.1480043421598065,58.0,5,4,2,7,11,5,1.0,1.0,0,1
THE MIDAS,1730000.0,2077.45,833.0,2020-12-01,193.0,8964.0,1.31287327322577,103.886114462631,26 LORONG 30 GEYLANG THE MIDAS SINGAPORE 398359,5.116956655400778,58.0,5,4,2,7,11,4,2.0,1.0,0,1
PENROSE,2225000.0,1399.32,1590.0,2020-12-01,130.0,17115.0,1.31948983025856,103.879994891095,22 SIMS DRIVE PENROSE SINGAPORE 387396,5.166503889250989,58.0,3,4,0,8,9,1,1.0,0.0,0,1
SUITES 28,820000.0,1054.87,777.0,2020-12-01,98.0,8367.0,1.31268459175571,103.885941111431,28 LORONG 30 GEYLANG SUITES 28 SINGAPORE 398361,5.088755596385559,58.0,5,4,1,7,11,4,2.0,1.0,0,1
DENG FU VILLE,1393000.0,1184.04,1176.0,2020-12-01,110.0,12664.0,1.31907103004917,103.906727650036,30 KAMPONG EUNOS DENG FU VILLE SINGAPORE 417777,7.373814325731649,58.0,2,2,0,1,13,14,1.0,1.0,0,2
PENROSE,1565000.0,979.52,1598.0,2020-12-01,91.0,17198.0,1.31948983025856,103.879994891095,22 SIMS DRIVE PENROSE SINGAPORE 387396,5.166503889250989,58.0,3,4,0,8,9,1,2.0,0.0,0,1
TEDGE,1617176.0,958.0,1688.0,2020-12-01,89.0,18171.0,1.3180672677589,103.908811491066,328 CHANGI ROAD TEDGE SINGAPORE 419803,7.512024356099393,58.0,2,1,0,1,14,15,1.0,0.0,0,2
SIMS GREEN,1075000.0,1248.62,861.0,2020-12-01,116.0,9267.0,1.31441038654771,103.884629689864,7 LORONG 27A GEYLANG SIMS GREEN SINGAPORE 388133,5.105957066325405,58.0,4,4,1,8,9,5,2.0,1.0,0,1
WATERBANK AT DAKOTA,813000.0,581.26,1399.0,2020-12-01,54.0,15056.0,1.30647833742136,103.888537197136,76 DAKOTA CRESCENT WATERBANK AT DAKOTA SINGAPORE 399944,4.918518965685704,58.0,3,3,0,5,10,6,1.0,1.0,1,1
CENTRA SUITES,620000.0,419.8,1477.0,2020-12-01,39.0,15897.0,1.31465166781856,103.883288149427,38 LORONG 25A GEYLANG CENTRA SUITES SINGAPORE 388242,5.016128952160774,58.0,3,4,0,8,9,3,1.0,1.0,0,1
THE TRUMPS,1600000.0,1356.26,1180.0,2020-12-01,126.0,12698.0,1.32002610262337,103.91348728953,1 JALAN KEMBANGAN THE TRUMPS SINGAPORE 419154,8.069943599460245,58.0,1,0,0,2,12,18,3.0,1.0,1,2
WINDY HEIGHTS,2480000.0,2475.72,1002.0,2020-12-01,230.0,10783.0,1.32664204297673,103.910617408664,84 JALAN DAUD WINDY HEIGHTS SINGAPORE 419593,8.204206295506795,58.0,2,2,0,2,7,16,2.0,1.0,1,2
WINDY HEIGHTS,2520000.0,2475.72,1018.0,2020-12-01,230.0,10957.0,1.32664204297673,103.910617408664,84 JALAN DAUD WINDY HEIGHTS SINGAPORE 419593,8.204206295506795,58.0,2,2,0,2,7,16,2.0,1.0,1,2
LE CRESCENDO,1125000.0,861.12,1306.0,2020-12-01,80.0,14063.0,1.33049714674003,103.888409268781,233 PAYA LEBAR ROAD LE CRESCENDO SINGAPORE 409044,6.701977813091088,58.0,4,3,0,6,9,4,4.0,1.0,1,1
PENROSE,1475000.0,1054.87,1398.0,2020-12-01,98.0,15051.0,1.31948983025856,103.879994891095,22 SIMS DRIVE PENROSE SINGAPORE 387396,5.166503889250989,58.0,3,4,0,8,9,1,1.0,0.0,0,1
THE SUNNY SPRING,1260000.0,1065.64,1182.0,2020-12-01,99.0,12727.0,1.31219203070087,103.889464697147,50 LORONG 40 GEYLANG THE SUNNY SPRING SINGAPORE 398074,5.3613842782215055,58.0,4,4,3,6,11,5,1.0,1.0,0,1
STARVILLE,1130000.0,1237.86,913.0,2020-12-01,115.0,9826.0,1.32826483616522,103.912067534158,66 LENGKONG TIGA STARVILLE SINGAPORE 417471,8.44041551036464,58.0,3,1,0,2,7,15,1.0,1.0,1,2
STARVILLE,1168000.0,1237.86,944.0,2020-12-01,115.0,10157.0,1.32826483616522,103.912067534158,66 LENGKONG TIGA STARVILLE SINGAPORE 417471,8.44041551036464,58.0,3,1,0,2,7,15,1.0,1.0,1,2
GUILLEMARD EDGE,1160000.0,1356.26,855.0,2020-12-01,126.0,9206.0,1.31200443744473,103.885949377155,38 LORONG 30 GEYLANG GUILLEMARD EDGE SINGAPORE 398371,5.041282413008211,58.0,4,4,1,7,11,5,2.0,1.0,0,1
PARK PLACE RESIDENCES AT PLQ,1350000.0,667.37,2023.0,2020-12-01,62.0,21774.0,1.31583675363618,103.892746648427,2 PAYA LEBAR ROAD PARK PLACE RESIDENCES AT PLQ SINGAPORE 409053,5.896537427358871,58.0,3,3,3,4,12,6,2.0,,0,1
THE ANTARES,1333540.0,731.95,1822.0,2020-12-01,68.0,19611.0,1.32541778538724,103.883403765337,23 MATTAR ROAD THE ANTARES SINGAPORE 387730,5.916441166611573,58.0,4,4,0,8,9,4,3.0,0.0,0,1
LE CRESCENDO,1530000.0,1173.28,1304.0,2020-12-01,109.0,14037.0,1.33049714674003,103.888409268781,233 PAYA LEBAR ROAD LE CRESCENDO SINGAPORE 409044,6.701977813091088,58.0,4,3,0,6,9,4,3.0,1.0,1,1
DAKOTA RESIDENCES,1830000.0,1313.21,1394.0,2020-12-01,122.0,15000.0,1.30637270876178,103.88708549006,34 DAKOTA CRESCENT DAKOTA RESIDENCES SINGAPORE 399936,4.7757251422267535,58.0,3,3,0,6,10,5,3.0,1.0,1,1
THE ANTARES,1204920.0,656.6,1835.0,2020-12-01,61.0,19753.0,1.32541778538724,103.883403765337,23 MATTAR ROAD THE ANTARES SINGAPORE 387730,5.916441166611573,58.0,4,4,0,8,9,4,2.0,0.0,0,1
ASTON MANSIONS,1060000.0,1227.1,864.0,2020-12-01,114.0,9298.0,1.31393251470132,103.890612644048,7 LORONG 42 GEYLANG ASTON MANSIONS SINGAPORE 398028,5.57978728565853,58.0,4,4,3,5,12,6,2.0,1.0,0,1
SIMSVILLE,1040000.0,979.52,1062.0,2020-12-01,91.0,11429.0,1.31703114737635,103.890499582849,2 GEYLANG EAST AVENUE 2 SIMSVILLE SINGAPORE 389754,5.786575389274496,58.0,4,4,3,6,12,4,2.0,1.0,1,1
LE CRESCENDO,1080000.0,861.12,1254.0,2020-12-01,80.0,13500.0,1.33049714674003,103.888409268781,233 PAYA LEBAR ROAD LE CRESCENDO SINGAPORE 409044,6.701977813091088,58.0,4,3,0,6,9,4,1.0,1.0,1,1
THE WATERINA,1790000.0,1345.5,1330.0,2020-12-01,125.0,14320.0,1.3132821071538,103.89085032363,59 LORONG 40 GEYLANG THE WATERINA SINGAPORE 398082,5.55708137380416,58.0,4,4,3,5,12,5,1.0,1.0,0,1
SIMS URBAN OASIS,730000.0,484.38,1507.0,2020-12-01,45.0,16222.0,1.31926710475553,103.880615863782,6 SIMS DRIVE SIMS URBAN OASIS SINGAPORE 387388,5.190897370243519,58.0,3,4,0,8,9,1,3.0,1.0,1,1
ARENA RESIDENCES,1639000.0,893.41,1835.0,2020-12-01,83.0,19747.0,1.30967685823486,103.880642764235,20 GUILLEMARD CRESCENT ARENA RESIDENCES SINGAPORE 399915,4.425439723338632,58.0,4,4,1,9,9,1,2.0,0.0,0,1
PENROSE,1358000.0,796.54,1705.0,2020-12-01,74.0,18351.0,1.31948983025856,103.879994891095,22 SIMS DRIVE PENROSE SINGAPORE 387396,5.166503889250989,58.0,3,4,0,8,9,1,1.0,0.0,0,1
PENROSE,1626000.0,1054.87,1541.0,2020-12-01,98.0,16592.0,1.31948983025856,103.879994891095,22 SIMS DRIVE PENROSE SINGAPORE 387396,5.166503889250989,58.0,3,4,0,8,9,1,3.0,0.0,0,1
PENROSE,1193000.0,710.42,1679.0,2020-12-01,66.0,18076.0,1.31948983025856,103.879994891095,22 SIMS DRIVE PENROSE SINGAPORE 387396,5.166503889250989,58.0,3,4,0,8,9,1,1.0,0.0,0,1
TEDGE,1415787.0,818.06,1731.0,2020-12-01,76.0,18629.0,1.3180672677589,103.908811491066,328 CHANGI ROAD TEDGE SINGAPORE 419803,7.512024356099393,58.0,2,1,0,1,14,15,1.0,0.0,0,2
NOMA,1020000.0,602.78,1692.0,2020-12-01,56.0,18214.0,1.31161656190118,103.885373542152,333 GUILLEMARD ROAD NOMA SINGAPORE 399758,4.964558828553237,58.0,3,3,1,7,11,5,1.0,0.0,0,1
ASTORIA PARK,900000.0,850.36,1058.0,2020-12-01,79.0,11392.0,1.32177770499303,103.91225216665,34 LORONG MYDIN ASTORIA PARK SINGAPORE 416827,8.053226885077692,58.0,1,1,0,2,12,17,2.0,1.0,1,2
SIMS URBAN OASIS,750000.0,441.32,1699.0,2020-12-01,41.0,18293.0,1.31926710475553,103.880615863782,6 SIMS DRIVE SIMS URBAN OASIS SINGAPORE 387388,5.190897370243519,58.0,3,4,0,8,9,1,3.0,1.0,1,1
THE WATERINA,1633000.0,1323.97,1233.0,2020-12-01,123.0,13276.0,1.3132821071538,103.89085032363,59 LORONG 40 GEYLANG THE WATERINA SINGAPORE 398082,5.55708137380416,58.0,4,4,3,5,12,5,1.0,1.0,0,1
REZI 26,582000.0,409.03,1423.0,2020-12-01,38.0,15316.0,1.31277485329606,103.885104634024,5 LORONG 26 GEYLANG REZI 26 SINGAPORE 398480,5.024511275001018,58.0,4,4,1,7,11,4,1.0,1.0,0,1
GUILLEMARD EDGE,743800.0,861.12,864.0,2020-12-01,80.0,9298.0,1.31200443744473,103.885949377155,38 LORONG 30 GEYLANG GUILLEMARD EDGE SINGAPORE 398371,5.041282413008211,58.0,4,4,1,7,11,5,2.0,1.0,0,1
CENTRA HEIGHTS,713000.0,462.85,1540.0,2020-12-01,43.0,16581.0,1.31629397762889,103.88657418395,455 SIMS AVENUE CENTRA HEIGHTS SINGAPORE 387607,5.406260020602187,58.0,4,4,3,7,11,4,3.0,1.0,0,1
SUNNY GROVE,1100000.0,1033.34,1065.0,2020-12-01,96.0,11458.0,1.31558261176887,103.889462040581,5A LORONG 37 GEYLANG SUNNY GROVE SINGAPORE 387914,5.594891617158932,58.0,4,5,3,6,13,4,2.0,1.0,0,1
CENTRAL GROVE,1160000.0,1216.33,954.0,2020-12-01,113.0,10265.0,1.31623494982413,103.884417981377,3 GEYLANG EAST AVENUE 1 CENTRAL GROVE SINGAPORE 389779,5.228491443172765,58.0,4,5,1,8,9,3,3.0,1.0,1,1
MERA EAST,1365000.0,1140.98,1196.0,2020-12-01,106.0,12877.0,1.31817526770849,103.909292082346,338 CHANGI ROAD MERA EAST SINGAPORE 419977,7.564017720548594,58.0,2,1,0,1,14,15,1.0,1.0,0,2
EUHABITAT,665000.0,548.96,1211.0,2020-12-01,51.0,13039.0,1.32795415126263,103.9070014142,196 JALAN EUNOS EUHABITAT SINGAPORE 419542,7.971961203569236,58.0,2,2,0,2,6,15,1.0,1.0,1,2
CENTRAL GROVE,1200000.0,1237.86,969.0,2020-12-01,115.0,10435.0,1.31623494982413,103.884417981377,3 GEYLANG EAST AVENUE 1 CENTRAL GROVE SINGAPORE 389779,5.228491443172765,58.0,4,5,1,8,9,3,3.0,1.0,1,1
ESTA RUBY,1550000.0,1130.22,1371.0,2020-11-01,105.0,14762.0,1.31390006507675,103.893617178884,500 GUILLEMARD ROAD ESTA RUBY SINGAPORE 399839,5.845471443212252,59.0,3,2,3,3,13,8,2.0,1.0,0,1
CENTRA LOFT,612888.0,462.85,1324.0,2020-11-01,43.0,14253.0,1.31481743950624,103.888376977987,3 LORONG 35 GEYLANG CENTRA LOFT SINGAPORE 387935,5.44803594028427,59.0,4,4,3,7,11,4,2.0,1.0,0,1
DAKOTA RESIDENCES,2030000.0,1313.21,1546.0,2020-11-01,122.0,16639.0,1.30637270876178,103.88708549006,34 DAKOTA CRESCENT DAKOTA RESIDENCES SINGAPORE 399936,4.7757251422267535,59.0,3,3,0,6,10,5,3.0,1.0,1,1
URBAN TREASURES,1007000.0,516.67,1852.0,2020-11-01,48.0,19930.0,1.32936720206385,103.905791323853,205 JALAN EUNOS URBAN TREASURES SINGAPORE 419535,7.966767145631702,59.0,2,0,0,2,6,11,2.0,0.0,1,2
TEDGE,1723910.0,1065.64,1618.0,2020-11-01,99.0,17413.0,1.3180672677589,103.908811491066,328 CHANGI ROAD TEDGE SINGAPORE 419803,7.512024356099393,59.0,2,1,0,1,14,15,1.0,0.0,0,2
DAKOTA RESIDENCES,1400000.0,1022.58,1369.0,2020-11-01,95.0,14737.0,1.30637270876178,103.88708549006,34 DAKOTA CRESCENT DAKOTA RESIDENCES SINGAPORE 399936,4.7757251422267535,59.0,3,3,0,6,10,5,1.0,1.0,1,1
WINDY HEIGHTS,2500000.0,2475.72,1010.0,2020-11-01,230.0,10870.0,1.32664204297673,103.910617408664,84 JALAN DAUD WINDY HEIGHTS SINGAPORE 419593,8.204206295506795,59.0,2,2,0,2,7,16,2.0,1.0,1,2
SIMS URBAN OASIS,715000.0,462.85,1545.0,2020-11-01,43.0,16628.0,1.31926710475553,103.880615863782,6 SIMS DRIVE SIMS URBAN OASIS SINGAPORE 387388,5.190897370243519,59.0,3,4,0,8,9,1,1.0,1.0,1,1
# 1 LOFT,610000.0,581.26,1049.0,2020-11-01,54.0,11296.0,1.31276346405244,103.883518875617,1 LORONG 24 GEYLANG # 1 LOFT SINGAPORE 398614,4.891716160848941,59.0,3,4,0,8,9,2,2.0,1.0,0,1
EUHABITAT,768888.0,635.08,1211.0,2020-11-01,59.0,13032.0,1.32795415126263,103.9070014142,196 JALAN EUNOS EUHABITAT SINGAPORE 419542,7.971961203569236,59.0,2,2,0,2,6,15,1.0,1.0,1,2
MELOSA,568000.0,430.56,1319.0,2020-11-01,40.0,14200.0,1.31253733235708,103.885402784916,28 LORONG 28 GEYLANG MELOSA SINGAPORE 398432,5.032539138387234,59.0,4,4,1,7,11,4,2.0,1.0,0,1
GRANDVIEW SUITES,465000.0,376.74,1234.0,2020-11-01,35.0,13286.0,1.31277604580511,103.882455638462,1 LORONG 22 GEYLANG GRANDVIEW SUITES SINGAPORE 398664,4.805784944271149,59.0,3,3,0,8,9,2,1.0,1.0,0,1
GUILLEMARD EDGE,611000.0,409.03,1494.0,2020-11-01,38.0,16079.0,1.31200443744473,103.885949377155,38 LORONG 30 GEYLANG GUILLEMARD EDGE SINGAPORE 398371,5.041282413008211,59.0,4,4,1,7,11,5,1.0,1.0,0,1
THE LENOX,580000.0,430.56,1347.0,2020-11-01,40.0,14500.0,1.31824376273926,103.911351165333,396 CHANGI ROAD THE LENOX SINGAPORE 415899,7.765250446888848,59.0,2,1,0,2,13,15,1.0,1.0,0,2
PENROSE,1389000.0,796.54,1744.0,2020-11-01,74.0,18770.0,1.31948983025856,103.879994891095,22 SIMS DRIVE PENROSE SINGAPORE 387396,5.166503889250989,59.0,3,4,0,8,9,1,2.0,0.0,0,1
THE ANTARES,1172530.0,656.6,1786.0,2020-11-01,61.0,19222.0,1.32541778538724,103.883403765337,23 MATTAR ROAD THE ANTARES SINGAPORE 387730,5.916441166611573,59.0,4,4,0,8,9,4,1.0,0.0,0,1
THE ANTARES,1183527.0,667.37,1773.0,2020-11-01,62.0,19089.0,1.32541778538724,103.883403765337,23 MATTAR ROAD THE ANTARES SINGAPORE 387730,5.916441166611573,59.0,4,4,0,8,9,4,1.0,0.0,0,1
THE ANTARES,1195521.0,656.6,1821.0,2020-11-01,61.0,19599.0,1.32541778538724,103.883403765337,23 MATTAR ROAD THE ANTARES SINGAPORE 387730,5.916441166611573,59.0,4,4,0,8,9,4,2.0,0.0,0,1
THE ANTARES,1211515.0,656.6,1845.0,2020-11-01,61.0,19861.0,1.32541778538724,103.883403765337,23 MATTAR ROAD THE ANTARES SINGAPORE 387730,5.916441166611573,59.0,4,4,0,8,9,4,2.0,0.0,0,1
TREASURES @ G20,460000.0,419.8,1096.0,2020-11-01,39.0,11795.0,1.31144699404485,103.881539708397,35 LORONG 20 GEYLANG TREASURES@G20 SINGAPORE 398751,4.6309982597520785,59.0,3,3,0,8,9,2,2.0,1.0,0,1
GUILLEMARD EDGE,768000.0,538.2,1427.0,2020-11-01,50.0,15360.0,1.31200443744473,103.885949377155,38 LORONG 30 GEYLANG GUILLEMARD EDGE SINGAPORE 398371,5.041282413008211,59.0,4,4,1,7,11,5,2.0,1.0,0,1
ATRIUM RESIDENCES,1165000.0,1022.58,1139.0,2020-11-01,95.0,12263.0,1.31372274938589,103.886156549479,532 GEYLANG ROAD ATRIUM RESIDENCES SINGAPORE 389488,5.181625591258403,59.0,5,4,2,7,11,5,2.0,1.0,0,1
CENTRAL MEADOWS,945000.0,968.76,975.0,2020-11-01,90.0,10500.0,1.31225825932858,103.888161790535,51 LORONG 34 GEYLANG CENTRAL MEADOWS SINGAPORE 398240,5.250843225664112,59.0,5,4,2,6,11,5,1.0,1.0,0,1
ROYCE RESIDENCES,500000.0,398.27,1255.0,2020-11-01,37.0,13514.0,1.31128760423171,103.876285896427,8 LORONG 6 GEYLANG ROYCE RESIDENCES SINGAPORE 399242,4.207479298686135,59.0,4,3,1,10,8,2,2.0,1.0,0,1
URBAN TREASURES,2404000.0,1270.15,1780.0,2020-11-01,118.0,19161.0,1.32936720206385,103.905791323853,205 JALAN EUNOS URBAN TREASURES SINGAPORE 419535,7.966767145631702,59.0,2,0,0,2,6,11,2.0,0.0,1,2
CANBERLIN APARTMENTS,850000.0,1248.62,681.0,2020-11-01,116.0,7328.0,1.31068444913989,103.879834705472,60 LORONG 16 GEYLANG CANBERLIN APARTMENTS SINGAPORE 398887,4.434969791568791,59.0,4,3,0,10,9,1,1.0,1.0,0,1
MERA EAST,1500000.0,1280.92,1171.0,2020-11-01,119.0,12605.0,1.31817526770849,103.909292082346,338 CHANGI ROAD MERA EAST SINGAPORE 419977,7.564017720548594,59.0,2,1,0,1,14,15,1.0,1.0,0,2
KEMBANGAN SUITES,1020000.0,828.83,1231.0,2020-11-01,77.0,13247.0,1.32015257058639,103.912727083961,16 JALAN MASJID KEMBANGAN SUITES SINGAPORE 418941,8.00431940901614,59.0,1,1,0,2,12,18,1.0,1.0,0,2
PENROSE,1475000.0,1054.87,1398.0,2020-11-01,98.0,15051.0,1.31948983025856,103.879994891095,22 SIMS DRIVE PENROSE SINGAPORE 387396,5.166503889250989,59.0,3,4,0,8,9,1,1.0,0.0,0,1
CENTRAL GROVE,1250000.0,1259.39,993.0,2020-11-01,117.0,10684.0,1.31623494982413,103.884417981377,3 GEYLANG EAST AVENUE 1 CENTRAL GROVE SINGAPORE 389779,5.228491443172765,59.0,4,5,1,8,9,3,2.0,1.0,1,1
SIMS URBAN OASIS,655000.0,409.03,1601.0,2020-11-01,38.0,17237.0,1.31926710475553,103.880615863782,6 SIMS DRIVE SIMS URBAN OASIS SINGAPORE 387388,5.190897370243519,59.0,3,4,0,8,9,1,3.0,1.0,1,1
# 1 LOFT,680000.0,581.26,1170.0,2020-11-01,54.0,12593.0,1.31276346405244,103.883518875617,1 LORONG 24 GEYLANG # 1 LOFT SINGAPORE 398614,4.891716160848941,59.0,3,4,0,8,9,2,2.0,1.0,0,1
SIMS URBAN OASIS,672000.0,462.85,1452.0,2020-11-01,43.0,15628.0,1.31926710475553,103.880615863782,6 SIMS DRIVE SIMS URBAN OASIS SINGAPORE 387388,5.190897370243519,59.0,3,4,0,8,9,1,1.0,1.0,1,1
PARC ESTA,2121000.0,1227.1,1728.0,2020-11-01,114.0,18605.0,1.31786521916555,103.903967184717,904 SIMS AVENUE PARC ESTA SINGAPORE 408968,7.043509290403673,59.0,1,4,0,1,13,16,1.0,0.0,0,1
THE OCTET,530000.0,419.8,1263.0,2020-11-01,39.0,13590.0,1.31206999136037,103.883562422294,23 LORONG 24 GEYLANG THE OCTET SINGAPORE 398628,4.844083676929457,59.0,3,3,0,8,10,2,2.0,1.0,0,1
SIMS URBAN OASIS,1620000.0,1033.34,1568.0,2020-11-01,96.0,16875.0,1.31926710475553,103.880615863782,6 SIMS DRIVE SIMS URBAN OASIS SINGAPORE 387388,5.190897370243519,59.0,3,4,0,8,9,1,3.0,1.0,1,1
ARENA RESIDENCES,1631000.0,893.41,1826.0,2020-11-01,83.0,19651.0,1.30967685823486,103.880642764235,20 GUILLEMARD CRESCENT ARENA RESIDENCES SINGAPORE 399915,4.425439723338632,59.0,4,4,1,9,9,1,1.0,0.0,0,1
URBAN TREASURES,977000.0,516.67,1721.0,2020-11-01,48.0,18522.0,1.32936720206385,103.905791323853,205 JALAN EUNOS URBAN TREASURES SINGAPORE 419535,7.966767145631702,59.0,2,0,0,2,6,11,1.0,0.0,1,2
URBAN TREASURES,882653.0,452.09,1777.0,2020-11-01,42.0,19124.0,1.32936720206385,103.905791323853,205 JALAN EUNOS URBAN TREASURES SINGAPORE 419535,7.966767145631702,59.0,2,0,0,2,6,11,1.0,0.0,1,2
URBAN TREASURES,887755.0,452.09,1787.0,2020-11-01,42.0,19235.0,1.32936720206385,103.905791323853,205 JALAN EUNOS URBAN TREASURES SINGAPORE 419535,7.966767145631702,59.0,2,0,0,2,6,11,2.0,0.0,1,2
URBAN TREASURES,1358000.0,699.66,1844.0,2020-11-01,65.0,19848.0,1.32936720206385,103.905791323853,205 JALAN EUNOS URBAN TREASURES SINGAPORE 419535,7.966767145631702,59.0,2,0,0,2,6,11,2.0,0.0,1,2
URBAN TREASURES,892857.0,452.09,1797.0,2020-11-01,42.0,19345.0,1.32936720206385,103.905791323853,205 JALAN EUNOS URBAN TREASURES SINGAPORE 419535,7.966767145631702,59.0,2,0,0,2,6,11,2.0,0.0,1,2
URBAN TREASURES,903061.0,452.09,1818.0,2020-11-01,42.0,19566.0,1.32936720206385,103.905791323853,205 JALAN EUNOS URBAN TREASURES SINGAPORE 419535,7.966767145631702,59.0,2,0,0,2,6,11,2.0,0.0,1,2
URBAN TREASURES,908163.0,452.09,1828.0,2020-11-01,42.0,19677.0,1.32936720206385,103.905791323853,205 JALAN EUNOS URBAN TREASURES SINGAPORE 419535,7.966767145631702,59.0,2,0,0,2,6,11,2.0,0.0,1,2
URBAN TREASURES,913265.0,452.09,1838.0,2020-11-01,42.0,19787.0,1.32936720206385,103.905791323853,205 JALAN EUNOS URBAN TREASURES SINGAPORE 419535,7.966767145631702,59.0,2,0,0,2,6,11,3.0,0.0,1,2
URBAN TREASURES,918367.0,452.09,1849.0,2020-11-01,42.0,19898.0,1.32936720206385,103.905791323853,205 JALAN EUNOS URBAN TREASURES SINGAPORE 419535,7.966767145631702,59.0,2,0,0,2,6,11,3.0,0.0,1,2
URBAN TREASURES,881633.0,452.09,1775.0,2020-11-01,42.0,19102.0,1.32936720206385,103.905791323853,205 JALAN EUNOS URBAN TREASURES SINGAPORE 419535,7.966767145631702,59.0,2,0,0,2,6,11,1.0,0.0,1,2
URBAN TREASURES,912245.0,452.09,1836.0,2020-11-01,42.0,19765.0,1.32936720206385,103.905791323853,205 JALAN EUNOS URBAN TREASURES SINGAPORE 419535,7.966767145631702,59.0,2,0,0,2,6,11,2.0,0.0,1,2
URBAN TREASURES,917347.0,452.09,1847.0,2020-11-01,42.0,19876.0,1.32936720206385,103.905791323853,205 JALAN EUNOS URBAN TREASURES SINGAPORE 419535,7.966767145631702,59.0,2,0,0,2,6,11,2.0,0.0,1,2
URBAN TREASURES,922449.0,452.09,1857.0,2020-11-01,42.0,19986.0,1.32936720206385,103.905791323853,205 JALAN EUNOS URBAN TREASURES SINGAPORE 419535,7.966767145631702,59.0,2,0,0,2,6,11,2.0,0.0,1,2
URBAN TREASURES,927551.0,452.09,1867.0,2020-11-01,42.0,20097.0,1.32936720206385,103.905791323853,205 JALAN EUNOS URBAN TREASURES SINGAPORE 419535,7.966767145631702,59.0,2,0,0,2,6,11,2.0,0.0,1,2
URBAN TREASURES,932653.0,452.09,1877.0,2020-11-01,42.0,20207.0,1.32936720206385,103.905791323853,205 JALAN EUNOS URBAN TREASURES SINGAPORE 419535,7.966767145631702,59.0,2,0,0,2,6,11,3.0,0.0,1,2
URBAN TREASURES,937755.0,452.09,1888.0,2020-11-01,42.0,20318.0,1.32936720206385,103.905791323853,205 JALAN EUNOS URBAN TREASURES SINGAPORE 419535,7.966767145631702,59.0,2,0,0,2,6,11,3.0,0.0,1,2
URBAN TREASURES,896000.0,473.62,1797.0,2020-11-01,44.0,19345.0,1.32936720206385,103.905791323853,205 JALAN EUNOS URBAN TREASURES SINGAPORE 419535,7.966767145631702,59.0,2,0,0,2,6,11,1.0,0.0,1,2
REZI 24,780000.0,495.14,1575.0,2020-11-01,46.0,16957.0,1.31156422500946,103.883576001591,39 LORONG 24 GEYLANG REZI 24 SINGAPORE 398636,4.808294965951603,59.0,3,3,0,8,10,4,1.0,0.0,0,1
EUHABITAT,680000.0,538.2,1263.0,2020-11-01,50.0,13600.0,1.32795415126263,103.9070014142,196 JALAN EUNOS EUHABITAT SINGAPORE 419542,7.971961203569236,59.0,2,2,0,2,6,15,1.0,1.0,1,2
EDENZ SUITES,590000.0,473.62,1246.0,2020-11-01,44.0,13409.0,1.31286931612854,103.885753141885,21 LORONG 28 GEYLANG EDENZ SUITES SINGAPORE 398425,5.086028153004915,59.0,5,4,1,7,11,4,1.0,1.0,0,1
STARVILLE,1330000.0,1237.86,1074.0,2020-11-01,115.0,11565.0,1.32826483616522,103.912067534158,66 LENGKONG TIGA STARVILLE SINGAPORE 417471,8.44041551036464,59.0,3,1,0,2,7,15,2.0,1.0,1,2
NESS,570000.0,462.85,1231.0,2020-11-01,43.0,13256.0,1.31269794714045,103.886776844129,38 LORONG 32 GEYLANG NESS SINGAPORE 398298,5.1611183017097115,59.0,5,4,2,7,11,5,1.0,1.0,0,1
SIMSVILLE,1500000.0,1528.49,981.0,2020-11-01,142.0,10563.0,1.31703114737635,103.890499582849,2 GEYLANG EAST AVENUE 2 SIMSVILLE SINGAPORE 389754,5.786575389274496,59.0,4,4,3,6,12,4,4.0,1.0,1,1
SIMSVILLE,1330000.0,1237.86,1074.0,2020-11-01,115.0,11565.0,1.31703114737635,103.890499582849,2 GEYLANG EAST AVENUE 2 SIMSVILLE SINGAPORE 389754,5.786575389274496,59.0,4,4,3,6,12,4,4.0,1.0,1,1
ASTOR,768000.0,861.12,892.0,2020-11-01,80.0,9600.0,1.32879593267373,103.912963648128,51C LENGKONG EMPAT ASTOR SINGAPORE 417660,8.55554984945014,59.0,3,1,0,2,7,14,2.0,1.0,0,2
SIMS DORADO,1150000.0,1054.87,1090.0,2020-11-01,98.0,11735.0,1.31578022165817,103.890338973057,11 LORONG 39 GEYLANG SIMS DORADO SINGAPORE 387869,5.68381613917474,59.0,4,4,3,6,13,4,1.0,1.0,0,1
PARC ESTA,1054000.0,635.08,1660.0,2020-11-01,59.0,17864.0,1.31786521916555,103.903967184717,904 SIMS AVENUE PARC ESTA SINGAPORE 408968,7.043509290403673,59.0,1,4,0,1,13,16,1.0,0.0,0,1
GUILLEMARD EDGE,770000.0,559.73,1376.0,2020-11-01,52.0,14808.0,1.31200443744473,103.885949377155,38 LORONG 30 GEYLANG GUILLEMARD EDGE SINGAPORE 398371,5.041282413008211,59.0,4,4,1,7,11,5,2.0,1.0,0,1
GUILLEMARD SUITES,819000.0,635.08,1290.0,2020-11-01,59.0,13881.0,1.31094521852726,103.882721097721,213 GUILLEMARD ROAD GUILLEMARD SUITES SINGAPORE 399733,4.691609257032653,59.0,3,4,0,8,9,3,1.0,1.0,0,1
SIMS URBAN OASIS,1635000.0,1033.34,1582.0,2020-11-01,96.0,17031.0,1.31926710475553,103.880615863782,6 SIMS DRIVE SIMS URBAN OASIS SINGAPORE 387388,5.190897370243519,59.0,3,4,0,8,9,1,3.0,1.0,1,1
THE TRUMPS,1300000.0,1291.68,1006.0,2020-11-01,120.0,10833.0,1.32002610262337,103.91348728953,1 JALAN KEMBANGAN THE TRUMPS SINGAPORE 419154,8.069943599460245,59.0,1,0,0,2,12,18,2.0,1.0,1,2
EUHABITAT,660000.0,538.2,1226.0,2020-11-01,50.0,13200.0,1.32795415126263,103.9070014142,196 JALAN EUNOS EUHABITAT SINGAPORE 419542,7.971961203569236,59.0,2,2,0,2,6,15,1.0,1.0,1,2
THE ANTARES,943860.0,602.78,1566.0,2020-11-01,56.0,16855.0,1.32541778538724,103.883403765337,23 MATTAR ROAD THE ANTARES SINGAPORE 387730,5.916441166611573,59.0,4,4,0,8,9,4,1.0,0.0,0,1
PENROSE,1591000.0,968.76,1642.0,2020-11-01,90.0,17678.0,1.31948983025856,103.879994891095,22 SIMS DRIVE PENROSE SINGAPORE 387396,5.166503889250989,59.0,3,4,0,8,9,1,2.0,0.0,0,1
PARC ESTA,1792000.0,1108.69,1616.0,2020-11-01,103.0,17398.0,1.31786521916555,103.903967184717,904 SIMS AVENUE PARC ESTA SINGAPORE 408968,7.043509290403673,59.0,1,4,0,1,13,16,4.0,0.0,0,1
SIMS EDGE,739999.0,473.62,1562.0,2020-11-01,44.0,16818.0,1.31640485669867,103.887906763671,1 GEYLANG EAST AVENUE 2 SIMS EDGE SINGAPORE 389760,5.523980705206435,59.0,4,5,3,7,12,4,2.0,1.0,0,1
THE ANTARES,834000.0,452.09,1845.0,2020-11-01,42.0,19857.0,1.32541778538724,103.883403765337,23 MATTAR ROAD THE ANTARES SINGAPORE 387730,5.916441166611573,59.0,4,4,0,8,9,4,1.0,0.0,0,1
THE WATER EDGE,654000.0,430.56,1519.0,2020-11-01,40.0,16350.0,1.31372105189031,103.888759579471,8 LORONG 38 GEYLANG THE WATER EDGE SINGAPORE 398106,5.4035924754809175,59.0,4,4,3,6,11,4,2.0,1.0,0,1
CENTRA HEIGHTS,500000.0,409.03,1222.0,2020-11-01,38.0,13158.0,1.31629397762889,103.88657418395,455 SIMS AVENUE CENTRA HEIGHTS SINGAPORE 387607,5.406260020602187,59.0,4,4,3,7,11,4,1.0,1.0,0,1
SUITES@CHANGI,525000.0,409.03,1284.0,2020-11-01,38.0,13816.0,1.317041377544,103.904748281539,226 CHANGI ROAD SUITES@CHANGI SINGAPORE 419740,7.06748560964527,59.0,1,3,0,1,14,16,1.0,1.0,0,1
PENROSE,2025000.0,1184.04,1710.0,2020-11-01,110.0,18409.0,1.31948983025856,103.879994891095,22 SIMS DRIVE PENROSE SINGAPORE 387396,5.166503889250989,59.0,3,4,0,8,9,1,4.0,0.0,0,1
SIMS URBAN OASIS,645000.0,409.03,1577.0,2020-11-01,38.0,16974.0,1.31926710475553,103.880615863782,6 SIMS DRIVE SIMS URBAN OASIS SINGAPORE 387388,5.190897370243519,59.0,3,4,0,8,9,1,2.0,1.0,1,1
SIMS URBAN OASIS,700000.0,462.85,1512.0,2020-11-01,43.0,16279.0,1.31926710475553,103.880615863782,6 SIMS DRIVE SIMS URBAN OASIS SINGAPORE 387388,5.190897370243519,59.0,3,4,0,8,9,1,1.0,1.0,1,1
SIMS URBAN OASIS,690000.0,484.38,1425.0,2020-11-01,45.0,15333.0,1.31926710475553,103.880615863782,6 SIMS DRIVE SIMS URBAN OASIS SINGAPORE 387388,5.190897370243519,59.0,3,4,0,8,9,1,2.0,1.0,1,1
CASA EMERALD,970000.0,1054.87,920.0,2020-11-01,98.0,9898.0,1.31212684791503,103.887220221118,51 LORONG 32 GEYLANG CASA EMERALD SINGAPORE 398311,5.159628263948754,59.0,5,4,2,7,11,5,2.0,1.0,0,1
BLOSSOM VIEW,930000.0,1011.82,919.0,2020-11-01,94.0,9894.0,1.31164773484524,103.885059930105,31 LORONG 26 GEYLANG BLOSSOM VIEW SINGAPORE 398498,4.939924425348268,59.0,3,3,1,7,11,5,1.0,1.0,0,1
ESCADA VIEW,850000.0,968.76,877.0,2020-11-01,90.0,9444.0,1.32899344664489,103.91347731741,53 LENGKONG EMPAT ESCADA VIEW SINGAPORE 417657,8.614569394694955,59.0,3,1,0,2,7,13,1.0,1.0,1,2
REZI 24,855500.0,516.67,1656.0,2020-11-01,48.0,17823.0,1.31156422500946,103.883576001591,39 LORONG 24 GEYLANG REZI 24 SINGAPORE 398636,4.808294965951603,59.0,3,3,0,8,10,4,2.0,0.0,0,1
URBAN TREASURES,1336000.0,656.6,2035.0,2020-11-01,61.0,21902.0,1.32936720206385,103.905791323853,205 JALAN EUNOS URBAN TREASURES SINGAPORE 419535,7.966767145631702,59.0,2,0,0,2,6,11,3.0,0.0,1,2
PENROSE,1377000.0,796.54,1729.0,2020-11-01,74.0,18608.0,1.31948983025856,103.879994891095,22 SIMS DRIVE PENROSE SINGAPORE 387396,5.166503889250989,59.0,3,4,0,8,9,1,2.0,0.0,0,1
SUITES 28,488000.0,430.56,1133.0,2020-11-01,40.0,12200.0,1.31268459175571,103.885941111431,28 LORONG 30 GEYLANG SUITES 28 SINGAPORE 398361,5.088755596385559,59.0,5,4,1,7,11,4,2.0,1.0,0,1
TEDGE,1300000.0,775.01,1677.0,2020-11-01,72.0,18056.0,1.3180672677589,103.908811491066,328 CHANGI ROAD TEDGE SINGAPORE 419803,7.512024356099393,59.0,2,1,0,1,14,15,1.0,0.0,0,2
THE SUNNY SPRING,1200000.0,1097.93,1093.0,2020-11-01,102.0,11765.0,1.31219203070087,103.889464697147,50 LORONG 40 GEYLANG THE SUNNY SPRING SINGAPORE 398074,5.3613842782215055,59.0,4,4,3,6,11,5,1.0,1.0,0,1
ARENA RESIDENCES,1482000.0,807.3,1836.0,2020-11-01,75.0,19760.0,1.30967685823486,103.880642764235,20 GUILLEMARD CRESCENT ARENA RESIDENCES SINGAPORE 399915,4.425439723338632,59.0,4,4,1,9,9,1,1.0,0.0,0,1
ARENA RESIDENCES,1482000.0,807.3,1836.0,2020-11-01,75.0,19760.0,1.30967685823486,103.880642764235,20 GUILLEMARD CRESCENT ARENA RESIDENCES SINGAPORE 399915,4.425439723338632,59.0,4,4,1,9,9,1,3.0,0.0,0,1
PENROSE,1769000.0,1097.93,1611.0,2020-10-01,102.0,17343.0,1.31948983025856,103.879994891095,22 SIMS DRIVE PENROSE SINGAPORE 387396,5.166503889250989,60.0,3,4,0,8,9,1,1.0,0.0,0,1
PENROSE,1355000.0,936.47,1447.0,2020-10-01,87.0,15575.0,1.31948983025856,103.879994891095,22 SIMS DRIVE PENROSE SINGAPORE 387396,5.166503889250989,60.0,3,4,0,8,9,1,2.0,0.0,0,1
PENROSE,1793000.0,1097.93,1633.0,2020-10-01,102.0,17578.0,1.31948983025856,103.879994891095,22 SIMS DRIVE PENROSE SINGAPORE 387396,5.166503889250989,60.0,3,4,0,8,9,1,2.0,0.0,0,1
GUILLEMARD EDGE,620000.0,430.56,1440.0,2020-10-01,40.0,15500.0,1.31200443744473,103.885949377155,38 LORONG 30 GEYLANG GUILLEMARD EDGE SINGAPORE 398371,5.041282413008211,60.0,4,4,1,7,11,5,1.0,1.0,0,1
THE ALCOVE,1125000.0,1356.26,829.0,2020-10-01,126.0,8929.0,1.31400655260741,103.884015328938,10 LORONG 27 GEYLANG THE ALCOVE SINGAPORE 388199,5.025483913717779,60.0,4,4,0,8,9,4,1.0,1.0,0,1
PENROSE,1385000.0,796.54,1739.0,2020-10-01,74.0,18716.0,1.31948983025856,103.879994891095,22 SIMS DRIVE PENROSE SINGAPORE 387396,5.166503889250989,60.0,3,4,0,8,9,1,2.0,0.0,0,1
PARK PLACE RESIDENCES AT PLQ,950000.0,484.38,1961.0,2020-10-01,45.0,21111.0,1.31583675363618,103.892746648427,2 PAYA LEBAR ROAD PARK PLACE RESIDENCES AT PLQ SINGAPORE 409053,5.896537427358871,60.0,3,3,3,4,12,6,2.0,,0,1
URBAN TREASURES,813200.0,452.09,1799.0,2020-10-01,42.0,19362.0,1.32936720206385,103.905791323853,205 JALAN EUNOS URBAN TREASURES SINGAPORE 419535,7.966767145631702,60.0,2,0,0,2,6,11,1.0,0.0,1,2
PAVILION SQUARE,542000.0,398.27,1361.0,2020-10-01,37.0,14649.0,1.31297800060859,103.879770800217,345 GEYLANG ROAD PAVILION SQUARE SINGAPORE 389366,4.608727400946871,60.0,3,4,0,10,10,1,2.0,1.0,0,1
REZI 24,1182700.0,753.48,1570.0,2020-10-01,70.0,16896.0,1.31156422500946,103.883576001591,39 LORONG 24 GEYLANG REZI 24 SINGAPORE 398636,4.808294965951603,60.0,3,3,0,8,10,4,1.0,0.0,0,1
REZI 24,729000.0,452.09,1613.0,2020-10-01,42.0,17357.0,1.31156422500946,103.883576001591,39 LORONG 24 GEYLANG REZI 24 SINGAPORE 398636,4.808294965951603,60.0,3,3,0,8,10,4,1.0,0.0,0,1
SUITES 28,968000.0,861.12,1124.0,2020-10-01,80.0,12100.0,1.31268459175571,103.885941111431,28 LORONG 30 GEYLANG SUITES 28 SINGAPORE 398361,5.088755596385559,60.0,5,4,1,7,11,4,1.0,1.0,0,1
TRE RESIDENCES,1300000.0,850.36,1529.0,2020-10-01,79.0,16456.0,1.3172278261209,103.885015905304,9 GEYLANG EAST AVENUE 1 TRE RESIDENCES SINGAPORE 389783,5.353082321074245,60.0,3,3,2,8,9,3,2.0,1.0,1,1
CENTRA SUITES,633000.0,452.09,1400.0,2020-10-01,42.0,15071.0,1.31465166781856,103.883288149427,38 LORONG 25A GEYLANG CENTRA SUITES SINGAPORE 388242,5.016128952160774,60.0,3,4,0,8,9,3,1.0,1.0,0,1
D' CASITA,1140000.0,936.47,1217.0,2020-10-01,87.0,13103.0,1.32189602855264,103.909352749897,38 LORONG MARZUKI D' CASITA SINGAPORE 417104,7.789202468309825,60.0,2,1,0,2,10,15,1.0,1.0,0,2
EUHABITAT,650000.0,538.2,1208.0,2020-10-01,50.0,13000.0,1.32795415126263,103.9070014142,196 JALAN EUNOS EUHABITAT SINGAPORE 419542,7.971961203569236,60.0,2,2,0,2,6,15,1.0,1.0,1,2
CAMELLIA LODGE,1000500.0,1184.04,845.0,2020-10-01,110.0,9095.0,1.31535537044873,103.886535887931,31 LORONG 31 GEYLANG CAMELLIA LODGE SINGAPORE 388030,5.332965554393036,60.0,4,5,2,7,11,4,1.0,1.0,0,1
STARVILLE,1950000.0,2271.2,859.0,2020-10-01,211.0,9242.0,1.32826483616522,103.912067534158,66 LENGKONG TIGA STARVILLE SINGAPORE 417471,8.44041551036464,60.0,3,1,0,2,7,15,3.0,1.0,1,2
WATERBANK AT DAKOTA,1900000.0,1140.98,1665.0,2020-10-01,106.0,17925.0,1.30647833742136,103.888537197136,76 DAKOTA CRESCENT WATERBANK AT DAKOTA SINGAPORE 399944,4.918518965685704,60.0,3,3,0,5,10,6,4.0,1.0,1,1
REZI 24,1585400.0,958.0,1655.0,2020-10-01,89.0,17813.0,1.31156422500946,103.883576001591,39 LORONG 24 GEYLANG REZI 24 SINGAPORE 398636,4.808294965951603,60.0,3,3,0,8,10,4,1.0,0.0,0,1
PENROSE,1381000.0,796.54,1734.0,2020-10-01,74.0,18662.0,1.31948983025856,103.879994891095,22 SIMS DRIVE PENROSE SINGAPORE 387396,5.166503889250989,60.0,3,4,0,8,9,1,2.0,0.0,0,1
THE ANTARES,1195840.0,667.37,1792.0,2020-10-01,62.0,19288.0,1.32541778538724,103.883403765337,23 MATTAR ROAD THE ANTARES SINGAPORE 387730,5.916441166611573,60.0,4,4,0,8,9,4,2.0,0.0,0,1
PENROSE,1734000.0,1054.87,1644.0,2020-10-01,98.0,17694.0,1.31948983025856,103.879994891095,22 SIMS DRIVE PENROSE SINGAPORE 387396,5.166503889250989,60.0,3,4,0,8,9,1,2.0,0.0,0,1
REGAL 35,940000.0,947.23,992.0,2020-10-01,88.0,10682.0,1.31567200360524,103.888350601456,15 LORONG 35 GEYLANG REGAL 35 SINGAPORE 387945,5.50731333517945,60.0,4,4,3,7,12,4,1.0,1.0,0,1
EUHABITAT,1370000.0,1140.98,1201.0,2020-10-01,106.0,12925.0,1.32795415126263,103.9070014142,196 JALAN EUNOS EUHABITAT SINGAPORE 419542,7.971961203569236,60.0,2,2,0,2,6,15,1.0,1.0,1,2
TRE RESIDENCES,1100000.0,699.66,1572.0,2020-10-01,65.0,16923.0,1.3172278261209,103.885015905304,9 GEYLANG EAST AVENUE 1 TRE RESIDENCES SINGAPORE 389783,5.353082321074245,60.0,3,3,2,8,9,3,2.0,1.0,1,1
LA FLEUR,510000.0,409.03,1247.0,2020-10-01,38.0,13421.0,1.31244454232324,103.884576516653,8 LORONG 26 GEYLANG LA FLEUR SINGAPORE 398483,4.956192019907782,60.0,3,4,0,7,10,4,1.0,1.0,0,1
PENROSE,1751000.0,1054.87,1660.0,2020-10-01,98.0,17867.0,1.31948983025856,103.879994891095,22 SIMS DRIVE PENROSE SINGAPORE 387396,5.166503889250989,60.0,3,4,0,8,9,1,2.0,0.0,0,1
SINGA HILLS,650000.0,462.85,1404.0,2020-10-01,43.0,15116.0,1.33013262911561,103.908284993545,33 JALAN SINGA SINGA HILLS SINGAPORE 418109,8.234437338266625,60.0,1,1,0,2,5,13,1.0,1.0,0,2
REZI 24,1174700.0,753.48,1559.0,2020-10-01,70.0,16781.0,1.31156422500946,103.883576001591,39 LORONG 24 GEYLANG REZI 24 SINGAPORE 398636,4.808294965951603,60.0,3,3,0,8,10,4,1.0,0.0,0,1
THE SUNNY SPRING,1220000.0,1065.64,1145.0,2020-10-01,99.0,12323.0,1.31219203070087,103.889464697147,50 LORONG 40 GEYLANG THE SUNNY SPRING SINGAPORE 398074,5.3613842782215055,60.0,4,4,3,6,11,5,1.0,1.0,0,1
CHEN FANG MANSIONS,833000.0,936.47,890.0,2020-10-01,87.0,9575.0,1.31538221755903,103.887936481421,26 LORONG 33 GEYLANG CHEN FANG MANSIONS SINGAPORE 387986,5.451511173883931,60.0,4,6,3,7,11,4,1.0,1.0,0,1
PENROSE,1369000.0,796.54,1719.0,2020-10-01,74.0,18500.0,1.31948983025856,103.879994891095,22 SIMS DRIVE PENROSE SINGAPORE 387396,5.166503889250989,60.0,3,4,0,8,9,1,1.0,0.0,0,1
LE ARC,1050000.0,1291.68,813.0,2020-10-01,120.0,8750.0,1.31259777837018,103.884583890504,6 LORONG 26 GEYLANG LE ARC SINGAPORE 398481,4.967956638099901,60.0,3,4,0,8,10,4,1.0,1.0,0,1
RESIDENCES 88,645000.0,505.91,1275.0,2020-10-01,47.0,13723.0,1.32627973484674,103.907811483759,88 LORONG MARICAN RESIDENCES 88 SINGAPORE 417297,7.92954468966822,60.0,3,1,0,2,7,15,1.0,1.0,0,2
EUHABITAT,1300000.0,1173.28,1108.0,2020-10-01,109.0,11927.0,1.32795415126263,103.9070014142,196 JALAN EUNOS EUHABITAT SINGAPORE 419542,7.971961203569236,60.0,2,2,0,2,6,15,1.0,1.0,1,2
EUHABITAT,650000.0,548.96,1184.0,2020-10-01,51.0,12745.0,1.32795415126263,103.9070014142,196 JALAN EUNOS EUHABITAT SINGAPORE 419542,7.971961203569236,60.0,2,2,0,2,6,15,1.0,1.0,1,2
TRE RESIDENCES,710000.0,419.8,1691.0,2020-10-01,39.0,18205.0,1.3172278261209,103.885015905304,9 GEYLANG EAST AVENUE 1 TRE RESIDENCES SINGAPORE 389783,5.353082321074245,60.0,3,3,2,8,9,3,3.0,1.0,1,1
WATERBANK AT DAKOTA,1820000.0,1130.22,1610.0,2020-10-01,105.0,17333.0,1.30647833742136,103.888537197136,76 DAKOTA CRESCENT WATERBANK AT DAKOTA SINGAPORE 399944,4.918518965685704,60.0,3,3,0,5,10,6,2.0,1.0,1,1
SIMS GREEN,1080000.0,1237.86,872.0,2020-10-01,115.0,9391.0,1.31441038654771,103.884629689864,7 LORONG 27A GEYLANG SIMS GREEN SINGAPORE 388133,5.105957066325405,60.0,4,4,1,8,9,5,1.0,1.0,0,1
VICENTA LODGE,1195000.0,1259.39,949.0,2020-10-01,117.0,10214.0,1.32059857195485,103.909742944202,22 LORONG MARZUKI VICENTA LODGE SINGAPORE 417067,7.747522741045532,60.0,2,1,0,2,12,15,1.0,1.0,0,2
NOMA,1375632.0,850.36,1618.0,2020-10-01,79.0,17413.0,1.31161656190118,103.885373542152,333 GUILLEMARD ROAD NOMA SINGAPORE 399758,4.964558828553237,60.0,3,3,1,7,11,5,1.0,0.0,0,1
REZI 24,790600.0,462.85,1708.0,2020-10-01,43.0,18386.0,1.31156422500946,103.883576001591,39 LORONG 24 GEYLANG REZI 24 SINGAPORE 398636,4.808294965951603,60.0,3,3,0,8,10,4,1.0,0.0,0,1
EUHABITAT,740000.0,635.08,1165.0,2020-10-01,59.0,12542.0,1.32795415126263,103.9070014142,196 JALAN EUNOS EUHABITAT SINGAPORE 419542,7.971961203569236,60.0,2,2,0,2,6,15,1.0,1.0,1,2
VACANZA @ EAST,1268888.0,1033.34,1228.0,2020-10-01,96.0,13218.0,1.32901984483655,103.914196223923,36 LENGKONG TUJOH VACANZA @ EAST SINGAPORE 417391,8.680985857703446,60.0,3,1,0,2,8,12,3.0,1.0,1,2
THE LENOX,740000.0,538.2,1375.0,2020-10-01,50.0,14800.0,1.31824376273926,103.911351165333,396 CHANGI ROAD THE LENOX SINGAPORE 415899,7.765250446888848,60.0,2,1,0,2,13,15,1.0,1.0,0,2
REZI 24,738500.0,452.09,1634.0,2020-10-01,42.0,17583.0,1.31156422500946,103.883576001591,39 LORONG 24 GEYLANG REZI 24 SINGAPORE 398636,4.808294965951603,60.0,3,3,0,8,10,4,2.0,0.0,0,1
PARC ESTA,848000.0,419.8,2020.0,2020-10-01,39.0,21744.0,1.31786521916555,103.903967184717,904 SIMS AVENUE PARC ESTA SINGAPORE 408968,7.043509290403673,60.0,1,4,0,1,13,16,4.0,0.0,0,1
SIMS URBAN OASIS,1560000.0,1033.34,1510.0,2020-10-01,96.0,16250.0,1.31926710475553,103.880615863782,6 SIMS DRIVE SIMS URBAN OASIS SINGAPORE 387388,5.190897370243519,60.0,3,4,0,8,9,1,1.0,1.0,1,1
NOMA,1017968.0,613.55,1659.0,2020-10-01,57.0,17859.0,1.31161656190118,103.885373542152,333 GUILLEMARD ROAD NOMA SINGAPORE 399758,4.964558828553237,60.0,3,3,1,7,11,5,1.0,0.0,0,1
REZI 24,1562200.0,1001.05,1561.0,2020-10-01,93.0,16798.0,1.31156422500946,103.883576001591,39 LORONG 24 GEYLANG REZI 24 SINGAPORE 398636,4.808294965951603,60.0,3,3,0,8,10,4,1.0,0.0,0,1
SIMSVILLE,1018000.0,979.52,1039.0,2020-10-01,91.0,11187.0,1.31703114737635,103.890499582849,2 GEYLANG EAST AVENUE 2 SIMSVILLE SINGAPORE 389754,5.786575389274496,60.0,4,4,3,6,12,4,1.0,1.0,1,1
LA BRISA,550000.0,441.32,1246.0,2020-10-01,41.0,13415.0,1.31190419143627,103.885369365155,50 LORONG 28 GEYLANG LA BRISA SINGAPORE 398453,4.984533537431171,60.0,4,4,1,7,11,5,2.0,1.0,0,1
LEVENUE,700000.0,570.49,1227.0,2020-10-01,53.0,13208.0,1.32864269824431,103.913744097652,55 LENGKONG EMPAT LEVENUE SINGAPORE 417642,8.61577565611189,60.0,3,1,0,2,7,13,1.0,1.0,0,2
SIMS GREEN,860000.0,990.29,868.0,2020-10-01,92.0,9348.0,1.31441038654771,103.884629689864,7 LORONG 27A GEYLANG SIMS GREEN SINGAPORE 388133,5.105957066325405,60.0,4,4,1,8,9,5,1.0,1.0,0,1
THE LENOX,845000.0,731.95,1154.0,2020-10-01,68.0,12426.0,1.31824376273926,103.911351165333,396 CHANGI ROAD THE LENOX SINGAPORE 415899,7.765250446888848,60.0,2,1,0,2,13,15,1.0,1.0,0,2
NESS,583000.0,430.56,1354.0,2020-10-01,40.0,14575.0,1.31269794714045,103.886776844129,38 LORONG 32 GEYLANG NESS SINGAPORE 398298,5.1611183017097115,60.0,5,4,2,7,11,5,1.0,1.0,0,1
CENTRAL MEADOWS,970000.0,1001.05,969.0,2020-10-01,93.0,10430.0,1.31225825932858,103.888161790535,51 LORONG 34 GEYLANG CENTRAL MEADOWS SINGAPORE 398240,5.250843225664112,60.0,5,4,2,6,11,5,2.0,1.0,0,1
THE TRUMPS,1270000.0,979.52,1297.0,2020-10-01,91.0,13956.0,1.32002610262337,103.91348728953,1 JALAN KEMBANGAN THE TRUMPS SINGAPORE 419154,8.069943599460245,60.0,1,0,0,2,12,18,3.0,1.0,1,2
CENTRAL GROVE,1310000.0,1237.86,1058.0,2020-10-01,115.0,11391.0,1.31623494982413,103.884417981377,3 GEYLANG EAST AVENUE 1 CENTRAL GROVE SINGAPORE 389779,5.228491443172765,60.0,4,5,1,8,9,3,4.0,1.0,1,1
PENROSE,1012200.0,570.49,1774.0,2020-10-01,53.0,19098.0,1.31948983025856,103.879994891095,22 SIMS DRIVE PENROSE SINGAPORE 387396,5.166503889250989,60.0,3,4,0,8,9,1,1.0,0.0,0,1
THE ANTARES,1247860.0,688.9,1811.0,2020-10-01,64.0,19498.0,1.32541778538724,103.883403765337,23 MATTAR ROAD THE ANTARES SINGAPORE 387730,5.916441166611573,60.0,4,4,0,8,9,4,2.0,0.0,0,1
PARC ESTA,1353000.0,742.72,1822.0,2020-10-01,69.0,19609.0,1.31786521916555,103.903967184717,904 SIMS AVENUE PARC ESTA SINGAPORE 408968,7.043509290403673,60.0,1,4,0,1,13,16,3.0,0.0,0,1
CENTRA HEIGHTS,860000.0,570.49,1507.0,2020-10-01,53.0,16226.0,1.31629397762889,103.88657418395,455 SIMS AVENUE CENTRA HEIGHTS SINGAPORE 387607,5.406260020602187,60.0,4,4,3,7,11,4,2.0,1.0,0,1
RESIDENCES 88,980000.0,1011.82,969.0,2020-10-01,94.0,10426.0,1.32627973484674,103.907811483759,88 LORONG MARICAN RESIDENCES 88 SINGAPORE 417297,7.92954468966822,60.0,3,1,0,2,7,15,1.0,1.0,0,2
SIMS URBAN OASIS,935000.0,624.31,1498.0,2020-10-01,58.0,16121.0,1.31926710475553,103.880615863782,6 SIMS DRIVE SIMS URBAN OASIS SINGAPORE 387388,5.190897370243519,60.0,3,4,0,8,9,1,2.0,1.0,1,1
FERN LODGE,820000.0,1022.58,802.0,2020-10-01,95.0,8632.0,1.31111580692247,103.876068248261,7 LORONG 4 GEYLANG FERN LODGE SINGAPORE 399266,4.177159838356184,60.0,4,3,2,10,8,1,1.0,1.0,0,1
SIMS URBAN OASIS,710000.0,462.85,1534.0,2020-10-01,43.0,16512.0,1.31926710475553,103.880615863782,6 SIMS DRIVE SIMS URBAN OASIS SINGAPORE 387388,5.190897370243519,60.0,3,4,0,8,9,1,1.0,1.0,1,1
THE WATERINA,1520000.0,1065.64,1426.0,2020-10-01,99.0,15354.0,1.3132821071538,103.89085032363,59 LORONG 40 GEYLANG THE WATERINA SINGAPORE 398082,5.55708137380416,60.0,4,4,3,5,12,5,1.0,1.0,0,1
REZI 24,743200.0,452.09,1644.0,2020-10-01,42.0,17695.0,1.31156422500946,103.883576001591,39 LORONG 24 GEYLANG REZI 24 SINGAPORE 398636,4.808294965951603,60.0,3,3,0,8,10,4,2.0,0.0,0,1
EUHABITAT,1120000.0,904.18,1239.0,2020-10-01,84.0,13333.0,1.32795415126263,103.9070014142,196 JALAN EUNOS EUHABITAT SINGAPORE 419542,7.971961203569236,60.0,2,2,0,2,6,15,1.0,1.0,1,2
CASA SARINA,1200000.0,1108.69,1082.0,2020-10-01,103.0,11650.0,1.32018967220914,103.906865928269,101 LORONG SARINA CASA SARINA SINGAPORE 416729,7.4542779982704115,60.0,2,1,0,1,12,14,1.0,1.0,1,2
ENG APARTMENTS,1140000.0,1108.69,1028.0,2020-10-01,103.0,11068.0,1.31418513616608,103.882905262718,25 LORONG 25A GEYLANG ENG APARTMENTS SINGAPORE 388230,4.949615461274101,60.0,3,4,0,8,9,3,2.0,1.0,0,1
STARVILLE,1400000.0,1237.86,1131.0,2020-10-01,115.0,12174.0,1.32826483616522,103.912067534158,66 LENGKONG TIGA STARVILLE SINGAPORE 417471,8.44041551036464,60.0,3,1,0,2,7,15,2.0,1.0,1,2
PENROSE,1217000.0,710.42,1713.0,2020-10-01,66.0,18439.0,1.31948983025856,103.879994891095,22 SIMS DRIVE PENROSE SINGAPORE 387396,5.166503889250989,60.0,3,4,0,8,9,1,3.0,0.0,0,1
THE WATER EDGE,850888.0,925.7,919.0,2020-10-01,86.0,9894.0,1.31372105189031,103.888759579471,8 LORONG 38 GEYLANG THE WATER EDGE SINGAPORE 398106,5.4035924754809175,60.0,4,4,3,6,11,4,2.0,1.0,0,1
PARC ESTA,1338000.0,742.72,1801.0,2020-10-01,69.0,19391.0,1.31786521916555,103.903967184717,904 SIMS AVENUE PARC ESTA SINGAPORE 408968,7.043509290403673,60.0,1,4,0,1,13,16,2.0,0.0,0,1
GRANDVIEW SUITES,480000.0,376.74,1274.0,2020-10-01,35.0,13714.0,1.31277604580511,103.882455638462,1 LORONG 22 GEYLANG GRANDVIEW SUITES SINGAPORE 398664,4.805784944271149,60.0,3,3,0,8,9,2,1.0,1.0,0,1
ASTOR,1000000.0,1227.1,815.0,2020-10-01,114.0,8772.0,1.32879593267373,103.912963648128,51C LENGKONG EMPAT ASTOR SINGAPORE 417660,8.55554984945014,60.0,3,1,0,2,7,14,2.0,1.0,0,2
CASSIA VIEW,1280000.0,1151.75,1111.0,2020-10-01,107.0,11963.0,1.31103276112231,103.886630140814,320 GUILLEMARD ROAD CASSIA VIEW SINGAPORE 399746,5.033091805099718,60.0,4,2,1,7,11,5,2.0,1.0,0,1
PENROSE,2310000.0,1399.32,1651.0,2020-10-01,130.0,17769.0,1.31948983025856,103.879994891095,22 SIMS DRIVE PENROSE SINGAPORE 387396,5.166503889250989,60.0,3,4,0,8,9,1,4.0,0.0,0,1
PENROSE,1582000.0,979.52,1615.0,2020-10-01,91.0,17385.0,1.31948983025856,103.879994891095,22 SIMS DRIVE PENROSE SINGAPORE 387396,5.166503889250989,60.0,3,4,0,8,9,1,2.0,0.0,0,1
PARC ESTA,1406000.0,850.36,1653.0,2020-10-01,79.0,17797.0,1.31786521916555,103.903967184717,904 SIMS AVENUE PARC ESTA SINGAPORE 408968,7.043509290403673,60.0,1,4,0,1,13,16,4.0,0.0,0,1
PENROSE,1379000.0,807.3,1708.0,2020-10-01,75.0,18387.0,1.31948983025856,103.879994891095,22 SIMS DRIVE PENROSE SINGAPORE 387396,5.166503889250989,60.0,3,4,0,8,9,1,4.0,0.0,0,1
PENROSE,1362000.0,796.54,1710.0,2020-10-01,74.0,18405.0,1.31948983025856,103.879994891095,22 SIMS DRIVE PENROSE SINGAPORE 387396,5.166503889250989,60.0,3,4,0,8,9,1,1.0,0.0,0,1
PENROSE,1393000.0,796.54,1749.0,2020-10-01,74.0,18824.0,1.31948983025856,103.879994891095,22 SIMS DRIVE PENROSE SINGAPORE 387396,5.166503889250989,60.0,3,4,0,8,9,1,3.0,0.0,0,1
MELOSA,550000.0,430.56,1277.0,2020-10-01,40.0,13750.0,1.31253733235708,103.885402784916,28 LORONG 28 GEYLANG MELOSA SINGAPORE 398432,5.032539138387234,60.0,4,4,1,7,11,4,2.0,1.0,0,1
PARC ESTA,1885000.0,1119.46,1684.0,2020-10-01,104.0,18125.0,1.31786521916555,103.903967184717,904 SIMS AVENUE PARC ESTA SINGAPORE 408968,7.043509290403673,60.0,1,4,0,1,13,16,1.0,0.0,0,1
PARC ESTA,1410000.0,861.12,1637.0,2020-10-01,80.0,17625.0,1.31786521916555,103.903967184717,904 SIMS AVENUE PARC ESTA SINGAPORE 408968,7.043509290403673,60.0,1,4,0,1,13,16,4.0,0.0,0,1
PARC ESTA,1397000.0,861.12,1622.0,2020-10-01,80.0,17463.0,1.31786521916555,103.903967184717,904 SIMS AVENUE PARC ESTA SINGAPORE 408968,7.043509290403673,60.0,1,4,0,1,13,16,4.0,0.0,0,1
PARC ESTA,2094000.0,1334.74,1569.0,2020-10-01,124.0,16887.0,1.31786521916555,103.903967184717,904 SIMS AVENUE PARC ESTA SINGAPORE 408968,7.043509290403673,60.0,1,4,0,1,13,16,4.0,0.0,0,1
THE WATERINA,1845000.0,1420.85,1299.0,2020-10-01,132.0,13977.0,1.3132821071538,103.89085032363,59 LORONG 40 GEYLANG THE WATERINA SINGAPORE 398082,5.55708137380416,60.0,4,4,3,5,12,5,1.0,1.0,0,1
THE TRUMPS,1800000.0,1431.61,1257.0,2020-10-01,133.0,13534.0,1.32002610262337,103.91348728953,1 JALAN KEMBANGAN THE TRUMPS SINGAPORE 419154,8.069943599460245,60.0,1,0,0,2,12,18,4.0,1.0,1,2
EUHABITAT,675000.0,538.2,1254.0,2020-10-01,50.0,13500.0,1.32795415126263,103.9070014142,196 JALAN EUNOS EUHABITAT SINGAPORE 419542,7.971961203569236,60.0,2,2,0,2,6,15,1.0,1.0,1,2
CENTRAL GROVE,1168000.0,1216.33,960.0,2020-10-01,113.0,10336.0,1.31623494982413,103.884417981377,3 GEYLANG EAST AVENUE 1 CENTRAL GROVE SINGAPORE 389779,5.228491443172765,60.0,4,5,1,8,9,3,1.0,1.0,1,1
28 IMPERIAL RESIDENCES,757000.0,592.02,1279.0,2020-09-01,55.0,13764.0,1.311780119269,103.884605770106,28 LORONG 26 GEYLANG 28 IMPERIAL RESIDENCES SINGAPORE 398495,4.910721054286701,61.0,3,3,0,7,10,5,1.0,1.0,0,1
PENROSE,1351000.0,807.3,1673.0,2020-09-01,75.0,18013.0,1.31948983025856,103.879994891095,22 SIMS DRIVE PENROSE SINGAPORE 387396,5.166503889250989,61.0,3,4,0,8,9,1,2.0,0.0,0,1
PENROSE,1769000.0,1097.93,1611.0,2020-09-01,102.0,17343.0,1.31948983025856,103.879994891095,22 SIMS DRIVE PENROSE SINGAPORE 387396,5.166503889250989,61.0,3,4,0,8,9,1,2.0,0.0,0,1
WATERBANK AT DAKOTA,1520000.0,882.65,1722.0,2020-09-01,82.0,18537.0,1.30647833742136,103.888537197136,76 DAKOTA CRESCENT WATERBANK AT DAKOTA SINGAPORE 399944,4.918518965685704,61.0,3,3,0,5,10,6,4.0,1.0,1,1
ESTA RUBY,1480000.0,1130.22,1309.0,2020-09-01,105.0,14095.0,1.31390006507675,103.893617178884,500 GUILLEMARD ROAD ESTA RUBY SINGAPORE 399839,5.845471443212252,61.0,3,2,3,3,13,8,2.0,1.0,0,1
SIMS URBAN OASIS,655000.0,409.03,1601.0,2020-09-01,38.0,17237.0,1.31926710475553,103.880615863782,6 SIMS DRIVE SIMS URBAN OASIS SINGAPORE 387388,5.190897370243519,61.0,3,4,0,8,9,1,3.0,1.0,1,1
VACANZA @ EAST,1500000.0,1323.97,1133.0,2020-09-01,123.0,12195.0,1.32901984483655,103.914196223923,36 LENGKONG TUJOH VACANZA @ EAST SINGAPORE 417391,8.680985857703446,61.0,3,1,0,2,8,12,2.0,1.0,1,2
PENROSE,829300.0,473.62,1751.0,2020-09-01,44.0,18848.0,1.31948983025856,103.879994891095,22 SIMS DRIVE PENROSE SINGAPORE 387396,5.166503889250989,61.0,3,4,0,8,9,1,1.0,0.0,0,1
PENROSE,1332000.0,807.3,1650.0,2020-09-01,75.0,17760.0,1.31948983025856,103.879994891095,22 SIMS DRIVE PENROSE SINGAPORE 387396,5.166503889250989,61.0,3,4,0,8,9,1,1.0,0.0,0,1
PENROSE,948000.0,645.84,1468.0,2020-09-01,60.0,15800.0,1.31948983025856,103.879994891095,22 SIMS DRIVE PENROSE SINGAPORE 387396,5.166503889250989,61.0,3,4,0,8,9,1,2.0,0.0,0,1
PENROSE,838000.0,484.38,1730.0,2020-09-01,45.0,18622.0,1.31948983025856,103.879994891095,22 SIMS DRIVE PENROSE SINGAPORE 387396,5.166503889250989,61.0,3,4,0,8,9,1,2.0,0.0,0,1
PENROSE,963000.0,645.84,1491.0,2020-09-01,60.0,16050.0,1.31948983025856,103.879994891095,22 SIMS DRIVE PENROSE SINGAPORE 387396,5.166503889250989,61.0,3,4,0,8,9,1,2.0,0.0,0,1
PENROSE,967000.0,645.84,1497.0,2020-09-01,60.0,16117.0,1.31948983025856,103.879994891095,22 SIMS DRIVE PENROSE SINGAPORE 387396,5.166503889250989,61.0,3,4,0,8,9,1,3.0,0.0,0,1
PENROSE,984900.0,645.84,1525.0,2020-09-01,60.0,16415.0,1.31948983025856,103.879994891095,22 SIMS DRIVE PENROSE SINGAPORE 387396,5.166503889250989,61.0,3,4,0,8,9,1,3.0,0.0,0,1
PENROSE,993000.0,645.84,1538.0,2020-09-01,60.0,16550.0,1.31948983025856,103.879994891095,22 SIMS DRIVE PENROSE SINGAPORE 387396,5.166503889250989,61.0,3,4,0,8,9,1,3.0,0.0,0,1
PENROSE,826000.0,473.62,1744.0,2020-09-01,44.0,18773.0,1.31948983025856,103.879994891095,22 SIMS DRIVE PENROSE SINGAPORE 387396,5.166503889250989,61.0,3,4,0,8,9,1,3.0,0.0,0,1
PENROSE,872800.0,484.38,1802.0,2020-09-01,45.0,19396.0,1.31948983025856,103.879994891095,22 SIMS DRIVE PENROSE SINGAPORE 387396,5.166503889250989,61.0,3,4,0,8,9,1,4.0,0.0,0,1
PENROSE,847000.0,473.62,1788.0,2020-09-01,44.0,19250.0,1.31948983025856,103.879994891095,22 SIMS DRIVE PENROSE SINGAPORE 387396,5.166503889250989,61.0,3,4,0,8,9,1,2.0,0.0,0,1
PENROSE,1331000.0,936.47,1421.0,2020-09-01,87.0,15299.0,1.31948983025856,103.879994891095,22 SIMS DRIVE PENROSE SINGAPORE 387396,5.166503889250989,61.0,3,4,0,8,9,1,2.0,0.0,0,1
PENROSE,963000.0,645.84,1491.0,2020-09-01,60.0,16050.0,1.31948983025856,103.879994891095,22 SIMS DRIVE PENROSE SINGAPORE 387396,5.166503889250989,61.0,3,4,0,8,9,1,2.0,0.0,0,1
PENROSE,1397000.0,796.54,1754.0,2020-09-01,74.0,18878.0,1.31948983025856,103.879994891095,22 SIMS DRIVE PENROSE SINGAPORE 387396,5.166503889250989,61.0,3,4,0,8,9,1,3.0,0.0,0,1
PENROSE,984900.0,645.84,1525.0,2020-09-01,60.0,16415.0,1.31948983025856,103.879994891095,22 SIMS DRIVE PENROSE SINGAPORE 387396,5.166503889250989,61.0,3,4,0,8,9,1,3.0,0.0,0,1
PENROSE,1728000.0,1054.87,1638.0,2020-09-01,98.0,17633.0,1.31948983025856,103.879994891095,22 SIMS DRIVE PENROSE SINGAPORE 387396,5.166503889250989,61.0,3,4,0,8,9,1,1.0,0.0,0,1
PENROSE,1546000.0,1044.11,1481.0,2020-09-01,97.0,15938.0,1.31948983025856,103.879994891095,22 SIMS DRIVE PENROSE SINGAPORE 387396,5.166503889250989,61.0,3,4,0,8,9,1,2.0,0.0,0,1
PENROSE,1972000.0,1184.04,1665.0,2020-09-01,110.0,17927.0,1.31948983025856,103.879994891095,22 SIMS DRIVE PENROSE SINGAPORE 387396,5.166503889250989,61.0,3,4,0,8,9,1,2.0,0.0,0,1
PENROSE,1569000.0,1044.11,1503.0,2020-09-01,97.0,16175.0,1.31948983025856,103.879994891095,22 SIMS DRIVE PENROSE SINGAPORE 387396,5.166503889250989,61.0,3,4,0,8,9,1,2.0,0.0,0,1
PENROSE,2217000.0,1399.32,1584.0,2020-09-01,130.0,17054.0,1.31948983025856,103.879994891095,22 SIMS DRIVE PENROSE SINGAPORE 387396,5.166503889250989,61.0,3,4,0,8,9,1,1.0,0.0,0,1
PENROSE,971000.0,645.84,1503.0,2020-09-01,60.0,16183.0,1.31948983025856,103.879994891095,22 SIMS DRIVE PENROSE SINGAPORE 387396,5.166503889250989,61.0,3,4,0,8,9,1,2.0,0.0,0,1
PENROSE,1181000.0,710.42,1662.0,2020-09-01,66.0,17894.0,1.31948983025856,103.879994891095,22 SIMS DRIVE PENROSE SINGAPORE 387396,5.166503889250989,61.0,3,4,0,8,9,1,2.0,0.0,0,1
PENROSE,1200000.0,710.42,1689.0,2020-09-01,66.0,18182.0,1.31948983025856,103.879994891095,22 SIMS DRIVE PENROSE SINGAPORE 387396,5.166503889250989,61.0,3,4,0,8,9,1,2.0,0.0,0,1
PENROSE,1443500.0,936.47,1541.0,2020-09-01,87.0,16592.0,1.31948983025856,103.879994891095,22 SIMS DRIVE PENROSE SINGAPORE 387396,5.166503889250989,61.0,3,4,0,8,9,1,2.0,0.0,0,1
PENROSE,1174800.0,699.66,1679.0,2020-09-01,65.0,18074.0,1.31948983025856,103.879994891095,22 SIMS DRIVE PENROSE SINGAPORE 387396,5.166503889250989,61.0,3,4,0,8,9,1,3.0,0.0,0,1
PENROSE,1167000.0,699.66,1668.0,2020-09-01,65.0,17954.0,1.31948983025856,103.879994891095,22 SIMS DRIVE PENROSE SINGAPORE 387396,5.166503889250989,61.0,3,4,0,8,9,1,3.0,0.0,0,1
THE WATERINA,1566000.0,1205.57,1299.0,2020-09-01,112.0,13982.0,1.3132821071538,103.89085032363,59 LORONG 40 GEYLANG THE WATERINA SINGAPORE 398082,5.55708137380416,61.0,4,4,3,5,12,5,2.0,1.0,0,1
28 IMPERIAL RESIDENCES,743000.0,592.02,1255.0,2020-09-01,55.0,13509.0,1.311780119269,103.884605770106,28 LORONG 26 GEYLANG 28 IMPERIAL RESIDENCES SINGAPORE 398495,4.910721054286701,61.0,3,3,0,7,10,5,1.0,1.0,0,1
PENROSE,791000.0,473.62,1670.0,2020-09-01,44.0,17977.0,1.31948983025856,103.879994891095,22 SIMS DRIVE PENROSE SINGAPORE 387396,5.166503889250989,61.0,3,4,0,8,9,1,1.0,0.0,0,1
PENROSE,1328000.0,807.3,1645.0,2020-09-01,75.0,17707.0,1.31948983025856,103.879994891095,22 SIMS DRIVE PENROSE SINGAPORE 387396,5.166503889250989,61.0,3,4,0,8,9,1,1.0,0.0,0,1
PENROSE,1364000.0,947.23,1440.0,2020-09-01,88.0,15500.0,1.31948983025856,103.879994891095,22 SIMS DRIVE PENROSE SINGAPORE 387396,5.166503889250989,61.0,3,4,0,8,9,1,1.0,0.0,0,1
PENROSE,797000.0,473.62,1683.0,2020-09-01,44.0,18114.0,1.31948983025856,103.879994891095,22 SIMS DRIVE PENROSE SINGAPORE 387396,5.166503889250989,61.0,3,4,0,8,9,1,1.0,0.0,0,1
PENROSE,832000.0,484.38,1718.0,2020-09-01,45.0,18489.0,1.31948983025856,103.879994891095,22 SIMS DRIVE PENROSE SINGAPORE 387396,5.166503889250989,61.0,3,4,0,8,9,1,1.0,0.0,0,1
PENROSE,1357000.0,958.0,1416.0,2020-09-01,89.0,15247.0,1.31948983025856,103.879994891095,22 SIMS DRIVE PENROSE SINGAPORE 387396,5.166503889250989,61.0,3,4,0,8,9,1,2.0,0.0,0,1
PENROSE,1347000.0,947.23,1422.0,2020-09-01,88.0,15307.0,1.31948983025856,103.879994891095,22 SIMS DRIVE PENROSE SINGAPORE 387396,5.166503889250989,61.0,3,4,0,8,9,1,2.0,0.0,0,1
PENROSE,2171000.0,1388.56,1563.0,2020-09-01,129.0,16829.0,1.31948983025856,103.879994891095,22 SIMS DRIVE PENROSE SINGAPORE 387396,5.166503889250989,61.0,3,4,0,8,9,1,2.0,0.0,0,1
PENROSE,1362000.0,958.0,1422.0,2020-09-01,89.0,15303.0,1.31948983025856,103.879994891095,22 SIMS DRIVE PENROSE SINGAPORE 387396,5.166503889250989,61.0,3,4,0,8,9,1,2.0,0.0,0,1
PENROSE,956000.0,645.84,1480.0,2020-09-01,60.0,15933.0,1.31948983025856,103.879994891095,22 SIMS DRIVE PENROSE SINGAPORE 387396,5.166503889250989,61.0,3,4,0,8,9,1,2.0,0.0,0,1
PENROSE,1353000.0,947.23,1428.0,2020-09-01,88.0,15375.0,1.31948983025856,103.879994891095,22 SIMS DRIVE PENROSE SINGAPORE 387396,5.166503889250989,61.0,3,4,0,8,9,1,2.0,0.0,0,1
PENROSE,806000.0,473.62,1702.0,2020-09-01,44.0,18318.0,1.31948983025856,103.879994891095,22 SIMS DRIVE PENROSE SINGAPORE 387396,5.166503889250989,61.0,3,4,0,8,9,1,2.0,0.0,0,1
PENROSE,841000.0,484.38,1736.0,2020-09-01,45.0,18689.0,1.31948983025856,103.879994891095,22 SIMS DRIVE PENROSE SINGAPORE 387396,5.166503889250989,61.0,3,4,0,8,9,1,2.0,0.0,0,1
PENROSE,812000.0,473.62,1714.0,2020-09-01,44.0,18455.0,1.31948983025856,103.879994891095,22 SIMS DRIVE PENROSE SINGAPORE 387396,5.166503889250989,61.0,3,4,0,8,9,1,2.0,0.0,0,1
PENROSE,963000.0,645.84,1491.0,2020-09-01,60.0,16050.0,1.31948983025856,103.879994891095,22 SIMS DRIVE PENROSE SINGAPORE 387396,5.166503889250989,61.0,3,4,0,8,9,1,2.0,0.0,0,1
PENROSE,815000.0,473.62,1721.0,2020-09-01,44.0,18523.0,1.31948983025856,103.879994891095,22 SIMS DRIVE PENROSE SINGAPORE 387396,5.166503889250989,61.0,3,4,0,8,9,1,3.0,0.0,0,1
PENROSE,817000.0,473.62,1725.0,2020-09-01,44.0,18568.0,1.31948983025856,103.879994891095,22 SIMS DRIVE PENROSE SINGAPORE 387396,5.166503889250989,61.0,3,4,0,8,9,1,3.0,0.0,0,1
PENROSE,852000.0,484.38,1759.0,2020-09-01,45.0,18933.0,1.31948983025856,103.879994891095,22 SIMS DRIVE PENROSE SINGAPORE 387396,5.166503889250989,61.0,3,4,0,8,9,1,3.0,0.0,0,1
PENROSE,1382000.0,947.23,1459.0,2020-09-01,88.0,15705.0,1.31948983025856,103.879994891095,22 SIMS DRIVE PENROSE SINGAPORE 387396,5.166503889250989,61.0,3,4,0,8,9,1,3.0,0.0,0,1
PENROSE,1397000.0,958.0,1458.0,2020-09-01,89.0,15697.0,1.31948983025856,103.879994891095,22 SIMS DRIVE PENROSE SINGAPORE 387396,5.166503889250989,61.0,3,4,0,8,9,1,3.0,0.0,0,1
PENROSE,1409000.0,958.0,1471.0,2020-09-01,89.0,15831.0,1.31948983025856,103.879994891095,22 SIMS DRIVE PENROSE SINGAPORE 387396,5.166503889250989,61.0,3,4,0,8,9,1,3.0,0.0,0,1
PENROSE,983000.0,645.84,1522.0,2020-09-01,60.0,16383.0,1.31948983025856,103.879994891095,22 SIMS DRIVE PENROSE SINGAPORE 387396,5.166503889250989,61.0,3,4,0,8,9,1,3.0,0.0,0,1
PENROSE,987000.0,645.84,1528.0,2020-09-01,60.0,16450.0,1.31948983025856,103.879994891095,22 SIMS DRIVE PENROSE SINGAPORE 387396,5.166503889250989,61.0,3,4,0,8,9,1,4.0,0.0,0,1
PENROSE,1415000.0,958.0,1477.0,2020-09-01,89.0,15899.0,1.31948983025856,103.879994891095,22 SIMS DRIVE PENROSE SINGAPORE 387396,5.166503889250989,61.0,3,4,0,8,9,1,4.0,0.0,0,1
PENROSE,1405000.0,947.23,1483.0,2020-09-01,88.0,15966.0,1.31948983025856,103.879994891095,22 SIMS DRIVE PENROSE SINGAPORE 387396,5.166503889250989,61.0,3,4,0,8,9,1,4.0,0.0,0,1
PENROSE,2249000.0,1388.56,1620.0,2020-09-01,129.0,17434.0,1.31948983025856,103.879994891095,22 SIMS DRIVE PENROSE SINGAPORE 387396,5.166503889250989,61.0,3,4,0,8,9,1,4.0,0.0,0,1
PENROSE,867000.0,484.38,1790.0,2020-09-01,45.0,19267.0,1.31948983025856,103.879994891095,22 SIMS DRIVE PENROSE SINGAPORE 387396,5.166503889250989,61.0,3,4,0,8,9,1,4.0,0.0,0,1
PENROSE,1421000.0,958.0,1483.0,2020-09-01,89.0,15966.0,1.31948983025856,103.879994891095,22 SIMS DRIVE PENROSE SINGAPORE 387396,5.166503889250989,61.0,3,4,0,8,9,1,4.0,0.0,0,1
PENROSE,835000.0,473.62,1763.0,2020-09-01,44.0,18977.0,1.31948983025856,103.879994891095,22 SIMS DRIVE PENROSE SINGAPORE 387396,5.166503889250989,61.0,3,4,0,8,9,1,4.0,0.0,0,1
PENROSE,1426000.0,958.0,1489.0,2020-09-01,89.0,16022.0,1.31948983025856,103.879994891095,22 SIMS DRIVE PENROSE SINGAPORE 387396,5.166503889250989,61.0,3,4,0,8,9,1,4.0,0.0,0,1
PENROSE,1380000.0,958.0,1441.0,2020-09-01,89.0,15506.0,1.31948983025856,103.879994891095,22 SIMS DRIVE PENROSE SINGAPORE 387396,5.166503889250989,61.0,3,4,0,8,9,1,1.0,0.0,0,1
PENROSE,837000.0,495.14,1690.0,2020-09-01,46.0,18196.0,1.31948983025856,103.879994891095,22 SIMS DRIVE PENROSE SINGAPORE 387396,5.166503889250989,61.0,3,4,0,8,9,1,1.0,0.0,0,1
PENROSE,1373000.0,796.54,1724.0,2020-09-01,74.0,18554.0,1.31948983025856,103.879994891095,22 SIMS DRIVE PENROSE SINGAPORE 387396,5.166503889250989,61.0,3,4,0,8,9,1,2.0,0.0,0,1
PENROSE,1368000.0,958.0,1428.0,2020-09-01,89.0,15371.0,1.31948983025856,103.879994891095,22 SIMS DRIVE PENROSE SINGAPORE 387396,5.166503889250989,61.0,3,4,0,8,9,1,2.0,0.0,0,1
PENROSE,956000.0,645.84,1480.0,2020-09-01,60.0,15933.0,1.31948983025856,103.879994891095,22 SIMS DRIVE PENROSE SINGAPORE 387396,5.166503889250989,61.0,3,4,0,8,9,1,2.0,0.0,0,1
PENROSE,960000.0,645.84,1486.0,2020-09-01,60.0,16000.0,1.31948983025856,103.879994891095,22 SIMS DRIVE PENROSE SINGAPORE 387396,5.166503889250989,61.0,3,4,0,8,9,1,2.0,0.0,0,1
PENROSE,1349000.0,936.47,1441.0,2020-09-01,87.0,15506.0,1.31948983025856,103.879994891095,22 SIMS DRIVE PENROSE SINGAPORE 387396,5.166503889250989,61.0,3,4,0,8,9,1,2.0,0.0,0,1
PENROSE,1361000.0,936.47,1453.0,2020-09-01,87.0,15644.0,1.31948983025856,103.879994891095,22 SIMS DRIVE PENROSE SINGAPORE 387396,5.166503889250989,61.0,3,4,0,8,9,1,3.0,0.0,0,1
PENROSE,971000.0,645.84,1503.0,2020-09-01,60.0,16183.0,1.31948983025856,103.879994891095,22 SIMS DRIVE PENROSE SINGAPORE 387396,5.166503889250989,61.0,3,4,0,8,9,1,3.0,0.0,0,1
PENROSE,975000.0,645.84,1510.0,2020-09-01,60.0,16250.0,1.31948983025856,103.879994891095,22 SIMS DRIVE PENROSE SINGAPORE 387396,5.166503889250989,61.0,3,4,0,8,9,1,3.0,0.0,0,1
PENROSE,983000.0,645.84,1522.0,2020-09-01,60.0,16383.0,1.31948983025856,103.879994891095,22 SIMS DRIVE PENROSE SINGAPORE 387396,5.166503889250989,61.0,3,4,0,8,9,1,3.0,0.0,0,1
PENROSE,1378000.0,936.47,1471.0,2020-09-01,87.0,15839.0,1.31948983025856,103.879994891095,22 SIMS DRIVE PENROSE SINGAPORE 387396,5.166503889250989,61.0,3,4,0,8,9,1,3.0,0.0,0,1
PENROSE,1252000.0,699.66,1789.0,2020-09-01,65.0,19262.0,1.31948983025856,103.879994891095,22 SIMS DRIVE PENROSE SINGAPORE 387396,5.166503889250989,61.0,3,4,0,8,9,1,4.0,0.0,0,1
PENROSE,2227000.0,1388.56,1604.0,2020-09-01,129.0,17264.0,1.31948983025856,103.879994891095,22 SIMS DRIVE PENROSE SINGAPORE 387396,5.166503889250989,61.0,3,4,0,8,9,1,4.0,0.0,0,1
PENROSE,1390000.0,936.47,1484.0,2020-09-01,87.0,15977.0,1.31948983025856,103.879994891095,22 SIMS DRIVE PENROSE SINGAPORE 387396,5.166503889250989,61.0,3,4,0,8,9,1,4.0,0.0,0,1
PENROSE,1426000.0,958.0,1489.0,2020-09-01,89.0,16022.0,1.31948983025856,103.879994891095,22 SIMS DRIVE PENROSE SINGAPORE 387396,5.166503889250989,61.0,3,4,0,8,9,1,4.0,0.0,0,1
PENROSE,879000.0,473.62,1856.0,2020-09-01,44.0,19977.0,1.31948983025856,103.879994891095,22 SIMS DRIVE PENROSE SINGAPORE 387396,5.166503889250989,61.0,3,4,0,8,9,1,4.0,0.0,0,1
PENROSE,1260000.0,699.66,1801.0,2020-09-01,65.0,19385.0,1.31948983025856,103.879994891095,22 SIMS DRIVE PENROSE SINGAPORE 387396,5.166503889250989,61.0,3,4,0,8,9,1,4.0,0.0,0,1
THE ANTARES,1181560.0,656.6,1800.0,2020-09-01,61.0,19370.0,1.32541778538724,103.883403765337,23 MATTAR ROAD THE ANTARES SINGAPORE 387730,5.916441166611573,61.0,4,4,0,8,9,4,1.0,0.0,0,1
PENROSE,1458000.0,1044.11,1396.0,2020-09-01,97.0,15031.0,1.31948983025856,103.879994891095,22 SIMS DRIVE PENROSE SINGAPORE 387396,5.166503889250989,61.0,3,4,0,8,9,1,1.0,0.0,0,1
PENROSE,1734000.0,1054.87,1644.0,2020-09-01,98.0,17694.0,1.31948983025856,103.879994891095,22 SIMS DRIVE PENROSE SINGAPORE 387396,5.166503889250989,61.0,3,4,0,8,9,1,1.0,0.0,0,1
PENROSE,1464000.0,1044.11,1402.0,2020-09-01,97.0,15093.0,1.31948983025856,103.879994891095,22 SIMS DRIVE PENROSE SINGAPORE 387396,5.166503889250989,61.0,3,4,0,8,9,1,1.0,0.0,0,1
PENROSE,1481000.0,1054.87,1404.0,2020-09-01,98.0,15112.0,1.31948983025856,103.879994891095,22 SIMS DRIVE PENROSE SINGAPORE 387396,5.166503889250989,61.0,3,4,0,8,9,1,1.0,0.0,0,1
PENROSE,1528000.0,1044.11,1463.0,2020-09-01,97.0,15753.0,1.31948983025856,103.879994891095,22 SIMS DRIVE PENROSE SINGAPORE 387396,5.166503889250989,61.0,3,4,0,8,9,1,1.0,0.0,0,1
PENROSE,1545000.0,1054.87,1465.0,2020-09-01,98.0,15765.0,1.31948983025856,103.879994891095,22 SIMS DRIVE PENROSE SINGAPORE 387396,5.166503889250989,61.0,3,4,0,8,9,1,1.0,0.0,0,1
PENROSE,1534000.0,1044.11,1469.0,2020-09-01,97.0,15814.0,1.31948983025856,103.879994891095,22 SIMS DRIVE PENROSE SINGAPORE 387396,5.166503889250989,61.0,3,4,0,8,9,1,1.0,0.0,0,1
PENROSE,1551000.0,1054.87,1470.0,2020-09-01,98.0,15827.0,1.31948983025856,103.879994891095,22 SIMS DRIVE PENROSE SINGAPORE 387396,5.166503889250989,61.0,3,4,0,8,9,1,1.0,0.0,0,1
PENROSE,1562000.0,1054.87,1481.0,2020-09-01,98.0,15939.0,1.31948983025856,103.879994891095,22 SIMS DRIVE PENROSE SINGAPORE 387396,5.166503889250989,61.0,3,4,0,8,9,1,2.0,0.0,0,1
PENROSE,1568000.0,1054.87,1486.0,2020-09-01,98.0,16000.0,1.31948983025856,103.879994891095,22 SIMS DRIVE PENROSE SINGAPORE 387396,5.166503889250989,61.0,3,4,0,8,9,1,2.0,0.0,0,1
PENROSE,1563000.0,1044.11,1497.0,2020-09-01,97.0,16113.0,1.31948983025856,103.879994891095,22 SIMS DRIVE PENROSE SINGAPORE 387396,5.166503889250989,61.0,3,4,0,8,9,1,2.0,0.0,0,1
PENROSE,1580000.0,1054.87,1498.0,2020-09-01,98.0,16122.0,1.31948983025856,103.879994891095,22 SIMS DRIVE PENROSE SINGAPORE 387396,5.166503889250989,61.0,3,4,0,8,9,1,2.0,0.0,0,1
PENROSE,1575000.0,1044.11,1508.0,2020-09-01,97.0,16237.0,1.31948983025856,103.879994891095,22 SIMS DRIVE PENROSE SINGAPORE 387396,5.166503889250989,61.0,3,4,0,8,9,1,3.0,0.0,0,1
PENROSE,1591000.0,1054.87,1508.0,2020-09-01,98.0,16235.0,1.31948983025856,103.879994891095,22 SIMS DRIVE PENROSE SINGAPORE 387396,5.166503889250989,61.0,3,4,0,8,9,1,3.0,0.0,0,1
PENROSE,1995000.0,1184.04,1685.0,2020-09-01,110.0,18136.0,1.31948983025856,103.879994891095,22 SIMS DRIVE PENROSE SINGAPORE 387396,5.166503889250989,61.0,3,4,0,8,9,1,3.0,0.0,0,1
PENROSE,1581000.0,1044.11,1514.0,2020-09-01,97.0,16299.0,1.31948983025856,103.879994891095,22 SIMS DRIVE PENROSE SINGAPORE 387396,5.166503889250989,61.0,3,4,0,8,9,1,3.0,0.0,0,1
PENROSE,1603000.0,1054.87,1520.0,2020-09-01,98.0,16357.0,1.31948983025856,103.879994891095,22 SIMS DRIVE PENROSE SINGAPORE 387396,5.166503889250989,61.0,3,4,0,8,9,1,3.0,0.0,0,1
PENROSE,1592000.0,1044.11,1525.0,2020-09-01,97.0,16412.0,1.31948983025856,103.879994891095,22 SIMS DRIVE PENROSE SINGAPORE 387396,5.166503889250989,61.0,3,4,0,8,9,1,3.0,0.0,0,1
PENROSE,1598000.0,1044.11,1530.0,2020-09-01,97.0,16474.0,1.31948983025856,103.879994891095,22 SIMS DRIVE PENROSE SINGAPORE 387396,5.166503889250989,61.0,3,4,0,8,9,1,3.0,0.0,0,1
PENROSE,1626000.0,1054.87,1541.0,2020-09-01,98.0,16592.0,1.31948983025856,103.879994891095,22 SIMS DRIVE PENROSE SINGAPORE 387396,5.166503889250989,61.0,3,4,0,8,9,1,4.0,0.0,0,1
PENROSE,1798000.0,1054.87,1704.0,2020-09-01,98.0,18347.0,1.31948983025856,103.879994891095,22 SIMS DRIVE PENROSE SINGAPORE 387396,5.166503889250989,61.0,3,4,0,8,9,1,4.0,0.0,0,1
PENROSE,1616000.0,1044.11,1548.0,2020-09-01,97.0,16660.0,1.31948983025856,103.879994891095,22 SIMS DRIVE PENROSE SINGAPORE 387396,5.166503889250989,61.0,3,4,0,8,9,1,4.0,0.0,0,1
PENROSE,1481000.0,1054.87,1404.0,2020-09-01,98.0,15112.0,1.31948983025856,103.879994891095,22 SIMS DRIVE PENROSE SINGAPORE 387396,5.166503889250989,61.0,3,4,0,8,9,1,1.0,0.0,0,1
PENROSE,1484000.0,1044.11,1421.0,2020-09-01,97.0,15299.0,1.31948983025856,103.879994891095,22 SIMS DRIVE PENROSE SINGAPORE 387396,5.166503889250989,61.0,3,4,0,8,9,1,1.0,0.0,0,1
PENROSE,1490000.0,1044.11,1427.0,2020-09-01,97.0,15361.0,1.31948983025856,103.879994891095,22 SIMS DRIVE PENROSE SINGAPORE 387396,5.166503889250989,61.0,3,4,0,8,9,1,1.0,0.0,0,1
PENROSE,1551000.0,1054.87,1470.0,2020-09-01,98.0,15827.0,1.31948983025856,103.879994891095,22 SIMS DRIVE PENROSE SINGAPORE 387396,5.166503889250989,61.0,3,4,0,8,9,1,1.0,0.0,0,1
PENROSE,1554000.0,1044.11,1488.0,2020-09-01,97.0,16021.0,1.31948983025856,103.879994891095,22 SIMS DRIVE PENROSE SINGAPORE 387396,5.166503889250989,61.0,3,4,0,8,9,1,1.0,0.0,0,1
PENROSE,1556000.0,1054.87,1475.0,2020-09-01,98.0,15878.0,1.31948983025856,103.879994891095,22 SIMS DRIVE PENROSE SINGAPORE 387396,5.166503889250989,61.0,3,4,0,8,9,1,1.0,0.0,0,1
PENROSE,1560000.0,1044.11,1494.0,2020-09-01,97.0,16082.0,1.31948983025856,103.879994891095,22 SIMS DRIVE PENROSE SINGAPORE 387396,5.166503889250989,61.0,3,4,0,8,9,1,1.0,0.0,0,1
PENROSE,1566000.0,1044.11,1500.0,2020-09-01,97.0,16144.0,1.31948983025856,103.879994891095,22 SIMS DRIVE PENROSE SINGAPORE 387396,5.166503889250989,61.0,3,4,0,8,9,1,2.0,0.0,0,1
PENROSE,2225000.0,1399.32,1590.0,2020-09-01,130.0,17115.0,1.31948983025856,103.879994891095,22 SIMS DRIVE PENROSE SINGAPORE 387396,5.166503889250989,61.0,3,4,0,8,9,1,2.0,0.0,0,1
PENROSE,1572000.0,1044.11,1506.0,2020-09-01,97.0,16206.0,1.31948983025856,103.879994891095,22 SIMS DRIVE PENROSE SINGAPORE 387396,5.166503889250989,61.0,3,4,0,8,9,1,2.0,0.0,0,1
PENROSE,1574000.0,1054.87,1492.0,2020-09-01,98.0,16061.0,1.31948983025856,103.879994891095,22 SIMS DRIVE PENROSE SINGAPORE 387396,5.166503889250989,61.0,3,4,0,8,9,1,2.0,0.0,0,1
PENROSE,1577000.0,1044.11,1510.0,2020-09-01,97.0,16258.0,1.31948983025856,103.879994891095,22 SIMS DRIVE PENROSE SINGAPORE 387396,5.166503889250989,61.0,3,4,0,8,9,1,2.0,0.0,0,1
PENROSE,1580000.0,1054.87,1498.0,2020-09-01,98.0,16122.0,1.31948983025856,103.879994891095,22 SIMS DRIVE PENROSE SINGAPORE 387396,5.166503889250989,61.0,3,4,0,8,9,1,2.0,0.0,0,1
PENROSE,1583000.0,1044.11,1516.0,2020-09-01,97.0,16320.0,1.31948983025856,103.879994891095,22 SIMS DRIVE PENROSE SINGAPORE 387396,5.166503889250989,61.0,3,4,0,8,9,1,2.0,0.0,0,1
PENROSE,1586000.0,1054.87,1503.0,2020-09-01,98.0,16184.0,1.31948983025856,103.879994891095,22 SIMS DRIVE PENROSE SINGAPORE 387396,5.166503889250989,61.0,3,4,0,8,9,1,2.0,0.0,0,1
PENROSE,1589000.0,1044.11,1522.0,2020-09-01,97.0,16381.0,1.31948983025856,103.879994891095,22 SIMS DRIVE PENROSE SINGAPORE 387396,5.166503889250989,61.0,3,4,0,8,9,1,2.0,0.0,0,1
PENROSE,1595000.0,1044.11,1528.0,2020-09-01,97.0,16443.0,1.31948983025856,103.879994891095,22 SIMS DRIVE PENROSE SINGAPORE 387396,5.166503889250989,61.0,3,4,0,8,9,1,3.0,0.0,0,1
PENROSE,1601000.0,1044.11,1533.0,2020-09-01,97.0,16505.0,1.31948983025856,103.879994891095,22 SIMS DRIVE PENROSE SINGAPORE 387396,5.166503889250989,61.0,3,4,0,8,9,1,3.0,0.0,0,1
PENROSE,1603000.0,1054.87,1520.0,2020-09-01,98.0,16357.0,1.31948983025856,103.879994891095,22 SIMS DRIVE PENROSE SINGAPORE 387396,5.166503889250989,61.0,3,4,0,8,9,1,3.0,0.0,0,1
PENROSE,1607000.0,1044.11,1539.0,2020-09-01,97.0,16567.0,1.31948983025856,103.879994891095,22 SIMS DRIVE PENROSE SINGAPORE 387396,5.166503889250989,61.0,3,4,0,8,9,1,3.0,0.0,0,1
PENROSE,1612000.0,1044.11,1544.0,2020-09-01,97.0,16619.0,1.31948983025856,103.879994891095,22 SIMS DRIVE PENROSE SINGAPORE 387396,5.166503889250989,61.0,3,4,0,8,9,1,3.0,0.0,0,1
PENROSE,1618000.0,1044.11,1550.0,2020-09-01,97.0,16680.0,1.31948983025856,103.879994891095,22 SIMS DRIVE PENROSE SINGAPORE 387396,5.166503889250989,61.0,3,4,0,8,9,1,3.0,0.0,0,1
PENROSE,1620000.0,1054.87,1536.0,2020-09-01,98.0,16531.0,1.31948983025856,103.879994891095,22 SIMS DRIVE PENROSE SINGAPORE 387396,5.166503889250989,61.0,3,4,0,8,9,1,4.0,0.0,0,1
PENROSE,1626000.0,1054.87,1541.0,2020-09-01,98.0,16592.0,1.31948983025856,103.879994891095,22 SIMS DRIVE PENROSE SINGAPORE 387396,5.166503889250989,61.0,3,4,0,8,9,1,4.0,0.0,0,1
PENROSE,1636000.0,1044.11,1567.0,2020-09-01,97.0,16866.0,1.31948983025856,103.879994891095,22 SIMS DRIVE PENROSE SINGAPORE 387396,5.166503889250989,61.0,3,4,0,8,9,1,4.0,0.0,0,1
PENROSE,879000.0,516.67,1701.0,2020-09-01,48.0,18313.0,1.31948983025856,103.879994891095,22 SIMS DRIVE PENROSE SINGAPORE 387396,5.166503889250989,61.0,3,4,0,8,9,1,1.0,0.0,0,1
PENROSE,1165000.0,710.42,1640.0,2020-09-01,66.0,17652.0,1.31948983025856,103.879994891095,22 SIMS DRIVE PENROSE SINGAPORE 387396,5.166503889250989,61.0,3,4,0,8,9,1,1.0,0.0,0,1
PENROSE,1369000.0,936.47,1462.0,2020-09-01,87.0,15736.0,1.31948983025856,103.879994891095,22 SIMS DRIVE PENROSE SINGAPORE 387396,5.166503889250989,61.0,3,4,0,8,9,1,1.0,0.0,0,1
PENROSE,1562000.0,1065.64,1466.0,2020-09-01,99.0,15778.0,1.31948983025856,103.879994891095,22 SIMS DRIVE PENROSE SINGAPORE 387396,5.166503889250989,61.0,3,4,0,8,9,1,1.0,0.0,0,1
PENROSE,1173000.0,710.42,1651.0,2020-09-01,66.0,17773.0,1.31948983025856,103.879994891095,22 SIMS DRIVE PENROSE SINGAPORE 387396,5.166503889250989,61.0,3,4,0,8,9,1,1.0,0.0,0,1
PENROSE,1568000.0,1065.64,1471.0,2020-09-01,99.0,15838.0,1.31948983025856,103.879994891095,22 SIMS DRIVE PENROSE SINGAPORE 387396,5.166503889250989,61.0,3,4,0,8,9,1,1.0,0.0,0,1
PENROSE,1177000.0,710.42,1657.0,2020-09-01,66.0,17833.0,1.31948983025856,103.879994891095,22 SIMS DRIVE PENROSE SINGAPORE 387396,5.166503889250989,61.0,3,4,0,8,9,1,1.0,0.0,0,1
PENROSE,1177000.0,710.42,1657.0,2020-09-01,66.0,17833.0,1.31948983025856,103.879994891095,22 SIMS DRIVE PENROSE SINGAPORE 387396,5.166503889250989,61.0,3,4,0,8,9,1,1.0,0.0,0,1
PENROSE,1574000.0,968.76,1625.0,2020-09-01,90.0,17489.0,1.31948983025856,103.879994891095,22 SIMS DRIVE PENROSE SINGAPORE 387396,5.166503889250989,61.0,3,4,0,8,9,1,1.0,0.0,0,1
PENROSE,1574000.0,1065.64,1477.0,2020-09-01,99.0,15899.0,1.31948983025856,103.879994891095,22 SIMS DRIVE PENROSE SINGAPORE 387396,5.166503889250989,61.0,3,4,0,8,9,1,1.0,0.0,0,1
PENROSE,1125000.0,699.66,1608.0,2020-09-01,65.0,17308.0,1.31948983025856,103.879994891095,22 SIMS DRIVE PENROSE SINGAPORE 387396,5.166503889250989,61.0,3,4,0,8,9,1,1.0,0.0,0,1
PENROSE,1181000.0,710.42,1662.0,2020-09-01,66.0,17894.0,1.31948983025856,103.879994891095,22 SIMS DRIVE PENROSE SINGAPORE 387396,5.166503889250989,61.0,3,4,0,8,9,1,2.0,0.0,0,1
PENROSE,1579000.0,968.76,1630.0,2020-09-01,90.0,17544.0,1.31948983025856,103.879994891095,22 SIMS DRIVE PENROSE SINGAPORE 387396,5.166503889250989,61.0,3,4,0,8,9,1,2.0,0.0,0,1
PENROSE,1579000.0,1065.64,1482.0,2020-09-01,99.0,15949.0,1.31948983025856,103.879994891095,22 SIMS DRIVE PENROSE SINGAPORE 387396,5.166503889250989,61.0,3,4,0,8,9,1,2.0,0.0,0,1
PENROSE,1129000.0,699.66,1614.0,2020-09-01,65.0,17369.0,1.31948983025856,103.879994891095,22 SIMS DRIVE PENROSE SINGAPORE 387396,5.166503889250989,61.0,3,4,0,8,9,1,2.0,0.0,0,1
PENROSE,989000.0,645.84,1531.0,2020-09-01,60.0,16483.0,1.31948983025856,103.879994891095,22 SIMS DRIVE PENROSE SINGAPORE 387396,5.166503889250989,61.0,3,4,0,8,9,1,2.0,0.0,0,1
PENROSE,1412000.0,936.47,1508.0,2020-09-01,87.0,16230.0,1.31948983025856,103.879994891095,22 SIMS DRIVE PENROSE SINGAPORE 387396,5.166503889250989,61.0,3,4,0,8,9,1,2.0,0.0,0,1
PENROSE,1185000.0,710.42,1668.0,2020-09-01,66.0,17955.0,1.31948983025856,103.879994891095,22 SIMS DRIVE PENROSE SINGAPORE 387396,5.166503889250989,61.0,3,4,0,8,9,1,2.0,0.0,0,1
PENROSE,1185000.0,710.42,1668.0,2020-09-01,66.0,17955.0,1.31948983025856,103.879994891095,22 SIMS DRIVE PENROSE SINGAPORE 387396,5.166503889250989,61.0,3,4,0,8,9,1,2.0,0.0,0,1
PENROSE,1605000.0,1065.64,1506.0,2020-09-01,99.0,16212.0,1.31948983025856,103.879994891095,22 SIMS DRIVE PENROSE SINGAPORE 387396,5.166503889250989,61.0,3,4,0,8,9,1,2.0,0.0,0,1
PENROSE,993000.0,645.84,1538.0,2020-09-01,60.0,16550.0,1.31948983025856,103.879994891095,22 SIMS DRIVE PENROSE SINGAPORE 387396,5.166503889250989,61.0,3,4,0,8,9,1,2.0,0.0,0,1
PENROSE,1417000.0,936.47,1513.0,2020-09-01,87.0,16287.0,1.31948983025856,103.879994891095,22 SIMS DRIVE PENROSE SINGAPORE 387396,5.166503889250989,61.0,3,4,0,8,9,1,2.0,0.0,0,1
PENROSE,1576000.0,979.52,1609.0,2020-09-01,91.0,17319.0,1.31948983025856,103.879994891095,22 SIMS DRIVE PENROSE SINGAPORE 387396,5.166503889250989,61.0,3,4,0,8,9,1,2.0,0.0,0,1
PENROSE,1610000.0,1065.64,1511.0,2020-09-01,99.0,16263.0,1.31948983025856,103.879994891095,22 SIMS DRIVE PENROSE SINGAPORE 387396,5.166503889250989,61.0,3,4,0,8,9,1,2.0,0.0,0,1
PENROSE,1597000.0,968.76,1648.0,2020-09-01,90.0,17744.0,1.31948983025856,103.879994891095,22 SIMS DRIVE PENROSE SINGAPORE 387396,5.166503889250989,61.0,3,4,0,8,9,1,2.0,0.0,0,1
PENROSE,1616000.0,1065.64,1516.0,2020-09-01,99.0,16323.0,1.31948983025856,103.879994891095,22 SIMS DRIVE PENROSE SINGAPORE 387396,5.166503889250989,61.0,3,4,0,8,9,1,2.0,0.0,0,1
PENROSE,1622000.0,1065.64,1522.0,2020-09-01,99.0,16384.0,1.31948983025856,103.879994891095,22 SIMS DRIVE PENROSE SINGAPORE 387396,5.166503889250989,61.0,3,4,0,8,9,1,2.0,0.0,0,1
PENROSE,1005000.0,645.84,1556.0,2020-09-01,60.0,16750.0,1.31948983025856,103.879994891095,22 SIMS DRIVE PENROSE SINGAPORE 387396,5.166503889250989,61.0,3,4,0,8,9,1,3.0,0.0,0,1
PENROSE,1200000.0,710.42,1689.0,2020-09-01,66.0,18182.0,1.31948983025856,103.879994891095,22 SIMS DRIVE PENROSE SINGAPORE 387396,5.166503889250989,61.0,3,4,0,8,9,1,3.0,0.0,0,1
PENROSE,1628000.0,1065.64,1528.0,2020-09-01,99.0,16444.0,1.31948983025856,103.879994891095,22 SIMS DRIVE PENROSE SINGAPORE 387396,5.166503889250989,61.0,3,4,0,8,9,1,3.0,0.0,0,1
PENROSE,1009000.0,645.84,1562.0,2020-09-01,60.0,16817.0,1.31948983025856,103.879994891095,22 SIMS DRIVE PENROSE SINGAPORE 387396,5.166503889250989,61.0,3,4,0,8,9,1,3.0,0.0,0,1
PENROSE,1634000.0,1065.64,1533.0,2020-09-01,99.0,16505.0,1.31948983025856,103.879994891095,22 SIMS DRIVE PENROSE SINGAPORE 387396,5.166503889250989,61.0,3,4,0,8,9,1,3.0,0.0,0,1
PENROSE,1446000.0,936.47,1544.0,2020-09-01,87.0,16621.0,1.31948983025856,103.879994891095,22 SIMS DRIVE PENROSE SINGAPORE 387396,5.166503889250989,61.0,3,4,0,8,9,1,3.0,0.0,0,1
PENROSE,1208000.0,710.42,1700.0,2020-09-01,66.0,18303.0,1.31948983025856,103.879994891095,22 SIMS DRIVE PENROSE SINGAPORE 387396,5.166503889250989,61.0,3,4,0,8,9,1,3.0,0.0,0,1
PENROSE,1208000.0,710.42,1700.0,2020-09-01,66.0,18303.0,1.31948983025856,103.879994891095,22 SIMS DRIVE PENROSE SINGAPORE 387396,5.166503889250989,61.0,3,4,0,8,9,1,3.0,0.0,0,1
PENROSE,1640000.0,1065.64,1539.0,2020-09-01,99.0,16566.0,1.31948983025856,103.879994891095,22 SIMS DRIVE PENROSE SINGAPORE 387396,5.166503889250989,61.0,3,4,0,8,9,1,3.0,0.0,0,1
PENROSE,1171000.0,699.66,1674.0,2020-09-01,65.0,18015.0,1.31948983025856,103.879994891095,22 SIMS DRIVE PENROSE SINGAPORE 387396,5.166503889250989,61.0,3,4,0,8,9,1,3.0,0.0,0,1
PENROSE,1212000.0,710.42,1706.0,2020-09-01,66.0,18364.0,1.31948983025856,103.879994891095,22 SIMS DRIVE PENROSE SINGAPORE 387396,5.166503889250989,61.0,3,4,0,8,9,1,3.0,0.0,0,1
PENROSE,1645000.0,1065.64,1544.0,2020-09-01,99.0,16616.0,1.31948983025856,103.879994891095,22 SIMS DRIVE PENROSE SINGAPORE 387396,5.166503889250989,61.0,3,4,0,8,9,1,3.0,0.0,0,1
PENROSE,1020000.0,645.84,1579.0,2020-09-01,60.0,17000.0,1.31948983025856,103.879994891095,22 SIMS DRIVE PENROSE SINGAPORE 387396,5.166503889250989,61.0,3,4,0,8,9,1,3.0,0.0,0,1
PENROSE,1216000.0,710.42,1712.0,2020-09-01,66.0,18424.0,1.31948983025856,103.879994891095,22 SIMS DRIVE PENROSE SINGAPORE 387396,5.166503889250989,61.0,3,4,0,8,9,1,3.0,0.0,0,1
PENROSE,1182000.0,699.66,1689.0,2020-09-01,65.0,18185.0,1.31948983025856,103.879994891095,22 SIMS DRIVE PENROSE SINGAPORE 387396,5.166503889250989,61.0,3,4,0,8,9,1,4.0,0.0,0,1
PENROSE,997200.0,645.84,1544.0,2020-09-01,60.0,16620.0,1.31948983025856,103.879994891095,22 SIMS DRIVE PENROSE SINGAPORE 387396,5.166503889250989,61.0,3,4,0,8,9,1,4.0,0.0,0,1
PENROSE,1470000.0,936.47,1570.0,2020-09-01,87.0,16897.0,1.31948983025856,103.879994891095,22 SIMS DRIVE PENROSE SINGAPORE 387396,5.166503889250989,61.0,3,4,0,8,9,1,4.0,0.0,0,1
PENROSE,1223000.0,710.42,1722.0,2020-09-01,66.0,18530.0,1.31948983025856,103.879994891095,22 SIMS DRIVE PENROSE SINGAPORE 387396,5.166503889250989,61.0,3,4,0,8,9,1,4.0,0.0,0,1
PENROSE,1663000.0,1065.64,1561.0,2020-09-01,99.0,16798.0,1.31948983025856,103.879994891095,22 SIMS DRIVE PENROSE SINGAPORE 387396,5.166503889250989,61.0,3,4,0,8,9,1,4.0,0.0,0,1
PENROSE,1186000.0,699.66,1695.0,2020-09-01,65.0,18246.0,1.31948983025856,103.879994891095,22 SIMS DRIVE PENROSE SINGAPORE 387396,5.166503889250989,61.0,3,4,0,8,9,1,4.0,0.0,0,1
PENROSE,1227000.0,710.42,1727.0,2020-09-01,66.0,18591.0,1.31948983025856,103.879994891095,22 SIMS DRIVE PENROSE SINGAPORE 387396,5.166503889250989,61.0,3,4,0,8,9,1,4.0,0.0,0,1
TEDGE,1637600.0,947.23,1729.0,2020-09-01,88.0,18609.0,1.3180672677589,103.908811491066,328 CHANGI ROAD TEDGE SINGAPORE 419803,7.512024356099393,61.0,2,1,0,1,14,15,1.0,0.0,0,2
PARC ESTA,1240000.0,688.9,1800.0,2020-09-01,64.0,19375.0,1.31786521916555,103.903967184717,904 SIMS AVENUE PARC ESTA SINGAPORE 408968,7.043509290403673,61.0,1,4,0,1,13,16,4.0,0.0,0,1
PENROSE,840000.0,484.38,1734.0,2020-09-01,45.0,18667.0,1.31948983025856,103.879994891095,22 SIMS DRIVE PENROSE SINGAPORE 387396,5.166503889250989,61.0,3,4,0,8,9,1,1.0,0.0,0,1
PENROSE,971000.0,559.73,1735.0,2020-09-01,52.0,18673.0,1.31948983025856,103.879994891095,22 SIMS DRIVE PENROSE SINGAPORE 387396,5.166503889250989,61.0,3,4,0,8,9,1,1.0,0.0,0,1
PENROSE,788000.0,473.62,1664.0,2020-09-01,44.0,17909.0,1.31948983025856,103.879994891095,22 SIMS DRIVE PENROSE SINGAPORE 387396,5.166503889250989,61.0,3,4,0,8,9,1,1.0,0.0,0,1
PENROSE,823000.0,484.38,1699.0,2020-09-01,45.0,18289.0,1.31948983025856,103.879994891095,22 SIMS DRIVE PENROSE SINGAPORE 387396,5.166503889250989,61.0,3,4,0,8,9,1,1.0,0.0,0,1
PENROSE,826000.0,484.38,1705.0,2020-09-01,45.0,18356.0,1.31948983025856,103.879994891095,22 SIMS DRIVE PENROSE SINGAPORE 387396,5.166503889250989,61.0,3,4,0,8,9,1,1.0,0.0,0,1
PENROSE,1324000.0,807.3,1640.0,2020-09-01,75.0,17653.0,1.31948983025856,103.879994891095,22 SIMS DRIVE PENROSE SINGAPORE 387396,5.166503889250989,61.0,3,4,0,8,9,1,1.0,0.0,0,1
PENROSE,794000.0,473.62,1676.0,2020-09-01,44.0,18045.0,1.31948983025856,103.879994891095,22 SIMS DRIVE PENROSE SINGAPORE 387396,5.166503889250989,61.0,3,4,0,8,9,1,1.0,0.0,0,1
PENROSE,829000.0,484.38,1711.0,2020-09-01,45.0,18422.0,1.31948983025856,103.879994891095,22 SIMS DRIVE PENROSE SINGAPORE 387396,5.166503889250989,61.0,3,4,0,8,9,1,1.0,0.0,0,1
PENROSE,963000.0,645.84,1491.0,2020-09-01,60.0,16050.0,1.31948983025856,103.879994891095,22 SIMS DRIVE PENROSE SINGAPORE 387396,5.166503889250989,61.0,3,4,0,8,9,1,1.0,0.0,0,1
PENROSE,1380000.0,958.0,1441.0,2020-09-01,89.0,15506.0,1.31948983025856,103.879994891095,22 SIMS DRIVE PENROSE SINGAPORE 387396,5.166503889250989,61.0,3,4,0,8,9,1,1.0,0.0,0,1
PENROSE,837000.0,495.14,1690.0,2020-09-01,46.0,18196.0,1.31948983025856,103.879994891095,22 SIMS DRIVE PENROSE SINGAPORE 387396,5.166503889250989,61.0,3,4,0,8,9,1,1.0,0.0,0,1
PENROSE,948000.0,645.84,1468.0,2020-09-01,60.0,15800.0,1.31948983025856,103.879994891095,22 SIMS DRIVE PENROSE SINGAPORE 387396,5.166503889250989,61.0,3,4,0,8,9,1,2.0,0.0,0,1
PENROSE,1341000.0,947.23,1416.0,2020-09-01,88.0,15239.0,1.31948983025856,103.879994891095,22 SIMS DRIVE PENROSE SINGAPORE 387396,5.166503889250989,61.0,3,4,0,8,9,1,2.0,0.0,0,1
PENROSE,800000.0,473.62,1689.0,2020-09-01,44.0,18182.0,1.31948983025856,103.879994891095,22 SIMS DRIVE PENROSE SINGAPORE 387396,5.166503889250989,61.0,3,4,0,8,9,1,2.0,0.0,0,1
PENROSE,835000.0,484.38,1724.0,2020-09-01,45.0,18556.0,1.31948983025856,103.879994891095,22 SIMS DRIVE PENROSE SINGAPORE 387396,5.166503889250989,61.0,3,4,0,8,9,1,2.0,0.0,0,1
PENROSE,1336000.0,807.3,1655.0,2020-09-01,75.0,17813.0,1.31948983025856,103.879994891095,22 SIMS DRIVE PENROSE SINGAPORE 387396,5.166503889250989,61.0,3,4,0,8,9,1,2.0,0.0,0,1
PENROSE,952000.0,645.84,1474.0,2020-09-01,60.0,15867.0,1.31948983025856,103.879994891095,22 SIMS DRIVE PENROSE SINGAPORE 387396,5.166503889250989,61.0,3,4,0,8,9,1,2.0,0.0,0,1
PENROSE,803000.0,473.62,1695.0,2020-09-01,44.0,18250.0,1.31948983025856,103.879994891095,22 SIMS DRIVE PENROSE SINGAPORE 387396,5.166503889250989,61.0,3,4,0,8,9,1,2.0,0.0,0,1
PENROSE,1340000.0,807.3,1660.0,2020-09-01,75.0,17867.0,1.31948983025856,103.879994891095,22 SIMS DRIVE PENROSE SINGAPORE 387396,5.166503889250989,61.0,3,4,0,8,9,1,2.0,0.0,0,1
PENROSE,952000.0,645.84,1474.0,2020-09-01,60.0,15867.0,1.31948983025856,103.879994891095,22 SIMS DRIVE PENROSE SINGAPORE 387396,5.166503889250989,61.0,3,4,0,8,9,1,2.0,0.0,0,1
PENROSE,1344000.0,807.3,1665.0,2020-09-01,75.0,17920.0,1.31948983025856,103.879994891095,22 SIMS DRIVE PENROSE SINGAPORE 387396,5.166503889250989,61.0,3,4,0,8,9,1,2.0,0.0,0,1
PENROSE,1368000.0,958.0,1428.0,2020-09-01,89.0,15371.0,1.31948983025856,103.879994891095,22 SIMS DRIVE PENROSE SINGAPORE 387396,5.166503889250989,61.0,3,4,0,8,9,1,2.0,0.0,0,1
PENROSE,956000.0,645.84,1480.0,2020-09-01,60.0,15933.0,1.31948983025856,103.879994891095,22 SIMS DRIVE PENROSE SINGAPORE 387396,5.166503889250989,61.0,3,4,0,8,9,1,2.0,0.0,0,1
PENROSE,960000.0,645.84,1486.0,2020-09-01,60.0,16000.0,1.31948983025856,103.879994891095,22 SIMS DRIVE PENROSE SINGAPORE 387396,5.166503889250989,61.0,3,4,0,8,9,1,2.0,0.0,0,1
PENROSE,1359000.0,947.23,1435.0,2020-09-01,88.0,15443.0,1.31948983025856,103.879994891095,22 SIMS DRIVE PENROSE SINGAPORE 387396,5.166503889250989,61.0,3,4,0,8,9,1,2.0,0.0,0,1
PENROSE,809000.0,473.62,1708.0,2020-09-01,44.0,18386.0,1.31948983025856,103.879994891095,22 SIMS DRIVE PENROSE SINGAPORE 387396,5.166503889250989,61.0,3,4,0,8,9,1,2.0,0.0,0,1
PENROSE,844000.0,484.38,1742.0,2020-09-01,45.0,18756.0,1.31948983025856,103.879994891095,22 SIMS DRIVE PENROSE SINGAPORE 387396,5.166503889250989,61.0,3,4,0,8,9,1,2.0,0.0,0,1
PENROSE,1348000.0,807.3,1670.0,2020-09-01,75.0,17973.0,1.31948983025856,103.879994891095,22 SIMS DRIVE PENROSE SINGAPORE 387396,5.166503889250989,61.0,3,4,0,8,9,1,2.0,0.0,0,1
PENROSE,1374000.0,958.0,1434.0,2020-09-01,89.0,15438.0,1.31948983025856,103.879994891095,22 SIMS DRIVE PENROSE SINGAPORE 387396,5.166503889250989,61.0,3,4,0,8,9,1,2.0,0.0,0,1
PENROSE,960000.0,645.84,1486.0,2020-09-01,60.0,16000.0,1.31948983025856,103.879994891095,22 SIMS DRIVE PENROSE SINGAPORE 387396,5.166503889250989,61.0,3,4,0,8,9,1,2.0,0.0,0,1
PENROSE,1364000.0,947.23,1440.0,2020-09-01,88.0,15500.0,1.31948983025856,103.879994891095,22 SIMS DRIVE PENROSE SINGAPORE 387396,5.166503889250989,61.0,3,4,0,8,9,1,2.0,0.0,0,1
PENROSE,847000.0,484.38,1749.0,2020-09-01,45.0,18822.0,1.31948983025856,103.879994891095,22 SIMS DRIVE PENROSE SINGAPORE 387396,5.166503889250989,61.0,3,4,0,8,9,1,2.0,0.0,0,1
PENROSE,1380000.0,958.0,1441.0,2020-09-01,89.0,15506.0,1.31948983025856,103.879994891095,22 SIMS DRIVE PENROSE SINGAPORE 387396,5.166503889250989,61.0,3,4,0,8,9,1,2.0,0.0,0,1
PENROSE,967000.0,645.84,1497.0,2020-09-01,60.0,16117.0,1.31948983025856,103.879994891095,22 SIMS DRIVE PENROSE SINGAPORE 387396,5.166503889250989,61.0,3,4,0,8,9,1,3.0,0.0,0,1
PENROSE,1370000.0,947.23,1446.0,2020-09-01,88.0,15568.0,1.31948983025856,103.879994891095,22 SIMS DRIVE PENROSE SINGAPORE 387396,5.166503889250989,61.0,3,4,0,8,9,1,3.0,0.0,0,1
PENROSE,849000.0,484.38,1753.0,2020-09-01,45.0,18867.0,1.31948983025856,103.879994891095,22 SIMS DRIVE PENROSE SINGAPORE 387396,5.166503889250989,61.0,3,4,0,8,9,1,3.0,0.0,0,1
PENROSE,1355000.0,807.3,1678.0,2020-09-01,75.0,18067.0,1.31948983025856,103.879994891095,22 SIMS DRIVE PENROSE SINGAPORE 387396,5.166503889250989,61.0,3,4,0,8,9,1,3.0,0.0,0,1
PENROSE,1386000.0,958.0,1447.0,2020-09-01,89.0,15573.0,1.31948983025856,103.879994891095,22 SIMS DRIVE PENROSE SINGAPORE 387396,5.166503889250989,61.0,3,4,0,8,9,1,3.0,0.0,0,1
PENROSE,971000.0,645.84,1503.0,2020-09-01,60.0,16183.0,1.31948983025856,103.879994891095,22 SIMS DRIVE PENROSE SINGAPORE 387396,5.166503889250989,61.0,3,4,0,8,9,1,3.0,0.0,0,1
PENROSE,1376000.0,947.23,1453.0,2020-09-01,88.0,15636.0,1.31948983025856,103.879994891095,22 SIMS DRIVE PENROSE SINGAPORE 387396,5.166503889250989,61.0,3,4,0,8,9,1,3.0,0.0,0,1
PENROSE,1359000.0,807.3,1683.0,2020-09-01,75.0,18120.0,1.31948983025856,103.879994891095,22 SIMS DRIVE PENROSE SINGAPORE 387396,5.166503889250989,61.0,3,4,0,8,9,1,3.0,0.0,0,1
PENROSE,1392000.0,958.0,1453.0,2020-09-01,89.0,15640.0,1.31948983025856,103.879994891095,22 SIMS DRIVE PENROSE SINGAPORE 387396,5.166503889250989,61.0,3,4,0,8,9,1,3.0,0.0,0,1
PENROSE,971000.0,645.84,1503.0,2020-09-01,60.0,16183.0,1.31948983025856,103.879994891095,22 SIMS DRIVE PENROSE SINGAPORE 387396,5.166503889250989,61.0,3,4,0,8,9,1,3.0,0.0,0,1
PENROSE,820000.0,473.62,1731.0,2020-09-01,44.0,18636.0,1.31948983025856,103.879994891095,22 SIMS DRIVE PENROSE SINGAPORE 387396,5.166503889250989,61.0,3,4,0,8,9,1,3.0,0.0,0,1
PENROSE,855000.0,484.38,1765.0,2020-09-01,45.0,19000.0,1.31948983025856,103.879994891095,22 SIMS DRIVE PENROSE SINGAPORE 387396,5.166503889250989,61.0,3,4,0,8,9,1,3.0,0.0,0,1
PENROSE,1363000.0,807.3,1688.0,2020-09-01,75.0,18173.0,1.31948983025856,103.879994891095,22 SIMS DRIVE PENROSE SINGAPORE 387396,5.166503889250989,61.0,3,4,0,8,9,1,3.0,0.0,0,1
PENROSE,975000.0,645.84,1510.0,2020-09-01,60.0,16250.0,1.31948983025856,103.879994891095,22 SIMS DRIVE PENROSE SINGAPORE 387396,5.166503889250989,61.0,3,4,0,8,9,1,3.0,0.0,0,1
PENROSE,979000.0,645.84,1516.0,2020-09-01,60.0,16317.0,1.31948983025856,103.879994891095,22 SIMS DRIVE PENROSE SINGAPORE 387396,5.166503889250989,61.0,3,4,0,8,9,1,3.0,0.0,0,1
PENROSE,1388000.0,947.23,1465.0,2020-09-01,88.0,15773.0,1.31948983025856,103.879994891095,22 SIMS DRIVE PENROSE SINGAPORE 387396,5.166503889250989,61.0,3,4,0,8,9,1,3.0,0.0,0,1
PENROSE,823000.0,473.62,1738.0,2020-09-01,44.0,18705.0,1.31948983025856,103.879994891095,22 SIMS DRIVE PENROSE SINGAPORE 387396,5.166503889250989,61.0,3,4,0,8,9,1,3.0,0.0,0,1
PENROSE,858000.0,484.38,1771.0,2020-09-01,45.0,19067.0,1.31948983025856,103.879994891095,22 SIMS DRIVE PENROSE SINGAPORE 387396,5.166503889250989,61.0,3,4,0,8,9,1,3.0,0.0,0,1
PENROSE,1367000.0,807.3,1693.0,2020-09-01,75.0,18227.0,1.31948983025856,103.879994891095,22 SIMS DRIVE PENROSE SINGAPORE 387396,5.166503889250989,61.0,3,4,0,8,9,1,3.0,0.0,0,1
PENROSE,1403000.0,958.0,1465.0,2020-09-01,89.0,15764.0,1.31948983025856,103.879994891095,22 SIMS DRIVE PENROSE SINGAPORE 387396,5.166503889250989,61.0,3,4,0,8,9,1,3.0,0.0,0,1
PENROSE,979000.0,645.84,1516.0,2020-09-01,60.0,16317.0,1.31948983025856,103.879994891095,22 SIMS DRIVE PENROSE SINGAPORE 387396,5.166503889250989,61.0,3,4,0,8,9,1,3.0,0.0,0,1
PENROSE,1393000.0,947.23,1471.0,2020-09-01,88.0,15830.0,1.31948983025856,103.879994891095,22 SIMS DRIVE PENROSE SINGAPORE 387396,5.166503889250989,61.0,3,4,0,8,9,1,3.0,0.0,0,1
PENROSE,861000.0,484.38,1778.0,2020-09-01,45.0,19133.0,1.31948983025856,103.879994891095,22 SIMS DRIVE PENROSE SINGAPORE 387396,5.166503889250989,61.0,3,4,0,8,9,1,3.0,0.0,0,1
PENROSE,1371000.0,807.3,1698.0,2020-09-01,75.0,18280.0,1.31948983025856,103.879994891095,22 SIMS DRIVE PENROSE SINGAPORE 387396,5.166503889250989,61.0,3,4,0,8,9,1,3.0,0.0,0,1
PENROSE,1399000.0,947.23,1477.0,2020-09-01,88.0,15898.0,1.31948983025856,103.879994891095,22 SIMS DRIVE PENROSE SINGAPORE 387396,5.166503889250989,61.0,3,4,0,8,9,1,4.0,0.0,0,1
PENROSE,829000.0,473.62,1750.0,2020-09-01,44.0,18841.0,1.31948983025856,103.879994891095,22 SIMS DRIVE PENROSE SINGAPORE 387396,5.166503889250989,61.0,3,4,0,8,9,1,4.0,0.0,0,1
PENROSE,1375000.0,807.3,1703.0,2020-09-01,75.0,18333.0,1.31948983025856,103.879994891095,22 SIMS DRIVE PENROSE SINGAPORE 387396,5.166503889250989,61.0,3,4,0,8,9,1,4.0,0.0,0,1
PENROSE,987000.0,645.84,1528.0,2020-09-01,60.0,16450.0,1.31948983025856,103.879994891095,22 SIMS DRIVE PENROSE SINGAPORE 387396,5.166503889250989,61.0,3,4,0,8,9,1,4.0,0.0,0,1
PENROSE,991000.0,645.84,1534.0,2020-09-01,60.0,16517.0,1.31948983025856,103.879994891095,22 SIMS DRIVE PENROSE SINGAPORE 387396,5.166503889250989,61.0,3,4,0,8,9,1,4.0,0.0,0,1
PENROSE,832000.0,473.62,1757.0,2020-09-01,44.0,18909.0,1.31948983025856,103.879994891095,22 SIMS DRIVE PENROSE SINGAPORE 387396,5.166503889250989,61.0,3,4,0,8,9,1,4.0,0.0,0,1
PENROSE,991000.0,645.84,1534.0,2020-09-01,60.0,16517.0,1.31948983025856,103.879994891095,22 SIMS DRIVE PENROSE SINGAPORE 387396,5.166503889250989,61.0,3,4,0,8,9,1,4.0,0.0,0,1
PENROSE,994000.0,645.84,1539.0,2020-09-01,60.0,16567.0,1.31948983025856,103.879994891095,22 SIMS DRIVE PENROSE SINGAPORE 387396,5.166503889250989,61.0,3,4,0,8,9,1,4.0,0.0,0,1
PENROSE,1411000.0,947.23,1490.0,2020-09-01,88.0,16034.0,1.31948983025856,103.879994891095,22 SIMS DRIVE PENROSE SINGAPORE 387396,5.166503889250989,61.0,3,4,0,8,9,1,4.0,0.0,0,1
PENROSE,870000.0,484.38,1796.0,2020-09-01,45.0,19333.0,1.31948983025856,103.879994891095,22 SIMS DRIVE PENROSE SINGAPORE 387396,5.166503889250989,61.0,3,4,0,8,9,1,4.0,0.0,0,1
PENROSE,1382000.0,807.3,1712.0,2020-09-01,75.0,18427.0,1.31948983025856,103.879994891095,22 SIMS DRIVE PENROSE SINGAPORE 387396,5.166503889250989,61.0,3,4,0,8,9,1,4.0,0.0,0,1
PENROSE,994000.0,645.84,1539.0,2020-09-01,60.0,16567.0,1.31948983025856,103.879994891095,22 SIMS DRIVE PENROSE SINGAPORE 387396,5.166503889250989,61.0,3,4,0,8,9,1,4.0,0.0,0,1
URBAN TREASURES,802800.0,452.09,1776.0,2020-09-01,42.0,19114.0,1.32936720206385,103.905791323853,205 JALAN EUNOS URBAN TREASURES SINGAPORE 419535,7.966767145631702,61.0,2,0,0,2,6,11,1.0,0.0,1,2
PENROSE,849000.0,473.62,1793.0,2020-09-01,44.0,19295.0,1.31948983025856,103.879994891095,22 SIMS DRIVE PENROSE SINGAPORE 387396,5.166503889250989,61.0,3,4,0,8,9,1,1.0,0.0,0,1
PENROSE,1213000.0,699.66,1734.0,2020-09-01,65.0,18662.0,1.31948983025856,103.879994891095,22 SIMS DRIVE PENROSE SINGAPORE 387396,5.166503889250989,61.0,3,4,0,8,9,1,1.0,0.0,0,1
PENROSE,832000.0,473.62,1757.0,2020-09-01,44.0,18909.0,1.31948983025856,103.879994891095,22 SIMS DRIVE PENROSE SINGAPORE 387396,5.166503889250989,61.0,3,4,0,8,9,1,1.0,0.0,0,1
PENROSE,1198000.0,699.66,1712.0,2020-09-01,65.0,18431.0,1.31948983025856,103.879994891095,22 SIMS DRIVE PENROSE SINGAPORE 387396,5.166503889250989,61.0,3,4,0,8,9,1,1.0,0.0,0,1
PENROSE,835000.0,473.62,1763.0,2020-09-01,44.0,18977.0,1.31948983025856,103.879994891095,22 SIMS DRIVE PENROSE SINGAPORE 387396,5.166503889250989,61.0,3,4,0,8,9,1,1.0,0.0,0,1
PENROSE,1202000.0,699.66,1718.0,2020-09-01,65.0,18492.0,1.31948983025856,103.879994891095,22 SIMS DRIVE PENROSE SINGAPORE 387396,5.166503889250989,61.0,3,4,0,8,9,1,1.0,0.0,0,1
PENROSE,838000.0,473.62,1769.0,2020-09-01,44.0,19045.0,1.31948983025856,103.879994891095,22 SIMS DRIVE PENROSE SINGAPORE 387396,5.166503889250989,61.0,3,4,0,8,9,1,1.0,0.0,0,1
PENROSE,1365000.0,796.54,1714.0,2020-09-01,74.0,18446.0,1.31948983025856,103.879994891095,22 SIMS DRIVE PENROSE SINGAPORE 387396,5.166503889250989,61.0,3,4,0,8,9,1,1.0,0.0,0,1
PENROSE,1205000.0,699.66,1722.0,2020-09-01,65.0,18538.0,1.31948983025856,103.879994891095,22 SIMS DRIVE PENROSE SINGAPORE 387396,5.166503889250989,61.0,3,4,0,8,9,1,1.0,0.0,0,1
PENROSE,963000.0,645.84,1491.0,2020-09-01,60.0,16050.0,1.31948983025856,103.879994891095,22 SIMS DRIVE PENROSE SINGAPORE 387396,5.166503889250989,61.0,3,4,0,8,9,1,1.0,0.0,0,1
PENROSE,841000.0,473.62,1776.0,2020-09-01,44.0,19114.0,1.31948983025856,103.879994891095,22 SIMS DRIVE PENROSE SINGAPORE 387396,5.166503889250989,61.0,3,4,0,8,9,1,1.0,0.0,0,1
PENROSE,1209000.0,699.66,1728.0,2020-09-01,65.0,18600.0,1.31948983025856,103.879994891095,22 SIMS DRIVE PENROSE SINGAPORE 387396,5.166503889250989,61.0,3,4,0,8,9,1,1.0,0.0,0,1
PENROSE,1349000.0,936.47,1441.0,2020-09-01,87.0,15506.0,1.31948983025856,103.879994891095,22 SIMS DRIVE PENROSE SINGAPORE 387396,5.166503889250989,61.0,3,4,0,8,9,1,1.0,0.0,0,1
PENROSE,948000.0,645.84,1468.0,2020-09-01,60.0,15800.0,1.31948983025856,103.879994891095,22 SIMS DRIVE PENROSE SINGAPORE 387396,5.166503889250989,61.0,3,4,0,8,9,1,2.0,0.0,0,1
PENROSE,1357000.0,958.0,1416.0,2020-09-01,89.0,15247.0,1.31948983025856,103.879994891095,22 SIMS DRIVE PENROSE SINGAPORE 387396,5.166503889250989,61.0,3,4,0,8,9,1,2.0,0.0,0,1
PENROSE,844000.0,473.62,1782.0,2020-09-01,44.0,19182.0,1.31948983025856,103.879994891095,22 SIMS DRIVE PENROSE SINGAPORE 387396,5.166503889250989,61.0,3,4,0,8,9,1,2.0,0.0,0,1
PENROSE,1213000.0,699.66,1734.0,2020-09-01,65.0,18662.0,1.31948983025856,103.879994891095,22 SIMS DRIVE PENROSE SINGAPORE 387396,5.166503889250989,61.0,3,4,0,8,9,1,2.0,0.0,0,1
PENROSE,948000.0,645.84,1468.0,2020-09-01,60.0,15800.0,1.31948983025856,103.879994891095,22 SIMS DRIVE PENROSE SINGAPORE 387396,5.166503889250989,61.0,3,4,0,8,9,1,2.0,0.0,0,1
PENROSE,952000.0,645.84,1474.0,2020-09-01,60.0,15867.0,1.31948983025856,103.879994891095,22 SIMS DRIVE PENROSE SINGAPORE 387396,5.166503889250989,61.0,3,4,0,8,9,1,2.0,0.0,0,1
PENROSE,1362000.0,958.0,1422.0,2020-09-01,89.0,15303.0,1.31948983025856,103.879994891095,22 SIMS DRIVE PENROSE SINGAPORE 387396,5.166503889250989,61.0,3,4,0,8,9,1,2.0,0.0,0,1
PENROSE,1217000.0,699.66,1739.0,2020-09-01,65.0,18723.0,1.31948983025856,103.879994891095,22 SIMS DRIVE PENROSE SINGAPORE 387396,5.166503889250989,61.0,3,4,0,8,9,1,2.0,0.0,0,1
PENROSE,952000.0,645.84,1474.0,2020-09-01,60.0,15867.0,1.31948983025856,103.879994891095,22 SIMS DRIVE PENROSE SINGAPORE 387396,5.166503889250989,61.0,3,4,0,8,9,1,2.0,0.0,0,1
PENROSE,956000.0,645.84,1480.0,2020-09-01,60.0,15933.0,1.31948983025856,103.879994891095,22 SIMS DRIVE PENROSE SINGAPORE 387396,5.166503889250989,61.0,3,4,0,8,9,1,2.0,0.0,0,1
PENROSE,850000.0,473.62,1795.0,2020-09-01,44.0,19318.0,1.31948983025856,103.879994891095,22 SIMS DRIVE PENROSE SINGAPORE 387396,5.166503889250989,61.0,3,4,0,8,9,1,2.0,0.0,0,1
PENROSE,1221000.0,699.66,1745.0,2020-09-01,65.0,18785.0,1.31948983025856,103.879994891095,22 SIMS DRIVE PENROSE SINGAPORE 387396,5.166503889250989,61.0,3,4,0,8,9,1,2.0,0.0,0,1
PENROSE,1337000.0,936.47,1428.0,2020-09-01,87.0,15368.0,1.31948983025856,103.879994891095,22 SIMS DRIVE PENROSE SINGAPORE 387396,5.166503889250989,61.0,3,4,0,8,9,1,2.0,0.0,0,1
PENROSE,1374000.0,958.0,1434.0,2020-09-01,89.0,15438.0,1.31948983025856,103.879994891095,22 SIMS DRIVE PENROSE SINGAPORE 387396,5.166503889250989,61.0,3,4,0,8,9,1,2.0,0.0,0,1
PENROSE,853000.0,473.62,1801.0,2020-09-01,44.0,19386.0,1.31948983025856,103.879994891095,22 SIMS DRIVE PENROSE SINGAPORE 387396,5.166503889250989,61.0,3,4,0,8,9,1,2.0,0.0,0,1
PENROSE,1225000.0,699.66,1751.0,2020-09-01,65.0,18846.0,1.31948983025856,103.879994891095,22 SIMS DRIVE PENROSE SINGAPORE 387396,5.166503889250989,61.0,3,4,0,8,9,1,2.0,0.0,0,1
PENROSE,1343000.0,936.47,1434.0,2020-09-01,87.0,15437.0,1.31948983025856,103.879994891095,22 SIMS DRIVE PENROSE SINGAPORE 387396,5.166503889250989,61.0,3,4,0,8,9,1,2.0,0.0,0,1
PENROSE,960000.0,645.84,1486.0,2020-09-01,60.0,16000.0,1.31948983025856,103.879994891095,22 SIMS DRIVE PENROSE SINGAPORE 387396,5.166503889250989,61.0,3,4,0,8,9,1,2.0,0.0,0,1
PENROSE,963000.0,645.84,1491.0,2020-09-01,60.0,16050.0,1.31948983025856,103.879994891095,22 SIMS DRIVE PENROSE SINGAPORE 387396,5.166503889250989,61.0,3,4,0,8,9,1,2.0,0.0,0,1
PENROSE,1380000.0,958.0,1441.0,2020-09-01,89.0,15506.0,1.31948983025856,103.879994891095,22 SIMS DRIVE PENROSE SINGAPORE 387396,5.166503889250989,61.0,3,4,0,8,9,1,2.0,0.0,0,1
PENROSE,856000.0,473.62,1807.0,2020-09-01,44.0,19455.0,1.31948983025856,103.879994891095,22 SIMS DRIVE PENROSE SINGAPORE 387396,5.166503889250989,61.0,3,4,0,8,9,1,2.0,0.0,0,1
PENROSE,1229000.0,699.66,1757.0,2020-09-01,65.0,18908.0,1.31948983025856,103.879994891095,22 SIMS DRIVE PENROSE SINGAPORE 387396,5.166503889250989,61.0,3,4,0,8,9,1,2.0,0.0,0,1
PENROSE,967000.0,645.84,1497.0,2020-09-01,60.0,16117.0,1.31948983025856,103.879994891095,22 SIMS DRIVE PENROSE SINGAPORE 387396,5.166503889250989,61.0,3,4,0,8,9,1,3.0,0.0,0,1
PENROSE,1386000.0,958.0,1447.0,2020-09-01,89.0,15573.0,1.31948983025856,103.879994891095,22 SIMS DRIVE PENROSE SINGAPORE 387396,5.166503889250989,61.0,3,4,0,8,9,1,3.0,0.0,0,1
PENROSE,859000.0,473.62,1814.0,2020-09-01,44.0,19523.0,1.31948983025856,103.879994891095,22 SIMS DRIVE PENROSE SINGAPORE 387396,5.166503889250989,61.0,3,4,0,8,9,1,3.0,0.0,0,1
PENROSE,1233000.0,699.66,1762.0,2020-09-01,65.0,18969.0,1.31948983025856,103.879994891095,22 SIMS DRIVE PENROSE SINGAPORE 387396,5.166503889250989,61.0,3,4,0,8,9,1,3.0,0.0,0,1
PENROSE,1355000.0,936.47,1447.0,2020-09-01,87.0,15575.0,1.31948983025856,103.879994891095,22 SIMS DRIVE PENROSE SINGAPORE 387396,5.166503889250989,61.0,3,4,0,8,9,1,3.0,0.0,0,1
PENROSE,967000.0,645.84,1497.0,2020-09-01,60.0,16117.0,1.31948983025856,103.879994891095,22 SIMS DRIVE PENROSE SINGAPORE 387396,5.166503889250989,61.0,3,4,0,8,9,1,3.0,0.0,0,1
PENROSE,971000.0,645.84,1503.0,2020-09-01,60.0,16183.0,1.31948983025856,103.879994891095,22 SIMS DRIVE PENROSE SINGAPORE 387396,5.166503889250989,61.0,3,4,0,8,9,1,3.0,0.0,0,1
PENROSE,1392000.0,958.0,1453.0,2020-09-01,89.0,15640.0,1.31948983025856,103.879994891095,22 SIMS DRIVE PENROSE SINGAPORE 387396,5.166503889250989,61.0,3,4,0,8,9,1,3.0,0.0,0,1
PENROSE,861000.0,473.62,1818.0,2020-09-01,44.0,19568.0,1.31948983025856,103.879994891095,22 SIMS DRIVE PENROSE SINGAPORE 387396,5.166503889250989,61.0,3,4,0,8,9,1,3.0,0.0,0,1
PENROSE,1236000.0,699.66,1767.0,2020-09-01,65.0,19015.0,1.31948983025856,103.879994891095,22 SIMS DRIVE PENROSE SINGAPORE 387396,5.166503889250989,61.0,3,4,0,8,9,1,3.0,0.0,0,1
PENROSE,1397000.0,958.0,1458.0,2020-09-01,89.0,15697.0,1.31948983025856,103.879994891095,22 SIMS DRIVE PENROSE SINGAPORE 387396,5.166503889250989,61.0,3,4,0,8,9,1,3.0,0.0,0,1
PENROSE,864000.0,473.62,1824.0,2020-09-01,44.0,19636.0,1.31948983025856,103.879994891095,22 SIMS DRIVE PENROSE SINGAPORE 387396,5.166503889250989,61.0,3,4,0,8,9,1,3.0,0.0,0,1
PENROSE,1240000.0,699.66,1772.0,2020-09-01,65.0,19077.0,1.31948983025856,103.879994891095,22 SIMS DRIVE PENROSE SINGAPORE 387396,5.166503889250989,61.0,3,4,0,8,9,1,3.0,0.0,0,1
PENROSE,1366000.0,936.47,1459.0,2020-09-01,87.0,15701.0,1.31948983025856,103.879994891095,22 SIMS DRIVE PENROSE SINGAPORE 387396,5.166503889250989,61.0,3,4,0,8,9,1,3.0,0.0,0,1
PENROSE,979000.0,645.84,1516.0,2020-09-01,60.0,16317.0,1.31948983025856,103.879994891095,22 SIMS DRIVE PENROSE SINGAPORE 387396,5.166503889250989,61.0,3,4,0,8,9,1,3.0,0.0,0,1
PENROSE,1403000.0,958.0,1465.0,2020-09-01,89.0,15764.0,1.31948983025856,103.879994891095,22 SIMS DRIVE PENROSE SINGAPORE 387396,5.166503889250989,61.0,3,4,0,8,9,1,3.0,0.0,0,1
PENROSE,867000.0,473.62,1831.0,2020-09-01,44.0,19705.0,1.31948983025856,103.879994891095,22 SIMS DRIVE PENROSE SINGAPORE 387396,5.166503889250989,61.0,3,4,0,8,9,1,3.0,0.0,0,1
PENROSE,1244000.0,699.66,1778.0,2020-09-01,65.0,19138.0,1.31948983025856,103.879994891095,22 SIMS DRIVE PENROSE SINGAPORE 387396,5.166503889250989,61.0,3,4,0,8,9,1,3.0,0.0,0,1
PENROSE,1372000.0,936.47,1465.0,2020-09-01,87.0,15770.0,1.31948983025856,103.879994891095,22 SIMS DRIVE PENROSE SINGAPORE 387396,5.166503889250989,61.0,3,4,0,8,9,1,3.0,0.0,0,1
PENROSE,979000.0,645.84,1516.0,2020-09-01,60.0,16317.0,1.31948983025856,103.879994891095,22 SIMS DRIVE PENROSE SINGAPORE 387396,5.166503889250989,61.0,3,4,0,8,9,1,3.0,0.0,0,1
PENROSE,1409000.0,958.0,1471.0,2020-09-01,89.0,15831.0,1.31948983025856,103.879994891095,22 SIMS DRIVE PENROSE SINGAPORE 387396,5.166503889250989,61.0,3,4,0,8,9,1,3.0,0.0,0,1
PENROSE,870000.0,473.62,1837.0,2020-09-01,44.0,19773.0,1.31948983025856,103.879994891095,22 SIMS DRIVE PENROSE SINGAPORE 387396,5.166503889250989,61.0,3,4,0,8,9,1,3.0,0.0,0,1
PENROSE,1248000.0,699.66,1784.0,2020-09-01,65.0,19200.0,1.31948983025856,103.879994891095,22 SIMS DRIVE PENROSE SINGAPORE 387396,5.166503889250989,61.0,3,4,0,8,9,1,3.0,0.0,0,1
PENROSE,983000.0,645.84,1522.0,2020-09-01,60.0,16383.0,1.31948983025856,103.879994891095,22 SIMS DRIVE PENROSE SINGAPORE 387396,5.166503889250989,61.0,3,4,0,8,9,1,3.0,0.0,0,1
PENROSE,987000.0,645.84,1528.0,2020-09-01,60.0,16450.0,1.31948983025856,103.879994891095,22 SIMS DRIVE PENROSE SINGAPORE 387396,5.166503889250989,61.0,3,4,0,8,9,1,4.0,0.0,0,1
PENROSE,1415000.0,958.0,1477.0,2020-09-01,89.0,15899.0,1.31948983025856,103.879994891095,22 SIMS DRIVE PENROSE SINGAPORE 387396,5.166503889250989,61.0,3,4,0,8,9,1,4.0,0.0,0,1
PENROSE,873000.0,473.62,1843.0,2020-09-01,44.0,19841.0,1.31948983025856,103.879994891095,22 SIMS DRIVE PENROSE SINGAPORE 387396,5.166503889250989,61.0,3,4,0,8,9,1,4.0,0.0,0,1
PENROSE,1384000.0,936.47,1478.0,2020-09-01,87.0,15908.0,1.31948983025856,103.879994891095,22 SIMS DRIVE PENROSE SINGAPORE 387396,5.166503889250989,61.0,3,4,0,8,9,1,4.0,0.0,0,1
PENROSE,987000.0,645.84,1528.0,2020-09-01,60.0,16450.0,1.31948983025856,103.879994891095,22 SIMS DRIVE PENROSE SINGAPORE 387396,5.166503889250989,61.0,3,4,0,8,9,1,4.0,0.0,0,1
PENROSE,991000.0,645.84,1534.0,2020-09-01,60.0,16517.0,1.31948983025856,103.879994891095,22 SIMS DRIVE PENROSE SINGAPORE 387396,5.166503889250989,61.0,3,4,0,8,9,1,4.0,0.0,0,1
PENROSE,1421000.0,958.0,1483.0,2020-09-01,89.0,15966.0,1.31948983025856,103.879994891095,22 SIMS DRIVE PENROSE SINGAPORE 387396,5.166503889250989,61.0,3,4,0,8,9,1,4.0,0.0,0,1
PENROSE,876000.0,473.62,1850.0,2020-09-01,44.0,19909.0,1.31948983025856,103.879994891095,22 SIMS DRIVE PENROSE SINGAPORE 387396,5.166503889250989,61.0,3,4,0,8,9,1,4.0,0.0,0,1
PENROSE,1256000.0,699.66,1795.0,2020-09-01,65.0,19323.0,1.31948983025856,103.879994891095,22 SIMS DRIVE PENROSE SINGAPORE 387396,5.166503889250989,61.0,3,4,0,8,9,1,4.0,0.0,0,1
PENROSE,991000.0,645.84,1534.0,2020-09-01,60.0,16517.0,1.31948983025856,103.879994891095,22 SIMS DRIVE PENROSE SINGAPORE 387396,5.166503889250989,61.0,3,4,0,8,9,1,4.0,0.0,0,1
PENROSE,994000.0,645.84,1539.0,2020-09-01,60.0,16567.0,1.31948983025856,103.879994891095,22 SIMS DRIVE PENROSE SINGAPORE 387396,5.166503889250989,61.0,3,4,0,8,9,1,4.0,0.0,0,1
PENROSE,1395000.0,936.47,1490.0,2020-09-01,87.0,16034.0,1.31948983025856,103.879994891095,22 SIMS DRIVE PENROSE SINGAPORE 387396,5.166503889250989,61.0,3,4,0,8,9,1,4.0,0.0,0,1
PENROSE,994000.0,645.84,1539.0,2020-09-01,60.0,16567.0,1.31948983025856,103.879994891095,22 SIMS DRIVE PENROSE SINGAPORE 387396,5.166503889250989,61.0,3,4,0,8,9,1,4.0,0.0,0,1
THE ANTARES,1191760.0,656.6,1815.0,2020-09-01,61.0,19537.0,1.32541778538724,103.883403765337,23 MATTAR ROAD THE ANTARES SINGAPORE 387730,5.916441166611573,61.0,4,4,0,8,9,4,1.0,0.0,0,1
THE ANTARES,1266120.0,688.9,1838.0,2020-09-01,64.0,19783.0,1.32541778538724,103.883403765337,23 MATTAR ROAD THE ANTARES SINGAPORE 387730,5.916441166611573,61.0,4,4,0,8,9,4,3.0,0.0,0,1
PENROSE,1540000.0,1044.11,1475.0,2020-09-01,97.0,15876.0,1.31948983025856,103.879994891095,22 SIMS DRIVE PENROSE SINGAPORE 387396,5.166503889250989,61.0,3,4,0,8,9,1,1.0,0.0,0,1
PENROSE,1556000.0,1054.87,1475.0,2020-09-01,98.0,15878.0,1.31948983025856,103.879994891095,22 SIMS DRIVE PENROSE SINGAPORE 387396,5.166503889250989,61.0,3,4,0,8,9,1,1.0,0.0,0,1
PENROSE,1552000.0,1044.11,1486.0,2020-09-01,97.0,16000.0,1.31948983025856,103.879994891095,22 SIMS DRIVE PENROSE SINGAPORE 387396,5.166503889250989,61.0,3,4,0,8,9,1,2.0,0.0,0,1
PENROSE,1557000.0,1044.11,1491.0,2020-09-01,97.0,16052.0,1.31948983025856,103.879994891095,22 SIMS DRIVE PENROSE SINGAPORE 387396,5.166503889250989,61.0,3,4,0,8,9,1,2.0,0.0,0,1
PENROSE,1574000.0,1054.87,1492.0,2020-09-01,98.0,16061.0,1.31948983025856,103.879994891095,22 SIMS DRIVE PENROSE SINGAPORE 387396,5.166503889250989,61.0,3,4,0,8,9,1,2.0,0.0,0,1
PENROSE,1745000.0,1054.87,1654.0,2020-09-01,98.0,17806.0,1.31948983025856,103.879994891095,22 SIMS DRIVE PENROSE SINGAPORE 387396,5.166503889250989,61.0,3,4,0,8,9,1,2.0,0.0,0,1
PENROSE,1586000.0,1054.87,1503.0,2020-09-01,98.0,16184.0,1.31948983025856,103.879994891095,22 SIMS DRIVE PENROSE SINGAPORE 387396,5.166503889250989,61.0,3,4,0,8,9,1,2.0,0.0,0,1
PENROSE,1597000.0,1054.87,1514.0,2020-09-01,98.0,16296.0,1.31948983025856,103.879994891095,22 SIMS DRIVE PENROSE SINGAPORE 387396,5.166503889250989,61.0,3,4,0,8,9,1,3.0,0.0,0,1
PENROSE,1587000.0,1044.11,1520.0,2020-09-01,97.0,16361.0,1.31948983025856,103.879994891095,22 SIMS DRIVE PENROSE SINGAPORE 387396,5.166503889250989,61.0,3,4,0,8,9,1,3.0,0.0,0,1
PENROSE,1615000.0,1054.87,1531.0,2020-09-01,98.0,16480.0,1.31948983025856,103.879994891095,22 SIMS DRIVE PENROSE SINGAPORE 387396,5.166503889250989,61.0,3,4,0,8,9,1,3.0,0.0,0,1
PENROSE,1604000.0,1044.11,1536.0,2020-09-01,97.0,16536.0,1.31948983025856,103.879994891095,22 SIMS DRIVE PENROSE SINGAPORE 387396,5.166503889250989,61.0,3,4,0,8,9,1,4.0,0.0,0,1
PENROSE,1620000.0,1054.87,1536.0,2020-09-01,98.0,16531.0,1.31948983025856,103.879994891095,22 SIMS DRIVE PENROSE SINGAPORE 387396,5.166503889250989,61.0,3,4,0,8,9,1,4.0,0.0,0,1
PENROSE,1610000.0,1044.11,1542.0,2020-09-01,97.0,16598.0,1.31948983025856,103.879994891095,22 SIMS DRIVE PENROSE SINGAPORE 387396,5.166503889250989,61.0,3,4,0,8,9,1,4.0,0.0,0,1
PENROSE,1632000.0,1054.87,1547.0,2020-09-01,98.0,16653.0,1.31948983025856,103.879994891095,22 SIMS DRIVE PENROSE SINGAPORE 387396,5.166503889250989,61.0,3,4,0,8,9,1,4.0,0.0,0,1
PENROSE,1487000.0,1054.87,1410.0,2020-09-01,98.0,15173.0,1.31948983025856,103.879994891095,22 SIMS DRIVE PENROSE SINGAPORE 387396,5.166503889250989,61.0,3,4,0,8,9,1,1.0,0.0,0,1
PENROSE,1899000.0,1173.28,1619.0,2020-09-01,109.0,17422.0,1.31948983025856,103.879994891095,22 SIMS DRIVE PENROSE SINGAPORE 387396,5.166503889250989,61.0,3,4,0,8,9,1,1.0,0.0,0,1
PENROSE,1562000.0,1054.87,1481.0,2020-09-01,98.0,15939.0,1.31948983025856,103.879994891095,22 SIMS DRIVE PENROSE SINGAPORE 387396,5.166503889250989,61.0,3,4,0,8,9,1,2.0,0.0,0,1
PENROSE,1568000.0,1054.87,1486.0,2020-09-01,98.0,16000.0,1.31948983025856,103.879994891095,22 SIMS DRIVE PENROSE SINGAPORE 387396,5.166503889250989,61.0,3,4,0,8,9,1,2.0,0.0,0,1
PENROSE,1591000.0,1054.87,1508.0,2020-09-01,98.0,16235.0,1.31948983025856,103.879994891095,22 SIMS DRIVE PENROSE SINGAPORE 387396,5.166503889250989,61.0,3,4,0,8,9,1,3.0,0.0,0,1
PENROSE,1597000.0,1054.87,1514.0,2020-09-01,98.0,16296.0,1.31948983025856,103.879994891095,22 SIMS DRIVE PENROSE SINGAPORE 387396,5.166503889250989,61.0,3,4,0,8,9,1,3.0,0.0,0,1
PENROSE,1609000.0,1054.87,1525.0,2020-09-01,98.0,16418.0,1.31948983025856,103.879994891095,22 SIMS DRIVE PENROSE SINGAPORE 387396,5.166503889250989,61.0,3,4,0,8,9,1,3.0,0.0,0,1
PENROSE,1615000.0,1054.87,1531.0,2020-09-01,98.0,16480.0,1.31948983025856,103.879994891095,22 SIMS DRIVE PENROSE SINGAPORE 387396,5.166503889250989,61.0,3,4,0,8,9,1,3.0,0.0,0,1
PENROSE,1624000.0,1044.11,1555.0,2020-09-01,97.0,16742.0,1.31948983025856,103.879994891095,22 SIMS DRIVE PENROSE SINGAPORE 387396,5.166503889250989,61.0,3,4,0,8,9,1,4.0,0.0,0,1
PENROSE,1630000.0,1044.11,1561.0,2020-09-01,97.0,16804.0,1.31948983025856,103.879994891095,22 SIMS DRIVE PENROSE SINGAPORE 387396,5.166503889250989,61.0,3,4,0,8,9,1,4.0,0.0,0,1
PENROSE,1632000.0,1054.87,1547.0,2020-09-01,98.0,16653.0,1.31948983025856,103.879994891095,22 SIMS DRIVE PENROSE SINGAPORE 387396,5.166503889250989,61.0,3,4,0,8,9,1,4.0,0.0,0,1
PENROSE,2318000.0,1399.32,1657.0,2020-09-01,130.0,17831.0,1.31948983025856,103.879994891095,22 SIMS DRIVE PENROSE SINGAPORE 387396,5.166503889250989,61.0,3,4,0,8,9,1,4.0,0.0,0,1
PENROSE,1579000.0,968.76,1630.0,2020-09-01,90.0,17544.0,1.31948983025856,103.879994891095,22 SIMS DRIVE PENROSE SINGAPORE 387396,5.166503889250989,61.0,3,4,0,8,9,1,1.0,0.0,0,1
PENROSE,1165000.0,710.42,1640.0,2020-09-01,66.0,17652.0,1.31948983025856,103.879994891095,22 SIMS DRIVE PENROSE SINGAPORE 387396,5.166503889250989,61.0,3,4,0,8,9,1,1.0,0.0,0,1
PENROSE,959000.0,645.84,1485.0,2020-09-01,60.0,15983.0,1.31948983025856,103.879994891095,22 SIMS DRIVE PENROSE SINGAPORE 387396,5.166503889250989,61.0,3,4,0,8,9,1,1.0,0.0,0,1
PENROSE,1169000.0,710.42,1645.0,2020-09-01,66.0,17712.0,1.31948983025856,103.879994891095,22 SIMS DRIVE PENROSE SINGAPORE 387396,5.166503889250989,61.0,3,4,0,8,9,1,1.0,0.0,0,1
PENROSE,1169000.0,710.42,1645.0,2020-09-01,66.0,17712.0,1.31948983025856,103.879994891095,22 SIMS DRIVE PENROSE SINGAPORE 387396,5.166503889250989,61.0,3,4,0,8,9,1,1.0,0.0,0,1
PENROSE,1117000.0,699.66,1596.0,2020-09-01,65.0,17185.0,1.31948983025856,103.879994891095,22 SIMS DRIVE PENROSE SINGAPORE 387396,5.166503889250989,61.0,3,4,0,8,9,1,1.0,0.0,0,1
PENROSE,963000.0,645.84,1491.0,2020-09-01,60.0,16050.0,1.31948983025856,103.879994891095,22 SIMS DRIVE PENROSE SINGAPORE 387396,5.166503889250989,61.0,3,4,0,8,9,1,1.0,0.0,0,1
PENROSE,1375000.0,936.47,1468.0,2020-09-01,87.0,15805.0,1.31948983025856,103.879994891095,22 SIMS DRIVE PENROSE SINGAPORE 387396,5.166503889250989,61.0,3,4,0,8,9,1,1.0,0.0,0,1
PENROSE,1173000.0,710.42,1651.0,2020-09-01,66.0,17773.0,1.31948983025856,103.879994891095,22 SIMS DRIVE PENROSE SINGAPORE 387396,5.166503889250989,61.0,3,4,0,8,9,1,1.0,0.0,0,1
PENROSE,1121000.0,699.66,1602.0,2020-09-01,65.0,17246.0,1.31948983025856,103.879994891095,22 SIMS DRIVE PENROSE SINGAPORE 387396,5.166503889250989,61.0,3,4,0,8,9,1,1.0,0.0,0,1
PENROSE,967000.0,645.84,1497.0,2020-09-01,60.0,16117.0,1.31948983025856,103.879994891095,22 SIMS DRIVE PENROSE SINGAPORE 387396,5.166503889250989,61.0,3,4,0,8,9,1,1.0,0.0,0,1
PENROSE,1381000.0,936.47,1475.0,2020-09-01,87.0,15874.0,1.31948983025856,103.879994891095,22 SIMS DRIVE PENROSE SINGAPORE 387396,5.166503889250989,61.0,3,4,0,8,9,1,1.0,0.0,0,1
PENROSE,1386000.0,936.47,1480.0,2020-09-01,87.0,15931.0,1.31948983025856,103.879994891095,22 SIMS DRIVE PENROSE SINGAPORE 387396,5.166503889250989,61.0,3,4,0,8,9,1,2.0,0.0,0,1
PENROSE,1585000.0,968.76,1636.0,2020-09-01,90.0,17611.0,1.31948983025856,103.879994891095,22 SIMS DRIVE PENROSE SINGAPORE 387396,5.166503889250989,61.0,3,4,0,8,9,1,2.0,0.0,0,1
PENROSE,1147000.0,699.66,1639.0,2020-09-01,65.0,17646.0,1.31948983025856,103.879994891095,22 SIMS DRIVE PENROSE SINGAPORE 387396,5.166503889250989,61.0,3,4,0,8,9,1,2.0,0.0,0,1
PENROSE,1188000.0,710.42,1672.0,2020-09-01,66.0,18000.0,1.31948983025856,103.879994891095,22 SIMS DRIVE PENROSE SINGAPORE 387396,5.166503889250989,61.0,3,4,0,8,9,1,2.0,0.0,0,1
PENROSE,1151000.0,699.66,1645.0,2020-09-01,65.0,17708.0,1.31948983025856,103.879994891095,22 SIMS DRIVE PENROSE SINGAPORE 387396,5.166503889250989,61.0,3,4,0,8,9,1,2.0,0.0,0,1
PENROSE,997000.0,645.84,1544.0,2020-09-01,60.0,16617.0,1.31948983025856,103.879994891095,22 SIMS DRIVE PENROSE SINGAPORE 387396,5.166503889250989,61.0,3,4,0,8,9,1,2.0,0.0,0,1
PENROSE,1423000.0,936.47,1520.0,2020-09-01,87.0,16356.0,1.31948983025856,103.879994891095,22 SIMS DRIVE PENROSE SINGAPORE 387396,5.166503889250989,61.0,3,4,0,8,9,1,2.0,0.0,0,1
PENROSE,1192000.0,710.42,1678.0,2020-09-01,66.0,18061.0,1.31948983025856,103.879994891095,22 SIMS DRIVE PENROSE SINGAPORE 387396,5.166503889250989,61.0,3,4,0,8,9,1,2.0,0.0,0,1
PENROSE,1192000.0,710.42,1678.0,2020-09-01,66.0,18061.0,1.31948983025856,103.879994891095,22 SIMS DRIVE PENROSE SINGAPORE 387396,5.166503889250989,61.0,3,4,0,8,9,1,2.0,0.0,0,1
PENROSE,1155000.0,699.66,1651.0,2020-09-01,65.0,17769.0,1.31948983025856,103.879994891095,22 SIMS DRIVE PENROSE SINGAPORE 387396,5.166503889250989,61.0,3,4,0,8,9,1,2.0,0.0,0,1
PENROSE,1001000.0,645.84,1550.0,2020-09-01,60.0,16683.0,1.31948983025856,103.879994891095,22 SIMS DRIVE PENROSE SINGAPORE 387396,5.166503889250989,61.0,3,4,0,8,9,1,2.0,0.0,0,1
PENROSE,1588000.0,979.52,1621.0,2020-09-01,91.0,17451.0,1.31948983025856,103.879994891095,22 SIMS DRIVE PENROSE SINGAPORE 387396,5.166503889250989,61.0,3,4,0,8,9,1,2.0,0.0,0,1
PENROSE,1196000.0,710.42,1684.0,2020-09-01,66.0,18121.0,1.31948983025856,103.879994891095,22 SIMS DRIVE PENROSE SINGAPORE 387396,5.166503889250989,61.0,3,4,0,8,9,1,2.0,0.0,0,1
PENROSE,1196000.0,710.42,1684.0,2020-09-01,66.0,18121.0,1.31948983025856,103.879994891095,22 SIMS DRIVE PENROSE SINGAPORE 387396,5.166503889250989,61.0,3,4,0,8,9,1,2.0,0.0,0,1
PENROSE,1159000.0,699.66,1657.0,2020-09-01,65.0,17831.0,1.31948983025856,103.879994891095,22 SIMS DRIVE PENROSE SINGAPORE 387396,5.166503889250989,61.0,3,4,0,8,9,1,2.0,0.0,0,1
PENROSE,1435000.0,936.47,1532.0,2020-09-01,87.0,16494.0,1.31948983025856,103.879994891095,22 SIMS DRIVE PENROSE SINGAPORE 387396,5.166503889250989,61.0,3,4,0,8,9,1,3.0,0.0,0,1
PENROSE,1200000.0,710.42,1689.0,2020-09-01,66.0,18182.0,1.31948983025856,103.879994891095,22 SIMS DRIVE PENROSE SINGAPORE 387396,5.166503889250989,61.0,3,4,0,8,9,1,3.0,0.0,0,1
PENROSE,1441000.0,936.47,1539.0,2020-09-01,87.0,16563.0,1.31948983025856,103.879994891095,22 SIMS DRIVE PENROSE SINGAPORE 387396,5.166503889250989,61.0,3,4,0,8,9,1,3.0,0.0,0,1
PENROSE,1204000.0,710.42,1695.0,2020-09-01,66.0,18242.0,1.31948983025856,103.879994891095,22 SIMS DRIVE PENROSE SINGAPORE 387396,5.166503889250989,61.0,3,4,0,8,9,1,3.0,0.0,0,1
PENROSE,1012000.0,645.84,1567.0,2020-09-01,60.0,16867.0,1.31948983025856,103.879994891095,22 SIMS DRIVE PENROSE SINGAPORE 387396,5.166503889250989,61.0,3,4,0,8,9,1,3.0,0.0,0,1
PENROSE,1016000.0,645.84,1573.0,2020-09-01,60.0,16933.0,1.31948983025856,103.879994891095,22 SIMS DRIVE PENROSE SINGAPORE 387396,5.166503889250989,61.0,3,4,0,8,9,1,3.0,0.0,0,1
PENROSE,1452000.0,936.47,1551.0,2020-09-01,87.0,16690.0,1.31948983025856,103.879994891095,22 SIMS DRIVE PENROSE SINGAPORE 387396,5.166503889250989,61.0,3,4,0,8,9,1,3.0,0.0,0,1
PENROSE,1212000.0,710.42,1706.0,2020-09-01,66.0,18364.0,1.31948983025856,103.879994891095,22 SIMS DRIVE PENROSE SINGAPORE 387396,5.166503889250989,61.0,3,4,0,8,9,1,3.0,0.0,0,1
PENROSE,1174000.0,699.66,1678.0,2020-09-01,65.0,18062.0,1.31948983025856,103.879994891095,22 SIMS DRIVE PENROSE SINGAPORE 387396,5.166503889250989,61.0,3,4,0,8,9,1,3.0,0.0,0,1
PENROSE,1458000.0,936.47,1557.0,2020-09-01,87.0,16759.0,1.31948983025856,103.879994891095,22 SIMS DRIVE PENROSE SINGAPORE 387396,5.166503889250989,61.0,3,4,0,8,9,1,3.0,0.0,0,1
PENROSE,1216000.0,710.42,1712.0,2020-09-01,66.0,18424.0,1.31948983025856,103.879994891095,22 SIMS DRIVE PENROSE SINGAPORE 387396,5.166503889250989,61.0,3,4,0,8,9,1,3.0,0.0,0,1
PENROSE,1651000.0,1065.64,1549.0,2020-09-01,99.0,16677.0,1.31948983025856,103.879994891095,22 SIMS DRIVE PENROSE SINGAPORE 387396,5.166503889250989,61.0,3,4,0,8,9,1,3.0,0.0,0,1
PENROSE,1178000.0,699.66,1684.0,2020-09-01,65.0,18123.0,1.31948983025856,103.879994891095,22 SIMS DRIVE PENROSE SINGAPORE 387396,5.166503889250989,61.0,3,4,0,8,9,1,3.0,0.0,0,1
PENROSE,1024000.0,645.84,1586.0,2020-09-01,60.0,17067.0,1.31948983025856,103.879994891095,22 SIMS DRIVE PENROSE SINGAPORE 387396,5.166503889250989,61.0,3,4,0,8,9,1,4.0,0.0,0,1
PENROSE,1464000.0,936.47,1563.0,2020-09-01,87.0,16828.0,1.31948983025856,103.879994891095,22 SIMS DRIVE PENROSE SINGAPORE 387396,5.166503889250989,61.0,3,4,0,8,9,1,4.0,0.0,0,1
PENROSE,1219000.0,710.42,1716.0,2020-09-01,66.0,18470.0,1.31948983025856,103.879994891095,22 SIMS DRIVE PENROSE SINGAPORE 387396,5.166503889250989,61.0,3,4,0,8,9,1,4.0,0.0,0,1
PENROSE,1219000.0,710.42,1716.0,2020-09-01,66.0,18470.0,1.31948983025856,103.879994891095,22 SIMS DRIVE PENROSE SINGAPORE 387396,5.166503889250989,61.0,3,4,0,8,9,1,4.0,0.0,0,1
PENROSE,1657000.0,1065.64,1555.0,2020-09-01,99.0,16737.0,1.31948983025856,103.879994891095,22 SIMS DRIVE PENROSE SINGAPORE 387396,5.166503889250989,61.0,3,4,0,8,9,1,4.0,0.0,0,1
PENROSE,1223000.0,710.42,1722.0,2020-09-01,66.0,18530.0,1.31948983025856,103.879994891095,22 SIMS DRIVE PENROSE SINGAPORE 387396,5.166503889250989,61.0,3,4,0,8,9,1,4.0,0.0,0,1
PENROSE,1227000.0,710.42,1727.0,2020-09-01,66.0,18591.0,1.31948983025856,103.879994891095,22 SIMS DRIVE PENROSE SINGAPORE 387396,5.166503889250989,61.0,3,4,0,8,9,1,4.0,0.0,0,1
NOMA,1376000.0,850.36,1618.0,2020-09-01,79.0,17418.0,1.31161656190118,103.885373542152,333 GUILLEMARD ROAD NOMA SINGAPORE 399758,4.964558828553237,61.0,3,3,1,7,11,5,1.0,0.0,0,1
CENTRA LOFT,660000.0,484.38,1363.0,2020-09-01,45.0,14667.0,1.31481743950624,103.888376977987,3 LORONG 35 GEYLANG CENTRA LOFT SINGAPORE 387935,5.44803594028427,61.0,4,4,3,7,11,4,1.0,1.0,0,1
WATERBANK AT DAKOTA,1435000.0,882.65,1626.0,2020-09-01,82.0,17500.0,1.30647833742136,103.888537197136,76 DAKOTA CRESCENT WATERBANK AT DAKOTA SINGAPORE 399944,4.918518965685704,61.0,3,3,0,5,10,6,4.0,1.0,1,1
SIMS EDGE,910000.0,602.78,1510.0,2020-09-01,56.0,16250.0,1.31640485669867,103.887906763671,1 GEYLANG EAST AVENUE 2 SIMS EDGE SINGAPORE 389760,5.523980705206435,61.0,4,5,3,7,12,4,2.0,1.0,0,1
REZI 26,600000.0,473.62,1267.0,2020-09-01,44.0,13636.0,1.31277485329606,103.885104634024,5 LORONG 26 GEYLANG REZI 26 SINGAPORE 398480,5.024511275001018,61.0,4,4,1,7,11,4,2.0,1.0,0,1
VACANZA @ EAST,600000.0,484.38,1239.0,2020-09-01,45.0,13333.0,1.32901984483655,103.914196223923,36 LENGKONG TUJOH VACANZA @ EAST SINGAPORE 417391,8.680985857703446,61.0,3,1,0,2,8,12,1.0,1.0,1,2
NOMA,1083200.0,667.37,1623.0,2020-09-01,62.0,17471.0,1.31161656190118,103.885373542152,333 GUILLEMARD ROAD NOMA SINGAPORE 399758,4.964558828553237,61.0,3,3,1,7,11,5,1.0,0.0,0,1
REZI 24,733700.0,452.09,1623.0,2020-09-01,42.0,17469.0,1.31156422500946,103.883576001591,39 LORONG 24 GEYLANG REZI 24 SINGAPORE 398636,4.808294965951603,61.0,3,3,0,8,10,4,2.0,0.0,0,1
PARC ESTA,1224000.0,635.08,1927.0,2020-09-01,59.0,20746.0,1.31786521916555,103.903967184717,904 SIMS AVENUE PARC ESTA SINGAPORE 408968,7.043509290403673,61.0,1,4,0,1,13,16,3.0,0.0,0,1
WATERBANK AT DAKOTA,830000.0,484.38,1714.0,2020-09-01,45.0,18444.0,1.30647833742136,103.888537197136,76 DAKOTA CRESCENT WATERBANK AT DAKOTA SINGAPORE 399944,4.918518965685704,61.0,3,3,0,5,10,6,3.0,1.0,1,1
SIMSVILLE,1550000.0,1528.49,1014.0,2020-09-01,142.0,10915.0,1.31703114737635,103.890499582849,2 GEYLANG EAST AVENUE 2 SIMSVILLE SINGAPORE 389754,5.786575389274496,61.0,4,4,3,6,12,4,2.0,1.0,1,1
LEVENUE,630000.0,473.62,1330.0,2020-09-01,44.0,14318.0,1.32864269824431,103.913744097652,55 LENGKONG EMPAT LEVENUE SINGAPORE 417642,8.61577565611189,61.0,3,1,0,2,7,13,2.0,1.0,0,2
PARC ESTA,1627000.0,958.0,1698.0,2020-09-01,89.0,18281.0,1.31786521916555,103.903967184717,904 SIMS AVENUE PARC ESTA SINGAPORE 408968,7.043509290403673,61.0,1,4,0,1,13,16,4.0,0.0,0,1
EUNOS PARK,850000.0,1162.51,731.0,2020-09-01,108.0,7870.0,1.31846390653038,103.9060767957,5 KAMPONG EUNOS EUNOS PARK SINGAPORE 417771,7.276599829446479,61.0,2,2,0,1,13,14,1.0,1.0,1,2
EUHABITAT,610000.0,548.96,1111.0,2020-09-01,51.0,11961.0,1.32795415126263,103.9070014142,196 JALAN EUNOS EUHABITAT SINGAPORE 419542,7.971961203569236,61.0,2,2,0,2,6,15,1.0,1.0,1,2
REZI 24,800300.0,462.85,1729.0,2020-09-01,43.0,18612.0,1.31156422500946,103.883576001591,39 LORONG 24 GEYLANG REZI 24 SINGAPORE 398636,4.808294965951603,61.0,3,3,0,8,10,4,2.0,0.0,0,1
CANBERLIN APARTMENTS,778000.0,1259.39,618.0,2020-09-01,117.0,6650.0,1.31068444913989,103.879834705472,60 LORONG 16 GEYLANG CANBERLIN APARTMENTS SINGAPORE 398887,4.434969791568791,61.0,4,3,0,10,9,1,1.0,1.0,0,1
CENTRA HEIGHTS,660000.0,462.85,1426.0,2020-09-01,43.0,15349.0,1.31629397762889,103.88657418395,455 SIMS AVENUE CENTRA HEIGHTS SINGAPORE 387607,5.406260020602187,61.0,4,4,3,7,11,4,1.0,1.0,0,1
SIMS URBAN OASIS,738000.0,484.38,1524.0,2020-09-01,45.0,16400.0,1.31926710475553,103.880615863782,6 SIMS DRIVE SIMS URBAN OASIS SINGAPORE 387388,5.190897370243519,61.0,3,4,0,8,9,1,2.0,1.0,1,1
28 IMPERIAL RESIDENCES,575000.0,409.03,1406.0,2020-09-01,38.0,15132.0,1.311780119269,103.884605770106,28 LORONG 26 GEYLANG 28 IMPERIAL RESIDENCES SINGAPORE 398495,4.910721054286701,61.0,3,3,0,7,10,5,1.0,1.0,0,1
SIMS URBAN OASIS,956000.0,624.31,1531.0,2020-09-01,58.0,16483.0,1.31926710475553,103.880615863782,6 SIMS DRIVE SIMS URBAN OASIS SINGAPORE 387388,5.190897370243519,61.0,3,4,0,8,9,1,4.0,1.0,1,1
URBAN TREASURES,798000.0,452.09,1765.0,2020-09-01,42.0,19000.0,1.32936720206385,103.905791323853,205 JALAN EUNOS URBAN TREASURES SINGAPORE 419535,7.966767145631702,61.0,2,0,0,2,6,11,1.0,0.0,1,2
THE ANTARES,1304980.0,731.95,1783.0,2020-09-01,68.0,19191.0,1.32541778538724,103.883403765337,23 MATTAR ROAD THE ANTARES SINGAPORE 387730,5.916441166611573,61.0,4,4,0,8,9,4,2.0,0.0,0,1
NOMA,982400.0,613.55,1601.0,2020-09-01,57.0,17235.0,1.31161656190118,103.885373542152,333 GUILLEMARD ROAD NOMA SINGAPORE 399758,4.964558828553237,61.0,3,3,1,7,11,5,1.0,0.0,0,1
PARC ESTA,1885000.0,1119.46,1684.0,2020-09-01,104.0,18125.0,1.31786521916555,103.903967184717,904 SIMS AVENUE PARC ESTA SINGAPORE 408968,7.043509290403673,61.0,1,4,0,1,13,16,1.0,0.0,0,1
PARC ESTA,1228000.0,635.08,1934.0,2020-09-01,59.0,20814.0,1.31786521916555,103.903967184717,904 SIMS AVENUE PARC ESTA SINGAPORE 408968,7.043509290403673,61.0,1,4,0,1,13,16,3.0,0.0,0,1
PARC ESTA,1304000.0,731.95,1782.0,2020-09-01,68.0,19176.0,1.31786521916555,103.903967184717,904 SIMS AVENUE PARC ESTA SINGAPORE 408968,7.043509290403673,61.0,1,4,0,1,13,16,1.0,0.0,0,1
ARENA RESIDENCES,1450000.0,818.06,1772.0,2020-09-01,76.0,19079.0,1.30967685823486,103.880642764235,20 GUILLEMARD CRESCENT ARENA RESIDENCES SINGAPORE 399915,4.425439723338632,61.0,4,4,1,9,9,1,1.0,0.0,0,1
LE CRESCENDO,1540000.0,1173.28,1313.0,2020-09-01,109.0,14128.0,1.33049714674003,103.888409268781,233 PAYA LEBAR ROAD LE CRESCENDO SINGAPORE 409044,6.701977813091088,61.0,4,3,0,6,9,4,3.0,1.0,1,1
REZI 24,795800.0,484.38,1643.0,2020-09-01,45.0,17684.0,1.31156422500946,103.883576001591,39 LORONG 24 GEYLANG REZI 24 SINGAPORE 398636,4.808294965951603,61.0,3,3,0,8,10,4,2.0,0.0,0,1
REZI 24,805200.0,462.85,1740.0,2020-09-01,43.0,18726.0,1.31156422500946,103.883576001591,39 LORONG 24 GEYLANG REZI 24 SINGAPORE 398636,4.808294965951603,61.0,3,3,0,8,10,4,2.0,0.0,0,1
THE OCTET,565000.0,430.56,1312.0,2020-09-01,40.0,14125.0,1.31206999136037,103.883562422294,23 LORONG 24 GEYLANG THE OCTET SINGAPORE 398628,4.844083676929457,61.0,3,3,0,8,10,2,2.0,1.0,0,1
PARK PLACE RESIDENCES AT PLQ,925000.0,484.38,1910.0,2020-09-01,45.0,20556.0,1.31583675363618,103.892746648427,2 PAYA LEBAR ROAD PARK PLACE RESIDENCES AT PLQ SINGAPORE 409053,5.896537427358871,61.0,3,3,3,4,12,6,2.0,,0,1
DENG FU VILLE,1320000.0,1130.22,1168.0,2020-09-01,105.0,12571.0,1.31907103004917,103.906727650036,30 KAMPONG EUNOS DENG FU VILLE SINGAPORE 417777,7.373814325731649,61.0,2,2,0,1,13,14,1.0,1.0,0,2
SIMS URBAN OASIS,720000.0,462.85,1556.0,2020-09-01,43.0,16744.0,1.31926710475553,103.880615863782,6 SIMS DRIVE SIMS URBAN OASIS SINGAPORE 387388,5.190897370243519,61.0,3,4,0,8,9,1,1.0,1.0,1,1
REZI 24,861000.0,516.67,1666.0,2020-09-01,48.0,17938.0,1.31156422500946,103.883576001591,39 LORONG 24 GEYLANG REZI 24 SINGAPORE 398636,4.808294965951603,61.0,3,3,0,8,10,4,2.0,0.0,0,1
SIMSVILLE,1345000.0,1237.86,1087.0,2020-09-01,115.0,11696.0,1.31703114737635,103.890499582849,2 GEYLANG EAST AVENUE 2 SIMSVILLE SINGAPORE 389754,5.786575389274496,61.0,4,4,3,6,12,4,3.0,1.0,1,1
THE TRUMPS,2300000.0,3067.74,750.0,2020-09-01,285.0,8070.0,1.32002610262337,103.91348728953,1 JALAN KEMBANGAN THE TRUMPS SINGAPORE 419154,8.069943599460245,61.0,1,0,0,2,12,18,4.0,1.0,1,2
REZI 26,580000.0,452.09,1283.0,2020-09-01,42.0,13810.0,1.31277485329606,103.885104634024,5 LORONG 26 GEYLANG REZI 26 SINGAPORE 398480,5.024511275001018,61.0,4,4,1,7,11,4,2.0,1.0,0,1
ROYCE RESIDENCES,536000.0,419.8,1277.0,2020-09-01,39.0,13744.0,1.31128760423171,103.876285896427,8 LORONG 6 GEYLANG ROYCE RESIDENCES SINGAPORE 399242,4.207479298686135,61.0,4,3,1,10,8,2,2.0,1.0,0,1
PARC ESTA,1879000.0,1119.46,1678.0,2020-09-01,104.0,18067.0,1.31786521916555,103.903967184717,904 SIMS AVENUE PARC ESTA SINGAPORE 408968,7.043509290403673,61.0,1,4,0,1,13,16,1.0,0.0,0,1
EUHABITAT,680000.0,559.73,1215.0,2020-09-01,52.0,13077.0,1.32795415126263,103.9070014142,196 JALAN EUNOS EUHABITAT SINGAPORE 419542,7.971961203569236,61.0,2,2,0,2,6,15,1.0,1.0,1,2
WATERBANK AT DAKOTA,1750000.0,1184.04,1478.0,2020-09-01,110.0,15909.0,1.30647833742136,103.888537197136,76 DAKOTA CRESCENT WATERBANK AT DAKOTA SINGAPORE 399944,4.918518965685704,61.0,3,3,0,5,10,6,1.0,1.0,1,1
CENTRA SUITES,630000.0,462.85,1361.0,2020-09-01,43.0,14651.0,1.31465166781856,103.883288149427,38 LORONG 25A GEYLANG CENTRA SUITES SINGAPORE 388242,5.016128952160774,61.0,3,4,0,8,9,3,1.0,1.0,0,1
REZI 24,800900.0,484.38,1653.0,2020-09-01,45.0,17798.0,1.31156422500946,103.883576001591,39 LORONG 24 GEYLANG REZI 24 SINGAPORE 398636,4.808294965951603,61.0,3,3,0,8,10,4,2.0,0.0,0,1
PARC ESTA,2078000.0,1227.1,1693.0,2020-09-01,114.0,18228.0,1.31786521916555,103.903967184717,904 SIMS AVENUE PARC ESTA SINGAPORE 408968,7.043509290403673,61.0,1,4,0,1,13,16,1.0,0.0,0,1
PARC ESTA,2085000.0,1227.1,1699.0,2020-09-01,114.0,18289.0,1.31786521916555,103.903967184717,904 SIMS AVENUE PARC ESTA SINGAPORE 408968,7.043509290403673,61.0,1,4,0,1,13,16,1.0,0.0,0,1
PARC ESTA,2085000.0,1227.1,1699.0,2020-09-01,114.0,18289.0,1.31786521916555,103.903967184717,904 SIMS AVENUE PARC ESTA SINGAPORE 408968,7.043509290403673,61.0,1,4,0,1,13,16,1.0,0.0,0,1
NOMA,1368000.0,850.36,1609.0,2020-09-01,79.0,17316.0,1.31161656190118,103.885373542152,333 GUILLEMARD ROAD NOMA SINGAPORE 399758,4.964558828553237,61.0,3,3,1,7,11,5,1.0,0.0,0,1
28 IMPERIAL RESIDENCES,645000.0,484.38,1332.0,2020-09-01,45.0,14333.0,1.311780119269,103.884605770106,28 LORONG 26 GEYLANG 28 IMPERIAL RESIDENCES SINGAPORE 398495,4.910721054286701,61.0,3,3,0,7,10,5,2.0,1.0,0,1
ASTORIA PARK,1200000.0,1194.8,1004.0,2020-09-01,111.0,10811.0,1.32177770499303,103.91225216665,34 LORONG MYDIN ASTORIA PARK SINGAPORE 416827,8.053226885077692,61.0,1,1,0,2,12,17,3.0,1.0,1,2
PARC ESTA,2094000.0,1334.74,1569.0,2020-09-01,124.0,16887.0,1.31786521916555,103.903967184717,904 SIMS AVENUE PARC ESTA SINGAPORE 408968,7.043509290403673,61.0,1,4,0,1,13,16,4.0,0.0,0,1
PARC ESTA,940000.0,548.96,1712.0,2020-09-01,51.0,18431.0,1.31786521916555,103.903967184717,904 SIMS AVENUE PARC ESTA SINGAPORE 408968,7.043509290403673,61.0,1,4,0,1,13,16,4.0,0.0,0,1
PARC ESTA,940000.0,548.96,1712.0,2020-09-01,51.0,18431.0,1.31786521916555,103.903967184717,904 SIMS AVENUE PARC ESTA SINGAPORE 408968,7.043509290403673,61.0,1,4,0,1,13,16,4.0,0.0,0,1
